current_type,short_name,attendee_count,full_affiliation_examples,title_examples
Academia,University of Utah,20,University of Utah | University of Utah College of Pharmacy,Adjunct Faculty | Director of Outcomes Research | Professor | Postdoctoral Research Associate
Academia,University of Maryland Baltimore,19,"University of Maryland Baltimore | University of Maryland Baltimore - Baltimore City, MD UNITED STA... | University of Maryland Baltimore Pharmaceutical Health Services ...",ISPOR Student Network Chair | Chapter President | Associate Professor | Postdoctoral research fellow
Academia,University of Washington,17,University of Washington | University of Washington CHOICE Institute | University of Washington School of Pharmacy,Postdoctoral HEOR Fellow | Professor Emeritus | Student | PhD Student
Academia,University of Illinois at Chicago,16,University of Illinois at Chicago | University of Illinois at Chicago Department of Pharmacy Systems... | University of Illinois Chicago,Associate Professor | PhD Candidate | Graduate Student | HEOR Takeda Fellow
Academia,University of Southern California,11,University of Southern California,Student | Assistant Professor of Pharmaceutical & Health Economics | Professor and Quintiles Chair in Pharmaceutical Development and... | Doctoral Candidate
Academia,Johns Hopkins University,9,Johns Hopkins University,Research Associate | Student | Faculty Advisor | Assistant Professor
Academia,University of Texas at Austin,9,University of Texas at Austin | University of Texas at Austin College of Pharmacy | University of Texas at Austin Health Outcomes Division,PhD Student | Professor | Graduate Student | Associate Director
Academia,University of Arkansas for Medical Sciences (UAMS),8,University of Arkansas for Medical Sciences (UAMS),Post Doctoral Fellow | Professor | Student | Chapter Treasurer
Academia,University of Florida,8,University of Florida,PhD | Masters in Pharmacoeconomics | PhD Student | PhD candidate
Academia,University of Houston,8,University of Houston,Graduate Student | Postdoctoral researcher | Assistant Professor | PhD Candidate
Academia,Auburn University,7,"Auburn University | Auburn University Harrison School of Pharmacy | Auburn University, Harrison School of Pharmacy",PhD student | PhD in Health Economics and Outcomes Research | Professor | PhD Candidate
Academia,Rutgers University,7,Rutgers University,Student | Associate Professor of Pediatrics and Epidemiology | MS-HOPE Student/Fellow | PhD Student
Academia,Thomas Jefferson University,7,Thomas Jefferson University,Student | Fellow | Researcher | Associate Professor
Academia,Tufts Medical Center,7,Tufts Medical Center,"Professor | Research Associate II | Assistant Professor | Director, Center for the Evaluation of Value and Risk"
Academia,University of Louisville,7,University of Louisville,"Doctoral Candidate | PhD student | Phd student | Associate Professor, School of Public Health & Information Scienc..."
Academia,University of Michigan,7,University of Michigan | University of Michigan College of Pharmacy | University of Michigan School of Public Health,Professor | PhD Candidate | Ph.D. Student | Student
Academia,University of Mississippi,7,University of Mississippi,PhD student | Graduate Student | Student | Graduate student
Academia,"CHOICE Institute, University of Washington",5,"CHOICE Institute, University of Washington",Professor | Student | Affiliate Professor
Academia,Northwestern University,5,Northwestern University,Professor | Assistant Professor | Student
Academia,Taipei Medical University,5,Taipei Medical University,Student | professor | PhD Candidate
Academia,West Virginia University,5,West Virginia University,Student | Assistant Professor | Professor and Chair | Ph.D. Student
Academia,Chapman University,4,Chapman University,HEOR Student | Researcher | PhD student | Ph.D. Student
Academia,HOPE Rutgers University,4,HOPE Rutgers University,PhD student | Student | Post-Doc Fellow
Academia,"James L Winkle College of Pharmacy, University of Cincinnati",4,"James L Winkle College of Pharmacy, University of Cincinnati",Chair & Professor | (Designation: MPharm) (Pharmacist) | PhD student and Lecturer | Assistant Professor
Academia,Johns Hopkins Bloomberg School of Public Health,4,Johns Hopkins Bloomberg School of Public Health,Graduate Student
Academia,Massachusetts College of Pharmacy and Health Sciences,4,Massachusetts College of Pharmacy and Health Sciences,Student | Professor
Academia,Nova Southeastern University,4,Nova Southeastern University,Student | Graduate Student
Academia,Temple University,4,"Temple University | Temple University School of Pharmacy | Temple University, School of Pharmacy","Post-doctoral Fellow | Associate Professor | Student | Professor, Associate Dean for Health Outcomes Research & Al Inn..."
Academia,University of Colorado Anschutz Medical Campus,4,University of Colorado Anschutz Medical Campus,Research Assistant/Teaching Assistant | PhD Candidate | PhD student | Program Director
Academia,University of Pennsylvania,4,University of Pennsylvania,Professor | Sr. Research Scientist | PhD student | Sr. Director RWE Lead Hematology
Academia,University of Rhode Island,4,University of Rhode Island | University of Rhode Island College of Pharmacy,Graduate Student | Graduate Assistant | PharmD Student
Academia,Boston University,3,Boston University | Boston University School of Public Health,
Academia,Chapman University School of Pharmacy,3,Chapman University School of Pharmacy,Student | Graduate Student
Academia,"Department of Pharmacy Administration, University of Mississippi",3,"Department of Pharmacy Administration, University of Mississippi",Research Assistant Professor | PhD Student
Academia,Ferris State University,3,Ferris State University,Chapter President | Student Researcher | Associate Professor
Academia,Harvard T.H. Chan School of Public Health,3,Harvard T.H. Chan School of Public Health,Associate Professor of Health Decision Science
Academia,Johns Hopkins University Bloomberg School of Public Health,3,Johns Hopkins University Bloomberg School of Public Health,Vice President
Academia,M S Ramaiah University Of Applied Sciences,3,M S Ramaiah University Of Applied Sciences,Student | Assistant Professor
Academia,Mayo Clinic,3,Mayo Clinic,BioPharma Business Development | Principal Technology Success Manager
Academia,Nova Southeastern University - College of Pharmacy,3,Nova Southeastern University - College of Pharmacy,
Academia,Peking University,3,Peking University,PhD student
Academia,Sri Ramachandra Institute of Higher Education and Research,3,Sri Ramachandra Institute of Higher Education and Research,Professor | Assistant Professor | ASSISTANT PROFESSOR
Academia,The University of North Carolina at Chapel Hill,3,The University of North Carolina at Chapel Hill,Assistant Professor | Post-doc
Academia,Tufts Medical Center (CEVR),3,Tufts Medical Center (CEVR),
Academia,University of Alabama at Birmingham,3,University of Alabama at Birmingham,
Academia,University of Colorado Skaggs School of Pharmacy and Pharmace...,3,University of Colorado Skaggs School of Pharmacy and Pharmace...,PhD Student | Assistant Professor
Academia,University of Georgia,3,University of Georgia,Graduate Student | Ph.D. Candidate | Miss
Academia,University of Houston College of Pharmacy: Pharmaceutical Healt...,3,University of Houston College of Pharmacy: Pharmaceutical Healt...,Graduate Student
Academia,University of Oxford,3,University of Oxford,Senior Researcher | Postdoctoral Fellow | Associate Professor
Academia,University of South Carolina,3,University of South Carolina,"Assistant Professor | Director of Outcomes Research, CORE"
Academia,Asan Medical Center,2,Asan Medical Center,Researcher
Academia,Brigham & Women's Hospital,2,"Brigham & Women's Hospital | Brigham & Women's Hospital, Harvard Medical School",Research Fellow
Academia,Brigham and Women's Hospital and Harvard Medical School,2,Brigham and Women's Hospital and Harvard Medical School,Professor of Medicine and Epidemiology | Instructor in Medicine
Academia,China Pharmaceutical University,2,China Pharmaceutical University,Master’s Student | China
Academia,Columbia University,2,Columbia University,
Academia,Duke University,2,Duke University,Doctoral Student
Academia,Emory University,2,Emory University,Associate Professor
Academia,Evernorth Health Services,2,Evernorth Health Services,
Academia,Firinn Data Services,2,Firinn Data Services,VP Of commercial | CEO & Co-Founder
Academia,Florida A & M University,2,Florida A & M University,Associate Professor
Academia,Harvard Medical School / Massachusetts General Hospital,2,Harvard Medical School / Massachusetts General Hospital,Associate Professor and Director of the Institute for Technology A...
Academia,"Health Economics Research Institute, School of Pharmaceutical ...",2,"Health Economics Research Institute, School of Pharmaceutical ...",
Academia,"Health Outcomes, University of Texas at Austin",2,"Health Outcomes, University of Texas at Austin",
Academia,ICES,2,ICES,Research Project Manager | Staff Scientist
Academia,Indiana University School of Medicine,2,Indiana University School of Medicine,Postdoctoral Fellow | Professor and Chief Data Scientist
Academia,Jefferson College of Pharmacy,2,Jefferson College of Pharmacy,Dean
Academia,Jefferson School of Pharmacy,2,Jefferson School of Pharmacy,Student
Academia,Korea Institute of Oriental Medicine,2,Korea Institute of Oriental Medicine,Researcher | Principal researcheer
Academia,Kyunghee university,2,Kyunghee university,Graduate student
Academia,Memorial Sloan Kettering Cancer Center,2,Memorial Sloan Kettering Cancer Center,
Academia,Meuhedet Health Services,2,Meuhedet Health Services,Head of Meuhedet Research Institute
Academia,Monash University,2,Monash University,PhD candidate
Academia,National Cheng Kung University,2,National Cheng Kung University,Professor | PhD student
Academia,National Yang Ming Chiao Tung University,2,National Yang Ming Chiao Tung University,Graduated Student | Professor
Academia,Nova Southeastern University College of Pharmacy,2,Nova Southeastern University College of Pharmacy,Professor
Academia,Penn State College of Medicine,2,Penn State College of Medicine,Professor | Graduate Research Fellow
Academia,Penn State University,2,Penn State University,Professor | Student
Academia,Purdue University,2,Purdue University,PhD Candidate and Research Assistant
Academia,Purdue University College of Pharmacy,2,Purdue University College of Pharmacy,
Academia,Raghavendra Institute of Pharmaceutical Education and research,2,Raghavendra Institute of Pharmaceutical Education and research,Associate Professor & HoD | Assistant Professor
Academia,Rutgers University/ AstraZeneca,2,Rutgers University/ AstraZeneca,
Academia,"Rutgers, The State University",2,"Rutgers, The State University",
Academia,"ScHARR, The University of Sheffield",2,"ScHARR, The University of Sheffield","Professor, Health Economics"
Academia,Sichuan University,2,Sichuan University,"Professor | Chengdu,China"
Academia,Simon Fraser University,2,Simon Fraser University,Student | PhD Student
Academia,Texas A&M Health Science Center,2,Texas A&M Health Science Center | Texas A&M School of Public Health,HEOR fellow
Academia,The Chinese University of Hong Kong,2,The Chinese University of Hong Kong,Research Assistant Professor
Academia,The Ohio State University,2,The Ohio State University,Post-Doctoral Fellow | Student - Pharmacotherapy Postdoctoral Fellow
Academia,The Pennsylvania State University,2,The Pennsylvania State University,Professor and Department Head | PhD Candidate
Academia,The University of Chicago,2,The University of Chicago,Assistant Professor | Postdoc Scholar
Academia,Thomas Jefferson University College of Population Health,2,Thomas Jefferson University College of Population Health,Post-Doctoral HEOR Fellow | Statistical Analyst
Academia,"Thomas Jefferson University, College of Population Health",2,"Thomas Jefferson University, College of Population Health",HEOR Fellow
Academia,Tianjin University,2,Tianjin University,PhD | Associate Professor
Academia,"Tufts Medical Center, The Center for the Evaluation of Value and R....",2,"Tufts Medical Center, The Center for the Evaluation of Value and R....",
Academia,UAMS College of Pharmacy,2,UAMS College of Pharmacy,Assistant Professor
Academia,UIC College of Pharmacy,2,UIC College of Pharmacy,Assistant Professor
Academia,University South Carolina College of Pharmacy,2,University South Carolina College of Pharmacy,
Academia,University of Alberta,2,University of Alberta,Interventional Cardiologist | Research Assistant
Academia,University of Arizona College of Pharmacy,2,University of Arizona College of Pharmacy,
Academia,University of Cartagena,2,University of Cartagena,student | Student
Academia,University of Cincinnati,2,University of Cincinnati,PhD Student | Research Assistant
Academia,"University of Florida, Department of Pharmaceutical Outcomes an...",2,"University of Florida, Department of Pharmaceutical Outcomes an...",PhD student
Academia,University of Minnesota,2,University of Minnesota,Student | Researcher
Academia,"University of Mississippi, Department of Pharmacy Administration",2,"University of Mississippi, Department of Pharmacy Administration",PhD Student | Assistant Professor
Academia,University of North Carolina at Chapel Hill,2,University of North Carolina at Chapel Hill,student | Post-Doctoral Research Fellow
Academia,University of South Carolina Student Chapter,2,University of South Carolina Student Chapter,Public relations manager | Chapter President
Academia,University of Southern California (USC),2,University of Southern California (USC),"Director, Public Policy"
Academia,University of Tennessee Health Science Center,2,University of Tennessee Health Science Center,Postdoctoral Fellow | Student
Academia,University of Tokyo,2,University of Tokyo,Dept of PHHP
Academia,University of Toronto,2,University of Toronto,Ph.D. Student
Academia,Weill Cornell Medicine,2,Weill Cornell Medicine,Research Biostatistician II
Academia,All India Institute of Medical Sciences (AIIMS),1,All India Institute of Medical Sciences (AIIMS),Senior Resident
Academia,Altria,1,Altria Client Services LLC,Principal Scientist
Academia,American College of Emergency Physicians,1,American College of Emergency Physicians,Biostatistician
Academia,"Associate Professor, Division of Pharmacy Practice and Administ...",1,"Associate Professor, Division of Pharmacy Practice and Administ...","Associate Professor, Division of Pharmacy Practice and Administ..."
Academia,Ateneo de Manila University School of Government,1,Ateneo de Manila University School of Government,Senior Research Fellow
Academia,"Beijing Children’s Hospital, Capital Medical University, National Ce...",1,"Beijing Children’s Hospital, Capital Medical University, National Ce...",
Academia,Bentley University,1,Bentley University,Research Associate
Academia,Bielefeld University,1,Bielefeld University,
Academia,Bocconi University SDA Bocconi School of Management,1,Bocconi University SDA Bocconi School of Management,Academic Fellow
Academia,Brandeis University,1,Brandeis University,"Professor, Heller School for Social Policy and Management"
Academia,"Brigham & Women's Hospital, Harvard Medical School",1,"Brigham & Women's Hospital, Harvard Medical School",Associate Professor
Academia,Brigham and Women's Hospital,1,Brigham and Women's Hospital,Instructor/Investigator
Academia,Bristol Medical School : Population Health Sciences,1,Bristol Medical School : Population Health Sciences,Lecturer in Health Economics
Academia,Brown University,1,Brown University,
Academia,CVS Health | Clinical Trial Services,1,CVS Health | Clinical Trial Services,Proposals Manager
Academia,Cairo University,1,Cairo University,Professor
Academia,"Center for HTA and Pharmacoeconomic Research, University of P...",1,"Center for HTA and Pharmacoeconomic Research, University of P...",Research Associate Professor; Director of Strategy
Academia,"Center for Health Technology Assessment, Semmelweis University...",1,"Center for Health Technology Assessment, Semmelweis University...",PhD Student
Academia,Centers for Medicare and Medicaid Services (CMS),1,Centers for Medicare and Medicaid Services (CMS),
Academia,Central Hospital of Dalian University of Technology,1,Central Hospital of Dalian University of Technology,
Academia,"Chapman University School of Pharmacy, 1Department of Pharma...",1,"Chapman University School of Pharmacy, 1Department of Pharma...",PhD student
Academia,Children's Hospital of Philadelphia,1,Children's Hospital of Philadelphia,
Academia,Chungnam National University,1,Chungnam National University,Professor
Academia,City University of New York (CUNY),1,City University of New York (CUNY),"Professor, Economics"
Academia,Cleveland State University,1,Cleveland State University,
Academia,"Clinical and Administrative Pharmacy, College of Pharmacy, Unive...",1,"Clinical and Administrative Pharmacy, College of Pharmacy, Unive...",PhD Student
Academia,"College of Management, Taipei Medical University",1,"College of Management, Taipei Medical University",
Academia,"College of Pharmacy, University of Minnesota",1,"College of Pharmacy, University of Minnesota",PhD student
Academia,"College of Pharmacy, University of Texas at Austin",1,"College of Pharmacy, University of Texas at Austin",
Academia,"College of Pharmacy, University of lowa",1,"College of Pharmacy, University of lowa",Graduate student
Academia,Columbia University Medical Center,1,Columbia University Medical Center,"Witten Family Professor of Medicine; Chief, Division of Hematolog..."
Academia,"Department of Health Economics, School of Public Health, Fudan ...",1,"Department of Health Economics, School of Public Health, Fudan ...",Professor
Academia,Dr. D.Y. Patil Dnyan Prasad University's School of Pharmacy and R....,1,Dr. D.Y. Patil Dnyan Prasad University's School of Pharmacy and R....,Student
Academia,Duke-Margolis Center for Health Policy,1,Duke-Margolis Center for Health Policy,"Research Director, RWE"
Academia,Duke-NUS Graduate Medical School Singapore,1,Duke-NUS Graduate Medical School Singapore,Professor/ Executive Director
Academia,EVERSANA Life Sciences Services LLC,1,EVERSANA Life Sciences Services LLC,Chief Al & Analytics Officer
Academia,Emory,1,Emory,Director Outcomes Research
Academia,Emory University RSPH,1,Emory University RSPH,PhD Candidate
Academia,Erasmus School of Health Policy & Management,1,Erasmus School of Health Policy & Management,
Academia,Estonian Business School,1,Estonian Business School,PhD Researcher
Academia,Evangelismos Hospital,1,Evangelismos Hospital,Hospital Pharmacist
Academia,FAMU College of Pharmacy,1,FAMU College of Pharmacy,
Academia,FAMU-ISPOR Student Chapter,1,FAMU-ISPOR Student Chapter,
Academia,"Faculty of Pharmaceutical Sciences, The University of Tokyo",1,"Faculty of Pharmaceutical Sciences, The University of Tokyo",Research Fellow
Academia,"Faculty of Pharmacy, Tokyo University",1,"Faculty of Pharmacy, Tokyo University",Associate professor
Academia,Fayoum University,1,Fayoum University,Professor Emeritus
Academia,Ferris State University College of Pharmacy,1,Ferris State University College of Pharmacy,Student
Academia,Florida A&M University,1,Florida A&M University,
Academia,Fudan University,1,Fudan University,Professor
Academia,Geisinger,1,Geisinger,Biostatistical Analyst
Academia,Geisinger Health,1,Geisinger Health,
Academia,Geisinger Health System,1,Geisinger Health System,Associate Professor
Academia,Genentech & University of Washington,1,Genentech & University of Washington,
Academia,George Mason University,1,George Mason University,Professor
Academia,George Washington University Milken Institute School of Public H....,1,George Washington University Milken Institute School of Public H....,
Academia,Georgetown University,1,Georgetown University,Student
Academia,"Graduate Institute of Clinical Pharmacy, College of Medicine, Nati...",1,"Graduate Institute of Clinical Pharmacy, College of Medicine, Nati...",Professor
Academia,"Graduate school, Kyung Hee University, Seoul, Republic of Korea",1,"Graduate school, Kyung Hee University, Seoul, Republic of Korea",Graduate student
Academia,HOSPITAL SANTA CASA MISER MARINGA,1,HOSPITAL SANTA CASA MISER MARINGA,
Academia,Harvard Chan School of Public Health,1,Harvard Chan School of Public Health,
Academia,Harvard Pilgrim Health Care Institute and Harvard Medical School,1,Harvard Pilgrim Health Care Institute and Harvard Medical School,
Academia,Harvard University,1,Harvard University,
Academia,Helping Hands Community Hospital,1,Helping Hands Community Hospital,Department Head
Academia,Hospital de Clinicas da UFPR,1,Hospital de Clinicas da UFPR,
Academia,Howard University College of Pharmacy,1,Howard University College of Pharmacy,Graduate Research Assistant
Academia,ISPOR Rutgers Student Chapter,1,ISPOR Rutgers Student Chapter,"Vice President, External"
Academia,ISPOR Student Chapter,1,ISPOR Student Chapter,
Academia,Icahn School of Medicine at Mount Sinai,1,Icahn School of Medicine at Mount Sinai,Adjunct Full Professor
Academia,Independent Researcher,1,Independent Researcher,Independent Researcher
Academia,Indian Institute of Technology Kharagpur,1,Indian Institute of Technology Kharagpur,Student
Academia,"Institute of Health and Welfare Policy, National Yang Ming Chiao T...",1,"Institute of Health and Welfare Policy, National Yang Ming Chiao T...",
Academia,Integrated Strategic Market Access Services (ISMS),1,Integrated Strategic Market Access Services (ISMS),CEO
Academia,International University of Health and Welfare,1,International University of Health and Welfare,Professor of Public Health
Academia,Isra University,1,Isra University,Associate Professor
Academia,Istanbul Okan University,1,Istanbul Okan University,Professor
Academia,"James L. Winkle College of Pharmacy, University of Cincinnati",1,"James L. Winkle College of Pharmacy, University of Cincinnati",Graduate Student
Academia,Jefferson College of Population Health,1,Jefferson College of Population Health,
Academia,Johns hopkins university,1,Johns hopkins university,Postdoctoral Researcher
Academia,Kaiser Permanente Colorado / CU Anschutz,1,Kaiser Permanente Colorado / CU Anschutz,Data Specialist / PhD Student
Academia,Kaiser Permanente Research & Evaluation,1,Kaiser Permanente Research & Evaluation,Research Scientist
Academia,Kalam Institute of Health Technology ( KIHT),1,Kalam Institute of Health Technology ( KIHT),Scientist-D
Academia,Keio University,1,Keio University,Professor
Academia,Kennedy University,1,Kennedy University,Professor
Academia,Kennesaw State University,1,Kennesaw State University,Assistant Professor
Academia,Kirk Kerkorian School of Medicine at UNLV,1,Kirk Kerkorian School of Medicine at UNLV,Department of Internal Medicine
Academia,Kongju National University,1,Kongju National University,
Academia,Kyung Hee University,1,Kyung Hee University,Professor
Academia,Lake Erie College of Osteopathic Medicine,1,Lake Erie College of Osteopathic Medicine,PharmD/MS Candidate
Academia,Lebanese American University,1,Lebanese American University,"Associate Professor, Pharmacy Practice Department"
Academia,Leiden University Medical Center (LUMC),1,Leiden University Medical Center (LUMC),PhD and Director
Academia,"Loma Linda University, Loma Linda, CA, USA",1,"Loma Linda University, Loma Linda, CA, USA",
Academia,London School of Economics and Political Science,1,London School of Economics and Political Science,Master's Student
Academia,London School of Hygiene & Tropical Medicine,1,London School of Hygiene & Tropical Medicine,Professor of Health Economics
Academia,Lovely Professional University Student Chapter,1,Lovely Professional University Student Chapter,Student
Academia,MCPHS,1,MCPHS,Student
Academia,"MCPHS University, Boston",1,"MCPHS University, Boston",
Academia,Manipal Academy of Higher Education Student Chapter,1,Manipal Academy of Higher Education Student Chapter,Student
Academia,Massachusetts General Hospital,1,Massachusetts General Hospital,
Academia,Mathematica,1,Mathematica,Senior Researcher
Academia,Mayo Clinic College of Medicine,1,Mayo Clinic College of Medicine,Professor of Health Services Research
Academia,McMaster University,1,McMaster University,Professor
Academia,Medical College of Wisconsin,1,Medical College of Wisconsin,Doctoral Candidate
Academia,Medical University Of South Carolina,1,Medical University Of South Carolina,Associate Professor
Academia,Medical University Plovdiv,1,Medical University Plovdiv,Associate Professor
Academia,"Menzies Institute for Medical Research, University of Tasmania",1,"Menzies Institute for Medical Research, University of Tasmania",Select Foundation Senior Research Fellow in Health Services Rese...
Academia,Michigan State University,1,Michigan State University,Assistant Professor
Academia,Morehouse School of Medicine,1,Morehouse School of Medicine,Associate Professor
Academia,National Institute of Cardiovascular Diseases,1,National Institute of Cardiovascular Diseases,Manager Research
Academia,National Organization for Healthcare Services Provision (EOPYY),1,National Organization for Healthcare Services Provision (EOPYY),NE President at EOPYY & President of the Greek Drug Price Negoti...
Academia,National University Colombia,1,National University Colombia,Student
Academia,National University of Singapore,1,National University of Singapore,Associate Professor
Academia,National university of singapore,1,National university of singapore,PhD student
Academia,Niigata University of Health and Welfare,1,Niigata University of Health and Welfare,Professor
Academia,Nitte deemed to be university,1,Nitte deemed to be university,
Academia,Northeast College of Health Sciences,1,Northeast College of Health Sciences,adjunct
Academia,Northeastern University,1,Northeastern University,Doctoral researcher
Academia,Obuda University,1,Obuda University,"Associate Professor, General Director of the University Research a..."
Academia,Ohio State University,1,Ohio State University,"Professor, Departments of Biomedical Informatics and Surgery"
Academia,Oregon State University College of Pharmacy,1,Oregon State University College of Pharmacy,Clinical Assistant Professor
Academia,Oxford University,1,Oxford University,Researcher
Academia,Patient Voices Network and HTAi Patient and Citizen Involvement ...,1,Patient Voices Network and HTAi Patient and Citizen Involvement ...,
Academia,Pennsylvania State Univ College of Med,1,Pennsylvania State Univ College of Med,Postdoctoral Researcher
Academia,"Pharmacotherapy Outcomes Research Center, University of Utah",1,"Pharmacotherapy Outcomes Research Center, University of Utah",
Academia,Pontifical Catholic University of Ecuador,1,Pontifical Catholic University of Ecuador,Professor of Health Economics
Academia,Pontifical Catholic University of Rio de Janeiro,1,Pontifical Catholic University of Rio de Janeiro,
Academia,Pontificia Universidad Catolica del Ecuador,1,Pontificia Universidad Catolica del Ecuador,Teacher and Researcher
Academia,Post-Doctoral Fellow,1,Post-Doctoral Fellow,Post-Doctoral Fellow
Academia,Postdoctoral Fellow,1,Postdoctoral Fellow,Postdoctoral Fellow
Academia,Postgraduate Institute of Medical Education and Research,1,Postgraduate Institute of Medical Education and Research,"Senior Research officer, Department of Community Medicine & Sc..."
Academia,Professor of Health Economics and Outcomes,1,Professor of Health Economics and Outcomes,Professor of Health Economics and Outcomes
Academia,Professor of Rheumatology,1,Professor of Rheumatology,
Academia,Queen's University,1,Queen's University,Associate Professor
Academia,R R College of Pharmacy,1,R R College of Pharmacy,Assistant Professor
Academia,Raghavendra Institute of Pharmaceutical Education & Research (R...,1,Raghavendra Institute of Pharmaceutical Education & Research (R...,Student
Academia,Rajiv Gandhi University of Health Sciences,1,Rajiv Gandhi University of Health Sciences,Assistant Professor
Academia,Research Assistant,1,Research Assistant,
Academia,Research Associate,1,Research Associate,Research Associate
Academia,Researcher,1,Researcher,
Academia,Rice University,1,Rice University,MBA Candidate
Academia,Roivant / St. Louis College Of Pharmacy,1,Roivant / St. Louis College Of Pharmacy,HEOR Fellow
Academia,"Royal College of surgeons in Ireland, Dublin",1,"Royal College of surgeons in Ireland, Dublin",Postdoctoral researcher
Academia,"Rutgers Center for Health Outcomes, Policy and Economics",1,"Rutgers Center for Health Outcomes, Policy and Economics",
Academia,Rutgers School of Public Health,1,Rutgers School of Public Health,
Academia,"SCHARR, University of Sheffield",1,"SCHARR, University of Sheffield",PhD Student
Academia,SECURITY FORCES HOSPITAL,1,SECURITY FORCES HOSPITAL,Pharmacoeconomics Consultant
Academia,SUN YAT-SEN UNIVERSITY,1,SUN YAT-SEN UNIVERSITY,student
Academia,Saint Joseph's University,1,Saint Joseph's University,Professor
Academia,San Diego State University,1,San Diego State University,Postdoctoral Research
Academia,San Francisco Veterans Affairs Health Care System,1,San Francisco Veterans Affairs Health Care System,Harm Reduction Coordinator
Academia,Sanofi,1,Sanofi & Howard University College of Pharmacy,Post-Doctoral Fellow
Academia,Savitribai Phule Pune University,1,Savitribai Phule Pune University,
Academia,"School of Pharmacy, Chapman University",1,"School of Pharmacy, Chapman University",Assistant Statistical Research Programmer
Academia,"School of Public Health, Kunming Medical University",1,"School of Public Health, Kunming Medical University",
Academia,"School of Public Health, University of Alberta",1,"School of Public Health, University of Alberta",PhD student
Academia,Semmelweis University,1,Semmelweis University,Student
Academia,"Semmelweis University, Doctoral College",1,"Semmelweis University, Doctoral College",PhD Candidate
Academia,Seoul National University College of Medicine,1,Seoul National University College of Medicine,
Academia,Shandong university,1,Shandong university,Assistant Research Fellow
Academia,Sourasky Medical Center,1,Sourasky Medical Center,
Academia,Southern California University of Health Sciences,1,Southern California University of Health Sciences,Student
Academia,St John's University,1,St John's University,Associate Professor
Academia,St. John's University,1,St. John's University,Assistant Professor
Academia,St. John’s University,1,St. John’s University,"Pharmacy Administration and Public Health, College of Pharmacy..."
Academia,Stanford Medicine,1,Stanford Medicine,Researcher
Academia,Stanford University,1,Stanford University,Research Assistant
Academia,Stanford University School of Medicine,1,Stanford University School of Medicine,
Academia,Stony Brook University,1,Stony Brook University,Student
Academia,Student,1,Student,Student
Academia,Student DrPH at NYU,1,Student DrPH at NYU,Student DrPH at NYU
Academia,Student/Research Assistant,1,Student/Research Assistant,
Academia,Sun Yat-Sen University,1,Sun Yat-Sen University,Assistant Research Fellow
Academia,Sungkyunkwan university,1,Sungkyunkwan university,Full time student
Academia,"Sungshin Hospital of Korean Medicine, Republic of Korea",1,"Sungshin Hospital of Korean Medicine, Republic of Korea",Korean Medicine Doctor
Academia,Sunnybrook Health Sciences Centre,1,Sunnybrook Health Sciences Centre,Manager
Academia,Tbilisi State Medical University,1,Tbilisi State Medical University,Assistant professor
Academia,"The CHOICE Institute, University of Washington, Seattle",1,"The CHOICE Institute, University of Washington, Seattle",Stergachis Family Endowed Director & Professor
Academia,"The Ohio State University, College of Public Health",1,"The Ohio State University, College of Public Health",Associate Professor
Academia,The University Of Arizona,1,The University Of Arizona,PhD Student at the College Of Pharmacy
Academia,The University of Arizona,1,The University of Arizona,Chief of Nephrology
Academia,The University of Rhode Island,1,The University of Rhode Island,Associate Professor
Academia,The University of Tennessee Health Science Center,1,The University of Tennessee Health Science Center,
Academia,The University of Texas Health Science Center at Houston School ...,1,The University of Texas Health Science Center at Houston School ...,Assistant Professor
Academia,The University of Texas MD Anderson Cancer Center,1,The University of Texas MD Anderson Cancer Center,Assistant Professor
Academia,The University of Texas at Austin,1,The University of Texas at Austin,Student
Academia,The University of Texas at Austin College of Pharmacy,1,The University of Texas at Austin College of Pharmacy,
Academia,The University of Texas at Dallas,1,The University of Texas at Dallas,The University of Texas at Dallas
Academia,The University of Texas at El Paso,1,The University of Texas at El Paso,PhD
Academia,The University of Tokyo,1,The University of Tokyo,Researcher
Academia,The University of the West Indies,1,The University of the West Indies,lecturer
Academia,Thomas Jefferson University/Janssen Pharmaceuticals,1,Thomas Jefferson University/Janssen Pharmaceuticals,"Associate Director, HEOR Value Demonstration"
Academia,Thomas jefferson university,1,Thomas jefferson university,Student
Academia,Thong Nhat Hospital,1,Thong Nhat Hospital,Head of Pharmacy Department
Academia,Touro College of Pharmacy,1,Touro College of Pharmacy,Assistant Professor
Academia,Touro University College of Pharmacy,1,Touro University College of Pharmacy,
Academia,Towson University,1,Towson University,Assistant Professor
Academia,Tulane University School of Public Health and Tropical Medicine,1,Tulane University School of Public Health and Tropical Medicine,Neal A. and Mary Vanselow Endowed Chair in the Department of ...
Academia,UMIT TIROL - University for Health Sciences and Technology; Harv...,1,UMIT TIROL - University for Health Sciences and Technology; Harv...,Professor & Head of Institute
Academia,UPMC Centers for High-Value Health Care and Value-Based Phar...,1,UPMC Centers for High-Value Health Care and Value-Based Phar...,HEOR Fellow
Academia,UT Austin College of Pharmacy,1,UT Austin College of Pharmacy,Dean
Academia,UTHealth School of Public Health in Houston,1,UTHealth School of Public Health in Houston,
Academia,Uniformed Services University,1,Uniformed Services University,Full Professor
Academia,Universidad El Bosque,1,Universidad El Bosque,Researcher
Academia,Universidade Estadual do Oeste do Parana,1,Universidade Estadual do Oeste do Parana,Student
Academia,Universidade Federal do Rio Grande do Sul,1,Universidade Federal do Rio Grande do Sul,Consultant | MSc Student
Academia,University Campus Oldham (UCO),1,University Campus Oldham (UCO),Lecturer in Health and Social Care
Academia,University Medical Center Utrecht,1,University Medical Center Utrecht,Assistant Professor
Academia,University at Buffalo,1,University at Buffalo,Post-doc Fellow
Academia,University at Buffalo School of Pharmacy,1,University at Buffalo School of Pharmacy,Clinical Associate Professor
Academia,University of Arizona,1,University of Arizona,Technical Advisor
Academia,University of Arkansas for Medical Sciences,1,University of Arkansas for Medical Sciences,Student
Academia,University of British Columbia,1,University of British Columbia,MD
Academia,University of Calgary,1,University of Calgary,"Professor, Scientific Director Value and Impact, Alberta Children’s ..."
Academia,University of California San Francisco,1,University of California San Francisco,Student
Academia,"University of California, Davis",1,"University of California, Davis",Fulbright Visiting Scholar
Academia,University of Cambridge,1,University of Cambridge,Clinical Assistant Professor in RWD Analytics
Academia,University of Chile,1,University of Chile,
Academia,University of Cincinnati College of Pharmacy,1,University of Cincinnati College of Pharmacy,Professor
Academia,University of Colorado,1,University of Colorado,Assistant Professor
Academia,"University of Florida College of Pharmacy, Department of Pharma...",1,"University of Florida College of Pharmacy, Department of Pharma...",
Academia,"University of Florida, Department of Health Outcomes and Biomed...",1,"University of Florida, Department of Health Outcomes and Biomed...",Assistant Scientist
Academia,University of Georgia College of Pharmacy,1,University of Georgia College of Pharmacy,
Academia,University of Houston - College of Pharmacy,1,University of Houston - College of Pharmacy,PhD Student
Academia,University of Houston College of Pharmacy,1,University of Houston College of Pharmacy,Postdoctoral Fellow
Academia,"University of Houston, Texas",1,"University of Houston, Texas",
Academia,University of Jordan,1,University of Jordan,Associate professor
Academia,University of Kentucky,1,University of Kentucky,
Academia,"University of Kentucky, College of Pharmacy",1,"University of Kentucky, College of Pharmacy",
Academia,"University of Louisville - Louisville,",1,"University of Louisville - Louisville,",PhD Candidate
Academia,University of Massachusetts Chan Medical School,1,University of Massachusetts Chan Medical School,"PhD Student, HEOR Fellow"
Academia,University of Melbourne,1,University of Melbourne,Professor of Health Economics
Academia,"University of Minnesota, College of Pharmacy",1,"University of Minnesota, College of Pharmacy",PhD candidate
Academia,"University of Minnesota, Medtronic",1,"University of Minnesota, Medtronic","Student, Research Assistant"
Academia,"University of Mississippi, School of Pharmacy, Pharmacy administ...",1,"University of Mississippi, School of Pharmacy, Pharmacy administ...",Graduate student
Academia,University of Nevada at Las Vegas,1,University of Nevada at Las Vegas,
Academia,"University of Newcastle, Australia",1,"University of Newcastle, Australia",
Academia,University of Nigeria,1,University of Nigeria,Pharmacist
Academia,University of North Carolina at Chapel Hill - Gillings School of Glob...,1,University of North Carolina at Chapel Hill - Gillings School of Glob...,"Business Development & Partnerships Associate, Evinexus"
Academia,University of North Texas Health Science Center,1,University of North Texas Health Science Center,
Academia,"University of Pecs, Faculty of Business and Economics",1,"University of Pecs, Faculty of Business and Economics",PhD Fellow
Academia,University of Pennsylvania Perelman School of Medicine,1,University of Pennsylvania Perelman School of Medicine,Assistant Professor of Medicine
Academia,University of Pittsburgh,1,University of Pittsburgh,PhD student
Academia,University of Pittsburgh School of Medicine,1,University of Pittsburgh School of Medicine,
Academia,University of Pittsburgh School of Pharmacy,1,University of Pittsburgh School of Pharmacy,
Academia,University of Pécs,1,University of Pécs,PhD student
Academia,University of Pécs Faculty of Health Science,1,University of Pécs Faculty of Health Science,"Associate Professor, Director of Campus"
Academia,"University of Pécs, Faculty of Health Sciences",1,"University of Pécs, Faculty of Health Sciences",senior lecturer
Academia,University of Richmond,1,University of Richmond,Student
Academia,University of Rochester,1,University of Rochester,University Professor and Provost Emeritus
Academia,University of Sharjah,1,University of Sharjah,Associate professor
Academia,University of South Florida,1,University of South Florida,professor
Academia,University of South Wales,1,University of South Wales,Student
Academia,University of Southern California Schaeffer Institute for Public Poli...,1,University of Southern California Schaeffer Institute for Public Poli...,"Leonard D. Schaeffer Chair and Founding Director, USC Schaeffer |..."
Academia,University of Tennessee College of Pharmacy,1,University of Tennessee College of Pharmacy,"Professor, Vice Chair for Research, & Director of Graduate Affairs"
Academia,University of Twente,1,University of Twente,Associate Professor
Academia,University of Western Ontario,1,University of Western Ontario,
Academia,University of Wisconsin-Madison,1,University of Wisconsin-Madison,Professor
Academia,University of York,1,University of York,Professor
Academia,University of georgia college of pharmacy,1,University of georgia college of pharmacy,PhD student
Academia,"University of llorin, llorin, Nigeria",1,"University of llorin, llorin, Nigeria",Clinical and Public Health Pharmacist/Lecturer
Academia,University of lowa,1,University of lowa,Graduate Research Assistant
Academia,University of north texas,1,University of north texas,
Academia,Université Laval,1,Université Laval,Associate professor
Academia,VA Pittsburgh Healthcare System,1,VA Pittsburgh Healthcare System,Medication Safety and Pharmacy Outcomes Fellow
Academia,Vanderbilt University Medical Center,1,Vanderbilt University Medical Center,"Professor, Health Policy, Ingram Professor of Cancer Research"
Academia,Virgina Commonwealth University,1,Virgina Commonwealth University,PharmD/PhD Student
Academia,Virginia Commonwealth University,1,Virginia Commonwealth University,
Academia,Virginia Commonwealth University School of Pharmacy,1,Virginia Commonwealth University School of Pharmacy,Assistant Professor
Academia,Wayne State University School of Medicine,1,Wayne State University School of Medicine,Assistant Professor
Academia,Weill Cornell Medical College,1,Weill Cornell Medical College,
Academia,"West China School of Pharmacy, Sichuan University",1,"West China School of Pharmacy, Sichuan University",
Academia,West Pharmaceutical Services,1,West Pharmaceutical Services,"Director, Regulatory Intelligence"
Academia,West Virgina University,1,West Virgina University,
Academia,Xavier University,1,Xavier University,Graduate
Academia,Xi'an Jiaotong University,1,Xi'an Jiaotong University,Post doc fellow
Academia,Yale School of Medicine,1,Yale School of Medicine,
Academia,Yale University,1,Yale University,Professor
Academia,Yang-Ming Ciao-Tung University,1,Yang-Ming Ciao-Tung University,"Taipei, Taiwan"
Academia,Yonsei University Health System,1,Yonsei University Health System,Researcher
Academia,Youngstown State University,1,Youngstown State University,PhD
Academia,kangwon national university,1,kangwon national university,
Academia,lQVIA & Harrisburg University,1,lQVIA & Harrisburg University,Dr.
Academia,sichuan university,1,sichuan university,student
Academia,university of cinninati,1,university of cinninati,PhD student
Academia,university of houston college of pharmacy,1,university of houston college of pharmacy,Student
Academia,university of louisville,1,university of louisville,student
Consulting,ISPOR,63,ISPOR,"Director, Health Policy Initiatives | Administrator, MarCcomm | Manager, Publications | Chief Marketing & Communications Officer"
Consulting,Analysis Group,52,Analysis Group | Analysis Group Inc | Analysis Group Inc.,Managing Principal | Manager | Vice President | Principal
Consulting,Thermo Fisher Scientific,48,Thermo Fisher Scientific,"Executive Director, Integrated Solutions, RWE | Senior Research Scientist | Director of Data Science & Advanced Analytics | Executive Account Director, Business Development - RWE"
Consulting,Flatiron Health,35,Flatiron Health,Clinical Director | Associate research scientist | Senior Medical Director | Scientific Engagement
Consulting,IQVIA,30,IQVIA,"Manager, Solution Sales | Associate Principal | Sr Principal | Assoc Director, Marketing"
Consulting,Lumanity,29,Lumanity,"VP, HEOR Global Commercial Partnerships | Senior Director | Director, HEOR Global Commercial Partnerships | Senior Director - Business Development"
Consulting,Datavant,27,Datavant,"Sr. Director | Senior Scientist | Senior Director | VP, Group Head of Oncology CoE, Life Sciences"
Consulting,OPEN Health,24,OPEN Health,Exec Director | Consultant | Senior Director | Global Client Partner
Consulting,Precision,22,Precision,"Director | Vice President | SVP, Managing Director | Marketing Manager"
Consulting,Carelon Research,20,Carelon Research,"Senior Biostatistician | Executive Director, Growth And Business Planning | Research Scientist | Director of Business Development"
Consulting,Panalgo,20,Panalgo,"VP, Client Partnership | Director of Sales Engineering | Product Marketing Manager | Sales Development Representative"
Consulting,Cardinal Health,19,Cardinal Health,"VP, RWDE | Sr. Director, RWE & Insights | Data Scienctist | VP & Chief Medical Officer"
Consulting,RTI Health Solutions,18,RTI Health Solutions,"Senior Director, Health Economics | Director, Business Development | Executive Director and Head of Psychometrics, Patient-Centered O... | Assistant Director of Science"
Consulting,Cytel,17,Cytel,"Director, EVA Health Economics | Senior Manager,Strategic Marketing | Director HEOR & RWE | Senior Director, Business Development"
Consulting,AESARA,16,AESARA | Aesara,"Health Outcomes and Market Access Fellow | VP, Value Evidence, Modeling & Communication | Head US Strategic Partnerships | Vice President Value & Evidence"
Consulting,Genesis Research Group,16,Genesis Research Group,"Senior Director, Pharmacoepidemiology & Safety | EVP, Global Business Development & Client Strategy | Director, Client Strategy | CEO"
Consulting,"EntityRisk, Inc.",15,"EntityRisk, Inc.",VP of Financial Products | VP of Data Insights | Head of Data Science | Manager of Client Success
Consulting,Inovalon,14,Inovalon,"Senior Business Development Director | Vice President, Research Science and Advanced Analytics | SVP Sales | Senior Director, HEOR"
Consulting,MarketScan by Merative,14,MarketScan by Merative,"Practice Leader | Lead Researcher | Portfolio Leader, Research & Analytics | Director, MarketScan Databases"
Consulting,Ontada,14,Ontada,Chief Scientific Officer | Outcomes Researcher | Senior Director | Oncology Clinical Data Quality Lead
Consulting,Stratevi,14,Stratevi,Director | Chief Access Officer | Senior Director | Manager
Consulting,Truveta,14,Truveta,Director of Clinical and Commercial Partnerships | Post Doc | Marketing Director | Sr. Applied Research Scientist
Consulting,Costello Medical,13,Costello Medical,Consultant - US Value & Access | Statistician | Scientific Director | Consultant - Real-World Evidence
Consulting,EVERSANA,13,EVERSANA,"SVP Data & Analytics | Research Assistant | Associate Manager, HEOR « Value & Evidence | General Manager, Value & Evidence"
Consulting,"Integra PrecisionQ, LLC",13,"Integra PrecisionQ, LLC","Associate Director, HEOR Analytics | Sr. Manager of HEOR Analytics | Manager, HEOR Analytics | Director, HEOR Analytics"
Consulting,"TriNetX, LLC",12,"TriNetX, LLC","Senior Principal Research Scientist | Chief Scientific Officer | Director, Business Development | Sales Director"
Consulting,RTI- Health Solutions,11,RTI- Health Solutions,"Senior Health Research Scientist, Value & Access | Senior Economist | Director, Business Development | Vice President, Biostatistics"
Consulting,Avalere Health,10,Avalere | Avalere Health,Senior Director | Consultant IV | Associate Director | Director
Consulting,Columbia Data Analytics,10,Columbia Data Analytics,"Research Analyst | Senior project manager | Vice President, Marketing and Communications | Senior Project Manager"
Consulting,Medicus Economics,10,Medicus Economics,Analyst | Principal | Associate | Senior Analyst
Consulting,Trinity Life Sciences,10,Trinity Life Sciences,Associate Principal | Director | Engagement Manager | Consultant
Consulting,Veradigm,10,Veradigm | Veradigm Health | Veradigm Life Sciences,"Senior Researcher, RWE | AVP Life Science Research | AVP, Sales | Interim CEO"
Consulting,ZS Associates,10,ZS Associates,Principal | Manager | Consultant | Strategy Insights & Planning Consultant
Consulting,Adelphi Real World,9,ADELPHI REAL WORLD | Adelphi Real World,DIRECTOR | VP Health Economics and Outcomes Research | Director | President
Consulting,Clarivate,9,Clarivate,Director | Major Product Sales Manager | Senior Manager | Lead Go-To-Market Manager
Consulting,Fortrea,9,Fortrea,"Director | Senior Associate | Vice President, Head Market Access & HEOR | Research Associate, Patient-Centered Endpoints"
Consulting,HealthVerity,9,HealthVerity,"VP, Partnerships & Business Development | Senior Data Product Manager | Lead Healthcare Data Analyst | VP, Strategic Accounts"
Consulting,OMNY Health,9,OMNY Health,"Senior Data Scientist | Senior Director, Life Sciences Customer Engagement | VP, Enterprise Life Sciences | Vice President, Life Sciences Business Development & Al Partners..."
Consulting,Optum,9,Optum,"VP, Research Consulting, Value & Evidence Solutions | Senior Researcher | Director, HEOR | Director"
Consulting,Adelphi Values,8,ADELPHI VALUES | Adelphi Values | Adelphi Values PROVE,Senior Director | Associate Director | Director | Managing Director
Consulting,Apperture Health LLC,8,Apperture Health LLC,Founder and Managing Partner | Market Access Consultant | HEOR Consultant and Epidemiologist | Scientific Director
Consulting,ConcertAl,8,ConcertAl,"Senior Director of Real-World Evidence | Strategic Account Executive, RWE | Strategic Account Executive | Vice President"
Consulting,Curta,8,Curta,Director | Associate Director | CTO | VP
Consulting,Decisive Consulting,8,Decisive Consulting,"SVP, BD GVA & | Business Development Director | Consultant | Manager"
Consulting,Komodo Health,8,Komodo Health,Senior Sales Engineer | Solutions Strategist | Senior Event Manager | Senior Research Data Analyst
Consulting,Petauri,8,Petauri,"Director | Head, Client Solutions | VP, Business Development | Technical Lead"
Consulting,ICON Clinical Research LLC,7,ICON Clinical Research LLC,Managing Director | Marketing Coordinator
Consulting,"Medicus Economics, LLC",7,"Medicus Economics, LLC",Director | Business Operations Coordinator | Principal | Associate
Consulting,Nested Knowledge,7,Nested Knowledge,"CEO | Director, Implementation and Client Success"
Consulting,OM1,7,OM1,Executive Director
Consulting,Peritia,7,Peritia,"Director, Client Services | Director, RWE | VP, Client Services | President, CHEORS"
Consulting,Red Nucleus,7,Red Nucleus,"Director, HEOR | Managing Director | Director | Senior Director"
Consulting,Target RWE,7,Target RWE,
Consulting,Verana Health,7,Verana Health,"Head of Clinical Research | Executive Director | Business Development | Executive Director, Business Development"
Consulting,ADVI Health,6,ADVI Health,Chief Data Scientist | Director
Consulting,ConnectHEOR,6,ConnectHEOR,Non-Executive Director | Principal Consultant | Director Modelling and Analytics | Director
Consulting,Elicit,6,Elicit,GTM Lead | Cofounder | Senior Advisor | Sales & GTM
Consulting,Inovalon Inc.,6,Inovalon Inc.,Business Development Director
Consulting,Kielo Research,6,Kielo Research,"Senior Research Associate | Vice President, Patient-Centered Outcomes | Sales Operations Manager | Chief Scientist"
Consulting,Medicus Economics LLC,6,Medicus Economics LLC,Senior Analyst | Associate | Director
Consulting,Optum (E),6,Optum (E),Client Executive | Sr. Project Manager | Director of Analytics on Demand
Consulting,Optum Life Sciences,6,Optum Life Sciences,"Client Executive, Life Sciences | Account Manager | Director, Research Consulting | Vice President"
Consulting,PharmaQuant,6,PharmaQuant,Value Communications Consultant | Health Economics Lead | Vice President | Operations Executive
Consulting,Pharmacoevidence,6,Pharmacoevidence | Pharmacoevidence Pvt. Ltd.,Consultant | Director | Associate Director & Lead Al Sciences
Consulting,Premier Applied Sciences,6,Premier Applied Sciences,"Manager, Growth Marketing | Managing Director, Business Lead"
Consulting,Premier Inc.,6,Premier Inc.,Principal Research Scientist | Principal Research Analyst | Sr. Director Strategic Accounts
Consulting,SimulStat,6,SimulStat,President/CEO | Sr. Director of Business Development | Sr. Manager of Business Development | Business Development Manager
Consulting,Value Analytics Labs,6,Value Analytics Labs,"Program Manager | Director of Software Solutions | Data Scientist | VP, Head of Value & Access"
Consulting,Amaris,5,Amaris Consulting | Amaris Consulting Ltd,HEMA Sales Lead | Senior Consultant
Consulting,Axtria Inc,5,Axtria HEOR/RWE | Axtria Inc | Axtria Ingenious Insights,"Senior Manager | Senior Associate | Head, RWE & HEOR"
Consulting,Health Analytics LLC,5,Health Analytics LLC,Director of Business Operations
Consulting,Norstella,5,Norstella,"VP, RWD Commercial Strategy & Innovation | RWD Analytic Consultant | VP, Strategic Accounts - RWD | AVP of Sales, RWD & Evidence Generation"
Consulting,RTI International,5,RTI International,"Head, Implementation Science | Senior Health Economist"
Consulting,Raincity Analytics,5,Raincity Analytics,Director of Biostatistics | Research Statistician | Director of Evidence Synthesis | Research Assistant
Consulting,Sprout Health Solutions,5,Sprout Health Solutions | Sprout Health Solutions Ltd,Lead Consultant | Senior Principal | Partner | Divisional Principal
Consulting,Stage Analytics,5,Stage Analytics,Manager | Director
Consulting,Acaster Lloyd,4,Acaster Lloyd | Acaster Lloyd Consulting,Director | Co-Managing Director
Consulting,Arysana,4,"Arysana | ARYSANA, Inc.","General Manager | Director, Product Innovation & Development | Head of Product Development and Innovation | VP"
Consulting,BlueRidge Life Sciences,4,BlueRidge Life Sciences,Director | Sr Advisor
Consulting,Clinical Outcomes Solutions,4,Clinical Outcomes Solutions,"Executive Director, Prospective Studies | Research Associate | Chief Scientific & Strategy Officer"
Consulting,Consultant,4,Consultant,Independent Consultant | Director HEOR
Consulting,Folia Health,4,Folia Health,Head Of Strategic Accounts | VP of Sales | Research Manager
Consulting,Guidehouse,4,Guidehouse,"Director, Life Sciences | Partner, Life Sciences | Associate Director, Life Sciences"
Consulting,Indence Research Private Limited,4,Indence Research Private Limited,Managing Director | Director
Consulting,Innopiphany LLC,4,Innopiphany LLC,Principal | Managing Principal
Consulting,KMK Consulting Inc.,4,KMK Consulting Inc.,
Consulting,Model,4,Model,"Customer Success Manager | Sr. Director, Events & Field Marketing"
Consulting,Noedra,4,Noedra,Co-Founder | Staff | Co-founder
Consulting,Office of Health Economics,4,Office of Health Economics,Director | Graduate Economist | CEO | Deputy Chief Executive
Consulting,PAREXEL,4,PAREXEL,"Principal Consultant, Pricing and Market Access | Senior Vice President, PAREXEL Access | Executive Director, Epidemiology"
Consulting,PointClickCare,4,PointClickCare,"Executive Director, Lifesciences | Sr. Account Executive | Sr. Product Leader"
Consulting,Premier Inc,4,Premier Inc,"Account Director- Premier Applied Sciences | Principal Research Scientist | Senior Principal | Principle, Applied Research"
Consulting,PurpleLab,4,PurpleLab,"Senior Account Executive, Life Sciences"
Consulting,Amplity,3,Amplity,"Director, Client Partnerships | Vice President | VP, Strategic Services"
Consulting,Blue Matter Consulting,3,Blue Matter Consulting,Manager | Partner
Consulting,BluePath Solutions,3,BluePath Solutions,Executive Director | Managing Director
Consulting,Broadstreet HEOR,3,Broadstreet HEOR,Principal | Vice President
Consulting,"Certara, L.P.",3,"Certara, L.P.",
Consulting,Core Clinical Sciences,3,Core Clinical Sciences,Founder and Scientific Lead | Statistical Scientist | Senior Statistical Scientist
Consulting,Crescendo Health,3,Crescendo Health,"Operations | CEO | Head, Business Development"
Consulting,Curta Inc.,3,Curta Inc.,Executive Assistant | Research Associate
Consulting,DataUnite,3,DataUnite,CTO | CEO
Consulting,"EPI-Q, Inc.",3,"EPI-Q, Inc.",Vice President
Consulting,Envision Pharma Group,3,Envision Pharma Group,"Principal, Evidence Strategy | Global Head, Evidence & Access"
Consulting,Independent Consultant,3,Independent Consultant,Independent Consultant | Consultant
Consulting,Initiate Consultancy,3,Initiate Consultancy,Chief Executive Officer | Consultant
Consulting,Inovalon Insights,3,Inovalon Insights,"Director, Research Science and Advanced Analytics"
Consulting,Integral Privacy Technologies,3,Integral Privacy Technologies,Senior Account Executive
Consulting,Loopback Analytics,3,Loopback Analytics,"VP, Life Sciences"
Consulting,ModMed,3,ModMed,"Data Analyst | General Manager, Real World Data"
Consulting,Modus Outcomes,3,Modus Outcomes,"Senior Research Scientist | Director Mixed Methods, US Team Lead | Research Scientist II"
Consulting,Panalgo LLC,3,Panalgo LLC,"Managing Partner, HEOR Consulting"
Consulting,Parexel,3,Parexel,"Client Relationship Director | Principal Consultant | Senior Director, HEOR"
Consulting,Parexel International,3,Parexel International,"Account Manager | Consultant, Advanced Analytics: RWE Analytics | VP; Global Head of Pricing and Market Access"
Consulting,Putnam,3,Putnam,"Partner, Head of Health Economic Modelling | Partner | Partner, Head of Patient Reported Outcomes & Patient Preference ..."
Consulting,SNELL Medical Communication Inc.,3,SNELL Medical Communication Inc.,"Director, Market Access & HEOR Evidence Communication | Vice President, Market Access & HEOR Evidence Communication"
Consulting,Socially Determined,3,Socially Determined,Vice President
Consulting,TriNetX,3,TriNetX,"Principal Research Scientist | Research Analyst | Executive Director, Sales"
Consulting,Veritas Data Research,3,Veritas Data Research,Chief Executive Officer | Data Scientist
Consulting,Wickenstones Ltd,3,Wickenstones Ltd,Cluster lead | Senior advisor | Consultant
Consulting,eMAX Health Systems,3,eMAX Health Systems,SVP
Consulting,AppEco,2,AppEco,Director and Economist | Vice President and Economist
Consulting,Ardea Outcomes,2,Ardea Outcomes,CEO | Principal Scientist
Consulting,Axel Health Solutions,2,Axel Health Solutions,General Manager
Consulting,Azimuth Research,2,Azimuth Research | Azimuth Research Group,SVP Medical Affairs and Outcomes Research | Chief Scientific Officer
Consulting,BRG,2,BRG,Managing Consultant
Consulting,Berkeley Research Group,2,Berkeley Research Group,Director | Managing Director
Consulting,Boston Strategic Partners,2,"Boston Strategic Partners | Boston Strategic Partners, Inc.",Sr. Consultant | Partner
Consulting,CapeStart,2,CapeStart,Chief Marketing Officer
Consulting,Certara,2,Certara,"Vice President, Real World Evidence & Modeling Solutions | Vice President, Client Engagement"
Consulting,Cobbs Creek Healthcare,2,Cobbs Creek Healthcare,"CEO, Founder"
Consulting,Coronado Research,2,Coronado Research,"EVP, Market Access & HEOR"
Consulting,EBM Health Consultants,2,EBM Health Consultants,Operations Manager
Consulting,Evidinno Outcomes Research Inc.,2,Evidinno Outcomes Research Inc.,President and Managing Director | Head of Operations
Consulting,FTI Consulting,2,FTI Consulting,"Senior Managing Director, Center for Healthcare Economics and P... | Senior Director"
Consulting,Flatiron Health Inc.,2,Flatiron Health Inc.,Quantitative Scientist
Consulting,Holden Data,2,Holden Data,
Consulting,KMK Consulting,2,KMK Consulting,Associate Director
Consulting,KlearTrust,2,KlearTrust,
Consulting,LCP Health Analytics,2,LCP Health Analytics,
Consulting,Loopback Health,2,Loopback Health,"Director of Client Success, Life Sciences | Vice President"
Consulting,MadeAi,2,MadeAi,Head of Product
Consulting,Maple Health Group,2,Maple Health Group,Sr.
Consulting,McKesson,2,McKesson,VP Business Development | Senior Biostatistician
Consulting,Medefield,2,Medefield,Senior Vice President | Consultant
Consulting,Medical Decision Modeling Inc. (MDM),2,Medical Decision Modeling Inc. (MDM),President and CEO | Senior Fellow
Consulting,Medidata,2,Medidata,"Director, Synthetic Control Arm GTM and Commercial Strategy"
Consulting,Merative,2,Merative,"Product Manager | Sr. Director, Alliance Partnerships"
Consulting,Metrum Research Group,2,Metrum Research Group,"Chairman, Board of Directors | CEO"
Consulting,Nexus Values,2,Nexus Values,Consultant | Director & Co-founder
Consulting,Norstella/Panalgo,2,Norstella/Panalgo,"SVP, Head Of RWD Strategy & Innovation"
Consulting,Ontada (a McKesson Company),2,Ontada (a McKesson Company),
Consulting,Optum Lifesciences,2,Optum Lifesciences,Senior Director - Data Science
Consulting,Pienomial Inc,2,Pienomial Inc,
Consulting,ProductLife Group,2,ProductLife Group,"Senior Director, Business Development | Vice President, Head of Sales, North America"
Consulting,Putnam PHMR,2,Putnam PHMR,Partner | Head RWE & Biostatistics
Consulting,Quantify Research,2,Quantify Research,Country Director & Head of ERS
Consulting,Savant Bio,2,Savant Bio,Co-Founder | Strategy & Operations
Consulting,Simplify SLR Private Limited,2,Simplify SLR Private Limited,"Stand Staff, EasySLR"
Consulting,Star Biopharma Consulting,2,Star Biopharma Consulting,"President and CEO, Star Biopharma Consulting, LLC."
Consulting,Stratis Group,2,Stratis Group,Senior Director
Consulting,TrueConsulting,2,TrueConsulting,Senior Researcher
Consulting,Tuteur Group,2,Tuteur Group | tuteur group,doctor
Consulting,Vitaccess,2,Vitaccess,Director of Analytics | CEO
Consulting,Volv Global,2,Volv Global,CEO
Consulting,Wickenstones,2,Wickenstones,Principal | Associate
Consulting,ZS,2,ZS,"Manager | Head HEOR,"
Consulting,"Advera Health Analytics, Inc.",1,"Advera Health Analytics, Inc.",
Consulting,Anita Burrell Consulting LLC,1,Anita Burrell Consulting LLC,Founder
Consulting,"Associate Director, Global Health Economics and Outcomes Rese...",1,"Associate Director, Global Health Economics and Outcomes Rese...","Associate Director, Global Health Economics and Outcomes Rese..."
Consulting,Avalon Health Economics,1,Avalon Health Economics,Senior Health Economist
Consulting,BROADSTREET HEOR,1,BROADSTREET HEOR,Associate Director
Consulting,Blue Spoon Consulting,1,Blue Spoon Consulting,Founding Partner
Consulting,Broadstreet Health Economic and Outcomes Research,1,Broadstreet Health Economic and Outcomes Research,Associate Director
Consulting,"Business Development, Evidera",1,"Business Development, Evidera",
Consulting,CEVA,1,CEVA,Senior Scientist
Consulting,CHEORS,1,CHEORS,"SVP, Strategic Accounts"
Consulting,Camber Collective,1,Camber Collective,
Consulting,Cardinal Health Specialty Solutions,1,Cardinal Health Specialty Solutions,Manager/Scientist
Consulting,Carelon,1,Carelon,Principal Scientist
Consulting,Carenity,1,Carenity,CEO
Consulting,Century Health,1,Century Health,Co-Founder & CEO
Consulting,Certara USA Inc.,1,Certara USA Inc.,Senior Vice President
Consulting,"Certara, Inc",1,"Certara, Inc",
Consulting,Channel Mark Advisors,1,Channel Mark Advisors,
Consulting,Charles River Associates,1,Charles River Associates,Associate Principal
Consulting,Clarivate Plc,1,Clarivate Plc,
Consulting,Coeus Consulting Group,1,Coeus Consulting Group,"SVP, Medical Affairs & HEOR"
Consulting,Cogentia Healthcare Consulting,1,Cogentia Healthcare Consulting,Director
Consulting,"Columbia Data Analytics LLC - New York,",1,"Columbia Data Analytics LLC - New York,",Chief Strategy and Growth Officer
Consulting,Compass Strategy and Research Inc.,1,Compass Strategy and Research Inc.,Compass Strategy and Research Inc.
Consulting,"Curta, Inc.",1,"Curta, Inc.",Sr Data Engineer
Consulting,Cytel Inc.,1,Cytel Inc.,Associate Director
Consulting,Datawise LLC,1,Datawise LLC,Founder/Consultant
Consulting,Definitive Healthcare,1,Definitive Healthcare,"Associate Vice President, Advanced Analytics and Insights"
Consulting,Director Outcomes Research,1,Director Outcomes Research,Director Outcomes Research
Consulting,"Director, HTA, Value & Evidence",1,"Director, HTA, Value & Evidence","Director, HTA, Value & Evidence"
Consulting,"Director, Health Economics",1,"Director, Health Economics","Director, Health Economics"
Consulting,"Director, Medical Value Evidence",1,"Director, Medical Value Evidence","Director, Medical Value Evidence"
Consulting,"Director, Strategic Initiatives & RWE",1,"Director, Strategic Initiatives & RWE",
Consulting,Dosentrx,1,Dosentrx,
Consulting,EBM Health,1,EBM Health,Co-Founder & Director
Consulting,Estima,1,Estima,Director
Consulting,Estima Scientific,1,Estima Scientific,Principal Al Scientist
Consulting,Evidence Prime,1,Evidence Prime,
Consulting,Evidera,1,Evidera,Senior Research Scientist
Consulting,Evidinno Outcomes Research,1,Evidinno Outcomes Research,Chief Commercial Officer
Consulting,"Executive Director, Global HEOR and Epidemiology",1,"Executive Director, Global HEOR and Epidemiology","Executive Director, Global HEOR and Epidemiology"
Consulting,"Executive Director, Health Economics",1,"Executive Director, Health Economics","Executive Director, Health Economics"
Consulting,FTI Consulting Center for Healthcare Economics and Policy,1,FTI Consulting Center for Healthcare Economics and Policy,Senior Director
Consulting,Flatiron,1,Flatiron,Senior Research Scientist
Consulting,Flatiron Health Inc,1,Flatiron Health Inc,Senior Research Scientist
Consulting,Genesis Research,1,Genesis Research,"Associate Director, Evidence Strategy"
Consulting,"Genesis Research, LLC",1,"Genesis Research, LLC",
Consulting,"Global Category Leader, Health Economics, HTA, Value and Acces...",1,"Global Category Leader, Health Economics, HTA, Value and Acces...","Global Category Leader, Health Economics, HTA, Value and Acces..."
Consulting,Global Market Access Manager,1,Global Market Access Manager,Global Market Access Manager
Consulting,Global Market Access Solutions LLC,1,Global Market Access Solutions LLC,Researcher
Consulting,Global Perspectives an IQVIA Business,1,Global Perspectives an IQVIA Business,Head of Global Perspectives
Consulting,"Global Perspectives, an IQVIA business",1,"Global Perspectives, an IQVIA business",
Consulting,Global President HEOR,1,Global President HEOR,Global President HEOR
Consulting,Global Wellness Advisors LLC,1,Global Wellness Advisors LLC,Senior Medical Economics Advisor
Consulting,"Gooddr Marketing & Consulting Co.,Ltd",1,"Gooddr Marketing & Consulting Co.,Ltd",
Consulting,HB HEOR,1,HB HEOR,Independent Consultant
Consulting,HCD Economics,1,HCD Economics,RWE Director
Consulting,HEMAP Consulting,1,HEMAP Consulting,HEMAP Consulting
Consulting,HEOR Valor,1,HEOR Valor,Health Economics Consultant
Consulting,"HEORStrategies, a division of ToxStrategies LLC",1,"HEORStrategies, a division of ToxStrategies LLC",Vice President
Consulting,HEORpubs LLC,1,HEORpubs LLC,Owner
Consulting,HEVA Analytics Modeling,1,HEVA Analytics Modeling,HEVA Analytics Modeling
Consulting,HTA Resource Center,1,HTA Resource Center,Project staff
Consulting,Harfang HEOR,1,Harfang HEOR,Director
Consulting,"Head, Access Analytics",1,"Head, Access Analytics","Head, Access Analytics"
Consulting,"Health Analytics, LLC",1,"Health Analytics, LLC",Chief Growth Officer
Consulting,"Health Analytics, Lane Clark & Peacock LLP",1,"Health Analytics, Lane Clark & Peacock LLP",
Consulting,Health Economics and Value Assessment,1,Health Economics and Value Assessment,Health Economics and Value Assessment
Consulting,Health economics technical advisor,1,Health economics technical advisor,Health economics technical advisor
Consulting,Healthverity,1,Healthverity,"Senior Director, Product"
Consulting,Hermes Health,1,Hermes Health,Head Of Partnerships
Consulting,"Holocene Advisors,",1,"Holocene Advisors,",Data Scientist
Consulting,Homax Advisory,1,Homax Advisory,
Consulting,ICON ple,1,ICON ple,Lead Consultant
Consulting,IPD Analytics,1,IPD Analytics,Vice President of Clinical Pharmacy
Consulting,IQVIA Canada,1,IQVIA Canada,Associate Principal
Consulting,"IQVIA, Inc.",1,"IQVIA, Inc.","Consultant, Real World Solutions"
Consulting,ISPOR Brazil Chapter,1,ISPOR Brazil Chapter,Vice President
Consulting,ISPOR Past President,1,ISPOR Past President,
Consulting,Icon Clinical Research (U.K.) Ltd.,1,Icon Clinical Research (U.K.) Ltd.,Principal
Consulting,Independent Healthcare Consultant,1,Independent Healthcare Consultant,Independent Healthcare Consultant
Consulting,Innopiphany,1,Innopiphany,Chief Economist
Consulting,"Innopiphany, LLC",1,"Innopiphany, LLC",
Consulting,Integra Life Sciences,1,Integra Life Sciences,Medical Strategy Lead
Consulting,Integral,1,Integral,Director
Consulting,Ispor,1,Ispor,
Consulting,JMay Consulting Limited,1,JMay Consulting Limited,
Consulting,Justin Stindt Consulting LLC,1,Justin Stindt Consulting LLC,Senior Director
Consulting,KJM Biisch Consulting GmbH,1,KJM Biisch Consulting GmbH,Consultant
Consulting,"Komodo Health, Inc.",1,"Komodo Health, Inc.",Senior Research Consulting Manager
Consulting,L.E.K. Consulting,1,L.E.K. Consulting,Managing Director
Consulting,LEB Advisors LLC,1,LEB Advisors LLC,Founder
Consulting,MArS Market Access & Pricing Strategy GmbH,1,MArS Market Access & Pricing Strategy GmbH,Health Economist/Health Geographer
Consulting,MORSE Consulting Inc.,1,MORSE Consulting Inc.,
Consulting,Magnolia Market Access,1,Magnolia Market Access,
Consulting,Mapi Research Trust,1,Mapi Research Trust,Account Manager
Consulting,MarketScan,1,MarketScan,"Commercial Account Executive, Real World Data"
Consulting,Marketscan,1,Marketscan,SAE
Consulting,Marketscan By Merative,1,Marketscan By Merative,
Consulting,Maths In Health,1,Maths In Health,Principal
Consulting,McDermott+Consulting LLC,1,McDermott+Consulting LLC,
Consulting,McKesson Ontada,1,McKesson Ontada,
Consulting,Mckesson-Ontada,1,Mckesson-Ontada,"Director, Business Development"
Consulting,Medicaid Consultant,1,Medicaid Consultant,Director of Contracting and Analytics
Consulting,Medical Affairs Director - Real World Evidence,1,Medical Affairs Director - Real World Evidence,Medical Affairs Director - Real World Evidence
Consulting,Medico auditor oncologia-oncohematologia y trasplante,1,Medico auditor oncologia-oncohematologia y trasplante,
Consulting,Mobility HEOR,1,Mobility HEOR,Principal Consultant
Consulting,Normin Health Consulting,1,Normin Health Consulting,CEO
Consulting,OHE,1,OHE,Economist
Consulting,OPEN Health Group,1,OPEN Health Group,Endpoint Strategy and COA Measurement
Consulting,OPEN Health HEOR & Market Access,1,OPEN Health HEOR & Market Access,Chief Scientific Officer
Consulting,Ontada / McKesson,1,Ontada / McKesson,Chief Commercial Officer
Consulting,Oxford PharmaGenensis,1,Oxford PharmaGenensis,Scientific Director
Consulting,Oxford PharmaGenesis,1,Oxford PharmaGenesis,Associate Consultant
Consulting,PAREXEL INTERNATIONAL,1,PAREXEL INTERNATIONAL,Events Specialist
Consulting,PHAROS Labs,1,PHAROS Labs,Managing Director
Consulting,PPD Evidera,1,PPD Evidera,Senior Research Associate
Consulting,"PPD Evidera Patient-Centered Research, Thermo Fisher Scientific",1,"PPD Evidera Patient-Centered Research, Thermo Fisher Scientific",VP
Consulting,PPD a part of Thermo Fisher Scientific,1,PPD a part of Thermo Fisher Scientific,Research Scientist
Consulting,"Patient Centered Solutions, IQVIA",1,"Patient Centered Solutions, IQVIA",Principal
Consulting,Petauri Evidence,1,Petauri Evidence,Commercial Director
Consulting,Petauri Health,1,Petauri Health,
Consulting,PicnicResearch,1,PicnicResearch,Head of Scientific Solutions
Consulting,Pienomial,1,Pienomial,Chief Product Officer
Consulting,Precision Medicine Group,1,Precision Medicine Group,Research Scientist
Consulting,"Premier Inc, PINC Al Applied Sciences",1,"Premier Inc, PINC Al Applied Sciences",Director of Strategic Relationships
Consulting,Premier inc,1,Premier inc,Senior Research Scientist
Consulting,"Premier, Inc",1,"Premier, Inc",Principal Research Scientist
Consulting,Putnam Associates,1,Putnam Associates,Principal
Consulting,R-Impact,1,R-Impact,Healthcare Executive
Consulting,RTI Health Solution,1,RTI Health Solution,
Consulting,RT| Health Solutions,1,RT| Health Solutions,"Director, Health Economics"
Consulting,RWE data scientist,1,RWE data scientist,RWE data scientist
Consulting,RWS,1,RWS,Senior Survey Research Analyst
Consulting,RWW Advisory,1,RWW Advisory,Principal
Consulting,RainCity Analytics,1,RainCity Analytics,Associate Research Scientist
Consulting,Russell Becker Consulting,1,Russell Becker Consulting,HEOR consultant/Adjunct Faculty
Consulting,RxEconomics,1,RxEconomics,Founder & CEO
Consulting,SEREXIA CONSULTANCY PVT LTD,1,SEREXIA CONSULTANCY PVT LTD,
Consulting,STATLOG,1,STATLOG,Managing Partner
Consulting,STATLOG Inc.,1,STATLOG Inc.,Senior Director
Consulting,Sandpiper Analytics,1,Sandpiper Analytics,
Consulting,Scintegral Health Economics,1,Scintegral Health Economics,Principal
Consulting,Senior Consultant Statistician,1,Senior Consultant Statistician,Senior Consultant Statistician
Consulting,Senior Director Global HEOR,1,Senior Director Global HEOR,Senior Director Global HEOR
Consulting,"Senior Director, Global HEOR",1,"Senior Director, Global HEOR","Senior Director, Global HEOR"
Consulting,"Senior VP, Real World Evidence",1,"Senior VP, Real World Evidence","Senior VP, Real World Evidence"
Consulting,Signant Health,1,Signant Health,Vice President of Product Strategy and Innovation
Consulting,Skyward Analytics Private Limited,1,Skyward Analytics Private Limited,Managing Director
Consulting,Smart Data Analysis and Statistics,1,Smart Data Analysis and Statistics,Founder and Managing Director
Consulting,"Sr Director, Health Economics & Reimbursement",1,"Sr Director, Health Economics & Reimbursement","Sr Director, Health Economics & Reimbursement"
Consulting,Sr. Director Value and Health Economics,1,Sr. Director Value and Health Economics,Sr. Director Value and Health Economics
Consulting,"Stieber Health Consulting, LLC",1,"Stieber Health Consulting, LLC",Principal
Consulting,Stratis,1,Stratis,Senior Consultant
Consulting,Systematic Reviews Ltd,1,Systematic Reviews Ltd,Director
Consulting,The Evidence Base,1,The Evidence Base,Content Editor
Consulting,Thrivable,1,Thrivable,"VP, Head of Business Development"
Consulting,Timandi Consulting LLC,1,Timandi Consulting LLC,Principal Scientist
Consulting,Trinity Partners,1,Trinity Partners,"Partner, Head of Evidence Strategy"
Consulting,Unpuzzle HEOR,1,Unpuzzle HEOR,Founder & Principal Consultant
Consulting,VP Strategic Consulting,1,VP Strategic Consulting,
Consulting,VP. RWE Solutions,1,VP. RWE Solutions,"VP, RWE Solutions"
Consulting,Veev Consulting,1,Veev Consulting,Consultant
Consulting,Veritas Data Research Inc.,1,Veritas Data Research Inc.,Head of Go To Market
Consulting,"Vice President, Evidence, Value & Access",1,"Vice President, Evidence, Value & Access","Vice President, Evidence, Value & Access"
Consulting,"Vice President, Head of Biostatistics & Analytics",1,"Vice President, Head of Biostatistics & Analytics","Vice President, Head of Biostatistics & Analytics"
Consulting,"Vice President, Market Access",1,"Vice President, Market Access","Vice President, Market Access"
Consulting,"Vice President, Patient Centered Outcomes Research",1,"Vice President, Patient Centered Outcomes Research","Vice President, Patient Centered Outcomes Research"
Consulting,YolaRx Consultants,1,YolaRx Consultants,
Consulting,ZRx Outcomes Research,1,ZRx Outcomes Research,HEOR Analyst
Consulting,"ZRx Outcomes Research, Inc",1,"ZRx Outcomes Research, Inc",HEOR Partner
Consulting,"ZS Associates, Inc.",1,"ZS Associates, Inc.","Senior Director, Data Strategy and Partnerships"
Consulting,ZS associates,1,ZS associates,Associate Consultant HEOR
Other,[blank],79,,
Other,Institute for Clinical and Economic Review (ICER),10,Institute for Clinical and Economic Review (ICER),"Director, Evidence Synthesis | Research Lead | Research Assistant | Associate Director, HTA Methods and Health Economics"
Other,CVS,7,CVS,"Principal Data Scientist | Lead Director | Scientist | Director, Study Management"
Other,Cencora,7,Cencora,Senior Director Evidence Generation & Strategy | Value & Access Strategist
Other,Forian Inc.,7,Forian Inc.,
Other,Oracle Health and Life Sciences,7,Oracle Health and Life Sciences,Principal Solutions Consultant | Sales Director
Other,UBC,7,UBC,"SVP EDS | Executive Director, Business Development | Senior RWE Epidemioloist | Senior Director, Marketing"
Other,CVS Health,6,CVS Health,"Sr. Manager | Lead Data Scientist | AVP, Life Sciences Solutions | Senior Data Scientist"
Other,Duke Clinical Research Institute,6,Duke Clinical Research Institute,"Stated-Preference Research Director | Assistant Professor | Associate Director | Professor, Duke School of Medicine"
Other,National Pharmaceutical Council,6,National Pharmaceutical Council,Research Manager | Chief Science Officer | Chief Strategy Officer | Director of Research
Other,Oracle Life Science,6,Oracle Life Science,"Business Leader, RWE"
Other,All Global,5,All Global,"Senior Vice President, Sales | Business Development Director | Managing Director | Vice President"
Other,Barrington James,5,Barrington James,Recruiter | Consultant
Other,Baylor Scott & White Health,5,Baylor Scott & White Health | Baylor Scott and White | Baylor Scott and White Health,"Fellow | Postdoctoral Fellow, Health Economics & Outcomes Research | HEOR Fellow | Health Economics and Outcomes Research Fellow"
Other,"Navidence, Inc.",5,"Navidence, Inc.","CEO | Product Manager | CCO (Chief Commercia) | COO, President"
Other,Oracle Life Sciences,5,Oracle Life Sciences,"Head Of North America Client Partners | Associate Principal, Real World Data & Analytics | Senior Evidence Generation Lead, RWE | Associate Principal, RWE"
Other,Peterson Health Technology Institute,5,Peterson Health Technology Institute,"Associate Director | Manager | Managing Director, Strategic Operations | Senior Manager"
Other,US Food and Drug Administration,5,US Food and Drug Administration,"Assistant Director, Gynecological and Surgical Devices Team | Medical Officer | Senior Epidemiologist and Policy Advisor | Director, CDER Patient-Focused Drug Development"
Other,Verily,5,Verily,VP of Quantitative Sciences | Commercial Partnerships - Life Sciences | Senior Solution Specialist
Other,ATHAGORAS Holding GmbH,4,ATHAGORAS Holding GmbH,Head of European Market Access and RWE (Medtech) | Executive Client Director
Other,Arcadia.io,4,Arcadia | Arcadia.io,"General Manager, Life Sciences | Partnership Development Manager"
Other,Becaris Publishing,4,Becaris Publishing | Becaris Publishing Limited,Co-founder and Publishing Director | Co-Founder & Editorial Director | Head of Sales | Co-Founder & CEO
Other,Blue Cross Blue Shield Association,4,Blue Cross Blue Shield Association | Blue Cross Blue Shield Association (BCBSA),"Director, Clinical Science Policy | Director, Medical Policy Services | Managing Director | Director, Clinical Science Services"
Other,Elsevier,4,Elsevier,Sr Director Business Development | SVP Precision Medicine | Director Product Management | Strategic Engagement
Other,MGB HIRO,4,MGB HIRO,"Director, Data Science and Analytics | Head of Strategic Partnerships"
Other,nference,4,nference,"Strategic Al Partnerships | Health Sector Strategic Partnerships | Director, Scientific Solutions | Strategic Partnerships"
Other,Access Infinity,3,Access Infinity,Senior Director | Partner | BD Director
Other,Alkemi,3,Alkemi,Consultant | Intern
Other,Asc Academics,3,Asc Academics,Founder x Head | Senior Consultant
Other,Axios International,3,Axios International,"Consultant | Vice President, Communications"
Other,Castor,3,Castor,Solutions Consultant | Director of Business Development | Chief Operating Officer
Other,Dandelion Health,3,Dandelion Health,Health Economist | Chief Data Officer
Other,FDA CDRH,3,FDA CDRH,
Other,Franklin Pharmaceutical Consulting,3,Franklin Pharmaceutical Consulting,Partner | CEO | Associate Director
Other,Guardant Health,3,Guardant Health,"Principal Biostatistician | HEOR Manager | Director, Outcomes and Evidence"
Other,Health Catalyst,3,Health Catalyst,Clinical Practice Transformation Advisor | VP of Client Success
Other,Humana Healthcare Research,3,Humana Healthcare Research,Sr. Data Scientist
Other,IMO Health,3,IMO Health,"VP, Life Sciences Solutions | SVP, Product Management | EVP & General Manager, Life Sciences"
Other,Insigniam,3,Insigniam,
Other,"MediPlexus, Inc",3,"Mediplexus Co., Ltd. | MediPlexus, Inc",Team Leader | Leader | CEO
Other,United BioSource LLC (UBC),3,United BioSource LLC (UBC),
Other,Vice President,3,Vice President,Vice President
Other,WEP Clinical,3,WEP Clinical,
Other,WifOR Institute,3,WifOR Institute,CEO | Team Lead | Senior researcher | Head of Health Economics
Other,Achelous Partners,2,Achelous Partners | ACHELOUS PARTNERS,Managing Director | PRESIDENT
Other,Adigens Health Limited,2,Adigens Health Limited,
Other,Agonist Health,2,Agonist Health,President
Other,Amaris,2,Amaris | Amaris Conseil Inc,Manager
Other,American Association for Cancer Research (AACR),2,American Association for Cancer Research (AACR),
Other,Arcturis Data,2,Arcturis Data,SBD | Chief Commercial Officer
Other,Ardelyx,2,Ardelyx,"Director, Value & Evidence"
Other,Associate Director,2,Associate Director,Associate Director
Other,Avandra,2,Avandra,Head of Life Sciences
Other,BEKhealth,2,BEKhealth,Coo | CCO
Other,Business Development Director,2,Business Development Director,Business Development Director
Other,CMS,2,CMS,Director | Senior Advisor to the Administrator for Drug Prices
Other,CVS Healthspire,2,CVS Healthspire,"Sr. Manager-Business Development | Sr. Mgr, Sales Executive"
Other,Carrot Pharma Recruitment Ltd,2,Carrot Pharma Recruitment Ltd,Principal | Founder
Other,Center for Innovation & Value Research,2,Center for Innovation & Value Research,Research Manager | Head of Research
Other,Centers for Disease Control and Prevention,2,Centers for Disease Control and Prevention,Prevention Effectiveness Fellow | Economist
Other,Clever-Access,2,Clever-Access,Consultant
Other,Director,2,Director,Director
Other,Evidation Health,2,Evidation Health,"Director, Research Science"
Other,"Evinova, AstraZeneca Group",2,"Evinova, AstraZeneca Group","Director | Director, Clinical Outcomes Assessment, Digital Health"
Other,FACIT.org/FACITtrans,2,FACIT.org/FACITtrans,Executive Director
Other,FDA,2,FDA,"Division Director | Senior Advisor, RWE Analytics"
Other,FinThrive,2,FinThrive,Business Development | Principle Clinical Expert
Other,Flyway Health Inc.,2,Flyway Health Inc.,
Other,Forian,2,Forian,"Sr. Principal, RWE, Data, and Analytics | Director"
Other,Fred Hutchinson Cancer Center,2,Fred Hutchinson Cancer Center,Assistant Professor
Other,Galaxy Informatica,2,Galaxy Informatica,Commercials | Owner
Other,Guardian Research Network,2,Guardian Research Network,
Other,Hive Health Optimum Ltd.,2,Hive Health Optimum Ltd.,Data Scientist | CEO
Other,ICON,2,ICON,Principal
Other,IOMED,2,IOMED,President | CEO
Other,International Research Centre for Medicinal Administration Peking...,2,International Research Centre for Medicinal Administration Peking...,Assistant researcher
Other,"JMDC, Inc.",2,"JMDC, Inc.",
Other,Johns Hopkins,2,Johns Hopkins,Student
Other,Kintiga,2,Kintiga,"Director, Global Business Development | Consulting"
Other,Konovo,2,Konovo,"Chief Revenue Officer | SVP, Real World"
Other,Management Sciences for Health,2,Management Sciences for Health,Senior Manager | Technical Advisor
Other,Mebomine,2,Mebomine | Mebomine Ltd.,Founder
Other,Milliman,2,Milliman,Business Development Consultant | VP
Other,Novellia,2,Novellia,
Other,OneMedNet,2,OneMedNet,"Business Development Director | VP, Sales"
Other,Penfield Search,2,Penfield Search,"Director, Business Development | Managing Director, Contract Staffing Solutions"
Other,Principal Scientist,2,Principal Scientist,
Other,Reservoir Communications Group,2,Reservoir Communications Group,EVP | Executive Vice President
Other,Sciensus,2,Sciensus,Head Of Evidence Generation
Other,Simon-Kucher & Partners LLC,2,Simon-Kucher & Partners LLC,Partner
Other,Surescripts,2,Surescripts,Senior Principal Clinical Researcher
Other,The Brod Group,2,The Brod Group,Research Project Manager | Sr. Research Project Manager
Other,Thermofisher,2,Thermofisher,Senior Director | Research Associate 3
Other,"TreeAge Software, Inc.",2,"TreeAge Software, Inc.",
Other,Tufts Center for the Evaluation of Value and Risk in Health,2,Tufts Center for the Evaluation of Value and Risk in Health,Senior Fellow
Other,TurnCare,2,TurnCare,"Vice Presiident, Clinical Affairs"
Other,Turquoise Health,2,Turquoise Health,Managing Director | Director & General Manager
Other,UCSF,2,UCSF,MPharm | Professor
Other,UIC,2,UIC,Post-doctoral Fellow | Professor
Other,"Verantos, Inc.",2,"Verantos, Inc.","Vice President, Marketing"
Other,uMed,2,uMed | uMedeor Ltd,CEO
Other,1Global Epidemiology Solutions,1,1Global Epidemiology Solutions,CEO & Founder
Other,A2M,1,A2M,CEO
Other,ABEA,1,ABEA,President
Other,AFIDRO,1,AFIDRO,Director of Public and Legal Affairs
Other,AHEAD GmbH,1,AHEAD GmbH,General Manager & Founder
Other,ALZAK,1,ALZAK,Researcher
Other,AMETESA,1,AMETESA,Research
Other,AcamRJ,1,AcamRJ,Director
Other,Access Partnership,1,Access Partnership,Vice President Health & Life Sciences
Other,Adelphi Values,1,AdelphiValues PCO,Principal Statistician
Other,Advanced Data Sciences LLC,1,Advanced Data Sciences LLC,Partner
Other,AdventHealh,1,AdventHealh,Executive Director
Other,"Aetion, Inc.",1,"Aetion, Inc.",Consultant
Other,Aetna / CVS Health,1,Aetna / CVS Health,"Executive Director, Value-Based Care"
Other,Aide Solutions,1,Aide Solutions,
Other,Altria,1,Altria,Senior Principal Scientist
Other,Alzheimer's Association,1,Alzheimer's Association,"Associate Director, Health Services Research"
Other,Alzheimers Association,1,Alzheimers Association,"Senior Director, Health Services Research"
Other,Anlitiks,1,Anlitiks,President
Other,Annals of Internal Medicine,1,Annals of Internal Medicine,
Other,"Apodeixis Strategies, LLC",1,"Apodeixis Strategies, LLC",President and Founder
Other,Applied Patient Experience,1,Applied Patient Experience,Principal Scientist and Director of Value
Other,"Applied Patient Experience, LLC",1,"Applied Patient Experience, LLC",Founder & CEO
Other,Applied Policy,1,Applied Policy,President & CEO
Other,"Area Vice President, Life Sciences Solutions",1,"Area Vice President, Life Sciences Solutions",
Other,Arnold Ventures,1,Arnold Ventures,Health Care Manager
Other,Arthritis Foundation,1,Arthritis Foundation,Vice President of Advocacy and Access
Other,Arthritis and Rheumatology,1,Arthritis and Rheumatology,Editor in Chief
Other,Associate Medical Director,1,Associate Medical Director,Associate Medical Director
Other,Associate Principal,1,Associate Principal,Associate Principal
Other,Atlas Clarity,1,Atlas Clarity,independent consultant
Other,Atropos Health,1,Atropos Health,"Vice President, Life Sciences"
Other,Aureus!Q LLC,1,Aureus!Q LLC,CEO
Other,Australanada Pty Ltd,1,Australanada Pty Ltd,Managing Director
Other,Avea Ventures,1,Avea Ventures,
Other,BBCIC,1,BBCIC,Executive Director
Other,BCBSA,1,BCBSA,Senior Medical Director
Other,Bailey & Co.,1,Bailey & Co.,"Director, Pharma Services and Pharma Technology Investment Ba..."
Other,Barth Syndrome Foundation,1,Barth Syndrome Foundation,Research Associate
Other,Beard Insights Ltd,1,Beard Insights Ltd,Head of Business Development
Other,Better Health Worldwide,1,Better Health Worldwide,President (BH-WW)
Other,Beyond Celiac,1,Beyond Celiac,Senior Director of Coalition & Patient Engagement
Other,Bharati Vidyapeeth,1,Bharati Vidyapeeth,Student
Other,Booz Allen Hamilton,1,Booz Allen Hamilton,Sr Lead Machine Learning Engineer
Other,Brandeis Univeristy,1,Brandeis Univeristy,
Other,Bridge Value Access,1,Bridge Value Access,Health Economist
Other,Briya,1,Briya,"Director, Medical Research Solutions"
Other,Briya Labs Ltd,1,Briya Labs Ltd,Executive Director of Client Strategy
Other,C&R RESEARCH,1,C&R RESEARCH,Researcher
Other,C&R Research,1,C&R Research,Researcher
Other,CCS Medical,1,CCS Medical,"SVP, Chief Clinical Officer"
Other,CDC,1,CDC,
Other,CDC National Center for Chronic Disease Prevention and Health P...,1,CDC National Center for Chronic Disease Prevention and Health P...,Chief Economist
Other,CHOICE,1,CHOICE,student
Other,CHOICE institue,1,CHOICE institue,PhD student
Other,CIRM,1,CIRM,Sr. Officer
Other,CRECON MEDICAL ASSESSMENT INC.,1,CRECON MEDICAL ASSESSMENT INC.,COO
Other,CVS Healthspire™ Life Sciences Solutions,1,CVS Healthspire™ Life Sciences Solutions,Executive Director
Other,Caja Costarricense de Seguro Social,1,Caja Costarricense de Seguro Social,
Other,CanCertainty Coalition,1,CanCertainty Coalition,Lead
Other,Canadian Organization for Rare Disorders,1,Canadian Organization for Rare Disorders,President & CEO
Other,Carelane,1,Carelane,CEO
Other,Carevive Systems,1,Carevive Systems,VP Life Sciences RWE/RWD Solutions
Other,"Carevive Systems Inc,",1,"Carevive Systems Inc,",VP
Other,Cellbyte,1,Cellbyte,
Other,Cellbyte GmbH,1,Cellbyte GmbH,Co-CEO
Other,Cencora - Innomar Strategies,1,Cencora - Innomar Strategies,"Director, HEOR"
Other,"Center for Health Outcomes and Policy Research, Penn Nursing; N...",1,"Center for Health Outcomes and Policy Research, Penn Nursing; N...",Assistant Professor
Other,Center of Health Technology Assessment,1,Center of Health Technology Assessment,Senior Health Economist
Other,Centers For Disease Control & Prevention,1,Centers For Disease Control & Prevention,Economist
Other,"Chief Growth Officer, PAS",1,"Chief Growth Officer, PAS","Chief Growth Officer, PAS"
Other,Chinese Pharmaceutical Association,1,Chinese Pharmaceutical Association,"Chair, Pharmaeconomics Professional Committee"
Other,Clifford Goodman LLC,1,Clifford Goodman LLC,
Other,Clinica Crivellin,1,Clinica Crivellin,
Other,Clinica Universitaria Bolivariana,1,Clinica Universitaria Bolivariana,Medico
Other,Clinical Research Coordinator,1,Clinical Research Coordinator,Clinical Research Coordinator
Other,Cofounder and Executive Director,1,Cofounder and Executive Director,Cofounder and Executive Director
Other,Colorectal Cancer Canada,1,Colorectal Cancer Canada,Senior Program Manager
Other,Computational Science Manager,1,Computational Science Manager,Computational Science Manager
Other,Content Ed Net,1,Content Ed Net,
Other,Cornerstone,1,Cornerstone,"Director, Partnerships"
Other,Covalence Research Ltd,1,Covalence Research Ltd,Director
Other,Crecon Medical Assessment Inc.,1,Crecon Medical Assessment Inc.,Manager
Other,"Crestview Research, LLC",1,"Crestview Research, LLC",Member
Other,Critical Path Institute,1,Critical Path Institute,"Executive Director, PRO Consortium"
Other,Cure SMA,1,Cure SMA,Data Analyst
Other,Debiopharm International,1,Debiopharm International,
Other,Delve-RW,1,Delve-RW,Founder
Other,Development Delivery Partners Inc.,1,Development Delivery Partners Inc.,Senior Engagement manager
Other,Director /Data Scientist,1,Director /Data Scientist,Director /Data Scientist
Other,Director of Epidemiology,1,Director of Epidemiology,Director of Epidemiology
Other,"Director, Artificial Intelligence Lead",1,"Director, Artificial Intelligence Lead","Director, Artificial Intelligence Lead"
Other,"Director, Data Scientist",1,"Director, Data Scientist","Director, Data Scientist"
Other,"Director, HV&E",1,"Director, HV&E","Director, HV&E"
Other,"Director, Publications",1,"Director, Publications","Director, Publications"
Other,"Director, Value Assessment",1,"Director, Value Assessment","Director, Value Assessment"
Other,Dubai Health Authority,1,Dubai Health Authority,
Other,ECNE Research,1,ECNE Research,VP Medical Affairs
Other,Ecker + Ecker GmbH,1,Ecker + Ecker GmbH,"CEO, Lead EU HTA"
Other,"Elysia Group, LLC",1,"Elysia Group, LLC",Consultant
Other,Ephicacy,1,Ephicacy,"SVP, Biometrics"
Other,Epidemiologist Physician,1,Epidemiologist Physician,
Other,EuroQol Research Foundation,1,EuroQol Research Foundation,Executive Director
Other,Evalueserve,1,Evalueserve,Client Director
Other,Evalueserve Pvt Ltd,1,Evalueserve Pvt Ltd,Senior Consultant- Life Sciences & Healthcare
Other,Evernorth,1,Evernorth,Sr Advisor
Other,Evidencia Life Sciences,1,Evidencia Life Sciences,Principal Consultant
Other,Evio Pharmacy Solutions,1,Evio Pharmacy Solutions,
Other,ExamOne,1,ExamOne,"Mgr, Strategic Partnerships and Product"
Other,"Executive Director, Patient Centered Outcomes Assessment",1,"Executive Director, Patient Centered Outcomes Assessment","Executive Director, Patient Centered Outcomes Assessment"
Other,FACITtrans,1,FACITtrans,Senior COA Translations & Account Manager
Other,FHI 360,1,FHI 360,Scientist
Other,FIFARMA,1,FIFARMA,Access & Public Affairs Director
Other,FRINAALD vy IN + XF4 DIL,1,FRINAALD vy IN + XF4 DIL,President
Other,FUNDACION CARDIO INFANTIL,1,FUNDACION CARDIO INFANTIL,HEOR
Other,Faegre Drinker Biddle & Reath,1,Faegre Drinker Biddle & Reath,Senior Director
Other,FarmaMondo,1,FarmaMondo,"SVP, Business Development"
Other,Fight Bladder Cancer,1,Fight Bladder Cancer,CEO
Other,"FinThrive, Inc.",1,"FinThrive, Inc.",
Other,Florida Cancer Specialists & Research Institute,1,Florida Cancer Specialists & Research Institute,
Other,Food and Drug Administration,1,Food and Drug Administration,Economist
Other,"Forian, Inc.",1,"Forian, Inc.",
Other,Forsyth Health,1,Forsyth Health,"Senior Advisor, Real World Data"
Other,"Frame Research, LLC",1,"Frame Research, LLC",Founder
Other,Fred Hutchinson Cancer Research Center,1,Fred Hutchinson Cancer Research Center,"Director, Hutchinson Institute for Cancer Outcomes Research"
Other,Friends of Cancer Research,1,Friends of Cancer Research,Senior Science Policy Analyst
Other,G&L Scientific,1,G&L Scientific,
Other,GCI Health,1,GCI Health,"Senior Vice President, Media"
Other,GIPAM GmbH,1,GIPAM GmbH,
Other,GWU,1,GWU,Faculty
Other,GenMAV Inc,1,GenMAV Inc,President
Other,Generativity Solutions Group,1,Generativity Solutions Group,President
Other,GlobalData,1,GlobalData,Senior Consultant (Health Economics)
Other,GlobalData Plc,1,GlobalData Plc,
Other,Graticule,1,Graticule,CEO
Other,Groupe d'analyse,1,Groupe d'analyse,Director of Data Science
Other,Growth Marketing Manager,1,Growth Marketing Manager,Growth Marketing Manager
Other,HCPA,1,HCPA,Healtn Economist Hospital HTA
Other,HapVida,1,HapVida,
Other,Hartmann group,1,Hartmann group,Head of Evidence Generation
Other,Head of Product and Clinical Strategy,1,Head of Product and Clinical Strategy,Head of Product and Clinical Strategy
Other,"Health & Wellness Partners, LLC (The HWP Group)",1,"Health & Wellness Partners, LLC (The HWP Group)","Senior Director, Market Access Strategy"
Other,Health Clarity Solutions,1,Health Clarity Solutions,COO; VP Data Science & Analytics Strategy
Other,Health Economist,1,Health Economist,Health Economist
Other,Health Economist Health Economist,1,Health Economist Health Economist,
Other,Health Outcomes Lead,1,Health Outcomes Lead,Health Outcomes Lead
Other,"Healthcare Research Insights, Inc",1,"Healthcare Research Insights, Inc",President
Other,Hi! Healthcare Intelligence,1,Hi! Healthcare Intelligence,
Other,Highlander Health,1,Highlander Health,Executive Director
Other,House of Representatives Philippines - Bicol Saro Partylist,1,House of Representatives Philippines - Bicol Saro Partylist,
Other,Humana,1,Humana,Lead Research Scientist
Other,"Humana Healthcare Research, Inc.",1,"Humana Healthcare Research, Inc.",
Other,IATS/UFRGS,1,IATS/UFRGS,"MD, ScD"
Other,IBD Plexus at Crohn's & Colitis Foundation,1,IBD Plexus at Crohn's & Colitis Foundation,Senior Vice President
Other,IGES GmbH,1,IGES GmbH,
Other,INOVA Medical,1,INOVA Medical,HTA coordinator
Other,In Focus Media,1,In Focus Media,
Other,Independent Attendee,1,Independent Attendee,Graduate Health Economics
Other,Indian Pharmacopoeia Commission,1,Indian Pharmacopoeia Commission,Jr Materiovigilance Associate
Other,Indracon,1,Indracon,
Other,Initiate,1,Initiate,HEOR Associate Consultant
Other,Inova Medical,1,Inova Medical,HTA Coordinator
Other,Institute for Clinical Effectiveness and Health Policy (IECS),1,Institute for Clinical Effectiveness and Health Policy (IECS),Researcher
Other,Institute for Clinical and Economic Review,1,Institute for Clinical and Economic Review,Chief Scientific Officer & Director of HTA Methods
Other,Instituto de Avaliacdo de Tecnologia em Satide (IATS),1,Instituto de Avaliacdo de Tecnologia em Satide (IATS),Researcher
Other,International Consortium for Health Outcomes Measurement (ICH...,1,International Consortium for Health Outcomes Measurement (ICH...,Board Member
Other,Ipsos,1,Ipsos,
Other,"Ipsos Healthcare,",1,"Ipsos Healthcare,",
Other,JFr Access,1,JFr Access,Senior Advisor
Other,"JPD Outcomes, LLC",1,"JPD Outcomes, LLC",Consultant
Other,Jefe de Servicios y Politicas Médicas,1,Jefe de Servicios y Politicas Médicas,
Other,John Wiley and Sons,1,John Wiley and Sons,Senior Licensing Manager
Other,Journal of the American Medical Association,1,Journal of the American Medical Association,
Other,KARL STORZ M6nica Andrade,1,KARL STORZ M6nica Andrade,Senior Medical Writer
Other,KEMRI Wellcome Trust Research Programme,1,KEMRI Wellcome Trust Research Programme,
Other,KJT Group,1,KJT Group,Associate VP of RWE
Other,KUMC,1,KUMC,Student
Other,Keenova,1,Keenova,Sr Director
Other,Keiji.Al,1,Keiji.Al,
Other,KolateAl PharmaTech Inc,1,KolateAl PharmaTech Inc,CEO & Co-founder
Other,LCP Health,1,LCP Health,Strategic Initiatives & Pricing
Other,"Landmark Science, Inc",1,"Landmark Science, Inc",
Other,"Landmark Science, Inc.",1,"Landmark Science, Inc.",cco
Other,Latin America Patients Academy,1,Latin America Patients Academy,
Other,Leerink Center for Pharmacoeconomics,1,Leerink Center for Pharmacoeconomics,Managing Director
Other,"Lighten Platforms, Inc.",1,"Lighten Platforms, Inc.",CEO
Other,Lincoln Liberty Capital,1,Lincoln Liberty Capital,VP
Other,Loon,1,Loon,CEO
Other,Lymphoma Coalition,1,Lymphoma Coalition,"Director, Policy & Advocacy"
Other,MEYA Health,1,MEYA Health,Research Associate
Other,MJH Life Sciences,1,MJH Life Sciences,
Other,MadeAl,1,MadeAl,Senior life science research analyst
Other,Malla Reddy Vishwavidyapeeth,1,Malla Reddy Vishwavidyapeeth,Registrar
Other,Managing Principal,1,Managing Principal,Managing Principal
Other,Marbls Group,1,Marbls Group,Principal
Other,Marigold,1,Marigold,
Other,MarksMan Healthcare Communications Private Limited,1,MarksMan Healthcare Communications Private Limited,Cofounder and Director
Other,"Med Tech Epi, LLC",1,"Med Tech Epi, LLC",
Other,MedComms Experts,1,MedComms Experts,CEO
Other,MedNavigate LLC,1,MedNavigate LLC,Founder and Managing Director
Other,MedServePlus,1,MedServePlus,Managing Director
Other,Medeloop,1,Medeloop,VP of Product
Other,Medical Affairs,1,Medical Affairs,Medical Affairs
Other,"Medical Impact Ventures, LLC",1,"Medical Impact Ventures, LLC",Managing Director
Other,Medical Oncology Hematology Consultants,1,Medical Oncology Hematology Consultants,Hematologist/Oncologist
Other,Medical Outcomes Liaison,1,Medical Outcomes Liaison,Medical Outcomes Liaison
Other,Milliman IntelliScript,1,Milliman IntelliScript,GM Life Sciences
Other,"Milliman, Inc.",1,"Milliman, Inc.",Analyst
Other,Molecular Connections Pvt Ltd India,1,Molecular Connections Pvt Ltd India,Director Business Development RWE
Other,Mosaic Group,1,Mosaic Group,"VP, Strategic Planning Director"
Other,Musculoskeletal Research International,1,Musculoskeletal Research International,Patient Partner
Other,NIH,1,NIH,Staff Scientist
Other,NPG Health,1,NPG Health,"Vp, Market Access Strategy"
Other,National Alliance for Caregiving,1,National Alliance for Caregiving,Senior Research Fellow
Other,National Cancer Institute,1,National Cancer Institute,Researcher
Other,National Council on Aging,1,National Council on Aging,Associate Director of Research and Evaluation
Other,National Eczema Association,1,National Eczema Association,Chief Program & Mission Officer
Other,National Organization for Rare Disorders,1,National Organization for Rare Disorders,
Other,Navlin Daily,1,Navlin Daily,Press
Other,Neovation,1,Neovation,Medical Manager
Other,Neurodiscovery,1,Neurodiscovery,"Director, RWD & RWE"
Other,Neurolynx Global,1,Neurolynx Global,Principal
Other,New Amsterdam,1,New Amsterdam,Research Informaticist
Other,New York Yankees,1,New York Yankees,Market Access Manager
Other,NextLeader Coaching / Advection LLC,1,NextLeader Coaching / Advection LLC,Executive
Other,Nippon Life Insurance Company,1,Nippon Life Insurance Company,Chief Manager
Other,NouStarX,1,NouStarX,Co-Founder & CEO
Other,OSDE,1,OSDE,
Other,Omint,1,Omint,Medical Auditor
Other,Oncoscope,1,Oncoscope,"Senior director, Product and Business"
Other,Oncoscope-Al,1,Oncoscope-Al,Founder
Other,Opus Regulatory,1,Opus Regulatory,Principal Consultant
Other,Oracle Health & Life Sciences,1,Oracle Health & Life Sciences,"Vice President, Commercial and Market Access, Research Services"
Other,OrgaNova,1,OrgaNova,Director of Business Development
Other,Otto-SR,1,Otto-SR,President
Other,PAHO,1,PAHO,Advisor on Access to Medicines and Health Technologies Policies
Other,"PICO Portal, Inc.",1,"PICO Portal, Inc.",Founder & CEO
Other,PMPRB,1,PMPRB,"Senior Director, PEA"
Other,Passage Health Associates,1,Passage Health Associates,President and Chief Strategist
Other,Patient Advocate For Obesity,1,Patient Advocate For Obesity,
Other,Patient Advocate Foundation and National Patient Advocate Foun...,1,Patient Advocate Foundation and National Patient Advocate Foun...,CEO
Other,Patient Square Capital,1,Patient Square Capital,"Senior Associate, EMPIRIC Institute"
Other,Peds3 Pediatric Learning Assistance Academia Network,1,Peds3 Pediatric Learning Assistance Academia Network,HEOR researcher
Other,Penn State,1,Penn State,Assistant Professor
Other,PhaseV,1,PhaseV,Director of Business Development
Other,Piper Sandler,1,Piper Sandler,Vice President
Other,Piper Sandler & Co.,1,Piper Sandler & Co.,Managing Director
Other,Prema Cognition Ltd,1,Prema Cognition Ltd,Co Founder - Commercial Director
Other,Prime,1,Prime,"Vice President, Prime Aventine"
Other,Prime Global,1,Prime Global,"Senior Vice President, Evidence & Access"
Other,Principal,1,Principal,
Other,Principal Research Scientist,1,Principal Research Scientist,Principal Research Scientist
Other,Promptly,1,Promptly,Business Development Manager
Other,Publisher,1,Publisher,Publisher
Other,RA Capital Management,1,RA Capital Management,Senior Health Economist
Other,RTI-HS,1,RTI-HS,"Head, Integrated Access & Pricing Strategy"
Other,Rang Technologies Inc,1,Rang Technologies Inc,Chief Operating Officer
Other,Rang Technologies Inc.,1,Rang Technologies Inc.,Vice President - Operations & Strategy
Other,Rare Patient Voice,1,Rare Patient Voice,
Other,Rede Dor,1,Rede Dor,Farmacéutico
Other,Reliant Al Inc.,1,Reliant Al Inc.,
Other,Rubidoux Research LLC,1,Rubidoux Research LLC,Founder & Principal Consultant
Other,Rubrum Advising,1,Rubrum Advising,Principal Scientist
Other,Rutgers,1,Rutgers,
Other,Rutgers Business School,1,Rutgers Business School,
Other,Rutgers HOPE,1,Rutgers HOPE,Post-Doctoral Fellow
Other,SENIOR SPECIALIST,1,SENIOR SPECIALIST,
Other,SONAR,1,SONAR,Research Assistant
Other,STATinMED,1,STATinMED,"Vice President, Real World Evidence"
Other,SafeHeal,1,SafeHeal,"VP, Health Economics and Market Access"
Other,Sano-Efiko,1,Sano-Efiko,Founder & Executive Director
Other,Saskatchewan Cancer Agency,1,Saskatchewan Cancer Agency,
Other,Saudi PHA,1,Saudi PHA,Executive director
Other,Science Clarity,1,Science Clarity,Chief Simplicity Officer
Other,Scientific Data Strategy Specialist - Medical Affairs,1,Scientific Data Strategy Specialist - Medical Affairs,Scientific Data Strategy Specialist - Medical Affairs
Other,Senior Biostatistician,1,Senior Biostatistician,Senior Biostatistician
Other,Senior Business Development Director,1,Senior Business Development Director,Senior Business Development Director
Other,Senior Director,1,Senior Director,Senior Director
Other,"Senior Director, Access & Pricing, Business Development",1,"Senior Director, Access & Pricing, Business Development","Senior Director, Access & Pricing, Business Development"
Other,"Senior Director, Data Strategy and Solutions",1,"Senior Director, Data Strategy and Solutions","Senior Director, Data Strategy and Solutions"
Other,Senior Health Economist,1,Senior Health Economist,Senior Health Economist
Other,Senior Manager,1,Senior Manager,
Other,Sg2,1,Sg2,Director
Other,SiteRx,1,SiteRx,"VP, Data & Strategy"
Other,Skysis LLC (Fishawack Health),1,Skysis LLC (Fishawack Health),"VP, Growth and HEOR"
Other,Societe Marocaine de l'economie de produits de santé,1,Societe Marocaine de l'economie de produits de santé,President
Other,"Sorcero, Inc",1,"Sorcero, Inc",CSO
Other,Specialty Networks,1,Specialty Networks,Engagement Manager
Other,Sr Director,1,Sr Director,Sr Director
Other,"Sr Director, RWD Partnerships and Innovation Strategy Lead",1,"Sr Director, RWD Partnerships and Innovation Strategy Lead","Sr Director, RWD Partnerships and Innovation Strategy Lead"
Other,Starfire,1,Starfire,Chief Executive Officer
Other,State Expert Center of the Ministry of Health of Ukraine,1,State Expert Center of the Ministry of Health of Ukraine,Director of HTA Department
Other,Strategic Engagement - Life Sciences,1,Strategic Engagement - Life Sciences,Strategic Engagement - Life Sciences
Other,Sumitomo Pharma America,1,Sumitomo Corporation of Americas,Director
Other,Summit,1,Summit,"Director, Real-World Evidence"
Other,Superior Medical Experts,1,Superior Medical Experts,
Other,Symetrique Inc,1,Symetrique Inc,Founder
Other,Syneos Health,1,Syneos Health,Associate Consultant
Other,Syreon Research Institute,1,Syreon Research Institute,Principal Health Economist
Other,TREND Community,1,TREND Community,CEO
Other,TZ Health,1,TZ Health,Managing Director
Other,Techspert,1,Techspert,Director
Other,Terrapinn,1,Terrapinn,
Other,The CHOICE Institute,1,The CHOICE Institute,Senior Research Scientist
Other,The California Institute for Regenerative Medicine,1,The California Institute for Regenerative Medicine,
Other,"The Comparative Health Outcomes, Policy, and Economics (CHOI...",1,"The Comparative Health Outcomes, Policy, and Economics (CHOI...",Professor Emeritus
Other,The NemetetzGroup LLC,1,The NemetetzGroup LLC,Senior Consultant
Other,Thera-Business Inc.,1,Thera-Business Inc.,Chief Executive Officer
Other,ThymeCare,1,ThymeCare,"Co-Founder, Chief Medical Officer & President"
Other,Triangle Insights Group by Valeris,1,Triangle Insights Group by Valeris,Partner
Other,Trio Health,1,Trio Health,CEO
Other,"TurnCare, Inc.",1,"TurnCare, Inc.","Director, HEOR"
Other,Twin health,1,Twin health,Manager of analytics
Other,U.S. FDA,1,U.S. FDA,Team Leader
Other,UAMS,1,UAMS,Student
Other,UCLA,1,UCLA,Epidemiologist
Other,UFMG,1,UFMG,Professora Universitaria
Other,UNC-CH,1,UNC-CH,PhD Candidate
Other,UNIMED CAMPINAS,1,UNIMED CAMPINAS,COORDINATOR
Other,UNT HEALTH,1,UNT HEALTH,UNT HEALTH STUDENT
Other,US FDA,1,US FDA,Health Economist
Other,USC Schaeffer Institute,1,USC Schaeffer Institute,Chief of Staff
Other,USC Schaeffer Institute for Public Policy & Government Service,1,USC Schaeffer Institute for Public Policy & Government Service,Co-Director
Other,UT Health San Antonio,1,UT Health San Antonio,Pharmacist
Other,Unimed Campinas,1,Unimed Campinas,DR
Other,Uofl,1,Uofl,student
Other,VIP Platinum,1,VIP Platinum,Dr
Other,VISIONS4HEALTH,1,VISIONS4HEALTH,Managing Director
Other,VP Marketing,1,VP Marketing,VP Marketing
Other,VP Sales and Marketing,1,VP Sales and Marketing,VP Sales and Marketing
Other,Valo Health,1,Valo Health,
Other,"VantEdge Access, LLC",1,"VantEdge Access, LLC",
Other,"VaultHaus, Lda.",1,"VaultHaus, Lda.",CEO
Other,Vector Psychometric Group,1,Vector Psychometric Group,CEO
Other,Veloxis,1,Veloxis,Global Head HEOR
Other,Veramed Inc,1,Veramed Inc,
Other,Verantos,1,Verantos,
Other,Verilogue,1,Verilogue,"Associate Director, Research"
Other,"Vice President, European Head, Patient-Centered Outcomes",1,"Vice President, European Head, Patient-Centered Outcomes",
Other,Visit Detroit,1,Visit Detroit,
Other,Vista Health Japan,1,Vista Health Japan,General Manager
Other,WODC,1,WODC,Senior BDM
Other,WellSpring,1,WellSpring,Director
Other,Westat,1,Westat,VP
Other,Wiley,1,Wiley,
Other,Wing Tech Inc.,1,Wing Tech Inc.,
Other,World Orphan Drug Congress,1,World Orphan Drug Congress,
Other,Yorker Health,1,Yorker Health,Senior Consultant
Other,Yorker Health Corp.,1,Yorker Health Corp.,Managing Principal
Other,Zebgene LLC,1,Zebgene LLC,Founder & CEO
Other,asesor medico,1,asesor medico,
Other,cif chile,1,cif chile,research and health manager
Other,emtelligent,1,emtelligent,SVP Customer Solutions
Other,"iECURE, Inc.",1,"iECURE, Inc.","Senior Vice President, Operations and Advocacy"
Other,immunity,1,immunity,"Vice President, Medical Affairs Strategy"
Other,non profit organization,1,non profit organization,
Other,private,1,private,Physician
Other,rareLife solutions,1,rareLife solutions,President and CSO
Other,retired,1,retired,Retiree
Other,systemoment GmbH,1,systemoment GmbH,Managing Director
