organization,award_count,states,funding_types,example_urls
University of Washington,44,Pennsylvania|Washington,,https://www.pcori.org/research-results/2026/patient-clinician-intervention-advance-care-planning-older-adults-primary-care|https://www.pcori.org/research-results/2025/peer-support-interventions-endometrial-cancer-treatment|https://www.pcori.org/research-results/2025/developing-methods-treatment-effects
Duke University,34,North Carolina,,https://www.pcori.org/research-results/2026/comparing-treatments-autistic-children-constipation|https://www.pcori.org/research-results/2025/comparing-strategies-improve-non-pharmacologic-pain-relief-adults-back-pain|https://www.pcori.org/research-results/2024/data-services-coordinating-center-pcornetr
Massachusetts General Hospital,33,Massachusetts,,https://www.pcori.org/research-results/2025/artificial-intelligence-methods-natural-language-electronic-medical-records|https://www.pcori.org/research-results/2023/comparing-effectiveness-two-programs-address-chronic-pain-and-cognitive-decline-among-older-adults|https://www.pcori.org/research-results/2023/comparing-effectiveness-telehealth-versus-person-delivery-healthy-weight-clinic-and-asthma-control-program-children
Johns Hopkins University,32,Maryland,,https://www.pcori.org/research-results/2024/comparing-effectiveness-telerehabilitation-and-clinic-physical-therapy-patients-chronic-low-back-pain|https://www.pcori.org/research-results/2022/comparing-effectiveness-two-suicide-prevention-interventions-among-youth|https://www.pcori.org/research-results/2021/building-capacity-reduce-covid-19-long-term-effects-survivors
University of Pennsylvania,24,Pennsylvania,,https://www.pcori.org/research-results/2025/developing-federated-methods-trial-emulation-across-clinical-research-networks|https://www.pcori.org/research-results/2023/shared-decision-making-anesthesia-care-patients-having-hip-fracture-surgery|https://www.pcori.org/research-results/2023/comparing-palliative-care-delivered-generalist-clinicians-versus-palliative-care-specialists-patients-hospitalized-advanced-illnesses
Vanderbilt University Medical Center,24,Tennessee,,https://www.pcori.org/research-results/2025/comparing-approaches-prevention-childhood-obesity|https://www.pcori.org/research-results/2025/hypertension-management-vanderbilt-university-medical-center|https://www.pcori.org/research-results/2024/adapting-and-testing-agile-methodology-novel-approach-engagement-research
University of Colorado Denver,23,Colorado,,https://www.pcori.org/research-results/2024/testing-different-methods-engagement-responsiveness-community-preference|https://www.pcori.org/research-results/2023/comparing-ways-engage-patients-and-doctors-better-use-medicines-heart-failure|https://www.pcori.org/research-results/2023/developing-and-validating-measure-co-creation-during-engagement-process-research
"University of California, San Francisco",22,California,,https://www.pcori.org/research-results/2025/lifestyle-treatment-weight-loss-primary-care-settings-ucsf-health|https://www.pcori.org/research-results/2025/comparing-social-needs-assistance-interventions-hospitalized-children|https://www.pcori.org/research-results/2024/comparing-two-school-based-sleep-health-interventions-promote-sleep-quality-youth
Kaiser Foundation Research Institute,21,California|Oregon|Washington,,https://www.pcori.org/research-results/2024/comparing-effectiveness-two-interventions-improve-health-adults-multiple-chronic-conditions|https://www.pcori.org/research-results/2021/comparing-two-prevention-programs-teens-risk-suicide|https://www.pcori.org/research-results/2021/comparing-programs-increase-covid-19-booster-vaccine-rates-among-long-term-care-center-workers-enspire-study
University of Pittsburgh,21,Pennsylvania,,https://www.pcori.org/research-results/2025/researcher-readiness-patient-community-partnership|https://www.pcori.org/research-results/2025/comparative-effectiveness-treatments-sinus-ear-infections-children|https://www.pcori.org/research-results/2025/novel-approaches-first-research-contact-hospitalized-patients-cer
Partners Healthcare Brigham and Women's Hospital,20,Massachusetts,,https://www.pcori.org/research-results/2023/supporting-use-treatment-approach-health-systems-improve-outcomes-adults-moderate-severe-asthma|https://www.pcori.org/research-results/2023/developing-new-methods-predicting-health-outcomes-using-electronic-health-record-data|https://www.pcori.org/research-results/2022/transportability-machine-learning-enabled-confounding-control-methods-across-ehr-databases
"The Regents of the University of California, San Francisco",20,California,,https://www.pcori.org/research-results/2026/ePROs-cancer-treatment-ucsf|https://www.pcori.org/research-results/2025/disseminating-pcori-funded-study-results-language-access-services-patients-clinicians-and-health-systems-across-united-states|https://www.pcori.org/research-results/2025/antibiotic-treatment-children-common-infections
Emory University,19,Georgia,,https://www.pcori.org/research-results/2025/building-capacity-engage-patient-centered-cer-oncofertility-community|https://www.pcori.org/research-results/2025/building-capacity-autism-engagement-patient-centered-cer-midwest-northeast-and-southeast|https://www.pcori.org/research-results/2024/comparing-two-post-traumatic-stress-disorder-screening-approaches-improve-health-outcomes-pregnancy
The University of North Carolina at Chapel Hill,19,North Carolina,,https://www.pcori.org/research-results/2025/increasing-patient-engagement-patient-centered-cer-ileal-pouch-anal-anastomosis|https://www.pcori.org/research-results/2023/effectiveness-community-based-maternity-care-intervention-reducing-incidence-hypertensive-disorder-pregnancy|https://www.pcori.org/research-results/2023/using-electronic-patient-reported-outcomes-monitor-symptoms-during-cancer-treatment
University of Arkansas for Medical Sciences,18,Arkansas,,https://www.pcori.org/research-results/2023/comparing-two-multi-level-nutritional-interventions-prevent-excessive-gestational-weight-gain-pregnancy|https://www.pcori.org/research-results/2023/comparing-effectiveness-telehealth-follow-care-approach-usual-care-after-giving-birth|https://www.pcori.org/research-results/2021/faith-network-pcor-training-researchers
Yale University,18,Connecticut,,https://www.pcori.org/research-results/2024/mining-patient-voice-improve-patient-centered-comparative-clinical-effectiveness-research-using-machine-learning|https://www.pcori.org/research-results/2023/causal-mediation-methods-cluster-randomized-pragmatic-and-implementation-trials|https://www.pcori.org/research-results/2023/comparing-effectiveness-racemic-ketamine-versus-esketamine-depression
University of Rochester,17,New York,,https://www.pcori.org/research-results/2024/comparative-effectiveness-different-techniques-repeat-ablation-after-failed-initial-ablation-persistent-atrial-fibrillation|https://www.pcori.org/research-results/2024/comparing-carvedilol-versus-metoprolol-succinate-adults-heart-failure-who-have-implantable-cardioverter-defibrillator|https://www.pcori.org/research-results/2024/comparative-clinical-effectiveness-implantable-cardioverter-defibrillator-versus-non-implantable-cardioverter-defibrillator-therapy-contemporary-heart-failure-patients-low-predicted-arrhythmic-risk
University of Utah,17,Utah,,https://www.pcori.org/research-results/2024/connect-community-network-navigate-and-enhance-care-transitions|https://www.pcori.org/research-results/2024/building-capacity-pcorcer-engaging-rural-trauma-survivors-and-their-recovery-communities|https://www.pcori.org/research-results/2024/machine-learning-approaches-personalized-lung-cancer-therapy-real-world-data
Agency for Healthcare Research and Quality (AHRQ),16,Maryland,,https://www.pcori.org/research-results/2024/primary-hypofractionated-radiation-therapy-localized-prostate-cancer-systematic-review|https://www.pcori.org/research-results/2024/performance-fusion-procedures-degenerative-disease-lumbar-spine-systematic-review|https://www.pcori.org/research-results/2024/recurrent-nephrolithiasis-adults-and-children-comparative-effectiveness-preventive-medical-strategies-systematic-review
Cincinnati Children's Hospital Medical Center,16,Ohio,,https://www.pcori.org/research-results/2024/implementation-appropriate-antibiotic-prescribing-children-acute-respiratory-tract-infections-outpatient-settings-cincinnati-childrens-hospital-medical-center|https://www.pcori.org/research-results/2023/cincinnati-childrens-hospital-medical-center-hsii-capacity-building-project|https://www.pcori.org/research-results/2022/comparing-two-ways-help-children-complex-chronic-diseases-return-home-after-hospital-stay
University of California San Francisco,16,California,,https://www.pcori.org/research-results/2024/disseminating-safety-and-effectiveness-tubal-ligation-compared-intrauterine-contraception|https://www.pcori.org/research-results/2023/building-capacity-disseminate-evidence-language-access-services|https://www.pcori.org/research-results/2018/comparing-two-treatments-patients-abnormal-heartbeat-traverse-trial
University of Michigan,16,Michigan|Texas,,https://www.pcori.org/research-results/2025/comparing-touch-multimodal-interventions-chronic-pain-cirrhosis|https://www.pcori.org/research-results/2025/developing-reinforcement-learning-methods-interventional-digital-health-systems|https://www.pcori.org/research-results/2025/enhancing-patient-centered-trial-design-analysis-equipoise-stratified-randomization
University of South Florida,16,Florida,,https://www.pcori.org/research-results/2024/building-capacity-engage-patient-centered-cer-mental-health-among-children-caregivers-military|https://www.pcori.org/research-results/2022/comparative-autism-research-effectiveness-care|https://www.pcori.org/research-results/2021/comparing-effectiveness-two-interventions-improve-quality-life-among-breast-cancer-survivors-and-their-partners
Wake Forest University Health Sciences,15,North Carolina,,https://www.pcori.org/research-results/2026/telepsychiatry-collaborative-care-complex-psychiatric-disorders-atrium-health|https://www.pcori.org/research-results/2025/disseminating-pcori-funded-study-results-approaches-diagnosing-and-monitoring-high-blood-pressure-north-carolina|https://www.pcori.org/research-results/2025/comparing-care-transition-older-adults-family-caregivers
AcademyHealth,14,District of Columbia,,https://www.pcori.org/research-results/2024/thriving-school-cyshcn-driven-roadmap-high-impact-school-based-mental-health-patient-centered-cer|https://www.pcori.org/research-results/2023/project-epic-evidence-based-perinatal-improvement-collaborative|https://www.pcori.org/research-results/2023/comparing-effectiveness-doula-care-reducing-severe-maternal-morbidity
The Children's Hospital of Philadelphia,14,Pennsylvania,,https://www.pcori.org/research-results/2026/managing-blood-pressure-children-chronic-kidney-disease|https://www.pcori.org/research-results/2025/observational-approach-versus-surgical-intervention-stones|https://www.pcori.org/research-results/2024/pedsnet-advancing-child-and-family-centered-outcomes-research-pcornetr
University of Florida,14,Florida,,https://www.pcori.org/research-results/2025/stroke-prevention-sickle-cell-through-revascularization-surgery-siscrs-network|https://www.pcori.org/research-results/2024/oneflorida-clinical-research-network-phase-4|https://www.pcori.org/research-results/2024/improve-adoption-clinical-text-multi-site-studies-through-transfer-learning-and-natural-language-processing
University of New Mexico Health Sciences Center,14,New Mexico,,https://www.pcori.org/research-results/2024/testing-engagement-strategies-promote-trust-representativeness-and-capacity-patient-and-community-leadership-research|https://www.pcori.org/research-results/2023/comparing-telehealth-and-usual-care-diabetes-management-patients-multiple-chronic-conditions|https://www.pcori.org/research-results/2021/engage-equity-advancing-research-support-institutional-patient-stakeholder-partnering
ECRI,13,Pennsylvania,,https://www.pcori.org/research-results/2025/assistive-technologies-children-and-young-adults-intellectual-and-developmental-disabilities|https://www.pcori.org/research-results/2023/emerging-technologies-and-therapeutics-reports-interventions-post-covid-19-autonomic-dysfunction-and-post-covid-19-cardiovascular-manifestations|https://www.pcori.org/research-results/2023/evidence-mental-health-interventions-persons-intellectual-disabilities-scoping-review
Northwestern University,13,Illinois,,https://www.pcori.org/research-results/2024/comparing-early-intervention-approaches-improve-communication-toddlers-developmental-delays|https://www.pcori.org/research-results/2022/engaging-autistic-adults-and-caregivers-improve-pcorcer-research-autism-intervention-research|https://www.pcori.org/research-results/2021/developing-home-visitor-research-capacity-engage-patient-centered-outcomes-research
RAND Corporation,12,California|Massachusetts|Pennsylvania,,https://www.pcori.org/research-results/2023/emerging-technologies-and-therapeutics-reports-update-gene-therapies|https://www.pcori.org/research-results/2023/comparing-two-ways-reduce-alcohol-and-cannabis-use-among-teens|https://www.pcori.org/research-results/2021/emerging-technologies-and-therapeutics-reports-artificial-intelligence-covid-19-response
The Ohio State University,12,Ohio,,https://www.pcori.org/research-results/2025/comparing-treatment-high-risk-resectable-soft-tissue-sarcoma|https://www.pcori.org/research-results/2023/comparing-effectiveness-two-aspirin-doses-prevent-high-blood-pressure-complications-pregnancy|https://www.pcori.org/research-results/2023/comparing-effectiveness-oral-metformin-versus-injectable-insulin-treatment-gestational-diabetes
University of Southern California,12,California,,https://www.pcori.org/research-results/2024/comparing-arthroplasty-and-internal-fixation-reducing-death-improving-ambulation-and-increasing-days-home-after-minimally-displaced-femoral-neck-fracture|https://www.pcori.org/research-results/2024/emerging-technologies-and-therapeutics-reports-viscoelastic-testing-postpartum-obstetrics-hemorrhage|https://www.pcori.org/research-results/2020/transforming-research-understanding-sensory-experiences-asd-stakeholders-working-together-trust
Regents of the University of Michigan,11,Michigan,,https://www.pcori.org/research-results/2026/modality-choice-treatment-painful-diabetic-neuropathy|https://www.pcori.org/research-results/2025/comparing-peer-led-collaborative-traditional-researcher-led-engagement|https://www.pcori.org/research-results/2025/comparative-effectiveness-peritoneal-dialysis-prescription
Boston Medical Center,10,Massachusetts,,https://www.pcori.org/research-results/2022/building-capacity-prevent-youth-overdose|https://www.pcori.org/research-results/2022/embracing-anti-racism-addiction-treatment-research-and-policy-engaging-black-people-lived-experience-suds|https://www.pcori.org/research-results/2019/creating-collaborative-comparative-effectiveness-research-agenda-autistic-adolescents
Brigham and Women's Hospital,10,Massachusetts,,https://www.pcori.org/research-results/2024/comparing-two-strategies-reduce-risk-exacerbations-adults-asthma|https://www.pcori.org/research-results/2022/comparing-electroconvulsive-therapy-and-ketamine-rapid-treatment-acute-suicidal-depression|https://www.pcori.org/research-results/2021/comparing-effectiveness-four-types-diabetes-medicines-lowering-risk-heart-disease-patients-type-2-diabetes-and-low-or-moderate-cardiovascular-risk-cer-4-t2d-study
Oregon Health & Science University,10,Oregon,,https://www.pcori.org/research-results/2023/comparing-virtual-peer-support-usual-care-adults-undergoing-vaginoplasty|https://www.pcori.org/research-results/2022/community-led-research-development-aortic-dissection-collaborative|https://www.pcori.org/research-results/2020/trans-arc-transgendernon-binary-surgery-allied-research-collective
Pennsylvania State University Hershey Medical Center,10,Pennsylvania,,https://www.pcori.org/research-results/2024/assessment-pediatric-anthropometric-data-quality-guide-analysis-planning-and-interpretation|https://www.pcori.org/research-results/2023/comparing-effectiveness-two-outreach-approaches-promote-use-insurance-covered-exercise-benefits-among-older-adults-osteoarthritis|https://www.pcori.org/research-results/2022/comparing-effectiveness-two-programs-improve-walking-ability-older-adults
University of Illinois at Chicago,10,Illinois,,https://www.pcori.org/research-results/2021/comparing-two-ways-improve-mental-health-among-youth-intellectual-and-developmental-disabilities-best-study|https://www.pcori.org/research-results/2020/engaging-virtually-age-covid-19-sharing-lessons-and-creating-pathways-transdisciplinary-research|https://www.pcori.org/research-results/2018/engaging-patient-stakeholders-informing-research-and-engagement-ui-cancer-center-patient-brigade
University of Massachusetts Medical School,10,Massachusetts,,https://www.pcori.org/research-results/2020/expanding-effective-home-oxygen-management-strategies-premature-infants|https://www.pcori.org/research-results/2017/community-engagement-improve-prevention-and-treatment-congenital-cytomegalovirus-infection-tier-ii|https://www.pcori.org/research-results/2017/light-using-health-technology-develop-motherfamily-centered-peer-support-network-tier-ii
Wayne State University,10,Michigan,,https://www.pcori.org/research-results/2022/bridging-divide-fostering-partnerships-urban-african-american-aging-research|https://www.pcori.org/research-results/2021/building-primary-care-research-capacity-covid-19-related-pcorcer-metro-detroit|https://www.pcori.org/research-results/2021/innovations-care-coordination-autism-spectrum-disorder-and-other-developmental-delays-icc
Baylor College of Medicine,9,Texas,,https://www.pcori.org/research-results/2022/comparing-two-pacing-treatments-patients-heart-failure|https://www.pcori.org/research-results/2021/building-capacity-hispanic-serving-institutions-pcorcer-focused-mental-health-impacts-covid-19|https://www.pcori.org/research-results/2018/engaging-patients-outcomes-research-tango2-related-disorder
Children's Hospital of Philadelphia,9,Pennsylvania,,https://www.pcori.org/research-results/2024/implementation-appropriate-antibiotic-prescribing-children-acute-respiratory-tract-infections-outpatient-settings-childrens-hospital-philadelphia|https://www.pcori.org/research-results/2021/coordinating-center-participatory-approach-query-fulfillment-and-analytic-tool-development|https://www.pcori.org/research-results/2021/develop-semantic-data-quality-measures-multi-center-clinical-research-studies-and-networks
Dana-Farber Cancer Institute,9,Massachusetts,,https://www.pcori.org/research-results/2023/patient-level-artificial-intelligence-derive-longitudinal-phenotypes-cer|https://www.pcori.org/research-results/2023/comparison-two-lifestyle-interventions-improve-cognitive-and-physical-function-among-older-cancer-survivors-and-their-caregivers|https://www.pcori.org/research-results/2017/comparing-effect-short-course-versus-standard-radiation-therapy-physical-well-being-among-patients-breast-cancer-after-mastectomy-breast-reconstruction-fabrec-study
Henry Ford Health System,9,Michigan,,https://www.pcori.org/research-results/2023/adapting-and-validating-patient-engagement-research-scale|https://www.pcori.org/research-results/2023/using-storytelling-build-capacity-pcorcer-maternal-mental-health-mama|https://www.pcori.org/research-results/2021/using-body-mapping-develop-patient-centered-research-agenda-about-long-covid-19
"Kaiser Foundation Research Institute, a Division of Kaiser Foundation Hospitals",9,California,,https://www.pcori.org/research-results/2026/comparative-effectiveness-safety-antinausea-medications-pregnancy|https://www.pcori.org/research-results/2025/comparative-effectiveness-suicide-risk-assessment-safety-planning|https://www.pcori.org/research-results/2024/implementation-intensive-lifestyle-treatment-weight-loss-primary-care-settings-kaiser-permanente-southern-california
Louisiana Public Health Institute,9,Louisiana,,https://www.pcori.org/research-results/2024/reachnet-phase-4-infrastructure-conducting-patient-centered-comparative-clinical-effectiveness-research|https://www.pcori.org/research-results/2021/reachnet-30-optimizing-infrastructure-conducting-patient-centered-outcomes-research|https://www.pcori.org/research-results/2021/effects-gaps-recommended-care-adults-congenital-heart-disease-chi-ron-study-pcornetr-study
The Trustees of The University of Pennsylvania,9,Pennsylvania,,https://www.pcori.org/research-results/2025/gamification-physical-activity-reduce-cardiovascular-events|https://www.pcori.org/research-results/2024/building-regional-network-primary-care-patient-centered-comparative-clinical-effectiveness-research|https://www.pcori.org/research-results/2024/randomized-controlled-trial-two-mobile-health-strategies-manage-postpartum-hypertension
"University of Maryland, Baltimore",9,Maryland,,https://www.pcori.org/research-results/2025/disseminating-pcori-funded-evidence-updates-post-traumatic-stress-disorder-older-adults|https://www.pcori.org/research-results/2025/community-advisory-board-engagement-outcomes|https://www.pcori.org/research-results/2021/engaging-older-adults-and-caregivers-medication-optimization-research
Accelerated Cure Project for Multiple Sclerosis,8,Massachusetts,,https://www.pcori.org/research-results/2025/convening-disseminate-pcori-funded-comparative-clinical-effectiveness-research-multiple-sclerosis-care-older-adults|https://www.pcori.org/research-results/2023/convening-pediatric-ms-stakeholders-cocreate-prioritized-research-agenda-and-process|https://www.pcori.org/research-results/2022/establishing-people-powered-capacity-disseminating-results-multiple-sclerosis-research
Geisinger Clinic,8,Pennsylvania,,https://www.pcori.org/research-results/2026/hypertension-managment-geisinger|https://www.pcori.org/research-results/2025/ePROs-cancer-treatment-geisinger-clinic|https://www.pcori.org/research-results/2024/implementation-appropriate-antibiotic-prescribing-children-acute-respiratory-tract-infections-outpatient-settings-geisinger-clinic
Mayo Clinic,8,Minnesota,,https://www.pcori.org/research-results/2024/treatment-inflammatory-myelitis-and-optic-neuritis-early-versus-rescue-plasma-exchange|https://www.pcori.org/research-results/2021/comparing-effectiveness-four-classes-diabetes-medicines-among-patients-moderate-risk-heart-disease|https://www.pcori.org/research-results/2017/using-pcornet-improve-data-quality-and-patient-follow-within-transcatheter-valve-therapy-registry
National Alliance of Healthcare Purchaser Coalitions,8,District of Columbia,,https://www.pcori.org/research-results/2022/leading-together-address-inequitable-affordable-access-mental-health-workplace|https://www.pcori.org/research-results/2022/building-integration-pathways-pcori-funded-findings-employer-healthcare-planning|https://www.pcori.org/research-results/2021/expanding-pco-utilization-through-healthcare-innovator-incubator-program-hiip
RTI International,8,North Carolina,,https://www.pcori.org/research-results/2023/impact-doula-support-during-pregnancy-childbirth-and-beyond-systematic-review|https://www.pcori.org/research-results/2022/audio-based-care-managing-mental-health-diabetes-and-other-chronic-conditions-systematic-reviews|https://www.pcori.org/research-results/2021/rapid-review-racial-health-equity-and-social-needs-interventions
University Hospitals Cleveland Medical Center,8,Ohio,,https://www.pcori.org/research-results/2026/telepsychiatry-collaborative-care-complex-psychiatric-disorders-university-hospitals|https://www.pcori.org/research-results/2025/convening-develop-agenda-patient-centered-cer-menopause-northeast-ohio|https://www.pcori.org/research-results/2025/ePROs-cancer-treatment-university-hospital-health-system
University of Maryland Baltimore,8,Maryland,,https://www.pcori.org/research-results/2025/disseminating-pcori-funded-study-results-palliative-care-improve-quality-life-people-parkinsons-disease|https://www.pcori.org/research-results/2023/disseminating-new-evidence-prevent-blood-clots-patients-bone-fractures|https://www.pcori.org/research-results/2022/shining-spotlight-wide-show-advancing-dissemination-strategies-through-continuous-engagement
University of North Carolina at Chapel Hill,8,North Carolina,,https://www.pcori.org/research-results/2024/comparative-effectiveness-alternative-emerging-medications-symptom-burden-and-clinical-disease-activity-children-inflammatory-bowel-disease|https://www.pcori.org/research-results/2022/engaging-black-and-native-american-women-research-prevent-maternal-mortality-and-morbidity|https://www.pcori.org/research-results/2019/developing-methods-planning-and-analyzing-stepped-wedge-cluster-randomized-trials
Alliance for Clinical Trials in Oncology Foundation,7,Illinois,,https://www.pcori.org/research-results/2016/comparing-effectiveness-electronic-symptom-monitoring-versus-usual-care-improving-survival-among-patients-metastatic-cancer-pro-tect-trial|https://www.pcori.org/research-results/2016/comparing-two-treatment-approaches-women-low-risk-ductal-carcinoma-situ-comet-study|https://www.pcori.org/research-results/2015/comparing-two-types-blood-thinners-prevent-blood-clots-patients-cancer-canvas-trial
Ann & Robert H. Lurie Children's Hospital of Chicago,7,Illinois,,https://www.pcori.org/research-results/2025/comparing-treatment-bowel-incontinence-spina-bifida|https://www.pcori.org/research-results/2024/comparing-effectiveness-two-antibiotic-treatment-strategies-children-pneumonia-outpatient-settings|https://www.pcori.org/research-results/2023/comparing-two-ways-help-parents-after-childs-traumatic-or-unexpected-death
Children's Research Institute,7,District of Columbia,,https://www.pcori.org/research-results/2024/testing-approaches-engage-adults-congenital-heart-disease-living-neurodevelopmental-disorders-partners-patient-centered-cer|https://www.pcori.org/research-results/2022/prioritizing-youth-voices-engaging-expectant-and-parenting-teens-research|https://www.pcori.org/research-results/2021/building-diverse-consortium-reduce-maternal-mortalitymorbidity-due-congenital-heart-disease
Dartmouth College,7,New Hampshire,,https://www.pcori.org/research-results/2018/comparing-two-approaches-providing-medicine-opioid-use-disorder-pregnant-women-more-study|https://www.pcori.org/research-results/2017/developing-new-randomization-methods-electronic-health-data-randomization-conduct-comparative-effectiveness-research|https://www.pcori.org/research-results/2017/developing-research-and-engagement-agenda-margins-dream-engaging-low-income-rural-individuals-and-families-improve-mental-health-tier-ii
Dartmouth-Hitchcock Clinic,7,New Hampshire,,https://www.pcori.org/research-results/2024/developing-and-testing-two-approaches-engagement-research-participatory-approaches-qualitative-research-trial|https://www.pcori.org/research-results/2024/validating-quantitative-measure-support-representative-research-partnerships|https://www.pcori.org/research-results/2022/comparing-standard-dose-versus-lower-dose-onabotulinumtoxina-bladder-injections-treating-urgency-urinary-incontinence
Florida Atlantic University,7,Florida,,https://www.pcori.org/research-results/2023/double-veteran-driven-dissemination-campaign-spreading-awareness-ptsd-treatment-options|https://www.pcori.org/research-results/2021/mission-alliance-engaging-veteran-communities-capture-prioritize-ptsd-related-pcorcer-topics-related-covid-19|https://www.pcori.org/research-results/2021/mind-over-matter-veteran-driven-roadmap-research-traumatic-brain-injury
Global Healthy Living Foundation,7,New York,,https://www.pcori.org/research-results/2022/building-capacity-patient-advocacy-organizations-disseminate-pcor-patient-communities|https://www.pcori.org/research-results/2021/vaccine-uptake-research-autoimmune-disease-multistakeholder-planning|https://www.pcori.org/research-results/2019/encouraging-patients-manage-chronic-pain-using-latest-evidence-research
Medical University of South Carolina,7,South Carolina,,https://www.pcori.org/research-results/2026/implementation-strategies-treatment-adolescent-trauma-substance-use|https://www.pcori.org/research-results/2023/comparing-standard-care-versus-technology-based-approach-reduce-postpartum-emergency-department-visits|https://www.pcori.org/research-results/2022/comparing-two-ways-screen-anxiety-substance-use-disorders-and-intimate-partner-violence-pregnancy-and-postpartum
The University of Texas Health Science Center at San Antonio,7,Texas,,https://www.pcori.org/research-results/2025/building-capacity-engage-patient-centered-cer-prevent-human-papillomavirus-related-cancers-texas|https://www.pcori.org/research-results/2023/creando-conexiones-establishing-patient-centered-cancer-health-equity-research-agenda-south-texas|https://www.pcori.org/research-results/2021/filipino-american-research-far-hub-nationwide-infrastructure-promote-pcor-and-cer
"University of California, Los Angeles",7,California,,https://www.pcori.org/research-results/2021/comparing-two-brief-suicide-prevention-interventions-youth-presenting-emergency-room|https://www.pcori.org/research-results/2017/comparing-three-advance-care-planning-programs-patients-serious-illness|https://www.pcori.org/research-results/2016/comparing-two-ways-improve-depression-symptoms-among-adults-who-identify-lgbtq-radd-study
University of Pennsylvania Perelman School of Medicine,7,Pennsylvania,,https://www.pcori.org/research-results/2025/comparing-prescribed-and-otc-medications-treatment-insomnia-adults|https://www.pcori.org/research-results/2023/comparing-effectiveness-oral-contraceptive-pills-metformin-and-combination-therapy-among-women-living-polycystic-ovary-syndrome|https://www.pcori.org/research-results/2021/development-methods-improve-identification-patients-rare-or-complex-diseases
Auburn University,6,Alabama,,https://www.pcori.org/research-results/2025/building-capacity-patient-centered-cer-focused-type-1-diabetes-management-alabama|https://www.pcori.org/research-results/2024/stakeholder-convening-around-pcorcer-fatigue-management-patients-multiple-sclerosis|https://www.pcori.org/research-results/2023/building-capacity-patient-centered-cer-focused-community-limited-english-proficiency-alabama
Brown University,6,Rhode Island,,https://www.pcori.org/research-results/2022/improving-cer-study-methodologies-studies-different-respondent-types-using-item-response-theory|https://www.pcori.org/research-results/2020/methods-generalize-results-clinical-trials|https://www.pcori.org/research-results/2018/developing-and-testing-new-methods-linking-and-analyzing-multiple-data-sources-limited-patient-identifiers
Indiana University,6,Indiana,,https://www.pcori.org/research-results/2019/using-basic-and-personalized-decision-aids-and-clinician-alerts-help-patients-make-decisions-about-colorectal-cancer-screening|https://www.pcori.org/research-results/2017/testing-methods-link-health-data-while-protecting-patient-privacy|https://www.pcori.org/research-results/2017/developing-patient-centered-approach-community-paramedicine
Memorandum of Understanding with Agency for Healthcare Research and Quality (AHRQ),6,Maryland,,https://www.pcori.org/research-results/2019/cervical-ripening-outpatient-setting-systematic-review|https://www.pcori.org/research-results/2019/interventions-breathlessness-patients-advanced-cancer-systematic-review|https://www.pcori.org/research-results/2017/stroke-prevention-atrial-fibrillation-patients-systematic-review-update
Memorial Sloan Kettering Cancer Center,6,New York,,https://www.pcori.org/research-results/2024/implementing-massage-and-acupuncture-achieve-better-pain-management-oncology-care|https://www.pcori.org/research-results/2022/can-ab-testing-be-adapted-ethical-and-useful-approach-patient-centered-cer|https://www.pcori.org/research-results/2021/music-therapy-versus-cognitive-behavioral-therapy-anxiety-cancer-survivors
Multicultural AIDS Coalition,6,Massachusetts,,https://www.pcori.org/research-results/2025/developing-and-testing-method-engagement-research-whatsapp|https://www.pcori.org/research-results/2022/building-capacity-patient-centered-cer-representativeness-through-community-serving-organizations-across-america|https://www.pcori.org/research-results/2020/culturally-and-linguistically-appropriate-virtual-engagement-methods-african-immigrants
Stanford University,6,California,,https://www.pcori.org/research-results/2021/idd-transform-building-patient-researcher-collaborative-health-research-about-intellectual-and-developmental-disabilities|https://www.pcori.org/research-results/2021/comparing-effectiveness-two-online-programs-treating-chronic-pain|https://www.pcori.org/research-results/2019/comparing-effectiveness-family-counseling-program-standard-support-promote-treatment-retention-among-people-opioid-use-disorder
Temple University,6,Pennsylvania,,https://www.pcori.org/research-results/2025/ePROs-cancer-treatment-temple-university|https://www.pcori.org/research-results/2024/comparing-peer-support-and-staff-delivered-transportation-interventions-young-adults-intellectual-and-developmental-disabilities-loneliness-social-participation-and-transportation-skills|https://www.pcori.org/research-results/2024/building-capacity-sexual-harm-survivors-idd-engage-healing-centered-outcomes-research
The Research Institute at Nationwide Children's Hospital,6,Ohio,,https://www.pcori.org/research-results/2025/school-based-interventions-prevent-suicidal-behavior-adolescents|https://www.pcori.org/research-results/2022/comparing-two-types-adhd-medicines-children-autism-spectrum-disorder|https://www.pcori.org/research-results/2017/comparing-hair-removal-treatments-adolescents-and-young-adults-pilonidal-disease
Thomas Jefferson University,6,Pennsylvania,,https://www.pcori.org/research-results/2023/testing-two-approaches-engagement-research-design-thinking-and-focus-group-discussions|https://www.pcori.org/research-results/2021/developing-patient-centered-research-agenda-reduce-disparities-telehealth-uptake|https://www.pcori.org/research-results/2017/comparing-two-ways-offer-palliative-care-improve-quality-life-adults-end-stage-liver-disease
Trustees of Dartmouth College,6,New Hampshire,,https://www.pcori.org/research-results/2025/video-integration-versus-traditional-visit-als-patient-caregiver|https://www.pcori.org/research-results/2024/disseminating-pcori-funded-study-results-conversation-aid-help-patients-early-stage-breast-cancer-choose-treatment|https://www.pcori.org/research-results/2022/comparing-effectiveness-sharing-audio-recordings-clinic-visits-visit-notes-alone-quality-life-among-older-adults-multiple-chronic-conditions-primary-care
Trustees of Indiana University,6,Indiana,,https://www.pcori.org/research-results/2025/developing-outcome-weighted-learning-methods-individualized-treatment-recommendations|https://www.pcori.org/research-results/2024/patient-centered-cer-priorities-transitioning-children-cancer-hospital-home|https://www.pcori.org/research-results/2023/comparing-three-brief-behavior-change-interventions-varying-caregiver-involvement-address-adolescent-alcohol-use
Tufts University,6,Massachusetts,,https://www.pcori.org/research-results/2024/implementing-decision-aid-renal-therapy-dart-achieve-widespread-goal-concordant-timely-treatment-decisions-older-adults-kidney-failure|https://www.pcori.org/research-results/2017/improving-oral-health-vulnerable-populations-individuals-idd-tier-iii|https://www.pcori.org/research-results/2017/engaging-cancer-survivors-community-assessing-nutritional-needs-and-barriers-tier-ii
University of Colorado Anschutz Medical Campus,6,Colorado,,https://www.pcori.org/research-results/2022/making-intensive-behavioral-treatment-patients-obesity-part-regular-care-primary-care-clinics|https://www.pcori.org/research-results/2021/partnering-advance-health-and-well-being-children-medical-complexity-and-their-families|https://www.pcori.org/research-results/2020/enhancing-maternalbirth-outcomes-research-advancing-culturally-informed-engagement-embrace
University of Florida Board of Trustees,6,Florida,,https://www.pcori.org/research-results/2025/building-capacity-engage-patient-centered-cer-traumatic-brain-injury|https://www.pcori.org/research-results/2017/comparing-effectiveness-radiation-treatments-localized-prostate-cancer|https://www.pcori.org/research-results/2017/using-pcornet-understand-pcsk9-inhibitor-use-among-patients-risk-heart-disease
University of Iowa,6,Iowa,,https://www.pcori.org/research-results/2024/comparing-effectiveness-two-hospital-triage-strategies-functional-outcomes-adults-suspected-large-vessel-occlusion-ischemic-stroke|https://www.pcori.org/research-results/2022/building-pcorcer-capacity-examine-access-care-families-affected-substance-use-disorder|https://www.pcori.org/research-results/2021/comparing-effectiveness-different-treatment-approaches-neuroendocrine-tumors
University of Wisconsin-Madison,6,Wisconsin,,https://www.pcori.org/research-results/2022/building-capacity-pcorcer-mental-health-care-prison-setting|https://www.pcori.org/research-results/2016/comparing-two-therapy-programs-help-patients-manage-chronic-low-back-pain-stamp-study|https://www.pcori.org/research-results/2016/examining-effectiveness-case-management-programs-preventing-hospital-stays-older-adults-multiple-chronic-health-problems-pcornetr-study
UPMC Center for High ValueHealth Care,6,Pennsylvania,,https://www.pcori.org/research-results/2020/comparing-effectiveness-ways-monitor-adults-home-after-hospitalization-infection-or-sepsis|https://www.pcori.org/research-results/2018/comparing-effectiveness-two-programs-treat-people-inflammatory-bowel-disease-and-behavioral-health-conditions|https://www.pcori.org/research-results/2017/supporting-behavioral-health-home-approaches-improving-patients-health-and-wellness
"Augusta University Research Institute, Inc.",5,Georgia,,https://www.pcori.org/research-results/2026/validating-adapted-stakeholder-centric-engagement|https://www.pcori.org/research-results/2024/testing-novel-approach-engagement-research-participant-researcher-collaborative-design|https://www.pcori.org/research-results/2021/individuals-idd-engaged-aligned-and-leading-iiddeal-outcomes-matter
Case Western Reserve University,5,Ohio,,https://www.pcori.org/research-results/2025/dental-caries-treatments-older-adults|https://www.pcori.org/research-results/2018/comparing-effectiveness-two-treatments-dental-cavities-older-adults|https://www.pcori.org/research-results/2017/comparing-effectiveness-three-formats-providing-fatigue-management-course-reducing-fatigue-among-patients-multiple-sclerosis
Children's Mercy Hospital,5,Missouri,,https://www.pcori.org/research-results/2021/engaging-stakeholders-identify-shared-research-priorities-rare-diseases-children|https://www.pcori.org/research-results/2017/engaging-communities-infectious-diseases-research-and-intervention-development-tier-iii|https://www.pcori.org/research-results/2016/engaging-communities-infectious-diseases-research-and-intervention-development-tier-ii
Cleveland Clinic Foundation,5,Ohio,,https://www.pcori.org/research-results/2025/hypertension-managment-cleveland-clinic|https://www.pcori.org/research-results/2025/prevention-disability-relapsing-remitting-multiple-sclerosis|https://www.pcori.org/research-results/2024/implementation-intensive-lifestyle-treatment-weight-loss-primary-care-settings-cleveland-clinic
"COPD Foundation, Inc.",5,Florida,,https://www.pcori.org/research-results/2019/bridging-gap-between-patientscaregivers-and-copd-research-copd-pprn-bridge-project|https://www.pcori.org/research-results/2017/considering-needs-end-users-copd-dissemination-and-research-connect|https://www.pcori.org/research-results/2016/comparing-two-methods-improve-cpap-use-among-patients-copd-and-obstructive-sleep-apnea-o2verlap-study
Cornell University,5,New York,,https://www.pcori.org/research-results/2020/insight-clinical-research-network-crn|https://www.pcori.org/research-results/2020/evaluating-effect-telehealth-use-patients-chronic-disease-during-covid-19-pandemic|https://www.pcori.org/research-results/2016/methods-identify-and-predict-which-patients-will-have-high-healthcare-needs-and-use-pcornetr-study
HealthPartners Institute,5,Minnesota,,https://www.pcori.org/research-results/2023/convening-communities-color-build-pcor-agenda-around-eating-activity-and-whole-child-growth-birth|https://www.pcori.org/research-results/2022/identifying-patient-centered-outcomes-chronic-disease-management-using-digital-healthcare-interventions|https://www.pcori.org/research-results/2020/comparing-continuous-glucose-monitoring-versus-fingerstick-glucose-monitoring-among-people-type-2-diabetes-insulin
Illinois Institute of Technology,5,Illinois,,https://www.pcori.org/research-results/2019/dissemination-lay-support-address-health-needs-patients-smi|https://www.pcori.org/research-results/2018/engaging-african-americans-mental-illness-research-post-incarceration-health|https://www.pcori.org/research-results/2016/training-and-development-engage-african-american-patients-mental-illness-research-leaders
Joan & Sanford I. Weill Medical College of Cornell University,5,New York,,https://www.pcori.org/research-results/2024/pcornetr-national-patient-centered-clinical-research-network-insight-phase-4|https://www.pcori.org/research-results/2023/comparing-two-treatment-approaches-adults-high-risk-coronary-artery-disease|https://www.pcori.org/research-results/2021/insight-clinical-research-network
Johns Hopkins Bloomberg School of Public Health,5,Maryland,,https://www.pcori.org/research-results/2021/advanced-computational-approaches-integrating-data-assess-effect-heterogeneity|https://www.pcori.org/research-results/2019/building-equitable-dissemination-channels-patient-centered-outcomes-research|https://www.pcori.org/research-results/2016/2017-cue-summit-leveraging-power-patient-consumer-advocacy-transform-healthcare
Johns Hopkins University School of Medicine,5,Maryland,,https://www.pcori.org/research-results/2023/comparing-two-ways-reduce-alcohol-use-youth|https://www.pcori.org/research-results/2022/comparing-two-approaches-treat-adults-gram-negative-bloodstream-infections|https://www.pcori.org/research-results/2019/comparing-three-ways-help-patients-opioid-use-disorder-take-medicines-prescribed
Kaiser Foundation Health Plan of Washington,5,Washington,,https://www.pcori.org/research-results/2020/comparing-two-approaches-preventing-dangerously-low-blood-sugar-adults-type-2-diabetes-pht2-study|https://www.pcori.org/research-results/2019/shared-decision-making-weight-loss-surgery-patients-severe-obesity|https://www.pcori.org/research-results/2013/evaluating-program-lower-prescription-opioid-doses-patients-chronic-pain
Loma Linda University Center for Comparative Effectiveness and Outcomes Research,5,California,,https://www.pcori.org/research-results/2016/healthy-outcomes-former-foster-youth-tier-iii|https://www.pcori.org/research-results/2015/healthy-outcomes-former-foster-youth-tier-ii|https://www.pcori.org/research-results/2015/sepsis-survivors-engagement-project-ssep-tier-ii
National Center for Health Research,5,District of Columbia,,https://www.pcori.org/research-results/2021/engaging-stakeholders-pcorcer-improve-outcomes-all-post-acute-covid-19-patients|https://www.pcori.org/research-results/2018/spreading-word-training-journalists-and-researchers-communicate-pcori-cer-findings|https://www.pcori.org/research-results/2016/developing-research-strategies-avoid-overtreatment-or-under-treatment-patients-pre-cancer-and-early-cancer-tier-i
New York University,5,New York,,https://www.pcori.org/research-results/2022/developing-new-methods-mediation-analysis-using-machine-learning|https://www.pcori.org/research-results/2017/academic-community-collaborative-engage-stakeholders|https://www.pcori.org/research-results/2016/building-capacity-address-mental-health-problems-adults-released-incarceration
Seattle Children's Research Institute,5,Utah|Washington,,https://www.pcori.org/research-results/2024/comparing-moderate-resource-and-high-resource-strategies-increase-guideline-concordant-post-hospitalization-follow-care-children-bronchiolitis|https://www.pcori.org/research-results/2023/developing-and-validating-measure-youth-engagement-research|https://www.pcori.org/research-results/2022/comparing-team-based-approach-standard-well-child-visits-improve-preventive-care-services
Stanford University School of Medicine,5,California,,https://www.pcori.org/research-results/2024/development-scalable-method-identifying-ethical-issues-arising-healthcare-artificial-intelligence|https://www.pcori.org/research-results/2017/comparing-effectiveness-patient-centered-prescription-opioid-reduction-programs-among-patients-chronic-pain-empower-study|https://www.pcori.org/research-results/2016/comparing-two-programs-help-latino-men-lose-weight-hombre-trial
The University of Alabama at Birmingham,5,Alabama,,https://www.pcori.org/research-results/2024/comparing-effectiveness-primary-care-delivered-telehealth-interventions-manage-type-2-diabetes-people-physical-disabilities-and-multiple-chronic-conditions|https://www.pcori.org/research-results/2023/comparing-effectiveness-two-ways-prevent-fractures-adults-fragility-fracture|https://www.pcori.org/research-results/2020/comparing-two-ways-treat-patients-rheumatoid-arthritis
Tufts Medical Center,5,Massachusetts,,https://www.pcori.org/research-results/2019/systematic-collaborative-pfo-closure-evaluation-scope-study-conference-research-related-conference-support-award|https://www.pcori.org/research-results/2017/using-prediction-model-identify-patients-who-can-benefit-diabetes-prevention|https://www.pcori.org/research-results/2016/using-different-data-sets-test-how-well-clinical-prediction-models-work-predict-patients-risk-heart-disease
"University of California, Davis",5,California,,https://www.pcori.org/research-results/2024/referral-person-versus-telehealth-opioid-use-disorder-treatment-following-emergency-department-visit|https://www.pcori.org/research-results/2021/creating-partnerships-diverse-and-underrepresented-communities-build-research-network|https://www.pcori.org/research-results/2020/comparing-two-approaches-improve-families-experiences-care-when-children-receive-treatment-traumatic-injury-emergency-room
University of Illinois at Urbana-Champaign,5,Illinois,,https://www.pcori.org/research-results/2023/rising-engaging-stakeholders-agenda-setting-pcorcer-facilitate-mst-recovery|https://www.pcori.org/research-results/2020/rising-engaging-women-veterans-mental-health-research-military-sexual-trauma|https://www.pcori.org/research-results/2020/engaging-stakeholders-perinatal-depression-research-context-covid-19
"University of Kansas Center for Research, Inc.",5,Kansas,,https://www.pcori.org/research-results/2022/kansas-health-and-research-participation-k-harp-network-building-capacity-self-determination|https://www.pcori.org/research-results/2021/health-food-and-family-rural-systems-and-covid-19-decision-making|https://www.pcori.org/research-results/2019/migratory-and-seasonal-agricultural-workers-and-health-research-developing-capacity-pcor
University of Kentucky Research Foundation,5,Kentucky,,https://www.pcori.org/research-results/2022/disseminating-pcor-results-about-disabilities-black-and-hispanic-new-and-expectant-parents|https://www.pcori.org/research-results/2021/comparing-effectiveness-two-ways-preventing-suicide-among-young-adults-suicidal-ideation|https://www.pcori.org/research-results/2020/surviving-suicide-convening-lived-experience-research-improve-patient-centered-outcomes
University of Pittsburgh at Pittsburgh,5,Pennsylvania,,https://www.pcori.org/research-results/2024/path-patient-centered-health-and-health-care|https://www.pcori.org/research-results/2014/comparing-treatments-improving-physical-function-patients-who-had-knee-replacement-surgery|https://www.pcori.org/research-results/2014/comparing-early-rehab-therapy-usual-care-children-acute-brain-injuries
University of South Carolina,5,South Carolina,,https://www.pcori.org/research-results/2021/covid-19-focused-virtual-patient-engagement-studio-covip-studio|https://www.pcori.org/research-results/2020/virtual-patient-engagement-vip-studio-using-technology-engage-hard-reach-patients|https://www.pcori.org/research-results/2018/comparing-two-behavioral-health-programs-schools-improve-students-mental-health-and-academic-outcomes
University of Texas Health Science Center at San Antonio,5,Texas,,https://www.pcori.org/research-results/2019/mag-pcor-muna-tayo-nationwide-capacity-building-filipino-americans-engage-pcor-and-cer|https://www.pcori.org/research-results/2016/annual-conference-community-engaged-healthcare-improvement|https://www.pcori.org/research-results/2015/2015-summer-institute-engaging-patient-and-professionals-advance-clinical-excellence
Vanderbilt University,5,Tennessee,,https://www.pcori.org/research-results/2022/addressing-barriers-engaging-patient-caregivers-experiencing-critical-illness-build-capacity-pcor|https://www.pcori.org/research-results/2021/capacity-building-create-patient-centered-research-dissemination-model|https://www.pcori.org/research-results/2014/tennessee-sickle-cell-disease-network-project
Virginia Commonwealth University,5,Virginia,,https://www.pcori.org/research-results/2025/building-capacity-patient-centered-cer-focused-anal-dysplasia-and-cancer-central-virginia|https://www.pcori.org/research-results/2022/building-united-idd-research-agenda-together|https://www.pcori.org/research-results/2020/multi-stakeholder-approach-research-development-dissemination-through-extensions-impact-collaborative
Alliance for Aging Research,4,District of Columbia,,https://www.pcori.org/research-results/2024/pathways-parity-empowering-advocates-alzheimers-research-people-down-syndrome|https://www.pcori.org/research-results/2021/talk-nerdy-me|https://www.pcori.org/research-results/2019/senior-patient-family-caregiver-network
Alliance of Community Health Plans Foundation,4,District of Columbia,,https://www.pcori.org/research-results/2022/establishing-research-agenda-reduce-toxic-stress-and-increase-maternal-health-equity|https://www.pcori.org/research-results/2020/reducing-chronic-illness-risk-factors-rural-communities-through-health-plan-community-partnership|https://www.pcori.org/research-results/2019/peer-led-interventions-expand-access-care-health-plan-members-smi
Billings Clinic Center for Clinical Translational Research,4,Montana,,https://www.pcori.org/research-results/2017/engaging-rural-communities-identify-and-address-gaps-and-barriers-healthcare-dementia|https://www.pcori.org/research-results/2016/improving-lives-alzheimers-patients-and-their-caregivers-patient-centered-statewide-approach-tier-iii|https://www.pcori.org/research-results/2015/improving-lives-alzheimers-patients-and-their-caregivers-patient-centered-statewide-approach-tier-ii
Board of Trustees of the Leland Stanford Junior University,4,California,,https://www.pcori.org/research-results/2021/comparing-effectiveness-two-weight-loss-programs-among-women|https://www.pcori.org/research-results/2019/open-source-crowdsourcing-platform-community-engaged-research-and-dissemination|https://www.pcori.org/research-results/2018/integrating-patient-centered-outcomes-research-wikipedia-initiative-increase-capacity-and-build-partnerships
Boston Children's Hospital,4,Massachusetts,,https://www.pcori.org/research-results/2026/brain-mri-genetic-testing-diagnostic-workup-cerebral-palsy|https://www.pcori.org/research-results/2019/partners-enabling-real-time-personalized-engagement-research-app-based-approach|https://www.pcori.org/research-results/2017/testing-two-patient-surveys-diagnosing-rare-genetic-conditions
Brandeis University,4,Massachusetts,,https://www.pcori.org/research-results/2023/building-bridges-mothers-idd-and-behavioral-health-conditions|https://www.pcori.org/research-results/2021/engaging-mothers-idd-and-behavioral-health-conditions-research|https://www.pcori.org/research-results/2020/virtual-engagement-mothers-mental-illness-and-substance-use-context-covid-19
Denver Health and Hospital Authority,4,Colorado,,https://www.pcori.org/research-results/2023/comparing-effectiveness-two-ways-reduce-overuse-antibiotics-among-children-ear-infections-disapear-study|https://www.pcori.org/research-results/2017/building-collaborative-partnership-super-utilizing-female-patients-multiple-chronic-conditions-including-mental-illness-and-substance-use-tier-ii|https://www.pcori.org/research-results/2016/creating-patient-stakeholder-council-and-patient-partner-network-resources-colorado-patients
Family-Run Executive Director Leadership Association (FREDLA),4,Maryland,,https://www.pcori.org/research-results/2022/youth-and-family-behavioral-health-service-priorities-identifying-outcomes-matter|https://www.pcori.org/research-results/2017/improving-outcomes-children-mental-health-challenges-and-their-families-through-parent-parent-peer-support-tier-iii|https://www.pcori.org/research-results/2016/improving-outcomes-children-mental-health-challenges-and-their-families-through-parent-parent-peer-support-tier-ii
Fred Hutchinson Cancer Center,4,Washington,,https://www.pcori.org/research-results/2024/improve-design-and-analysis-randomized-screening-trials-new-era-cancer-early-detection|https://www.pcori.org/research-results/2015/comparing-ways-improve-prescribing-colony-stimulating-factor-cancer-treatment-tracer-study|https://www.pcori.org/research-results/2013/can-value-information-estimates-help-funding-organizations-prioritize-which-cancer-studies-fund
"Genetic Alliance, Inc.",4,District of Columbia,,https://www.pcori.org/research-results/2016/pcornet-coordinating-center-phase-ii-genetic-alliance|https://www.pcori.org/research-results/2015/pcornet-coordinating-center-phase-i-genetic-alliance|https://www.pcori.org/research-results/2015/community-engaged-network-all-cena
George Washington University,4,District of Columbia,,https://www.pcori.org/research-results/2018/disseminating-patient-driven-standards-quality-cancer-survivorship-care|https://www.pcori.org/research-results/2015/oncology-patient-centered-outcomes-research-portal|https://www.pcori.org/research-results/2013/comparing-three-methods-help-patients-manage-type-2-diabetes
Georgetown University,4,District of Columbia,,https://www.pcori.org/research-results/2017/building-capacity-and-reducing-barriers-inclusion-underserved-black-youth-and-families-behavioral-and-mental-health-patient-centered-outcomes-research-tier-iii|https://www.pcori.org/research-results/2016/building-capacity-and-reducing-barriers-inclusion-underserved-black-youth-and-families-behavioral-and-mental-health-patient-centered-outcomes-research-tier-ii|https://www.pcori.org/research-results/2014/comparing-stopping-versus-continuing-use-tumor-necrosis-factor-inhibitors-adults-rheumatoid-arthritis-remission-stara-study
"Harvard Pilgrim Health Care ,Inc.",4,Massachusetts,,https://www.pcori.org/research-results/2023/developing-machine-learning-methods-predict-disease-trajectories|https://www.pcori.org/research-results/2016/effect-high-deductible-health-plans-and-preventive-drug-lists-asthma-attacks-medicine-use-and-out-pocket-costs-afford-study|https://www.pcori.org/research-results/2015/effect-high-deductible-health-plans-healthcare-use-and-out-pocket-costs-people-bipolar-disorder
Hemophilia Federation of America,4,District of Columbia,,https://www.pcori.org/research-results/2022/driving-stakeholder-support-and-adoption-research-agenda-improve-outcomes-women-bd|https://www.pcori.org/research-results/2020/women-research-engaged-while-distancing-wired|https://www.pcori.org/research-results/2019/first-females-research-sharing-and-translation
Innovation and Value Initiative (IVI) Foundation,4,Virginia,,https://www.pcori.org/research-results/2022/engaging-patients-rare-disease-identifying-meaningful-approaches-cer-and-value-assessment|https://www.pcori.org/research-results/2022/recommendations-guide-adoption-patient-centered-outcomes-and-impacts-decision-making|https://www.pcori.org/research-results/2021/designing-equitable-measures-and-methods-patient-priorities-healthcare-value-assessment
Institute for Patient- and Family-Centered Care,4,Maryland|Virginia,,https://www.pcori.org/research-results/2021/building-capacity-long-term-care-stakeholders-covid-related-pcorcer|https://www.pcori.org/research-results/2021/learning-experience-exploring-impact-approaches-family-presence-hospitals-during-covid-19|https://www.pcori.org/research-results/2020/amplifying-peer-voice-behavioral-health-research-drive-transformation
Jefferson Health,4,Pennsylvania,,https://www.pcori.org/research-results/2026/hypertension-managment-jefferson-health|https://www.pcori.org/research-results/2025/ePROs-cancer-treatment-jefferson-health|https://www.pcori.org/research-results/2024/implementation-intensive-lifestyle-treatment-weight-loss-primary-care-settings-jefferson-health
Johns Hopkins School of Medicine,4,Maryland,,https://www.pcori.org/research-results/2022/supporting-pain-management-sickle-cell-disease-crisis-infusion-centers|https://www.pcori.org/research-results/2019/expanding-access-infusion-center-model-people-living-scd|https://www.pcori.org/research-results/2019/schooling-after-childhood-cancer-disseminating-evidence-improve-outcomes
Massachusetts General Hospital (The General Hospital Corp.),4,Massachusetts,,https://www.pcori.org/research-results/2025/group-delivered-behavioral-interventions-dementia-caregiver-strain|https://www.pcori.org/research-results/2022/comparing-four-ways-delivering-school-based-brief-interventions-motivate-reduction-alcohol-use|https://www.pcori.org/research-results/2015/moodnetwork
"Medical Technology & Practice Patterns Institute, Inc.",4,Maryland,,https://www.pcori.org/research-results/2018/series-workshops-cer-methods-time-varying-treatments|https://www.pcori.org/research-results/2018/better-care-and-outcomes-dialysis-patients-implementation-pcori-findings-using-esrd-networks|https://www.pcori.org/research-results/2017/esrd-anemia-research-priorities-perspectives-dialysis-patients-and-stakeholders
Mercy Health,4,Missouri,,https://www.pcori.org/research-results/2026/hypertension-managment-mercy-health|https://www.pcori.org/research-results/2025/ePROs-cancer-treatment-mercy-health|https://www.pcori.org/research-results/2024/implementation-intensive-lifestyle-treatment-weight-loss-primary-care-settings-mercy-health
MultiCare Health System,4,Washington,,https://www.pcori.org/research-results/2022/youth-caregivers-and-healthcare-professionals-integrating-stakeholder-driven-research-transgender-youth|https://www.pcori.org/research-results/2020/videoconferences-share-strategies-building-adolescent-and-young-adult-aya-oncology-councils|https://www.pcori.org/research-results/2016/establishing-patient-centered-and-community-based-adolescent-young-adult-oncology-council
National Association of School Nurses,4,Maryland,,https://www.pcori.org/research-results/2022/dissemination-initiative-targeting-school-nurses-and-children-they-serve|https://www.pcori.org/research-results/2017/developing-studentfamily-centered-school-health-collaborative-tier-iii|https://www.pcori.org/research-results/2016/developing-studentfamily-centered-school-health-collaborative-tier-ii
National Health Council,4,District of Columbia,,https://www.pcori.org/research-results/2022/multi-stakeholder-dialogue-achieving-patient-centered-core-impact-sets|https://www.pcori.org/research-results/2019/building-capacity-patient-engagement-real-world-evidence-development|https://www.pcori.org/research-results/2018/increasing-patient-community-capacity-engage-value-assessment
National Psoriasis Foundation,4,Oregon,,https://www.pcori.org/research-results/2016/national-psoriasis-foundation-psoriatic-disease-research-ambassadors|https://www.pcori.org/research-results/2016/citizen-pscientist-tier-iii|https://www.pcori.org/research-results/2015/citizen-pscientist-tier-ii
"Oregon Community Health Information Network, Inc. (OCHIN)",4,Oregon,,https://www.pcori.org/research-results/2021/accelerating-data-value-across-national-community-health-center-network-advance-clinical-research-network-crn|https://www.pcori.org/research-results/2016/measuring-effects-social-risks-patient-health-outcomes-pcornetr-study|https://www.pcori.org/research-results/2013/accelerating-data-value-across-national-community-health-center-network-advance-phase-i
Phelan-McDermid Syndrome Foundation,4,Florida,,https://www.pcori.org/research-results/2019/stakeholder-engagement-communication-genetic-information-phelan-mcdermid-syndrome|https://www.pcori.org/research-results/2015/phelan-mcdermid-syndrome-patient-centered-outcomes-workshop|https://www.pcori.org/research-results/2015/phelan-mcdermid-syndrome-data-network-pmsdn
President and Fellows of Harvard College,4,Massachusetts,,https://www.pcori.org/research-results/2025/methods-integrate-findings-personalized-medicine-studies|https://www.pcori.org/research-results/2022/fast-and-robust-weighting-methods-targeted-comparative-effectiveness-research|https://www.pcori.org/research-results/2022/improving-methods-benchmarking-and-joint-analysis-observational-studies
Regents of the University of Minnesota,4,Minnesota,,https://www.pcori.org/research-results/2022/developing-new-methods-building-more-accurate-risk-prediction-models-electronic-health-records|https://www.pcori.org/research-results/2020/developing-methods-engagement-somali-immigrant-communities-era-covid-19|https://www.pcori.org/research-results/2017/developing-health-services-research-agenda-twin-cities-consortium-alzheimers-research-t-car-tier-ii
Seattle Children's Hospital,4,Washington,,https://www.pcori.org/research-results/2016/improving-diabetes-education-and-management-schools-community-project-tier-iii|https://www.pcori.org/research-results/2015/improving-diabetes-education-and-management-schools-community-project-tier-ii|https://www.pcori.org/research-results/2014/testing-clinic-based-program-reduce-risky-behaviors-among-teens
SIHF Healthcare,4,Illinois,,https://www.pcori.org/research-results/2017/patient-centered-diabetes-research-partnership|https://www.pcori.org/research-results/2017/behavior-health-research-capacity-development-tier-iii|https://www.pcori.org/research-results/2016/behavioral-health-research-capacity-development-tier-ii
The Board of Trustees of the University of Illinois,4,Illinois,,https://www.pcori.org/research-results/2021/comparing-coordinated-concordant-and-trust-centered-care-usual-care-during-pregnancy|https://www.pcori.org/research-results/2017/developing-patient-led-multiple-sclerosis-research-community-tier-iii|https://www.pcori.org/research-results/2016/patient-led-multiple-sclerosis-research-community-tier-ii
Tulane University,4,Louisiana,,https://www.pcori.org/research-results/2017/transitioning-prisoner-patient-addressing-health-care-needs-formerly-incarcerated-tier-iii|https://www.pcori.org/research-results/2016/transitioning-prisoner-patient-addressing-healthcare-needs-formerly-incarcerated-tier-ii|https://www.pcori.org/research-results/2016/extra-time-planning-care-associated-improved-health-among-patients-type-2-diabetes
University of Alabama at Birmingham,4,Alabama,,https://www.pcori.org/research-results/2018/expanding-use-decision-aid-help-people-lupus-nephritis-make-decisions-about-treatment|https://www.pcori.org/research-results/2017/putting-shared-decision-making-process-place-emergency-department-patients-chest-pain|https://www.pcori.org/research-results/2016/comparing-clinic-based-versus-home-based-exercise-programs-among-people-multiple-sclerosis-teams-study
University of Arizona,4,Arizona,,https://www.pcori.org/research-results/2025/comparative-effectiveness-treatments-sleep-apnea|https://www.pcori.org/research-results/2019/building-research-capacity-hearing-loss-interventions-hispanic-latinx-communities|https://www.pcori.org/research-results/2019/expanding-program-trains-peers-support-patients-sleep-apnea
University of Kansas Medical Center Research Institute,4,Kansas,,https://www.pcori.org/research-results/2024/empowering-voices-engaging-black-male-mental-health-providers-and-fathers-paternal-mental-health|https://www.pcori.org/research-results/2022/engaging-black-stakeholders-reduce-severe-maternal-morbidity-and-chronic-hypertension|https://www.pcori.org/research-results/2022/convening-stakeholders-advance-research-near-miss-severe-maternal-morbidity
"University of Kansas Medical Center Research Institute, Inc.",4,Kansas,,https://www.pcori.org/research-results/2024/older-women-leading-healthy-aging-research-together-owlhart|https://www.pcori.org/research-results/2019/engaging-patients-and-diverse-stakeholders-color-create-birth-equity-collaborative-effort|https://www.pcori.org/research-results/2017/setting-community-driven-priorities-about-polycystic-kidney-disease-care-establishing-multi-stakeholder-engagement-team
University of Michigan at Ann Arbor,4,Michigan,,https://www.pcori.org/research-results/2024/development-personalized-patient-reported-outcome-reports-using-machine-learning|https://www.pcori.org/research-results/2022/partnering-advance-psycho-oncology-services-underrepresented-adolescents-and-young-adults-cancer|https://www.pcori.org/research-results/2013/testing-decision-aid-help-patients-choose-between-two-types-bariatric-surgery
University of Pittsburgh School of Medicine,4,Pennsylvania,,https://www.pcori.org/research-results/2023/comparing-effectiveness-two-strategies-improve-liver-and-colon-cancer-screening-veterans|https://www.pcori.org/research-results/2021/path-health-pcornet-clinical-research-network|https://www.pcori.org/research-results/2018/helping-pain-clinics-use-surveys-understand-patient-centered-factors-affect-treatment
University of Utah School of Medicine,4,Utah,,https://www.pcori.org/research-results/2025/testing-novel-method-engagement-research-collaboration-patients-healthcare-leaders|https://www.pcori.org/research-results/2016/patient-centered-transitions-surgical-care-tier-iii|https://www.pcori.org/research-results/2015/patient-centered-transitions-surgical-care-tier-ii
Washington University School of Medicine,4,Missouri,,https://www.pcori.org/research-results/2016/creating-survey-community-engagement-research|https://www.pcori.org/research-results/2016/comparing-treatment-approaches-older-adults-treatment-resistant-depression-optimum-study|https://www.pcori.org/research-results/2015/comparing-surgery-and-without-duraplasty-youth-chiari-malformation-type-i-and-syringomyelia
Advocate Aurora Health,3,Illinois|Wisconsin,,https://www.pcori.org/research-results/2026/ePROs-cancer-treatment-advocate-aurora-health|https://www.pcori.org/research-results/2025/antibiotic-prescribing-children-artis-advocate-aurora-health|https://www.pcori.org/research-results/2023/advocate-aurora-health-hsii-capacity-building-project
AllianceChicago,3,Illinois,,https://www.pcori.org/research-results/2023/engagement-research-and-evidence-sharing-augment-community-health-e-reach|https://www.pcori.org/research-results/2021/research-engagement-and-partnerships-reproductive-and-maternal-health-outcomes-repro|https://www.pcori.org/research-results/2020/chapter-chicago-coalition-around-pcor-expand-community-research
American Academy of Family Physicians,3,Kansas,,https://www.pcori.org/research-results/2018/building-sustainable-infrastructure-disseminate-pcor-and-cer-findings-primary-care-audiences|https://www.pcori.org/research-results/2018/building-pcor-capacity-newcomer-patients-practice-based-research-networks|https://www.pcori.org/research-results/2016/engagement-advance-pcor-family-medicine
American Sleep Apnea Association,3,District of Columbia,,https://www.pcori.org/research-results/2022/developing-patient-leadership-capacity-sleep-apnea-pcorcer-research|https://www.pcori.org/research-results/2017/partnership-building-sleep-related-cer-questions|https://www.pcori.org/research-results/2016/using-social-media-develop-and-maintain-patient-and-stakeholder-relationships-sleep-community
Arbor Research Collaborative for Health,3,Michigan,,https://www.pcori.org/research-results/2015/nephcure-kidney-network-nkn|https://www.pcori.org/research-results/2013/nephcure-kidney-network-patients-nephrotic-syndrome-phase-i|https://www.pcori.org/research-results/2012/does-online-decision-aid-help-people-advanced-chronic-kidney-disease-choose-between-two-treatment-options
Arkansas Transgender Equality Coalition,3,Arkansas,,https://www.pcori.org/research-results/2017/engagement-arkansas-transgender-community-identify-patient-centered-outcomes-and-research-priorities-tier-iii|https://www.pcori.org/research-results/2016/engagement-arkansas-transgender-community-identify-patient-centered-outcomes-and-research-priorities-tier-ii|https://www.pcori.org/research-results/2015/engagement-arkansas-transgender-community-identify-patient-centered-outcomes-and-research-priorities
Ascension Health,3,Missouri,,https://www.pcori.org/research-results/2026/hypertension-management-ascension|https://www.pcori.org/research-results/2024/implementation-appropriate-antibiotic-prescribing-children-acute-respiratory-tract-infections-outpatient-settings-ascension-health|https://www.pcori.org/research-results/2023/ascension-health-hsii-capacity-building-project
Athens Photographic Project,3,Ohio,,https://www.pcori.org/research-results/2017/i-have-voice-mental-health-recovery-support-tier-iii|https://www.pcori.org/research-results/2016/i-have-voice-empowering-mental-health-consumers-engage-patient-centered-research-community-improve-options-mental-health-recovery-support-tier-ii|https://www.pcori.org/research-results/2015/i-have-voice-empowering-mental-health-consumers-engage-patient-centered-research-community-improve-options-mental-health-recovery-support
Atrium Health,3,North Carolina,,https://www.pcori.org/research-results/2023/atrium-health-hsii-capacity-building-project|https://www.pcori.org/research-results/2017/comparing-two-ways-support-care-transitions-youth-sickle-cell-disease-st3p-study|https://www.pcori.org/research-results/2013/training-staff-doctors-offices-use-shared-decision-making-patients-choosing-asthma-treatments
Beth Israel Deaconess Medical Center,3,Massachusetts,,https://www.pcori.org/research-results/2024/comparing-effectiveness-alert-driven-and-guideline-based-remote-monitoring-care-among-adults-cardiac-implantable-electrical-devices|https://www.pcori.org/research-results/2023/sleep-cognition-and-pain-bundle-versus-enhanced-recovery-minimizing-delirium-after-heart-surgery|https://www.pcori.org/research-results/2017/comparing-approaches-increase-living-donor-kidney-transplantation-black-patients-end-stage-kidney-disease
Bethel Neighborhood Center,3,Kansas,,https://www.pcori.org/research-results/2017/effective-communication-among-newcomer-patients-diabetes-mellitus-their-families-and-healthcare-providerssystems-around-diabetes-care-tier-iii|https://www.pcori.org/research-results/2016/effective-communication-among-newcomer-patients-diabetes-mellitus-their-families-and-healthcare-providerssystems-around-diabetes-care-tier-ii|https://www.pcori.org/research-results/2015/effective-communication-among-newcomer-patients-diabetes-mellitus-their-families-and-healthcare-providerssystems-about-diabetes-care
Bladder Cancer Advocacy Network,3,Maryland,,https://www.pcori.org/research-results/2019/promoting-implementation-patient-engagement-pipe|https://www.pcori.org/research-results/2017/patient-empowerment-through-engagement-research-training-bladder-cancer-pcor-peer|https://www.pcori.org/research-results/2014/bladder-cancer-patient-survey-network-research-prioritization
Boston University,3,Massachusetts,,https://www.pcori.org/research-results/2024/comparing-effectiveness-two-counseling-strategies-patients-experiencing-intimate-partner-violence|https://www.pcori.org/research-results/2017/comparing-ways-treat-insomnia-among-black-women|https://www.pcori.org/research-results/2017/building-national-partnership-identify-mental-health-priorities-young-adults-intellectual-and-developmental-disabilities-ya-idd
"Brigham and Women's Hospital, Pulmonary and Critical Care Department",3,Massachusetts,,https://www.pcori.org/research-results/2017/after-icu-tier-iii|https://www.pcori.org/research-results/2016/after-icu-collaborative-improve-critical-illness-survivorship-tier-ii|https://www.pcori.org/research-results/2015/after-icu-collaborative-improve-critical-illness-survivorship
Brown University School of Public Health,3,Rhode Island,,https://www.pcori.org/research-results/2023/developing-statistical-methods-handling-missing-patient-data-electronic-health-records|https://www.pcori.org/research-results/2021/comparing-two-ways-provide-meals-older-adults-help-them-stay-healthy-and-remain-their-homes|https://www.pcori.org/research-results/2018/rhode-island-community-academic-partnership-behavioral-health
Cedars-Sinai Medical Center,3,California,,https://www.pcori.org/research-results/2025/surgical-transcatheter-aortic-valve-replacement-treatment-severe-bicuspid-aortic-valve-stenosis|https://www.pcori.org/research-results/2017/using-new-survey-learn-about-womens-experiences-hospital-care-childbirth|https://www.pcori.org/research-results/2016/comparing-two-approaches-help-patients-and-doctors-talk-about-chronic-pain-treatments-voices-pain-care
Center for Health Policy Development,3,Maine,,https://www.pcori.org/research-results/2020/disseminating-pcor-telehealth-inform-sustainability-emergency-policies-and-practices|https://www.pcori.org/research-results/2019/disseminating-pcor-telehealth-state-health-policymakers-maximize-its-relevance-impact|https://www.pcori.org/research-results/2015/engagement-evidence-using-pcor-and-cer-inform-state-policymaking
Center for Practical Bioethics,3,Missouri,,https://www.pcori.org/research-results/2017/relieving-pain-kansas-city-tier-iii|https://www.pcori.org/research-results/2016/relieving-pain-kansas-city-tier-ii|https://www.pcori.org/research-results/2015/relieving-pain-kansas-city-chronic-pain-multistakeholder-collaborative
Cheyenne Wyoming Parkinson's Disease Support Group,3,Wyoming,,https://www.pcori.org/research-results/2016/improving-quality-care-wyoming-parkinsons-disease-community-tier-iii|https://www.pcori.org/research-results/2015/improving-quality-care-wyoming-parkinsons-disease-community-tier-ii|https://www.pcori.org/research-results/2013/patient-centered-outcomes-parkinsons-disease-community-wyoming
Children's Hospital of Colorado,3,Colorado,,https://www.pcori.org/research-results/2017/developing-effective-interventions-achieve-healthy-weight-among-hispanic-children-ages-0-5-tier-iii|https://www.pcori.org/research-results/2016/developing-effective-interventions-achieve-healthy-weight-among-hispanic-children-ages-0-5-tier-ii|https://www.pcori.org/research-results/2015/developing-effective-interventions-achieve-healthy-weight-among-hispanic-children-ages-0-5
Cincinnati Children’s Hospital Medical Center,3,Ohio,,https://www.pcori.org/research-results/2020/empowering-mothers-and-providers-and-other-stakeholders-weigh-experts-research-empower|https://www.pcori.org/research-results/2019/clinical-effectiveness-research-prioritization-children-and-their-families-affected-hepatoblastoma|https://www.pcori.org/research-results/2016/understanding-how-use-single-patient-studies-answer-patient-identified-research-questions
"Clinical Directors Network, Inc.",3,New York,,https://www.pcori.org/research-results/2014/testing-way-keep-staph-infections-recurring|https://www.pcori.org/research-results/2014/enhancing-community-health-center-pcori-engagement|https://www.pcori.org/research-results/2013/comparing-two-programs-increase-cancer-screening-women-depression
Coalition for Compassionate Care of California,3,California,,https://www.pcori.org/research-results/2021/developing-capacity-build-prepare-advance-care-planning-acp-eco-system-california|https://www.pcori.org/research-results/2018/transforming-care-engaging-patients-palliative-care-ambassadors|https://www.pcori.org/research-results/2016/cccc-2017-palliative-care-summit
Columbia Gorge Family Medicine,3,Oregon,,https://www.pcori.org/research-results/2016/connecting-research-real-life-building-research-network-columbia-river-gorge-tier-iii|https://www.pcori.org/research-results/2015/connecting-research-real-life-building-research-network-columbia-river-gorge-tier-ii|https://www.pcori.org/research-results/2013/connecting-research-and-real-life-building-network-columbia-river-gorge
CommonSpirit Health,3,Colorado,,https://www.pcori.org/research-results/2026/hypertension-managment-commonspirit-health|https://www.pcori.org/research-results/2025/antibiotic-prescribing-children-artis-commonspirit-health|https://www.pcori.org/research-results/2023/commonspirit-health-hsii-capacity-building-project
Community Catalyst,3,Massachusetts,,https://www.pcori.org/research-results/2023/capacity-building-patient-engagement-pcor-effective-use-telehealth-sud-treatment|https://www.pcori.org/research-results/2022/black-women-consulting-advance-addiction-research-and-engagement|https://www.pcori.org/research-results/2018/patients-lead-identifying-meaningful-outcomes-drive-substance-use-disorders-research-and-care
Community-Campus Partnerships for Health,3,North Carolina,,https://www.pcori.org/research-results/2020/heart-matter-building-framework-collective-action|https://www.pcori.org/research-results/2017/patient-engagement-enhancing-culturally-appropriate-research|https://www.pcori.org/research-results/2015/facilitating-patient-and-stakeholder-engagement-through-partnerships
Council of Medical Specialty Societies,3,Illinois,,https://www.pcori.org/research-results/2024/building-meaningful-pcor-collaboration-between-patients-and-clinical-partners|https://www.pcori.org/research-results/2021/promise-patient-led-research-integration-clinical-registries-and-research|https://www.pcori.org/research-results/2018/engaging-patients-clinical-data-registries
CysticLife,3,Arizona,,https://www.pcori.org/research-results/2016/establishing-patient-centered-research-community-cystic-fibrosis-tier-iii|https://www.pcori.org/research-results/2015/establishing-patient-centered-research-community-cystic-fibrosis-tier-ii|https://www.pcori.org/research-results/2013/establishing-patient-centered-research-community-cystic-fibrosis
Denver Health,3,Colorado,,https://www.pcori.org/research-results/2016/building-collaborative-partnership-super-utilizing-female-patients-multiple-chronic-medical-conditions-including-mental-illness-and-substance-use-tier-i|https://www.pcori.org/research-results/2015/engaging-colorado-families-healthy-pregnancies-tier-ii|https://www.pcori.org/research-results/2013/engaging-communities-fight-against-preterm-birth
"Department of Orthopaedic Surgery, Hospital for Joint Diseases, NYU Langone Medical Center",3,New York,,https://www.pcori.org/research-results/2017/engaging-patients-and-community-members-managing-and-treating-osteoarthritis-tier-iii|https://www.pcori.org/research-results/2016/engaging-patients-and-community-members-managing-and-treating-osteoarthitis-tier-ii|https://www.pcori.org/research-results/2015/engaging-patients-and-community-members-managing-and-treating-osteoarthritis
Dravet Syndrome Foundation,3,Connecticut|New Jersey,,https://www.pcori.org/research-results/2018/expanding-engagement-dravet-syndrome-and-developing-best-practice-paradigm-other-rare-disease-communities|https://www.pcori.org/research-results/2017/developing-comparative-effectiveness-research-dravet-syndrome-tier-ii|https://www.pcori.org/research-results/2016/developing-comparative-effectiveness-research-dravet-syndrome-tier-i
Duke University Health System,3,North Carolina,,https://www.pcori.org/research-results/2025/ePROs-cancer-treatment-duke-health|https://www.pcori.org/research-results/2024/implementation-appropriate-antibiotic-prescribing-children-acute-respiratory-tract-infections-outpatient-settings-duke-university-health-system|https://www.pcori.org/research-results/2023/duke-university-health-system-hsii-capacity-building-project
"Duke University, DCRI",3,Massachusetts|North Carolina,,https://www.pcori.org/research-results/2021/coordinating-center-communications|https://www.pcori.org/research-results/2021/coordinating-center-common-data-model-data-characterization-and-privacy-preserving-record-linkage|https://www.pcori.org/research-results/2021/coordinating-center-program-management-office
"F.O.C.U.S. Greater Syracuse, Inc.",3,New York,,https://www.pcori.org/research-results/2017/central-new-york-citizens-research-and-action-network-cny-can-tier-iii|https://www.pcori.org/research-results/2016/central-new-york-citizens-aging-research-and-action-network-cny-can-tier-ii|https://www.pcori.org/research-results/2015/central-new-york-citizens-aging-research-action-network-cny-can
"Family Voices, Inc.",3,Massachusetts|New Mexico,,https://www.pcori.org/research-results/2021/building-capacity-african-american-asd-community-patient-centered-outcomes-research|https://www.pcori.org/research-results/2017/family-wisdom-working-family-family-organizations-build-community-capacity-pcor|https://www.pcori.org/research-results/2013/engaging-native-american-and-spanish-speaking-families-and-sharing-family-wisdom-reduce-childhood-obesity
Feinstein Institute for Medical Research,3,New York,,https://www.pcori.org/research-results/2018/comparing-two-programs-help-hispanic-patients-manage-type-2-diabetes-cultura-dm2-trial|https://www.pcori.org/research-results/2016/testing-whether-referral-telehealth-program-helps-african-american-and-hispanic-adults-copd-transition-hospital-home|https://www.pcori.org/research-results/2013/comparing-two-methods-caring-black-and-hispanic-adults-heart-failure-after-they-leave-hospital
Georgetown University Medical Center,3,District of Columbia,,https://www.pcori.org/research-results/2022/comparing-antibiotics-and-over-counter-treatments-acute-sinus-infections|https://www.pcori.org/research-results/2017/comparing-meditation-versus-medicine-patients-anxiety-disorders|https://www.pcori.org/research-results/2015/engaging-black-faith-communities-address-mental-health-disparities-curriculum-development
Georgia Center for Oncology Research and Education,3,Georgia,,https://www.pcori.org/research-results/2017/patient-centered-cancer-survivorship-care-improving-quality-care-and-quality-life-survivors-georgia-tier-iii|https://www.pcori.org/research-results/2016/patient-centered-cancer-survivorship-care-improving-quality-care-and-quality-life-survivors-georgia-tier-ii|https://www.pcori.org/research-results/2015/patient-centered-cancer-survivorship-care-improving-quality-care-and-quality-life-survivors-georgia
Georgia Watch,3,Georgia,,https://www.pcori.org/research-results/2017/assessing-health-outcomes-rural-areas-where-nurse-practitioners-provide-primary-care-tier-iii|https://www.pcori.org/research-results/2016/assessing-health-outcomes-rural-areas-where-nurse-practitioners-provide-primary-care-tier-ii|https://www.pcori.org/research-results/2015/assessing-health-outcomes-rural-areas-where-nurse-practitioners-provide-primary-care
"Hudson River HealthCare, Inc.",3,New York,,https://www.pcori.org/research-results/2017/optimizing-care-delivery-and-coordination-aging-hiv-positive-population-tier-iii|https://www.pcori.org/research-results/2016/optimizing-care-delivery-and-coordination-aging-hiv-positive-population-tier-ii|https://www.pcori.org/research-results/2015/optimizing-care-delivery-and-coordination-aging-hiv-positive-population
Hugo W. Moser Research Institute Kennedy Krieger,3,Maryland,,https://www.pcori.org/research-results/2021/healthcare-communication-optimize-functional-outcomes-youth-intellectual-and-developmental-disabilities|https://www.pcori.org/research-results/2021/communicating-late-effects-cancer-state-science-and-establishing-research-priorities|https://www.pcori.org/research-results/2016/surviving-cancer-thriving-life
Icahn School of Medicine at Mount Sinai,3,New York,,https://www.pcori.org/research-results/2020/community-engagement-and-research-setting-covid-19-pandemic-new-york-city|https://www.pcori.org/research-results/2016/comparing-effect-medicaid-health-home-programs-health-outcomes-among-patients-type-2-diabetes|https://www.pcori.org/research-results/2013/using-home-or-clinic-based-program-help-older-adults-manage-their-asthma-samba-study
Idaho State University,3,Idaho,,https://www.pcori.org/research-results/2024/transforming-pharmacy-practice-advancements-patient-centered-cer|https://www.pcori.org/research-results/2018/using-social-media-engagement-raise-pre-diabetes-awareness-rural-idaho-latinos|https://www.pcori.org/research-results/2017/comparative-effectiveness-pre-diabetes-approaches-rural-latino-populations
Johns Hopkins University Bloomberg School of Public Health,3,Maryland,,https://www.pcori.org/research-results/2026/rct-trauma-focused-cbt-youth|https://www.pcori.org/research-results/2026/modeling-decision-making-complex-longitudinal-healthcare-data|https://www.pcori.org/research-results/2026/dementia-caregiver-support-interventions-depressive-symptoms
Kaiser Permanente Washington Health Research Institute,3,Washington,,https://www.pcori.org/research-results/2016/comparing-effectiveness-home-clinic-and-kiosk-blood-pressure-checks-diagnosing-high-blood-pressure-bp-check-study|https://www.pcori.org/research-results/2015/comparing-three-types-weight-loss-surgery-pcornetr-bariatric-study|https://www.pcori.org/research-results/2013/breast-mri-better-finding-second-breast-cancers-mammograms-alone-breast-cancer-survivors
Massachusetts Health Quality Partners,3,Massachusetts,,https://www.pcori.org/research-results/2023/patient-centered-research-agenda-advance-equity-endometriosis-care-black-women|https://www.pcori.org/research-results/2023/developing-patient-centered-research-agenda-improve-care-sickle-cell-pain-crises|https://www.pcori.org/research-results/2021/engaging-stakeholders-set-new-directions-sickle-cell-disease-pain-self-management-research
Medical Technology and Practice Patterns Institute,3,Maryland,,https://www.pcori.org/research-results/2016/helping-researchers-use-statistical-methods-analyzing-data-when-treatments-change-over-time|https://www.pcori.org/research-results/2015/conference-and-workshops-causal-inference-methods-pcor-using-observational-data|https://www.pcori.org/research-results/2013/developing-interactive-online-guide-support-use-causal-inference-methods-comparative-effectiveness-research
Meharry Medical College,3,Tennessee,,https://www.pcori.org/research-results/2024/developing-model-support-patient-centered-cer-co-led-patients-and-community-representatives|https://www.pcori.org/research-results/2020/comparing-two-ways-manage-diabetes-through-medical-nutrition-therapy|https://www.pcori.org/research-results/2020/community-engagement-studio-summit-increasing-diversity-stakeholders-engaged-research
Memorial Sloan-Kettering Cancer Center,3,New York,,https://www.pcori.org/research-results/2025/large-language-model-patient-voice-pain-assessment-cer|https://www.pcori.org/research-results/2024/comparative-clinical-effectiveness-research-and-identification-patient-specific-optimal-treatment-regimens|https://www.pcori.org/research-results/2019/comparing-two-ways-manage-pain-after-high-dose-chemotherapy-and-autologous-hematopoietic-stem-cell-transplantation-optimal-hichemo-study
Men's Health Network,3,District of Columbia|Virginia,,https://www.pcori.org/research-results/2019/determining-efficacy-and-scope-gender-specific-behavioral-health-screening-tools|https://www.pcori.org/research-results/2019/dissemination-pcori-information-specifically-targeting-males-and-male-health-outcomes|https://www.pcori.org/research-results/2018/behavioral-health-aspects-depression-and-anxiety-american-male-identifying-areas-patient-centered-outcome-oriented-needs-best-practices-and-future-research
Michigan Public Health Institute,3,Michigan,,https://www.pcori.org/research-results/2020/rare-disease-and-research-engagement-rare|https://www.pcori.org/research-results/2017/inborn-errors-metabolism-uncertain-clinical-consequence-what-patients-really-want-know|https://www.pcori.org/research-results/2016/ibemc-stakeholder-network
Michigan State University,3,Michigan,,https://www.pcori.org/research-results/2025/building-capacity-engage-patient-centered-cer-psychosis|https://www.pcori.org/research-results/2016/building-pipeline-improve-mental-health-care-self-management-and-outcomes-rural-communities-tier-i|https://www.pcori.org/research-results/2014/comparing-programs-support-stroke-survivors-and-their-caregivers-during-transition-home-hospital-or-rehabilitation-facility-mistt-study
Miners' Colfax Medical Center,3,New Mexico,,https://www.pcori.org/research-results/2016/building-capacity-novel-screening-delivery-chronic-conditions-miners-new-mexico-tier-iii|https://www.pcori.org/research-results/2015/building-capacity-novel-screening-delivery-chronic-conditions-miners-new-mexico-tier-ii|https://www.pcori.org/research-results/2013/building-capacity-novel-screening-delivery-chronic-conditions-benefit-miners-new-mexico
Minneapolis Medical Research Foundation,3,Minnesota,,https://www.pcori.org/research-results/2017/engaging-patients-delivery-accountable-care-medicaid-tier-iii|https://www.pcori.org/research-results/2016/engaging-patient-voice-delivery-accountable-care-medicaid-tier-ii|https://www.pcori.org/research-results/2015/engaging-patient-voice-delivery-accountable-care-medicaid
Montefiore Health System,3,New York,,https://www.pcori.org/research-results/2025/hypertension-managment-montefiore-health-system|https://www.pcori.org/research-results/2024/implementation-appropriate-antibiotic-prescribing-children-acute-respiratory-tract-infections-outpatient-settings-montefiore-health-system|https://www.pcori.org/research-results/2023/montefiore-health-system-hsii-capacity-building-project
Morehouse School of Medicine,3,Georgia,,https://www.pcori.org/research-results/2025/convening-support-engagement-patient-centered-cer-related-fertility-care|https://www.pcori.org/research-results/2021/empowering-people-intellectual-and-developmental-disabilities-idd-engage-partners-research|https://www.pcori.org/research-results/2016/engaging-stakeholders-build-infrastructure-pcor-primary-care-safety-net
"Morehouse School of Medicine, Inc.",3,Georgia,,https://www.pcori.org/research-results/2022/engaging-inflammatory-bowel-disease-patients-color-patient-centered-outcomes-research|https://www.pcori.org/research-results/2019/disseminating-evidence-promote-patient-centered-diabetes-self-management-strategies|https://www.pcori.org/research-results/2018/engaging-patients-partners-patient-centered-outcomes-research-primary-care-safety-net
National Kidney Foundation,3,New York,,https://www.pcori.org/research-results/2019/kidney-research-connect-patient-centered-outcomes-community-engagement-program|https://www.pcori.org/research-results/2017/home-dialysis-controversies-conference-series|https://www.pcori.org/research-results/2016/national-kidney-foundation-patient-centered-outcomes-research-stakeholders-conference
NEC Society,3,California,,https://www.pcori.org/research-results/2019/building-capacity-pcorcer-neonatal-nec-community|https://www.pcori.org/research-results/2018/2019-nec-symposium|https://www.pcori.org/research-results/2015/necrotizing-enterocolitis-symposium-transdisciplinary-approach-improved-nec-outcomes
New Mexico State University,3,New Mexico,,https://www.pcori.org/research-results/2016/promoting-healthy-eating-and-physical-activity-families-southern-new-mexico-border-region-colonia-tier-iii|https://www.pcori.org/research-results/2015/promoting-healthy-eating-and-physical-activity-families-living-southern-new-mexico-border-region-colonia-tier-ii|https://www.pcori.org/research-results/2013/mobilizing-community-engagement-health-southern-new-mexico-border-region-colonia
New York University School of Medicine,3,New York,,https://www.pcori.org/research-results/2025/nonparametric-causal-inference-electronic-health-records-patient-centered-outcomes|https://www.pcori.org/research-results/2017/comparing-two-programs-provide-palliative-care-initiated-emergency-room-older-adults-serious-illness-empalla-study|https://www.pcori.org/research-results/2014/care-align-initiative-pilot-project-coordination-care-frail-elderly
North American Primary Care Research Group,3,Kansas,,https://www.pcori.org/research-results/2019/setting-pace-napcrg-annual-meeting-2019|https://www.pcori.org/research-results/2016/napcrgs-patient-and-clinician-engagement-pace-program-20|https://www.pcori.org/research-results/2014/engaging-patients-and-providers-patient-centered-outcomes-research-training-eppipcort
Osteogenesis Imperfecta Foundation,3,Maryland,,https://www.pcori.org/research-results/2021/preparing-adults-osteogenesis-imperfecta-engage-research-access-and-quality-care-their-rare-disease|https://www.pcori.org/research-results/2021/leveraging-virtual-communication-advance-pcor-adoption-rare-bone-disease-community|https://www.pcori.org/research-results/2019/improving-patient-centered-outcomes-expanding-engagement-osteogenesis-imperfecta-community
Palo Alto Medical Foundation,3,California,,https://www.pcori.org/research-results/2016/fostering-successful-aging-demonstrating-impact-innovative-shared-medical-appointments-model-tier-iii|https://www.pcori.org/research-results/2015/fostering-successful-aging-demonstrating-impact-innovative-shared-medical-appointments-model-tier-ii|https://www.pcori.org/research-results/2013/you-complete-me-demonstrating-efficacy-innovative-medical-appointment-model-support-aging-patients
Patient Advocate Foundation,3,Virginia,,https://www.pcori.org/research-results/2022/patient-insight-congress-galvanizing-partners-access-affordability-and-equity-pcor-opportunities|https://www.pcori.org/research-results/2021/co-learning-collaboration-around-covid-19-connecting-researchers-and-underserved-patients|https://www.pcori.org/research-results/2020/paving-pathway-engage-underserved-populations-research
"Public Health Foundation Enterprises, Inc.",3,California,,https://www.pcori.org/research-results/2020/comparing-two-ways-improve-pre-exposure-prophylaxis-use|https://www.pcori.org/research-results/2017/lets-talk-fostering-patient-driven-research-agenda-atopic-dermatitis-tier-iii|https://www.pcori.org/research-results/2016/lets-talk-fostering-patient-centered-research-agenda-pediatric-eczema-tier-ii
Public Health Management Corporation,3,Pennsylvania,,https://www.pcori.org/research-results/2017/comparing-programs-treat-opioid-use-disorder-primary-care-and-substance-use-clinics|https://www.pcori.org/research-results/2014/using-graphic-novels-when-choosing-treatment-alcohol-use-disorder|https://www.pcori.org/research-results/2013/comparing-programs-support-patients-substance-use-disorders-after-they-leave-hospital
"Regents of the University of California, Los Angeles",3,California,,https://www.pcori.org/research-results/2018/improving-shared-decision-making-men-early-stage-prostate-cancer|https://www.pcori.org/research-results/2017/comparing-health-system-based-and-community-based-dementia-care-models-improving-health-outcomes-among-patients-dementia-and-their-caregivers|https://www.pcori.org/research-results/2016/natural-experiments-coordinating-center
"Rutgers, The State University of New Jersey",3,New Jersey,,https://www.pcori.org/research-results/2023/building-capacity-engage-patient-centered-cer-focusing-healthy-aging|https://www.pcori.org/research-results/2022/robust-longitudinal-causal-inference-methods-machine-learning|https://www.pcori.org/research-results/2018/developing-and-testing-new-method-comparing-more-two-treatments-using-electronic-health-records
Society for Medical Decision Making,3,New Jersey,,https://www.pcori.org/research-results/2019/smdm-2019-many-views-value|https://www.pcori.org/research-results/2018/engagement-health-decision-making-across-lifespan|https://www.pcori.org/research-results/2017/society-medical-decision-making-annual-meeting
Society to Improve Diagnosis in Medicine,3,Illinois,,https://www.pcori.org/research-results/2020/learning-while-we-build-identifying-must-know-research-questions-safe-and-effective-telediagnosis|https://www.pcori.org/research-results/2019/diagnostic-researcher-workshop|https://www.pcori.org/research-results/2017/patients-improving-research-diagnosis
St. Anna's Episcopal Church,3,Louisiana,,https://www.pcori.org/research-results/2017/nola-partnership-mental-health-tier-iii|https://www.pcori.org/research-results/2016/nola-partnership-mental-health-tier-ii|https://www.pcori.org/research-results/2015/nola-partnership-mental-health
Syracuse University,3,New York,,https://www.pcori.org/research-results/2026/improving-consent-patient-centered-research-adults-intellectual-disability|https://www.pcori.org/research-results/2024/research-ethics-all-building-capacity-topic-expansion-and-national-adoption|https://www.pcori.org/research-results/2021/research-ethics-all-research-ethics-training-patient-stakeholders-idd
Texas Health Institute,3,Texas,,https://www.pcori.org/research-results/2023/disseminating-timely-and-meaningful-pcori-funded-study-results|https://www.pcori.org/research-results/2021/transforward-building-statewide-transgender-collaborative-long-term-effects-post-acute-covid-19-research-tx|https://www.pcori.org/research-results/2018/transforward-statewide-transgender-powered-research-collaborative-texas
The Board of Regents of the University of Wisconsin System,3,Wisconsin,,https://www.pcori.org/research-results/2024/comparing-three-multicomponent-interventions-help-adults-quit-smoking|https://www.pcori.org/research-results/2021/engaging-older-adults-advisors-improve-health-research-and-address-disparities|https://www.pcori.org/research-results/2015/building-capacity-improve-prevention-strategies-and-treatment-options-healthcare-associated-infections
The Research Foundation For The State University of New York,3,New York,,https://www.pcori.org/research-results/2025/comparing-alternative-strategies-pharmacologic-management-adhd-children-adolescents|https://www.pcori.org/research-results/2024/improving-deep-learning-clinical-prediction-model-development-and-interpretability|https://www.pcori.org/research-results/2020/comparing-two-ways-teach-mindfulness-improve-mental-health-related-covid-19-mellowing-mind-study
The Sickle Cell Association of New Jersey,3,New Jersey,,https://www.pcori.org/research-results/2017/well-take-village-engaging-community-better-health-tier-iii|https://www.pcori.org/research-results/2016/well-take-village-engaging-community-better-health-tier-ii|https://www.pcori.org/research-results/2015/well-take-village-engaging-community-develop-better-health
The Trustees of the University of Pennsylvania,3,Pennsylvania,,https://www.pcori.org/research-results/2016/engaging-medically-and-psychosocially-complex-patients|https://www.pcori.org/research-results/2016/evaluating-telehealth-program-ostomy-self-care-among-cancer-survivors|https://www.pcori.org/research-results/2012/pilot-project-figuring-out-why-people-heart-failure-go-back-hospital
The University of Texas MD Anderson Cancer Center,3,Texas,,https://www.pcori.org/research-results/2026/improving-study-designs-maximize-patient-choice|https://www.pcori.org/research-results/2021/expanding-use-reports-capture-age-related-problems-improve-care-patients-cancer|https://www.pcori.org/research-results/2019/putting-patient-decision-support-place-lung-cancer-screening-through-tobacco-quitlines
To be posted upon completion,3,,,https://www.pcori.org/research-results/2026/removal-myomas-asymptomatic-patients-improve-fertility-or-reduce-miscarriage-rate-systematic-review|https://www.pcori.org/research-results/2026/psychosocial-interventions-psychosis-and-psychotic-disorders-youth-systematic-review|https://www.pcori.org/research-results/2025/topical-therapy-psoriasis-systematic-review
Total Resource Community Development Organization,3,Illinois,,https://www.pcori.org/research-results/2019/building-community-support-hub-connecting-patients-stakeholders-and-researchers|https://www.pcori.org/research-results/2017/pastors4pcor-facilitator-training-research-ministry-ambassadors|https://www.pcori.org/research-results/2015/pastors-4-pcor-engaging-faith-based-communities
"Trustees of Boston University, BUMC",3,Massachusetts,,https://www.pcori.org/research-results/2025/building-capacity-among-autistic-adults-patient-centered-cer-focused-colonoscopy|https://www.pcori.org/research-results/2025/treatment-utilization-policy-changes-opioid-use-disorder|https://www.pcori.org/research-results/2023/comparing-effectiveness-two-intervention-programs-prevent-intimate-partner-violence
"Tufts Medical Center, Inc.",3,Massachusetts,,https://www.pcori.org/research-results/2017/understanding-how-patients-response-treatment-varies-using-predicted-risk|https://www.pcori.org/research-results/2016/evidence-and-individual-patient-understanding-heterogeneous-treatment-effects-patient-centered-care|https://www.pcori.org/research-results/2012/comparing-predicted-benefits-and-harms-using-adult-versus-child-guidelines-lipid-testing-and-treatment-17-21-year-olds
"UC Davis Medical Center, Section of General Thoracic Surgery",3,California,,https://www.pcori.org/research-results/2016/empowering-patients-and-their-families-improve-outcomes-are-most-important-them-after-surgery-and-other-therapies-lung-cancer-tier-iii|https://www.pcori.org/research-results/2015/empowering-patients-and-their-families-improve-outcomes-are-most-important-them-after-surgery-and-other-therapies-lung-cancer-tier-ii|https://www.pcori.org/research-results/2013/empowering-patients-and-their-families-improve-outcomes-are-most-important-them-after-lung-cancer-surgery
University of California San Diego,3,California,,https://www.pcori.org/research-results/2022/comparing-effectiveness-two-ways-doctors-manage-care-urinary-incontinence|https://www.pcori.org/research-results/2021/comparing-two-ways-reduce-flare-ups-among-people-inflammatory-bowel-disease|https://www.pcori.org/research-results/2016/comparing-treatments-resistant-kawasaki-disease-kidcare-study
"University of California, Irvine",3,California,,https://www.pcori.org/research-results/2019/using-child-health-ratings-inventories-chris-improve-care-children-diabetes|https://www.pcori.org/research-results/2019/californias-refugee-reproductive-health-network-repronet-engaging-refugee-women-research-partnerships|https://www.pcori.org/research-results/2013/developing-and-testing-animated-computer-surveys-measuring-young-childrens-health
"University of California, San Diego",3,California,,https://www.pcori.org/research-results/2016/comparing-ways-support-communication-between-patients-and-their-primary-care-providers|https://www.pcori.org/research-results/2015/patient-centered-scalable-national-network-effectiveness-research-pscanner|https://www.pcori.org/research-results/2013/patient-oriented-scalable-national-network-effectiveness-research-pscanner-phase-i
University of Cincinnati,3,Ohio,,https://www.pcori.org/research-results/2023/building-capacity-disseminate-findings-pcorcer-youth-bipolar-spectrum-disorders-bsd|https://www.pcori.org/research-results/2022/comparing-two-methods-treating-stroke-among-adults-preexisting-functional-disability|https://www.pcori.org/research-results/2015/comparing-two-approaches-manage-weight-youth-overweight-or-obesity-and-bipolar-spectrum-disorders-who-take-antipsychotic-medicines-mobility-study
University of Colorado Denver - College of Nursing,3,Colorado,,https://www.pcori.org/research-results/2017/stakeholder-driven-veterans-suicide-protection-advisory-group-tier-iii|https://www.pcori.org/research-results/2016/stakeholder-driven-veterans-suicide-protection-advisory-group-tier-ii|https://www.pcori.org/research-results/2015/stakeholder-driven-veterans-suicide-protection-advisory-group
University of Kansas Medical Center,3,Kansas,,https://www.pcori.org/research-results/2015/greater-plains-collaborative|https://www.pcori.org/research-results/2013/comparing-two-ways-help-people-copd-stop-smoking|https://www.pcori.org/research-results/2013/comparing-four-medicines-treat-pain-cryptogenic-sensory-polyneuropathy-cspn-pain-controls-study
University of Kentucky,3,Kentucky,,https://www.pcori.org/research-results/2020/comparing-two-ways-offer-remote-therapy-depressive-symptoms-rural-people-heart-disease|https://www.pcori.org/research-results/2014/comparing-groups-care-transition-strategies-improve-care-achieve-study|https://www.pcori.org/research-results/2012/does-program-focuses-lifestyle-changes-reduce-heart-disease-risk-factors-rural-community-appalachian-kentucky
University of Massachusetts Amherst,3,Massachusetts|New York,,https://www.pcori.org/research-results/2023/improving-research-partnership-engagement-mapping-pilot-study-advance-engagement-science|https://www.pcori.org/research-results/2022/implementing-matching-patients-mental-healthcare-therapists-strengths|https://www.pcori.org/research-results/2015/matching-patients-therapists-improve-mental-health-care
University of Michigan Health System,3,Michigan,,https://www.pcori.org/research-results/2019/2020-conference-adolescent-health-translating-research-practice|https://www.pcori.org/research-results/2017/conference-adolescent-health-translating-research-practice-2017|https://www.pcori.org/research-results/2015/conference-adolescent-health-translating-research-practice-2015
University of Missouri,3,Missouri,,https://www.pcori.org/research-results/2024/greater-plains-collaborative-phase-4-clinical-research-network|https://www.pcori.org/research-results/2021/greater-plains-collaborative-optimizing-infrastructure-conducting-patient-centered-outcomes-research-pcornet-national-patient-centered-clinical-research-network-phase-3|https://www.pcori.org/research-results/2020/greater-plains-collaborative-gpc-crn
University of Nevada-Las Vegas,3,Nevada,,https://www.pcori.org/research-results/2017/engaging-patients-life-limiting-illnesses-receiving-palliative-care-tier-iii|https://www.pcori.org/research-results/2016/engaging-patients-life-limiting-illnesses-receiving-palliative-care-tier-ii|https://www.pcori.org/research-results/2015/engaging-terminally-ill-patients-palliative-care
University of North Carolina Chapel Hill,3,North Carolina,,https://www.pcori.org/research-results/2013/comparing-physical-therapy-internet-based-exercise-training-and-no-therapy-knee-osteoarthritis|https://www.pcori.org/research-results/2013/does-daily-self-monitoring-blood-sugar-levels-improve-blood-sugar-control-and-quality-life-patients-type-2-diabetes-who-do-not-use-insulin-monitor-trial|https://www.pcori.org/research-results/2013/helping-latino-parents-learn-skills-manage-their-childrens-mental-health-care
University of Oklahoma Health Sciences Center,3,Oklahoma,,https://www.pcori.org/research-results/2023/building-capacity-engage-patient-centered-cer-intestinal-malrotation|https://www.pcori.org/research-results/2022/building-capacity-advance-indigenous-maternal-health-equity-southern-plains|https://www.pcori.org/research-results/2014/developing-process-help-community-stakeholder-organizations-set-research-agendas
University of Texas MD Anderson Cancer Center,3,Texas,,https://www.pcori.org/research-results/2017/engaging-asian-stakeholders-create-shared-understanding-cancer-risk|https://www.pcori.org/research-results/2013/patient-decision-aid-help-heavy-smokers-make-decisions-about-lung-cancer-screening|https://www.pcori.org/research-results/2013/mental-and-social-well-being-among-women-cancer-one-breast-who-underwent-surgery-remove-both-breasts
University of Virginia,3,Virginia,,https://www.pcori.org/research-results/2024/developing-and-validating-measure-caregiver-engagement-context|https://www.pcori.org/research-results/2018/cancer-center-without-walls-advancing-patient-centered-research-cancer-control-rural-va|https://www.pcori.org/research-results/2016/comparing-two-programs-help-families-living-medically-underserved-areas-address-childhood-obesity
"University of Wisconsin, Madison",3,Wisconsin,,https://www.pcori.org/research-results/2024/comparing-group-psychoeducational-health-intervention-model-special-olympics-programming-improving-access-best-practice-health-care-adults-intellectual-and-developmental-disabilities|https://www.pcori.org/research-results/2020/research-engagement-people-intellectual-disabilities-bridging-health-research-gap|https://www.pcori.org/research-results/2018/research-engagement-people-intellectual-and-developmental-disabilities
University of Wyoming,3,Wyoming,,https://www.pcori.org/research-results/2024/elevating-voices-lived-experiences-inclusive-community-based-research|https://www.pcori.org/research-results/2021/meaningful-inclusion-intellectual-developmental-disabilities-pcor-cer-rural-approach-health-outcomes|https://www.pcori.org/research-results/2019/wyoming-community-and-practice-based-research-network
Valleywise Health,3,Arizona,,https://www.pcori.org/research-results/2025/hypertension-managment-valleywise-health-system|https://www.pcori.org/research-results/2024/implementation-appropriate-antibiotic-prescribing-children-acute-respiratory-tract-infections-outpatient-settings-valleywise-health|https://www.pcori.org/research-results/2023/valleywise-health-hsii-capacity-building-project
Wayne State University School of Medicine,3,Michigan,,https://www.pcori.org/research-results/2017/partnering-sexual-and-gender-minority-communities-address-cancer-disparities-detroit|https://www.pcori.org/research-results/2017/shared-decision-making-prostate-cancer-screening-tier-ii|https://www.pcori.org/research-results/2016/shared-decision-making-prostate-cancer-screening-tier-i
WellSpan Health,3,Pennsylvania,,https://www.pcori.org/research-results/2025/hypertension-management-wellspan-health-system|https://www.pcori.org/research-results/2024/implementation-appropriate-antibiotic-prescribing-children-acute-respiratory-tract-infections-outpatient-settings-wellspan-health|https://www.pcori.org/research-results/2023/wellspan-health-hsii-capacity-building-project
West Side Community Health Services,3,Minnesota,,https://www.pcori.org/research-results/2017/path-identifying-effective-treatments-hmong-adults-suffering-gout-and-gout-related-co-morbidities-tier-iii|https://www.pcori.org/research-results/2016/path-identifying-effective-treatments-hmong-adults-suffering-gout-and-gout-related-co-morbidities-tier-ii|https://www.pcori.org/research-results/2015/path-identifying-effective-treatments-hmong-adults-suffering-gout-and-gout-related-co-morbidities
West Virginia Coalition Against Domestic Violence,3,West Virginia,,https://www.pcori.org/research-results/2018/west-virginia-aware-asking-women-about-relationship-experiences|https://www.pcori.org/research-results/2017/west-virginia-aware-asking-women-about-relationship-experiences-collaborative-intimate-partner-violence-screening-tier-ii|https://www.pcori.org/research-results/2016/west-virginia-collaborative-intimate-partner-violence-ipv-screening-tier-i
West Virginia University Research Corporation,3,West Virginia,,https://www.pcori.org/research-results/2024/coalition-build-patient-centered-cer-capacity-patients-substance-use-disorder|https://www.pcori.org/research-results/2019/community-partnership-patient-centered-outcomes-research-diabetes-west-virginia|https://www.pcori.org/research-results/2017/patient-centered-strategy-improve-diabetes-prevention-and-management-west-virginia
Zero Breast Cancer,3,California,,https://www.pcori.org/research-results/2017/exploring-survivorship-care-plan-options-tier-iii|https://www.pcori.org/research-results/2016/exploring-survivorship-care-plan-options-tier-ii|https://www.pcori.org/research-results/2015/exploring-survivorship-care-plan-options
A Foundation Building Strength for Nemaline Myopathy,2,California,,https://www.pcori.org/research-results/2021/creating-long-term-patient-and-parent-partners-nemaline-myopathy-research|https://www.pcori.org/research-results/2015/novel-stakeholder-engagement-nemaline-myopathy-patient-centered-research
"A Twist of Fate-ATS, Corp",2,Oklahoma,,https://www.pcori.org/research-results/2019/ats-patient-empowerment-and-knowledge-symposium|https://www.pcori.org/research-results/2016/arterial-turtuosity-syndrome-pcorcer-summit-series
Adelphi University,2,New York,,https://www.pcori.org/research-results/2016/unchung-nations-initiative-end-diabetes-united-tier-ii|https://www.pcori.org/research-results/2015/native-american-health-and-wellness-reservation-based-diabetes-and-obesity-prevention
"Adventist Health System/Sunbelt, Inc. dba AdventHealth",2,Florida,,https://www.pcori.org/research-results/2025/hypertension-management-adventhealth|https://www.pcori.org/research-results/2024/implementation-appropriate-antibiotic-prescribing-children-acute-respiratory-tract-infections-outpatient-settings-adventhealth
Agency for Healthcare Research & Quality (AHRQ),2,Maryland,,https://www.pcori.org/research-results/2021/postpartum-care-women-one-year-after-birth-systematic-review|https://www.pcori.org/research-results/2017/supporting-next-generation-learning-health-systems-researchers
Allergy & Asthma Network,2,Virginia,,https://www.pcori.org/research-results/2021/engaging-hispanic-asthma-patients-pcorcer-nationwide|https://www.pcori.org/research-results/2020/virtual-conference-series-african-american-asthma-patients-getting-involved-pcorcer
Allina Health,2,Minnesota,,https://www.pcori.org/research-results/2017/early-stage-breast-cancer-survivor-health-and-wellness-collaborative-tier-ii|https://www.pcori.org/research-results/2016/breast-cancer-survivor-health-and-wellness-collaborative-tier-i
America's Health Insurance Plans,2,District of Columbia,,https://www.pcori.org/research-results/2014/enhancing-health-insurance-plan-leadership-engagement-and-communication-pcori|https://www.pcori.org/research-results/2014/evaluating-feasibility-requirements-expanded-health-plan-based-ready-rapid-cycle-research-capacity
American Association of Kidney Patients,2,Florida,,https://www.pcori.org/research-results/2019/enhanced-patient-engagement-improve-patient-centered-outcomes-among-chronic-kidney-disease-ckd|https://www.pcori.org/research-results/2019/aakp-national-patient-meeting-pcor-track
American College of Medical Genetics and Genomics,2,Maryland,,https://www.pcori.org/research-results/2021/data-science-capacity-conducting-pcor-autism-and-idd-ds-pcor-autidd|https://www.pcori.org/research-results/2021/midwest-patient-centered-autism-research-consortium-marc
American Statistical Association,2,Virginia,,https://www.pcori.org/research-results/2019/2020-international-conference-health-policy-statistics|https://www.pcori.org/research-results/2017/12th-international-conference-health-policy-statistics
American Urological Association,2,Maryland,,https://www.pcori.org/research-results/2018/translating-comparative-effectiveness-research-using-grade-approach-2018|https://www.pcori.org/research-results/2016/translating-comparative-effectiveness-research-using-grade-approach-2016
Arizona Board of Regents on behalf of the University of Arizona,2,Arizona,,https://www.pcori.org/research-results/2022/lideres-institute-leaders-designing-equitable-research-engagement-through-servingness|https://www.pcori.org/research-results/2022/building-capacity-include-people-idd-health-related-research
Arthritis Foundation,2,Georgia,,https://www.pcori.org/research-results/2017/matching-actions-needs-what-matters-most-arthritis-community|https://www.pcori.org/research-results/2016/explaining-comparative-effectiveness-research-patient-family-education-action
Asthma and Allergy Foundation of America,2,Maryland,,https://www.pcori.org/research-results/2018/building-scalable-infrastructure-connect-patients-and-researchers-basic|https://www.pcori.org/research-results/2015/training-patients-asthma-understand-and-participate-patient-centered-outcomes-research
Baystate Medical Center,2,Massachusetts,,https://www.pcori.org/research-results/2015/project-accces-collaboration-develop-capacity-community-engaged-research-springfield|https://www.pcori.org/research-results/2013/effect-end-life-care-planning-discussions-hospice-use-among-patients-receiving-dialysis-kidney-failure
"Beautiful You MRKH Foundation, Inc.",2,Maryland,,https://www.pcori.org/research-results/2017/building-patient-centered-care-network-mrkh-tier-ii|https://www.pcori.org/research-results/2016/building-empowered-patient-community-tackling-health-care-all-affected-mrkh-tier-i
Benaroya Research Institute at Virginia Mason,2,Washington,,https://www.pcori.org/research-results/2024/bridging-gap-disseminating-pcori-funded-urinary-incontinence-treatment-information|https://www.pcori.org/research-results/2021/engaging-and-amplifying-womens-voices-stress-urinary-incontinence-research-prioritization
Boston Medical Center Corporation,2,Massachusetts,,https://www.pcori.org/research-results/2024/comparing-two-systems-level-hypertension-control-interventions-improve-clinical-implementation-and-patient-reported-outcomes|https://www.pcori.org/research-results/2021/building-capacity-cerpcor-participation-among-bipoc-adults-autism-spectrum
"Brooks Rehabilitation - University of Florida, College of Public Health & Health Professions Research Collaboration",2,Florida,,https://www.pcori.org/research-results/2017/matter-pain-capacity-building-and-community-engagement-patient-centered-musculoskeletal-pain-research-tier-ii|https://www.pcori.org/research-results/2016/matter-pain-capacity-building-and-community-engagement-patient-centered-musculoskeletal-pain-research-tier-i
Celiac Disease Foundation,2,California,,https://www.pcori.org/research-results/2020/convening-patients-celiac-disease-improve-patient-centered-outcomes-research-pcor|https://www.pcori.org/research-results/2015/engaging-patients-celiac-disease-patient-centered-outcomes-research
"Center for Community Health Education Research and Service, Inc.",2,Massachusetts,,https://www.pcori.org/research-results/2017/healthy-aging-place-racialethnic-minority-underserved-populations|https://www.pcori.org/research-results/2016/boston-bridge
Center for Medical Technology Policy,2,Maryland,,https://www.pcori.org/research-results/2016/clinician-participation-pcor-defining-framework-more-effective-engagement|https://www.pcori.org/research-results/2014/core-outcomes-sets-effectiveness-trials-multi-stakeholder-training-and-development-workshop
Cerebral Palsy Foundation,2,New York,,https://www.pcori.org/research-results/2025/supporting-engagement-patient-centered-comparative-clinical-effectiveness-research-among-adults-cerebral-palsy|https://www.pcori.org/research-results/2016/pain-cerebral-palsy
Children's Healthcare of Atlanta,2,Georgia,,https://www.pcori.org/research-results/2024/implementation-appropriate-antibiotic-prescribing-children-acute-respiratory-tract-infections-outpatient-settings-childrens-healthcare-atlanta|https://www.pcori.org/research-results/2023/childrens-healthcare-atlanta-hsii-capacity-building-project
Children's Hospital Los Angeles,2,California,,https://www.pcori.org/research-results/2025/pediatric-anxiety-treatments|https://www.pcori.org/research-results/2019/comparing-clinical-effectiveness-cognitive-behavioral-therapy-and-medication-treating-anxiety-youth
Cholangiocarcinoma Foundation,2,Utah,,https://www.pcori.org/research-results/2018/cholangiocarcinoma-foundation-6th-annual-conference|https://www.pcori.org/research-results/2017/cholangiocarcinoma-foundation-2018-annual-conference
City of Hope Beckman Research Institute,2,California,,https://www.pcori.org/research-results/2022/comparing-two-ways-improve-physical-function-older-adults-after-lung-cancer-surgery|https://www.pcori.org/research-results/2019/multiethnic-community-engagement-city-hope-partnered-action-research-pair
CJE SeniorLife,2,Illinois,,https://www.pcori.org/research-results/2021/building-capacity-pcorcer-among-long-term-hiv-survivors|https://www.pcori.org/research-results/2020/sage-resource-project
Clemson University,2,South Carolina,,https://www.pcori.org/research-results/2025/implementing-patient-navigation-cure-hepatitis-c-high-risk|https://www.pcori.org/research-results/2015/patient-centered-hepatitis-c-virus-care-people-who-inject-drugs-hero-study
Coalition for National Trauma Research,2,Texas,,https://www.pcori.org/research-results/2021/community-trauma-care-partnering-patients-and-caregivers-improve-injury-outcomes|https://www.pcori.org/research-results/2020/implementing-best-practice-patient-centered-venous-thromboembolism-vte-prevention-trauma-centers
Coalition to Transform Advanced Care,2,District of Columbia,,https://www.pcori.org/research-results/2018/regional-leadership-forums-advanced-illness-care|https://www.pcori.org/research-results/2014/summit-advanced-illness-care-driving-change-through-leadership-evidence-and-action
Columbia University,2,New York,,https://www.pcori.org/research-results/2016/ohdsi-symposium-2016|https://www.pcori.org/research-results/2015/ohdsi-symposium
Columbia University Health Sciences,2,New York,,https://www.pcori.org/research-results/2014/comparing-medicine-combinations-used-treat-schizophrenia|https://www.pcori.org/research-results/2013/reducing-burden-hispanic-caregivers-relatives-dementia-northern-manhattan-hispanic-caregiver-intervention-effectiveness-study-nhice
Columbia University Medical Center,2,New York,,https://www.pcori.org/research-results/2014/engaging-patients-and-clinicians-determine-design-features-n-1-trials|https://www.pcori.org/research-results/2012/pilot-project-testing-program-help-older-adults-long-term-illnesses
Comagine Health,2,Utah,,https://www.pcori.org/research-results/2020/workshop-develop-patient-and-family-advisors-partners-patient-centered-outcomes-research|https://www.pcori.org/research-results/2016/building-sustainable-pco-and-pcor-community-network-achieve-patient-researcher-and-clinician-partnerships
Connecting Patients with Periodontal Disease Committee,2,Oregon,,https://www.pcori.org/research-results/2017/setting-stage-patient-involvement-connecting-patients-periodontal-disease-tier-iii|https://www.pcori.org/research-results/2016/setting-stage-patient-involvement-connecting-patients-periodontal-disease-tier-ii
Corewell Health,2,Michigan,,https://www.pcori.org/research-results/2025/ePROs-cancer-treatment-corewell-health|https://www.pcori.org/research-results/2023/corewell-health-hsii-capacity-building-project
Corewell Health Foundation West Michigan,2,Michigan,,https://www.pcori.org/research-results/2026/addressing-undiagnosed-hypertension-corewell-health|https://www.pcori.org/research-results/2024/building-capacity-engage-patient-centered-cer-oncology-and-palliative-care-michigan
Cure CMD,2,California,,https://www.pcori.org/research-results/2019/stronger-together-nonprofit-groups-propelling-patient-driven-research-rare-neuromuscular-diseases|https://www.pcori.org/research-results/2016/building-momentum-through-congenital-muscular-dystrophy-stakeholder-participation
East Central Ministries/One Hope Centro de Vida Health Center,2,New Mexico,,https://www.pcori.org/research-results/2015/culturally-appropriate-options-diabetes-prevention-and-care-low-income-latinos-tier-ii|https://www.pcori.org/research-results/2013/culturally-appropriate-options-diabetes-prevention-and-care-low-income-latinos
ECRI Institute,2,Pennsylvania,,https://www.pcori.org/research-results/2016/2016-guidelines-international-network-g-i-n-conference-philadelphia|https://www.pcori.org/research-results/2015/ecri-annual-health-policy-conference
"El Futuro, Inc.",2,North Carolina,,https://www.pcori.org/research-results/2023/building-capacity-engage-patient-centered-cer-improve-mental-health-care-north-carolina|https://www.pcori.org/research-results/2015/tools-engagement-building-capacity-pcor-within-community-behavioral-health-organizations-serving-latinos
Elena's Light,2,Connecticut,,https://www.pcori.org/research-results/2025/building-capacity-engage-patient-centered-cer-refugee-health-new-haven-connecticut|https://www.pcori.org/research-results/2023/building-capacity-patient-centered-cer-among-resettled-communities-connecticut
Emma Pendleton Bradley Hospital,2,Rhode Island,,https://www.pcori.org/research-results/2024/comparing-three-modalities-delivering-exposure-based-cognitive-behavioral-therapy-youth-anxiety-andor-obsessive-compulsive-disorder|https://www.pcori.org/research-results/2017/comparing-two-ways-treat-youth-anxiety-or-obsessive-compulsive-disorder
"Emory University, Department of Family and Preventive Medicine",2,Georgia,,https://www.pcori.org/research-results/2017/developing-asha-community-based-coalition-prevent-diabetes-among-south-asians-atlanta-tier-ii|https://www.pcori.org/research-results/2016/developing-asha-community-based-coalition-prevent-diabetes-among-south-asians-atlanta-tier-i
Endeavor Health Clinical Operations,2,Illinois,,https://www.pcori.org/research-results/2024/evaluating-effectiveness-and-implementation-shared-decision-making-huddles-improve-patient-safety-and-experience-pregnancy|https://www.pcori.org/research-results/2021/comparing-peer-counseling-versus-standard-care-support-breastfeeding-parents
Epilepsy Foundation,2,Maryland,,https://www.pcori.org/research-results/2015/rare-epilepsy-network|https://www.pcori.org/research-results/2013/rare-epilepsy-network-ren-phase-i
EthosExcel,2,North Carolina,,https://www.pcori.org/research-results/2017/fostering-community-based-research-priorities-mhealth-diabetes-and-hypertension-self-management-tier-ii|https://www.pcori.org/research-results/2016/fostering-community-based-research-priorities-mhealth-diabetes-and-hypertension-self-management-approaches-tier-i
Faith Works Connecting for a Healthy Community (FWCFHC),2,Missouri,,https://www.pcori.org/research-results/2017/mind-body-and-soul-finding-effective-community-solutions-increase-colon-cancer-screening-among-africans-tier-ii|https://www.pcori.org/research-results/2016/mind-body-and-soul-finding-effective-community-solutions-increase-colon-cancer-screening-among-africans-americans-tier-i
Families for Depression Awareness,2,Massachusetts,,https://www.pcori.org/research-results/2017/healing-families-parental-involvement-treatment-low-income-teens-diagnosed-mood-disorder-tier-ii|https://www.pcori.org/research-results/2016/healing-families-parental-involvement-treatment-low-income-teens-diagnosed-mood-disorder-tier-i
Families USA,2,District of Columbia,,https://www.pcori.org/research-results/2021/bridging-gap-between-research-and-policy-applying-equity-lens|https://www.pcori.org/research-results/2018/building-health-equity-leaders-network-disseminate-use-evidence-transform-health-systems
Family Health International,2,North Carolina,,https://www.pcori.org/research-results/2014/comparing-interview-and-focus-group-data-collected-person-and-online|https://www.pcori.org/research-results/2012/pilot-project-learning-about-focus-groups-and-interviews-research
Family Voices,2,New Mexico,,https://www.pcori.org/research-results/2016/engaging-american-indian-and-spanish-speaking-families-and-sharing-family-wisdom-reduce-childhood-obesity-tier-iii|https://www.pcori.org/research-results/2015/engaging-american-indian-and-spanish-speaking-families-and-sharing-family-wisdom-reduce-childhood-obesity-tier-ii
Fenway Community Health Center,2,Massachusetts,,https://www.pcori.org/research-results/2017/comparing-ways-train-health-care-clinic-staff-ask-patients-about-sexual-orientation-and-gender-identity|https://www.pcori.org/research-results/2014/comparing-clinician-collected-and-self-collected-tests-detecting-high-risk-hpv-infection-among-female-male-transgender-adults
First Ladies Health Alliance NFP,2,Illinois,,https://www.pcori.org/research-results/2024/disseminating-postpartum-care-patient-centered-cer-inform-our-black-families|https://www.pcori.org/research-results/2022/management-and-awareness-ptsd-caused-racial-trauma
"FLIPANY, Florida Introduces Physical Activity and Nutrition to Youth",2,Florida,,https://www.pcori.org/research-results/2017/engaging-community-stakeholders-improve-childhood-obesity-interventions-tier-ii|https://www.pcori.org/research-results/2016/engaging-community-stakeholders-improve-childhood-obesity-interventions-tier-i
Glut1 Deficiency Foundation,2,Kentucky,,https://www.pcori.org/research-results/2023/building-capacity-engage-patient-centered-cer-glut1-deficiency|https://www.pcori.org/research-results/2018/adult-experiences-glut1-deficiency
"Harvard Pilgrim Health Care, Inc.",2,Massachusetts,,https://www.pcori.org/research-results/2015/looking-effects-antibiotic-use-childhood-obesity-and-growth-pcornetr-antibiotics-study|https://www.pcori.org/research-results/2013/pcornet-coordinating-center-phase-i-harvard-pilgrim-health-care
Harvard T.H. Chan School of Public Health,2,Massachusetts,,https://www.pcori.org/research-results/2024/developing-collaborative-learning-methods-integrating-multi-site-heterogeneous-observational-data-comparative-clinical-effectiveness-research|https://www.pcori.org/research-results/2017/developing-new-methods-comparing-treatments-case-control-studies
Harvard University School of Public Health,2,Massachusetts,,https://www.pcori.org/research-results/2015/developing-guidance-analysis-randomized-controlled-trials-real-world-settings|https://www.pcori.org/research-results/2013/including-patient-traits-benchmarks-diabetes-care
HealthInsight,2,Utah,,https://www.pcori.org/research-results/2017/creating-caregiver-provider-partnerships-ccpp|https://www.pcori.org/research-results/2015/building-pco-and-pcor-community-network-influence-patient-centered-care-and-patient-engagement-utah
Healthy African American Families II,2,California,,https://www.pcori.org/research-results/2016/resiliency-african-american-men-raam-tier-ii|https://www.pcori.org/research-results/2015/resiliency-african-american-men-raam
Henry Ford Health System Transplant Institute,2,Michigan,,https://www.pcori.org/research-results/2017/transforming-gift-life-transplant-living-community-tlc-tier-ii|https://www.pcori.org/research-results/2016/transforming-gift-life-transplant-living-community-tlc-tier-i
Hereditary Neuropathy Foundation,2,New York,,https://www.pcori.org/research-results/2017/patient-centered-cmthnpp-pain-summit|https://www.pcori.org/research-results/2016/pcor-conferences-charcot-marie-tooth-cmt-inherited-peripheral-neuropathies-ipn
Home Care Aide Foundation,2,Massachusetts,,https://www.pcori.org/research-results/2017/unhealthy-substance-use-among-community-based-older-adults-what-role-home-health-aides-tier-ii|https://www.pcori.org/research-results/2016/unhealthy-substance-use-among-community-based-older-adults-what-role-home-health-aides-tier-i
Howard Brown Health,2,Illinois,,https://www.pcori.org/research-results/2024/building-capacity-engage-patient-centered-cer-among-older-adults|https://www.pcori.org/research-results/2020/four-corners-convened-national-gathering-experts-tnb-participatory-research
Immune Deficiency Foundation,2,Maryland,,https://www.pcori.org/research-results/2015/primary-immunodeficiency-connect-pi-connect|https://www.pcori.org/research-results/2013/pi-patient-research-connection-pi-connect-phase-i
Impactivo,2,Puerto Rico,,https://www.pcori.org/research-results/2023/building-capacity-patient-centered-cer-focused-virtual-care-models-puerto-rico|https://www.pcori.org/research-results/2016/patients-engagement-reduce-zika-disease-and-improve-maternal-child-health-blueprint-research
"Impactivo, LLC.",2,Puerto Rico,,https://www.pcori.org/research-results/2017/hispanic-communities-reducing-complications-around-pregnancy-and-childbirth-tier-iii|https://www.pcori.org/research-results/2016/hispanic-communities-reducing-complications-around-pregnancy-and-childbirth-tier-ii
Institute for Patient and Family Centered Care,2,Maryland,,https://www.pcori.org/research-results/2020/engaging-underserved-urban-communities-research-addressing-challenges-context-covid-19|https://www.pcori.org/research-results/2017/strengthening-diversity-research-partnerships-knowledge-action
"IVI Foundation, Inc.",2,Virginia,,https://www.pcori.org/research-results/2025/convening-build-capacity-patient-centered-cer-incorporates-measurement-burden-and-economic-outcomes|https://www.pcori.org/research-results/2024/implementing-patient-engagement-framework-identify-rare-disease-patient-centered-outcomes
Leaving Well,2,Utah,,https://www.pcori.org/research-results/2016/taking-care-our-parents-collaborative-team-model-support-caregivers-and-elderly-community-members-tier-iii|https://www.pcori.org/research-results/2015/taking-care-our-parents-collaborative-team-model-support-caregivers-and-elderly-community-members-tier-ii
Lehigh University College of Health,2,Pennsylvania,,https://www.pcori.org/research-results/2021/understanding-impact-covid-19-and-building-capacity-pcorcercbpr-native-america|https://www.pcori.org/research-results/2019/american-indian-health-research-education-alliance-native-research-ambassador-program
Loma Linda University,2,California,,https://www.pcori.org/research-results/2016/lowering-barriers-access-hiv-care-geographically-and-economically-diverse-area-tier-iii|https://www.pcori.org/research-results/2015/lowering-barriers-access-hiv-care-geographically-and-economically-diverse-area-tier-ii
Maine Medical Center,2,Maine,,https://www.pcori.org/research-results/2022/building-capacity-disseminate-pcorcer-evidence-reduce-rural-health-disparities-maine|https://www.pcori.org/research-results/2016/comparison-early-versus-standard-timing-tracheostomy-patients-severe-stroke-and-breathing-failure-setpoint-2-study
Mary Hitchcock Memorial Hospital for itself and on behalf of Dartmouth-Hitchcock Clinic,2,New Hampshire,,https://www.pcori.org/research-results/2022/building-community-perinatal-quality-collaborative-partnerships-share-knowledge-reduce-disparities-mental-health|https://www.pcori.org/research-results/2021/early-mortality-people-serious-mental-illness-virtual-roundtable
Matrix Institute on Addictions,2,California,,https://www.pcori.org/research-results/2017/success-early-recovery-sier-tier-ii|https://www.pcori.org/research-results/2016/success-early-recovery-sier-tier-i
Mayo Clinic Arizona,2,Arizona,,https://www.pcori.org/research-results/2024/comparing-effectiveness-three-oral-medications-used-migraine-prevention|https://www.pcori.org/research-results/2016/comparing-two-ways-manage-symptoms-patients-who-have-chronic-migraine-and-frequent-medication-use-mots-trial
Medical College of Wisconsin,2,Wisconsin,,https://www.pcori.org/research-results/2021/collaborating-veterans-optimize-awareness-and-use-evidence-based-therapies-post-traumatic-stress-syndromes|https://www.pcori.org/research-results/2017/working-veterans-optimize-implementation-cancer-screening-programs
MedStar Health,2,District of Columbia|Maryland,,https://www.pcori.org/research-results/2025/ePROs-cancer-treatment-medstar-health|https://www.pcori.org/research-results/2023/medstar-health-hsii-capacity-building-project
MedStar Health Research Institute,2,Maryland,,https://www.pcori.org/research-results/2026/hypertension-managment-medstar-health|https://www.pcori.org/research-results/2014/self-management-urinary-symptoms-using-probiotic-people-spinal-cord-injuries-spina-bifida-and-multiple-sclerosis
Michigan Public Health Institute (MPHI),2,Michigan,,https://www.pcori.org/research-results/2024/plain-communities-health-consortium|https://www.pcori.org/research-results/2022/creating-authentic-tools-engagement-crate
Midwest Asian Health Association (MAHA),2,Illinois,,https://www.pcori.org/research-results/2017/establishing-culturally-appropriate-partnership-patient-centered-outcomes-research-type-2-diabetes-tier-ii|https://www.pcori.org/research-results/2016/establishing-culturally-appropriate-partnership-patient-centered-outcomes-research-type-2-diabetes-tier-i
National Academy for State Health Policy,2,Maine,,https://www.pcori.org/research-results/2017/engaging-state-health-policymakers-explore-policy-implications-and-impact-patient-centered-outcomes-research|https://www.pcori.org/research-results/2013/pcor-roadmap-state-policy-makers
National Alopecia Areata Foundation,2,California,,https://www.pcori.org/research-results/2016/health-and-research-ambassador-hara-pcorcer-training-program|https://www.pcori.org/research-results/2015/national-alopecia-areata-foundation-patient-support-conference
National Breast Cancer Coalition,2,District of Columbia,,https://www.pcori.org/research-results/2019/expanding-capacity-patient-advocates-support-pcor-breast-cancer|https://www.pcori.org/research-results/2018/advocate-leadership-summit-conference-workshops
National Committee for Quality Assurance,2,District of Columbia,,https://www.pcori.org/research-results/2014/using-patient-reported-outcome-measures-during-routine-care-patients-type-2-diabetes|https://www.pcori.org/research-results/2013/evaluating-new-patient-centered-approach-cancer-care-oncology-offices
National Fibromyalgia and Chronic Pain Association,2,Virginia,,https://www.pcori.org/research-results/2017/creating-patient-built-patient-directed-patient-centered-research-community-chronic-pain-tier-ii|https://www.pcori.org/research-results/2016/creating-patient-built-patient-directed-patient-centered-research-community-chronic-pain-tier-i
National Hispanic Health Foundation,2,District of Columbia,,https://www.pcori.org/research-results/2016/hispanic-patient-centered-health-research-mentorship|https://www.pcori.org/research-results/2015/national-hispanic-patient-centered-research-agenda
"NCLR/CSULB Center for Latino Community Health, Evaluation and Leadership Training",2,California,,https://www.pcori.org/research-results/2017/familias-unidas-pre-diabetes-diagnosis-and-treatment-tier-iii|https://www.pcori.org/research-results/2016/familia-unidas-united-families-pre-diabetes-diagnosis-and-treatment-tier-ii
NORC at the University of Chicago,2,Illinois,,https://www.pcori.org/research-results/2023/assessment-user-experience-during-phase-3-pcornetr|https://www.pcori.org/research-results/2021/pcornet-data-convenings-opportunities-enhance-pcornet-infrastructure-pcor-and-cer
Northeastern University,2,Massachusetts,,https://www.pcori.org/research-results/2025/developing-methods-uncertainty-predictions-artificial-intelligence-models|https://www.pcori.org/research-results/2016/tailoring-patient-options-medication-adherence-action-plans-community-pharmacies-tier-ii
Northwell Health,2,New York,,https://www.pcori.org/research-results/2025/hypertension-managment-northwell-health|https://www.pcori.org/research-results/2017/leveraging-community-partnership-identify-priorities-comparative-effectiveness-research-cer-asthma-underserved-hispanic-communities-tier-ii
Northwestern Memorial HealthCare,2,Illinois,,https://www.pcori.org/research-results/2024/implementation-intensive-lifestyle-treatment-weight-loss-primary-care-settings-northwestern-medicine|https://www.pcori.org/research-results/2023/northwestern-memorial-healthcare-hsii-capacity-building-project
Northwestern University at Chicago,2,Illinois,,https://www.pcori.org/research-results/2014/does-community-education-program-help-increase-early-hospital-arrival-and-ambulance-use-patients-who-experience-stroke-ceerias-study|https://www.pcori.org/research-results/2013/helping-older-adults-assess-their-need-future-home-support-services
Not A Dry Eye Foundation,2,Florida,,https://www.pcori.org/research-results/2023/building-capacity-engage-patient-centered-cer-dry-eye-and-meibomian-gland-dysfunction|https://www.pcori.org/research-results/2021/engaging-stakeholders-develop-roadmap-dry-eye-and-mgd-pcori-funded-research
"Nuestra Salud, LLC",2,New Mexico,,https://www.pcori.org/research-results/2015/hispanic-family-asthma-outcomes-research-network-tier-ii|https://www.pcori.org/research-results/2013/hispanic-family-asthma-outcomes-research-network
OSF Healthcare System,2,Illinois,,https://www.pcori.org/research-results/2025/hypertension-management-osf-health-care|https://www.pcori.org/research-results/2023/osf-healthcare-system-hsii-capacity-building-project
Pacific Lutheran University,2,Washington,,https://www.pcori.org/research-results/2023/putting-program-place-university-counseling-centers-treat-students-ptsd|https://www.pcori.org/research-results/2017/trauma-focused-care-campuses-engaging-stakeholders-change
Palo Alto Veterans Institute for Research,2,California,,https://www.pcori.org/research-results/2023/comparing-effectiveness-exercise-therapy-and-lifestyle-change-interventions-among-patients-peripheral-artery-disease|https://www.pcori.org/research-results/2020/trauma-focused-care-lgbtq-communities-building-capacity-research
Parent Project Muscular Dystrophy,2,New Jersey,,https://www.pcori.org/research-results/2015/duchenneconnect-network|https://www.pcori.org/research-results/2013/duchenneconnect-patient-report-registry-infrastructure-project-phase-i
"Patient-Centered Primary Care (PCPC) Team, K-6 Adult Medicine Clinic, Highland Hospital",2,California,,https://www.pcori.org/research-results/2015/patient-centered-primary-care-council-highland-hospital-adult-medicine-clinic-strengthening-primary-care-together-tier-ii|https://www.pcori.org/research-results/2013/creating-patient-centered-primary-care-council-highland-hospital-adult-medicine-clinic-strengthening-primary-care-together
Penn State Health Milton S. Hershey Medical Center,2,Pennsylvania,,https://www.pcori.org/research-results/2018/comparing-universal-versus-focused-screening-depression-among-teens-high-school-shield-trial|https://www.pcori.org/research-results/2016/assessing-effects-intensive-behavioral-therapy-weight-loss-among-patients-or-risk-type-2-diabetes
"PFIC Network, Inc.",2,Kentucky,,https://www.pcori.org/research-results/2025/building-capacity-engage-patient-centered-cer-progressive-familial-intrahepatic-cholestasis|https://www.pcori.org/research-results/2023/building-capacity-patient-centered-cer-focused-progressive-familial-intrahepatic-cholestasis
Phoenix Children's Hospital,2,Arizona,,https://www.pcori.org/research-results/2024/implementation-appropriate-antibiotic-prescribing-children-acute-respiratory-tract-infections-outpatient-settings-phoenix-childrens-hospital|https://www.pcori.org/research-results/2023/phoenix-childrens-hospital-hsii-capacity-building-project
Pregnancy Loss and Infant Death Alliance,2,Colorado,,https://www.pcori.org/research-results/2018/2018-ipbc-international-perinatal-bereavement-conference|https://www.pcori.org/research-results/2016/2016-plida-international-perinatal-bereavement-conference
"Regents of the University of California, on behalf of the Riverside campus",2,California,,https://www.pcori.org/research-results/2022/engaging-academy-address-underrepresented-graduate-students-mental-health-needs|https://www.pcori.org/research-results/2019/collegiate-recovery-engaging-campus-community-students-recovery-needs
RTI,2,North Carolina|Pennsylvania,,https://www.pcori.org/research-results/2021/topic-brief-ablation-atrial-fibrillation|https://www.pcori.org/research-results/2018/pilot-evidence-maps-treatments-early-stage-prostate-cancer
San Francisco Health Network,2,California,,https://www.pcori.org/research-results/2026/hypertension-management-san-francisco-health-network|https://www.pcori.org/research-results/2024/san-francisco-health-network-hsii-capacity-building-project
Scottish Rite for Children,2,Texas,,https://www.pcori.org/research-results/2025/building-capacity-engage-patient-centered-cer-cerebral-palsy|https://www.pcori.org/research-results/2023/multi-stakeholder-engagement-identify-early-intervention-research-priorities-cerebral-palsy
Shepherd Center,2,Georgia,,https://www.pcori.org/research-results/2017/comparing-two-ways-deliver-exercise-program-improve-mobility-among-people-multiple-sclerosis-step-ms-trial|https://www.pcori.org/research-results/2013/using-one-one-peer-mentors-help-patients-spinal-cord-injury-transition-rehabilitation-home
Sick Cells,2,District of Columbia|Illinois,,https://www.pcori.org/research-results/2024/empowering-patient-leaders-achieve-patient-centered-core-impact-sets|https://www.pcori.org/research-results/2022/defining-value-and-supporting-equity-scd
Smell and Taste Association of North America,2,Pennsylvania,,https://www.pcori.org/research-results/2025/building-capacity-engage-patient-centered-cer-smell-and-taste-disorders|https://www.pcori.org/research-results/2023/building-capacity-engage-patient-centered-cer-taste-and-smell-disorders
SolSurvivors,2,Utah,,https://www.pcori.org/research-results/2016/developing-infrastructure-patient-centered-melanoma-research-tier-iii|https://www.pcori.org/research-results/2015/developing-infrastructure-patient-centered-melanoma-research-tier-ii
Spina Bifida San Diego,2,California,,https://www.pcori.org/research-results/2016/mopac-moving-pediatric-adult-care-tier-iii|https://www.pcori.org/research-results/2013/addressing-obesity-latino-adolescents-spina-bifida
Stanford Medicine,2,California,,https://www.pcori.org/research-results/2024/implementation-appropriate-antibiotic-prescribing-children-acute-respiratory-tract-infections-outpatient-settings-stanford-medicine|https://www.pcori.org/research-results/2023/stanford-medicine-hsii-capacity-building-project
Temple University - Of The Commonwealth System of Higher Education,2,Pennsylvania,,https://www.pcori.org/research-results/2022/building-latinx-capacity-pcor-agenda-ethnic-and-sex-specific-disparities-cvd-covid-19|https://www.pcori.org/research-results/2021/peer-support-and-research-engagement-transition-age-youth-and-young-adults-idd
Temple University College of Public Health,2,Pennsylvania,,https://www.pcori.org/research-results/2021/building-capacity-research-engaging-patients-pulmonary-fibrosis-and-their-care-partners|https://www.pcori.org/research-results/2020/preparing-individuals-intellectual-or-developmental-disabilities-engagement-research-during-public-health-emergencies-and-disasters
Temple University Health System,2,Pennsylvania,,https://www.pcori.org/research-results/2024/implementation-appropriate-antibiotic-prescribing-children-acute-respiratory-tract-infections-outpatient-settings-temple-university-health-system|https://www.pcori.org/research-results/2023/temple-university-health-system-hsii-capacity-building-project
TESS Research Foundation,2,California,,https://www.pcori.org/research-results/2025/convening-advance-patient-centered-cer-slc13a5-epilepsy|https://www.pcori.org/research-results/2023/developing-sustainable-patient-centered-slc13a5-research-agenda
"The Brigham and Women's Hospital, Inc.",2,Massachusetts,,https://www.pcori.org/research-results/2025/artificial-intelligence-clinical-trial-education|https://www.pcori.org/research-results/2024/comparing-digital-therapy-trazodone-and-daridorexant-menopause-related-insomnia-symptoms
The Children's Hospital Corporation,2,Massachusetts,,https://www.pcori.org/research-results/2022/comparing-three-ways-communicate-children-and-families-during-hospital-stay|https://www.pcori.org/research-results/2018/expanding-use-program-improve-patient-safety-children-hospitals
The Children's Mercy Hospital,2,Missouri,,https://www.pcori.org/research-results/2023/addressing-health-disparities-black-youth-intellectual-and-developmental-disabilities|https://www.pcori.org/research-results/2015/incorporating-genetic-data-pcor-studies-building-road-map-stakeholder-engagement
The Childrens' Hospital of Philadelphia,2,Pennsylvania,,https://www.pcori.org/research-results/2017/comparing-effectiveness-interventions-help-young-adults-sickle-cell-disease-transition-adulthood-comets-study|https://www.pcori.org/research-results/2014/developing-sets-survey-questions-measure-childrens-sleep-health
The Cholangiocarcinoma Foundation,2,Utah,,https://www.pcori.org/research-results/2016/annual-cholangiocarcinoma-foundation-conference|https://www.pcori.org/research-results/2015/cholangiocarcinoma-foundation-foundation-annual-conference
The Council for Jewish Elderly dba CJE SeniorLife,2,Illinois,,https://www.pcori.org/research-results/2017/sages-every-setting-enhancing-innovative-model-incorporate-older-adult-voice-research|https://www.pcori.org/research-results/2015/bureau-sages-incorporation-and-translation-older-adults-voices-meaningful-research
The Curators of the University of Missouri,2,Missouri,,https://www.pcori.org/research-results/2025/building-capacity-patient-centered-comparative-clinical-effectiveness-research-focused-diabetes-missouri|https://www.pcori.org/research-results/2021/patient-advisor-team-orthopaedic-research-partnors
The Curators of the University of Missouri on Behalf of the University of Missouri-St. Louis,2,Missouri,,https://www.pcori.org/research-results/2022/building-capacity-engage-patient-centered-cer-st-louis|https://www.pcori.org/research-results/2020/hearing-youth-consumers-mental-health-through-engaged-research-stakeholders
The George Washington University,2,District of Columbia,,https://www.pcori.org/research-results/2023/comparing-effectiveness-two-programs-help-people-living-kidney-disease-make-treatment-decisions-expand-study|https://www.pcori.org/research-results/2012/pilot-project-understanding-consumer-perspectives-updated-preventive-care-recommendations
The George Washington University (GW) Cancer Institute,2,District of Columbia,,https://www.pcori.org/research-results/2017/building-foundation-community-led-research-eliminate-lgbt-cancer-disparities-tier-ii|https://www.pcori.org/research-results/2016/building-foundation-community-led-research-eliminate-lgbt-cancer-disparities-tier-i
"The Medical College of Wisconsin, Inc.",2,Wisconsin,,https://www.pcori.org/research-results/2022/building-capacity-patient-centered-cer-representativeness-among-oncology-communities-milwaukee|https://www.pcori.org/research-results/2021/patient-prioritized-research-agenda-children-and-adults-kidney-stones
The Queen's Medical Center,2,Hawaii,,https://www.pcori.org/research-results/2026/ePROs-cancer-treatment-queens-medical-center|https://www.pcori.org/research-results/2023/queens-medical-center-hsii-capacity-building-project
"The Regents of the University of California, Los Angeles",2,California,,https://www.pcori.org/research-results/2021/resources-empower-persons-experiencing-homelessness-comparative-trials-respect|https://www.pcori.org/research-results/2019/putting-diabetes-risk-prediction-tool-practice-support-shared-clinical-decision-making
The Sumaira Foundation,2,Massachusetts,,https://www.pcori.org/research-results/2025/immunotherapies-prevent-relapse-neuromyelitis-optica-spectrum-disorder|https://www.pcori.org/research-results/2024/building-capacity-engage-patient-centered-cer-rare-neuroimmune-disorders
The University of Alabama,2,Alabama,,https://www.pcori.org/research-results/2015/sharing-opinions-and-advice-about-research-soar-deep-south|https://www.pcori.org/research-results/2014/alabama-initiative-integrated-primary-care-behavioral-health-services-alhealth
The University of Southern Mississippi,2,Mississippi,,https://www.pcori.org/research-results/2019/tri-county-male-health-and-wellness-initiative|https://www.pcori.org/research-results/2015/building-culturally-sensitive-network-pcorcer-dissemination
The University of Texas at Austin Dell Medical School,2,Texas,,https://www.pcori.org/research-results/2022/building-capacity-engage-patient-centered-cer-texas|https://www.pcori.org/research-results/2019/engaging-community-engaging-researchers-pcor-action
Trustees of Columbia University in the City of New York,2,New York,,https://www.pcori.org/research-results/2024/building-community-competencecapacity-physical-activity-cerebral-palsy-through-cer|https://www.pcori.org/research-results/2023/comparing-three-multi-component-nutritional-and-exercise-interventions-address-maternal-postpartum-weight-retention
Tufts Medical Center Inc.,2,Massachusetts,,https://www.pcori.org/research-results/2019/evaluating-therapies-prevent-future-stroke-patients-patent-foramen-ovale-related-strokes-scope-study|https://www.pcori.org/research-results/2012/pilot-project-predicting-who-will-respond-best-medical-treatments
Tulane University School of Medicine/Tulane Center for Autism and Related Disorders,2,Louisiana,,https://www.pcori.org/research-results/2017/autism-force-families-organizations-resources-completely-engaged-achieving-positive-patient-outcomes-tier-ii|https://www.pcori.org/research-results/2016/autism-force-families-organizations-resources-completely-engaged-achieving-positive-patient-outcomes-tier-i
UF Health,2,Florida,,https://www.pcori.org/research-results/2025/ePROs-cancer-treatment-university-of-florida|https://www.pcori.org/research-results/2024/implementation-appropriate-antibiotic-prescribing-children-acute-respiratory-tract-infections-outpatient-settings-university-florida-health-system
UNC Center for Maternal and Infant Health,2,North Carolina,,https://www.pcori.org/research-results/2020/learning-how-optimize-preconception-knowledge-and-self-efficacy-women-chronic-conditions|https://www.pcori.org/research-results/2015/defining-unmet-patient-centered-health-care-needs-4th-trimester
University of Ariona,2,Arizona,,https://www.pcori.org/research-results/2013/does-peer-support-program-improve-satisfaction-treatment-among-patients-obstructive-sleep-apnea|https://www.pcori.org/research-results/2013/does-offer-phone-community-health-worker-support-increase-access-primary-care-women-who-are-newly-enrolled-health-plan
"University of California, Berkeley",2,California,,https://www.pcori.org/research-results/2019/partnering-community-doulas-improve-maternal-and-infant-health-equity-california|https://www.pcori.org/research-results/2014/assessing-patient-activation-and-engagement-activities-primary-care-clinics-within-accountable-care-organizations
University of Colorado - Denver,2,Colorado,,https://www.pcori.org/research-results/2024/building-capacity-engage-patient-centered-cer-childhood-obesity-rural-colorado|https://www.pcori.org/research-results/2012/does-customized-website-affect-hpv-vaccine-use-among-latino-adolescents-and-young-adults
University of Colorado School of Medicine,2,Colorado,,https://www.pcori.org/research-results/2024/convening-stakeholders-advance-maternal-suicide-prevention-research-priorities|https://www.pcori.org/research-results/2012/pilot-project-helping-patients-irregular-heartbeat-decide-whether-or-not-get-defibrillator
University of Maryland,2,Maryland,,https://www.pcori.org/research-results/2016/patient-voice-cultural-diversity-training-patient-centered-outcomes-researchers|https://www.pcori.org/research-results/2015/pcor-training-program-rare-disease-patient-advocates
University of New Mexico,2,New Mexico,,https://www.pcori.org/research-results/2025/developing-validating-measure-research-engagement-activities|https://www.pcori.org/research-results/2016/hispanic-family-asthma-outcomes-research-network-tier-iii
University of North Carolina at Chapel Hill School of Medicine,2,North Carolina,,https://www.pcori.org/research-results/2025/primary-care-scaling-early-childhood-obesity-prevention|https://www.pcori.org/research-results/2021/comparing-four-ways-providing-pregnancy-care-reduce-risk-low-birth-weight-delivery
University of Texas at Austin,2,Texas,,https://www.pcori.org/research-results/2020/all-hands-deck-community-convening-improve-research-veteran-suicide-prevention|https://www.pcori.org/research-results/2015/veteran-spouse-network-vsn-network-veteran-spouses-engaged-research
University of Texas Southwestern Medical Center,2,Texas,,https://www.pcori.org/research-results/2023/comparing-effectiveness-two-care-delivery-models-improving-detection-and-treatment-complications-after-giving-birth|https://www.pcori.org/research-results/2013/does-plasma-exchange-help-improve-physical-function-children-transverse-myelitis-capture-study
University of Vermont,2,Vermont,,https://www.pcori.org/research-results/2022/perspective-local-autism-stakeholders-healthcare-transition-adult-services-vermont|https://www.pcori.org/research-results/2022/increasing-capacity-autism-research-rural-state-co-creation-engagement-tools
University of Washington Bothell,2,Washington,,https://www.pcori.org/research-results/2022/capacity-building-pcor-agenda-behavioral-health-underserved-populations|https://www.pcori.org/research-results/2020/community-engagement-and-collaboration-seattle-schools
University of Washington Department of Surgery,2,Washington,,https://www.pcori.org/research-results/2019/engaging-patients-type-b-aortic-dissections-partners-patient-centered-outcomes-research|https://www.pcori.org/research-results/2018/vascular-ehlers-danlos-syndrome-patient-centered-research-conference
University of Wisconsin - River Falls,2,Wisconsin,,https://www.pcori.org/research-results/2022/breaking-down-barriers-pcorcer-evidence-building-capacity-aya-patient-driven-dissemination|https://www.pcori.org/research-results/2020/empowering-nationwide-adolescent-young-adult-leadership-research-council
University of Wisconsin School of Medicine and Public Health,2,Wisconsin,,https://www.pcori.org/research-results/2024/learning-interpretable-and-fair-personalized-treatment-rules|https://www.pcori.org/research-results/2019/new-method-create-personalized-treatment-guidance-using-patient-health-data
UPMC Center for High-Value Health Care,2,Pennsylvania,,https://www.pcori.org/research-results/2022/building-capacity-address-rural-maternal-health-disparities|https://www.pcori.org/research-results/2018/upmc-conference-accelerating-stakeholder-driven-pcorcer-learning-health-system
UPMC Children's Hospital of Pittsburgh,2,Pennsylvania,,https://www.pcori.org/research-results/2024/partner-ad3vance-patient-centered-research-pediatric-transplant-engaging-families-and-recipient|https://www.pcori.org/research-results/2020/partner-patient-centered-research-pediatric-transplant-engaging-familiesrecipients
Urban Institute,2,District of Columbia,,https://www.pcori.org/research-results/2022/centering-patient-stakeholders-pcor-reproductiveperinatal-health-equity|https://www.pcori.org/research-results/2019/building-patient-community-capacity-engage-cer-related-sexual-health-and-safety
Washington State University,2,Washington,,https://www.pcori.org/research-results/2022/building-capacity-patient-centered-outcomes-research-rural-washington|https://www.pcori.org/research-results/2012/pilot-project-how-people-more-one-health-problem-manage-their-many-medicines
Washington State University College of Nursing,2,Washington,,https://www.pcori.org/research-results/2016/promoting-patient-centered-research-puget-sound-asthma-coalition-tier-iii|https://www.pcori.org/research-results/2015/promoting-patient-centered-research-puget-sound-asthma-coalition-tier-ii
Wiki Education Foundation,2,California,,https://www.pcori.org/research-results/2024/health-students-cite-pcori-funded-systematic-reviews-wikipedia|https://www.pcori.org/research-results/2022/disseminating-pcori-funded-systematic-reviews-through-wikipedia
Women and Infants Hospital-Rhode Island,2,Rhode Island,,https://www.pcori.org/research-results/2025/comparing-treatments-urgency-urinary-incontinence|https://www.pcori.org/research-results/2022/comparing-two-ways-treat-urgency-urinary-incontinence
Wright State University,2,Ohio,,https://www.pcori.org/research-results/2017/refugee-centered-medical-home-pcmh-working-better-our-newest-neighbors-tier-ii|https://www.pcori.org/research-results/2016/refugee-centered-medical-home-pcmh-working-better-our-newest-neighbors-tier-i
Yale School of Public Health,2,Connecticut,,https://www.pcori.org/research-results/2022/comparing-two-ways-manage-high-blood-pressure-and-treat-depression-women-after-childbirth|https://www.pcori.org/research-results/2021/new-methods-planning-cluster-randomized-trials-measure-variations-treatment-effects
Yale University School of Medicine,2,Connecticut,,https://www.pcori.org/research-results/2025/medication-treating-new-onset-refractory-status-epilepticus|https://www.pcori.org/research-results/2019/comparing-two-ways-provide-pregnant-women-prenatal-care-and-treatment-opioid-use-disorder
A Twist of Fate - ATS,1,Oklahoma,,https://www.pcori.org/research-results/2022/capacity-building-rare-perspective
A.T. Still University of Health Sciences,1,Missouri,,https://www.pcori.org/research-results/2017/traumatic-brain-injury-treatments-veterans
Academy of Breastfeeding Medicine,1,Illinois,,https://www.pcori.org/research-results/2021/setting-agenda-patient-centered-research-infant-and-young-child-feeding
Accelerated Cure Project,1,Massachusetts,,https://www.pcori.org/research-results/2016/ms-minority-research-engagement-partnership-network
Access Health Columbus DBA The Healthcare Collaborative of Greater Columbus,1,Ohio,,https://www.pcori.org/research-results/2018/translating-research-reality-creating-hub-model-transforming-healthcare
Accreditation Council for Continuing Medical Education,1,Illinois,,https://www.pcori.org/research-results/2018/learning-together-engaging-patients-professional-development-physicians-and-healthcare-teams
AdventHealth,1,Florida,,https://www.pcori.org/research-results/2023/adventhealth-hsii-capacity-building-project
Agency for Healthcare Research and Quality,1,Maryland,,https://www.pcori.org/research-results/2024/ahrq-and-pcori-learning-health-system-embedded-scientist-training-and-research-centers-p30
AJ Drexel Autism Institute; Drexel University,1,Pennsylvania,,https://www.pcori.org/research-results/2025/engagement-research-autistic-perspectives-behavioral-intervention
Alagille Syndrome Alliance,1,Oregon,,https://www.pcori.org/research-results/2019/algsa-2019-symposium-and-scientific-meeting
Albert Einstein College of Medicine,1,New York,,https://www.pcori.org/research-results/2014/comparing-group-and-individual-acupuncture-therapy-treating-chronic-pain-among-ethnically-diverse-patients-low-incomes-aaddopt-2
Albert Einstein College of Medicine Yeshiva University,1,New York,,https://www.pcori.org/research-results/2013/testing-new-ways-measure-how-patients-rate-quality-life
Albert Einstein Healthcare Network,1,Pennsylvania,,https://www.pcori.org/research-results/2014/creating-manual-better-define-rehabilitation-treatments
"ALD Connect, Inc.",1,Massachusetts,,https://www.pcori.org/research-results/2013/ald-connect-phase-i
Alliance for Health Policy,1,District of Columbia,,https://www.pcori.org/research-results/2018/informing-policy-dialogue-comparative-effectiveness-research
Alliance NCTN Foundation,1,Illinois,,https://www.pcori.org/research-results/2024/comparing-longitudinal-screening-financial-hardship-usual-care-improve-health-related-financial-worry-and-quality-life-patients-advanced-cancer
Alliance of Chicago Community Health Services,1,Illinois,,https://www.pcori.org/research-results/2017/collaborations-health-and-empowered-community-based-scientists-checs
"Alliance of Community Health Plans Foundation, Inc.",1,District of Columbia,,https://www.pcori.org/research-results/2025/building-capacity-engage-community-health-plans-patient-centered-cer-chronic-disease-management
Allo Hope Foundation,1,Alabama,,https://www.pcori.org/research-results/2022/stakeholder-engagement-pcorcer-planning-support-maternal-alloimmunizationhdfn
ALS Hope Foundation,1,Pennsylvania,,https://www.pcori.org/research-results/2025/convening-develop-patient-centered-cer-agenda-amyotrophic-lateral-sclerosis
Alstrom Syndrome International,1,Maine,,https://www.pcori.org/research-results/2015/its-time-talk-its-time-listen
AltaMed Health Services,1,California,,https://www.pcori.org/research-results/2019/health-equity-and-access-latinos-through-pcor-capacity-building-heal-through-pcor
AltaMed Health Services Corporation,1,California,,https://www.pcori.org/research-results/2020/partner-southeast-los-angeles
"AltaMed Health Services, Corp.",1,California,,https://www.pcori.org/research-results/2022/inclusion-and-equity-engaged-research-partnering-latinos-who-have-lived-experience-homelessness
"Ambulatory Care Network: Research and Innovation, Los Angeles County Department of Health Services (DHS)",1,California,,https://www.pcori.org/research-results/2017/share-la-setting-hpv-activated-research-engagement-priorities-los-angeles-county
American Academy of Developmental Medicine and Dentistry,1,New York,,https://www.pcori.org/research-results/2025/building-capacity-patient-centered-cer-community-and-public-health-services-people-intellectual-and-developmental-disabilities-colorado
American Academy of Pediatrics,1,Illinois,,https://www.pcori.org/research-results/2025/disseminating-pcori-funded-research-improve-adhd-care-and-inpatient-safety-children
American Academy of Physician Associates,1,Virginia,,https://www.pcori.org/research-results/2022/building-capacity-pa-dissemination-initiative
American Association of Nurse Practitioners,1,Texas,,https://www.pcori.org/research-results/2024/clinical-effectiveness-research-initiative-ceri
American Association of Physicists in Medicine,1,Virginia,,https://www.pcori.org/research-results/2023/radiation-risk-medicine-identifying-and-enabling-patient-provider-shared-decision-making
"American Autoimmune Related Diseases Association, Inc.",1,Michigan,,https://www.pcori.org/research-results/2021/stakeholder-convenings-empowering-women-lupus-nephritis-share-their-treatment-decisions
American College of Medical Toxicology,1,Arizona,,https://www.pcori.org/research-results/2023/confronting-overdose-epidemic-engaging-patients-improve-medical-toxicology-research
American College of Obstetricians and Gynecologists,1,District of Columbia,,https://www.pcori.org/research-results/2019/prenatal-anxiety-digital-resource-center
American College of Physicians,1,Pennsylvania,,https://www.pcori.org/research-results/2014/measuring-physicians-opinions-cer-strengthen-its-role-patient-centered-care
American Institutes for Research,1,District of Columbia,,https://www.pcori.org/research-results/2016/patient-centered-outcomes-research-translation-center
American Institutes for Research and SWOG,1,District of Columbia,,https://www.pcori.org/research-results/2017/framework-patient-engagement-cancer-network-group-studies
American Multiple Endocrine Neoplasia (AMEN) Support,1,Tennessee,,https://www.pcori.org/research-results/2016/patient-empowering-outreach-seminar-series
American Parkinson Disease Association (APDA),1,New York,,https://www.pcori.org/research-results/2019/apda-diversity-parkinsons-disease-research-initiative
American Society for Dermatologic Surgery Association,1,Illinois,,https://www.pcori.org/research-results/2016/patient-directed-outcomes-skin-cancer
American Society of Clinical Oncology,1,Virginia,,https://www.pcori.org/research-results/2023/does-starting-lower-doses-targeted-therapy-and-increasing-tolerated-help-people-metastatic-breast-cancer-stay-treatment-longer
American Telemedicine Association,1,Virginia,,https://www.pcori.org/research-results/2019/telehealth-research-dissemination-forum
America’s Essential Hospitals,1,District of Columbia,,https://www.pcori.org/research-results/2016/pcorcer-roadmap-essential-hospitals
Ann and Robert H. Lurie Children's Hospital of Chicago,1,Illinois,,https://www.pcori.org/research-results/2013/testing-program-support-decision-making-among-parents-children-picu
Anschutz Medical Campus - University of Colorado Denver,1,Colorado,,https://www.pcori.org/research-results/2018/developing-incremental-privacy-preserving-record-linkage-method-improve-data-sharing-and-data-quality
Aplastic Anemia & MDS International Foundation,1,Maryland,,https://www.pcori.org/research-results/2015/patient-advisory-committee-clinical-trials-pacct
ARC XVI Fort Washington Inc.,1,New York,,https://www.pcori.org/research-results/2019/building-community-capacity-disseminate-research-findings-falls-prevention
"ARC XVI Ft. Washington, Inc.",1,New York,,https://www.pcori.org/research-results/2017/addressing-health-disparities-metabolic-syndrome
ARDS Foundation,1,Illinois,,https://www.pcori.org/research-results/2017/humanizing-critical-care-patients-and-families
Arizona State University,1,Arizona,,https://www.pcori.org/research-results/2016/take-action-arizonas-children-through-care-coordination-bridge-action
Arkansas Behavioral Health Integration Network,1,Arkansas,,https://www.pcori.org/research-results/2025/strengthening-peer-engagement-patient-centered-cer-behavioral-health-integration-arkansas
Arkansas Children’s Research Institute,1,Arkansas,,https://www.pcori.org/research-results/2017/patient-and-stakeholder-alliance-satb2-associated-syndrome
ASH Research Collaborative,1,District of Columbia,,https://www.pcori.org/research-results/2025/building-capacity-engage-patient-centered-cer-sickle-cell-disease
Association for Community Affiliated Plans,1,District of Columbia,,https://www.pcori.org/research-results/2019/engaging-safety-net-health-plans-disseminateuse-evidence-impact-healthcare-delivery
Association for Creatine Deficiencies,1,California,,https://www.pcori.org/research-results/2021/parents-advancing-research-networks-parents
"Association for Creatine Deficiencies, Inc.",1,California,,https://www.pcori.org/research-results/2024/parents-advancing-research-networks-20-expand-community-tools-and-engagement-parents-20-excite
Association of Asian Pacific Community Health Organizations,1,California,,https://www.pcori.org/research-results/2020/covid-19-and-other-infectious-diseases-engagement-initiative-coidei
Association of Nurses in AIDS Care,1,Ohio,,https://www.pcori.org/research-results/2017/anac2017-annual-conference-pcori-session
ASXL Rare Research Endowment (ARRE) Foundation,1,Maine,,https://www.pcori.org/research-results/2025/building-capacity-patient-centered-comparative-clinical-effectiveness-research-asxl-related-disorders
ASXL Rare Research Endowment Foundation,1,Maine,,https://www.pcori.org/research-results/2023/defining-and-prioritizing-research-questions-and-outcome-measures-asxl-related-disorders
ATW Health Solutions,1,Illinois,,https://www.pcori.org/research-results/2020/2ceerias-phase-ii-community-engagement-early-stroke-recognition-and-immediate-action-stroke-ceerias-covid-19-environment
Auburn University School of Pharmacy,1,Alabama,,https://www.pcori.org/research-results/2020/engaging-patients-and-families-deep-south-patient-centered-multiple-sclerosis-research
Autistic Self-Reliance Support Network,1,Ohio,,https://www.pcori.org/research-results/2025/convening-build-national-networks-patient-centered-cer-around-autism-and-suicide-prevention-columbus-ohio
"Balance and Life Ministries, LLC (BALM)",1,Maryland,,https://www.pcori.org/research-results/2015/building-capacity-and-reducing-barriers-inclusion-underserved-black-youth-and-families-behavioral-and-mental-health-patient-centered-outcomes-research
Baptist Memorial Health Care Foundation,1,Tennessee,,https://www.pcori.org/research-results/2013/role-multidisciplinary-care-planning-survival-care-quality-and-satisfaction-patients-lung-cancer
Bassett Medical Center,1,New York,,https://www.pcori.org/research-results/2025/comparing-renal-effects-vancomycin-combined-piperacillintazobactam-meropenem
Baylor Research Institute dba Baylor Scott and White Research Institute,1,Texas,,https://www.pcori.org/research-results/2022/partnering-build-capacity-pcorcer-youth-sports-related-concussion
Baylor Scott & White Health,1,Texas,,https://www.pcori.org/research-results/2026/effectiveness-inhibitors-treatment-advanced-chronic-kidney-disease
Baylor University,1,Texas,,https://www.pcori.org/research-results/2020/building-capacity-patient-centered-outcomes-research-juvenile-detention
Beckman Research Institute of the City of Hope,1,California,,https://www.pcori.org/research-results/2020/does-adding-remote-monitoring-standard-postoperative-care-help-improve-recovery-after-surgery-among-patients-cancer
Behavior Change Institute,1,California,,https://www.pcori.org/research-results/2020/engaging-asd-community-pcorcer
Bentley University,1,Massachusetts,,https://www.pcori.org/research-results/2021/building-capacity-pcor-about-covid-19-vaccination-long-term-care-workforce
"Beth Israel Deaconess Medical Center, Inc",1,Massachusetts,,https://www.pcori.org/research-results/2019/comparing-two-therapies-improving-social-and-thinking-skills-patients-schizophrenia
Beth Israel Deaconess Medical Center/Harvard Medical School,1,Massachusetts,,https://www.pcori.org/research-results/2024/comparing-two-timings-transfer-among-patients-undergoing-vitro-fertilization-reduced-chance-implantation-success
Bipartisan Policy Center,1,District of Columbia,,https://www.pcori.org/research-results/2016/effective-treatments-educational-forums
Black Women’s Health Imperative,1,Georgia,,https://www.pcori.org/research-results/2019/teach-trained-empowered-advocates-community-health-healing
"Board of Regents, NSHE, obo University of Nevada, Las Vegas",1,Nevada,,https://www.pcori.org/research-results/2018/engaging-asian-communities-palliative-care-nevada-eacpac
Board of Trustees of the University of Arkansas acting for and on behalf of the University of Arkansas for Medical Sciences,1,Arkansas,,https://www.pcori.org/research-results/2022/arkansas-building-capacity-womens-justice-health-pcor-cer
Board of Trustees of the University of Illinois,1,Illinois,,https://www.pcori.org/research-results/2019/perinatal-depression-research-engagement-symposium
Boise State University,1,Idaho,,https://www.pcori.org/research-results/2017/advanced-care-planning-research-collaborative-tier-ii
Boston College,1,Massachusetts,,https://www.pcori.org/research-results/2017/patient-engagement-efforts-reduce-peer-diabetes-among-vietnamese-americans-tier-ii
Boston Health Care for the Homeless Program,1,Massachusetts,,https://www.pcori.org/research-results/2023/building-capacity-pcorcer-improve-chronic-disease-management-among-people-experiencing-homelessness
Boston University Medical Center,1,Massachusetts,,https://www.pcori.org/research-results/2017/promoting-intersection-research-health-literacy-and-patient-centered-care
Boston University School of Medicine/ Boston Medical Center,1,Massachusetts,,https://www.pcori.org/research-results/2012/pilot-project-figuring-out-which-patients-are-likely-return-hospital
Boston University School of Public Health,1,Massachusetts,,https://www.pcori.org/research-results/2017/bridging-chasm-between-pregnancy-and-womens-health-over-life-course
Boston VA Research Institute,1,Massachusetts,,https://www.pcori.org/research-results/2020/examining-effect-covid-19-related-policy-changes-treatment-people-opioid-use-disorder
"Boston VA Research Institute, Inc.",1,Massachusetts,,https://www.pcori.org/research-results/2014/engaging-peers-comparative-effectiveness-research
Brigham and Women's Faulkner Hospital,1,Massachusetts,,https://www.pcori.org/research-results/2021/comparing-second-line-medicines-treat-type-2-diabetes-bestmed-study
"Brigham and Women's Hospital, Inc.",1,Massachusetts,,https://www.pcori.org/research-results/2012/pilot-project-figuring-out-why-some-patients-do-not-fill-their-blood-pressure-prescriptions
Brody School of Medicine at East Carolina University,1,North Carolina,,https://www.pcori.org/research-results/2022/comparing-two-ways-help-patients-control-high-blood-pressure
Bronx Community Research Review Board (BxCRRB) / The Bronx Health Link (TBHL),1,New York,,https://www.pcori.org/research-results/2016/community-engaged-research-academy-local-solutions-local-concerns
California Health Care Coalition,1,California,,https://www.pcori.org/research-results/2022/building-pcorcer-capacity-among-labor-management-purchasers-improve-mental-health
"California Polytechnic State University, San Luis",1,California,,https://www.pcori.org/research-results/2024/randomized-controlled-trial-lifestyle-interventions-prevention-diabetes-us-home-visiting-programs
Cambridge Health Alliance,1,Massachusetts,,https://www.pcori.org/research-results/2016/comparing-preferences-depression-and-diabetes-treatment-among-adults-different-racial-and-ethnic-groups-who-reported-discrimination-health-care
Caregiver Action Network,1,District of Columbia,,https://www.pcori.org/research-results/2016/equipping-you-success-training-family-caregivers-team-based-medical-decisions
Carelon Research,1,Delaware,,https://www.pcori.org/research-results/2024/building-capacity-patient-centered-cer-payer-decision-making
Carolinas Medical Center,1,North Carolina,,https://www.pcori.org/research-results/2018/shared-decision-making-program-use-emergency-room-children-who-have-asthma
CASAColumbia,1,New York,,https://www.pcori.org/research-results/2014/assessing-support-medicine-decision-making-youth-adhd-who-receive-therapy
Cedars Sinai Medical Center,1,California,,https://www.pcori.org/research-results/2014/developing-item-bank-survey-questions-measure-womens-experiences-childbirth-hospitals
Cedars-Sinai,1,California,,https://www.pcori.org/research-results/2020/evaluating-implementation-two-interventions-help-older-adults-maintain-their-health-and-live-independently
Cedars-Sinai Health System,1,California,,https://www.pcori.org/research-results/2018/comparing-two-treatments-depression-among-patients-advanced-heart-failure
Center for Adoption Support and Education (C.A.S.E),1,Maryland,,https://www.pcori.org/research-results/2025/convening-support-engagement-patient-centered-cer-related-therapy-priorities-foster-care-experienced-youth
Center for Community Health Education Research and Service,1,Massachusetts,,https://www.pcori.org/research-results/2018/boston-bridge-potential-pcor-and-cer-address-health-disparities-bostons-neighborhoods
"Center for Community Health Education Research and Service, Inc. (CCHERS)",1,Massachusetts,,https://www.pcori.org/research-results/2025/model-frontline-care-provider-led-patient-centered-cer
Center For Excellence In Health Care Journalism,1,Missouri,,https://www.pcori.org/research-results/2015/training-journalists-evidence-based-medicine-comparative-effectiveness-research-and-health-data
Center for Health Care Strategies,1,New Jersey,,https://www.pcori.org/research-results/2021/developing-pcor-guided-complex-care-research-agenda
Center for Health Policy Development/National Academy for State Health Policy,1,Maine,,https://www.pcori.org/research-results/2017/state-state-peer-learning-conference-using-pcor-and-cer-inform-state-policymaking
Center for Interdisciplinary Research on AIDS/Yale School of Public Health,1,Connecticut,,https://www.pcori.org/research-results/2025/convening-support-engagement-patient-centered-cer-related-human-immunodeficiency-virus
Center for Veterans Research and Education,1,Minnesota,,https://www.pcori.org/research-results/2019/comparing-two-types-therapy-treat-veterans-ptsd-and-substance-use-disorder-compass-study
Center for Workforce Health and Development,1,California,,https://www.pcori.org/research-results/2016/pcor-dissemination-work-how-employers-use-evidence-make-employee-health-investment-decisions
Center for Workforce Health and Performance,1,California,,https://www.pcori.org/research-results/2019/pcor-worksite-health-centers
Cerebral Palsy International Research Foundation,1,New York,,https://www.pcori.org/research-results/2015/workshops-transform-health-care-women-disabilities
Child Neurology Foundation,1,Minnesota,,https://www.pcori.org/research-results/2017/comparing-peer-support-models-families-living-pediatric-neurologic-conditions
"Children's Hospital Corporation, d/b/a Boston Children's Hospital",1,Massachusetts,,https://www.pcori.org/research-results/2025/comparing-two-ways-improve-heart-health-children-lupus
Children's Hospital of Philadelphia (CHOP),1,Pennsylvania,,https://www.pcori.org/research-results/2012/pilot-project-discovering-what-health-outcomes-matter-most-children-and-parents
Children's intersitital and Diffuse Lung Disease Foundation (chILD),1,Ohio,,https://www.pcori.org/research-results/2025/building-capacity-patient-centered-cer-rare-lung-disease
Children's National Health System,1,District of Columbia,,https://www.pcori.org/research-results/2021/supporting-families-treatment-decisions-evidence-treatment-urea-cycle-disorders
Children's National Medical Center,1,District of Columbia,,https://www.pcori.org/research-results/2014/testing-peer-support-program-parents-infants-going-home-nicu
Children's Tumor Foundation,1,New York,,https://www.pcori.org/research-results/2017/ctf-patient-centered-outcomes-research-forum-all-stakeholders
Children’s Mercy Hospital,1,Missouri,,https://www.pcori.org/research-results/2016/incorporating-genetics-patient-centered-outcomes-research-engagement-model-autism-research-community
Chinese Information and Service Center,1,Washington,,https://www.pcori.org/research-results/2013/cise-project-family-caregivers
"Christiana Care Health Services, Inc.",1,Delaware,,https://www.pcori.org/research-results/2016/engaging-stakeholders-patient-centered-research-agenda-chronic-kidney-disease-delaware
Cincinnati Children's Hospital,1,Ohio,,https://www.pcori.org/research-results/2022/comparing-effectiveness-two-interventions-prevent-migraine-among-youth
Cincinnati Children's Hospital Medial Center,1,Ohio,,https://www.pcori.org/research-results/2025/adhd-treatments-neurodevelopmental-differences-children
Cleveland Clinic,1,Ohio,,https://www.pcori.org/research-results/2023/cleveland-clinic-hsii-capacity-building-project
Clinical Directors Network,1,New York,,https://www.pcori.org/research-results/2018/comparing-effectiveness-patient-centered-medical-homes-and-without-health-coach-managing-multiple-chronic-conditions
Coalition to Transform Advanced Care (C-TAC),1,District of Columbia,,https://www.pcori.org/research-results/2016/united-faith-health-and-strength
Collective Insight,1,Massachusetts,,https://www.pcori.org/research-results/2022/aging-pcor-learning-collaborative-advanced-engagement
Colorado Center for Primary Care Innovation,1,Colorado,,https://www.pcori.org/research-results/2013/health-literacy-and-patient-perspective-primary-care
Comadre a Comadre,1,New Mexico,,https://www.pcori.org/research-results/2016/hispanalatina-survivor-voice-partnering-improve-breast-cancer-care-tier-i
"Communication Service for the Deaf, Inc. (CSD)",1,Texas,,https://www.pcori.org/research-results/2024/building-capacity-deaf-american-sign-language-users-engage-patient-centered-cer-telehealth
Community Health Center Inc.,1,Connecticut,,https://www.pcori.org/research-results/2021/identifying-precision-medicine-pcor-questions-relevant-underserved-populations
Conquer Chiari,1,Pennsylvania,,https://www.pcori.org/research-results/2025/enabling-people-chiari-malformation-central-nervous-system-engage-patient-centered-cer
Cornerstone Medical Services,1,Washington,,https://www.pcori.org/research-results/2013/making-stomach-cancer-health-priority-among-asian-americans
CP Now,1,South Carolina,,https://www.pcori.org/research-results/2016/setting-patient-centered-research-agenda-cerebral-palsy-research-cp
Creighton University,1,Nebraska,,https://www.pcori.org/research-results/2018/building-rural-stakeholder-engagement-patient-centered-type-1-diabetes-research
"Crohn's & Colitis Foundation, Inc",1,New York,,https://www.pcori.org/research-results/2013/ccfa-partners-patient-powered-research-network-phase-i
"Crohn's & Colitis Foundation, Inc.",1,New York,,https://www.pcori.org/research-results/2019/enhancing-engagement-research-participation-collaboration-through-ibd-partners-patient-powered-research-network
"Crohn's and Colitis Foundation of America, Inc.",1,New York,,https://www.pcori.org/research-results/2016/comparing-two-diets-decrease-symptoms-crohns-disease-dine-cd-study
CSNK2A1 Foundation,1,California,,https://www.pcori.org/research-results/2025/convening-advance-patient-centered-cer-related-okur-chung-neurodevelopmental-syndrome-and-poirier-bienvenu-neurodevelopmental-syndrome
D & W Designs L.L.C.,1,California,,https://www.pcori.org/research-results/2023/disseminating-cancer-specific-pcorcer-funded-research-through-podcast-and-interactive-podcast-clubs-improve-engagement-research-patient-and-caregiver-community
Dartmouth Hitchcock Medical Center,1,New Hampshire,,https://www.pcori.org/research-results/2019/artificial-intelligence-neonatal-icu-families-clinicians-and-technologists-designing-better-future
Dartmouth Trauma Interventions Research Center,1,New Hampshire,,https://www.pcori.org/research-results/2016/developing-patient-driven-research-improve-psychiatric-care-youth-foster-care-tier-i
"Dartmouth Trauma Interventions Research Center, Department of Psychiatry, Geisel School of Medicine at Dartmouth",1,New Hampshire,,https://www.pcori.org/research-results/2017/developing-patient-centered-psychiatric-care-foster-youth-tier-ii
DARTNet Institute,1,Colorado,,https://www.pcori.org/research-results/2022/comparing-effectiveness-four-approaches-decrease-asthma-attacks-among-patients-asthma-itreat-pc-study
"Dell Medical School, The University of Texas at Austin",1,Texas,,https://www.pcori.org/research-results/2020/advancing-research-coronary-anomalies-through-capacity-building-and-community-engagement
DePaul University,1,Illinois,,https://www.pcori.org/research-results/2017/engaging-newly-arrived-refugees-patient-centered-research
Depression and Bipolar Support Alliance,1,Illinois,,https://www.pcori.org/research-results/2021/investigating-care-models-support-older-adults-depression-and-health-comorbidities
Dignity Health,1,California,,https://www.pcori.org/research-results/2017/comparative-effectiveness-online-peer-support-diabetes-treatment-approaches-tier-iii
"Division of Global Health Equity, Brigham and Women’s Hospital",1,Massachusetts,,https://www.pcori.org/research-results/2015/engaging-patients-and-stakeholders-improve-cancer-outcomes-navajo-nation
Drexel University,1,Pennsylvania,,https://www.pcori.org/research-results/2024/building-capacity-engaging-autistic-adults-and-relevant-stakeholders-mental-health-patient-centered-cer
Drug Information Association (DIA),1,Pennsylvania,,https://www.pcori.org/research-results/2015/patient-engagement-benefit-risk-assessment-throughout-life-cycle-medical-products
Duke Health,1,North Carolina,,https://www.pcori.org/research-results/2026/hypertension-managment-duke-university-health-system
Duke University School of Medicine,1,North Carolina,,https://www.pcori.org/research-results/2023/comparing-clinical-effectiveness-two-injurious-fall-prevention-approaches-older-adults-recent-fracture-broken-bone
Dysgraphia Life,1,Virginia,,https://www.pcori.org/research-results/2022/building-capacity-patient-centered-outcomes-research-dysgraphia-community
Dysgraphia Life Benefit Corporation,1,Virginia,,https://www.pcori.org/research-results/2025/convening-develop-patient-centered-cer-neurological-condition-dysgraphia
"e.Republic, Inc.",1,California,,https://www.pcori.org/research-results/2017/spreading-ideas-improving-outcomes-driving-innovation-state-local-health-systems
East Carolina University,1,North Carolina,,https://www.pcori.org/research-results/2019/east-carolina-partnership-address-health-disparities-through-engagement-research-training
"East Side Neighborhood Services, Inc.",1,Minnesota,,https://www.pcori.org/research-results/2015/community-and-stakeholder-perspectives-aging-place
East Tennessee State University College of Public Health,1,Tennessee,,https://www.pcori.org/research-results/2017/developing-research-agenda-prevent-and-control-cvd-central-appalachia
ECOG-ACRIN Medical Foundation,1,Pennsylvania,,https://www.pcori.org/research-results/2016/defining-roadmap-patient-engagement-imaging-cer
El Futuro Inc.,1,North Carolina,,https://www.pcori.org/research-results/2018/primer-organizational-readiness-pcor-uptake-community-organizations-providing-behavioral-health-services-latinos
El Poder de Decidir,1,New York,,https://www.pcori.org/research-results/2016/leveraging-community-partnership-identify-priorities-comparative-effectiveness-research-cer-asthma-underserved-hispanic-communities-tier-i
Emory University Nell Hodgson Woodruff School of Nursing and AXYS,1,Georgia,,https://www.pcori.org/research-results/2015/family-science-bidirectional-translation-knowledge-and-need-sex-chromosome-aneuploidy
"Emory University, Office of Sponsored Programs",1,Georgia,,https://www.pcori.org/research-results/2014/developing-research-participation-enhancement-and-advocacy-training-program-diverse-seniors
Empower Outcomes,1,Florida,,https://www.pcori.org/research-results/2017/national-public-private-partnership-support-chronic-pain-sufferers-managing-co-morbid-chronic-conditions-diabetes-andor-cardiovascular-disease
"EndPreeclampsia, Inc.",1,Illinois,,https://www.pcori.org/research-results/2023/aspire-build-pcor-cer-capacity-hypertensive-disorders-pregnancy
Engaging Arkansas Communities,1,Arkansas,,https://www.pcori.org/research-results/2025/building-capacity-patient-centered-cer-engaging-people-living-hiv-and-faith-community-arkansas
Evermore,1,District of Columbia,,https://www.pcori.org/research-results/2024/accelerating-bereavement-field-toward-patient-centered-cer
Family Service Agency of San Francisco,1,California,,https://www.pcori.org/research-results/2013/does-shared-decision-making-improve-care-community-mental-health-clinics
Fay W. Boozman College of Public Health University of Arkansas for Medical Sciences,1,Arkansas,,https://www.pcori.org/research-results/2019/development-regional-transgender-health-research-and-education-collaborative-southern-us
Feeding Matters,1,Arizona,,https://www.pcori.org/research-results/2023/building-capacity-engage-patient-centered-cer-pediatric-feeding-disorder
Fibroid Foundation,1,Maryland,,https://www.pcori.org/research-results/2025/convening-disseminate-pcori-funded-research-results-uterine-fibroid-treatment-options
Finger Lakes Area Counseling & Recovery Agency,1,New York,,https://www.pcori.org/research-results/2021/convening-advance-patient-centered-cer-rural-behavioral-health-services
First Ladies Health Alliance NFP (First Ladies Health Initiative),1,Illinois,,https://www.pcori.org/research-results/2019/early-access-saves-lives
Florida Atlantic University (FAU),1,Florida,,https://www.pcori.org/research-results/2012/pilot-project-helping-nursing-home-residents-and-their-families-decide-whether-go-hospital-medical-problem
"Fondazione IRCCS Istituto Neurologico ""Carlo Besta"" (Italy)",1,N/A,,https://www.pcori.org/research-results/2016/comparing-two-oral-medicines-improve-patient-experiences-relapsing-remitting-multiple-sclerosis-prag-ms
Food Allergy Research & Education,1,Virginia,,https://www.pcori.org/research-results/2016/food-allergy-research-program-empowered-patient-partners-and-key-stakeholders
Food Allergy Research & Education (FARE),1,Virginia,,https://www.pcori.org/research-results/2021/increasing-diverse-engagement-food-allergy-pcorcer-through-community-access-program
Foothill AIDS Project,1,California,,https://www.pcori.org/research-results/2013/lowering-barriers-access-hiv-care-geographically-and-economically-diverse-area
Foundation for Advancing Veterans' Health Research,1,Texas,,https://www.pcori.org/research-results/2016/improving-hospital-outcomes-through-patient-engagement-i-hope-study
Foundation for Prader-Willi Research,1,California,,https://www.pcori.org/research-results/2016/real-world-data-research-readiness-engaging-prader-willi-syndrome-community
Foundation for Social Connection,1,District of Columbia,,https://www.pcori.org/research-results/2025/building-consensus-social-connection-measures-patient-centered-cer
Foundation to Advance Vascular Cures,1,California,,https://www.pcori.org/research-results/2023/patient-centered-cer-capacity-building-among-chinese-speaking-vascular-patient-populations
Franciscan Hospital for Children,1,Massachusetts,,https://www.pcori.org/research-results/2014/franciscan-helps-families-connect-fhfc
Fred Hutchinson Cancer Research Center,1,Washington,,https://www.pcori.org/research-results/2018/enhancing-patient-engagement-community-based-cancer-outcomes-research
Generation Patient,1,Indiana,,https://www.pcori.org/research-results/2023/engaging-adolescents-and-young-adults-chronic-conditions-pcorcer-peer-support-interventions
Genetic Support Foundation,1,Washington,,https://www.pcori.org/research-results/2025/convening-identify-patient-centered-cer-priorities-individuals-achondroplasia-and-their-families
George Mason University,1,Virginia,,https://www.pcori.org/research-results/2024/evaluating-conversational-artificial-intelligence-depression-management
"Georgia Southern University Research and Service Foundation, Inc.",1,Georgia,,https://www.pcori.org/research-results/2023/progress-patient-reported-outcomes-grow-engagement-among-sickle-cell-stakeholders
Georgia State University,1,Georgia,,https://www.pcori.org/research-results/2015/implementing-and-evaluating-program-support-positive-parenting-behaviors
"Global Healthy Living Foundation, Inc.",1,New York,,https://www.pcori.org/research-results/2013/arthritis-patient-partnership-comparative-effectiveness-researchers-ar-power-phase-i
Global Liver Institute,1,District of Columbia,,https://www.pcori.org/research-results/2024/gli-reaching-liver-health-community
GO2 Foundation for Lung Cancer,1,District of Columbia,,https://www.pcori.org/research-results/2023/building-capacity-and-patient-engagement-within-stigmatized-lung-cancer-community
Gonzaga University,1,Kentucky,,https://www.pcori.org/research-results/2024/convening-identify-patient-centered-cer-topics-are-important-black-and-hispanic-parents-children-down-syndrome
"Gramercy Research Group, LLC.",1,North Carolina,,https://www.pcori.org/research-results/2014/testing-program-increasing-healthy-behaviors-among-black-men
Granite Falls Family Medical Care Center Patient Advisory Council,1,North Carolina,,https://www.pcori.org/research-results/2017/building-skills-and-collaborative-relationships-toward-patient-engagement-comparative-clinical-effectiveness-research
Greenville Health System,1,South Carolina,,https://www.pcori.org/research-results/2015/southeastern-symposium-mental-health-translating-research-practice-and-policy-trends-adult-psychiatry
H. Lee Moffitt Cancer Center & Research Institute,1,Florida,,https://www.pcori.org/research-results/2013/treatment-decision-support-men-prostate-cancer-and-their-caregivers
Hackensack University Medical Center,1,New Jersey,,https://www.pcori.org/research-results/2015/comparing-three-ways-start-treatment-patients-polyarticular-juvenile-idiopathic-arthritis-stop-jia-trial
Harris Health System,1,Texas,,https://www.pcori.org/research-results/2023/harris-health-system-hsii-capacity-building-project
Harvard Medical School,1,Massachusetts,,https://www.pcori.org/research-results/2019/developing-new-method-matching-patients-observational-studies-using-large-data-sets
Harvard TH Chan School of Public Health,1,Massachusetts,,https://www.pcori.org/research-results/2015/methods-apply-results-randomized-trials-patients-clinical-practice
Harvard University Medical School,1,Massachusetts,,https://www.pcori.org/research-results/2013/scalable-collaborative-infrastructure-learning-healthcare-system-scilhs-phase-i
HealClick,1,Nevada,,https://www.pcori.org/research-results/2015/building-patient-powered-research-community-patients-multiple-chronic-pain-conditions
Health and Disability Advocates,1,Illinois,,https://www.pcori.org/research-results/2015/patient-stakeholder-training-people-traumatic-spinal-cord-injuries
Health and Medicine Policy Research Group,1,Illinois,,https://www.pcori.org/research-results/2019/elevating-patient-voice-research
Health Care for All,1,Massachusetts,,https://www.pcori.org/research-results/2015/2016-massachusetts-pfac-conference
"Health Core, Inc.",1,Delaware,,https://www.pcori.org/research-results/2016/healthcore-anthem-research-network-hcarn
Health Research and Educational Trust,1,Illinois,,https://www.pcori.org/research-results/2014/integrating-patient-centered-outcomes-research-hospital-chnas
"Health Resources in Action, Inc",1,Massachusetts,,https://www.pcori.org/research-results/2020/national-community-health-worker-patient-centered-outcomes-collaborative
"Health Resources in Action, Inc.",1,Massachusetts,,https://www.pcori.org/research-results/2019/national-maternal-health-research-network
"Healthagen, LLC",1,Connecticut,,https://www.pcori.org/research-results/2019/advancement-pcornet-infrastructure-data-linkage-project-aetna-affiliate-healthagen-llc
HealthCore,1,Delaware,,https://www.pcori.org/research-results/2015/developing-methods-link-patient-records-across-data-sets-preserve-patient-privacy
HealthPartners Research Foundation,1,Minnesota,,https://www.pcori.org/research-results/2012/pilot-project-understanding-what-most-important-patients-back-or-stomach-pain
"Healthy Mothers, Healthy Babies Coalition of Georgia",1,Georgia,,https://www.pcori.org/research-results/2022/expanding-access-oral-care-moms-and-birthing-people-across-georgia
Healthy Women,1,New Jersey,,https://www.pcori.org/research-results/2014/engaging-womens-health-and-research-community-pcoris-womens-health-research-focus
Heart Valve Voice US,1,District of Columbia,,https://www.pcori.org/research-results/2019/building-and-educating-heart-valve-disease-network-prepared-engage-research
Heart Valve Voice-U.S.,1,District of Columbia,,https://www.pcori.org/research-results/2017/heart-valve-disease-improving-patient-and-caregiver-experiences
Hebrew Rehabilitation Center,1,Massachusetts,,https://www.pcori.org/research-results/2022/comparing-two-programs-prevent-delirium-hospitalized-older-adults
Hennepin Healthcare Research Institute,1,Minnesota,,https://www.pcori.org/research-results/2026/strategies-treat-tobacco-smoking-community-mental-health-care
Henry M. Jackson Foundation for the Advancement of Military Medicine,1,Maryland,,https://www.pcori.org/research-results/2024/empowering-military-connected-stakeholders-building-capacity-patient-centered-cer-participation
Hepatitis B Foundation,1,Pennsylvania,,https://www.pcori.org/research-results/2025/improving-capacity-patient-centered-cer-address-hepatitis-b
Hispanic Health Council,1,Connecticut,,https://www.pcori.org/research-results/2025/patient-action-leaders-advancing-novel-transformative-equitable-palante-health-care
HonorHealth,1,Arizona,,https://www.pcori.org/research-results/2023/honorhealth-hsii-capacity-building-project
Hope for HIE,1,Michigan,,https://www.pcori.org/research-results/2025/convening-support-engagement-patient-centered-cer-related-hypoxic-ischemic-encephalopathy
Houston Methodist Research Institute,1,Texas,,https://www.pcori.org/research-results/2021/building-capacity-pcor-through-south-central-us-achd-stakeholder-collaborative
Howard Brown Health Center,1,Illinois,,https://www.pcori.org/research-results/2018/four-corners-tgnc-health-research-advisory-network
"Hugo W. Moser Research Institute at Kennedy Krieger, Inc.",1,Maryland,,https://www.pcori.org/research-results/2015/interactive-autism-network
Humana- Comprehensive Health Insights,1,Kentucky,,https://www.pcori.org/research-results/2016/project-data-link-humana
Hunter College,1,New York,,https://www.pcori.org/research-results/2020/nothing-about-us-without-us-building-pcorcer-capacity-consortium-lgbtqia-health-centers
Hydrocephalus Association,1,Maryland,,https://www.pcori.org/research-results/2015/translation-transform
"IHC Health Services, Inc.",1,Utah,,https://www.pcori.org/research-results/2024/implementation-appropriate-antibiotic-prescribing-children-acute-respiratory-tract-infections-outpatient-settings-intermountain-health
"Impactivo, LLC",1,Puerto Rico,,https://www.pcori.org/research-results/2015/hispanic-communities-reducing-complications-around-pregnancy-and-childbirth
Indiana University- Purdue University at Indianapolis,1,Indiana,,https://www.pcori.org/research-results/2013/testing-new-ways-schedule-appointments-community-health-centers-help-patients-access-care
Indiana University-Purdue University at Indianapolis,1,Indiana,,https://www.pcori.org/research-results/2013/does-training-program-mental-health-counselors-help-reduce-burnout-and-improve-patient-care
"Inflexxion, Inc.",1,Massachusetts,,https://www.pcori.org/research-results/2013/helping-patients-chronic-pain-get-non-medicine-treatments
Inova Health Care Services,1,Virginia,,https://www.pcori.org/research-results/2026/ePROs-cancer-treatment-inova
Inova Health System,1,Virginia,,https://www.pcori.org/research-results/2023/inova-health-system-hsii-capacity-building-project
Intermountain Health,1,Utah,,https://www.pcori.org/research-results/2023/intermountain-health-hsii-capacity-building-project
International Association for Premenstrual Disorder,1,Massachusetts,,https://www.pcori.org/research-results/2025/building-capacity-patient-centered-cer-premenstrual-disorders-united-states
International Association for Premenstrual Disorders (IAPMD),1,Massachusetts,,https://www.pcori.org/research-results/2020/pmdd-community-coalition-pcc-roundtable
International Children Assistance Network,1,California,,https://www.pcori.org/research-results/2019/community-education-vietnamese-americans-dementia-caregiving-advanced-care-planning
International Society on Hypertension in Blacks,1,South Carolina,,https://www.pcori.org/research-results/2015/patient-and-community-collaborative-cardiometabolic-health-pcat-health
International WAGR Syndrome Association,1,Pennsylvania,,https://www.pcori.org/research-results/2018/conference-wilms-tumor-wagr-syndrome
"Jannus, Inc.",1,Idaho,,https://www.pcori.org/research-results/2016/learning-experience-tier-i
Joan and Sanford I. Weill Medical College of Cornell University,1,New York,,https://www.pcori.org/research-results/2018/comparing-safety-and-effectiveness-metformin-other-medicines-patients-type-2-diabetes-and-chronic-kidney-disease
Johns Hopkins Bayview Medical Center,1,Maryland,,https://www.pcori.org/research-results/2018/engaging-immigrant-latino-families-and-community-stakeholders-reduce-disparities-child-obesity
Johns Hopkins Berman Institute of Bioethics,1,Maryland,,https://www.pcori.org/research-results/2012/pilot-project-patient-and-stakeholder-opinions-simpler-informed-consent-options
Johns Hopkins School of Nursing,1,Maryland,,https://www.pcori.org/research-results/2025/building-capacity-patient-centered-cer-food-medicine-cardiovascular-health-promotion
Johns Hopkins University School of Nursing,1,Maryland,,https://www.pcori.org/research-results/2020/addressing-digital-divide-improve-patient-centered-outcomes-research-add2pcor
"Joseph J. Zilber School of Public Health, University of Wisconsin-Milwaukee",1,Wisconsin,,https://www.pcori.org/research-results/2017/lets-talk-engaging-community-stakeholders-patient-driven-research-eliminate-cancer-disparities-young-african-american-breast-cancer-survivors
Kaiser Permanente Northern California,1,California,,https://www.pcori.org/research-results/2012/pilot-project-using-parent-preferences-decisions-about-childhood-vaccines
Kaiser Permanente Southern California,1,California,,https://www.pcori.org/research-results/2023/kaiser-permanente-southern-california-hsii-capacity-building-project
Kalispell Regional Medical Center,1,Montana,,https://www.pcori.org/research-results/2019/building-capacity-break-down-barriers-complex-care-navigation-rural-america
Karolinska Institute (Sweden),1,N/A,,https://www.pcori.org/research-results/2016/comparing-safety-and-effectiveness-different-medicines-treat-multiple-sclerosis-combat-ms-study
"Kessler Foundation, Inc.",1,New Jersey,,https://www.pcori.org/research-results/2022/facilitating-rehabilitation-clinician-uptake-pcorcer-results-improved-research-reporting
KIF1A.ORG,1,New York,,https://www.pcori.org/research-results/2019/kand-scientific-and-family-engagement-conference
Kokua Kalihi Valley Comprehensive Family Services,1,Hawaii,,https://www.pcori.org/research-results/2017/kkv-research-training-and-development-project
Korean Women's Association,1,Washington,,https://www.pcori.org/research-results/2015/improving-early-detection-stomach-cancer-among-asian-pacific-americans-tier-ii
"Lahey Clinic, Inc.",1,Massachusetts,,https://www.pcori.org/research-results/2013/comparing-surgical-treatments-cervical-spondylotic-myelopathy-csm-s-trial
LeadingAge LTSS Center @UMASS Boston,1,Massachusetts,,https://www.pcori.org/research-results/2020/aging-pcor-learning-collaborative
LeadingAge LTSS Center @UMass Boston,1,Massachusetts,,https://www.pcori.org/research-results/2019/sages-symposium-expand-researcher-readiness
Leaving Well Coalition,1,Utah,,https://www.pcori.org/research-results/2013/taking-care-our-parents-improving-coordination-care-elderly-community-members
"Lehigh Valley Hospital, Inc.",1,Pennsylvania,,https://www.pcori.org/research-results/2020/health-equity-activation-and-research-team-heart-partnerships-inclusion-health-pcorcer
"LiveWell Alliance, Inc.",1,Connecticut,,https://www.pcori.org/research-results/2018/empowering-partners-engaging-individuals-dementia-and-care-partners-pcorcer
Long Beach Department of Health and Human Services,1,California,,https://www.pcori.org/research-results/2015/familias-unidas-united-families-pre-diabetes-diagnosis-and-treatment-project
Loyola University of Chicago,1,Illinois,,https://www.pcori.org/research-results/2025/disseminating-skin-antisepsis-evidence-decrease-infections-extremity-fracture-surgery
LSU Health New Orleans,1,Louisiana,,https://www.pcori.org/research-results/2018/encores
LUNGevity Foundation,1,Illinois,,https://www.pcori.org/research-results/2025/building-capacity-patient-centered-cer-within-lung-cancer-community
Lynn Institute,1,Oklahoma,,https://www.pcori.org/research-results/2022/contactless-capacity-building-designed-improve-health-african-american-males
Magee Rehabilitation Hospital,1,Pennsylvania,,https://www.pcori.org/research-results/2017/comparing-prevention-programs-individuals-spinal-cord-conditions
Maine Developmental Disabilities Council,1,Maine,,https://www.pcori.org/research-results/2022/project-connect
Marquette University,1,Wisconsin,,https://www.pcori.org/research-results/2018/patient-centered-outcomes-research-employees-pcore-milwaukees-near-west-side
Marshfield Clinic Research Foundation,1,Wisconsin,,https://www.pcori.org/research-results/2016/engaging-patients-health-care-systems-research-network-fall-methods-workshop-measuring-impact
"Marshfield Clinic Research Institute, a division of Marshfield Clinic, Inc.",1,Wisconsin,,https://www.pcori.org/research-results/2025/building-capacity-rural-veterans-wisconsin-engage-patient-centered-cer
Mary Hitchcock Memorial Hospital,1,New Hampshire,,https://www.pcori.org/research-results/2021/neonatal-icu-consistency-and-collaboration-using-ai-improve-care-teams
Massachusetts General Hospital/Harvard Medical School,1,Massachusetts,,https://www.pcori.org/research-results/2023/preoperative-fasting-versus-not-fasting-critically-ill-adults
"Massachusetts Health Quality Partners, Inc.",1,Massachusetts,,https://www.pcori.org/research-results/2024/engaging-black-patients-and-primary-care-team-members-pcorcer-reduce-mistrust-healthcare
Massachusetts Pharmacists Association,1,Massachusetts,,https://www.pcori.org/research-results/2015/tailoring-patient-options-medication-adherence-action-plans-community-pharmacies
Mayo Clinic Florida,1,Florida,,https://www.pcori.org/research-results/2018/building-capacity-pcor-among-hispanic-faith-leaders-access-communication-and-trust-pcor
"Mayo Clinic Health System - Northwest Wisconsin Region, Inc.",1,Wisconsin,,https://www.pcori.org/research-results/2024/building-womenwise-empowering-women-through-capacity-building-patient-centered-research-alcohol-use
Mayo Clinic Jacksonville,1,Florida,,https://www.pcori.org/research-results/2020/bringing-hope2-mental-health-access-care-hispanics-northeast-fl
Mayo Clinic Rochester,1,Minnesota,,https://www.pcori.org/research-results/2023/comparing-effectiveness-home-based-pulmonary-rehabilitation-and-health-coaching-usual-care-patients-fibrotic-lung-disease
Medical Research Analytics and Informatics Alliance,1,Illinois,,https://www.pcori.org/research-results/2016/developing-and-testing-system-track-hospitalized-patients-antimicrobial-use
Memorial Hermann-Texas Medical Center,1,Texas,,https://www.pcori.org/research-results/2016/comparing-mobile-stroke-unit-treatment-emergency-room-care-among-patients-who-have-had-stroke-best-msu-study
Mental Health America,1,Virginia,,https://www.pcori.org/research-results/2022/campus-mental-health-crisis-convening-stakeholders-drive-research-and-change
METAvivor Research and Support Inc.,1,Maryland,,https://www.pcori.org/research-results/2019/pcorcer-conferences-engaging-key-stakeholders-metastatic-cancer-research-and-treatment
Methodist Healthcare Foundation,1,Tennessee,,https://www.pcori.org/research-results/2015/unite-better-health-outcomes
"Methodist Healthcare Ministries of South Texas, Inc.",1,Texas,,https://www.pcori.org/research-results/2015/advancing-health-south-texas-engagement-series
Mid-South CDRN,1,Tennessee,,https://www.pcori.org/research-results/2017/using-pcornet-understand-diabetes-medicine-prescribed-patients
Milken Institute,1,District of Columbia,,https://www.pcori.org/research-results/2017/educate-engage-patients-health-data
MN Community Measurement,1,Minnesota,,https://www.pcori.org/research-results/2019/mental-health-guiding-coalition
Monell Chemical Senses Center,1,Pennsylvania,,https://www.pcori.org/research-results/2021/shared-agenda-clinical-research-smell-and-taste-sacr-st
"Moses/Weitzman Health System, Inc.",1,Connecticut,,https://www.pcori.org/research-results/2025/building-parent-and-caregiver-capacity-patient-centered-cer-trauma-connecticut
Mosquito Illness Alliance,1,Mississippi,,https://www.pcori.org/research-results/2017/full-circle-engagement-improve-patient-outcomes-those-rare-neuroinvasive-mosquito-borne-illnesses-tier-iii
Mount Sinai School of Medicine,1,New York,,https://www.pcori.org/research-results/2014/training-doctors-discuss-goals-care-patients-who-have-advanced-cancer
"Mt. Hope Family Center, University of Rochester",1,New York,,https://www.pcori.org/research-results/2017/enhancing-patient-caregiver-and-clinician-engagement-improve-evidence-based-depression-treatment-adolescents-tier-iii
"MultiCare Institution for Research & Innovation, Multicare Health System",1,Washington,,https://www.pcori.org/research-results/2017/positive-airway-pressure-intervention-patients-moderate-severe-obstructive-sleep-apnea-and-resistant-hypertension-engaging-key-stakeholders-understand-what-matters-most
N.A.,1,Mississippi,,https://www.pcori.org/research-results/2016/full-circle-engagement-improve-patient-outcomes-those-rare-neuroinvasive-mosquito-borne-illnesses-tier-ii
N/A,1,Washington,,https://www.pcori.org/research-results/2017/keep-movin-building-patientcaregiver-stakeholder-and-researcher-partnership-promote-physical-activity-pa-access-and-participation-children-who-use-assistive-mobility-devices-amd-tier-ii
National Alliance of Healthcare Purchasers Coalitions,1,District of Columbia,,https://www.pcori.org/research-results/2025/disseminating-pcori-funded-study-results-help-employers-make-informed-health-benefit-planning-decisions
"National Aphasia Association, Inc",1,North Carolina,,https://www.pcori.org/research-results/2025/building-capacity-patient-centered-cer-stroke-related-aphasia
National Association For Continence,1,South Carolina,,https://www.pcori.org/research-results/2025/educating-women-about-incontinence-and-its-treatments-through-targeted-media
National Association for Continence,1,South Carolina,,https://www.pcori.org/research-results/2023/building-capacity-reach-those-looking-healthcare-information
National Association of County and City Health Officials,1,District of Columbia,,https://www.pcori.org/research-results/2019/building-capacity-apply-pcor-and-cer-findings-through-local-health-departments
National Association of Medicaid Directors,1,District of Columbia,,https://www.pcori.org/research-results/2014/national-association-medicaid-directors-engaging-medicaid-clinical-leaders
National Birth Equity Collaborative (NBEC),1,Louisiana,,https://www.pcori.org/research-results/2020/establishing-respectful-maternity-care-collaborative-rmcc
National Brain Tumor Society,1,Massachusetts,,https://www.pcori.org/research-results/2021/national-brain-tumor-society-nbts-quality-life-qol-institute
National Center for Youth Law,1,California,,https://www.pcori.org/research-results/2019/ensuring-foster-youth-are-only-prescribed-psychotropic-medication-when-their-best-interest
National Committee for Quality Assurance (NCQA),1,District of Columbia,,https://www.pcori.org/research-results/2022/providing-evidence-health-system-equity-efforts
National Eczema Association,1,California,,https://www.pcori.org/research-results/2023/paving-way-towards-meaningful-partnerships-fostering-regional-pcor-enhance-eczema-outcomes
National Grange of the Order of Patrons of Husbandry,1,District of Columbia,,https://www.pcori.org/research-results/2023/disseminating-pcori-funded-study-results-preparing-surgery-and-recovery-rural-communities
National Health Care for the Homeless Council,1,Tennessee,,https://www.pcori.org/research-results/2020/identifying-strategies-engage-medical-respite-care-programs-and-people-experiencing-homelessness
National Institute for Children’s Health Quality (NICHQ),1,Massachusetts,,https://www.pcori.org/research-results/2019/disseminating-results-missed-scd-clinic-appointments-and-health-belief-model
National Jewish Health,1,Colorado,,https://www.pcori.org/research-results/2013/evaluating-whether-oxygen-treatment-helps-people-pulmonary-fibrosis-breathe-easier
National Marrow Donor Program,1,Minnesota,,https://www.pcori.org/research-results/2016/engaging-patients-developing-patient-centered-hematopoietic-cell-transplant-research-agenda
"National Marrow Donor Program, Inc.",1,Minnesota,,https://www.pcori.org/research-results/2013/assessing-personalized-care-plans-patients-who-received-hematopoietic-cell-transplant-cancer-treatment
National Nurse-Led Care Consortium,1,Pennsylvania,,https://www.pcori.org/research-results/2019/capacity-building-nurse-led-health-centers-address-substance-use-disorder
National Partnership for Women & Families,1,District of Columbia,,https://www.pcori.org/research-results/2019/moving-evidence-action-answering-whys-and-hows-patient-engagement
National Stroke Association,1,Colorado,,https://www.pcori.org/research-results/2012/pilot-project-creating-app-helps-stroke-survivors-and-their-caregivers
National Urea Cycle Disorders Foundation,1,California,,https://www.pcori.org/research-results/2025/building-capacity-patient-centered-cer-urea-cycle-disorders
Nationwide Children's Hospital/The Ohio State University,1,Ohio,,https://www.pcori.org/research-results/2017/designing-and-testing-search-engine-clinical-notes-included-electronic-health-records
"NDRI-USA, Inc.",1,Kansas,,https://www.pcori.org/research-results/2025/disseminating-pcori-funded-evidence-updates-treatment-options-post-traumatic-stress-first-responder-networks
NEHI-The Network for Excellence in Health Innovation,1,Massachusetts,,https://www.pcori.org/research-results/2020/developing-principles-communication-between-patient-communities-and-payers-re-novel-therapies
Nemours Children's Clinic,1,Florida,,https://www.pcori.org/research-results/2012/treatment-device-decision-aids-youth-type-1-diabetes-and-their-parents
Network for Excellence in Health Innovation (NEHI),1,Massachusetts,,https://www.pcori.org/research-results/2021/leveraging-patient-and-other-stakeholder-perspectives-advance-research-medicaid-access-tele-mental-health-care
New York University College of Dentistry,1,New York,,https://www.pcori.org/research-results/2017/comparing-two-school-based-programs-control-tooth-decay-and-prevent-dental-cavities-children-cariedaway-study
New York University Grossman School of Medicine,1,New York,,https://www.pcori.org/research-results/2023/developing-and-testing-approach-engagement-pediatric-research-using-strategies-address-health-literacy-and-language-barriers
NMDP,1,Minnesota,,https://www.pcori.org/research-results/2024/reimagining-caregiving-together-engagement-address-caregiver-requirement-barriers
NORC,1,Illinois,,https://www.pcori.org/research-results/2025/timed-release-medications-long-acting-injectable-antipsychotics
North American Quitline Consortium,1,Arizona,,https://www.pcori.org/research-results/2022/project-engage-training-ttss-use-patient-decision-aid-lung-cancer-screening
North Carolina State University,1,North Carolina,,https://www.pcori.org/research-results/2016/improving-methods-discrete-choice-experiments-measure-patient-preferences
Northern Arizona University,1,Arizona,,https://www.pcori.org/research-results/2017/involving-native-stakeholders-pain-research-efforts-inspire
Northern Neck Health Inc. (N2 Health),1,Virginia,,https://www.pcori.org/research-results/2022/rural-stakeholders-building-competence-and-capacity-mitigate-pressing-mental-health-issues-through-cer
"Northern Neck Health, Inc. (N2Health)",1,Virginia,,https://www.pcori.org/research-results/2020/northern-neck-n2-together-using-pcor-improve-health-literacy-and-health-outcomes
Northwestern University Feinberg School of Medicine,1,Illinois,,https://www.pcori.org/research-results/2019/promise-study-patient-centered-online-training-methods-and-design-advance-home-visiting-research
Northwestern University/Public Narrative,1,Illinois,,https://www.pcori.org/research-results/2019/engaging-community-media-disseminate-research-evidence-communities-experiencing-health-disparities
Northwestern University–Center for Health Information Partnerships,1,Illinois,,https://www.pcori.org/research-results/2020/chicago-area-patient-centered-outcomes-research-network-capricorn-clinical-research-network
Norton Sound Health Corporation,1,Alaska,,https://www.pcori.org/research-results/2016/identifying-and-treating-childhood-hearing-loss-rural-alaska-hearing-norton-sound-study
Nova Southeastern University,1,Florida,,https://www.pcori.org/research-results/2019/building-bigger-bridge-research-incubator-network-pcor-communication-disabilities
"Nova Southeastern University, Master of Public Health Program",1,Florida,,https://www.pcori.org/research-results/2017/fecal-incontinence-primary-care-consortium-tier-ii
"Nova Southeatern University, Master of Public Health program",1,Florida,,https://www.pcori.org/research-results/2016/fecal-incontinence-primary-care-consortium-tier-i
NYU Grossman School of Medicine,1,New York,,https://www.pcori.org/research-results/2025/convening-codesign-disability-accessible-patient-centered-cer-agenda-related-social-care-interventions
"OCHIN, Inc",1,Oregon,,https://www.pcori.org/research-results/2024/pcornetr-national-patient-centered-clinical-research-network-advance-phase-4
"OCHIN, Inc.",1,Oregon,,https://www.pcori.org/research-results/2020/accelerating-data-value-across-national-community-health-center-network-advance-clinical-research-network
Ohio State University,1,Ohio,,https://www.pcori.org/research-results/2025/comparing-models-care-mental-emotional-recovery-orthopedic-trauma-adults
Ohio State University College of Medicine,1,Ohio,,https://www.pcori.org/research-results/2014/evaluating-two-rehab-approaches-patients-traumatic-brain-injury
Ohio University,1,Ohio,,https://www.pcori.org/research-results/2024/building-capacity-stakeholder-engagement-cer-depression-mothers-rural-communities
Orange County Asian and Pacific Islander Community Alliance (OCAPICA),1,California,,https://www.pcori.org/research-results/2025/building-capacity-engage-community-driven-patient-centered-cer-reduce-youth-suicide-southern-california
"Oregon Community Health Information Network (OCHIN), Inc.",1,Oregon,,https://www.pcori.org/research-results/2015/accelerating-data-value-across-national-community-health-center-network-advance
"Organization Patient-Centered Primary Care (PCPC) Team, K-6 Adult Medicine Clinic, Highland Hospital""",1,California,,https://www.pcori.org/research-results/2016/patient-centered-primary-care-council-highland-hospital-adult-medicine-clinic-strengthening-primary-care-together-tier-iii
Our Wave,1,North Carolina,,https://www.pcori.org/research-results/2025/building-capacity-engage-patient-centered-cer-survivors-sexual-assault-and-intimate-partner-violence
"Outcome Referrals, Inc.",1,Massachusetts,,https://www.pcori.org/research-results/2025/convening-disseminate-pcorl-funded-research-results-behavioral-health-care-employers
Outcome Sciences,1,Massachusetts,,https://www.pcori.org/research-results/2013/which-treatments-uterine-fibroids-have-best-results
Pacific Northwest Evidence-based Practice Center at Oregon Health & Science University,1,Oregon,,https://www.pcori.org/research-results/2021/rapid-review-telehealth-strategies-delivery-maternal-health-care
Palo Alto Medical Foundation Research Institute,1,California,,https://www.pcori.org/research-results/2012/pilot-project-improving-patient-care-helping-patients-and-doctors-communicate-better
Parkinson's Disease Foundation,1,New York,,https://www.pcori.org/research-results/2016/women-and-parkinsons-teams-advance-learning-and-knowledge-talk
Parkinson's Foundation,1,Florida,,https://www.pcori.org/research-results/2019/parkinsons-advisors-research-and-training-pilot-patient-advisory-board-model
Parkview Health,1,Indiana,,https://www.pcori.org/research-results/2015/bridging-rare-disease-patients-and-data-through-novel-research-partnerships
Partners in Health,1,Massachusetts,,https://www.pcori.org/research-results/2016/cope-navajo-nation-cancer-survivorship-conference
Partnership to End Addiction,1,New York,,https://www.pcori.org/research-results/2022/comparing-screening-and-brief-intervention-and-without-caregiver-involvement-address-adolescent-alcohol-use
Patient Centered Primary Care Collaborative,1,District of Columbia,,https://www.pcori.org/research-results/2018/building-pcpcc-network-promote-high-impact-dissemination-and-accelerate-practice-policy-change
Patient Family Centered Care (PFCC) Partners,1,California,,https://www.pcori.org/research-results/2019/2020-pfanetwork-summit-patient-and-family-engagement-measurement-development
Patient-Centered Primary Care Collaborative,1,District of Columbia,,https://www.pcori.org/research-results/2020/increasing-uptake-behavioral-health-shared-decision-making-tools
"PATIENTS Program, University of Maryland",1,Maryland,,https://www.pcori.org/research-results/2023/community-based-collaboration-address-mental-health-pillar-pcorcer-research-co-pillar
"Pediatric Anxiety Research Center (PARC), Bradley Hospital",1,Rhode Island,,https://www.pcori.org/research-results/2019/designing-clinical-trial-repository-pediatric-obsessive-compulsive-disorders-research-related-conference-support-award
Pediatric Dermatology Research Alliance,1,Indiana,,https://www.pcori.org/research-results/2019/building-capacity-patient-centered-outcomes-research-pediatric-dermatology
Pediatric Dermatology Research Alliance*,1,Indiana,,https://www.pcori.org/research-results/2021/making-it-count-using-gamification-enhance-childhood-eczema-pcor-and-cer
Penn State College of Nursing,1,Pennsylvania,,https://www.pcori.org/research-results/2015/establishing-community-based-research-networks
Pennington Biomedical Research Center,1,Louisiana,,https://www.pcori.org/research-results/2014/testing-health-coaching-program-help-patients-obesity-lose-weight-propel-study
Pennsylvania State Univ Hershey Med Ctr,1,Pennsylvania,,https://www.pcori.org/research-results/2025/building-capacity-patient-centered-cer-poststroke-care-engaging-rural-stroke-survivors-and-caregivers-pennsylvania
People-Centered Research Foundation,1,District of Columbia,,https://www.pcori.org/research-results/2017/master-infrastructure-funding-contract-advancement-and-sustainability-pcornet-infrastructure-support-infrastructure-projects-people-centered-research-foundation
"Perinatal Network of Monroe County, Inc.",1,New York,,https://www.pcori.org/research-results/2019/building-community-capacity-address-racial-disparity-maternal-mortalitymorbidity
Personalized Medicine Coalition,1,District of Columbia,,https://www.pcori.org/research-results/2018/moving-beyond-population-averages-patient-principles-personalized-medicine-research-agenda
PFPS US,1,Georgia,,https://www.pcori.org/research-results/2023/project-pivot
Pharmacy Quality Alliance,1,Virginia,,https://www.pcori.org/research-results/2021/addressing-determinants-health-together-pharmacists-and-patients-co-designing-pcor-priorities
Philadelphia College of Osteopathic Medicine,1,Pennsylvania,,https://www.pcori.org/research-results/2019/comparing-effectiveness-four-ways-treat-opioid-use-disorder
PhRMA Foundation,1,District of Columbia,,https://www.pcori.org/research-results/2013/phrma-foundation-curricular-advances-patient-centered-comparative-effectiveness-research-cer-education-conference
Planetree,1,Connecticut,,https://www.pcori.org/research-results/2015/building-knowledge-how-patient-family-advisory-councils-pfacs-engage-patient-centered-outcomes-research-pcor
Planned Parenthood Federation of America,1,New York,,https://www.pcori.org/research-results/2015/pcor-reproductive-health-summit
Plastic Surgery Foundation,1,Illinois,,https://www.pcori.org/research-results/2016/summit-patient-reported-outcomes-value-patient-reported-outcomes-health-care
Platelet Disorder Support Association,1,Ohio,,https://www.pcori.org/research-results/2016/pdsa-itp-patient-conference-developing-patient-centered-outcomes-research-framework-and-priorities
Poetry for Personal Power,1,Kansas,,https://www.pcori.org/research-results/2018/recovery-movement-research-priorities
"Portland State University, OHSU-PSU School of Public Health",1,Oregon,,https://www.pcori.org/research-results/2017/building-community-based-research-partnership-address-racial-disparities-motherbaby-outcomes
Postpartum Progress Inc.,1,Georgia,,https://www.pcori.org/research-results/2016/light-using-health-technology-develop-motherfamily-centered-peer-support-network-tier-i
Postpartum Support International,1,Oregon,,https://www.pcori.org/research-results/2024/building-capacity-disseminate-pcori-funded-study-results-helping-community-organizations-share-research-findings-relevant-audiences
Prairie View A&M University,1,Texas,,https://www.pcori.org/research-results/2020/training-advanced-practice-nurses-aprn-implement-cer-primary-care-settings
President & Fellows of Harvard College,1,Massachusetts,,https://www.pcori.org/research-results/2016/improving-methods-analyzing-data-case-only-studies
President and Fellows of Harvard College on behalf of Harvard Medical School,1,Massachusetts,,https://www.pcori.org/research-results/2024/advancing-rare-disease-comparative-clinical-effectiveness-research-through-unsupervised-machine-learning
Prevention Point Philadelphia,1,Pennsylvania,,https://www.pcori.org/research-results/2022/building-capacity-pcor-through-harm-reduction-organizations
Primary Care Collaborative,1,District of Columbia,,https://www.pcori.org/research-results/2020/bridging-gap-primary-care-research
"PRIME® Education, Inc.",1,Florida,,https://www.pcori.org/research-results/2015/comparative-effectiveness-intravenous-vs-oral-antibiotics-postdischarge-treatment-acute-osteomyelitis-children
Providence Portland Medical Center,1,Oregon,,https://www.pcori.org/research-results/2014/effect-integrating-mental-and-physical-health-patients-experiences-care
Public Health - Seattle & King County,1,Washington,,https://www.pcori.org/research-results/2018/expanding-community-health-worker-home-visit-program-patients-asthma
Public Health Institute,1,California,,https://www.pcori.org/research-results/2016/partnering-adolescents-ready-newest-engaged-researchers-partner
Public Health Management Corporation - Care Clinic,1,Pennsylvania,,https://www.pcori.org/research-results/2017/building-patient-centered-alliance-address-chronic-pain-and-opioid-prescription-use
Puget Sound Asthma Coalition,1,Washington,,https://www.pcori.org/research-results/2013/puget-sound-asthma-coalition-community-clinical-and-academic-partnership
Purchaser Business Group on Health,1,California,,https://www.pcori.org/research-results/2020/path-forward-outcomes-based-mental-health-care
Purchaser Business Group on Health (PBGH),1,California,,https://www.pcori.org/research-results/2024/convening-advance-patient-centered-cer-maternal-health-and-birth-outcomes
PXE International,1,District of Columbia,,https://www.pcori.org/research-results/2015/discovering-what-matters-most
Quality Insights,1,West Virginia,,https://www.pcori.org/research-results/2021/use-virtual-education-platform-disseminate-pcori-funded-evidence-dialysis-practice-settings
Rand Corporation,1,Virginia,,https://www.pcori.org/research-results/2024/emerging-technologies-and-therapeutics-reports-new-postpartum-hemorrhage-pph-care-bundle-and-use-tranexamic-acid-pph
REACHnet CDRN,1,Louisiana,,https://www.pcori.org/research-results/2017/using-pcornet-monitor-provider-and-patient-risk-factors-related-opioid-epidemic
Reagan-Udall Foundation for the FDA,1,District of Columbia,,https://www.pcori.org/research-results/2015/big-data-patients-bd4p
"Regents of the University of California, on behalf of its Riverside campus",1,California,,https://www.pcori.org/research-results/2024/building-capacity-engage-patient-centered-cer-improve-mental-health-research
"Regents of the University of California, on behalf of the Riverside Campus",1,California,,https://www.pcori.org/research-results/2022/building-capacity-engage-patient-centered-cer-among-caregivers-children-asthma-southern-california
"Regents of the University of California, Riverside",1,California,,https://www.pcori.org/research-results/2016/gathering-good-minds-engaging-native-americans-wellness
"Regents of the University of California, Riverside Campus",1,California,,https://www.pcori.org/research-results/2017/coachella-valley-community-research-initiative-healthy-aging-hiv
"Regents of the University of California, San Francisco",1,California,,https://www.pcori.org/research-results/2022/comparative-effectiveness-person-and-telehealth-cardiac-rehabilitation
Regents of the University of Colorado,1,Colorado,,https://www.pcori.org/research-results/2017/community-engagement-improve-transition-tube-feeding-oral-feeding-children-and-their-families-tier-ii
Regents of the University of Colorado Denver,1,Colorado,,https://www.pcori.org/research-results/2015/building-network-parent-and-pediatric-stakeholders-improving-child-health-colorado
Regents of University of California (on behalf of Riverside campus),1,California,,https://www.pcori.org/research-results/2018/gathering-good-minds-adapting-historical-trauma-curriculum-patients-and-providers
"Regents of University of California, Riverside",1,California,,https://www.pcori.org/research-results/2015/latino-health-riverside
Rehabilitation Institute of Chicago dba Shirley Ryan AbilityLab,1,Illinois,,https://www.pcori.org/research-results/2025/building-capacity-patient-centered-cer-focused-individuals-living-effects-stroke-chicago-illinois
Research Advocacy Network,1,Texas,,https://www.pcori.org/research-results/2017/advocates-precision-medicine-oncology
Research Foundation for SUNY on behalf of the University of Buffalo,1,New York,,https://www.pcori.org/research-results/2021/building-research-capacity-engaging-underserved-and-racial-minorities-improved-mental-health-during-and-after-covid
"Research, Evaluation and Social Solutions, Inc. dba REESSI",1,Virginia,,https://www.pcori.org/research-results/2018/northern-neck-patient-advocates-and-providers-pcorcer
"Respecting Choices, a Division of C-TAC Innovations",1,Wisconsin,,https://www.pcori.org/research-results/2018/national-share-experience-2018
Rochester Regional Health,1,New York,,https://www.pcori.org/research-results/2022/treatment-options-people-posttraumatic-stress-disorder-evidence-updates-dissemination
Ronin Institute,1,New Jersey,,https://www.pcori.org/research-results/2023/surviving-battle-buddys-suicide-postvention-pcor-reserve-and-national-guard-veterans
"RTI International and MDB, Inc.",1,North Carolina,,https://www.pcori.org/research-results/2020/social-needs-interventions-improve-health-outcomes-scoping-review-and-evidence-map
RUNX1 Foundation d.b.a. RUNX1 Research Program,1,California,,https://www.pcori.org/research-results/2022/convening-runx1-fpd-stakeholders-advance-pcor
RUNX1 Research Program,1,California,,https://www.pcori.org/research-results/2019/runx1-fpd-research-guided-patients-initiative
Rural Health Innovation Collaborative,1,Indiana,,https://www.pcori.org/research-results/2017/engaging-pregnant-women-pcor-improve-neonatal-outcomes
Rush University Medical Center/Rush College of Nursing,1,Illinois,,https://www.pcori.org/research-results/2012/pilot-project-measuring-care-psychiatric-hospitals-patient-and-staff-points-view
"Rutgers Institute for Health, Health Care Policy and Aging Research",1,New Jersey,,https://www.pcori.org/research-results/2017/central-jersey-postpartum-depression-screening-treatment-systems-improvement-project
Rutgers University School of Public Health,1,New Jersey,,https://www.pcori.org/research-results/2022/statistical-methods-optimizing-dynamic-patient-level-treatment-and-monitoring-strategies
"Rutgers University, CESP (Center for Effective School Practices)",1,New Jersey,,https://www.pcori.org/research-results/2017/improving-provision-mental-health-care-patients-end-stage-renal-disease-and-their-caregivers
Rutgers University–New Brunswick,1,New Jersey,,https://www.pcori.org/research-results/2015/examining-effects-state-policies-monitor-mental-health-medicines-children-foster-care
"Rutgers, The State University of New Jersey, New Brunswick",1,New Jersey,,https://www.pcori.org/research-results/2016/developing-and-testing-new-methods-estimating-treatment-effectiveness-observational-studies-using-high-dimensional-data
Saint Luke's Health System,1,Missouri,,https://www.pcori.org/research-results/2023/saint-lukes-health-system-hsii-capacity-building-project
Saint Luke's Hospital,1,Missouri,,https://www.pcori.org/research-results/2013/treatment-and-patient-characteristics-affecting-health-status-patients-peripheral-arterial-disease-portrait-study
San Diego State University,1,California,,https://www.pcori.org/research-results/2025/methods-co-creation-autism-research-engagement-toolkit
San Diego State University Research Foundation,1,California,,https://www.pcori.org/research-results/2013/comparing-programs-improve-asthma-control-and-quality-life-latino-youth-living-rural-areas-and-their-caregivers-respira-sano-study
San Francisco State University,1,California,,https://www.pcori.org/research-results/2012/pilot-project-helping-physical-therapists-understand-patient-movement-goals-physical-therapy
Seattle Institute for Biomedical and Clinical Research,1,Washington,,https://www.pcori.org/research-results/2023/comparing-effectiveness-two-interventions-functional-improvement-among-adults-obstructive-sleep-apnea-and-chronic-obstructive-pulmonary-disease
Seattle-King County Public Health Department,1,Washington,,https://www.pcori.org/research-results/2013/examining-home-visits-community-health-workers-help-patients-manage-asthma-symptoms
Senior Companion Program Advisory Council,1,Maryland,,https://www.pcori.org/research-results/2016/seniors-helping-seniors-manage-diseases-and-live-independently-tier-i
Sepsis Alliance,1,California,,https://www.pcori.org/research-results/2023/saving-time-save-lives-growing-research-ready-community-tackle-sepsis-diagnosis
Shirley Ryan AbilityLab,1,Illinois,,https://www.pcori.org/research-results/2013/it-possible-collect-patient-reported-data-inpatient-rehabilitation-facilities
Shwachman-Diamond Syndrome Alliance Inc,1,Massachusetts,,https://www.pcori.org/research-results/2025/building-capacity-patient-centered-cer-shwachman-diamond-syndrome
Sickle Cell Consortium,1,Georgia,,https://www.pcori.org/research-results/2017/compass-community-participation-advance-sickle-cell-story
Sickle Cell Disease Association of America,1,Maryland,,https://www.pcori.org/research-results/2016/national-sickle-cell-advocate-network-nscan
Sidney Kimmel Medical College at Thomas Jefferson University,1,Pennsylvania,,https://www.pcori.org/research-results/2022/building-capacity-patient-centered-outcomes-research-through-city-wide-cancer-coalition
Sinai Health System (Canada),1,N/A,,https://www.pcori.org/research-results/2018/comparing-effectiveness-task-sharing-and-telemedicine-specialists-and-person-psychotherapy-treating-depression-and-anxiety-among-pregnant-and-postpartum-women
Sloan Kettering Institute For Cancer Research,1,New York,,https://www.pcori.org/research-results/2025/feasibility-large-language-models-enhance-patient-reported-outcomes
Sloan Kettering Institute for Cancer Research,1,New York,,https://www.pcori.org/research-results/2014/comparing-acupuncture-and-cognitive-behavioral-therapy-treat-insomnia-among-cancer-survivors-choice-trial
Sloan-Kettering Institute For Cancer Research,1,New York,,https://www.pcori.org/research-results/2019/comparing-just-time-conventional-consent-randomized-trials-usual-care-controls
Society for Academic Emergency Medicine,1,Illinois,,https://www.pcori.org/research-results/2017/aligning-pediatric-emergency-medicine-research-agenda-reduce-health-outcome-gaps
Society for Acupuncture Research,1,North Carolina,,https://www.pcori.org/research-results/2019/sar-2019-acupuncture-research-health-care-policy-and-community-health-closing-loop
Society of Critical Care Medicine,1,Illinois,,https://www.pcori.org/research-results/2015/improving-care-critically-ill-patients-families-through-research-disseminationimplementation
Society of General Internal Medicine,1,Virginia,,https://www.pcori.org/research-results/2014/engaging-pcori-priority-stakeholders-through-society-general-internal-medicine
SolSurvivors Utah,1,Oregon,,https://www.pcori.org/research-results/2013/developing-infrastructure-patient-centered-melanoma-research
Somang Society,1,California,,https://www.pcori.org/research-results/2024/koreans-invested-making-caregivers-health-important-kimchi-20
Southcentral Foundation,1,Alaska,,https://www.pcori.org/research-results/2012/pilot-project-developing-app-help-alaska-native-and-american-indian-patients-depression-manage-their-condition
"Southern California Evidence Review Center, University of Southern California",1,California,,https://www.pcori.org/research-results/2024/nonpharmacologic-interventions-sleep-disorders-individuals-attention-deficit-hyperactivity-disorder-systematic-review
Southern Connecticut State University,1,Connecticut,,https://www.pcori.org/research-results/2018/new-haven-health-leaders-mobilizing-communities-research-and-action
Spina Bifida San Diego (University of San Diego as Fiscal Agent),1,California,,https://www.pcori.org/research-results/2015/supporting-latino-families-children-spina-bifida-tier-ii
St. Lawrence Health System,1,New York,,https://www.pcori.org/research-results/2019/developing-infrastructure-research-utilize-patient-centered-techniques-slhs-disrupts
St. Luke's Health System,1,Idaho,,https://www.pcori.org/research-results/2019/comparing-two-approaches-follow-care-teens-and-adults-risk-suicide-sparc-trial
St. Luke's Hospital of Columbia University,1,New York,,https://www.pcori.org/research-results/2013/impact-patient-navigators-health-education-and-quality-life-formerly-incarcerated-patients
St. Luke's Hospital of Kansas City,1,Missouri,,https://www.pcori.org/research-results/2012/pilot-project-learning-what-matters-most-patients-peripheral-artery-disease
Stanford School of Medicine,1,California,,https://www.pcori.org/research-results/2017/team-building-around-lupus-leverage-social-media-identify-patient-reported-concerns
State University of New York State at Buffalo,1,New York,,https://www.pcori.org/research-results/2024/developing-methods-clustering-longitudinal-mixed-type-data-comparative-clinical-effectiveness-research
SUNY Research Foundation,1,New York,,https://www.pcori.org/research-results/2020/comparing-three-programs-aim-increase-access-mental-health-care-during-and-after-pregnancy
Sutter Bay Hospital,1,California,,https://www.pcori.org/research-results/2019/comparing-three-ways-treat-chronic-insomnia-among-patients-living-rural-areas-cozi-study
Sutter Health,1,California,,https://www.pcori.org/research-results/2016/comparative-effectiveness-online-peer-support-diabetes-treatment-approaches-tier-ii
Sutter Medical Foundation,1,California,,https://www.pcori.org/research-results/2015/comparative-effectiveness-online-peer-support-diabetes-treatment-approaches
Swedish Health Services,1,Washington,,https://www.pcori.org/research-results/2018/establishing-behavioral-health-pbrn-patient-centered-project-collaborative-prep-collab
Tampa VA Research and Education Foundation,1,Florida,,https://www.pcori.org/research-results/2016/comparing-ways-identify-sleep-apnea-people-traumatic-brain-injury-during-inpatient-rehabilitation
TANGO2 Research Foundation,1,Connecticut,,https://www.pcori.org/research-results/2025/convening-support-engagement-patient-centered-cer-tango2-deficiency-disorder
TANGO2 Research Foundation (T2RF),1,Connecticut,,https://www.pcori.org/research-results/2023/building-capacity-engage-patient-centered-cer-tango2-deficiency-disorder
Tatton Brown Rahman Syndrome Community,1,New York,,https://www.pcori.org/research-results/2025/convening-support-engagement-patient-centered-cer-related-tatton-brown-rahman-syndrome-community
Temple University Of The Commonwealth System of Higher Education,1,Pennsylvania,,https://www.pcori.org/research-results/2023/convene-pf-development-and-prioritization-pulmonary-fibrosis-research-topics
Temple University of the Commonwealth System of Higher Education,1,Pennsylvania,,https://www.pcori.org/research-results/2020/building-capacity-patient-centered-outcomes-research-agenda-racial-and-sex-specific-disparities-cardiovascular-disease-covid-19
Texas A&M University,1,Texas,,https://www.pcori.org/research-results/2015/diabetes-education-and-wellness-through-faith-based-organizations-texas
Texas A&M University Health Science Center,1,Texas,,https://www.pcori.org/research-results/2016/developing-and-testing-software-linking-patient-data-multiple-sources
Texas Center for Disability Studies/University of Texas at Austin,1,Texas,,https://www.pcori.org/research-results/2016/partners-research
Texas Southern University,1,Texas,,https://www.pcori.org/research-results/2017/developing-community-engaged-multidisciplinary-partnership-improve-medication-management-elderly-patients-multiple-chronic-illnesses
The Afiya Center,1,Texas,,https://www.pcori.org/research-results/2020/broadening-application-inspiring-change-manual-training-stakeholders-and-doulas
The American Institute of Dental Public Health,1,Texas,,https://www.pcori.org/research-results/2023/building-capacity-patient-centered-cer-focused-oral-health-across-communities-nationwide
The Angiogenesis Foundation,1,Massachusetts,,https://www.pcori.org/research-results/2017/summit-and-white-paper-report-patient-centered-outcomes-and-age-related-macular-degeneration
The Board of Trustees at the University of Illinois,1,Illinois,,https://www.pcori.org/research-results/2017/illinois-leaders-equity-and-access-people-disabilities-healthcare-ill-lead-healthcare
The Board of Trustees of the Leland Stanford Junior University,1,California,,https://www.pcori.org/research-results/2021/comparing-health-educator-versus-technology-based-delivery-supportive-cancer-care-adults-cancer
The Brain Recovery Project,1,California,,https://www.pcori.org/research-results/2019/functional-impacts-resective-and-disconnective-pediatric-epilepsy-surgery-identifying-gaps-setting-pcor-priorities
The Center for Innovation & Value Research,1,Virginia,,https://www.pcori.org/research-results/2023/building-capacity-include-patient-centered-economic-outcomes-cer
The Center for Open Data Enterprise,1,District of Columbia,,https://www.pcori.org/research-results/2018/open-data-roundtable-series-sharing-and-utilizing-data-enhance-and-protect-health-and-well-being
The Chicago Community Trust,1,Illinois,,https://www.pcori.org/research-results/2013/chicago-area-patient-centered-outcomes-research-network-capricorn-phase-i
The Children's Mercy Hospital d/b/a Children's Research Institute,1,Missouri,,https://www.pcori.org/research-results/2024/building-capacity-patient-centered-cer-intimate-partner-violence-intervention-pediatric-healthcare-setting
The Dartmouth Institute for Health Policy and Clinical Practice,1,New Hampshire,,https://www.pcori.org/research-results/2015/connecting-patients-and-researchers-engage-patient-centered-vascular-disease-research
"The Ehlers-Danlos Society Center for Clinical Care and Research, Harvey Institute for Human Genetics, Greater Baltimore Medical Center",1,Maryland,,https://www.pcori.org/research-results/2017/establishing-ehlers-danlos-co-morbidity-coalition
The Feinstein Institute For Medical Research,1,New York,,https://www.pcori.org/research-results/2022/comparing-effectiveness-web-based-future-planning-tool-attention-control-website-family-caregivers-individuals-intellectual-disabilities
The Feinstein Institutes for Medical Research,1,New York,,https://www.pcori.org/research-results/2023/northwell-health-hsii-capacity-building-project
The Florida International University Board of Trustees,1,Florida,,https://www.pcori.org/research-results/2024/development-sustainable-collaborative-ensure-equitable-kidney-care-sce-kidney-care
The General Hospital Corporation d/b/a Massachusetts General Hospital,1,Massachusetts,,https://www.pcori.org/research-results/2023/expanding-program-support-shared-decision-making-colorectal-cancer-screening-older-adults
The George Washington University School of Nursing,1,Virginia,,https://www.pcori.org/research-results/2021/expanding-use-advance-care-planning-program-patients-kidney-disease
The Hastings Center,1,New York,,https://www.pcori.org/research-results/2024/teaming-researchers-stakeholders-test-trustworthy-engagement-measure
The Healthcare Collaborative of Greater Columbus,1,Ohio,,https://www.pcori.org/research-results/2020/hcgc-pcori-research-symposium-2020
The Jansen's Foundation,1,Nebraska,,https://www.pcori.org/research-results/2025/building-capacity-jansens-community-patient-centered-cer
The Lundquist Institute for Biomedical Innovation at Harbor-UCLA Medical Center,1,California,,https://www.pcori.org/research-results/2022/building-capacity-improve-intensive-care-unit-icu-communication-together
The Methodist Hospital Research Institute,1,Texas,,https://www.pcori.org/research-results/2023/comparing-effectiveness-intervention-reduce-sleep-disruption-versus-standard-care-prevent-and-reduce-delirium-among-hospitalized-older-adults
The Michael J. Fox Foundation For Parkinson's Research,1,New York,,https://www.pcori.org/research-results/2015/educating-and-engaging-clinicians-strengthen-patient-engagement-parkinsons-disease-research
The Milestone House,1,New Jersey,,https://www.pcori.org/research-results/2023/convening-recovery-residence-stakeholder-community-explore-pcorcer-opportunities
The Nebraska Medical Center,1,Nebraska,,https://www.pcori.org/research-results/2023/nebraska-medical-center-hsii-capacity-building-project
The New York Academy of Medicine,1,New York,,https://www.pcori.org/research-results/2016/evidence-based-guidelines-affecting-policy-practice-and-stakeholders-e-gapps-iii-conference
The Ohio State University College of Medicine,1,Ohio,,https://www.pcori.org/research-results/2022/building-capacity-engaging-families-early-hearing-detection-and-intervention-research
The Ohio State University Wexner Medical Center,1,Ohio,,https://www.pcori.org/research-results/2023/building-capacity-engage-patient-centered-cer-maternal-morbidity-and-mortality
The Pennsylvania State University,1,Pennsylvania,,https://www.pcori.org/research-results/2024/empowering-us-nursing-home-stakeholders-engage-patient-centered-cer
The Rectors and Visitors of the University of Virginia,1,Virginia,,https://www.pcori.org/research-results/2024/virginia-cancer-screening-collaborative
The Regents of the University of California on behalf of its Los Angeles campus,1,California,,https://www.pcori.org/research-results/2025/artificial-intelligence-breast-cancer-detection
"The Regents of the University of California, Davis",1,California,,https://www.pcori.org/research-results/2014/testing-program-nurse-coaching-and-fitness-tracking-devices-help-patients-increase-confidence-managing-diabetes
"The Regents of the University of California, Irvine",1,California,,https://www.pcori.org/research-results/2019/disseminating-cervical-cancer-screening-guidelines-through-dots-o-patient-education-tool
"The Regents of the University of California, on behalf of its Los Angeles campus",1,California,,https://www.pcori.org/research-results/2025/building-capacity-homeless-experienced-veterans-shape-patient-centered-cer-los-angeles-california
"The Regents of the University of California, San Diego",1,California,,https://www.pcori.org/research-results/2021/developing-methods-identify-and-communicate-benefits-and-harms-digital-health-research-studies
The Regents of the University of California; University of California San Diego,1,California,,https://www.pcori.org/research-results/2025/optimal-estimation-heterogeneous-treatment-effects-truncation-censoring
The Regents of the University of Michigan,1,Michigan,,https://www.pcori.org/research-results/2015/creation-research-collaborative-innovation-network-type-1-diabetes
The Regents of the University of New Mexico,1,New Mexico,,https://www.pcori.org/research-results/2017/hispanalatina-survivor-voice-partnering-improve-breast-cancer-care-tier-ii
The Research Foundation for The State University of New York,1,New York,,https://www.pcori.org/research-results/2021/charting-course-patient-centered-research-address-inequities-perinatal-mental-health-maternal-mortality
The Research Foundation for the State University of New York,1,New York,,https://www.pcori.org/research-results/2016/using-telehealth-improve-access-hepatitis-c-virus-treatment-patients-opioid-use-disorder-team-c-study
The Research Foundation For The State University of New York at SUNY Upstate,1,New York,,https://www.pcori.org/research-results/2019/virtual-health-library-disseminating-pcori-findings-patients-dementia-point-care
The Rochester General Hospital,1,New York,,https://www.pcori.org/research-results/2019/helping-adults-serious-mental-illness-improve-their-health-and-wellness
The Society for Academic Emergency Medicine,1,Illinois,,https://www.pcori.org/research-results/2015/shared-decision-making-emergency-department-developing-patient-centered-research-agenda
The Sturge-Weber Foundation,1,New Jersey,,https://www.pcori.org/research-results/2016/swf-patient-engagement-conference
The Transformation Center,1,Massachusetts,,https://www.pcori.org/research-results/2017/blacks-addressing-mental-health-concerns-and-healing-through-comparative-effectiveness-research
The Trustees of Columbia University in the City of New York,1,New York,,https://www.pcori.org/research-results/2020/comparing-effectiveness-two-ways-provide-follow-care-patients-heart-failure-after-hospital-discharge
The University of Arizona,1,Arizona,,https://www.pcori.org/research-results/2024/comparing-precision-medicine-versus-uniform-therapy-treat-obstructive-sleep-apnea-people-down-syndrome
The University of Chicago,1,Illinois,,https://www.pcori.org/research-results/2019/comparing-three-care-coordination-approaches-decreasing-hospitalizations-among-medicare-patients-increased-risk-hospitalization
The University of Chicago Medicine,1,Illinois,,https://www.pcori.org/research-results/2023/university-chicago-medicine-hsii-capacity-building-project
The University of Iowa College of Pharmacy,1,Iowa,,https://www.pcori.org/research-results/2024/comparing-effectiveness-two-strategies-improve-high-blood-pressure-older-adults-living-multiple-chronic-diseases
The University of Massachusetts Amherst,1,Massachusetts,,https://www.pcori.org/research-results/2025/large-language-models-communication-outcome-measures
The University of Mississippi Medical Center,1,Mississippi,,https://www.pcori.org/research-results/2015/70x2020-colorectal-cancer-screening-initiative
The University of Missouri Health Care System,1,Missouri,,https://www.pcori.org/research-results/2023/university-missouri-health-care-system-hsii-capacity-building-project
The University of Pittsburgh,1,Pennsylvania,,https://www.pcori.org/research-results/2023/development-self-efficacy-engagement-scale
The University of Tennessee Health Science Center,1,Tennessee,,https://www.pcori.org/research-results/2016/comparing-three-approaches-improve-diabetes-self-care-among-african-american-adults-model-study
The University of Texas at El Paso,1,Texas,,https://www.pcori.org/research-results/2013/culturally-adapted-brief-motivational-intervention-heavy-drinking-latinos
The University of Texas Health Science Center at Houston,1,Texas,,https://www.pcori.org/research-results/2018/new-natural-language-processing-method-study-whether-patients-take-medicine-directed
The University of Texas HSC at San Antonio,1,Texas,,https://www.pcori.org/research-results/2017/2017-conference-community-engagement-and-healthcare-improvement
The University of Texas Medical Branch at Galveston,1,Texas,,https://www.pcori.org/research-results/2016/using-visual-analytic-methods-identify-patient-groups
The University of Texas Southwestern Medical Center,1,Texas,,https://www.pcori.org/research-results/2022/improving-methods-design-and-analysis-cer-complex-observational-healthcare-data
Thriving in Place,1,California,,https://www.pcori.org/research-results/2025/enhancing-acp-access-and-equity-among-san-franciscos-latinx-population
Total Resource Community Development Organization (TRCDO),1,Illinois,,https://www.pcori.org/research-results/2022/building-roadmap-pcorcer-priorities-communities-color-living-ptsd
Tourette Association of America,1,New York,,https://www.pcori.org/research-results/2019/treating-tourettes-together
Trailhead Institute,1,Colorado,,https://www.pcori.org/research-results/2017/sustainability-conference
Trustees of Boston College,1,Massachusetts,,https://www.pcori.org/research-results/2021/advancing-arab-american-health-network-alliance-aahna-developing-priorities-together
Trustees of Tufts College,1,Massachusetts,,https://www.pcori.org/research-results/2017/does-decision-aid-help-older-adults-chronic-kidney-disease-choose-treatment-dart-study
Tubman Center for Health & Freedom,1,Washington,,https://www.pcori.org/research-results/2024/centering-black-intergenerational-mental-health-setting-community-driven-patient-centered-cer-priorities
Tulane School of Public Health and Tropical Medicine,1,Louisiana,,https://www.pcori.org/research-results/2019/comparative-effectiveness-multi-versus-single-intervention-allergen-reduction-strategies-asthma-morbidity
Tulane University of Louisiana,1,Louisiana,,https://www.pcori.org/research-results/2021/building-capacity-support-pandemics-unsung-heroes-frontline-essential-food-service-workers
Tulane University School of Public Health and Tropical Medicine,1,Louisiana,,https://www.pcori.org/research-results/2020/grounding-health-research-design-thinking-equitable-engagement-address-covid-19-grid-engagement
Turner Syndrome Global Alliance,1,Kansas,,https://www.pcori.org/research-results/2018/turner-resource-network-symposium-turner-science-21st-century
UC San Diego Health,1,California,,https://www.pcori.org/research-results/2026/icu-bundles-promote-sleep-reduce-delirium-critically-ill-adults
UCLA School of Public Health,1,California,,https://www.pcori.org/research-results/2017/comparing-strategies-community-clinics-increase-human-papillomavirus-vaccinations-youth
UMass Chan Medical School,1,Massachusetts,,https://www.pcori.org/research-results/2023/comparing-healthcare-systems-and-healthcare-community-partnership-interventions-address-perinatal-mood-and-anxiety-disorders
United Cerebral Palsy,1,District of Columbia,,https://www.pcori.org/research-results/2015/speak-yourself-patient-centered-research-network-people-disabilities-their-families
"University at California, Los Angeles",1,California,,https://www.pcori.org/research-results/2013/testing-way-help-patients-dementia-and-their-caregivers-set-goals-care
University Health Network (Canada),1,N/A,,https://www.pcori.org/research-results/2017/comparing-treatments-help-adults-head-and-neck-cancer-address-problems-swallowing
University Hospitals Health System,1,Ohio,,https://www.pcori.org/research-results/2023/university-hospitals-health-system-hsii-capacity-building-project
University of Alabama at Birmingham School of Medicine,1,Alabama,,https://www.pcori.org/research-results/2024/develop-novel-radiogenomic-data-representation-methods-enhanced-clinical-outcome-prediction
University of Alabama-Tuscaloosa,1,Alabama,,https://www.pcori.org/research-results/2012/treating-chronic-pain-using-approaches-adapted-patients-limited-reading-skills
University of Arizona College of Medicine,1,Arizona,,https://www.pcori.org/research-results/2019/stakeholder-alliance-children-robin-sequence-stars-building-capacity-pcor
University of Arizona Mel and Enid Zuckerman College of Public Health,1,Arizona,,https://www.pcori.org/research-results/2012/pilot-project-using-research-learn-how-patients-prefer-get-mental-health-care
University of Arkansas for Medical Sciences (UAMS),1,Arkansas,,https://www.pcori.org/research-results/2017/impact-homelessness-and-health-pregnant-mothers-and-babies
University of Buffalo,1,New York,,https://www.pcori.org/research-results/2015/virtual-rural-oncology-community-v-roc
University of California at Los Angeles,1,California,,https://www.pcori.org/research-results/2014/stakeholders-substance-use-research-and-treatment-information-exchange-ssurtie
University of California at San Francisco,1,California,,https://www.pcori.org/research-results/2012/pilot-project-creating-app-help-patients-understand-and-manage-their-multiple-sclerosis
University of California Berkeley,1,California,,https://www.pcori.org/research-results/2013/developing-methods-predict-health-outcomes-trauma-patients
University of California Irvine,1,California,,https://www.pcori.org/research-results/2013/testing-decision-aid-help-patients-ovarian-cancer-choose-between-two-ways-get-chemotherapy
University of California Los Angeles,1,California,,https://www.pcori.org/research-results/2013/comparing-calorie-counting-versus-myplate-recommendations-weight-loss
University of California San Francisco Health,1,California,,https://www.pcori.org/research-results/2023/ucsf-health-hsii-capacity-building-project
University of California San Francisco School of Medicine,1,California,,https://www.pcori.org/research-results/2019/growing-chronic-illness-wicked-problem
"University of California, Riverside",1,California,,https://www.pcori.org/research-results/2019/myplate-dissemination-latinos-rural-communities
University of Central Arkansas,1,Arkansas,,https://www.pcori.org/research-results/2017/community-building-address-cancer-distress-screening-and-care
University of Chicago,1,Illinois,,https://www.pcori.org/research-results/2017/engaging-muslim-americans-research-community-health-e-march
University of Chicago Medical Center,1,Illinois,,https://www.pcori.org/research-results/2024/implementation-appropriate-antibiotic-prescribing-children-acute-respiratory-tract-infections-outpatient-settings-university-chicago-medical-center
University of Colorado Denver – Anschutz Medical Campus,1,Colorado,,https://www.pcori.org/research-results/2016/coalition-recovery-and-innovation-traumatic-brain-injury-care-across-lifespan-critical
University of Colorado – Denver,1,Colorado,,https://www.pcori.org/research-results/2017/improving-health-engaging-refugees-denver-i-heard
"University of Colorado, Anschutz Medical Campus",1,Colorado,,https://www.pcori.org/research-results/2024/developing-and-testing-approach-youth-engagement-youth-advisory-boards-comparative-effectiveness-research
"University of Colorado, Denver",1,Colorado,,https://www.pcori.org/research-results/2017/engagement-heart-failure-research-nursing-facilities-tier-iii
University of Colorado-Anschutz College of Nursing,1,Colorado,,https://www.pcori.org/research-results/2016/manos-hands-mental-health-behavioral-health-advisory-group-urban-and-rural-hispanic-americans-colorado-tier-i
University of Connecticut,1,Connecticut,,https://www.pcori.org/research-results/2017/tailoring-patient-options-tpo-medication-adherence-action-plans-community-pharmacies-tier-iii
University of Connecticut School of Medicine,1,Connecticut,,https://www.pcori.org/research-results/2015/home-versus-phone-based-care-management-older-adults-dementia-depression-or-delirium
University of Delaware,1,Delaware,,https://www.pcori.org/research-results/2020/drive-developing-roadmap-ideas-veteran-engagement
University of Florida - UFHealth,1,Florida,,https://www.pcori.org/research-results/2020/oneflorida-clinical-research-consortium-clinical-research-network
University of Florida College of Medicine - Jacksonville,1,Florida,,https://www.pcori.org/research-results/2020/urban-health-alliance-patient-centered-research-collaborative
University of Florida Health System,1,Florida,,https://www.pcori.org/research-results/2023/university-florida-health-system-hsii-capacity-building-project
University of Hawaii,1,Hawaii,,https://www.pcori.org/research-results/2023/what-matters-patients-about-medications-integrating-traditional-and-western-medicine
University of Iowa College of Public Health,1,Iowa,,https://www.pcori.org/research-results/2020/convening-pcorcer-stakeholders-address-issues-rural-perinatal-health
University of Kansas Medical Center (GPC CDRN),1,Kansas,,https://www.pcori.org/research-results/2017/using-pcornet-understand-use-molecular-tests-and-treatments-cancerous-tumors
University of Kansas Medical Center Research,1,Kansas,,https://www.pcori.org/research-results/2014/comparing-three-ways-offer-weight-management-program-patients-living-rural-areas-re-power-study
University of Maryland at Baltimore,1,Maryland,,https://www.pcori.org/research-results/2018/pcor-training-minority-practitioners-and-their-patients
University of Massachusetts Boston,1,Massachusetts,,https://www.pcori.org/research-results/2023/developing-and-validating-measure-meaningful-engagement-patient-centered-outcomes-research
University of Miami,1,Florida,,https://www.pcori.org/research-results/2020/partnership-training-community-health-workers-pcor-context-covid-19
University of Miami Miller School of Medicine,1,Florida,,https://www.pcori.org/research-results/2017/national-partnership-training-community-health-workers-patient-centered-research
University of Miami School of Medicine,1,Florida,,https://www.pcori.org/research-results/2014/new-statistical-methods-assess-how-patients-different-traits-respond-same-treatment
"University of Miami, Miller School of Medicine",1,Florida,,https://www.pcori.org/research-results/2015/statewide-partnership-training-floridas-community-health-workers-patient-centered-research
"University of Michigan Medical School, Department",1,Michigan,,https://www.pcori.org/research-results/2022/does-omitting-stent-placement-improve-pain-among-people-kidney-stones
University of Michigan School of Public Health,1,Michigan,,https://www.pcori.org/research-results/2016/improving-trial-design-and-analysis-treatments-rare-diseases
University of Michigan School of Social Work,1,Michigan,,https://www.pcori.org/research-results/2016/building-patient-centered-cooperative-group-psychosocial-oncology
"University of Michigan, Ann Arbor",1,Michigan,,https://www.pcori.org/research-results/2012/pilot-project-new-way-find-out-what-types-research-patients-want
University of Minnesota,1,Minnesota,,https://www.pcori.org/research-results/2025/comparing-health-behavior-lifestyle-treatment-combined-obesity-medication-adolescents
University of Minnesota Twin Cities,1,Minnesota,,https://www.pcori.org/research-results/2016/comparing-ways-help-veterans-manage-chronic-pain-voice-study
University of Minnesota-Twin Cities,1,Minnesota,,https://www.pcori.org/research-results/2026/comparative-effectiveness-analysis-dementia-care-interventions-communities
University of Mississippi,1,Mississippi,,https://www.pcori.org/research-results/2016/participate-diabetes-self-management-conference-series
University of Missouri Kansas City,1,Missouri,,https://www.pcori.org/research-results/2013/does-information-benefits-and-risks-help-patients-decide-between-stent-options
"University of Missouri St. Louis, College of Nursing",1,Missouri,,https://www.pcori.org/research-results/2016/community-collaboration-toward-reducing-health-disparities-st-louis-area-youth
University of Montana,1,Montana,,https://www.pcori.org/research-results/2013/helping-patients-living-rural-areas-transition-hospital-home-roadmap-study
University of Nebraska Medical Center,1,Nebraska,,https://www.pcori.org/research-results/2013/how-do-preferences-treatment-change-after-patients-lung-cancer-start-chemotherapy
University of Nebraska Medical Center (UNMC),1,Nebraska,,https://www.pcori.org/research-results/2024/patient-centered-cer-capacity-building-rural-nebraska
University of Nebraska Medical Center - College of Public Health,1,Nebraska,,https://www.pcori.org/research-results/2018/rural-patient-and-stakeholder-engagement-research
University of New Hampshire,1,New Hampshire,,https://www.pcori.org/research-results/2024/equipped-engage-toolkit-enhance-engagement-adults-intellectual-disability-pcor-and-cer
University of New Mexico Main Campus,1,New Mexico,,https://www.pcori.org/research-results/2016/engaging-patients-and-providers-collaborative-communication-hpv-vaccination-eppic-hpv
University of North Carolina - Chapel Hill,1,North Carolina,,https://www.pcori.org/research-results/2017/building-networks-comparative-research-youth-caregivers-and-older-adults-tier-ii
University of North Carolina at Wilmington,1,North Carolina,,https://www.pcori.org/research-results/2017/building-research-partnership-federally-qualified-health-centers-address-chronic-conditions-vulnerable-populations
"University of North Carolina Chapel Hill, Cecil G. Sheps Center for Health Services Research",1,North Carolina,,https://www.pcori.org/research-results/2012/pilot-project-improving-ways-discover-research-needs-stakeholders
University of Pittsburgh Medical Center,1,Pennsylvania,,https://www.pcori.org/research-results/2012/pilot-project-testing-promis-alcohol-use-survey-patients-getting-substance-use-treatment
University of South Carolina College of Nursing,1,South Carolina,,https://www.pcori.org/research-results/2022/building-capacity-engage-patient-centered-cer-breastfeeding-south-carolina
University of Southern California School of Social Work,1,California,,https://www.pcori.org/research-results/2012/pilot-project-understanding-healthcare-professionals-involvement-advocating-better-patient-care-policies
University of Southern California/Oregon Health & Science University,1,California,,https://www.pcori.org/research-results/2026/noncancer-cardiovascular-incidental-findings-lung-imaging-evaluation-and-treatment-approaches
University of Tennessee Health Sciences Center College of Nursing,1,Tennessee,,https://www.pcori.org/research-results/2022/impact-food-insecurity-maternal-and-child-health
University of Texas Health Science Center at Houston,1,Texas,,https://www.pcori.org/research-results/2016/patient-stakeholder-engagement-safety-net-health-care-system
University of Texas Health Science Center at Tyler,1,Texas,,https://www.pcori.org/research-results/2019/community-academic-partnership-substance-abuse-east-texas-capsa-east-texas
University of Texas Health Science Center San Antonio,1,Texas,,https://www.pcori.org/research-results/2021/stakeholder-engagement-support-bridge-between-latino-communities-and-patient-centered-outcomes-research
University of Texas Southwestern Medical Center at Dallas,1,Texas,,https://www.pcori.org/research-results/2017/new-statistical-method-designing-stepped-wedge-cluster-trials
University of Vermont & State Agricultural College,1,Vermont,,https://www.pcori.org/research-results/2020/pcorcer-partnering-guide
University of Vermont and State Agriculture College,1,Vermont,,https://www.pcori.org/research-results/2015/testing-program-improve-integration-behavioral-health-care-primary-care-settings
University of Washington Department of Family Medicine,1,Washington,,https://www.pcori.org/research-results/2017/advancing-reproductive-health-wellness-between-patients-cystic-fibrosis-their-caregivers-healthcare-providers-and-researchers-tier-ii
"University of Washington Office of Sponsored Programs, Department of Urology",1,Washington,,https://www.pcori.org/research-results/2018/comparing-two-treatment-options-recurrent-bladder-cancer
University of Washington School of Medicine,1,Washington,,https://www.pcori.org/research-results/2024/building-capacity-engage-patient-centered-cer-related-mobility-after-spinal-cord-injury
University of Wisconsin - Madison,1,Wisconsin,,https://www.pcori.org/research-results/2024/quasi-experimental-designs-learning-health-systems
"University of Wisconsin, River Falls",1,Wisconsin,,https://www.pcori.org/research-results/2024/disseminating-pcori-funded-study-results-shared-decision-making-autoimmune-disease
University of Wisconsin–Madison,1,Wisconsin,,https://www.pcori.org/research-results/2014/testing-peer-support-program-helps-older-adults-age-their-own-homes
University of York (United Kingdom),1,N/A,,https://www.pcori.org/research-results/2017/evaluating-hormone-treatments-women-increased-risk-preterm-birth-epppic-study
University System of New Hampshire,1,New Hampshire,,https://www.pcori.org/research-results/2021/comparing-telehealth-person-mental-health-crisis-prevention-youth-and-young-adults-intellectual-and-developmental-disabilities-service-experiences-and-outcomes
Université Laval (Canada),1,N/A,,https://www.pcori.org/research-results/2013/describing-how-studies-involve-patients-and-healthcare-professionals-developing-decision-aids-and-health-related-products
UPMC,1,Pennsylvania,,https://www.pcori.org/research-results/2025/hypertension-management-upmc-health-system
UPMC (University of Pittsburgh Medical Center),1,Pennsylvania,,https://www.pcori.org/research-results/2023/upmc-hsii-capacity-building-project
Upper Valley Haven,1,Vermont,,https://www.pcori.org/research-results/2016/developing-research-and-engagement-agenda-margins-dream-engaging-low-income-rural-community-members-improve-mental-health-tier-i
Upstate Affiliate Organization d/b/a Greenville Health System Health Sciences Center,1,South Carolina,,https://www.pcori.org/research-results/2017/engaging-patients-diabetes-focused-research-improve-access-self-management-and-service-delivery
USAgainstAlzeimer's Network,1,District of Columbia,,https://www.pcori.org/research-results/2016/identifying-minority-research-priorities-alzheimers
UT Southwestern Medical Center,1,Texas,,https://www.pcori.org/research-results/2022/comparing-effectiveness-hypothermia-versus-normothermia-mild-hypoxic-ischemic-encephalopathy-infants
Utah State University,1,Utah,,https://www.pcori.org/research-results/2023/building-capacity-engage-patient-centered-cer-intellectual-and-developmental-disabilities-severe-problem-behaviors
UW Health,1,Wisconsin,,https://www.pcori.org/research-results/2025/ePROs-cancer-treatment-university-wisconsin-medical
UW Health (University of Wisconsin Medical Foundation),1,Wisconsin,,https://www.pcori.org/research-results/2023/university-wisconsin-health-hsii-capacity-building-project
VA Puget Sound Health Care System,1,Washington,,https://www.pcori.org/research-results/2022/comparison-pharmacist-versus-pulmonologist-support-improve-treatment-quality-adults-chronic-obstructive-pulmonary-disease
Vanderbilt University Medical Center / Vanderbilt,1,Tennessee,,https://www.pcori.org/research-results/2024/engagement-and-public-awareness-services-coordinating-center-pcornetr
Vascular Cures,1,California,,https://www.pcori.org/research-results/2021/working-group-enable-chronic-limb-threatening-ischemia-clti-patient-engagement-pcorcer
Vietnamese American Initiative for Development (Viet-AID),1,Massachusetts,,https://www.pcori.org/research-results/2016/patient-engaged-efforts-reduce-peer-diabetes-among-asian-americans-tier-i
Virginia Commonwealth University - Partnership for People with Disabilities,1,Virginia,,https://www.pcori.org/research-results/2023/self-advocate-leadership-trust-and-tailored-recruitment-idd-health-research-salttr
Virginia Polytechnic Institute and State University,1,Virginia,,https://www.pcori.org/research-results/2018/rapid-engagement-opioid-research-consortium-central-appalachia-orca
VUMC (Vanderbilt University Medical Center),1,Tennessee,,https://www.pcori.org/research-results/2021/coordinating-center-stakeholder-engagement
Washington State Medical Association Foundation for Healthcare Improvement,1,Washington,,https://www.pcori.org/research-results/2022/disseminating-pcori-funded-evidenced-based-prepare-your-care-wa-state-stakeholder-partners
Washington University,1,Missouri,,https://www.pcori.org/research-results/2018/comparing-two-approaches-treat-childhood-obesity-team-study
Washington University in St. Louis,1,Missouri,,https://www.pcori.org/research-results/2013/comparing-two-ways-manage-asthma-african-american-children-asist-study
Wayne State University/Sponsored Program Administration,1,Michigan,,https://www.pcori.org/research-results/2017/cant-stop-beat-reducing-racial-disparities-stroke
WebMD Health Corp.,1,New York,,https://www.pcori.org/research-results/2015/patient-centered-outcomes-research-and-my-practice-what-clinicians-need-know-video-roundtable
Weill Cornell Medicine,1,New York,,https://www.pcori.org/research-results/2020/comparing-two-approaches-prostate-biopsy
Weis Center For Research-Geisinger Clinic,1,Pennsylvania,,https://www.pcori.org/research-results/2013/evaluating-impact-user-friendly-report-genetic-testing-results-parents-children-genetic-disorders
West Nile Virus Advocacy,1,Alabama,,https://www.pcori.org/research-results/2015/collaboration-west-nile-virus-patients-their-caregivers-and-researchers
Whitman-Walker Institute,1,District of Columbia,,https://www.pcori.org/research-results/2022/building-capacity-engage-patient-centered-cer-focused-sexual-and-reproductive-health-washington-dc
Wichita State University,1,Kansas,,https://www.pcori.org/research-results/2018/women-involved-network-win-kansas-community-collaboration-create-health-equity
"Wisconsin Research & Education Network, University of Wisconsin School of Medicine & Public Health",1,Wisconsin,,https://www.pcori.org/research-results/2015/developing-road-map-optimum-patient-partnered-chronic-condition-management
Women & Infants Hospital of Rhode Island,1,Rhode Island,,https://www.pcori.org/research-results/2015/comparing-surgeries-women-who-have-both-cancer-uterus-and-bladder-problems
WomenHeart,1,District of Columbia,,https://www.pcori.org/research-results/2020/convening-address-missed-and-delayed-diagnosis-heart-disease-women
Worry Free Community,1,Illinois,,https://www.pcori.org/research-results/2020/equipping-muslims-pcor-based-action-oriented-research-tools-empart
