title,url,organization,state,investigator,status,funding_type,page
Pragmatic Trial Comparing the Effectiveness of a Systems-Level Patient Plus Clinician Intervention to Either Alone To Improve Advance Care Planning Implementation Among Older Adults in Primary Care,https://www.pcori.org/research-results/2026/patient-clinician-intervention-advance-care-planning-older-adults-primary-care,University of Washington,Washington,,,,0
Implementation of Telepsychiatry Collaborative Care for Complex Psychiatric Disorders: Atrium Health,https://www.pcori.org/research-results/2026/telepsychiatry-collaborative-care-complex-psychiatric-disorders-atrium-health,Wake Forest University Health Sciences,North Carolina,,,,0
A National Comparative Effectiveness Analysis of Two Dementia Care Interventions in Communities,https://www.pcori.org/research-results/2026/comparative-effectiveness-analysis-dementia-care-interventions-communities,University of Minnesota-Twin Cities,Minnesota,,,,0
Implementation of Telepsychiatry Collaborative Care for Complex Psychiatric Disorders: University Hospitals,https://www.pcori.org/research-results/2026/telepsychiatry-collaborative-care-complex-psychiatric-disorders-university-hospitals,University Hospitals Cleveland Medical Center,Ohio,,,,0
Randomized Controlled Trial of Trauma-Focused Cognitive Behavioral Therapy and Common Elements Treatment Approach to Treat Trauma and Comorbid Problems in Youth,https://www.pcori.org/research-results/2026/rct-trauma-focused-cbt-youth,Johns Hopkins University Bloomberg School of Public Health,Maryland,,,,0
Implementation of Electronic Patient-Reported Outcomes Monitoring During Cancer Treatment: Queen’s Medical Center,https://www.pcori.org/research-results/2026/ePROs-cancer-treatment-queens-medical-center,The Queen's Medical Center,Hawaii,,,,0
Implementation of Electronic Patient-Reported Outcomes Monitoring During Cancer Treatment: UCSF,https://www.pcori.org/research-results/2026/ePROs-cancer-treatment-ucsf,"The Regents of the University of California, San Francisco",California,,,,0
Comparing Two Multicomponent ICU Bundles To Promote Sleep and Reduce Delirium in Critically Ill Adults,https://www.pcori.org/research-results/2026/icu-bundles-promote-sleep-reduce-delirium-critically-ill-adults,UC San Diego Health,California,,,,0
Implementation of Effective Hypertension Management Approaches: San Francisco Health Network,https://www.pcori.org/research-results/2026/hypertension-management-san-francisco-health-network,San Francisco Health Network,California,,,,0
Alternative Approaches for Managing Blood Pressure in Children With Chronic Kidney Disease,https://www.pcori.org/research-results/2026/managing-blood-pressure-children-chronic-kidney-disease,The Children's Hospital of Philadelphia,Pennsylvania,,,,0
Improving Consent for Patient-Centered Research With Adults With Intellectual Disability,https://www.pcori.org/research-results/2026/improving-consent-patient-centered-research-adults-intellectual-disability,Syracuse University,New York,,,,0
Beyond Per-Protocol Effects: Improving Study Designs To Maximize Patient Choice,https://www.pcori.org/research-results/2026/improving-study-designs-maximize-patient-choice,The University of Texas MD Anderson Cancer Center,Texas,,,,0
Modality Choice Before and After Failure for the Treatment of Painful Diabetic Neuropathy,https://www.pcori.org/research-results/2026/modality-choice-treatment-painful-diabetic-neuropathy,Regents of the University of Michigan,Michigan,,,,0
Implementation of Effective Hypertension Management Approaches: MedStar Health,https://www.pcori.org/research-results/2026/hypertension-managment-medstar-health,MedStar Health Research Institute,Maryland,,,,0
Implementation of Effective Hypertension Management Approaches: Jefferson Health,https://www.pcori.org/research-results/2026/hypertension-managment-jefferson-health,Jefferson Health,Pennsylvania,,,,0
Comparing Two Implementation Strategies for a Treatment of Adolescent Trauma and Substance Use,https://www.pcori.org/research-results/2026/implementation-strategies-treatment-adolescent-trauma-substance-use,Medical University of South Carolina,South Carolina,,,,0
Comparative effectiveness and safety of antinausea medications in pregnancy,https://www.pcori.org/research-results/2026/comparative-effectiveness-safety-antinausea-medications-pregnancy,"Kaiser Foundation Research Institute, a Division of Kaiser Foundation Hospitals",California,,,,0
Modeling and Decision Making With Complex Longitudinal Healthcare Data,https://www.pcori.org/research-results/2026/modeling-decision-making-complex-longitudinal-healthcare-data,Johns Hopkins University Bloomberg School of Public Health,Maryland,,,,0
Comparative Effectiveness of Two Dementia Caregiver Support Interventions for Depressive Symptoms,https://www.pcori.org/research-results/2026/dementia-caregiver-support-interventions-depressive-symptoms,Johns Hopkins University Bloomberg School of Public Health,Maryland,,,,0
Implementation of Effective Hypertension Management Approaches: Mercy Health,https://www.pcori.org/research-results/2026/hypertension-managment-mercy-health,Mercy Health,Missouri,,,,0
Implementation of Electronic Patient-Reported Outcomes Monitoring During Cancer Treatment: Inova,https://www.pcori.org/research-results/2026/ePROs-cancer-treatment-inova,Inova Health Care Services,Virginia,,,,0
Implementation of Effective Hypertension Management Approaches: CommonSpirit Health,https://www.pcori.org/research-results/2026/hypertension-managment-commonspirit-health,CommonSpirit Health,Colorado,,,,0
Comparing Polyethylene Glycol 3350 Versus Linaclotide in Autistic Children With Constipation,https://www.pcori.org/research-results/2026/comparing-treatments-autistic-children-constipation,Duke University,North Carolina,,,,0
Addressing Undiagnosed Hypertension: Corewell Health,https://www.pcori.org/research-results/2026/addressing-undiagnosed-hypertension-corewell-health,Corewell Health Foundation West Michigan,Michigan,,,,0
Comparative Effectiveness of Two Strategies To Treat Tobacco Smoking in Community Mental Health Care,https://www.pcori.org/research-results/2026/strategies-treat-tobacco-smoking-community-mental-health-care,Hennepin Healthcare Research Institute,Minnesota,,,,0
Implementation of Effective Hypertension Management Approaches: Geisinger,https://www.pcori.org/research-results/2026/hypertension-managment-geisinger,Geisinger Clinic,Pennsylvania,,,,1
Implementation of Effective Hypertension Management Approaches: Duke University Health System,https://www.pcori.org/research-results/2026/hypertension-managment-duke-university-health-system,Duke Health,North Carolina,,,,1
Validating the Adapted Stakeholder-Centric Engagement Evaluation of Engagement Process,https://www.pcori.org/research-results/2026/validating-adapted-stakeholder-centric-engagement,"Augusta University Research Institute, Inc.",Georgia,,,,1
Comparative Effectiveness of Brain MRI Alone Versus Brain MRI Plus Genetic Testing In The Diagnostic Workup of Cerebral Palsy,https://www.pcori.org/research-results/2026/brain-mri-genetic-testing-diagnostic-workup-cerebral-palsy,Boston Children's Hospital,Massachusetts,,,,1
Effectiveness of Adding Sodium Glucose Cotransporter 2 Inhibitors to Renin Angiotensin System Inhibitors for the Treatment of Advanced Chronic Kidney Disease,https://www.pcori.org/research-results/2026/effectiveness-inhibitors-treatment-advanced-chronic-kidney-disease,Baylor Scott & White Health,Texas,,,,1
Implementation of Effective Hypertension Management Approaches: Ascension,https://www.pcori.org/research-results/2026/hypertension-management-ascension,Ascension Health,Missouri,,,,1
Implementation of Electronic Patient-Reported Outcomes Monitoring During Cancer Treatment: Advocate Aurora Health,https://www.pcori.org/research-results/2026/ePROs-cancer-treatment-advocate-aurora-health,Advocate Aurora Health,Wisconsin,,,,1
Removal of Myomas in Asymptomatic Patients To Improve Fertility or Reduce Miscarriage Rate (A Systematic Review),https://www.pcori.org/research-results/2026/removal-myomas-asymptomatic-patients-improve-fertility-or-reduce-miscarriage-rate-systematic-review,To be posted upon completion,,,,,1
Noncancer Cardiovascular Incidental Findings on Lung Imaging: Evaluation and Treatment Approaches,https://www.pcori.org/research-results/2026/noncancer-cardiovascular-incidental-findings-lung-imaging-evaluation-and-treatment-approaches,University of Southern California/Oregon Health & Science University,California,,,,1
Psychosocial Interventions for Psychosis and Psychotic Disorders in Youth (A Systematic Review),https://www.pcori.org/research-results/2026/psychosocial-interventions-psychosis-and-psychotic-disorders-youth-systematic-review,To be posted upon completion,,,,,1
Building Capacity To Engage in Patient-Centered CER on Smell and Taste Disorders,https://www.pcori.org/research-results/2025/building-capacity-engage-patient-centered-cer-smell-and-taste-disorders,Smell and Taste Association of North America,Pennsylvania,,,,1
Convening To Support Engagement in Patient-Centered CER Related to Fertility Care,https://www.pcori.org/research-results/2025/convening-support-engagement-patient-centered-cer-related-fertility-care,Morehouse School of Medicine,Georgia,,,,1
Building Capacity To Engage Community Health Plans in Patient-Centered CER for Chronic Disease Management,https://www.pcori.org/research-results/2025/building-capacity-engage-community-health-plans-patient-centered-cer-chronic-disease-management,"Alliance of Community Health Plans Foundation, Inc.",District of Columbia,,,,1
Building Capacity To Engage in Patient-Centered CER on Cerebral Palsy,https://www.pcori.org/research-results/2025/building-capacity-engage-patient-centered-cer-cerebral-palsy,Scottish Rite for Children,Texas,,,,1
Disseminating PCORI-Funded Study Results on Palliative Care To Improve Quality of Life for People With Parkinson's Disease,https://www.pcori.org/research-results/2025/disseminating-pcori-funded-study-results-palliative-care-improve-quality-life-people-parkinsons-disease,University of Maryland Baltimore,Maryland,,,,1
Convening To Develop a Patient-Centered CER Agenda for Amyotrophic Lateral Sclerosis,https://www.pcori.org/research-results/2025/convening-develop-patient-centered-cer-agenda-amyotrophic-lateral-sclerosis,ALS Hope Foundation,Pennsylvania,,,,1
Building Capacity To Engage in Patient-Centered CER on Sickle Cell Disease,https://www.pcori.org/research-results/2025/building-capacity-engage-patient-centered-cer-sickle-cell-disease,ASH Research Collaborative,District of Columbia,,,,1
Convening To Disseminate PCORl-Funded Research Results on Behavioral Health Care to Employers,https://www.pcori.org/research-results/2025/convening-disseminate-pcorl-funded-research-results-behavioral-health-care-employers,"Outcome Referrals, Inc.",Massachusetts,,,,1
Convening To Build Capacity for Patient-Centered CER That Incorporates Measurement of Burden and Economic Outcomes,https://www.pcori.org/research-results/2025/convening-build-capacity-patient-centered-cer-incorporates-measurement-burden-and-economic-outcomes,"IVI Foundation, Inc.",Virginia,,,,1
Disseminating PCORI-Funded Study Results on Approaches to Diagnosing and Monitoring High Blood Pressure in North Carolina,https://www.pcori.org/research-results/2025/disseminating-pcori-funded-study-results-approaches-diagnosing-and-monitoring-high-blood-pressure-north-carolina,Wake Forest University Health Sciences,North Carolina,,,,1
Building Capacity To Engage in Patient-Centered CER To Prevent Human Papillomavirus-Related Cancers in Texas,https://www.pcori.org/research-results/2025/building-capacity-engage-patient-centered-cer-prevent-human-papillomavirus-related-cancers-texas,The University of Texas Health Science Center at San Antonio,Texas,,,,1
Building Capacity To Engage in Patient-Centered CER With Survivors of Sexual Assault and Intimate Partner Violence,https://www.pcori.org/research-results/2025/building-capacity-engage-patient-centered-cer-survivors-sexual-assault-and-intimate-partner-violence,Our Wave,North Carolina,,,,1
Building Capacity To Engage in Patient-Centered CER on Progressive Familial Intrahepatic Cholestasis,https://www.pcori.org/research-results/2025/building-capacity-engage-patient-centered-cer-progressive-familial-intrahepatic-cholestasis,"PFIC Network, Inc.",Kentucky,,,,1
Convening To Identify Patient-Centered CER Priorities of Individuals With Achondroplasia and Their Families,https://www.pcori.org/research-results/2025/convening-identify-patient-centered-cer-priorities-individuals-achondroplasia-and-their-families,Genetic Support Foundation,Washington,,,,1
Convening To Advance Patient-Centered CER Related to Okur-Chung Neurodevelopmental Syndrome and Poirier-Bienvenu Neurodevelopmental Syndrome,https://www.pcori.org/research-results/2025/convening-advance-patient-centered-cer-related-okur-chung-neurodevelopmental-syndrome-and-poirier-bienvenu-neurodevelopmental-syndrome,CSNK2A1 Foundation,California,,,,1
Convening To Disseminate PCORI-Funded Comparative Clinical Effectiveness Research on Multiple Sclerosis Care for Older Adults,https://www.pcori.org/research-results/2025/convening-disseminate-pcori-funded-comparative-clinical-effectiveness-research-multiple-sclerosis-care-older-adults,Accelerated Cure Project for Multiple Sclerosis,Massachusetts,,,,2
Convening To Support Engagement in Patient-Centered CER Related to Hypoxic Ischemic Encephalopathy,https://www.pcori.org/research-results/2025/convening-support-engagement-patient-centered-cer-related-hypoxic-ischemic-encephalopathy,Hope for HIE,Michigan,,,,2
Building Capacity To Engage in Community-Driven Patient-Centered CER To Reduce Youth Suicide in Southern California,https://www.pcori.org/research-results/2025/building-capacity-engage-community-driven-patient-centered-cer-reduce-youth-suicide-southern-california,Orange County Asian and Pacific Islander Community Alliance (OCAPICA),California,,,,2
Building Capacity To Engage in Patient-Centered CER on Psychosis,https://www.pcori.org/research-results/2025/building-capacity-engage-patient-centered-cer-psychosis,Michigan State University,Michigan,,,,2
Convening to Disseminate PCORI-Funded Research Results on Uterine Fibroid Treatment Options,https://www.pcori.org/research-results/2025/convening-disseminate-pcori-funded-research-results-uterine-fibroid-treatment-options,Fibroid Foundation,Maryland,,,,2
Convening To Support Engagement in Patient-Centered CER Related to Therapy Priorities for Foster-Care-Experienced Youth,https://www.pcori.org/research-results/2025/convening-support-engagement-patient-centered-cer-related-therapy-priorities-foster-care-experienced-youth,Center for Adoption Support and Education (C.A.S.E),Maryland,,,,2
Disseminating PCORI-Funded Evidence Updates on Post-Traumatic Stress Disorder to Older Adults,https://www.pcori.org/research-results/2025/disseminating-pcori-funded-evidence-updates-post-traumatic-stress-disorder-older-adults,"University of Maryland, Baltimore",Maryland,,,,2
Convening To Support Engagement in Patient-Centered CER Related to the Tatton Brown Rahman Syndrome Community,https://www.pcori.org/research-results/2025/convening-support-engagement-patient-centered-cer-related-tatton-brown-rahman-syndrome-community,Tatton Brown Rahman Syndrome Community,New York,,,,2
Building Capacity to Engage in Patient-Centered CER in the Oncofertility Community,https://www.pcori.org/research-results/2025/building-capacity-engage-patient-centered-cer-oncofertility-community,Emory University,Georgia,,,,2
"Convening To Codesign a Disability-Accessible, Patient-Centered CER Agenda Related to Social Care Interventions",https://www.pcori.org/research-results/2025/convening-codesign-disability-accessible-patient-centered-cer-agenda-related-social-care-interventions,NYU Grossman School of Medicine,New York,,,,2
Building Capacity for Rural Veterans in Wisconsin To Engage in Patient-Centered CER,https://www.pcori.org/research-results/2025/building-capacity-rural-veterans-wisconsin-engage-patient-centered-cer,"Marshfield Clinic Research Institute, a division of Marshfield Clinic, Inc.",Wisconsin,,,,2
Building Capacity to Engage in Patient-Centered CER on Traumatic Brain Injury,https://www.pcori.org/research-results/2025/building-capacity-engage-patient-centered-cer-traumatic-brain-injury,University of Florida Board of Trustees,Florida,,,,2
Comparing Peer-Led Collaborative Engagement (PLCE) and Traditional Researcher-Led Engagement (TRLE),https://www.pcori.org/research-results/2025/comparing-peer-led-collaborative-traditional-researcher-led-engagement,Regents of the University of Michigan,Michigan,,,,2
Greenlights UP (Universal Prevention) in Primary Care: Scaling Early Childhood Obesity Prevention,https://www.pcori.org/research-results/2025/primary-care-scaling-early-childhood-obesity-prevention,University of North Carolina at Chapel Hill School of Medicine,North Carolina,,,,2
Developing/Validating a Measure of CAB Engagement Outcomes from CAB Members' Perspectives,https://www.pcori.org/research-results/2025/community-advisory-board-engagement-outcomes,"University of Maryland, Baltimore",Maryland,,,,2
Developing Methods for Optimal Estimation of Heterogeneous Treatment Effects with Truncation and Censoring,https://www.pcori.org/research-results/2025/optimal-estimation-heterogeneous-treatment-effects-truncation-censoring,The Regents of the University of California; University of California San Diego,California,,,,2
Developing Accurate and Practical Methods to Quantify Uncertainty in Predictions Made by Artificial Intelligence Models,https://www.pcori.org/research-results/2025/developing-methods-uncertainty-predictions-artificial-intelligence-models,Northeastern University,Massachusetts,,,,2
Developing and Validating a Measure of Researcher Readiness for Patient and Community Partnership,https://www.pcori.org/research-results/2025/researcher-readiness-patient-community-partnership,University of Pittsburgh,Pennsylvania,,,,2
Comparing Two School-Based Programs To Prevent Suicidal Behavior Among Middle and High School Students,https://www.pcori.org/research-results/2025/school-based-interventions-prevent-suicidal-behavior-adolescents,The Research Institute at Nationwide Children's Hospital,Ohio,,,,2
Comparing Low-Touch and High-Touch Multimodal Interventions for Chronic Pain in Patients with Cirrhosis,https://www.pcori.org/research-results/2025/comparing-touch-multimodal-interventions-chronic-pain-cirrhosis,University of Michigan,Michigan,,,,2
Understanding Feasibility of Using Large Language Models to Enhance Patient-Reported Outcomes,https://www.pcori.org/research-results/2025/feasibility-large-language-models-enhance-patient-reported-outcomes,Sloan Kettering Institute For Cancer Research,New York,,,,2
Developing Reinforcement Learning Methods for Building Reliable Interventional Digital Health Systems,https://www.pcori.org/research-results/2025/developing-reinforcement-learning-methods-interventional-digital-health-systems,University of Michigan,Michigan,,,,2
Comparing Alternative Strategies for Pharmacologic Management of Attention-Deficit/Hyperactivity Disorder in Children and Adolescents,https://www.pcori.org/research-results/2025/comparing-alternative-strategies-pharmacologic-management-adhd-children-adolescents,The Research Foundation For The State University of New York,New York,,,,2
Developing Outcome Weighted Learning Methods for Individualized Treatment Recommendations with Incomplete and Clustered Data,https://www.pcori.org/research-results/2025/developing-outcome-weighted-learning-methods-individualized-treatment-recommendations,Trustees of Indiana University,Indiana,,,,2
A Comparative Effectiveness Study of Group-Delivered Behavioral Interventions for Dementia Caregiver Strain,https://www.pcori.org/research-results/2025/group-delivered-behavioral-interventions-dementia-caregiver-strain,Massachusetts General Hospital (The General Hospital Corp.),Massachusetts,,,,2
Comparative Effectiveness of Two Approaches to Suicide Risk Assessment and Safety Planning,https://www.pcori.org/research-results/2025/comparative-effectiveness-suicide-risk-assessment-safety-planning,"Kaiser Foundation Research Institute, a Division of Kaiser Foundation Hospitals",California,,,,3
Comparing Behaviorally-Designed Gamification and Usual Care to Increase Physical Activity and Reduce Cardiovascular Events,https://www.pcori.org/research-results/2025/gamification-physical-activity-reduce-cardiovascular-events,The Trustees of The University of Pennsylvania,Pennsylvania,,,,3
Observational Approach Versus Surgical Intervention for Stones,https://www.pcori.org/research-results/2025/observational-approach-versus-surgical-intervention-stones,The Children's Hospital of Philadelphia,Pennsylvania,,,,3
Comparative Effectiveness of Days-Off Versus Daily Initial Peritoneal Dialysis Prescription,https://www.pcori.org/research-results/2025/comparative-effectiveness-peritoneal-dialysis-prescription,Regents of the University of Michigan,Michigan,,,,3
Comparing Treatment with Versus Without Neoadjuvant Doxorubicin and Ifosfamide in Selected Patients with High-Risk Resectable Soft Tissue Sarcoma,https://www.pcori.org/research-results/2025/comparing-treatment-high-risk-resectable-soft-tissue-sarcoma,The Ohio State University,Ohio,,,,3
Comparing Two Ways To Improve Heart Health in Children With Lupus,https://www.pcori.org/research-results/2025/comparing-two-ways-improve-heart-health-children-lupus,"Children's Hospital Corporation, d/b/a Boston Children's Hospital",Massachusetts,,,,3
Comparing Two Ways To Help Older Adults and Their Family Caregivers Transition Home From the Hospital,https://www.pcori.org/research-results/2025/comparing-care-transition-older-adults-family-caregivers,Wake Forest University Health Sciences,North Carolina,,,,3
"Enhancing Patient-Centered Sequential, Multiple Assignment, Randomized Trial Design and Analysis Through Equipoise-Stratified Randomization",https://www.pcori.org/research-results/2025/enhancing-patient-centered-trial-design-analysis-equipoise-stratified-randomization,University of Michigan,Michigan,,,,3
Comparing Different Amounts of Health Behavior and Lifestyle Treatment Combined With Medicine for Treating Obesity in Youth,https://www.pcori.org/research-results/2025/comparing-health-behavior-lifestyle-treatment-combined-obesity-medication-adolescents,University of Minnesota,Minnesota,,,,3
Comparing Three Treatments To Improve Quality of Life for Adults With Sleep Apnea,https://www.pcori.org/research-results/2025/comparative-effectiveness-treatments-sleep-apnea,University of Arizona,Arizona,,,,3
Implementation of Electronic Patient-Reported Outcomes Monitoring During Cancer Treatment: Temple University,https://www.pcori.org/research-results/2025/ePROs-cancer-treatment-temple-university,Temple University,Pennsylvania,,,,3
Implementation of Effective Hypertension Management Approaches: OSF Health Care,https://www.pcori.org/research-results/2025/hypertension-management-osf-health-care,OSF Healthcare System,Illinois,,,,3
Implementation of Electronic Patient-Reported Outcomes Monitoring During Cancer Treatment: University of Wisconsin Health,https://www.pcori.org/research-results/2025/ePROs-cancer-treatment-university-wisconsin-medical,UW Health,Wisconsin,,,,3
Implementation of Intensive Lifestyle Treatment for Weight Loss in Primary Care Settings: University of California San Francisco,https://www.pcori.org/research-results/2025/lifestyle-treatment-weight-loss-primary-care-settings-ucsf-health,"University of California, San Francisco",California,,,,3
Comparing Two Ways To Meet Families’ Social Needs and Improve the Health of Children Who Are Hospitalized,https://www.pcori.org/research-results/2025/comparing-social-needs-assistance-interventions-hospitalized-children,"University of California, San Francisco",California,,,,3
Implementing Patient Navigation To Achieve Cure of Hepatitis C among High-Risk Individuals,https://www.pcori.org/research-results/2025/implementing-patient-navigation-cure-hepatitis-c-high-risk,Clemson University,South Carolina,,,,3
Developing and Testing a Method for Engagement in Research Using WhatsApp,https://www.pcori.org/research-results/2025/developing-and-testing-method-engagement-research-whatsapp,Multicultural AIDS Coalition,Massachusetts,,,,3
Developing and Testing Methods of Engagement: Co-Creation of an Autism Research Engagement Toolkit,https://www.pcori.org/research-results/2025/methods-co-creation-autism-research-engagement-toolkit,San Diego State University,California,,,,3
Testing a Novel Method of Engagement in Research Dissemination: Deliberative Collaboration Among Patients and Healthcare Leaders,https://www.pcori.org/research-results/2025/testing-novel-method-engagement-research-collaboration-patients-healthcare-leaders,University of Utah School of Medicine,Utah,,,,3
Disseminating New Skin Antisepsis Evidence for Extremity Fracture Surgery,https://www.pcori.org/research-results/2025/disseminating-skin-antisepsis-evidence-decrease-infections-extremity-fracture-surgery,Loyola University of Chicago,Illinois,,,,3
Comparing Commonly Prescribed Antibiotics for Treating Sinus and Ear Infections in Children,https://www.pcori.org/research-results/2025/comparative-effectiveness-treatments-sinus-ear-infections-children,University of Pittsburgh,Pennsylvania,,,,3
Developing a Large Language Model To Incorporate the Patient Voice in Pain Assessment for Comparative Effectiveness Research,https://www.pcori.org/research-results/2025/large-language-model-patient-voice-pain-assessment-cer,Memorial Sloan-Kettering Cancer Center,New York,,,,3
Comparing Surgical and Transcatheter Aortic Valve Replacement for Treating Severe Bicuspid Aortic Valve Stenosis,https://www.pcori.org/research-results/2025/surgical-transcatheter-aortic-valve-replacement-treatment-severe-bicuspid-aortic-valve-stenosis,Cedars-Sinai Medical Center,California,,,,3
Developing Federated Methods for Trial Emulation Across Clinical Research Networks,https://www.pcori.org/research-results/2025/developing-federated-methods-trial-emulation-across-clinical-research-networks,University of Pennsylvania,Pennsylvania,,,,3
Developing Artificial Intelligence Methods for Natural Language Querying of Electronic Medical Records in Comparative Effectiveness Research,https://www.pcori.org/research-results/2025/artificial-intelligence-methods-natural-language-electronic-medical-records,Massachusetts General Hospital,Massachusetts,,,,3
Developing Novel Approaches for the First Research Contact of Hospitalized Patients for Comparative Effectiveness Research,https://www.pcori.org/research-results/2025/novel-approaches-first-research-contact-hospitalized-patients-cer,University of Pittsburgh,Pennsylvania,,,,4
Advancing Methods for Nonparametric Causal Inference From Electronic Health Records for Repeated Patient-Centered Outcomes,https://www.pcori.org/research-results/2025/nonparametric-causal-inference-electronic-health-records-patient-centered-outcomes,New York University School of Medicine,New York,,,,4
Comparing Non-Medicine Strategies for Improving Low Back Pain,https://www.pcori.org/research-results/2025/comparing-strategies-improve-non-pharmacologic-pain-relief-adults-back-pain,Duke University,North Carolina,,,,4
Comparing the Effects of Two Antibiotic Combinations on Kidney Function Among Hospitalized Patients With Serious Infections,https://www.pcori.org/research-results/2025/comparing-renal-effects-vancomycin-combined-piperacillintazobactam-meropenem,Bassett Medical Center,New York,,,,4
Comparing Two Models of Care for Mental and Emotional Recovery After Traumatic Injury,https://www.pcori.org/research-results/2025/comparing-models-care-mental-emotional-recovery-orthopedic-trauma-adults,Ohio State University,Ohio,,,,4
Comparing Common Prescription and Over-the-Counter Medicines for Treating Insomnia in Adults,https://www.pcori.org/research-results/2025/comparing-prescribed-and-otc-medications-treatment-insomnia-adults,University of Pennsylvania Perelman School of Medicine,Pennsylvania,,,,4
Assistive Technologies for Children and Young Adults With Intellectual and Developmental Disabilities,https://www.pcori.org/research-results/2025/assistive-technologies-children-and-young-adults-intellectual-and-developmental-disabilities,ECRI,Pennsylvania,,,,4
"Building Capacity With Homeless-Experienced Veterans to Shape Patient-Centered CER in Los Angeles, California",https://www.pcori.org/research-results/2025/building-capacity-homeless-experienced-veterans-shape-patient-centered-cer-los-angeles-california,"The Regents of the University of California, on behalf of its Los Angeles campus",California,,,,4
"Building Capacity for Patient-Centered CER Focused on Individuals Living With the Effects of Stroke in Chicago, Illinois",https://www.pcori.org/research-results/2025/building-capacity-patient-centered-cer-focused-individuals-living-effects-stroke-chicago-illinois,Rehabilitation Institute of Chicago dba Shirley Ryan AbilityLab,Illinois,,,,4
"Building Capacity To Engage in Patient-Centered CER on Refugee Health in New Haven, Connecticut",https://www.pcori.org/research-results/2025/building-capacity-engage-patient-centered-cer-refugee-health-new-haven-connecticut,Elena's Light,Connecticut,,,,4
"Patient Action Leaders Advancing Novel, Transformative, Equitable (PA'LANTE) Health Care",https://www.pcori.org/research-results/2025/patient-action-leaders-advancing-novel-transformative-equitable-palante-health-care,Hispanic Health Council,Connecticut,,,,4
A Model of Frontline Care Provider-Led Patient-Centered CER,https://www.pcori.org/research-results/2025/model-frontline-care-provider-led-patient-centered-cer,"Center for Community Health Education Research and Service, Inc. (CCHERS)",Massachusetts,,,,4
Enhancing ACP Access and Equity Among San Francisco's Latinx Population,https://www.pcori.org/research-results/2025/enhancing-acp-access-and-equity-among-san-franciscos-latinx-population,Thriving in Place,California,,,,4
Topical Therapy for Psoriasis (A Systematic Review),https://www.pcori.org/research-results/2025/topical-therapy-psoriasis-systematic-review,To be posted upon completion,,,,,4
Building Capacity Among Autistic Adults for Patient-Centered CER Focused on Colonoscopy,https://www.pcori.org/research-results/2025/building-capacity-among-autistic-adults-patient-centered-cer-focused-colonoscopy,"Trustees of Boston University, BUMC",Massachusetts,,,,4
"Disseminating PCORI-Funded Study Results on Language Access Services to Patients, Clinicians and Health Systems Across the United States",https://www.pcori.org/research-results/2025/disseminating-pcori-funded-study-results-language-access-services-patients-clinicians-and-health-systems-across-united-states,"The Regents of the University of California, San Francisco",California,,,,4
Supporting Engagement in Patient-Centered Comparative Clinical Effectiveness Research Among Adults With Cerebral Palsy,https://www.pcori.org/research-results/2025/supporting-engagement-patient-centered-comparative-clinical-effectiveness-research-among-adults-cerebral-palsy,Cerebral Palsy Foundation,New York,,,,4
Building Capacity for Patient-Centered CER Focused on Anal Dysplasia and Cancer in Central Virginia,https://www.pcori.org/research-results/2025/building-capacity-patient-centered-cer-focused-anal-dysplasia-and-cancer-central-virginia,Virginia Commonwealth University,Virginia,,,,4
Building Capacity for Patient-Centered CER for Premenstrual Disorders in the United States,https://www.pcori.org/research-results/2025/building-capacity-patient-centered-cer-premenstrual-disorders-united-states,International Association for Premenstrual Disorder,Massachusetts,,,,4
Increasing Patient Engagement in Patient-Centered CER on Ileal Pouch-Anal Anastomosis,https://www.pcori.org/research-results/2025/increasing-patient-engagement-patient-centered-cer-ileal-pouch-anal-anastomosis,The University of North Carolina at Chapel Hill,North Carolina,,,,4
Disseminating PCORI-Funded Evidence Updates on Treatment Options for Post-Traumatic Stress in First Responder Networks,https://www.pcori.org/research-results/2025/disseminating-pcori-funded-evidence-updates-treatment-options-post-traumatic-stress-first-responder-networks,"NDRI-USA, Inc.",Kansas,,,,4
Building Capacity for Patient-Centered CER Focused on Type 1 Diabetes Management in Alabama,https://www.pcori.org/research-results/2025/building-capacity-patient-centered-cer-focused-type-1-diabetes-management-alabama,Auburn University,Alabama,,,,4
Disseminating PCORI-Funded Study Results To Help Employers Make Informed Health Benefit Planning Decisions,https://www.pcori.org/research-results/2025/disseminating-pcori-funded-study-results-help-employers-make-informed-health-benefit-planning-decisions,National Alliance of Healthcare Purchasers Coalitions,District of Columbia,,,,4
Convening To Advance Patient-Centered CER on SLC13A5 Epilepsy,https://www.pcori.org/research-results/2025/convening-advance-patient-centered-cer-slc13a5-epilepsy,TESS Research Foundation,California,,,,4
Convening To Support Engagement in Patient-Centered CER for TANGO2 Deficiency Disorder,https://www.pcori.org/research-results/2025/convening-support-engagement-patient-centered-cer-tango2-deficiency-disorder,TANGO2 Research Foundation,Connecticut,,,,4
Building Capacity for Patient-Centered CER on Substance Use Disorder Treatment,https://www.pcori.org/research-results/2025/building-capacity-patient-centered-cer-substance-use-disorder-treatment,Regents of the University of Michigan,Michigan,,,,5
"Convening To Build National Networks for Patient-Centered CER Around Autism and Suicide Prevention in Columbus, Ohio",https://www.pcori.org/research-results/2025/convening-build-national-networks-patient-centered-cer-around-autism-and-suicide-prevention-columbus-ohio,Autistic Self-Reliance Support Network,Ohio,,,,5
Convening To Support Engagement in Patient-Centered CER Related to Human Immunodeficiency Virus,https://www.pcori.org/research-results/2025/convening-support-engagement-patient-centered-cer-related-human-immunodeficiency-virus,Center for Interdisciplinary Research on AIDS/Yale School of Public Health,Connecticut,,,,5
Building Capacity for Patient-Centered CER Within the Lung Cancer Community,https://www.pcori.org/research-results/2025/building-capacity-patient-centered-cer-within-lung-cancer-community,LUNGevity Foundation,Illinois,,,,5
Improving Capacity for Patient-Centered CER To Address Hepatitis B,https://www.pcori.org/research-results/2025/improving-capacity-patient-centered-cer-address-hepatitis-b,Hepatitis B Foundation,Pennsylvania,,,,5
Convening To Develop an Agenda for Patient-Centered CER on Menopause in Northeast Ohio,https://www.pcori.org/research-results/2025/convening-develop-agenda-patient-centered-cer-menopause-northeast-ohio,University Hospitals Cleveland Medical Center,Ohio,,,,5
Building Capacity for Patient-Centered CER on Food Is Medicine for Cardiovascular Health Promotion,https://www.pcori.org/research-results/2025/building-capacity-patient-centered-cer-food-medicine-cardiovascular-health-promotion,Johns Hopkins School of Nursing,Maryland,,,,5
Convening To Develop Patient-Centered CER on the Neurological Condition of Dysgraphia,https://www.pcori.org/research-results/2025/convening-develop-patient-centered-cer-neurological-condition-dysgraphia,Dysgraphia Life Benefit Corporation,Virginia,,,,5
Strengthening Peer Engagement in Patient-Centered CER on Behavioral Health Integration in Arkansas,https://www.pcori.org/research-results/2025/strengthening-peer-engagement-patient-centered-cer-behavioral-health-integration-arkansas,Arkansas Behavioral Health Integration Network,Arkansas,,,,5
Disseminating PCORI-Funded Research To Improve ADHD Care and Inpatient Safety for Children,https://www.pcori.org/research-results/2025/disseminating-pcori-funded-research-improve-adhd-care-and-inpatient-safety-children,American Academy of Pediatrics,Illinois,,,,5
Building Capacity for Patient-Centered Comparative Clinical Effectiveness Research in ASXL-Related Disorders,https://www.pcori.org/research-results/2025/building-capacity-patient-centered-comparative-clinical-effectiveness-research-asxl-related-disorders,ASXL Rare Research Endowment (ARRE) Foundation,Maine,,,,5
Building Consensus for Social Connection Measures for Patient-Centered CER,https://www.pcori.org/research-results/2025/building-consensus-social-connection-measures-patient-centered-cer,Foundation for Social Connection,District of Columbia,,,,5
Building Capacity for Patient-Centered CER in Stroke-Related Aphasia,https://www.pcori.org/research-results/2025/building-capacity-patient-centered-cer-stroke-related-aphasia,"National Aphasia Association, Inc",North Carolina,,,,5
Building Capacity for Patient-Centered CER on Poststroke Care by Engaging Rural Stroke Survivors and Caregivers in Pennsylvania,https://www.pcori.org/research-results/2025/building-capacity-patient-centered-cer-poststroke-care-engaging-rural-stroke-survivors-and-caregivers-pennsylvania,Pennsylvania State Univ Hershey Med Ctr,Pennsylvania,,,,5
Building Capacity for Patient-Centered Comparative Clinical Effectiveness Research Focused on Diabetes in Missouri,https://www.pcori.org/research-results/2025/building-capacity-patient-centered-comparative-clinical-effectiveness-research-focused-diabetes-missouri,The Curators of the University of Missouri,Missouri,,,,5
Building Capacity for Patient-Centered CER on Rare Lung Disease,https://www.pcori.org/research-results/2025/building-capacity-patient-centered-cer-rare-lung-disease,Children's intersitital and Diffuse Lung Disease Foundation (chILD),Ohio,,,,5
Enabling the People With a Chiari Malformation of the Central Nervous System To Engage in Patient-Centered CER,https://www.pcori.org/research-results/2025/enabling-people-chiari-malformation-central-nervous-system-engage-patient-centered-cer,Conquer Chiari,Pennsylvania,,,,5
Building Capacity for Patient-Centered CER on Urea Cycle Disorders,https://www.pcori.org/research-results/2025/building-capacity-patient-centered-cer-urea-cycle-disorders,National Urea Cycle Disorders Foundation,California,,,,5
Building Parent and Caregiver Capacity for Patient-Centered CER on Trauma in Connecticut,https://www.pcori.org/research-results/2025/building-parent-and-caregiver-capacity-patient-centered-cer-trauma-connecticut,"Moses/Weitzman Health System, Inc.",Connecticut,,,,5
"Building Capacity for Autism Engagement in Patient-Centered CER in the Midwest, Northeast and Southeast",https://www.pcori.org/research-results/2025/building-capacity-autism-engagement-patient-centered-cer-midwest-northeast-and-southeast,Emory University,Georgia,,,,5
Building Capacity for Patient-Centered CER by Engaging People Living With HIV and the Faith Community in Arkansas,https://www.pcori.org/research-results/2025/building-capacity-patient-centered-cer-engaging-people-living-hiv-and-faith-community-arkansas,Engaging Arkansas Communities,Arkansas,,,,5
Building Capacity for Patient-Centered CER on Shwachman-Diamond Syndrome,https://www.pcori.org/research-results/2025/building-capacity-patient-centered-cer-shwachman-diamond-syndrome,Shwachman-Diamond Syndrome Alliance Inc,Massachusetts,,,,5
Building Capacity for Patient-Centered CER on Community and Public Health Services for People With Intellectual and Developmental Disabilities in Colorado,https://www.pcori.org/research-results/2025/building-capacity-patient-centered-cer-community-and-public-health-services-people-intellectual-and-developmental-disabilities-colorado,American Academy of Developmental Medicine and Dentistry,New York,,,,5
Building Capacity in the Jansen's Community for Patient-Centered CER,https://www.pcori.org/research-results/2025/building-capacity-jansens-community-patient-centered-cer,The Jansen's Foundation,Nebraska,,,,5
Educating Women About Incontinence and Its Treatments Through Targeted Media,https://www.pcori.org/research-results/2025/educating-women-about-incontinence-and-its-treatments-through-targeted-media,National Association For Continence,South Carolina,,,,5
Comparing Group and Individual-Based Social Support Interventions on Long-Term Outcomes of Endometrial Cancer Treatment,https://www.pcori.org/research-results/2025/peer-support-interventions-endometrial-cancer-treatment,University of Washington,Washington,,,,6
Implementation of Effective Hypertension Management Approaches: Valleywise Health,https://www.pcori.org/research-results/2025/hypertension-managment-valleywise-health-system,Valleywise Health,Arizona,,,,6
Implementation of Appropriate Antibiotic Prescribing for Children With Acute Respiratory Tract Infections in Outpatient Settings: CommonSpirit Health,https://www.pcori.org/research-results/2025/antibiotic-prescribing-children-artis-commonspirit-health,CommonSpirit Health,Colorado,,,,6
Implementation of Electronic Patient-Reported Outcomes Monitoring During Cancer Treatment: MedStar Health,https://www.pcori.org/research-results/2025/ePROs-cancer-treatment-medstar-health,MedStar Health,Maryland,,,,6
Implementation of Electronic Patient-Reported Outcomes Monitoring During Cancer Treatment: Duke University Health System,https://www.pcori.org/research-results/2025/ePROs-cancer-treatment-duke-health,Duke University Health System,North Carolina,,,,6
Implementation of Electronic Patient-Reported Outcomes Monitoring During Cancer Treatment: Geisinger Clinic,https://www.pcori.org/research-results/2025/ePROs-cancer-treatment-geisinger-clinic,Geisinger Clinic,Pennsylvania,,,,6
Implementation of Effective Hypertension Management Approaches: Cleveland Clinic,https://www.pcori.org/research-results/2025/hypertension-managment-cleveland-clinic,Cleveland Clinic Foundation,Ohio,,,,6
Implementation of Effective Hypertension Management Approaches: Northwell Health,https://www.pcori.org/research-results/2025/hypertension-managment-northwell-health,Northwell Health,New York,,,,6
Implementation of Appropriate Antibiotic Prescribing for Children With Acute Respiratory Tract Infections in Outpatient Settings: Advocate Aurora Health,https://www.pcori.org/research-results/2025/antibiotic-prescribing-children-artis-advocate-aurora-health,Advocate Aurora Health,Illinois,,,,6
Implementation of Electronic Patient-Reported Outcomes Monitoring During Cancer Treatment: University Hospitals Health System,https://www.pcori.org/research-results/2025/ePROs-cancer-treatment-university-hospital-health-system,University Hospitals Cleveland Medical Center,Ohio,,,,6
Implementation of Electronic Patient-Reported Outcomes Monitoring During Cancer Treatment: Jefferson Health,https://www.pcori.org/research-results/2025/ePROs-cancer-treatment-jefferson-health,Jefferson Health,Pennsylvania,,,,6
Transparent Integration of Experimental and Nonexperimental Studies for Personalized Medicine,https://www.pcori.org/research-results/2025/methods-integrate-findings-personalized-medicine-studies,President and Fellows of Harvard College,Massachusetts,,,,6
Implementation of Electronic Patient-Reported Outcomes Monitoring During Cancer Treatment: University of Florida Health System,https://www.pcori.org/research-results/2025/ePROs-cancer-treatment-university-of-florida,UF Health,Florida,,,,6
Comparing Remotely Delivered Interventions To Promote Cessation Among Adults Who Smoke Menthol Cigarettes,https://www.pcori.org/research-results/2025/remote-delivery-interventions-smoking-cessation,Regents of the University of Michigan,Michigan,,,,6
Adapting and Testing a Novel Method of Engagement in Research: Prioritizing Autistic Perspectives in Behavioral Intervention Discussions,https://www.pcori.org/research-results/2025/engagement-research-autistic-perspectives-behavioral-intervention,AJ Drexel Autism Institute; Drexel University,Pennsylvania,,,,6
Developing and Validating a Measure of Research Engagement Activities,https://www.pcori.org/research-results/2025/developing-validating-measure-research-engagement-activities,University of New Mexico,New Mexico,,,,6
"A Comparative Clinical Effectiveness Trial of Rituximab Versus Ravulizumab, Inebilizumab, Satralizumab and Eculizumab To Prevent Relapses in Neuromyelitis Optica Spectrum Disorder",https://www.pcori.org/research-results/2025/immunotherapies-prevent-relapse-neuromyelitis-optica-spectrum-disorder,The Sumaira Foundation,Massachusetts,,,,6
Comparing the Impact of Video Integration to Traditional Amyotrophic Lateral Sclerosis Visit Communication on Patient and Caregiver Quality of Life,https://www.pcori.org/research-results/2025/video-integration-versus-traditional-visit-als-patient-caregiver,Trustees of Dartmouth College,New Hampshire,,,,6
Comparing Antegrade Versus Retrograde Enemas To Improve Bowel Continence Across the Lifespan in People With Spina Bifida,https://www.pcori.org/research-results/2025/comparing-treatment-bowel-incontinence-spina-bifida,Ann & Robert H. Lurie Children's Hospital of Chicago,Illinois,,,,6
Comparing the Effects of Anakinra and Tocilizumab on Outcomes in Patients With New-Onset Refractory Status Epilepticus,https://www.pcori.org/research-results/2025/medication-treating-new-onset-refractory-status-epilepticus,Yale University School of Medicine,Connecticut,,,,6
Long-Term Outcomes of a Randomized Trial Comparing Beta-3-Agonist Versus OnabotulinumtoxinA for Treatment of Urgency Urinary Incontinence,https://www.pcori.org/research-results/2025/comparing-treatments-urgency-urinary-incontinence,Women and Infants Hospital-Rhode Island,Rhode Island,,,,6
"A Sequential Multiple Assignment Randomized Trial Comparing Long-Term Outcomes of Fluoxetine, Cognitive Behavioral Therapy and Their Combination in Treating Pediatric Anxiety",https://www.pcori.org/research-results/2025/pediatric-anxiety-treatments,Children's Hospital Los Angeles,California,,,,6
Comparing the Long-Term Effectiveness of Initial Treatment Approaches for Relapsing-Remitting Multiple Sclerosis on the Prevention of Disability,https://www.pcori.org/research-results/2025/prevention-disability-relapsing-remitting-multiple-sclerosis,Cleveland Clinic Foundation,Ohio,,,,6
"Comparing Treatment Use, Retention and Patient Outcomes Pre- and Post-Implementation of Federal Policy Changes Regulating Buprenorphine and Methadone Treatment for Opioid Use Disorder",https://www.pcori.org/research-results/2025/treatment-utilization-policy-changes-opioid-use-disorder,"Trustees of Boston University, BUMC",Massachusetts,,,,6
Long-Term Comparative Effectiveness of Silver Diamine Fluoride Versus Atraumatic Restorative Treatment To Arrest Dental Caries in Older Adults,https://www.pcori.org/research-results/2025/dental-caries-treatments-older-adults,Case Western Reserve University,Ohio,,,,6
Comparing Office-Based Primary Care Obesity Prevention Counseling With and Without Asynchronous Web-Based Dashboard Monitoring and Text Messaging To Prevent Childhood Obesity Through Early School Age,https://www.pcori.org/research-results/2025/comparing-approaches-prevention-childhood-obesity,Vanderbilt University Medical Center,Tennessee,,,,7
"Comparing Registry Surveillance and Provider Alerts With and Without Patient Outreach, Navigation, and Care Coordination to Improve Behaviors Needed to Facilitate Early Transplants",https://www.pcori.org/research-results/2025/strategies-improving-early-kidney-transplants,Wake Forest University Health Sciences,North Carolina,,,,7
Implementation of Electronic Patient-Reported Outcomes Monitoring During Cancer Treatment: Mercy Health,https://www.pcori.org/research-results/2025/ePROs-cancer-treatment-mercy-health,Mercy Health,Missouri,,,,7
Implementation of Electronic Patient-Reported Outcomes Monitoring During Cancer Treatment: Corewell Health,https://www.pcori.org/research-results/2025/ePROs-cancer-treatment-corewell-health,Corewell Health,Michigan,,,,7
Implementation of Effective Hypertension Management Approaches: Montefiore Health System,https://www.pcori.org/research-results/2025/hypertension-managment-montefiore-health-system,Montefiore Health System,New York,,,,7
Implementation of Electronic Patient-Reported Outcomes Monitoring During Cancer Treatment: Atrium Health,https://www.pcori.org/research-results/2025/ePROs-cancer-treatment-atrium-health,Wake Forest University Health Sciences,North Carolina,,,,7
Implementation of Effective Hypertension Management Approaches: WellSpan Health,https://www.pcori.org/research-results/2025/hypertension-management-wellspan-health-system,WellSpan Health,Pennsylvania,,,,7
Implementation of Effective Hypertension Management Approaches: UPMC Health System,https://www.pcori.org/research-results/2025/hypertension-management-upmc-health-system,UPMC,Pennsylvania,,,,7
Implementation of Effective Hypertension Management Approaches: AdventHealth,https://www.pcori.org/research-results/2025/hypertension-management-adventhealth,"Adventist Health System/Sunbelt, Inc. dba AdventHealth",Florida,,,,7
Implementation of Effective Hypertension Management Approaches: Vanderbilt University Medical Center,https://www.pcori.org/research-results/2025/hypertension-management-vanderbilt-university-medical-center,Vanderbilt University Medical Center,Tennessee,,,,7
Comparing Two Durations of Antibiotic Treatment for Children Hospitalized With Common Infections,https://www.pcori.org/research-results/2025/antibiotic-treatment-children-common-infections,"The Regents of the University of California, San Francisco",California,,,,7
Developing Variable Importance Methods for Heterogeneous Treatment Effects,https://www.pcori.org/research-results/2025/developing-methods-treatment-effects,University of Washington,Washington,,,,7
Advancing Use of Large Language Models in Analyzing Real-World Communication Outcome Measures in Clinical Research,https://www.pcori.org/research-results/2025/large-language-models-communication-outcome-measures,The University of Massachusetts Amherst,Massachusetts,,,,7
Developing Novel Artificial Intelligence Methods To Improve Clinical Trial Education,https://www.pcori.org/research-results/2025/artificial-intelligence-clinical-trial-education,"The Brigham and Women's Hospital, Inc.",Massachusetts,,,,7
Comparing Screening Mammography With and Without Assistance From Artificial Intelligence for Breast Cancer Detection and Recall Rates,https://www.pcori.org/research-results/2025/artificial-intelligence-breast-cancer-detection,The Regents of the University of California on behalf of its Los Angeles campus,California,,,,7
Comparing Medication Treatments for Neurodevelopmental Differences in Young Children on Rates of Beneficial Response,https://www.pcori.org/research-results/2025/adhd-treatments-neurodevelopmental-differences-children,Cincinnati Children's Hospital Medial Center,Ohio,,,,7
Timed-release Medications: Long-acting Injectable Antipsychotics,https://www.pcori.org/research-results/2025/timed-release-medications-long-acting-injectable-antipsychotics,NORC,Illinois,,,,7
Stroke Prevention in Sickle Cell Through Revascularization Surgery (SiSCRS) Network,https://www.pcori.org/research-results/2025/stroke-prevention-sickle-cell-through-revascularization-surgery-siscrs-network,University of Florida,Florida,,,,7
Optimizing Stakeholder Engagement for Underserved Adults With Congenital Heart Disease in Patient-Centered CER,https://www.pcori.org/research-results/2024/optimizing-stakeholder-engagement-underserved-adults-congenital-heart-disease-patient-centered-cer,"The Regents of the University of California, San Francisco",California,,,,7
Bridging the Gap: Disseminating PCORI-funded Urinary Incontinence Treatment Information,https://www.pcori.org/research-results/2024/bridging-gap-disseminating-pcori-funded-urinary-incontinence-treatment-information,Benaroya Research Institute at Virginia Mason,Washington,,,,7
Patient-Centered CER Priorities for Transitioning Children With Cancer From Hospital to Home,https://www.pcori.org/research-results/2024/patient-centered-cer-priorities-transitioning-children-cancer-hospital-home,Trustees of Indiana University,Indiana,,,,7
Health Students Cite PCORI-Funded Systematic Reviews on Wikipedia,https://www.pcori.org/research-results/2024/health-students-cite-pcori-funded-systematic-reviews-wikipedia,Wiki Education Foundation,California,,,,7
Disseminating Postpartum Care Patient-Centered CER To Inform Our Black Families,https://www.pcori.org/research-results/2024/disseminating-postpartum-care-patient-centered-cer-inform-our-black-families,First Ladies Health Alliance NFP,Illinois,,,,7
Comparing a Group Psychoeducational Health Intervention Model to Special Olympics Programming on Improving Access to Best Practice Health Care for Adults With Intellectual and Developmental Disabilities,https://www.pcori.org/research-results/2024/comparing-group-psychoeducational-health-intervention-model-special-olympics-programming-improving-access-best-practice-health-care-adults-intellectual-and-developmental-disabilities,"University of Wisconsin, Madison",Wisconsin,,,,7
Convening Stakeholders to Advance Maternal Suicide Prevention Research Priorities,https://www.pcori.org/research-results/2024/convening-stakeholders-advance-maternal-suicide-prevention-research-priorities,University of Colorado School of Medicine,Colorado,,,,7
Convening To Identify Patient-Centered CER Topics That Are Important to Black and Hispanic Parents of Children With Down Syndrome,https://www.pcori.org/research-results/2024/convening-identify-patient-centered-cer-topics-are-important-black-and-hispanic-parents-children-down-syndrome,Gonzaga University,Kentucky,,,,8
Empowering Voices: Engaging Black Male Mental Health Providers and Fathers in Paternal Mental Health,https://www.pcori.org/research-results/2024/empowering-voices-engaging-black-male-mental-health-providers-and-fathers-paternal-mental-health,University of Kansas Medical Center Research Institute,Kansas,,,,8
Thriving in School: A CYSHCN-Driven Roadmap for High Impact School-Based Mental Health Patient-Centered CER,https://www.pcori.org/research-results/2024/thriving-school-cyshcn-driven-roadmap-high-impact-school-based-mental-health-patient-centered-cer,AcademyHealth,District of Columbia,,,,8
Empowering Military-Connected Stakeholders: Building Capacity for Patient-Centered CER Participation,https://www.pcori.org/research-results/2024/empowering-military-connected-stakeholders-building-capacity-patient-centered-cer-participation,Henry M. Jackson Foundation for the Advancement of Military Medicine,Maryland,,,,8
Building Capacity for Engaging Autistic Adults and Relevant Stakeholders in Mental Health Patient-Centered CER,https://www.pcori.org/research-results/2024/building-capacity-engaging-autistic-adults-and-relevant-stakeholders-mental-health-patient-centered-cer,Drexel University,Pennsylvania,,,,8
EMPOWERING US Nursing Home Stakeholders To Engage in Patient-Centered CER,https://www.pcori.org/research-results/2024/empowering-us-nursing-home-stakeholders-engage-patient-centered-cer,The Pennsylvania State University,Pennsylvania,,,,8
Develop Novel Radiogenomic Data Representation Methods for Enhanced Clinical Outcome Prediction,https://www.pcori.org/research-results/2024/develop-novel-radiogenomic-data-representation-methods-enhanced-clinical-outcome-prediction,University of Alabama at Birmingham School of Medicine,Alabama,,,,8
Comparative Effectiveness of Different Techniques for Repeat Ablation After Failed Initial Ablation for Persistent Atrial Fibrillation,https://www.pcori.org/research-results/2024/comparative-effectiveness-different-techniques-repeat-ablation-after-failed-initial-ablation-persistent-atrial-fibrillation,University of Rochester,New York,,,,8
Accelerating the Bereavement Field Toward Patient-Centered CER,https://www.pcori.org/research-results/2024/accelerating-bereavement-field-toward-patient-centered-cer,Evermore,District of Columbia,,,,8
Building Capacity for Patient-Centered CER on Intimate Partner Violence Intervention in Pediatric Healthcare Setting,https://www.pcori.org/research-results/2024/building-capacity-patient-centered-cer-intimate-partner-violence-intervention-pediatric-healthcare-setting,The Children's Mercy Hospital d/b/a Children's Research Institute,Missouri,,,,8
Transforming Pharmacy Practice Advancements Into Patient-Centered CER,https://www.pcori.org/research-results/2024/transforming-pharmacy-practice-advancements-patient-centered-cer,Idaho State University,Idaho,,,,8
Coalition To Build Patient-Centered CER Capacity for Patients With Substance Use Disorder,https://www.pcori.org/research-results/2024/coalition-build-patient-centered-cer-capacity-patients-substance-use-disorder,West Virginia University Research Corporation,West Virginia,,,,8
CONNECT (Community Network To Navigate and Enhance Care Transitions),https://www.pcori.org/research-results/2024/connect-community-network-navigate-and-enhance-care-transitions,University of Utah,Utah,,,,8
Building a Regional Network for Primary Care Patient-Centered Comparative Clinical Effectiveness Research,https://www.pcori.org/research-results/2024/building-regional-network-primary-care-patient-centered-comparative-clinical-effectiveness-research,The Trustees of The University of Pennsylvania,Pennsylvania,,,,8
Building Capacity for Patient-Centered CER in Payer Decision-Making,https://www.pcori.org/research-results/2024/building-capacity-patient-centered-cer-payer-decision-making,Carelon Research,Delaware,,,,8
Implementing a Patient Engagement Framework To Identify Rare Disease Patient-Centered Outcomes,https://www.pcori.org/research-results/2024/implementing-patient-engagement-framework-identify-rare-disease-patient-centered-outcomes,"IVI Foundation, Inc.",Virginia,,,,8
Disseminating PCORI-Funded Study Results on Shared Decision Making for Autoimmune Disease,https://www.pcori.org/research-results/2024/disseminating-pcori-funded-study-results-shared-decision-making-autoimmune-disease,"University of Wisconsin, River Falls",Wisconsin,,,,8
Randomized Controlled Trial of Two Mobile Health Strategies To Manage Postpartum Hypertension,https://www.pcori.org/research-results/2024/randomized-controlled-trial-two-mobile-health-strategies-manage-postpartum-hypertension,The Trustees of The University of Pennsylvania,Pennsylvania,,,,8
Quasi-Experimental Designs for Learning Health Systems,https://www.pcori.org/research-results/2024/quasi-experimental-designs-learning-health-systems,University of Wisconsin - Madison,Wisconsin,,,,8
Comparing Precision Medicine Versus Uniform Therapy To Treat Obstructive Sleep Apnea for People With Down Syndrome,https://www.pcori.org/research-results/2024/comparing-precision-medicine-versus-uniform-therapy-treat-obstructive-sleep-apnea-people-down-syndrome,The University of Arizona,Arizona,,,,8
Development of Personalized Patient-Reported Outcome Reports Using Machine Learning,https://www.pcori.org/research-results/2024/development-personalized-patient-reported-outcome-reports-using-machine-learning,University of Michigan at Ann Arbor,Michigan,,,,8
Randomized Controlled Trial of Lifestyle Interventions for the Prevention of Diabetes in U.S. Home Visiting Programs,https://www.pcori.org/research-results/2024/randomized-controlled-trial-lifestyle-interventions-prevention-diabetes-us-home-visiting-programs,"California Polytechnic State University, San Luis",California,,,,8
Developing Methods for Clustering Longitudinal Mixed-Type Data for Comparative Clinical Effectiveness Research,https://www.pcori.org/research-results/2024/developing-methods-clustering-longitudinal-mixed-type-data-comparative-clinical-effectiveness-research,State University of New York State at Buffalo,New York,,,,8
"Comparing Digital Therapy, Trazodone and Daridorexant for Menopause-Related Insomnia Symptoms",https://www.pcori.org/research-results/2024/comparing-digital-therapy-trazodone-and-daridorexant-menopause-related-insomnia-symptoms,"The Brigham and Women's Hospital, Inc.",Massachusetts,,,,8
Engagement and Public Awareness Services for the Coordinating Center for PCORnet®,https://www.pcori.org/research-results/2024/engagement-and-public-awareness-services-coordinating-center-pcornetr,Vanderbilt University Medical Center / Vanderbilt,Tennessee,,,,8
Evaluating Conversational Artificial Intelligence for Depression Management,https://www.pcori.org/research-results/2024/evaluating-conversational-artificial-intelligence-depression-management,George Mason University,Virginia,,,,9
Development of Robust and Efficient Statistical Methods for Analysis of Platform Trials,https://www.pcori.org/research-results/2024/development-robust-and-efficient-statistical-methods-analysis-platform-trials,University of Washington,Washington,,,,9
Developing Collaborative Learning Methods for Integrating Multi-Site Heterogeneous Observational Data in Comparative Clinical Effectiveness Research,https://www.pcori.org/research-results/2024/developing-collaborative-learning-methods-integrating-multi-site-heterogeneous-observational-data-comparative-clinical-effectiveness-research,Harvard T.H. Chan School of Public Health,Massachusetts,,,,9
Comparing Early Intervention Approaches To Improve Communication in Toddlers With Developmental Delays,https://www.pcori.org/research-results/2024/comparing-early-intervention-approaches-improve-communication-toddlers-developmental-delays,Northwestern University,Illinois,,,,9
OneFlorida+ Clinical Research Network Phase 4,https://www.pcori.org/research-results/2024/oneflorida-clinical-research-network-phase-4,University of Florida,Florida,,,,9
Data Services for the Coordinating Center of PCORnet®,https://www.pcori.org/research-results/2024/data-services-coordinating-center-pcornetr,Duke University,North Carolina,,,,9
Learning Interpretable and Fair Personalized Treatment Rules,https://www.pcori.org/research-results/2024/learning-interpretable-and-fair-personalized-treatment-rules,University of Wisconsin School of Medicine and Public Health,Wisconsin,,,,9
Comparing Three Multicomponent Interventions To Help Adults Quit Smoking,https://www.pcori.org/research-results/2024/comparing-three-multicomponent-interventions-help-adults-quit-smoking,The Board of Regents of the University of Wisconsin System,Wisconsin,,,,9
Developing and Validating a Measure of Caregiver Engagement Context,https://www.pcori.org/research-results/2024/developing-and-validating-measure-caregiver-engagement-context,University of Virginia,Virginia,,,,9
Developing and Testing an Approach to Youth Engagement: Youth Advisory Boards for Comparative Effectiveness Research,https://www.pcori.org/research-results/2024/developing-and-testing-approach-youth-engagement-youth-advisory-boards-comparative-effectiveness-research,"University of Colorado, Anschutz Medical Campus",Colorado,,,,9
Adapting and Testing Agile Methodology as a Novel Approach to Engagement in Research,https://www.pcori.org/research-results/2024/adapting-and-testing-agile-methodology-novel-approach-engagement-research,Vanderbilt University Medical Center,Tennessee,,,,9
Comparing Two School-Based Sleep Health Interventions To Promote Sleep Quality in Youth,https://www.pcori.org/research-results/2024/comparing-two-school-based-sleep-health-interventions-promote-sleep-quality-youth,"University of California, San Francisco",California,,,,9
Medical Management With Endovascular Thrombectomy Versus Medical Management Alone in Patients Presenting Beyond 24 Hours of Last Known Well,https://www.pcori.org/research-results/2024/medical-management-endovascular-thrombectomy-versus-medical-management-alone-patients-presenting-beyond-24-hours-last-known-well,University Hospitals Cleveland Medical Center,Ohio,,,,9
"PCORnet Governance, Collaboration and Operations to Facilitate PCORnet® Studies of National Scope",https://www.pcori.org/research-results/2024/pcornet-governance-collaboration-and-operations-facilitate-pcornetr-studies-national-scope,Duke University,North Carolina,,,,9
REACHnet Phase 4: Infrastructure for Conducting Patient-Centered Comparative Clinical Effectiveness Research,https://www.pcori.org/research-results/2024/reachnet-phase-4-infrastructure-conducting-patient-centered-comparative-clinical-effectiveness-research,Louisiana Public Health Institute,Louisiana,,,,9
"PCORnet®, The National Patient-Centered Clinical Research Network — INSIGHT Phase 4",https://www.pcori.org/research-results/2024/pcornetr-national-patient-centered-clinical-research-network-insight-phase-4,Joan & Sanford I. Weill Medical College of Cornell University,New York,,,,9
"Comparing Arthroplasty and Internal Fixation for Reducing Death, Improving Ambulation and Increasing Days at Home After Minimally Displaced Femoral Neck Fracture",https://www.pcori.org/research-results/2024/comparing-arthroplasty-and-internal-fixation-reducing-death-improving-ambulation-and-increasing-days-home-after-minimally-displaced-femoral-neck-fracture,University of Southern California,California,,,,9
A Pragmatic Trial Comparing the Effects of Breathing Tube Size on Shortness of Breath After Critical Illness,https://www.pcori.org/research-results/2024/pragmatic-trial-comparing-effects-breathing-tube-size-shortness-breath-after-critical-illness,Vanderbilt University Medical Center,Tennessee,,,,9
PaTH to Patient-Centered Health and Health Care,https://www.pcori.org/research-results/2024/path-patient-centered-health-and-health-care,University of Pittsburgh at Pittsburgh,Pennsylvania,,,,9
Advancing Rare Disease Comparative Clinical Effectiveness Research Through Unsupervised Machine Learning,https://www.pcori.org/research-results/2024/advancing-rare-disease-comparative-clinical-effectiveness-research-through-unsupervised-machine-learning,President and Fellows of Harvard College on behalf of Harvard Medical School,Massachusetts,,,,9
"Comparing Peer Support and Staff-Delivered Transportation Interventions for Young Adults With Intellectual and Developmental Disabilities on Loneliness, Social Participation and Transportation Skills",https://www.pcori.org/research-results/2024/comparing-peer-support-and-staff-delivered-transportation-interventions-young-adults-intellectual-and-developmental-disabilities-loneliness-social-participation-and-transportation-skills,Temple University,Pennsylvania,,,,9
"Science, Technology and Research Partnership (STAR) Clinical Research Network",https://www.pcori.org/research-results/2024/science-technology-and-research-partnership-star-clinical-research-network,Vanderbilt University Medical Center,Tennessee,,,,9
Comparing Moderate-Resource and High-Resource Strategies To Increase Guideline-Concordant Post-Hospitalization Follow-Up Care for Children With Bronchiolitis,https://www.pcori.org/research-results/2024/comparing-moderate-resource-and-high-resource-strategies-increase-guideline-concordant-post-hospitalization-follow-care-children-bronchiolitis,Seattle Children's Research Institute,Washington,,,,9
Testing a Novel Approach to Engagement in Research: Participant-Researcher Collaborative Design,https://www.pcori.org/research-results/2024/testing-novel-approach-engagement-research-participant-researcher-collaborative-design,"Augusta University Research Institute, Inc.",Georgia,,,,9
PEDSnet: Advancing Child- and Family-Centered Outcomes Research in PCORnet®,https://www.pcori.org/research-results/2024/pedsnet-advancing-child-and-family-centered-outcomes-research-pcornetr,The Children's Hospital of Philadelphia,Pennsylvania,,,,9
Greater Plains Collaborative Phase 4 Clinical Research Network,https://www.pcori.org/research-results/2024/greater-plains-collaborative-phase-4-clinical-research-network,University of Missouri,Missouri,,,,10
Comparative Effectiveness of Alternative Emerging Medications on Symptom Burden and Clinical Disease Activity in Children With Inflammatory Bowel Disease,https://www.pcori.org/research-results/2024/comparative-effectiveness-alternative-emerging-medications-symptom-burden-and-clinical-disease-activity-children-inflammatory-bowel-disease,University of North Carolina at Chapel Hill,North Carolina,,,,10
"Implementing the Decision Aid for Renal Therapy (DART) To Achieve Widespread Goal-Concordant, Timely Treatment Decisions in Older Adults With Kidney Failure",https://www.pcori.org/research-results/2024/implementing-decision-aid-renal-therapy-dart-achieve-widespread-goal-concordant-timely-treatment-decisions-older-adults-kidney-failure,Tufts University,Massachusetts,,,,10
Implementing Massage and Acupuncture To Achieve Better Pain Management in Oncology Care,https://www.pcori.org/research-results/2024/implementing-massage-and-acupuncture-achieve-better-pain-management-oncology-care,Memorial Sloan Kettering Cancer Center,New York,,,,10
"PCORnet®, The National Patient-Centered Clinical Research Network — ADVANCE Phase 4",https://www.pcori.org/research-results/2024/pcornetr-national-patient-centered-clinical-research-network-advance-phase-4,"OCHIN, Inc",Oregon,,,,10
Creating a Theory of Change for Community-Driven Research in Sickle Cell Disease,https://www.pcori.org/research-results/2024/creating-theory-change-community-driven-research-sickle-cell-disease,Duke University,North Carolina,,,,10
Centering Black Intergenerational Mental Health: Setting Community-Driven Patient-Centered CER Priorities,https://www.pcori.org/research-results/2024/centering-black-intergenerational-mental-health-setting-community-driven-patient-centered-cer-priorities,Tubman Center for Health & Freedom,Washington,,,,10
Koreans Invested in Making Caregivers Health Important (KIMCHI) 2.0,https://www.pcori.org/research-results/2024/koreans-invested-making-caregivers-health-important-kimchi-20,Somang Society,California,,,,10
Patient-Centered CER Capacity Building in Rural Nebraska,https://www.pcori.org/research-results/2024/patient-centered-cer-capacity-building-rural-nebraska,University of Nebraska Medical Center (UNMC),Nebraska,,,,10
Comparing Two Multicomponent Strategies To Promote Supraglottic Airway Implementation During Neonatal Resuscitation,https://www.pcori.org/research-results/2024/comparing-two-multicomponent-strategies-promote-supraglottic-airway-implementation-during-neonatal-resuscitation,The Children's Hospital of Philadelphia,Pennsylvania,,,,10
Research Ethics for All: Building Capacity via Topic Expansion and National Adoption,https://www.pcori.org/research-results/2024/research-ethics-all-building-capacity-topic-expansion-and-national-adoption,Syracuse University,New York,,,,10
"Engaging Adults With Intellectual and Developmental Disabilities To Inform a Patient-Centered ""Home Time"" Outcome",https://www.pcori.org/research-results/2024/engaging-adults-intellectual-and-developmental-disabilities-inform-patient-centered-home-time-outcome,Duke University,North Carolina,,,,10
"Parents Advancing Research Networks 2.0: Expand Community, Tools and Engagement (PAReNts 2.0: ExCiTE)",https://www.pcori.org/research-results/2024/parents-advancing-research-networks-20-expand-community-tools-and-engagement-parents-20-excite,"Association for Creatine Deficiencies, Inc.",California,,,,10
Plain Communities Health Consortium,https://www.pcori.org/research-results/2024/plain-communities-health-consortium,Michigan Public Health Institute (MPHI),Michigan,,,,10
Implementation of Appropriate Antibiotic Prescribing for Children With Acute Respiratory Tract Infections in Outpatient Settings: WellSpan Health,https://www.pcori.org/research-results/2024/implementation-appropriate-antibiotic-prescribing-children-acute-respiratory-tract-infections-outpatient-settings-wellspan-health,WellSpan Health,Pennsylvania,,,,10
Implementation of Appropriate Antibiotic Prescribing for Children with Acute Respiratory Tract Infections in Outpatient Settings: University of Chicago Medical Center,https://www.pcori.org/research-results/2024/implementation-appropriate-antibiotic-prescribing-children-acute-respiratory-tract-infections-outpatient-settings-university-chicago-medical-center,University of Chicago Medical Center,Illinois,,,,10
Implementation of Appropriate Antibiotic Prescribing for Children With Acute Respiratory Tract Infections in Outpatient Settings: Children’s Healthcare of Atlanta,https://www.pcori.org/research-results/2024/implementation-appropriate-antibiotic-prescribing-children-acute-respiratory-tract-infections-outpatient-settings-childrens-healthcare-atlanta,Children's Healthcare of Atlanta,Georgia,,,,10
Implementation of Intensive Lifestyle Treatment for Weight Loss in Primary Care Settings: Jefferson Health,https://www.pcori.org/research-results/2024/implementation-intensive-lifestyle-treatment-weight-loss-primary-care-settings-jefferson-health,Jefferson Health,Pennsylvania,,,,10
Implementation of Appropriate Antibiotic Prescribing for Children With Acute Respiratory Tract Infections in Outpatient Settings: Cincinnati Children’s Hospital Medical Center,https://www.pcori.org/research-results/2024/implementation-appropriate-antibiotic-prescribing-children-acute-respiratory-tract-infections-outpatient-settings-cincinnati-childrens-hospital-medical-center,Cincinnati Children's Hospital Medical Center,Ohio,,,,10
Implementation of Appropriate Antibiotic Prescribing for Children With Acute Respiratory Tract Infections in Outpatient Settings: Intermountain Health,https://www.pcori.org/research-results/2024/implementation-appropriate-antibiotic-prescribing-children-acute-respiratory-tract-infections-outpatient-settings-intermountain-health,"IHC Health Services, Inc.",Utah,,,,10
Implementation of Appropriate Antibiotic Prescribing for Children with Acute Respiratory Tract Infections in Outpatient Settings: Temple University Health System,https://www.pcori.org/research-results/2024/implementation-appropriate-antibiotic-prescribing-children-acute-respiratory-tract-infections-outpatient-settings-temple-university-health-system,Temple University Health System,Pennsylvania,,,,10
Implementation of Intensive Lifestyle Treatment for Weight Loss in Primary Care Settings: Northwestern Medicine,https://www.pcori.org/research-results/2024/implementation-intensive-lifestyle-treatment-weight-loss-primary-care-settings-northwestern-medicine,Northwestern Memorial HealthCare,Illinois,,,,10
Implementation of Appropriate Antibiotic Prescribing for Children With Acute Respiratory Tract Infections in Outpatient Settings: University Hospitals Health System,https://www.pcori.org/research-results/2024/implementation-appropriate-antibiotic-prescribing-children-acute-respiratory-tract-infections-outpatient-settings-university-hospitals-health-system,University Hospitals Cleveland Medical Center,Ohio,,,,10
Implementation of Appropriate Antibiotic Prescribing for Children With Acute Respiratory Tract Infections in Outpatient Settings: Atrium Health,https://www.pcori.org/research-results/2024/implementation-appropriate-antibiotic-prescribing-children-acute-respiratory-tract-infections-outpatient-settings-atrium-health,Wake Forest University Health Sciences,North Carolina,,,,10
Implementation of Appropriate Antibiotic Prescribing for Children With Acute Respiratory Tract Infections in Outpatient Settings: Vanderbilt University Medical Center,https://www.pcori.org/research-results/2024/implementation-appropriate-antibiotic-prescribing-children-acute-respiratory-tract-infections-outpatient-settings-vanderbilt-university-medical-center,Vanderbilt University Medical Center,Tennessee,,,,10
Implementation of Appropriate Antibiotic Prescribing for Children with Acute Respiratory Tract Infections in Outpatient Settings: University of Florida Health System,https://www.pcori.org/research-results/2024/implementation-appropriate-antibiotic-prescribing-children-acute-respiratory-tract-infections-outpatient-settings-university-florida-health-system,UF Health,Florida,,,,11
Implementation of Intensive Lifestyle Treatment for Weight Loss in Primary Care Settings: Kaiser Permanente Southern California,https://www.pcori.org/research-results/2024/implementation-intensive-lifestyle-treatment-weight-loss-primary-care-settings-kaiser-permanente-southern-california,"Kaiser Foundation Research Institute, a Division of Kaiser Foundation Hospitals",California,,,,11
Implementation of Appropriate Antibiotic Prescribing for Children With Acute Respiratory Tract Infections in Outpatient Settings: The Children’s Hospital of Philadelphia,https://www.pcori.org/research-results/2024/implementation-appropriate-antibiotic-prescribing-children-acute-respiratory-tract-infections-outpatient-settings-childrens-hospital-philadelphia,Children's Hospital of Philadelphia,Pennsylvania,,,,11
Implementation of Appropriate Antibiotic Prescribing for Children With Acute Respiratory Tract Infections in Outpatient Settings: Valleywise Health,https://www.pcori.org/research-results/2024/implementation-appropriate-antibiotic-prescribing-children-acute-respiratory-tract-infections-outpatient-settings-valleywise-health,Valleywise Health,Arizona,,,,11
Implementation of Appropriate Antibiotic Prescribing for Children With Acute Respiratory Tract Infections in Outpatient Settings: Montefiore Health System,https://www.pcori.org/research-results/2024/implementation-appropriate-antibiotic-prescribing-children-acute-respiratory-tract-infections-outpatient-settings-montefiore-health-system,Montefiore Health System,New York,,,,11
Implementation of Appropriate Antibiotic Prescribing for Children With Acute Respiratory Tract Infections in Outpatient Settings: Ascension Health,https://www.pcori.org/research-results/2024/implementation-appropriate-antibiotic-prescribing-children-acute-respiratory-tract-infections-outpatient-settings-ascension-health,Ascension Health,Missouri,,,,11
Implementation of Intensive Lifestyle Treatment for Weight Loss in Primary Care Settings: Cleveland Clinic,https://www.pcori.org/research-results/2024/implementation-intensive-lifestyle-treatment-weight-loss-primary-care-settings-cleveland-clinic,Cleveland Clinic Foundation,Ohio,,,,11
Implementation of Appropriate Antibiotic Prescribing for Children With Acute Respiratory Tract Infections in Outpatient Settings: Stanford Medicine,https://www.pcori.org/research-results/2024/implementation-appropriate-antibiotic-prescribing-children-acute-respiratory-tract-infections-outpatient-settings-stanford-medicine,Stanford Medicine,California,,,,11
Implementation of Intensive Lifestyle Treatment for Weight Loss in Primary Care Settings: Mercy Health,https://www.pcori.org/research-results/2024/implementation-intensive-lifestyle-treatment-weight-loss-primary-care-settings-mercy-health,Mercy Health,Missouri,,,,11
Implementation of Appropriate Antibiotic Prescribing for Children With Acute Respiratory Tract Infections in Outpatient Settings: Geisinger Clinic,https://www.pcori.org/research-results/2024/implementation-appropriate-antibiotic-prescribing-children-acute-respiratory-tract-infections-outpatient-settings-geisinger-clinic,Geisinger Clinic,Pennsylvania,,,,11
Implementation of Appropriate Antibiotic Prescribing for Children With Acute Respiratory Tract Infections in Outpatient Settings: Duke University Health System,https://www.pcori.org/research-results/2024/implementation-appropriate-antibiotic-prescribing-children-acute-respiratory-tract-infections-outpatient-settings-duke-university-health-system,Duke University Health System,North Carolina,,,,11
Implementation of Appropriate Antibiotic Prescribing for Children With Acute Respiratory Tract Infections in Outpatient Settings: AdventHealth,https://www.pcori.org/research-results/2024/implementation-appropriate-antibiotic-prescribing-children-acute-respiratory-tract-infections-outpatient-settings-adventhealth,"Adventist Health System/Sunbelt, Inc. dba AdventHealth",Florida,,,,11
Implementation of Appropriate Antibiotic Prescribing for Children with Acute Respiratory Tract Infections in Outpatient Settings: Phoenix Children's Hospital,https://www.pcori.org/research-results/2024/implementation-appropriate-antibiotic-prescribing-children-acute-respiratory-tract-infections-outpatient-settings-phoenix-childrens-hospital,Phoenix Children's Hospital,Arizona,,,,11
Building Capacity to Disseminate PCORI-Funded Study Results on Helping Community Organizations Share Research Findings With Relevant Audiences,https://www.pcori.org/research-results/2024/building-capacity-disseminate-pcori-funded-study-results-helping-community-organizations-share-research-findings-relevant-audiences,Postpartum Support International,Oregon,,,,11
Clinical Effectiveness Research Initiative (CERi),https://www.pcori.org/research-results/2024/clinical-effectiveness-research-initiative-ceri,American Association of Nurse Practitioners,Texas,,,,11
Building Community Competence/Capacity for Physical Activity in Cerebral Palsy Through CER,https://www.pcori.org/research-results/2024/building-community-competencecapacity-physical-activity-cerebral-palsy-through-cer,Trustees of Columbia University in the City of New York,New York,,,,11
Building Capacity To Engage in Patient-Centered CER To Improve Mental Health Research,https://www.pcori.org/research-results/2024/building-capacity-engage-patient-centered-cer-improve-mental-health-research,"Regents of the University of California, on behalf of its Riverside campus",California,,,,11
Building Capacity To Engage in Patient-Centered CER on Mental Health Among Children With Caregivers in the Military,https://www.pcori.org/research-results/2024/building-capacity-engage-patient-centered-cer-mental-health-among-children-caregivers-military,University of South Florida,Florida,,,,11
Building Capacity To Engage in Patient-Centered CER on Oncology and Palliative Care in Michigan,https://www.pcori.org/research-results/2024/building-capacity-engage-patient-centered-cer-oncology-and-palliative-care-michigan,Corewell Health Foundation West Michigan,Michigan,,,,11
Older Women Leading Healthy-Aging Research Together (OWLHART),https://www.pcori.org/research-results/2024/older-women-leading-healthy-aging-research-together-owlhart,"University of Kansas Medical Center Research Institute, Inc.",Kansas,,,,11
Convening To Advance Patient-Centered CER on Maternal Health and Birth Outcomes,https://www.pcori.org/research-results/2024/convening-advance-patient-centered-cer-maternal-health-and-birth-outcomes,Purchaser Business Group on Health (PBGH),California,,,,11
Comparing the Effectiveness of Primary Care Delivered Telehealth Interventions To Manage Type 2 Diabetes in People With Physical Disabilities and Multiple Chronic Conditions,https://www.pcori.org/research-results/2024/comparing-effectiveness-primary-care-delivered-telehealth-interventions-manage-type-2-diabetes-people-physical-disabilities-and-multiple-chronic-conditions,The University of Alabama at Birmingham,Alabama,,,,11
Referral To In-Person Versus Telehealth Opioid Use Disorder Treatment Following an Emergency Department Visit,https://www.pcori.org/research-results/2024/referral-person-versus-telehealth-opioid-use-disorder-treatment-following-emergency-department-visit,"University of California, Davis",California,,,,11
Developing a Model to Support Patient-Centered CER Co-led by Patients and Community Representatives,https://www.pcori.org/research-results/2024/developing-model-support-patient-centered-cer-co-led-patients-and-community-representatives,Meharry Medical College,Tennessee,,,,11
Comparing the Effectiveness of Two Interventions To Improve Health in Adults With Multiple Chronic Conditions,https://www.pcori.org/research-results/2024/comparing-effectiveness-two-interventions-improve-health-adults-multiple-chronic-conditions,Kaiser Foundation Research Institute,California,,,,11
Comparing Carvedilol Versus Metoprolol Succinate for Adults With Heart Failure Who Have an Implantable Cardioverter Defibrillator,https://www.pcori.org/research-results/2024/comparing-carvedilol-versus-metoprolol-succinate-adults-heart-failure-who-have-implantable-cardioverter-defibrillator,University of Rochester,New York,,,,12
Comparing the Effectiveness of Telerehabilitation and In-Clinic Physical Therapy for Patients With Chronic Low Back Pain,https://www.pcori.org/research-results/2024/comparing-effectiveness-telerehabilitation-and-clinic-physical-therapy-patients-chronic-low-back-pain,Johns Hopkins University,Maryland,,,,12
Teaming Researchers Up with Stakeholders To Test Trustworthy Engagement & Measure,https://www.pcori.org/research-results/2024/teaming-researchers-stakeholders-test-trustworthy-engagement-measure,The Hastings Center,New York,,,,12
Developing and Testing Two Approaches to Engagement in Research: The Participatory Approaches to Qualitative Research Trial,https://www.pcori.org/research-results/2024/developing-and-testing-two-approaches-engagement-research-participatory-approaches-qualitative-research-trial,Dartmouth-Hitchcock Clinic,New Hampshire,,,,12
Comparing the Effectiveness of Alert-Driven and Guideline-Based Remote Monitoring Care Among Adults With Cardiac Implantable Electrical Devices,https://www.pcori.org/research-results/2024/comparing-effectiveness-alert-driven-and-guideline-based-remote-monitoring-care-among-adults-cardiac-implantable-electrical-devices,Beth Israel Deaconess Medical Center,Massachusetts,,,,12
Improve Adoption of Clinical Text in Multi-Site Studies Through Transfer Learning and Natural Language Processing,https://www.pcori.org/research-results/2024/improve-adoption-clinical-text-multi-site-studies-through-transfer-learning-and-natural-language-processing,University of Florida,Florida,,,,12
Comparative Clinical Effectiveness Research and Identification of Patient-Specific Optimal Treatment Regimens,https://www.pcori.org/research-results/2024/comparative-clinical-effectiveness-research-and-identification-patient-specific-optimal-treatment-regimens,Memorial Sloan-Kettering Cancer Center,New York,,,,12
Comparing the Effectiveness of Two Antibiotic Treatment Strategies for Children With Pneumonia in Outpatient Settings,https://www.pcori.org/research-results/2024/comparing-effectiveness-two-antibiotic-treatment-strategies-children-pneumonia-outpatient-settings,Ann & Robert H. Lurie Children's Hospital of Chicago,Illinois,,,,12
Improve the Design and Analysis of Randomized Screening Trials in a New Era of Cancer Early Detection,https://www.pcori.org/research-results/2024/improve-design-and-analysis-randomized-screening-trials-new-era-cancer-early-detection,Fred Hutchinson Cancer Center,Washington,,,,12
Treatment of Inflammatory Myelitis and Optic Neuritis With Early Versus Rescue Plasma Exchange,https://www.pcori.org/research-results/2024/treatment-inflammatory-myelitis-and-optic-neuritis-early-versus-rescue-plasma-exchange,Mayo Clinic,Minnesota,,,,12
Comparing the Effectiveness of Two Surgical Procedures for Stress Urinary Incontinence at the Time of Vaginal Prolapse Repair,https://www.pcori.org/research-results/2024/comparing-effectiveness-two-surgical-procedures-stress-urinary-incontinence-time-vaginal-prolapse-repair,University Hospitals Cleveland Medical Center,Ohio,,,,12
Improving Deep Learning for Clinical Prediction Model Development and Interpretability,https://www.pcori.org/research-results/2024/improving-deep-learning-clinical-prediction-model-development-and-interpretability,The Research Foundation For The State University of New York,New York,,,,12
Comparing Two Timings of Transfer Among Patients Undergoing In Vitro Fertilization With Reduced Chance of Implantation Success,https://www.pcori.org/research-results/2024/comparing-two-timings-transfer-among-patients-undergoing-vitro-fertilization-reduced-chance-implantation-success,Beth Israel Deaconess Medical Center/Harvard Medical School,Massachusetts,,,,12
Disseminating the Safety and Effectiveness of Tubal Ligation Compared to Intrauterine Contraception,https://www.pcori.org/research-results/2024/disseminating-safety-and-effectiveness-tubal-ligation-compared-intrauterine-contraception,University of California San Francisco,California,,,,12
Emerging Technologies and Therapeutics Reports: New Postpartum Hemorrhage (PPH) Care Bundle and the Use of Tranexamic Acid in PPH,https://www.pcori.org/research-results/2024/emerging-technologies-and-therapeutics-reports-new-postpartum-hemorrhage-pph-care-bundle-and-use-tranexamic-acid-pph,Rand Corporation,Virginia,,,,12
Emerging Technologies and Therapeutics Reports: Viscoelastic Testing in Postpartum Obstetrics Hemorrhage,https://www.pcori.org/research-results/2024/emerging-technologies-and-therapeutics-reports-viscoelastic-testing-postpartum-obstetrics-hemorrhage,University of Southern California,California,,,,12
Engaging Black Patients and Primary Care Team Members in PCOR/CER to Reduce Mistrust in Healthcare,https://www.pcori.org/research-results/2024/engaging-black-patients-and-primary-care-team-members-pcorcer-reduce-mistrust-healthcare,"Massachusetts Health Quality Partners, Inc.",Massachusetts,,,,12
Building Capacity for Deaf American Sign Language Users to Engage in Patient-Centered CER on Telehealth,https://www.pcori.org/research-results/2024/building-capacity-deaf-american-sign-language-users-engage-patient-centered-cer-telehealth,"Communication Service for the Deaf, Inc. (CSD)",Texas,,,,12
Building Capacity for PCOR/CER by Engaging Rural Trauma Survivors and Their Recovery Communities,https://www.pcori.org/research-results/2024/building-capacity-pcorcer-engaging-rural-trauma-survivors-and-their-recovery-communities,University of Utah,Utah,,,,12
Pathways to Parity: Empowering Advocates for Alzheimer’s Research in People With Down Syndrome,https://www.pcori.org/research-results/2024/pathways-parity-empowering-advocates-alzheimers-research-people-down-syndrome,Alliance for Aging Research,District of Columbia,,,,12
Disseminating PCORI-Funded Study Results on a Conversation Aid to Help Patients with Early-Stage Breast Cancer Choose Treatment,https://www.pcori.org/research-results/2024/disseminating-pcori-funded-study-results-conversation-aid-help-patients-early-stage-breast-cancer-choose-treatment,Trustees of Dartmouth College,New Hampshire,,,,12
Building Capacity To Engage in Patient-Centered CER Among Older Adults,https://www.pcori.org/research-results/2024/building-capacity-engage-patient-centered-cer-among-older-adults,Howard Brown Health,Illinois,,,,12
Development of a Sustainable Collaborative to Ensure Equitable Kidney Care (SCE-Kidney Care),https://www.pcori.org/research-results/2024/development-sustainable-collaborative-ensure-equitable-kidney-care-sce-kidney-care,The Florida International University Board of Trustees,Florida,,,,12
Building WomenWise: Empowering Women Through Capacity Building for Patient-Centered Research on Alcohol Use,https://www.pcori.org/research-results/2024/building-womenwise-empowering-women-through-capacity-building-patient-centered-research-alcohol-use,"Mayo Clinic Health System - Northwest Wisconsin Region, Inc.",Wisconsin,,,,12
Nonpharmacologic Interventions for Sleep Disorders in Individuals with Attention-Deficit Hyperactivity Disorder (A Systematic Review),https://www.pcori.org/research-results/2024/nonpharmacologic-interventions-sleep-disorders-individuals-attention-deficit-hyperactivity-disorder-systematic-review,"Southern California Evidence Review Center, University of Southern California",California,,,,12
Comparing Three Modalities For Delivering Exposure-Based Cognitive Behavioral Therapy For Youth With Anxiety And/or Obsessive-Compulsive Disorder,https://www.pcori.org/research-results/2024/comparing-three-modalities-delivering-exposure-based-cognitive-behavioral-therapy-youth-anxiety-andor-obsessive-compulsive-disorder,Emma Pendleton Bradley Hospital,Rhode Island,,,,13
Reimagining Caregiving Together: Engagement to Address Caregiver Requirement Barriers,https://www.pcori.org/research-results/2024/reimagining-caregiving-together-engagement-address-caregiver-requirement-barriers,NMDP,Minnesota,,,,13
Elevating Anesthesia Choices for Cesarean Delivery: A Roadmap to Patient-Centered Research (ELEVATE),https://www.pcori.org/research-results/2024/elevating-anesthesia-choices-cesarean-delivery-roadmap-patient-centered-research-elevate,University of Pittsburgh,Pennsylvania,,,,13
Building Meaningful PCOR Collaboration Between Patients and Clinical Partners,https://www.pcori.org/research-results/2024/building-meaningful-pcor-collaboration-between-patients-and-clinical-partners,Council of Medical Specialty Societies,Illinois,,,,13
GLI: Reaching the Liver Health Community,https://www.pcori.org/research-results/2024/gli-reaching-liver-health-community,Global Liver Institute,District of Columbia,,,,13
Building Capacity to Engage in Patient-Centered CER on Rare Neuroimmune Disorders,https://www.pcori.org/research-results/2024/building-capacity-engage-patient-centered-cer-rare-neuroimmune-disorders,The Sumaira Foundation,Massachusetts,,,,13
Building Capacity to Engage in Patient-Centered CER Related to Mobility after Spinal Cord Injury,https://www.pcori.org/research-results/2024/building-capacity-engage-patient-centered-cer-related-mobility-after-spinal-cord-injury,University of Washington School of Medicine,Washington,,,,13
Elevating Voices of Lived Experiences in Inclusive Community-Based Research,https://www.pcori.org/research-results/2024/elevating-voices-lived-experiences-inclusive-community-based-research,University of Wyoming,Wyoming,,,,13
Building Capacity for Sexual Harm Survivors With IDD to Engage in Healing-Centered Outcomes Research,https://www.pcori.org/research-results/2024/building-capacity-sexual-harm-survivors-idd-engage-healing-centered-outcomes-research,Temple University,Pennsylvania,,,,13
Stakeholder Convening Around PCOR/CER for Fatigue Management for Patients With Multiple Sclerosis,https://www.pcori.org/research-results/2024/stakeholder-convening-around-pcorcer-fatigue-management-patients-multiple-sclerosis,Auburn University,Alabama,,,,13
Primary Hypofractionated Radiation Therapy for Localized Prostate Cancer (A Systematic Review),https://www.pcori.org/research-results/2024/primary-hypofractionated-radiation-therapy-localized-prostate-cancer-systematic-review,Agency for Healthcare Research and Quality (AHRQ),Maryland,,,,13
The Performance of Fusion Procedures for Degenerative Disease of the Lumbar Spine (A Systematic Review),https://www.pcori.org/research-results/2024/performance-fusion-procedures-degenerative-disease-lumbar-spine-systematic-review,Agency for Healthcare Research and Quality (AHRQ),Maryland,,,,13
Recurrent Nephrolithiasis in Adults and Children: Comparative Effectiveness of Preventive Medical Strategies (A Systematic Review),https://www.pcori.org/research-results/2024/recurrent-nephrolithiasis-adults-and-children-comparative-effectiveness-preventive-medical-strategies-systematic-review,Agency for Healthcare Research and Quality (AHRQ),Maryland,,,,13
PARTNER AD3vance (PAtient-centered Research in pediatric TransplaNt – Engaging families and Recipient),https://www.pcori.org/research-results/2024/partner-ad3vance-patient-centered-research-pediatric-transplant-engaging-families-and-recipient,UPMC Children's Hospital of Pittsburgh,Pennsylvania,,,,13
Virginia Cancer Screening Collaborative,https://www.pcori.org/research-results/2024/virginia-cancer-screening-collaborative,The Rectors and Visitors of the University of Virginia,Virginia,,,,13
Building Capacity to Engage in Patient-Centered CER on Childhood Obesity in Rural Colorado,https://www.pcori.org/research-results/2024/building-capacity-engage-patient-centered-cer-childhood-obesity-rural-colorado,University of Colorado - Denver,Colorado,,,,13
Equipped to Engage: A Toolkit to Enhance Engagement of Adults with Intellectual Disability in PCOR and CER,https://www.pcori.org/research-results/2024/equipped-engage-toolkit-enhance-engagement-adults-intellectual-disability-pcor-and-cer,University of New Hampshire,New Hampshire,,,,13
Comparing Two Strategies To Reduce the Risk of Exacerbations in Adults With Asthma,https://www.pcori.org/research-results/2024/comparing-two-strategies-reduce-risk-exacerbations-adults-asthma,Brigham and Women's Hospital,Massachusetts,,,,13
Comparative Clinical Effectiveness of Implantable Cardioverter Defibrillator Versus Non-Implantable Cardioverter Defibrillator Therapy in Contemporary Heart Failure Patients With Low Predicted Arrhythmic Risk,https://www.pcori.org/research-results/2024/comparative-clinical-effectiveness-implantable-cardioverter-defibrillator-versus-non-implantable-cardioverter-defibrillator-therapy-contemporary-heart-failure-patients-low-predicted-arrhythmic-risk,University of Rochester,New York,,,,13
Methods for Reconciling Conflicting Results From Randomized Trials,https://www.pcori.org/research-results/2024/methods-reconciling-conflicting-results-randomized-trials,The Trustees of The University of Pennsylvania,Pennsylvania,,,,13
Development of a Scalable Method for Identifying Ethical Issues Arising From Healthcare Artificial Intelligence,https://www.pcori.org/research-results/2024/development-scalable-method-identifying-ethical-issues-arising-healthcare-artificial-intelligence,Stanford University School of Medicine,California,,,,13
Machine Learning Approaches to Personalized Lung Cancer Therapy With Real-World Data,https://www.pcori.org/research-results/2024/machine-learning-approaches-personalized-lung-cancer-therapy-real-world-data,University of Utah,Utah,,,,13
Assessment of Pediatric Anthropometric Data Quality To Guide Analysis Planning and Interpretation,https://www.pcori.org/research-results/2024/assessment-pediatric-anthropometric-data-quality-guide-analysis-planning-and-interpretation,Pennsylvania State University Hershey Medical Center,Pennsylvania,,,,13
Comparing the Effectiveness of Three Oral Medications Used for Migraine Prevention,https://www.pcori.org/research-results/2024/comparing-effectiveness-three-oral-medications-used-migraine-prevention,Mayo Clinic Arizona,Arizona,,,,13
Putting a Telehealth Program in Place at Primary Care Clinics To Expand Access to Mental Health Care for Patients With PTSD or Bipolar Disorder,https://www.pcori.org/research-results/2024/putting-telehealth-program-place-primary-care-clinics-expand-access-mental-health-care-patients-ptsd-or-bipolar-disorder,University of Washington,Washington,,,,13
Evaluating the Effectiveness and Implementation of Shared Decision-Making Huddles To Improve Patient Safety and Experience in Pregnancy,https://www.pcori.org/research-results/2024/evaluating-effectiveness-and-implementation-shared-decision-making-huddles-improve-patient-safety-and-experience-pregnancy,Endeavor Health Clinical Operations,Illinois,,,,14
"Comparing Two Systems-Level Hypertension Control Interventions To Improve Clinical, Implementation and Patient-Reported Outcomes",https://www.pcori.org/research-results/2024/comparing-two-systems-level-hypertension-control-interventions-improve-clinical-implementation-and-patient-reported-outcomes,Boston Medical Center Corporation,Massachusetts,,,,14
Balanced Subgroup Discovery: Who Benefits Most From an Intervention?,https://www.pcori.org/research-results/2024/balanced-subgroup-discovery-who-benefits-most-intervention,Wake Forest University Health Sciences,North Carolina,,,,14
Mining the Patient Voice To Improve Patient-Centered Comparative Clinical Effectiveness Research Using Machine Learning,https://www.pcori.org/research-results/2024/mining-patient-voice-improve-patient-centered-comparative-clinical-effectiveness-research-using-machine-learning,Yale University,Connecticut,,,,14
Comparing the Effectiveness of Two Strategies To Improve High Blood Pressure in Older Adults Living With Multiple Chronic Diseases,https://www.pcori.org/research-results/2024/comparing-effectiveness-two-strategies-improve-high-blood-pressure-older-adults-living-multiple-chronic-diseases,The University of Iowa College of Pharmacy,Iowa,,,,14
Comparing Two Post-Traumatic Stress Disorder Screening Approaches To Improve Health Outcomes in Pregnancy,https://www.pcori.org/research-results/2024/comparing-two-post-traumatic-stress-disorder-screening-approaches-improve-health-outcomes-pregnancy,Emory University,Georgia,,,,14
Comparing the Effectiveness of Two Counseling Strategies for Patients Experiencing Intimate Partner Violence,https://www.pcori.org/research-results/2024/comparing-effectiveness-two-counseling-strategies-patients-experiencing-intimate-partner-violence,Boston University,Massachusetts,,,,14
"Testing Engagement Strategies To Promote Trust, Representativeness, and Capacity for Patient and Community Leadership in Research",https://www.pcori.org/research-results/2024/testing-engagement-strategies-promote-trust-representativeness-and-capacity-patient-and-community-leadership-research,University of New Mexico Health Sciences Center,New Mexico,,,,14
Testing Approaches to Engage Adults with Congenital Heart Disease Living with Neurodevelopmental Disorders as Partners in Patient-Centered CER,https://www.pcori.org/research-results/2024/testing-approaches-engage-adults-congenital-heart-disease-living-neurodevelopmental-disorders-partners-patient-centered-cer,Children's Research Institute,District of Columbia,,,,14
Testing Different Methods of Engagement for Responsiveness to Community Preference,https://www.pcori.org/research-results/2024/testing-different-methods-engagement-responsiveness-community-preference,University of Colorado Denver,Colorado,,,,14
Comparing Longitudinal Screening for Financial Hardship to Usual Care to Improve Health-Related Financial Worry and Quality of Life in Patients with Advanced Cancer,https://www.pcori.org/research-results/2024/comparing-longitudinal-screening-financial-hardship-usual-care-improve-health-related-financial-worry-and-quality-life-patients-advanced-cancer,Alliance NCTN Foundation,Illinois,,,,14
Validating a Quantitative Measure to Support Representative Research Partnerships,https://www.pcori.org/research-results/2024/validating-quantitative-measure-support-representative-research-partnerships,Dartmouth-Hitchcock Clinic,New Hampshire,,,,14
Empowering Patient Leaders to Achieve Patient-Centered Core Impact Sets,https://www.pcori.org/research-results/2024/empowering-patient-leaders-achieve-patient-centered-core-impact-sets,Sick Cells,District of Columbia,,,,14
Building Capacity for Stakeholder Engagement in CER for Depression in Mothers in Rural Communities,https://www.pcori.org/research-results/2024/building-capacity-stakeholder-engagement-cer-depression-mothers-rural-communities,Ohio University,Ohio,,,,14
Partnered Research in Sleep Medicine: PRISM,https://www.pcori.org/research-results/2024/partnered-research-sleep-medicine-prism,The Trustees of The University of Pennsylvania,Pennsylvania,,,,14
Comparing the Effectiveness of Two in-hospital Triage Strategies on functional outcomes for adults with Suspected Large Vessel Occlusion Ischemic Stroke,https://www.pcori.org/research-results/2024/comparing-effectiveness-two-hospital-triage-strategies-functional-outcomes-adults-suspected-large-vessel-occlusion-ischemic-stroke,University of Iowa,Iowa,,,,14
Medical Care for Adults With Down Syndrome (A Systematic Review),https://www.pcori.org/research-results/2024/medical-care-adults-down-syndrome-systematic-review,Agency for Healthcare Research and Quality (AHRQ),Maryland,,,,14
San Francisco Health Network HSII Capacity Building Project,https://www.pcori.org/research-results/2024/san-francisco-health-network-hsii-capacity-building-project,San Francisco Health Network,California,,,,14
AHRQ and PCORI Learning Health System Embedded Scientist Training and Research Centers (P30),https://www.pcori.org/research-results/2024/ahrq-and-pcori-learning-health-system-embedded-scientist-training-and-research-centers-p30,Agency for Healthcare Research and Quality,Maryland,,,,14
Project PIVOT,https://www.pcori.org/research-results/2023/project-pivot,PFPS US,Georgia,,,,14
Surviving a Battle Buddy’s Suicide: Postvention PCOR with Reserve and National Guard Veterans,https://www.pcori.org/research-results/2023/surviving-battle-buddys-suicide-postvention-pcor-reserve-and-national-guard-veterans,Ronin Institute,New Jersey,,,,14
What Matters to Patients about Medications? Integrating Traditional and Western Medicine,https://www.pcori.org/research-results/2023/what-matters-patients-about-medications-integrating-traditional-and-western-medicine,University of Hawaii,Hawaii,,,,14
Creando Conexiones: Establishing a Patient-Centered Cancer Health Equity Research Agenda in South Texas,https://www.pcori.org/research-results/2023/creando-conexiones-establishing-patient-centered-cancer-health-equity-research-agenda-south-texas,The University of Texas Health Science Center at San Antonio,Texas,,,,14
Self-Advocate Leadership for Trust and Tailored Recruitment in IDD Health Research (SALTTR),https://www.pcori.org/research-results/2023/self-advocate-leadership-trust-and-tailored-recruitment-idd-health-research-salttr,Virginia Commonwealth University - Partnership for People with Disabilities,Virginia,,,,14
Saving Time to Save Lives: Growing a Research-Ready Community to Tackle Sepsis Diagnosis,https://www.pcori.org/research-results/2023/saving-time-save-lives-growing-research-ready-community-tackle-sepsis-diagnosis,Sepsis Alliance,California,,,,14
Paving the Way towards Meaningful Partnerships: Fostering Regional PCOR to Enhance Eczema Outcomes,https://www.pcori.org/research-results/2023/paving-way-towards-meaningful-partnerships-fostering-regional-pcor-enhance-eczema-outcomes,National Eczema Association,California,,,,15
Building Capacity To Engage in Patient-Centered CER on Pediatric Feeding Disorder,https://www.pcori.org/research-results/2023/building-capacity-engage-patient-centered-cer-pediatric-feeding-disorder,Feeding Matters,Arizona,,,,15
Convening the Recovery Residence Stakeholder Community to Explore PCOR/CER Opportunities,https://www.pcori.org/research-results/2023/convening-recovery-residence-stakeholder-community-explore-pcorcer-opportunities,The Milestone House,New Jersey,,,,15
Engaging Stakeholders for Development of Patient-Centered Outcome Measures in Hemophilia,https://www.pcori.org/research-results/2023/engaging-stakeholders-development-patient-centered-outcome-measures-hemophilia,University Hospitals Cleveland Medical Center,Ohio,,,,15
Convene PF: Development and Prioritization of Pulmonary Fibrosis Research Topics,https://www.pcori.org/research-results/2023/convene-pf-development-and-prioritization-pulmonary-fibrosis-research-topics,Temple University Of The Commonwealth System of Higher Education,Pennsylvania,,,,15
Defining and Prioritizing Research Questions and Outcome Measures for ASXL-Related Disorders,https://www.pcori.org/research-results/2023/defining-and-prioritizing-research-questions-and-outcome-measures-asxl-related-disorders,ASXL Rare Research Endowment Foundation,Maine,,,,15
Building Capacity To Engage in Patient-Centered CER on Intellectual and Developmental Disabilities with Severe Problem Behaviors,https://www.pcori.org/research-results/2023/building-capacity-engage-patient-centered-cer-intellectual-and-developmental-disabilities-severe-problem-behaviors,Utah State University,Utah,,,,15
ASPIRE to Build PCOR/CER Capacity for Hypertensive Disorders of Pregnancy,https://www.pcori.org/research-results/2023/aspire-build-pcor-cer-capacity-hypertensive-disorders-pregnancy,"EndPreeclampsia, Inc.",Illinois,,,,15
Building Capacity to Include Patient-Centered Economic Outcomes in CER,https://www.pcori.org/research-results/2023/building-capacity-include-patient-centered-economic-outcomes-cer,The Center for Innovation & Value Research,Virginia,,,,15
Radiation Risk in Medicine: Identifying and Enabling Patient-Provider Shared Decision Making,https://www.pcori.org/research-results/2023/radiation-risk-medicine-identifying-and-enabling-patient-provider-shared-decision-making,American Association of Physicists in Medicine,Virginia,,,,15
Building Capacity for Patient-Centered CER Focused on a Community With Limited English Proficiency in Alabama,https://www.pcori.org/research-results/2023/building-capacity-patient-centered-cer-focused-community-limited-english-proficiency-alabama,Auburn University,Alabama,,,,15
Community Health Alliance for Men’s Health Promotion (CHAMP),https://www.pcori.org/research-results/2023/community-health-alliance-mens-health-promotion-champ,Wake Forest University Health Sciences,North Carolina,,,,15
Developing a National Network and Strategic Plan for Equitable Brain Injury Research Dissemination,https://www.pcori.org/research-results/2023/developing-national-network-and-strategic-plan-equitable-brain-injury-research-dissemination,University of Washington,Washington,,,,15
Project EPIC (Evidence-based Perinatal Improvement Collaborative),https://www.pcori.org/research-results/2023/project-epic-evidence-based-perinatal-improvement-collaborative,AcademyHealth,District of Columbia,,,,15
Patient-Centered CER Capacity-Building Among Chinese-Speaking Vascular Patient Populations,https://www.pcori.org/research-results/2023/patient-centered-cer-capacity-building-among-chinese-speaking-vascular-patient-populations,Foundation to Advance Vascular Cures,California,,,,15
A Patient-Centered Research Agenda to Advance Equity in Endometriosis Care for Black Women,https://www.pcori.org/research-results/2023/patient-centered-research-agenda-advance-equity-endometriosis-care-black-women,Massachusetts Health Quality Partners,Massachusetts,,,,15
Building Capacity To Engage in Patient-Centered CER on Maternal Morbidity and Mortality,https://www.pcori.org/research-results/2023/building-capacity-engage-patient-centered-cer-maternal-morbidity-and-mortality,The Ohio State University Wexner Medical Center,Ohio,,,,15
Building Capacity for Patient-Centered CER Focused on Virtual Care Models in Puerto Rico,https://www.pcori.org/research-results/2023/building-capacity-patient-centered-cer-focused-virtual-care-models-puerto-rico,Impactivo,Puerto Rico,,,,15
Developing a Patient-Centered Research Agenda to Improve the Care of Sickle Cell Pain Crises,https://www.pcori.org/research-results/2023/developing-patient-centered-research-agenda-improve-care-sickle-cell-pain-crises,Massachusetts Health Quality Partners,Massachusetts,,,,15
PROGRESS: Patient Reported Outcomes to GRow Engagement among Sickle cell Stakeholders,https://www.pcori.org/research-results/2023/progress-patient-reported-outcomes-grow-engagement-among-sickle-cell-stakeholders,"Georgia Southern University Research and Service Foundation, Inc.",Georgia,,,,15
On the Double: A Veteran-driven Dissemination Campaign Spreading Awareness on PTSD Treatment Options,https://www.pcori.org/research-results/2023/double-veteran-driven-dissemination-campaign-spreading-awareness-ptsd-treatment-options,Florida Atlantic University,Florida,,,,15
Capacity Building for Patient Engagement in PCOR on the Effective Use of Telehealth in SUD Treatment,https://www.pcori.org/research-results/2023/capacity-building-patient-engagement-pcor-effective-use-telehealth-sud-treatment,Community Catalyst,Massachusetts,,,,15
Multi-Stakeholder Engagement to Identify Early Intervention Research Priorities for Cerebral Palsy,https://www.pcori.org/research-results/2023/multi-stakeholder-engagement-identify-early-intervention-research-priorities-cerebral-palsy,Scottish Rite for Children,Texas,,,,15
"Impact of Doula Support During Pregnancy, Childbirth and Beyond (A Systematic Review)",https://www.pcori.org/research-results/2023/impact-doula-support-during-pregnancy-childbirth-and-beyond-systematic-review,RTI International,North Carolina,,,,15
Emerging Technologies and Therapeutics Reports: Update of Gene Therapies,https://www.pcori.org/research-results/2023/emerging-technologies-and-therapeutics-reports-update-gene-therapies,RAND Corporation,California,,,,15
Comparing the Effectiveness of Two Hospital-to-Home Transitional Care Interventions in Children and Youth with Special Health Care Needs,https://www.pcori.org/research-results/2023/comparing-effectiveness-two-hospital-home-transitional-care-interventions-children-and-youth-special-health-care-needs,Duke University,North Carolina,,,,16
Comparing The Effectiveness of Two Intervention Programs To Prevent Intimate Partner Violence,https://www.pcori.org/research-results/2023/comparing-effectiveness-two-intervention-programs-prevent-intimate-partner-violence,"Trustees of Boston University, BUMC",Massachusetts,,,,16
Comparing the Effectiveness of an Intervention To Reduce Sleep Disruption Versus Standard of Care To Prevent and Reduce Delirium Among Hospitalized Older Adults,https://www.pcori.org/research-results/2023/comparing-effectiveness-intervention-reduce-sleep-disruption-versus-standard-care-prevent-and-reduce-delirium-among-hospitalized-older-adults,The Methodist Hospital Research Institute,Texas,,,,16
"Sleep, Cognition and Pain Bundle Versus Enhanced Recovery for Minimizing Delirium After Heart Surgery",https://www.pcori.org/research-results/2023/sleep-cognition-and-pain-bundle-versus-enhanced-recovery-minimizing-delirium-after-heart-surgery,Beth Israel Deaconess Medical Center,Massachusetts,,,,16
Improving Research Partnership With Engagement Mapping: A Pilot Study to Advance Engagement Science,https://www.pcori.org/research-results/2023/improving-research-partnership-engagement-mapping-pilot-study-advance-engagement-science,University of Massachusetts Amherst,New York,,,,16
Development of the Self-Efficacy of Engagement Scale,https://www.pcori.org/research-results/2023/development-self-efficacy-engagement-scale,The University of Pittsburgh,Pennsylvania,,,,16
Causal Mediation Methods for Cluster-Randomized Pragmatic and Implementation Trials,https://www.pcori.org/research-results/2023/causal-mediation-methods-cluster-randomized-pragmatic-and-implementation-trials,Yale University,Connecticut,,,,16
Comparing Two Multi-Level Nutritional Interventions To Prevent Excessive Gestational Weight Gain in Pregnancy,https://www.pcori.org/research-results/2023/comparing-two-multi-level-nutritional-interventions-prevent-excessive-gestational-weight-gain-pregnancy,University of Arkansas for Medical Sciences,Arkansas,,,,16
Patient-Level Artificial Intelligence To Derive Longitudinal Phenotypes for CER,https://www.pcori.org/research-results/2023/patient-level-artificial-intelligence-derive-longitudinal-phenotypes-cer,Dana-Farber Cancer Institute,Massachusetts,,,,16
Comparing Healthcare Systems and Healthcare-Community Partnership Interventions To Address Perinatal Mood and Anxiety Disorders,https://www.pcori.org/research-results/2023/comparing-healthcare-systems-and-healthcare-community-partnership-interventions-address-perinatal-mood-and-anxiety-disorders,UMass Chan Medical School,Massachusetts,,,,16
Putting a Program in Place at University Counseling Centers To Treat Students With PTSD,https://www.pcori.org/research-results/2023/putting-program-place-university-counseling-centers-treat-students-ptsd,Pacific Lutheran University,Washington,,,,16
Comparing Three Multi-Component Nutritional and Exercise Interventions To Address Maternal Postpartum Weight Retention,https://www.pcori.org/research-results/2023/comparing-three-multi-component-nutritional-and-exercise-interventions-address-maternal-postpartum-weight-retention,Trustees of Columbia University in the City of New York,New York,,,,16
Effectiveness of a Community-Based Maternity Care Intervention in Reducing the Incidence of Hypertensive Disorder of Pregnancy,https://www.pcori.org/research-results/2023/effectiveness-community-based-maternity-care-intervention-reducing-incidence-hypertensive-disorder-pregnancy,The University of North Carolina at Chapel Hill,North Carolina,,,,16
Developing Methods for Combining Data From Randomized Trials and Observational Studies,https://www.pcori.org/research-results/2023/developing-methods-combining-data-randomized-trials-and-observational-studies,Vanderbilt University Medical Center,Tennessee,,,,16
Developing Statistical Methods for Handling Missing Patient Data in Electronic Health Records,https://www.pcori.org/research-results/2023/developing-statistical-methods-handling-missing-patient-data-electronic-health-records,Brown University School of Public Health,Rhode Island,,,,16
Using Electronic Patient-Reported Outcomes To Monitor Symptoms During Cancer Treatment,https://www.pcori.org/research-results/2023/using-electronic-patient-reported-outcomes-monitor-symptoms-during-cancer-treatment,The University of North Carolina at Chapel Hill,North Carolina,,,,16
Shared Decision Making for Anesthesia Care in Patients Having Hip Fracture Surgery,https://www.pcori.org/research-results/2023/shared-decision-making-anesthesia-care-patients-having-hip-fracture-surgery,University of Pennsylvania,Pennsylvania,,,,16
Comparing the Effectiveness of Two Ways To Relieve Pain After Surgery Among Youth,https://www.pcori.org/research-results/2023/comparing-effectiveness-two-ways-relieve-pain-after-surgery-among-youth,University of Michigan,Michigan,,,,16
Comparative Effectiveness of Matched Sibling Donor Bone Marrow Transplantation and Nontransplant Treatment for Children and Adolescents With Sickle Cell Disease,https://www.pcori.org/research-results/2023/comparative-effectiveness-matched-sibling-donor-bone-marrow-transplantation-and-nontransplant-treatment-children-and-adolescents-sickle-cell-disease,University of Rochester,New York,,,,16
Preoperative Fasting Versus Not Fasting in Critically Ill Adults,https://www.pcori.org/research-results/2023/preoperative-fasting-versus-not-fasting-critically-ill-adults,Massachusetts General Hospital/Harvard Medical School,Massachusetts,,,,16
Comparing Ways To Engage Patients and Doctors In Better Use of Medicines For Heart Failure,https://www.pcori.org/research-results/2023/comparing-ways-engage-patients-and-doctors-better-use-medicines-heart-failure,University of Colorado Denver,Colorado,,,,16
Comparing the Effectiveness of Two Aspirin Doses To Prevent High Blood Pressure Complications of Pregnancy,https://www.pcori.org/research-results/2023/comparing-effectiveness-two-aspirin-doses-prevent-high-blood-pressure-complications-pregnancy,The Ohio State University,Ohio,,,,16
Comparing the Effectiveness of Two Strategies to Improve Liver and Colon Cancer Screening for Veterans,https://www.pcori.org/research-results/2023/comparing-effectiveness-two-strategies-improve-liver-and-colon-cancer-screening-veterans,University of Pittsburgh School of Medicine,Pennsylvania,,,,16
Expanding a Program to Support Shared Decision Making for Colorectal Cancer Screening in Older Adults,https://www.pcori.org/research-results/2023/expanding-program-support-shared-decision-making-colorectal-cancer-screening-older-adults,The General Hospital Corporation d/b/a Massachusetts General Hospital,Massachusetts,,,,16
Comparing the Effectiveness of Racemic Ketamine Versus Esketamine for Depression,https://www.pcori.org/research-results/2023/comparing-effectiveness-racemic-ketamine-versus-esketamine-depression,Yale University,Connecticut,,,,16
Comparing Two Ways To Reduce Alcohol and Cannabis Use Among Teens,https://www.pcori.org/research-results/2023/comparing-two-ways-reduce-alcohol-and-cannabis-use-among-teens,RAND Corporation,Massachusetts,,,,17
Comparing Three Brief Behavior Change Interventions With Varying Caregiver Involvement To Address Adolescent Alcohol Use,https://www.pcori.org/research-results/2023/comparing-three-brief-behavior-change-interventions-varying-caregiver-involvement-address-adolescent-alcohol-use,Trustees of Indiana University,Indiana,,,,17
Comparing Two Ways To Reduce Alcohol Use in Youth,https://www.pcori.org/research-results/2023/comparing-two-ways-reduce-alcohol-use-youth,Johns Hopkins University School of Medicine,Maryland,,,,17
Comparing the Effectiveness of Intensive Health Behavior and Lifestyle Treatment Interventions Among Children With Obesity,https://www.pcori.org/research-results/2023/comparing-effectiveness-intensive-health-behavior-and-lifestyle-treatment-interventions-among-children-obesity,Vanderbilt University Medical Center,Tennessee,,,,17
Comparing Remote High Blood Pressure Management With Usual Care In Primary Care,https://www.pcori.org/research-results/2023/comparing-remote-high-blood-pressure-management-usual-care-primary-care,Wake Forest University Health Sciences,North Carolina,,,,17
Comparing the Effectiveness of Home-Based Pulmonary Rehabilitation and Health Coaching to Usual Care for Patients With Fibrotic Lung Disease,https://www.pcori.org/research-results/2023/comparing-effectiveness-home-based-pulmonary-rehabilitation-and-health-coaching-usual-care-patients-fibrotic-lung-disease,Mayo Clinic Rochester,Minnesota,,,,17
Disseminating Timely and Meaningful PCORI-Funded Study Results,https://www.pcori.org/research-results/2023/disseminating-timely-and-meaningful-pcori-funded-study-results,Texas Health Institute,Texas,,,,17
Mindfulness-Based Interventions for Well-Being and Mental Health in Children and Adolescents (A Systematic Review),https://www.pcori.org/research-results/2023/mindfulness-based-interventions-well-being-and-mental-health-children-and-adolescents-systematic-review,Agency for Healthcare Research and Quality (AHRQ),Maryland,,,,17
Emerging Technologies and Therapeutics Reports: Interventions on Post COVID-19 Autonomic Dysfunction and Post COVID-19 Cardiovascular Manifestations,https://www.pcori.org/research-results/2023/emerging-technologies-and-therapeutics-reports-interventions-post-covid-19-autonomic-dysfunction-and-post-covid-19-cardiovascular-manifestations,ECRI,Pennsylvania,,,,17
Building Capacity To Engage in Patient-Centered CER on Intestinal Malrotation,https://www.pcori.org/research-results/2023/building-capacity-engage-patient-centered-cer-intestinal-malrotation,University of Oklahoma Health Sciences Center,Oklahoma,,,,17
Building Capacity To Engage in Patient-Centered CER on GLUT1 Deficiency,https://www.pcori.org/research-results/2023/building-capacity-engage-patient-centered-cer-glut1-deficiency,Glut1 Deficiency Foundation,Kentucky,,,,17
Building Capacity To Engage in Patient-Centered CER Focusing on Healthy Aging,https://www.pcori.org/research-results/2023/building-capacity-engage-patient-centered-cer-focusing-healthy-aging,"Rutgers, The State University of New Jersey",New Jersey,,,,17
Comparing Telehealth and Usual Care for Diabetes Management in Patients With Multiple Chronic Conditions,https://www.pcori.org/research-results/2023/comparing-telehealth-and-usual-care-diabetes-management-patients-multiple-chronic-conditions,University of New Mexico Health Sciences Center,New Mexico,,,,17
Comparing the Effectiveness of Peer Support Enhanced Behavioral Crisis Response Teams to Usual Emergency Department Care for Agitated Patients,https://www.pcori.org/research-results/2023/comparing-effectiveness-peer-support-enhanced-behavioral-crisis-response-teams-usual-emergency-department-care-agitated-patients,Yale University,Connecticut,,,,17
"Convening Communities of Color to Build a PCOR Agenda around Eating, Activity, and Whole-Child Growth from Birth",https://www.pcori.org/research-results/2023/convening-communities-color-build-pcor-agenda-around-eating-activity-and-whole-child-growth-birth,HealthPartners Institute,Minnesota,,,,17
Building Capacity to Disseminate Findings of PCOR/CER of Youth with Bipolar Spectrum Disorders (BSD),https://www.pcori.org/research-results/2023/building-capacity-disseminate-findings-pcorcer-youth-bipolar-spectrum-disorders-bsd,University of Cincinnati,Ohio,,,,17
COmmunity-Based Collaboration to Address the Mental Health PILLAR in PCOR/CER Research (CO-PILLAR),https://www.pcori.org/research-results/2023/community-based-collaboration-address-mental-health-pillar-pcorcer-research-co-pillar,"PATIENTS Program, University of Maryland",Maryland,,,,17
Assessment of User Experience During Phase 3 of PCORnet®,https://www.pcori.org/research-results/2023/assessment-user-experience-during-phase-3-pcornetr,NORC at the University of Chicago,Illinois,,,,17
Building Capacity To Engage in Patient-Centered CER To Improve Mental Health Care in North Carolina,https://www.pcori.org/research-results/2023/building-capacity-engage-patient-centered-cer-improve-mental-health-care-north-carolina,"El Futuro, Inc.",North Carolina,,,,17
Engaging Adolescents and Young Adults with Chronic Conditions in PCOR/CER for Peer Support Interventions,https://www.pcori.org/research-results/2023/engaging-adolescents-and-young-adults-chronic-conditions-pcorcer-peer-support-interventions,Generation Patient,Indiana,,,,17
Building Capacity and Patient Engagement Within a Stigmatized Lung Cancer Community,https://www.pcori.org/research-results/2023/building-capacity-and-patient-engagement-within-stigmatized-lung-cancer-community,GO2 Foundation for Lung Cancer,District of Columbia,,,,17
Comparing the Effectiveness of Two Ways To Prevent Fractures in Adults With a Fragility Fracture,https://www.pcori.org/research-results/2023/comparing-effectiveness-two-ways-prevent-fractures-adults-fragility-fracture,The University of Alabama at Birmingham,Alabama,,,,17
Building Capacity To Engage in Patient-Centered CER on TANGO2 Deficiency Disorder,https://www.pcori.org/research-results/2023/building-capacity-engage-patient-centered-cer-tango2-deficiency-disorder,TANGO2 Research Foundation (T2RF),Connecticut,,,,17
"Developing a Sustainable, Patient-Centered SLC13A5 Research Agenda",https://www.pcori.org/research-results/2023/developing-sustainable-patient-centered-slc13a5-research-agenda,TESS Research Foundation,California,,,,17
Building Capacity To Engage in Patient-Centered CER on Dry Eye and Meibomian Gland Dysfunction,https://www.pcori.org/research-results/2023/building-capacity-engage-patient-centered-cer-dry-eye-and-meibomian-gland-dysfunction,Not A Dry Eye Foundation,Florida,,,,17
Building Capacity for Patient-Centered CER Among Resettled Communities in Connecticut,https://www.pcori.org/research-results/2023/building-capacity-patient-centered-cer-among-resettled-communities-connecticut,Elena's Light,Connecticut,,,,18
Building Capacity for Patient-Centered CER Focused on Progressive Familial Intrahepatic Cholestasis,https://www.pcori.org/research-results/2023/building-capacity-patient-centered-cer-focused-progressive-familial-intrahepatic-cholestasis,"PFIC Network, Inc.",Kentucky,,,,18
Building Capacity To Engage in Patient-Centered CER on Taste and Smell Disorders,https://www.pcori.org/research-results/2023/building-capacity-engage-patient-centered-cer-taste-and-smell-disorders,Smell and Taste Association of North America,Pennsylvania,,,,18
Building Capacity for Patient-Centered CER Focused on Oral Health Across Communities Nationwide,https://www.pcori.org/research-results/2023/building-capacity-patient-centered-cer-focused-oral-health-across-communities-nationwide,The American Institute of Dental Public Health,Texas,,,,18
Comparing the Effectiveness of Oral Metformin Versus Injectable Insulin for the Treatment of Gestational Diabetes,https://www.pcori.org/research-results/2023/comparing-effectiveness-oral-metformin-versus-injectable-insulin-treatment-gestational-diabetes,The Ohio State University,Ohio,,,,18
Comparing the Effectiveness of Two Programs To Address Chronic Pain and Cognitive Decline Among Older Adults,https://www.pcori.org/research-results/2023/comparing-effectiveness-two-programs-address-chronic-pain-and-cognitive-decline-among-older-adults,Massachusetts General Hospital,Massachusetts,,,,18
Comparing the Clinical Effectiveness of Two Injurious Fall Prevention Approaches in Older Adults With a Recent Fracture (Broken Bone),https://www.pcori.org/research-results/2023/comparing-clinical-effectiveness-two-injurious-fall-prevention-approaches-older-adults-recent-fracture-broken-bone,Duke University School of Medicine,North Carolina,,,,18
Comparing the Effectiveness of Telehealth Versus In-Person Delivery of Healthy Weight Clinic and Asthma Control Program in Children,https://www.pcori.org/research-results/2023/comparing-effectiveness-telehealth-versus-person-delivery-healthy-weight-clinic-and-asthma-control-program-children,Massachusetts General Hospital,Massachusetts,,,,18
Comparing a Telehealth Model of Primary Care Versus Usual Primary Care for Children With Complex Medical Conditions,https://www.pcori.org/research-results/2023/comparing-telehealth-model-primary-care-versus-usual-primary-care-children-complex-medical-conditions,Wake Forest University Health Sciences,North Carolina,,,,18
Pragmatic Trial Comparing the Effectiveness of Ketamine Versus Etomidate for Intubation,https://www.pcori.org/research-results/2023/pragmatic-trial-comparing-effectiveness-ketamine-versus-etomidate-intubation,Vanderbilt University Medical Center,Tennessee,,,,18
Comparing the Effectiveness of Two Outreach Approaches to Promote Use of Insurance-Covered Exercise Benefits Among Older Adults With Osteoarthritis,https://www.pcori.org/research-results/2023/comparing-effectiveness-two-outreach-approaches-promote-use-insurance-covered-exercise-benefits-among-older-adults-osteoarthritis,Pennsylvania State University Hershey Medical Center,Pennsylvania,,,,18
Comparing Two Treatment Approaches for Adults With High-Risk Coronary Artery Disease,https://www.pcori.org/research-results/2023/comparing-two-treatment-approaches-adults-high-risk-coronary-artery-disease,Joan & Sanford I. Weill Medical College of Cornell University,New York,,,,18
Comparing the Effectiveness of Two Healthcare Delivery Approaches in Primary Care To Improve Patient-Centered Outcomes for Older Adults With Complex Healthcare Needs,https://www.pcori.org/research-results/2023/comparing-effectiveness-two-healthcare-delivery-approaches-primary-care-improve-patient-centered-outcomes-older-adults-complex-healthcare-needs,Massachusetts General Hospital,Massachusetts,,,,18
Comparing Palliative Care Delivered by Generalist Clinicians Versus Palliative Care Specialists To Patients Hospitalized With Advanced Illnesses,https://www.pcori.org/research-results/2023/comparing-palliative-care-delivered-generalist-clinicians-versus-palliative-care-specialists-patients-hospitalized-advanced-illnesses,University of Pennsylvania,Pennsylvania,,,,18
Comparison of Two Lifestyle Interventions To Improve Cognitive and Physical Function Among Older Cancer Survivors and Their Caregivers,https://www.pcori.org/research-results/2023/comparison-two-lifestyle-interventions-improve-cognitive-and-physical-function-among-older-cancer-survivors-and-their-caregivers,Dana-Farber Cancer Institute,Massachusetts,,,,18
Comparing the Effectiveness of Biologic Therapies Used To Treat Children With Refractory Polyarticular Course Juvenile Idiopathic Arthritis -- The SMART-JIA Trial,https://www.pcori.org/research-results/2023/comparing-effectiveness-biologic-therapies-used-treat-children-refractory-polyarticular-course-juvenile-idiopathic-arthritis-smart-jia-trial,Duke University,North Carolina,,,,18
Comparing the Effectiveness of Two Interventions for Functional Improvement Among Adults With Obstructive Sleep Apnea and Chronic Obstructive Pulmonary Disease,https://www.pcori.org/research-results/2023/comparing-effectiveness-two-interventions-functional-improvement-among-adults-obstructive-sleep-apnea-and-chronic-obstructive-pulmonary-disease,Seattle Institute for Biomedical and Clinical Research,Washington,,,,18
Putting a Depression Screening and Treatment Program in Place for Patients on Dialysis,https://www.pcori.org/research-results/2023/putting-depression-screening-and-treatment-program-place-patients-dialysis,University of Washington,Washington,,,,18
Does Starting at Lower Doses of Targeted Therapy and Increasing as Tolerated Help People With Metastatic Breast Cancer Stay on Treatment Longer?,https://www.pcori.org/research-results/2023/does-starting-lower-doses-targeted-therapy-and-increasing-tolerated-help-people-metastatic-breast-cancer-stay-treatment-longer,American Society of Clinical Oncology,Virginia,,,,18
"Comparing the Effectiveness of Oral Contraceptive Pills, Metformin and Combination Therapy Among Women Living With Polycystic Ovary Syndrome",https://www.pcori.org/research-results/2023/comparing-effectiveness-oral-contraceptive-pills-metformin-and-combination-therapy-among-women-living-polycystic-ovary-syndrome,University of Pennsylvania Perelman School of Medicine,Pennsylvania,,,,18
Developing and Validating a Measure of Co-Creation During the Engagement Process in Research,https://www.pcori.org/research-results/2023/developing-and-validating-measure-co-creation-during-engagement-process-research,University of Colorado Denver,Colorado,,,,18
Roles Of Social Change in Engagement Science,https://www.pcori.org/research-results/2023/roles-social-change-engagement-science,University of Washington,Pennsylvania,,,,18
Testing Two Approaches to Engagement in Research: Design Thinking and Focus Group Discussions,https://www.pcori.org/research-results/2023/testing-two-approaches-engagement-research-design-thinking-and-focus-group-discussions,Thomas Jefferson University,Pennsylvania,,,,18
Adapting and Validating the Patient Engagement in Research Scale,https://www.pcori.org/research-results/2023/adapting-and-validating-patient-engagement-research-scale,Henry Ford Health System,Michigan,,,,18
Developing and Testing an Approach to Engagement in Pediatric Research Using Strategies To Address Health Literacy and Language Barriers,https://www.pcori.org/research-results/2023/developing-and-testing-approach-engagement-pediatric-research-using-strategies-address-health-literacy-and-language-barriers,New York University Grossman School of Medicine,New York,,,,18
Developing and Validating a Measure of Youth Engagement in Research,https://www.pcori.org/research-results/2023/developing-and-validating-measure-youth-engagement-research,Seattle Children's Research Institute,Washington,,,,19
Developing and Validating a Measure of Meaningful Engagement in Patient-Centered Outcomes Research,https://www.pcori.org/research-results/2023/developing-and-validating-measure-meaningful-engagement-patient-centered-outcomes-research,University of Massachusetts Boston,Massachusetts,,,,19
Comparing Virtual Peer Support to Usual Care for Adults Undergoing Vaginoplasty,https://www.pcori.org/research-results/2023/comparing-virtual-peer-support-usual-care-adults-undergoing-vaginoplasty,Oregon Health & Science University,Oregon,,,,19
Comparing Two Types of Cognitive Behavior Therapy To Treat Symptoms of Post-Traumatic Stress Disorder,https://www.pcori.org/research-results/2023/comparing-two-types-cognitive-behavior-therapy-treat-symptoms-post-traumatic-stress-disorder,"The Regents of the University of California, San Francisco",California,,,,19
Rising Up: Engaging Stakeholders in Agenda-Setting for PCOR/CER to Facilitate MST Recovery,https://www.pcori.org/research-results/2023/rising-engaging-stakeholders-agenda-setting-pcorcer-facilitate-mst-recovery,University of Illinois at Urbana-Champaign,Illinois,,,,19
Disseminating PCORI-Funded Study Results on Preparing for Surgery and Recovery to Rural Communities,https://www.pcori.org/research-results/2023/disseminating-pcori-funded-study-results-preparing-surgery-and-recovery-rural-communities,National Grange of the Order of Patrons of Husbandry,District of Columbia,,,,19
Building Capacity for PCOR/CER to Improve Chronic Disease Management among People Experiencing Homelessness,https://www.pcori.org/research-results/2023/building-capacity-pcorcer-improve-chronic-disease-management-among-people-experiencing-homelessness,Boston Health Care for the Homeless Program,Massachusetts,,,,19
Using storytelling to build capacity for PCOR/CER in MAternal MentAl health (MAMA),https://www.pcori.org/research-results/2023/using-storytelling-build-capacity-pcorcer-maternal-mental-health-mama,Henry Ford Health System,Michigan,,,,19
Building Bridges with Mothers with IDD and Behavioral Health Conditions,https://www.pcori.org/research-results/2023/building-bridges-mothers-idd-and-behavioral-health-conditions,Brandeis University,Massachusetts,,,,19
Northwestern Memorial HealthCare HSII Capacity Building Project,https://www.pcori.org/research-results/2023/northwestern-memorial-healthcare-hsii-capacity-building-project,Northwestern Memorial HealthCare,Illinois,,,,19
Northwell Health HSII Capacity Building Project,https://www.pcori.org/research-results/2023/northwell-health-hsii-capacity-building-project,The Feinstein Institutes for Medical Research,New York,,,,19
Montefiore Health System HSII Capacity Building Project,https://www.pcori.org/research-results/2023/montefiore-health-system-hsii-capacity-building-project,Montefiore Health System,New York,,,,19
Mercy Health HSII Capacity Building Project,https://www.pcori.org/research-results/2023/mercy-health-hsii-capacity-building-project,Mercy Health,Missouri,,,,19
MedStar Health HSII Capacity Building Project,https://www.pcori.org/research-results/2023/medstar-health-hsii-capacity-building-project,MedStar Health,District of Columbia,,,,19
Kaiser Permanente Southern California HSII Capacity Building Project,https://www.pcori.org/research-results/2023/kaiser-permanente-southern-california-hsii-capacity-building-project,Kaiser Permanente Southern California,California,,,,19
Jefferson Health HSII Capacity Building Project,https://www.pcori.org/research-results/2023/jefferson-health-hsii-capacity-building-project,Jefferson Health,Pennsylvania,,,,19
Intermountain Health HSII Capacity Building Project,https://www.pcori.org/research-results/2023/intermountain-health-hsii-capacity-building-project,Intermountain Health,Utah,,,,19
Inova Health System HSII Capacity Building Project,https://www.pcori.org/research-results/2023/inova-health-system-hsii-capacity-building-project,Inova Health System,Virginia,,,,19
HonorHealth HSII Capacity Building Project,https://www.pcori.org/research-results/2023/honorhealth-hsii-capacity-building-project,HonorHealth,Arizona,,,,19
Harris Health System HSII Capacity Building Project,https://www.pcori.org/research-results/2023/harris-health-system-hsii-capacity-building-project,Harris Health System,Texas,,,,19
WellSpan Health HSII Capacity Building Project,https://www.pcori.org/research-results/2023/wellspan-health-hsii-capacity-building-project,WellSpan Health,Pennsylvania,,,,19
Geisinger Clinic HSII Capacity Building Project,https://www.pcori.org/research-results/2023/geisinger-clinic-hsii-capacity-building-project,Geisinger Clinic,Pennsylvania,,,,19
Vanderbilt University Medical Center HSII Capacity Building Project,https://www.pcori.org/research-results/2023/vanderbilt-university-medical-center-hsii-capacity-building-project,Vanderbilt University Medical Center,Tennessee,,,,19
Duke University Health System HSII Capacity Building Project,https://www.pcori.org/research-results/2023/duke-university-health-system-hsii-capacity-building-project,Duke University Health System,North Carolina,,,,19
Valleywise Health HSII Capacity Building Project,https://www.pcori.org/research-results/2023/valleywise-health-hsii-capacity-building-project,Valleywise Health,Arizona,,,,19
Corewell Health HSII Capacity Building Project,https://www.pcori.org/research-results/2023/corewell-health-hsii-capacity-building-project,Corewell Health,Michigan,,,,20
University of Wisconsin Health HSII Capacity Building Project,https://www.pcori.org/research-results/2023/university-wisconsin-health-hsii-capacity-building-project,UW Health (University of Wisconsin Medical Foundation),Wisconsin,,,,20
UPMC HSII Capacity Building Project,https://www.pcori.org/research-results/2023/upmc-hsii-capacity-building-project,UPMC (University of Pittsburgh Medical Center),Pennsylvania,,,,20
University of Florida Health System HSII Capacity Building Project,https://www.pcori.org/research-results/2023/university-florida-health-system-hsii-capacity-building-project,University of Florida Health System,Florida,,,,20
CommonSpirit Health HSII Capacity Building Project,https://www.pcori.org/research-results/2023/commonspirit-health-hsii-capacity-building-project,CommonSpirit Health,Colorado,,,,20
UCSF Health HSII Capacity Building Project,https://www.pcori.org/research-results/2023/ucsf-health-hsii-capacity-building-project,University of California San Francisco Health,California,,,,20
University Hospitals Health System HSII Capacity Building Project,https://www.pcori.org/research-results/2023/university-hospitals-health-system-hsii-capacity-building-project,University Hospitals Health System,Ohio,,,,20
The University of Missouri Health Care System HSII Capacity Building Project,https://www.pcori.org/research-results/2023/university-missouri-health-care-system-hsii-capacity-building-project,The University of Missouri Health Care System,Missouri,,,,20
The University of Chicago Medicine HSII Capacity Building Project,https://www.pcori.org/research-results/2023/university-chicago-medicine-hsii-capacity-building-project,The University of Chicago Medicine,Illinois,,,,20
The Queen's Medical Center HSII Capacity Building Project,https://www.pcori.org/research-results/2023/queens-medical-center-hsii-capacity-building-project,The Queen's Medical Center,Hawaii,,,,20
The Nebraska Medical Center HSII Capacity Building Project,https://www.pcori.org/research-results/2023/nebraska-medical-center-hsii-capacity-building-project,The Nebraska Medical Center,Nebraska,,,,20
The Children's Hospital of Philadelphia HSII Capacity Building Project,https://www.pcori.org/research-results/2023/childrens-hospital-philadelphia-hsii-capacity-building-project,The Children's Hospital of Philadelphia,Pennsylvania,,,,20
Temple University Health System HSII Capacity Building Project,https://www.pcori.org/research-results/2023/temple-university-health-system-hsii-capacity-building-project,Temple University Health System,Pennsylvania,,,,20
Stanford Medicine HSII Capacity Building Project,https://www.pcori.org/research-results/2023/stanford-medicine-hsii-capacity-building-project,Stanford Medicine,California,,,,20
Saint Luke's Health System HSII Capacity Building Project,https://www.pcori.org/research-results/2023/saint-lukes-health-system-hsii-capacity-building-project,Saint Luke's Health System,Missouri,,,,20
Phoenix Children's Hospital HSII Capacity Building Project,https://www.pcori.org/research-results/2023/phoenix-childrens-hospital-hsii-capacity-building-project,Phoenix Children's Hospital,Arizona,,,,20
OSF Healthcare System HSII Capacity Building Project,https://www.pcori.org/research-results/2023/osf-healthcare-system-hsii-capacity-building-project,OSF Healthcare System,Illinois,,,,20
Cleveland Clinic HSII Capacity Building Project,https://www.pcori.org/research-results/2023/cleveland-clinic-hsii-capacity-building-project,Cleveland Clinic,Ohio,,,,20
Cincinnati Children's Hospital Medical Center HSII Capacity Building Project,https://www.pcori.org/research-results/2023/cincinnati-childrens-hospital-medical-center-hsii-capacity-building-project,Cincinnati Children's Hospital Medical Center,Ohio,,,,20
Children's Healthcare of Atlanta HSII Capacity Building Project,https://www.pcori.org/research-results/2023/childrens-healthcare-atlanta-hsii-capacity-building-project,Children's Healthcare of Atlanta,Georgia,,,,20
Atrium Health HSII Capacity Building Project,https://www.pcori.org/research-results/2023/atrium-health-hsii-capacity-building-project,Atrium Health,North Carolina,,,,20
Ascension Health HSII Capacity Building Project,https://www.pcori.org/research-results/2023/ascension-health-hsii-capacity-building-project,Ascension Health,Missouri,,,,20
Advocate Aurora Health HSII Capacity Building Project,https://www.pcori.org/research-results/2023/advocate-aurora-health-hsii-capacity-building-project,Advocate Aurora Health,Illinois,,,,20
AdventHealth HSII Capacity Building Project,https://www.pcori.org/research-results/2023/adventhealth-hsii-capacity-building-project,AdventHealth,Florida,,,,20
Confronting the Overdose Epidemic by Engaging Patients to Improve Medical Toxicology Research,https://www.pcori.org/research-results/2023/confronting-overdose-epidemic-engaging-patients-improve-medical-toxicology-research,American College of Medical Toxicology,Arizona,,,,20
Convening a Community Advisory Board to Guide Research Priorities in Urologic Health,https://www.pcori.org/research-results/2023/convening-community-advisory-board-guide-research-priorities-urologic-health,University Hospitals Cleveland Medical Center,Ohio,,,,21
Disseminating Cancer-Specific PCOR/CER-Funded Research Through a Podcast and Interactive Podcast Clubs to Improve Engagement in Research from the Patient and Caregiver Community,https://www.pcori.org/research-results/2023/disseminating-cancer-specific-pcorcer-funded-research-through-podcast-and-interactive-podcast-clubs-improve-engagement-research-patient-and-caregiver-community,D & W Designs L.L.C.,California,,,,21
Building Capacity to Disseminate Evidence for Language Access Services,https://www.pcori.org/research-results/2023/building-capacity-disseminate-evidence-language-access-services,University of California San Francisco,California,,,,21
Building Capacity for Patient-Centered CER Focused on Targeted Medication Therapy Considerations in the Mid-Atlantic South,https://www.pcori.org/research-results/2023/building-capacity-patient-centered-cer-focused-targeted-medication-therapy-considerations-mid-atlantic-south,Duke University,North Carolina,,,,21
Engagement for Research and Evidence sharing to Augment Community Health (E-REACH),https://www.pcori.org/research-results/2023/engagement-research-and-evidence-sharing-augment-community-health-e-reach,AllianceChicago,Illinois,,,,21
Peripheral Nerve Blocks for Postoperative Pain Management in Cardiothoracic Surgery (A Systematic Review),https://www.pcori.org/research-results/2023/peripheral-nerve-blocks-postoperative-pain-management-cardiothoracic-surgery-systematic-review,Agency for Healthcare Research and Quality (AHRQ),Maryland,,,,21
Convening Pediatric MS Stakeholders to Cocreate a Prioritized Research Agenda and Process,https://www.pcori.org/research-results/2023/convening-pediatric-ms-stakeholders-cocreate-prioritized-research-agenda-and-process,Accelerated Cure Project for Multiple Sclerosis,Massachusetts,,,,21
Addressing Health Disparities in Black Youth with Intellectual and Developmental Disabilities,https://www.pcori.org/research-results/2023/addressing-health-disparities-black-youth-intellectual-and-developmental-disabilities,The Children's Mercy Hospital,Missouri,,,,21
Building Capacity to Reach Those Looking for Healthcare Information,https://www.pcori.org/research-results/2023/building-capacity-reach-those-looking-healthcare-information,National Association for Continence,South Carolina,,,,21
Supporting the Use of a Treatment Approach in Health Systems to Improve Outcomes for Adults with Moderate to Severe Asthma,https://www.pcori.org/research-results/2023/supporting-use-treatment-approach-health-systems-improve-outcomes-adults-moderate-severe-asthma,Partners Healthcare Brigham and Women's Hospital,Massachusetts,,,,21
Putting a Decision Aid Into Practice To Support Shared Decision Making for Colorectal Cancer Screening,https://www.pcori.org/research-results/2023/putting-decision-aid-practice-support-shared-decision-making-colorectal-cancer-screening,Trustees of Indiana University,Indiana,,,,21
Comparing the Effectiveness of Doula Care for Reducing Severe Maternal Morbidity,https://www.pcori.org/research-results/2023/comparing-effectiveness-doula-care-reducing-severe-maternal-morbidity,AcademyHealth,District of Columbia,,,,21
Comparing the Effectiveness of a Telehealth Follow-Up Care Approach to Usual Care After Giving Birth,https://www.pcori.org/research-results/2023/comparing-effectiveness-telehealth-follow-care-approach-usual-care-after-giving-birth,University of Arkansas for Medical Sciences,Arkansas,,,,21
Comparing Standard of Care Versus a Technology-Based Approach To Reduce Postpartum Emergency Department Visits,https://www.pcori.org/research-results/2023/comparing-standard-care-versus-technology-based-approach-reduce-postpartum-emergency-department-visits,Medical University of South Carolina,South Carolina,,,,21
Comparing The Effectiveness of Two Care Delivery Models for Improving the Detection and Treatment of Complications After Giving Birth,https://www.pcori.org/research-results/2023/comparing-effectiveness-two-care-delivery-models-improving-detection-and-treatment-complications-after-giving-birth,University of Texas Southwestern Medical Center,Texas,,,,21
Developing Machine Learning Methods To Predict Disease Trajectories,https://www.pcori.org/research-results/2023/developing-machine-learning-methods-predict-disease-trajectories,"Harvard Pilgrim Health Care ,Inc.",Massachusetts,,,,21
Toward Improved Design and Analysis of Stepped Wedge Trials: An Estimand-Aligned and Efficiency-Focused Framework,https://www.pcori.org/research-results/2023/toward-improved-design-and-analysis-stepped-wedge-trials-estimand-aligned-and-efficiency-focused-framework,Yale University,Connecticut,,,,21
Developing New Methods for Predicting Health Outcomes Using Electronic Health Record Data,https://www.pcori.org/research-results/2023/developing-new-methods-predicting-health-outcomes-using-electronic-health-record-data,Partners Healthcare Brigham and Women's Hospital,Massachusetts,,,,21
Developing New Methods To Study Secure Electronic Messages Between Doctors and Patients -- The ECLIPPSE-CER Study,https://www.pcori.org/research-results/2023/developing-new-methods-study-secure-electronic-messages-between-doctors-and-patients-eclippse-cer-study,"The Regents of the University of California, San Francisco",California,,,,21
Comparing Three Ways To Manage High Blood Pressure Among Adults,https://www.pcori.org/research-results/2023/comparing-three-ways-manage-high-blood-pressure-among-adults,Yale University,Connecticut,,,,21
Comparing the Effectiveness of Four Ways To Support Patients With Home Blood Pressure Monitoring -- The CHARMED Study,https://www.pcori.org/research-results/2023/comparing-effectiveness-four-ways-support-patients-home-blood-pressure-monitoring-charmed-study,"The Regents of the University of California, San Francisco",California,,,,21
Comparing the Effectiveness of Two Programs To Help People Living With Kidney Disease Make Treatment Decisions -- The ExPAND Study,https://www.pcori.org/research-results/2023/comparing-effectiveness-two-programs-help-people-living-kidney-disease-make-treatment-decisions-expand-study,The George Washington University,District of Columbia,,,,21
Comparing the Effectiveness of Two Ways To Reduce Overuse of Antibiotics Among Children With Ear Infections -- The DIsAPEAR Study,https://www.pcori.org/research-results/2023/comparing-effectiveness-two-ways-reduce-overuse-antibiotics-among-children-ear-infections-disapear-study,Denver Health and Hospital Authority,Colorado,,,,21
Comparing the Effectiveness of Two Ways To Test for Hearing Loss in Preschool Children,https://www.pcori.org/research-results/2023/comparing-effectiveness-two-ways-test-hearing-loss-preschool-children,"University of California, San Francisco",California,,,,21
Comparing the Effectiveness of Exercise Therapy and Lifestyle Change Interventions Among Patients With Peripheral Artery Disease,https://www.pcori.org/research-results/2023/comparing-effectiveness-exercise-therapy-and-lifestyle-change-interventions-among-patients-peripheral-artery-disease,Palo Alto Veterans Institute for Research,California,,,,21
Comparing Two Ways To Increase Routine Health Screenings in Patients With Neurofibromatosis 1,https://www.pcori.org/research-results/2023/comparing-two-ways-increase-routine-health-screenings-patients-neurofibromatosis-1,Massachusetts General Hospital,Massachusetts,,,,22
Evidence on Mental Health Interventions in Persons with Intellectual Disabilities -- A Scoping Review,https://www.pcori.org/research-results/2023/evidence-mental-health-interventions-persons-intellectual-disabilities-scoping-review,ECRI,Pennsylvania,,,,22
Disseminating New Evidence To Prevent Blood Clots in Patients With Bone Fractures,https://www.pcori.org/research-results/2023/disseminating-new-evidence-prevent-blood-clots-patients-bone-fractures,University of Maryland Baltimore,Maryland,,,,22
Comparing Two Ways To Help Autistic Individuals Manage Emotions,https://www.pcori.org/research-results/2023/comparing-two-ways-help-autistic-individuals-manage-emotions,University of Pittsburgh,Pennsylvania,,,,22
Diagnosis and Management of Obsessive Compulsive Disorders in Children (A Systematic Review),https://www.pcori.org/research-results/2023/diagnosis-and-management-obsessive-compulsive-disorders-children-systematic-review,Agency for Healthcare Research and Quality (AHRQ),Maryland,,,,22
Treatment of Stage I-III Squamous Cell Carcinoma (SCC) of the Anal Canal (A Systematic Review),https://www.pcori.org/research-results/2023/treatment-stage-i-iii-squamous-cell-carcinoma-scc-anal-canal-systematic-review,Agency for Healthcare Research and Quality (AHRQ),Maryland,,,,22
Diagnosis and Treatment of Tethered Spinal Cord (A Systematic Review),https://www.pcori.org/research-results/2023/diagnosis-and-treatment-tethered-spinal-cord-systematic-review,Agency for Healthcare Research and Quality (AHRQ),Maryland,,,,22
Comparing Two Ways to Help Parents after a Child’s Traumatic or Unexpected Death,https://www.pcori.org/research-results/2023/comparing-two-ways-help-parents-after-childs-traumatic-or-unexpected-death,Ann & Robert H. Lurie Children's Hospital of Chicago,Illinois,,,,22
Engaging Inflammatory Bowel Disease Patients of Color in Patient-Centered Outcomes Research,https://www.pcori.org/research-results/2022/engaging-inflammatory-bowel-disease-patients-color-patient-centered-outcomes-research,"Morehouse School of Medicine, Inc.",Georgia,,,,22
Addressing Barriers to Engaging Patient & Caregivers Experiencing Critical Illness to Build Capacity for PCOR,https://www.pcori.org/research-results/2022/addressing-barriers-engaging-patient-caregivers-experiencing-critical-illness-build-capacity-pcor,Vanderbilt University,Tennessee,,,,22
Identifying Patient-Centered Outcomes for Chronic Disease Management Using Digital Healthcare Interventions,https://www.pcori.org/research-results/2022/identifying-patient-centered-outcomes-chronic-disease-management-using-digital-healthcare-interventions,HealthPartners Institute,Minnesota,,,,22
Community-Led Research Development in the Aortic Dissection Collaborative,https://www.pcori.org/research-results/2022/community-led-research-development-aortic-dissection-collaborative,Oregon Health & Science University,Oregon,,,,22
Developing Patient Leadership Capacity in Sleep Apnea PCOR/CER Research,https://www.pcori.org/research-results/2022/developing-patient-leadership-capacity-sleep-apnea-pcorcer-research,American Sleep Apnea Association,District of Columbia,,,,22
Leading Together to Address Inequitable & Affordable Access to Mental Health in the Workplace,https://www.pcori.org/research-results/2022/leading-together-address-inequitable-affordable-access-mental-health-workplace,National Alliance of Healthcare Purchaser Coalitions,District of Columbia,,,,22
Building PCOR/CER Capacity among Labor-Management Purchasers to Improve Mental Health,https://www.pcori.org/research-results/2022/building-pcorcer-capacity-among-labor-management-purchasers-improve-mental-health,California Health Care Coalition,California,,,,22
Building Capacity for Patient-Centered CER Representativeness Through Community-Serving Organizations Across America,https://www.pcori.org/research-results/2022/building-capacity-patient-centered-cer-representativeness-through-community-serving-organizations-across-america,Multicultural AIDS Coalition,Massachusetts,,,,22
The Aging PCOR Learning Collaborative: Advanced Engagement,https://www.pcori.org/research-results/2022/aging-pcor-learning-collaborative-advanced-engagement,Collective Insight,Massachusetts,,,,22
Bridging the Divide: Fostering Partnerships for Urban African-American Aging Research,https://www.pcori.org/research-results/2022/bridging-divide-fostering-partnerships-urban-african-american-aging-research,Wayne State University,Michigan,,,,22
Management and Awareness of PTSD Caused by Racial Trauma,https://www.pcori.org/research-results/2022/management-and-awareness-ptsd-caused-racial-trauma,First Ladies Health Alliance NFP,Illinois,,,,22
Building Integration Pathways for PCORI-funded Findings into Employer Healthcare Planning,https://www.pcori.org/research-results/2022/building-integration-pathways-pcori-funded-findings-employer-healthcare-planning,National Alliance of Healthcare Purchaser Coalitions,District of Columbia,,,,22
Building Capacity for PA Dissemination Initiative,https://www.pcori.org/research-results/2022/building-capacity-pa-dissemination-initiative,American Academy of Physician Associates,Virginia,,,,22
"Treatment Options for People with Posttraumatic Stress Disorder, Evidence Updates - Dissemination",https://www.pcori.org/research-results/2022/treatment-options-people-posttraumatic-stress-disorder-evidence-updates-dissemination,Rochester Regional Health,New York,,,,22
Prioritizing Youth Voices: Engaging Expectant and Parenting Teens in Research,https://www.pcori.org/research-results/2022/prioritizing-youth-voices-engaging-expectant-and-parenting-teens-research,Children's Research Institute,District of Columbia,,,,22
Building Capacity To Engage in Patient-Centered CER on Breastfeeding in South Carolina,https://www.pcori.org/research-results/2022/building-capacity-engage-patient-centered-cer-breastfeeding-south-carolina,University of South Carolina College of Nursing,South Carolina,,,,22
Engaging Black and Native American Women in Research to Prevent Maternal Mortality and Morbidity,https://www.pcori.org/research-results/2022/engaging-black-and-native-american-women-research-prevent-maternal-mortality-and-morbidity,University of North Carolina at Chapel Hill,North Carolina,,,,22
Building Stakeholder Capacity for EMBRACE Community Dissemination Initiative,https://www.pcori.org/research-results/2022/building-stakeholder-capacity-embrace-community-dissemination-initiative,"The Regents of the University of California, San Francisco",California,,,,23
Comparative Autism Research Effectiveness (CARE),https://www.pcori.org/research-results/2022/comparative-autism-research-effectiveness-care,University of South Florida,Florida,,,,23
Engaging Patients with Rare Disease in Identifying Meaningful Approaches to CER and Value Assessment,https://www.pcori.org/research-results/2022/engaging-patients-rare-disease-identifying-meaningful-approaches-cer-and-value-assessment,Innovation and Value Initiative (IVI) Foundation,Virginia,,,,23
Impact of Food Insecurity on Maternal and Child Health,https://www.pcori.org/research-results/2022/impact-food-insecurity-maternal-and-child-health,University of Tennessee Health Sciences Center College of Nursing,Tennessee,,,,23
Dissemination Initiative Targeting School Nurses and the Children they Serve,https://www.pcori.org/research-results/2022/dissemination-initiative-targeting-school-nurses-and-children-they-serve,National Association of School Nurses,Maryland,,,,23
Building Capacity to Prevent Youth Overdose,https://www.pcori.org/research-results/2022/building-capacity-prevent-youth-overdose,Boston Medical Center,Massachusetts,,,,23
Capacity Building from a RARE Perspective,https://www.pcori.org/research-results/2022/capacity-building-rare-perspective,A Twist of Fate - ATS,Oklahoma,,,,23
Building Capacity To Engage in Patient-Centered CER on Prostate Cancer Screening and Treatment in Washington State,https://www.pcori.org/research-results/2022/building-capacity-engage-patient-centered-cer-prostate-cancer-screening-and-treatment-washington-state,University of Washington,Washington,,,,23
Establishing a Research Agenda to Reduce Toxic Stress and Increase Maternal Health Equity,https://www.pcori.org/research-results/2022/establishing-research-agenda-reduce-toxic-stress-and-increase-maternal-health-equity,Alliance of Community Health Plans Foundation,District of Columbia,,,,23
Building Capacity to Disseminate PCOR/CER Evidence to Reduce Rural Health Disparities in Maine,https://www.pcori.org/research-results/2022/building-capacity-disseminate-pcorcer-evidence-reduce-rural-health-disparities-maine,Maine Medical Center,Maine,,,,23
Engaging Autistic Adults and Caregivers To Improve PCOR/CER Research in Autism Intervention Research,https://www.pcori.org/research-results/2022/engaging-autistic-adults-and-caregivers-improve-pcorcer-research-autism-intervention-research,Northwestern University,Illinois,,,,23
Engaging African-American Women in the South in Patient-Centered Maternal Health Research,https://www.pcori.org/research-results/2022/engaging-african-american-women-south-patient-centered-maternal-health-research,Auburn University,Alabama,,,,23
Project ENGAGE: Training TTSs on use of a Patient Decision Aid on Lung Cancer Screening,https://www.pcori.org/research-results/2022/project-engage-training-ttss-use-patient-decision-aid-lung-cancer-screening,North American Quitline Consortium,Arizona,,,,23
Building Capacity to Improve Intensive Care Unit (ICU) Communication Together,https://www.pcori.org/research-results/2022/building-capacity-improve-intensive-care-unit-icu-communication-together,The Lundquist Institute for Biomedical Innovation at Harbor-UCLA Medical Center,California,,,,23
Engaging Black Stakeholders to Reduce Severe Maternal Morbidity and Chronic Hypertension,https://www.pcori.org/research-results/2022/engaging-black-stakeholders-reduce-severe-maternal-morbidity-and-chronic-hypertension,University of Kansas Medical Center Research Institute,Kansas,,,,23
Kansas Health And Research Participation (K-HARP) Network: Building Capacity for Self-Determination,https://www.pcori.org/research-results/2022/kansas-health-and-research-participation-k-harp-network-building-capacity-self-determination,"University of Kansas Center for Research, Inc.",Kansas,,,,23
Thinking Differently about Different Thinkers: Designing PCOR for Girls and Women with ADHD,https://www.pcori.org/research-results/2022/thinking-differently-about-different-thinkers-designing-pcor-girls-and-women-adhd,Duke University,North Carolina,,,,23
Stakeholder Engagement in PCOR/CER Planning in Support of Maternal Alloimmunization/HDFN,https://www.pcori.org/research-results/2022/stakeholder-engagement-pcorcer-planning-support-maternal-alloimmunizationhdfn,Allo Hope Foundation,Alabama,,,,23
Breaking Down Barriers to PCOR/CER Evidence: Building Capacity for AYA Patient-Driven Dissemination,https://www.pcori.org/research-results/2022/breaking-down-barriers-pcorcer-evidence-building-capacity-aya-patient-driven-dissemination,University of Wisconsin - River Falls,Wisconsin,,,,23
Building Capacity to Engage in Patient-Centered CER Among Caregivers of Children with Asthma in Southern California,https://www.pcori.org/research-results/2022/building-capacity-engage-patient-centered-cer-among-caregivers-children-asthma-southern-california,"Regents of the University of California, on behalf of the Riverside Campus",California,,,,23
Arkansas Building Capacity for Women's Justice-Health PCOR/CER,https://www.pcori.org/research-results/2022/arkansas-building-capacity-womens-justice-health-pcor-cer,Board of Trustees of the University of Arkansas acting for and on behalf of the University of Arkansas for Medical Sciences,Arkansas,,,,23
The Campus Mental Health Crisis: Convening Stakeholders to Drive Research and Change,https://www.pcori.org/research-results/2022/campus-mental-health-crisis-convening-stakeholders-drive-research-and-change,Mental Health America,Virginia,,,,23
Building the Capacity of Patient Advocacy Organizations to Disseminate PCOR to Patient Communities,https://www.pcori.org/research-results/2022/building-capacity-patient-advocacy-organizations-disseminate-pcor-patient-communities,Global Healthy Living Foundation,New York,,,,23
Building Community-Perinatal Quality Collaborative Partnerships To Share Knowledge & Reduce Disparities In Mental Health,https://www.pcori.org/research-results/2022/building-community-perinatal-quality-collaborative-partnerships-share-knowledge-reduce-disparities-mental-health,Mary Hitchcock Memorial Hospital for itself and on behalf of Dartmouth-Hitchcock Clinic,New Hampshire,,,,23
Building Capacity to Address Rural Maternal Health Disparities,https://www.pcori.org/research-results/2022/building-capacity-address-rural-maternal-health-disparities,UPMC Center for High-Value Health Care,Pennsylvania,,,,23
"Building Capacity To Engage in Patient-Centered CER Focused on Sexual and Reproductive Health in Washington, D.C.",https://www.pcori.org/research-results/2022/building-capacity-engage-patient-centered-cer-focused-sexual-and-reproductive-health-washington-dc,Whitman-Walker Institute,District of Columbia,,,,24
Building Capacity for Patient Centered Outcomes Research in the Dysgraphia Community,https://www.pcori.org/research-results/2022/building-capacity-patient-centered-outcomes-research-dysgraphia-community,Dysgraphia Life,Virginia,,,,24
Partnering to Advance Psycho-Oncology Services for Underrepresented Adolescents and Young Adults with Cancer,https://www.pcori.org/research-results/2022/partnering-advance-psycho-oncology-services-underrepresented-adolescents-and-young-adults-cancer,University of Michigan at Ann Arbor,Michigan,,,,24
Building Capacity for PCOR/CER for Mental Health Care in the Prison Setting,https://www.pcori.org/research-results/2022/building-capacity-pcorcer-mental-health-care-prison-setting,University of Wisconsin-Madison,Wisconsin,,,,24
LIDERES Institute: Leaders in Designing Equitable Research Engagement through Servingness,https://www.pcori.org/research-results/2022/lideres-institute-leaders-designing-equitable-research-engagement-through-servingness,Arizona Board of Regents on behalf of the University of Arizona,Arizona,,,,24
Building Capacity for Patient-Centered CER Representativeness Among Oncology Communities in Milwaukee,https://www.pcori.org/research-results/2022/building-capacity-patient-centered-cer-representativeness-among-oncology-communities-milwaukee,"The Medical College of Wisconsin, Inc.",Wisconsin,,,,24
Disseminating PCORI-funded Systematic Reviews through Wikipedia,https://www.pcori.org/research-results/2022/disseminating-pcori-funded-systematic-reviews-through-wikipedia,Wiki Education Foundation,California,,,,24
Emerging Technologies and Therapeutics Reports: Interventions for Long COVID -- A Scoping Review,https://www.pcori.org/research-results/2022/emerging-technologies-and-therapeutics-reports-interventions-long-covid-scoping-review,ECRI,Pennsylvania,,,,24
Convening Stakeholders to Advance Research on Near Miss Severe Maternal Morbidity,https://www.pcori.org/research-results/2022/convening-stakeholders-advance-research-near-miss-severe-maternal-morbidity,University of Kansas Medical Center Research Institute,Kansas,,,,24
Recommendations to Guide Adoption of Patient-Centered Outcomes and Impacts for Decision-Making,https://www.pcori.org/research-results/2022/recommendations-guide-adoption-patient-centered-outcomes-and-impacts-decision-making,Innovation and Value Initiative (IVI) Foundation,Virginia,,,,24
Rural Stakeholders Building Competence and Capacity to Mitigate Pressing Mental Health Issues Through CER,https://www.pcori.org/research-results/2022/rural-stakeholders-building-competence-and-capacity-mitigate-pressing-mental-health-issues-through-cer,Northern Neck Health Inc. (N2 Health),Virginia,,,,24
Expanding Access to Oral Care to Moms and Birthing People Across Georgia,https://www.pcori.org/research-results/2022/expanding-access-oral-care-moms-and-birthing-people-across-georgia,"Healthy Mothers, Healthy Babies Coalition of Georgia",Georgia,,,,24
Black Women Consulting to Advance Addiction Research and Engagement,https://www.pcori.org/research-results/2022/black-women-consulting-advance-addiction-research-and-engagement,Community Catalyst,Massachusetts,,,,24
Project BENEFIT: Building Effective Networks to Engage Families in Improving Transitions,https://www.pcori.org/research-results/2022/project-benefit-building-effective-networks-engage-families-improving-transitions,The University of North Carolina at Chapel Hill,North Carolina,,,,24
Comparing the Effectiveness of Two Mental Health Interventions Among Autistic Adults,https://www.pcori.org/research-results/2022/comparing-cognitive-behavioral-therapy-versus-mindfulness-based-therapy-autistic-adults,The University of North Carolina at Chapel Hill,North Carolina,,,,24
Comparing the Effectiveness of Two School-Based Programs To Manage Anxiety in Autistic Students,https://www.pcori.org/research-results/2022/comparing-effectiveness-two-school-based-programs-manage-anxiety-autistic-students,University of Colorado Denver,Colorado,,,,24
Comparing Two Programs To Prevent Delirium in Hospitalized Older Adults,https://www.pcori.org/research-results/2022/comparing-two-programs-prevent-delirium-hospitalized-older-adults,Hebrew Rehabilitation Center,Massachusetts,,,,24
Comparing Four Ways of Delivering School-Based Brief Interventions To Motivate Reduction in Alcohol Use,https://www.pcori.org/research-results/2022/comparing-four-ways-delivering-school-based-brief-interventions-motivate-reduction-alcohol-use,Massachusetts General Hospital (The General Hospital Corp.),Massachusetts,,,,24
Comparing Screening and Brief Intervention With and Without Caregiver Involvement To Address Adolescent Alcohol Use,https://www.pcori.org/research-results/2022/comparing-screening-and-brief-intervention-and-without-caregiver-involvement-address-adolescent-alcohol-use,Partnership to End Addiction,New York,,,,24
Comparing Two Ways To Reduce Alcohol Use Among Teens,https://www.pcori.org/research-results/2022/comparing-two-ways-reduce-alcohol-use-among-teens,Regents of the University of Michigan,Michigan,,,,24
Develop Novel Methods To Identify and Characterize Family Relationships From Electronic Health Data,https://www.pcori.org/research-results/2022/develop-novel-methods-identify-and-characterize-family-relationships-electronic-health-data,University of Colorado Denver,Colorado,,,,24
Comparing Two Health System Interventions To Improve Mental Health Among Residential Healthcare Workers in Group Homes,https://www.pcori.org/research-results/2022/comparing-two-health-system-interventions-improve-mental-health-among-residential-healthcare-workers-group-homes,Massachusetts General Hospital,Massachusetts,,,,24
Reduce Caregiver Burden and Improve Outcomes for Children With Tracheostomies,https://www.pcori.org/research-results/2022/reduce-caregiver-burden-and-improve-outcomes-children-tracheostomies,Massachusetts General Hospital,Massachusetts,,,,24
Can A/B Testing Be Adapted Into an Ethical and Useful Approach to Patient-Centered CER,https://www.pcori.org/research-results/2022/can-ab-testing-be-adapted-ethical-and-useful-approach-patient-centered-cer,Memorial Sloan Kettering Cancer Center,New York,,,,24
Developing New Methods for Building More Accurate Risk Prediction Models in Electronic Health Records,https://www.pcori.org/research-results/2022/developing-new-methods-building-more-accurate-risk-prediction-models-electronic-health-records,Regents of the University of Minnesota,Minnesota,,,,24
Diagnostic Tools for Quality Improvement of Machine Learning-Based Clinical Decision Support Systems,https://www.pcori.org/research-results/2022/diagnostic-tools-quality-improvement-machine-learning-based-clinical-decision-support-systems,"University of California, San Francisco",California,,,,25
Making an Intensive Behavioral Treatment for Patients With Obesity Part of Regular Care at Primary Care Clinics,https://www.pcori.org/research-results/2022/making-intensive-behavioral-treatment-patients-obesity-part-regular-care-primary-care-clinics,University of Colorado Anschutz Medical Campus,Colorado,,,,25
Expanding the Use of an Evidence-Based Treatment for PTSD,https://www.pcori.org/research-results/2022/expanding-use-evidence-based-treatment-ptsd,Yale University,Connecticut,,,,25
Fast and Robust Weighting Methods for Targeted Comparative Effectiveness Research,https://www.pcori.org/research-results/2022/fast-and-robust-weighting-methods-targeted-comparative-effectiveness-research,President and Fellows of Harvard College,Massachusetts,,,,25
Comparing Two Approaches To Treat Adults With Gram-Negative Bloodstream Infections,https://www.pcori.org/research-results/2022/comparing-two-approaches-treat-adults-gram-negative-bloodstream-infections,Johns Hopkins University School of Medicine,Maryland,,,,25
Comparing Two Ways To Help Adults Decide on Treatment for Aortic Stenosis,https://www.pcori.org/research-results/2022/comparing-two-ways-help-adults-decide-treatment-aortic-stenosis,Massachusetts General Hospital,Massachusetts,,,,25
Transportability of Machine Learning-Enabled Confounding Control Methods Across EHR Databases,https://www.pcori.org/research-results/2022/transportability-machine-learning-enabled-confounding-control-methods-across-ehr-databases,Partners Healthcare Brigham and Women's Hospital,Massachusetts,,,,25
Comparing the Effectiveness of Two Hemodialysis Interventions in Patients With Kidney Disease -- The TwoPlus Trial,https://www.pcori.org/research-results/2022/comparing-effectiveness-two-hemodialysis-interventions-patients-kidney-disease-twoplus-trial,Wake Forest University Health Sciences,North Carolina,,,,25
Comparing Two Methods for Treating Stroke Among Adults With Preexisting Functional Disability,https://www.pcori.org/research-results/2022/comparing-two-methods-treating-stroke-among-adults-preexisting-functional-disability,University of Cincinnati,Ohio,,,,25
"Embracing Anti-racism in Addiction Treatment, Research and Policy: Engaging Black People with Lived Experience of SUDs",https://www.pcori.org/research-results/2022/embracing-anti-racism-addiction-treatment-research-and-policy-engaging-black-people-lived-experience-suds,Boston Medical Center,Massachusetts,,,,25
Building Latinx Capacity for a PCOR Agenda on Ethnic and Sex-Specific Disparities in CVD in COVID-19,https://www.pcori.org/research-results/2022/building-latinx-capacity-pcor-agenda-ethnic-and-sex-specific-disparities-cvd-covid-19,Temple University - Of The Commonwealth System of Higher Education,Pennsylvania,,,,25
Building Capacity to Include People With IDD in Health-Related Research,https://www.pcori.org/research-results/2022/building-capacity-include-people-idd-health-related-research,Arizona Board of Regents on behalf of the University of Arizona,Arizona,,,,25
Building capacity for PCOR through harm reduction organizations,https://www.pcori.org/research-results/2022/building-capacity-pcor-through-harm-reduction-organizations,Prevention Point Philadelphia,Pennsylvania,,,,25
"Inclusion and equity in engaged research, partnering with Latinos who have lived experience of homelessness",https://www.pcori.org/research-results/2022/inclusion-and-equity-engaged-research-partnering-latinos-who-have-lived-experience-homelessness,"AltaMed Health Services, Corp.",California,,,,25
Building Capacity To Engage in Patient-Centered CER in St. Louis,https://www.pcori.org/research-results/2022/building-capacity-engage-patient-centered-cer-st-louis,The Curators of the University of Missouri on Behalf of the University of Missouri-St. Louis,Missouri,,,,25
Psychosocial and Pharmacologic Interventions for Disruptive Behavior in Children and Adolescents (A Systematic Review),https://www.pcori.org/research-results/2022/psychosocial-and-pharmacologic-interventions-disruptive-behavior-children-and-adolescents-systematic-review,Agency for Healthcare Research and Quality (AHRQ),Maryland,,,,25
Perspective of local autism stakeholders on the healthcare transition to adult services in Vermont,https://www.pcori.org/research-results/2022/perspective-local-autism-stakeholders-healthcare-transition-adult-services-vermont,University of Vermont,Vermont,,,,25
Genitourinary Syndrome of Menopause (A Systematic Review),https://www.pcori.org/research-results/2022/genitourinary-syndrome-menopause-systematic-review,Agency for Healthcare Research and Quality (AHRQ),Maryland,,,,25
Building Capacity for Patient-Centered Outcomes Research in Rural Washington,https://www.pcori.org/research-results/2022/building-capacity-patient-centered-outcomes-research-rural-washington,Washington State University,Washington,,,,25
Partnering to Build Capacity for PCOR/CER in Youth with Sports Related Concussion,https://www.pcori.org/research-results/2022/partnering-build-capacity-pcorcer-youth-sports-related-concussion,Baylor Research Institute dba Baylor Scott and White Research Institute,Texas,,,,25
Youth as Primary Stakeholders in a Virtual Conference: Enhancing Youth/Adult Collaborative Learning,https://www.pcori.org/research-results/2022/youth-primary-stakeholders-virtual-conference-enhancing-youthadult-collaborative-learning,Regents of the University of Michigan,Michigan,,,,25
Establishing a People-Powered Capacity for Disseminating Results from Multiple Sclerosis Research,https://www.pcori.org/research-results/2022/establishing-people-powered-capacity-disseminating-results-multiple-sclerosis-research,Accelerated Cure Project for Multiple Sclerosis,Massachusetts,,,,25
Engaging and Training Stakeholders to Participate in Patient-Centered Research to Reduce Obesity in Hispanic Women,https://www.pcori.org/research-results/2022/engaging-and-training-stakeholders-participate-patient-centered-research-reduce-obesity-hispanic-women,Auburn University,Alabama,,,,25
Increasing Capacity for Autism Research in a Rural State: Co-Creation of Engagement Tools,https://www.pcori.org/research-results/2022/increasing-capacity-autism-research-rural-state-co-creation-engagement-tools,University of Vermont,Vermont,,,,25
"Youth, Caregivers, and Healthcare Professionals: Integrating stakeholder driven research for transgender youth",https://www.pcori.org/research-results/2022/youth-caregivers-and-healthcare-professionals-integrating-stakeholder-driven-research-transgender-youth,MultiCare Health System,Washington,,,,25
Facilitating Rehabilitation Clinician Uptake of PCOR/CER Results via Improved Research Reporting,https://www.pcori.org/research-results/2022/facilitating-rehabilitation-clinician-uptake-pcorcer-results-improved-research-reporting,"Kessler Foundation, Inc.",New Jersey,,,,26
Convening RUNX1-FPD Stakeholders to Advance PCOR,https://www.pcori.org/research-results/2022/convening-runx1-fpd-stakeholders-advance-pcor,RUNX1 Foundation d.b.a. RUNX1 Research Program,California,,,,26
"Disseminating PCORI-funded, Evidenced-Based PREPARE for Your Care with WA State Stakeholder Partners",https://www.pcori.org/research-results/2022/disseminating-pcori-funded-evidenced-based-prepare-your-care-wa-state-stakeholder-partners,Washington State Medical Association Foundation for Healthcare Improvement,Washington,,,,26
Providing Evidence for Health System Equity Efforts,https://www.pcori.org/research-results/2022/providing-evidence-health-system-equity-efforts,National Committee for Quality Assurance (NCQA),District of Columbia,,,,26
Building Capacity for Patient Centered Outcomes Research through a City-Wide Cancer Coalition,https://www.pcori.org/research-results/2022/building-capacity-patient-centered-outcomes-research-through-city-wide-cancer-coalition,Sidney Kimmel Medical College at Thomas Jefferson University,Pennsylvania,,,,26
Building a Roadmap for PCOR/CER Priorities for Communities of Color Living with PTSD,https://www.pcori.org/research-results/2022/building-roadmap-pcorcer-priorities-communities-color-living-ptsd,Total Resource Community Development Organization (TRCDO),Illinois,,,,26
Building Capacity for Engaging Families in Early Hearing Detection and Intervention Research,https://www.pcori.org/research-results/2022/building-capacity-engaging-families-early-hearing-detection-and-intervention-research,The Ohio State University College of Medicine,Ohio,,,,26
Project CONNECT,https://www.pcori.org/research-results/2022/project-connect,Maine Developmental Disabilities Council,Maine,,,,26
Capacity Building for a PCOR Agenda on Behavioral Health in Underserved Populations,https://www.pcori.org/research-results/2022/capacity-building-pcor-agenda-behavioral-health-underserved-populations,University of Washington Bothell,Washington,,,,26
Engaging the Academy to Address Underrepresented Graduate Students’ Mental Health Needs,https://www.pcori.org/research-results/2022/engaging-academy-address-underrepresented-graduate-students-mental-health-needs,"Regents of the University of California, on behalf of the Riverside campus",California,,,,26
Comparing Antibiotics and Over-the-Counter Treatments for Acute Sinus Infections,https://www.pcori.org/research-results/2022/comparing-antibiotics-and-over-counter-treatments-acute-sinus-infections,Georgetown University Medical Center,District of Columbia,,,,26
Comparing Two Pacing Treatments for Patients With Heart Failure,https://www.pcori.org/research-results/2022/comparing-two-pacing-treatments-patients-heart-failure,Baylor College of Medicine,Texas,,,,26
Comparing Electroconvulsive Therapy and Ketamine for Rapid Treatment of Acute Suicidal Depression,https://www.pcori.org/research-results/2022/comparing-electroconvulsive-therapy-and-ketamine-rapid-treatment-acute-suicidal-depression,Brigham and Women's Hospital,Massachusetts,,,,26
Sequential Multiple Assignment Randomized Trial for the Treatment of Bipolar Depression,https://www.pcori.org/research-results/2022/sequential-multiple-assignment-randomized-trial-treatment-bipolar-depression,Massachusetts General Hospital,Massachusetts,,,,26
Comparing Two Medicines To Treat Coronary Artery Disease in Older Adults -- The LIVE BETTER Trial,https://www.pcori.org/research-results/2022/comparing-two-medicines-treat-coronary-artery-disease-older-adults-live-better-trial,Yale University,Connecticut,,,,26
Comparing the Effectiveness of Two Programs To Improve Walking Ability in Older Adults,https://www.pcori.org/research-results/2022/comparing-effectiveness-two-programs-improve-walking-ability-older-adults,Pennsylvania State University Hershey Medical Center,Pennsylvania,,,,26
Comparing Two Ways To Improve Physical Function in Older Adults After Lung Cancer Surgery,https://www.pcori.org/research-results/2022/comparing-two-ways-improve-physical-function-older-adults-after-lung-cancer-surgery,City of Hope Beckman Research Institute,California,,,,26
Does Omitting Stent Placement Improve Pain Among People With Kidney Stones?,https://www.pcori.org/research-results/2022/does-omitting-stent-placement-improve-pain-among-people-kidney-stones,"University of Michigan Medical School, Department",Michigan,,,,26
Comparing the Effectiveness of Four Ways To Engage Adult Patients in Treatment for Opioid Use Disorder,https://www.pcori.org/research-results/2022/comparing-effectiveness-four-ways-engage-adult-patients-treatment-opioid-use-disorder,University of Pennsylvania,Pennsylvania,,,,26
Comparative Effectiveness of In-Person and Telehealth Cardiac Rehabilitation,https://www.pcori.org/research-results/2022/comparative-effectiveness-person-and-telehealth-cardiac-rehabilitation,"Regents of the University of California, San Francisco",California,,,,26
Comparing Two Ways To Help Patients Control High Blood Pressure,https://www.pcori.org/research-results/2022/comparing-two-ways-help-patients-control-high-blood-pressure,Brody School of Medicine at East Carolina University,North Carolina,,,,26
"Comparing Two Ways To Screen for Anxiety, Substance Use Disorders and Intimate Partner Violence in Pregnancy and Postpartum",https://www.pcori.org/research-results/2022/comparing-two-ways-screen-anxiety-substance-use-disorders-and-intimate-partner-violence-pregnancy-and-postpartum,Medical University of South Carolina,South Carolina,,,,26
Comparing the Effectiveness of Two Suicide Prevention Interventions Among Youth,https://www.pcori.org/research-results/2022/comparing-effectiveness-two-suicide-prevention-interventions-among-youth,Johns Hopkins University,Maryland,,,,26
Comparing the Effectiveness of Hypothermia Versus Normothermia For Mild Hypoxic Ischemic Encephalopathy in Infants,https://www.pcori.org/research-results/2022/comparing-effectiveness-hypothermia-versus-normothermia-mild-hypoxic-ischemic-encephalopathy-infants,UT Southwestern Medical Center,Texas,,,,26
Comparing the Effectiveness of Ways To Prevent Falls Among Patients With Cirrhosis of the Liver,https://www.pcori.org/research-results/2022/comparing-effectiveness-ways-prevent-falls-among-patients-cirrhosis-liver,University of Michigan,Michigan,,,,26
Comparing the Effectiveness of A Web-Based Future Planning Tool To An Attention Control Website For Family Caregivers of Individuals With Intellectual Disabilities,https://www.pcori.org/research-results/2022/comparing-effectiveness-web-based-future-planning-tool-attention-control-website-family-caregivers-individuals-intellectual-disabilities,The Feinstein Institute For Medical Research,New York,,,,27
Comparing a Team-Based Approach to Standard Well-Child Visits To Improve Preventive Care Services,https://www.pcori.org/research-results/2022/comparing-team-based-approach-standard-well-child-visits-improve-preventive-care-services,Seattle Children's Research Institute,Washington,,,,27
Comparing Three Ways To Communicate With Children and Families During a Hospital Stay,https://www.pcori.org/research-results/2022/comparing-three-ways-communicate-children-and-families-during-hospital-stay,The Children's Hospital Corporation,Massachusetts,,,,27
Promoting Informed Decision Making When Choosing Between Antibiotics or Surgery for Appendicitis — The TRIAD (Treatment-Individualized Appendicitis Decision Making) Implementation Program,https://www.pcori.org/research-results/2022/promoting-informed-decision-making-when-choosing-between-antibiotics-or-surgery-appendicitis-triad-treatment-individualized-appendicitis-decision-making-implementation-program,University of Washington,Washington,,,,27
Using a Smartphone Program To Help People Manage Symptoms of Serious Mental Illness,https://www.pcori.org/research-results/2022/using-smartphone-program-help-people-manage-symptoms-serious-mental-illness,University of Washington,Washington,,,,27
Comparing the Effectiveness of Four Approaches To Decrease Asthma Attacks Among Patients With Asthma -- The iTREAT-PC Study,https://www.pcori.org/research-results/2022/comparing-effectiveness-four-approaches-decrease-asthma-attacks-among-patients-asthma-itreat-pc-study,DARTNet Institute,Colorado,,,,27
Comparing the Effectiveness of Sharing Audio Recordings of Clinic Visits To Visit Notes Alone on Quality of Life Among Older Adults With Multiple Chronic Conditions in Primary Care,https://www.pcori.org/research-results/2022/comparing-effectiveness-sharing-audio-recordings-clinic-visits-visit-notes-alone-quality-life-among-older-adults-multiple-chronic-conditions-primary-care,Trustees of Dartmouth College,New Hampshire,,,,27
Sensitivity Analysis Methods for Pragmatic Trials With Irregular and Informative Assessment Times,https://www.pcori.org/research-results/2022/sensitivity-analysis-methods-pragmatic-trials-irregular-and-informative-assessment-times,University of Utah,Utah,,,,27
Statistical Methods for Optimizing Dynamic Patient-Level Treatment and Monitoring Strategies,https://www.pcori.org/research-results/2022/statistical-methods-optimizing-dynamic-patient-level-treatment-and-monitoring-strategies,Rutgers University School of Public Health,New Jersey,,,,27
Improving CER Study Methodologies in Studies With Different Respondent Types Using Item Response Theory,https://www.pcori.org/research-results/2022/improving-cer-study-methodologies-studies-different-respondent-types-using-item-response-theory,Brown University,Rhode Island,,,,27
Developing and Testing Methods for Analyzing Data From Sequential Multiple Assignment Randomized Trials,https://www.pcori.org/research-results/2022/developing-and-testing-methods-analyzing-data-sequential-multiple-assignment-randomized-trials,University of Rochester,New York,,,,27
Comparing the Effectiveness of Two Interventions To Prevent Migraine Among Youth,https://www.pcori.org/research-results/2022/comparing-effectiveness-two-interventions-prevent-migraine-among-youth,Cincinnati Children's Hospital,Ohio,,,,27
Comparing Integrated Post-Fracture Care With Enhanced Usual Care To Improve Function and Quality of Life During Skilled Nursing Facility and Community Transitions After Lower Limb Fracture,https://www.pcori.org/research-results/2022/comparing-integrated-post-fracture-care-enhanced-usual-care-improve-function-and-quality-life-during-skilled-nursing-facility-and-community-transitions-after-lower-limb-fracture,Partners Healthcare Brigham and Women's Hospital,Massachusetts,,,,27
Youth and Family Behavioral Health Service Priorities: Identifying Outcomes that “Matter”,https://www.pcori.org/research-results/2022/youth-and-family-behavioral-health-service-priorities-identifying-outcomes-matter,Family-Run Executive Director Leadership Association (FREDLA),Maryland,,,,27
A Multi-Stakeholder Dialogue on Achieving Patient-Centered Core Impact Sets,https://www.pcori.org/research-results/2022/multi-stakeholder-dialogue-achieving-patient-centered-core-impact-sets,National Health Council,District of Columbia,,,,27
"Patient Insight Congress: Galvanizing Partners on Access, Affordability and Equity PCOR Opportunities",https://www.pcori.org/research-results/2022/patient-insight-congress-galvanizing-partners-access-affordability-and-equity-pcor-opportunities,Patient Advocate Foundation,Virginia,,,,27
Building a United IDD Research Agenda Together,https://www.pcori.org/research-results/2022/building-united-idd-research-agenda-together,Virginia Commonwealth University,Virginia,,,,27
Koreans Invested in Making Caregivers Health Important (KIMCHI),https://www.pcori.org/research-results/2022/koreans-invested-making-caregivers-health-important-kimchi,"The Regents of the University of California, San Francisco",California,,,,27
Building Capacity to Engage in Patient-Centered CER in Texas,https://www.pcori.org/research-results/2022/building-capacity-engage-patient-centered-cer-texas,The University of Texas at Austin Dell Medical School,Texas,,,,27
Building Capacity to Advance Indigenous Maternal Health Equity in the Southern Plains,https://www.pcori.org/research-results/2022/building-capacity-advance-indigenous-maternal-health-equity-southern-plains,University of Oklahoma Health Sciences Center,Oklahoma,,,,27
Behavioral Interventions for Migraine Prevention (A Systematic Review),https://www.pcori.org/research-results/2022/behavioral-interventions-migraine-prevention-systematic-review,Agency for Healthcare Research and Quality (AHRQ),Maryland,,,,27
Building PCOR/CER Capacity To Examine Access To Care For Families Affected By Substance Use Disorder,https://www.pcori.org/research-results/2022/building-pcorcer-capacity-examine-access-care-families-affected-substance-use-disorder,University of Iowa,Iowa,,,,27
Topic Brief: Treatment for Insomnia and Other Sleep Disturbances Among Persons with Developmental Disabilities,https://www.pcori.org/research-results/2022/topic-brief-treatment-insomnia-and-other-sleep-disturbances-among-persons-developmental-disabilities,ECRI,Pennsylvania,,,,27
"Audio-Based Care for Managing Mental Health, Diabetes and Other Chronic Conditions (Systematic Reviews)",https://www.pcori.org/research-results/2022/audio-based-care-managing-mental-health-diabetes-and-other-chronic-conditions-systematic-reviews,RTI International,North Carolina,,,,27
Defining Value and Supporting Equity in SCD,https://www.pcori.org/research-results/2022/defining-value-and-supporting-equity-scd,Sick Cells,Illinois,,,,27
SHining the SpOtlight Wide (SHOW): Advancing Dissemination Strategies through Continuous Engagement,https://www.pcori.org/research-results/2022/shining-spotlight-wide-show-advancing-dissemination-strategies-through-continuous-engagement,University of Maryland Baltimore,Maryland,,,,28
Contactless Capacity Building Designed to Improve the Health of African American Males,https://www.pcori.org/research-results/2022/contactless-capacity-building-designed-improve-health-african-american-males,Lynn Institute,Oklahoma,,,,28
Disseminating PCOR Results about Disabilities to Black and Hispanic New and Expectant Parents,https://www.pcori.org/research-results/2022/disseminating-pcor-results-about-disabilities-black-and-hispanic-new-and-expectant-parents,University of Kentucky Research Foundation,Kentucky,,,,28
Centering Patient-Stakeholders: PCOR on Reproductive/Perinatal Health Equity,https://www.pcori.org/research-results/2022/centering-patient-stakeholders-pcor-reproductiveperinatal-health-equity,Urban Institute,District of Columbia,,,,28
Driving Stakeholder Support and Adoption of a Research Agenda to Improve Outcomes for Women with BD,https://www.pcori.org/research-results/2022/driving-stakeholder-support-and-adoption-research-agenda-improve-outcomes-women-bd,Hemophilia Federation of America,District of Columbia,,,,28
Transforming Research as Usual for Equity (TRUE),https://www.pcori.org/research-results/2022/transforming-research-usual-equity-true,"The Regents of the University of California, San Francisco",California,,,,28
Building Capacity for Patient-Centered CER Among Resettled Communities in the United States,https://www.pcori.org/research-results/2022/building-capacity-patient-centered-cer-among-resettled-communities-united-states,University of Colorado Denver,Colorado,,,,28
Creating Authentic Tools for Engagement (CrATE),https://www.pcori.org/research-results/2022/creating-authentic-tools-engagement-crate,Michigan Public Health Institute (MPHI),Michigan,,,,28
Improving Methods for Benchmarking and Joint Analysis for Observational Studies,https://www.pcori.org/research-results/2022/improving-methods-benchmarking-and-joint-analysis-observational-studies,President and Fellows of Harvard College,Massachusetts,,,,28
Developing New Methods for Mediation Analysis Using Machine Learning,https://www.pcori.org/research-results/2022/developing-new-methods-mediation-analysis-using-machine-learning,New York University,New York,,,,28
Improving Methods for Design and Analysis of CER With Complex Observational Healthcare Data,https://www.pcori.org/research-results/2022/improving-methods-design-and-analysis-cer-complex-observational-healthcare-data,The University of Texas Southwestern Medical Center,Texas,,,,28
Robust Longitudinal Causal Inference Methods With Machine Learning,https://www.pcori.org/research-results/2022/robust-longitudinal-causal-inference-methods-machine-learning,"Rutgers, The State University of New Jersey",New Jersey,,,,28
Comparing Two Ways To Help Children With Complex Chronic Diseases Return Home After a Hospital Stay,https://www.pcori.org/research-results/2022/comparing-two-ways-help-children-complex-chronic-diseases-return-home-after-hospital-stay,Cincinnati Children's Hospital Medical Center,Ohio,,,,28
Comparing the Effectiveness of Two Ways To Monitor Symptoms Occurring During Hemodialysis Among People With Kidney Failure -- The SMaRRT-HD Trial,https://www.pcori.org/research-results/2022/comparing-effectiveness-two-ways-monitor-symptoms-occurring-during-hemodialysis-among-people-kidney-failure-smarrt-hd-trial,The University of North Carolina at Chapel Hill,North Carolina,,,,28
Supporting Pain Management for Sickle Cell Disease Crisis at Infusion Centers,https://www.pcori.org/research-results/2022/supporting-pain-management-sickle-cell-disease-crisis-infusion-centers,Johns Hopkins School of Medicine,Maryland,,,,28
Implementing Matching of Patients to Mental Healthcare Therapists’ Strengths,https://www.pcori.org/research-results/2022/implementing-matching-patients-mental-healthcare-therapists-strengths,University of Massachusetts Amherst,Massachusetts,,,,28
Comparing Two Types of ADHD Medicines in Children With Autism Spectrum Disorder,https://www.pcori.org/research-results/2022/comparing-two-types-adhd-medicines-children-autism-spectrum-disorder,The Research Institute at Nationwide Children's Hospital,Ohio,,,,28
Comparison of Pharmacist- Versus Pulmonologist-Support to Improve Treatment Quality for Adults With Chronic Obstructive Pulmonary Disease,https://www.pcori.org/research-results/2022/comparison-pharmacist-versus-pulmonologist-support-improve-treatment-quality-adults-chronic-obstructive-pulmonary-disease,VA Puget Sound Health Care System,Washington,,,,28
Comparing Two Ways To Treat Urgency Urinary Incontinence,https://www.pcori.org/research-results/2022/comparing-two-ways-treat-urgency-urinary-incontinence,Women and Infants Hospital-Rhode Island,Rhode Island,,,,28
Comparing Standard-Dose Versus Lower-Dose OnabotulinumtoxinA Bladder Injections for Treating Urgency Urinary Incontinence,https://www.pcori.org/research-results/2022/comparing-standard-dose-versus-lower-dose-onabotulinumtoxina-bladder-injections-treating-urgency-urinary-incontinence,Dartmouth-Hitchcock Clinic,New Hampshire,,,,28
Comparing the Effectiveness of Two Ways for Doctors To Manage Care for Urinary Incontinence,https://www.pcori.org/research-results/2022/comparing-effectiveness-two-ways-doctors-manage-care-urinary-incontinence,University of California San Diego,California,,,,28
Comparing Two Ways To Manage High Blood Pressure and Treat Depression in Women After Childbirth,https://www.pcori.org/research-results/2022/comparing-two-ways-manage-high-blood-pressure-and-treat-depression-women-after-childbirth,Yale School of Public Health,Connecticut,,,,28
Using a Virtual Screening and Care Program To Increase Access to Treatment for Urinary Incontinence in Women,https://www.pcori.org/research-results/2022/using-virtual-screening-and-care-program-increase-access-treatment-urinary-incontinence-women,"Kaiser Foundation Research Institute, a Division of Kaiser Foundation Hospitals",California,,,,28
Topic Refinement: Evidence on Mental Health Interventions in Persons with Intellectual and/or Developmental Disabilities,https://www.pcori.org/research-results/2022/topic-refinement-evidence-mental-health-interventions-persons-intellectual-andor-developmental-disabilities,ECRI,Pennsylvania,,,,28
PCORnet® Data Convenings: Opportunities to Enhance the PCORnet Infrastructure for PCOR and CER,https://www.pcori.org/research-results/2021/pcornet-data-convenings-opportunities-enhance-pcornet-infrastructure-pcor-and-cer,NORC at the University of Chicago,Illinois,,,,28
Resources to Empower Persons Experiencing homelessness in Comparative Trials (RESPECT),https://www.pcori.org/research-results/2021/resources-empower-persons-experiencing-homelessness-comparative-trials-respect,"The Regents of the University of California, Los Angeles",California,,,,29
Understanding the Impact of COVID-19 and Building Capacity for PCOR/CER/CBPR in Native America,https://www.pcori.org/research-results/2021/understanding-impact-covid-19-and-building-capacity-pcorcercbpr-native-america,Lehigh University College of Health,Pennsylvania,,,,29
Engaging Stakeholders to Develop a Roadmap for Dry Eye and MGD PCORI-Funded Research,https://www.pcori.org/research-results/2021/engaging-stakeholders-develop-roadmap-dry-eye-and-mgd-pcori-funded-research,Not A Dry Eye Foundation,Florida,,,,29
Shared Agenda for Clinical Research on Smell and Taste (SACR-ST),https://www.pcori.org/research-results/2021/shared-agenda-clinical-research-smell-and-taste-sacr-st,Monell Chemical Senses Center,Pennsylvania,,,,29
Project ACCELERATE,https://www.pcori.org/research-results/2021/project-accelerate,AcademyHealth,District of Columbia,,,,29
Developing Home Visitor Research Capacity to Engage in Patient-Centered Outcomes Research,https://www.pcori.org/research-results/2021/developing-home-visitor-research-capacity-engage-patient-centered-outcomes-research,Northwestern University,Illinois,,,,29
Investigating Care Models to Support Older Adults with Depression and Health Comorbidities,https://www.pcori.org/research-results/2021/investigating-care-models-support-older-adults-depression-and-health-comorbidities,Depression and Bipolar Support Alliance,Illinois,,,,29
Setting the Agenda for Patient-Centered Research in Infant and Young-Child Feeding,https://www.pcori.org/research-results/2021/setting-agenda-patient-centered-research-infant-and-young-child-feeding,Academy of Breastfeeding Medicine,Illinois,,,,29
Recognizing Adults with Developmental Disabilities in self-Advocacy Through Engagement (RADIATE),https://www.pcori.org/research-results/2021/recognizing-adults-developmental-disabilities-self-advocacy-through-engagement-radiate,University of Colorado Denver,Colorado,,,,29
IDD-TRANSFORM: Building a Patient-Researcher Collaborative for Health Research About Intellectual and Developmental Disabilities,https://www.pcori.org/research-results/2021/idd-transform-building-patient-researcher-collaborative-health-research-about-intellectual-and-developmental-disabilities,Stanford University,California,,,,29
Developing Capacity to Build PREPARE into the Advance Care Planning (ACP) Eco-System in California,https://www.pcori.org/research-results/2021/developing-capacity-build-prepare-advance-care-planning-acp-eco-system-california,Coalition for Compassionate Care of California,California,,,,29
Building a Diverse Consortium to Reduce Maternal Mortality/Morbidity due to Congenital Heart Disease,https://www.pcori.org/research-results/2021/building-diverse-consortium-reduce-maternal-mortalitymorbidity-due-congenital-heart-disease,Children's Research Institute,District of Columbia,,,,29
Research Engagement and Partnerships in Reproductive and maternal health Outcomes (REPRO),https://www.pcori.org/research-results/2021/research-engagement-and-partnerships-reproductive-and-maternal-health-outcomes-repro,AllianceChicago,Illinois,,,,29
Data Science Capacity for Conducting PCOR in Autism and IDD (Ds-PCOR-Aut/IDD),https://www.pcori.org/research-results/2021/data-science-capacity-conducting-pcor-autism-and-idd-ds-pcor-autidd,American College of Medical Genetics and Genomics,Maryland,,,,29
Building Capacity for PCOR/CER among Long-Term HIV Survivors,https://www.pcori.org/research-results/2021/building-capacity-pcorcer-among-long-term-hiv-survivors,CJE SeniorLife,Illinois,,,,29
National Brain Tumor Society (NBTS) Quality of Life (QoL) Institute,https://www.pcori.org/research-results/2021/national-brain-tumor-society-nbts-quality-life-qol-institute,National Brain Tumor Society,Massachusetts,,,,29
Creating Long-Term Patient and Parent Partners in Nemaline Myopathy Research,https://www.pcori.org/research-results/2021/creating-long-term-patient-and-parent-partners-nemaline-myopathy-research,A Foundation Building Strength for Nemaline Myopathy,California,,,,29
Expanding PCO Utilization through the Healthcare Innovator Incubator Program (HIIP),https://www.pcori.org/research-results/2021/expanding-pco-utilization-through-healthcare-innovator-incubator-program-hiip,National Alliance of Healthcare Purchaser Coalitions,District of Columbia,,,,29
Identifying Precision Medicine PCOR Questions Relevant to Underserved Populations,https://www.pcori.org/research-results/2021/identifying-precision-medicine-pcor-questions-relevant-underserved-populations,Community Health Center Inc.,Connecticut,,,,29
Developing a Research Roadmap for the Pediatric Surgical Oncology Research Collaborative,https://www.pcori.org/research-results/2021/developing-research-roadmap-pediatric-surgical-oncology-research-collaborative,Regents of the University of Michigan,Michigan,,,,29
Early Mortality in People with Serious Mental Illness Virtual Roundtable,https://www.pcori.org/research-results/2021/early-mortality-people-serious-mental-illness-virtual-roundtable,Mary Hitchcock Memorial Hospital for itself and on behalf of Dartmouth-Hitchcock Clinic,New Hampshire,,,,29
Use of a Virtual Education Platform to Disseminate PCORI-Funded Evidence into Dialysis Practice Settings,https://www.pcori.org/research-results/2021/use-virtual-education-platform-disseminate-pcori-funded-evidence-dialysis-practice-settings,Quality Insights,West Virginia,,,,29
Partnering to Advance Health and Well-being of Children with Medical Complexity and their Families,https://www.pcori.org/research-results/2021/partnering-advance-health-and-well-being-children-medical-complexity-and-their-families,University of Colorado Anschutz Medical Campus,Colorado,,,,29
Charting the Course for Patient-Centered Research to Address Inequities in Perinatal Mental Health & Maternal Mortality,https://www.pcori.org/research-results/2021/charting-course-patient-centered-research-address-inequities-perinatal-mental-health-maternal-mortality,The Research Foundation for The State University of New York,New York,,,,29
FAITH Network PCOR Training for Researchers,https://www.pcori.org/research-results/2021/faith-network-pcor-training-researchers,University of Arkansas for Medical Sciences,Arkansas,,,,29
Patient-Prioritized Research Agenda for Children and Adults With Kidney Stones,https://www.pcori.org/research-results/2021/patient-prioritized-research-agenda-children-and-adults-kidney-stones,"The Medical College of Wisconsin, Inc.",Wisconsin,,,,30
Advancing Arab American Health Network Alliance (AAHNA): Developing priorities together,https://www.pcori.org/research-results/2021/advancing-arab-american-health-network-alliance-aahna-developing-priorities-together,Trustees of Boston College,Massachusetts,,,,30
Engaging Older Adults as Advisors to Improve Health Research and Address Disparities,https://www.pcori.org/research-results/2021/engaging-older-adults-advisors-improve-health-research-and-address-disparities,The Board of Regents of the University of Wisconsin System,Wisconsin,,,,30
"Engaging Burn Survivors, their Families, & the Burn Community in Patient-Centered Outcomes Research",https://www.pcori.org/research-results/2021/engaging-burn-survivors-their-families-burn-community-patient-centered-outcomes-research,University of Utah,Utah,,,,30
Creating Partnerships with Diverse and Underrepresented Communities to Build a Research Network,https://www.pcori.org/research-results/2021/creating-partnerships-diverse-and-underrepresented-communities-build-research-network,"University of California, Davis",California,,,,30
Healthcare Communication to Optimize Functional Outcomes for Youth with Intellectual and Developmental Disabilities,https://www.pcori.org/research-results/2021/healthcare-communication-optimize-functional-outcomes-youth-intellectual-and-developmental-disabilities,Hugo W. Moser Research Institute Kennedy Krieger,Maryland,,,,30
"Individuals with IDD Engaged, Aligned, and Leading (IIDDEAL) – Outcomes that Matter",https://www.pcori.org/research-results/2021/individuals-idd-engaged-aligned-and-leading-iiddeal-outcomes-matter,"Augusta University Research Institute, Inc.",Georgia,,,,30
Empowering People with Intellectual and Developmental Disabilities (IDD) to Engage as Partners in Research,https://www.pcori.org/research-results/2021/empowering-people-intellectual-and-developmental-disabilities-idd-engage-partners-research,Morehouse School of Medicine,Georgia,,,,30
Mission Alliance: Engaging veteran communities to capture & prioritize PTSD-related PCOR/CER topics related to COVID-19,https://www.pcori.org/research-results/2021/mission-alliance-engaging-veteran-communities-capture-prioritize-ptsd-related-pcorcer-topics-related-covid-19,Florida Atlantic University,Florida,,,,30
TransFORWARD: Building a Statewide Transgender Collaborative for Long-Term Effects of Post-Acute COVID-19 Research in TX,https://www.pcori.org/research-results/2021/transforward-building-statewide-transgender-collaborative-long-term-effects-post-acute-covid-19-research-tx,Texas Health Institute,Texas,,,,30
Addressing Barriers to Broad Dissemination of EHR-embedded Child Abuse Clinical Decision Support,https://www.pcori.org/research-results/2021/addressing-barriers-broad-dissemination-ehr-embedded-child-abuse-clinical-decision-support,University of Pittsburgh,Pennsylvania,,,,30
Parents Advancing REsearch NeTworkS (PAReNts),https://www.pcori.org/research-results/2021/parents-advancing-research-networks-parents,Association for Creatine Deficiencies,California,,,,30
Building Capacity for Research to Address Climate-Impacted Health Conditions,https://www.pcori.org/research-results/2021/building-capacity-research-address-climate-impacted-health-conditions,"The Regents of the University of California, San Francisco",California,,,,30
Patient AdvisoR Team iN Orthopaedic ReSearch (PARTNORS),https://www.pcori.org/research-results/2021/patient-advisor-team-orthopaedic-research-partnors,The Curators of the University of Missouri,Missouri,,,,30
Thriving in Transition: Building Authentic and Impactful Partnerships with the IDD and Research Communities,https://www.pcori.org/research-results/2021/thriving-transition-building-authentic-and-impactful-partnerships-idd-and-research-communities,Duke University,North Carolina,,,,30
Making it Count: Using Gamification to Enhance Childhood Eczema PCOR and CER,https://www.pcori.org/research-results/2021/making-it-count-using-gamification-enhance-childhood-eczema-pcor-and-cer,Pediatric Dermatology Research Alliance*,Indiana,,,,30
Addressing Determinants of Health Together: Pharmacists and Patients Co-Designing PCOR Priorities,https://www.pcori.org/research-results/2021/addressing-determinants-health-together-pharmacists-and-patients-co-designing-pcor-priorities,Pharmacy Quality Alliance,Virginia,,,,30
Communicating Late-Effects of Cancer: The State of the Science and Establishing Research Priorities,https://www.pcori.org/research-results/2021/communicating-late-effects-cancer-state-science-and-establishing-research-priorities,Hugo W. Moser Research Institute Kennedy Krieger,Maryland,,,,30
Research Ethics for All: Research Ethics Training for Patient Stakeholders with IDD,https://www.pcori.org/research-results/2021/research-ethics-all-research-ethics-training-patient-stakeholders-idd,Syracuse University,New York,,,,30
Co-Learning & Collaboration Around COVID-19: Connecting Researchers and Underserved Patients,https://www.pcori.org/research-results/2021/co-learning-collaboration-around-covid-19-connecting-researchers-and-underserved-patients,Patient Advocate Foundation,Virginia,,,,30
Building Research Capacity: Engaging Underserved and Racial Minorities for Improved Mental Health During and After COVID,https://www.pcori.org/research-results/2021/building-research-capacity-engaging-underserved-and-racial-minorities-improved-mental-health-during-and-after-covid,Research Foundation for SUNY on behalf of the University of Buffalo,New York,,,,30
Stakeholder engagement to support the bridge between Latino communities and patient centered outcomes research,https://www.pcori.org/research-results/2021/stakeholder-engagement-support-bridge-between-latino-communities-and-patient-centered-outcomes-research,University of Texas Health Science Center San Antonio,Texas,,,,30
Increasing Diverse Engagement in Food Allergy PCOR/CER through the Community Access Program,https://www.pcori.org/research-results/2021/increasing-diverse-engagement-food-allergy-pcorcer-through-community-access-program,Food Allergy Research & Education (FARE),Virginia,,,,30
Engaging Stakeholders to Set New Directions for Sickle Cell Disease Pain Self-Management Research,https://www.pcori.org/research-results/2021/engaging-stakeholders-set-new-directions-sickle-cell-disease-pain-self-management-research,Massachusetts Health Quality Partners,Massachusetts,,,,30
Building Capacity for Long-Term Care Stakeholders in COVID-Related PCOR/CER,https://www.pcori.org/research-results/2021/building-capacity-long-term-care-stakeholders-covid-related-pcorcer,Institute for Patient- and Family-Centered Care,Virginia,,,,30
Learning from Experience: Exploring the Impact of Approaches to Family Presence in Hospitals During COVID-19,https://www.pcori.org/research-results/2021/learning-experience-exploring-impact-approaches-family-presence-hospitals-during-covid-19,Institute for Patient- and Family-Centered Care,Virginia,,,,31
"Health, Food, and Family: Rural Systems and COVID-19 Decision Making",https://www.pcori.org/research-results/2021/health-food-and-family-rural-systems-and-covid-19-decision-making,"University of Kansas Center for Research, Inc.",Kansas,,,,31
Convening To Advance Patient-Centered CER in Rural Behavioral Health Services,https://www.pcori.org/research-results/2021/convening-advance-patient-centered-cer-rural-behavioral-health-services,Finger Lakes Area Counseling & Recovery Agency,New York,,,,31
Building Capacity to Reduce COVID-19 Long Term Effects on Survivors,https://www.pcori.org/research-results/2021/building-capacity-reduce-covid-19-long-term-effects-survivors,Johns Hopkins University,Maryland,,,,31
Evidence Use in Medicaid: Understanding the Impact of Long COVID on Vulnerable Populations,https://www.pcori.org/research-results/2021/evidence-use-medicaid-understanding-impact-long-covid-vulnerable-populations,AcademyHealth,District of Columbia,,,,31
Meaningful Inclusion of Intellectual & Developmental Disabilities in PCOR & CER: A Rural Approach to Health Outcomes,https://www.pcori.org/research-results/2021/meaningful-inclusion-intellectual-developmental-disabilities-pcor-cer-rural-approach-health-outcomes,University of Wyoming,Wyoming,,,,31
Peer Support and Research Engagement for Transition Age Youth and Young Adults with IDD,https://www.pcori.org/research-results/2021/peer-support-and-research-engagement-transition-age-youth-and-young-adults-idd,Temple University - Of The Commonwealth System of Higher Education,Pennsylvania,,,,31
Catalyzing Systematic Stakeholder Engagement between Academic and Community Health Centers for COVID-19 PCOR and CER,https://www.pcori.org/research-results/2021/catalyzing-systematic-stakeholder-engagement-between-academic-and-community-health-centers-covid-19-pcor-and-cer,"The Regents of the University of California, San Francisco",California,,,,31
Building Capacity for CER/PCOR Participation among BIPOC Adults on the Autism Spectrum,https://www.pcori.org/research-results/2021/building-capacity-cerpcor-participation-among-bipoc-adults-autism-spectrum,Boston Medical Center Corporation,Massachusetts,,,,31
Topic Brief: Ablation for Atrial Fibrillation,https://www.pcori.org/research-results/2021/topic-brief-ablation-atrial-fibrillation,RTI,Pennsylvania,,,,31
Coordinating Center: Communications,https://www.pcori.org/research-results/2021/coordinating-center-communications,"Duke University, DCRI",North Carolina,,,,31
Coordinating Center: Stakeholder Engagement,https://www.pcori.org/research-results/2021/coordinating-center-stakeholder-engagement,VUMC (Vanderbilt University Medical Center),Tennessee,,,,31
"Coordinating Center: Common Data Model, Data Characterization, and Privacy Preserving Record Linkage",https://www.pcori.org/research-results/2021/coordinating-center-common-data-model-data-characterization-and-privacy-preserving-record-linkage,"Duke University, DCRI",North Carolina,,,,31
Coordinating Center: Participatory Approach to Query Fulfillment and Analytic Tool Development,https://www.pcori.org/research-results/2021/coordinating-center-participatory-approach-query-fulfillment-and-analytic-tool-development,Children's Hospital of Philadelphia,Pennsylvania,,,,31
Coordinating Center: Program Management Office,https://www.pcori.org/research-results/2021/coordinating-center-program-management-office,"Duke University, DCRI",Massachusetts,,,,31
Comparing Behavior Therapy and Yoga for Treating Depression Among Adults,https://www.pcori.org/research-results/2021/comparing-behavior-therapy-and-yoga-treating-depression-among-adults,Massachusetts General Hospital,Massachusetts,,,,31
Comparing the Effectiveness of Mobile Health Smoking Cessation Interventions Among Adult Cigarette Users,https://www.pcori.org/research-results/2021/comparing-effectiveness-mobile-health-smoking-cessation-interventions-among-adult-cigarette-users,University of Florida,Florida,,,,31
Comparing the Effectiveness of Two Online Programs for Treating Chronic Pain,https://www.pcori.org/research-results/2021/comparing-effectiveness-two-online-programs-treating-chronic-pain,Stanford University,California,,,,31
Improved Statistical Methods for Instrumental Variable Designs in Comparative Clinical Effectiveness Research,https://www.pcori.org/research-results/2021/improved-statistical-methods-instrumental-variable-designs-comparative-clinical-effectiveness-research,The Trustees of The University of Pennsylvania,Pennsylvania,,,,31
Comparing the Effectiveness of Two Follow-Up Approaches for Children After a Hospital Stay,https://www.pcori.org/research-results/2021/comparing-effectiveness-two-follow-approaches-children-after-hospital-stay,Seattle Children's Research Institute,Utah,,,,31
Comparing Two Types of Medicine for Pain After Surgery -- The CARES Trial,https://www.pcori.org/research-results/2021/comparing-two-types-medicine-pain-after-surgery-cares-trial,University of Michigan,Michigan,,,,31
Comparing the Effectiveness of Two Small Group Interventions for Parents of Youth With Intellectual and Developmental Disabilities To Build Their Patient Advocacy Skills,https://www.pcori.org/research-results/2021/comparing-effectiveness-two-small-group-interventions-parents-youth-intellectual-and-developmental-disabilities-build-their-patient-advocacy-skills,The University of North Carolina at Chapel Hill,North Carolina,,,,31
Comparing Two Ways To Use School-Based Screening To Improve Access to Mental Health Treatment,https://www.pcori.org/research-results/2021/comparing-two-ways-use-school-based-screening-improve-access-mental-health-treatment,University of Florida,Florida,,,,31
Comparing the Effectiveness of Treatment Timing for Genital Herpes Infection in Pregnancy To Examine Population Differences in Severe Maternal Morbidity Diagnoses,https://www.pcori.org/research-results/2021/comparing-effectiveness-treatment-timing-genital-herpes-infection-pregnancy-examine-population-differences-severe-maternal-morbidity-diagnoses,"Kaiser Foundation Research Institute, a Division of Kaiser Foundation Hospitals",California,,,,31
Integrating PCOR into American Muslim Institutions for Informed COVID-19 Vaccine Decision Making,https://www.pcori.org/research-results/2021/integrating-pcor-american-muslim-institutions-informed-covid-19-vaccine-decision-making,The Ohio State University,Ohio,,,,31
Engaging Stakeholders in PCOR/CER to Improve Outcomes for All Post-Acute COVID-19 Patients,https://www.pcori.org/research-results/2021/engaging-stakeholders-pcorcer-improve-outcomes-all-post-acute-covid-19-patients,National Center for Health Research,District of Columbia,,,,32
Building Capacity for PCOR about COVID-19 Vaccination in the Long-Term Care Workforce,https://www.pcori.org/research-results/2021/building-capacity-pcor-about-covid-19-vaccination-long-term-care-workforce,Bentley University,Massachusetts,,,,32
COVID-19-Focused Virtual Patient Engagement Studio (CoVIP Studio),https://www.pcori.org/research-results/2021/covid-19-focused-virtual-patient-engagement-studio-covip-studio,University of South Carolina,South Carolina,,,,32
Preparing Adults with Osteogenesis Imperfecta to Engage in Research on Access and Quality of Care for Their Rare Disease,https://www.pcori.org/research-results/2021/preparing-adults-osteogenesis-imperfecta-engage-research-access-and-quality-care-their-rare-disease,Osteogenesis Imperfecta Foundation,Maryland,,,,32
Building Primary Care Research Capacity for COVID-19-Related PCOR/CER in Metro Detroit,https://www.pcori.org/research-results/2021/building-primary-care-research-capacity-covid-19-related-pcorcer-metro-detroit,Wayne State University,Michigan,,,,32
Cultivating Community Co-Researchers to Build Capacity for PCOR for COVID-19,https://www.pcori.org/research-results/2021/cultivating-community-co-researchers-build-capacity-pcor-covid-19,"Augusta University Research Institute, Inc.",Georgia,,,,32
Emerging Technologies and Therapeutics Reports: Artificial Intelligence in the COVID-19 Response,https://www.pcori.org/research-results/2021/emerging-technologies-and-therapeutics-reports-artificial-intelligence-covid-19-response,RAND Corporation,California,,,,32
Topic Brief: Nonpharmacologic Interventions for Migraine Prevention,https://www.pcori.org/research-results/2021/topic-brief-nonpharmacologic-interventions-migraine-prevention,ECRI,Pennsylvania,,,,32
Building Capacity in the African American ASD Community for Patient-Centered Outcomes Research,https://www.pcori.org/research-results/2021/building-capacity-african-american-asd-community-patient-centered-outcomes-research,"Family Voices, Inc.",Massachusetts,,,,32
Harnessing the Project ECHO Framework to Build Capacity for Patient-Centered Outcomes Research in IDD,https://www.pcori.org/research-results/2021/harnessing-project-echo-framework-build-capacity-patient-centered-outcomes-research-idd,Vanderbilt University Medical Center,Tennessee,,,,32
Engaging Mothers with IDD and Behavioral Health Conditions in Research,https://www.pcori.org/research-results/2021/engaging-mothers-idd-and-behavioral-health-conditions-research,Brandeis University,Massachusetts,,,,32
Building Capacity to Support the Pandemic’s Unsung Heroes: Frontline Essential Food Service Workers,https://www.pcori.org/research-results/2021/building-capacity-support-pandemics-unsung-heroes-frontline-essential-food-service-workers,Tulane University of Louisiana,Louisiana,,,,32
Building Capacity in Hispanic Serving Institutions for PCOR/CER focused on Mental Health Impacts of COVID-19,https://www.pcori.org/research-results/2021/building-capacity-hispanic-serving-institutions-pcorcer-focused-mental-health-impacts-covid-19,Baylor College of Medicine,Texas,,,,32
Using Body Mapping to Develop a Patient Centered Research Agenda About Long COVID-19,https://www.pcori.org/research-results/2021/using-body-mapping-develop-patient-centered-research-agenda-about-long-covid-19,Henry Ford Health System,Michigan,,,,32
PEDSnet: Advancing Pediatric Patient-Centered Outcomes Research in PCORnet,https://www.pcori.org/research-results/2021/pedsnet-advancing-pediatric-patient-centered-outcomes-research-pcornet,The Children's Hospital of Philadelphia,Pennsylvania,,,,32
INSIGHT Clinical Research Network,https://www.pcori.org/research-results/2021/insight-clinical-research-network,Joan & Sanford I. Weill Medical College of Cornell University,New York,,,,32
OneFlorida+ Partner Engagement Network,https://www.pcori.org/research-results/2021/oneflorida-partner-engagement-network,University of Florida,Florida,,,,32
Accelerating Data Value Across a National Community Health Center Network (ADVANCE) Clinical Research Network (CRN),https://www.pcori.org/research-results/2021/accelerating-data-value-across-national-community-health-center-network-advance-clinical-research-network-crn,"Oregon Community Health Information Network, Inc. (OCHIN)",Oregon,,,,32
"Greater Plains Collaborative Optimizing Infrastructure for Conducting Patient-Centered Outcomes Research: PCORnet, The National Patient-Centered Clinical Research Network: Phase 3",https://www.pcori.org/research-results/2021/greater-plains-collaborative-optimizing-infrastructure-conducting-patient-centered-outcomes-research-pcornet-national-patient-centered-clinical-research-network-phase-3,University of Missouri,Missouri,,,,32
"The Stakeholders, Technology and Researchers (STAR) Clinical Research Network: Phase 3",https://www.pcori.org/research-results/2021/stakeholders-technology-and-researchers-star-clinical-research-network-phase-3,Vanderbilt University Medical Center,Tennessee,,,,32
PaTH to Health: PCORnet Clinical Research Network,https://www.pcori.org/research-results/2021/path-health-pcornet-clinical-research-network,University of Pittsburgh School of Medicine,Pennsylvania,,,,32
REACHnet 3.0: Optimizing Infrastructure for Conducting Patient-Centered Outcomes Research,https://www.pcori.org/research-results/2021/reachnet-30-optimizing-infrastructure-conducting-patient-centered-outcomes-research,Louisiana Public Health Institute,Louisiana,,,,32
Putting an Online Weight Management Program in Place in Clinical and Community Settings,https://www.pcori.org/research-results/2021/putting-online-weight-management-program-place-clinical-and-community-settings,Partners Healthcare Brigham and Women's Hospital,Massachusetts,,,,32
Comparing Two Ways To Monitor for Colon Cancer in Older Adults With a History of Small Colon Polyps -- The COOP Study,https://www.pcori.org/research-results/2021/comparing-two-ways-monitor-colon-cancer-older-adults-history-small-colon-polyps-coop-study,Dartmouth-Hitchcock Clinic,New Hampshire,,,,32
Management of Postpartum Hypertensive Disorders of Pregnancy (A Systematic Review),https://www.pcori.org/research-results/2021/management-postpartum-hypertensive-disorders-pregnancy-systematic-review,Agency for Healthcare Research and Quality (AHRQ),Maryland,,,,32
Postpartum Care for Women up to One Year After Birth (A Systematic Review),https://www.pcori.org/research-results/2021/postpartum-care-women-one-year-after-birth-systematic-review,Agency for Healthcare Research & Quality (AHRQ),Maryland,,,,33
Attention-Deficit/Hyperactivity Disorder (ADHD): Diagnosis and Treatment in Children and Adolescents (A Systematic Review),https://www.pcori.org/research-results/2021/attention-deficit-hyperactivity-disorder-diagnosis-and-treatment-children-and-adolescents-systematic-review,Agency for Healthcare Research and Quality (AHRQ),Maryland,,,,33
The Promise of Patient-Led Research Integration into Clinical Registries and Research,https://www.pcori.org/research-results/2021/promise-patient-led-research-integration-clinical-registries-and-research,Council of Medical Specialty Societies,Illinois,,,,33
A Rapid Review of Racial Health Equity and Social Needs Interventions,https://www.pcori.org/research-results/2021/rapid-review-racial-health-equity-and-social-needs-interventions,RTI International,North Carolina,,,,33
Leveraging Virtual Communication to Advance PCOR Adoption by the Rare Bone Disease Community,https://www.pcori.org/research-results/2021/leveraging-virtual-communication-advance-pcor-adoption-rare-bone-disease-community,Osteogenesis Imperfecta Foundation,Maryland,,,,33
Filipino American Research (FAR) Hub: Nationwide infrastructure to promote PCOR and CER,https://www.pcori.org/research-results/2021/filipino-american-research-far-hub-nationwide-infrastructure-promote-pcor-and-cer,The University of Texas Health Science Center at San Antonio,Texas,,,,33
Talk NERDY to Me,https://www.pcori.org/research-results/2021/talk-nerdy-me,Alliance for Aging Research,District of Columbia,,,,33
Birth-Centered Outcomes Research Engagement (B-CORE) in Medi-Cal,https://www.pcori.org/research-results/2021/birth-centered-outcomes-research-engagement-b-core-medi-cal,RAND Corporation,California,,,,33
Stakeholder Convenings - Empowering Women with Lupus Nephritis to Share In Their Treatment Decisions,https://www.pcori.org/research-results/2021/stakeholder-convenings-empowering-women-lupus-nephritis-share-their-treatment-decisions,"American Autoimmune Related Diseases Association, Inc.",Michigan,,,,33
Stakeholders Working Together for Strategic Planning Retreats in Tumor Screening (SPRINTS),https://www.pcori.org/research-results/2021/stakeholders-working-together-strategic-planning-retreats-tumor-screening-sprints,Geisinger Clinic,Pennsylvania,,,,33
Building Capacity for Care Partner Engagement for PCOR/CER in Multiple Sclerosis,https://www.pcori.org/research-results/2021/building-capacity-care-partner-engagement-pcorcer-multiple-sclerosis,Accelerated Cure Project for Multiple Sclerosis,Massachusetts,,,,33
Engaging Older Adults and Caregivers in Medication Optimization Research,https://www.pcori.org/research-results/2021/engaging-older-adults-and-caregivers-medication-optimization-research,"University of Maryland, Baltimore",Maryland,,,,33
Mind Over Matter: A Veteran-driven Roadmap to Research on Traumatic Brain Injury,https://www.pcori.org/research-results/2021/mind-over-matter-veteran-driven-roadmap-research-traumatic-brain-injury,Florida Atlantic University,Florida,,,,33
Neonatal ICU consistency and collaboration: Using AI to improve care teams,https://www.pcori.org/research-results/2021/neonatal-icu-consistency-and-collaboration-using-ai-improve-care-teams,Mary Hitchcock Memorial Hospital,New Hampshire,,,,33
Developing Methods To Identify and Communicate Benefits and Harms of Digital Health Research Studies,https://www.pcori.org/research-results/2021/developing-methods-identify-and-communicate-benefits-and-harms-digital-health-research-studies,"The Regents of the University of California, San Diego",California,,,,33
New Methods for Integration of Individual Participant and Aggregate Data in CER Meta-Analysis,https://www.pcori.org/research-results/2021/new-methods-integration-individual-participant-and-aggregate-data-cer-meta-analysis,"The Regents of the University of California, San Francisco",California,,,,33
Develop Semantic Data Quality Measures for Multi-Center Clinical Research Studies and Networks,https://www.pcori.org/research-results/2021/develop-semantic-data-quality-measures-multi-center-clinical-research-studies-and-networks,Children's Hospital of Philadelphia,Pennsylvania,,,,33
Advanced Computational Approaches for Integrating Data To Assess Effect Heterogeneity,https://www.pcori.org/research-results/2021/advanced-computational-approaches-integrating-data-assess-effect-heterogeneity,Johns Hopkins Bloomberg School of Public Health,Maryland,,,,33
New Methods for Planning Cluster Randomized Trials to Measure Variations in Treatment Effects,https://www.pcori.org/research-results/2021/new-methods-planning-cluster-randomized-trials-measure-variations-treatment-effects,Yale School of Public Health,Connecticut,,,,33
Developing Methods to Combine and Analyze Data from PRPP-SMART Studies,https://www.pcori.org/research-results/2021/developing-methods-combine-and-analyze-data-prpp-smart-studies,University of Michigan,Michigan,,,,33
Designing Equitable Measures and Methods for Patient Priorities in Healthcare Value Assessment,https://www.pcori.org/research-results/2021/designing-equitable-measures-and-methods-patient-priorities-healthcare-value-assessment,Innovation and Value Initiative (IVI) Foundation,Virginia,,,,33
Vaccine Uptake Research in Autoimmune Disease: Multistakeholder Planning,https://www.pcori.org/research-results/2021/vaccine-uptake-research-autoimmune-disease-multistakeholder-planning,Global Healthy Living Foundation,New York,,,,33
Leveraging Patient and Other Stakeholder Perspectives to Advance Research on Medicaid Access to Tele-Mental Health Care,https://www.pcori.org/research-results/2021/leveraging-patient-and-other-stakeholder-perspectives-advance-research-medicaid-access-tele-mental-health-care,Network for Excellence in Health Innovation (NEHI),Massachusetts,,,,33
Collaborating with Veterans to Optimize Awareness and Use of Evidence Based Therapies for Post-Traumatic Stress Syndromes,https://www.pcori.org/research-results/2021/collaborating-veterans-optimize-awareness-and-use-evidence-based-therapies-post-traumatic-stress-syndromes,Medical College of Wisconsin,Wisconsin,,,,33
Developing a Patient-Centered Research Agenda to Reduce Disparities in Telehealth Uptake,https://www.pcori.org/research-results/2021/developing-patient-centered-research-agenda-reduce-disparities-telehealth-uptake,Thomas Jefferson University,Pennsylvania,,,,33
Expanding the Use of Reports That Capture Age-Related Problems to Improve Care for Patients with Cancer,https://www.pcori.org/research-results/2021/expanding-use-reports-capture-age-related-problems-improve-care-patients-cancer,The University of Texas MD Anderson Cancer Center,Texas,,,,34
Comparing Two Brief Suicide Prevention Interventions for Youth Presenting in the Emergency Room,https://www.pcori.org/research-results/2021/comparing-two-brief-suicide-prevention-interventions-youth-presenting-emergency-room,"University of California, Los Angeles",California,,,,34
Comparing the Effectiveness of Two Ways of Preventing Suicide Among Young Adults With Suicidal Ideation,https://www.pcori.org/research-results/2021/comparing-effectiveness-two-ways-preventing-suicide-among-young-adults-suicidal-ideation,University of Kentucky Research Foundation,Kentucky,,,,34
Comparing Two Ways To Prevent Suicide Among Autistic Youth,https://www.pcori.org/research-results/2021/comparing-two-ways-prevent-suicide-among-autistic-youth,The University of North Carolina at Chapel Hill,North Carolina,,,,34
Comparing Two Brief Prevention Interventions for Young People at Risk for Suicide and Other Self-Harm Behaviors -- The BeWeL Study,https://www.pcori.org/research-results/2021/comparing-two-brief-prevention-interventions-young-people-risk-suicide-and-other-self-harm-behaviors-bewel-study,RAND Corporation,Pennsylvania,,,,34
Comparing Two Ways To Provide Palliative Care for Patients Who Are in the Hospital With Acute Myeloid Leukemia,https://www.pcori.org/research-results/2021/comparing-two-ways-provide-palliative-care-patients-who-are-hospital-acute-myeloid-leukemia,Massachusetts General Hospital,Massachusetts,,,,34
Comparing Two Ways To Provide General Anesthesia for Surgery,https://www.pcori.org/research-results/2021/comparing-two-ways-provide-general-anesthesia-surgery,Regents of the University of Michigan,Michigan,,,,34
Comparing Two Ways to Control Blood Pressure after Stroke,https://www.pcori.org/research-results/2021/comparing-two-ways-control-blood-pressure-after-stroke,Wake Forest University Health Sciences,North Carolina,,,,34
"Comparing the Effectiveness of Two Types of Medications in Preventing Heart, Vascular and Kidney Diseases in High-Risk Patients with Type 2 Diabetes -- The PRECIDENTD Study",https://www.pcori.org/research-results/2021/comparing-effectiveness-two-types-medications-preventing-heart-vascular-and-kidney-diseases-high-risk-patients-type-2-diabetes-precidentd-study,Partners Healthcare Brigham and Women's Hospital,Massachusetts,,,,34
Comparing Two Prevention Programs for Teens at Risk for Suicide,https://www.pcori.org/research-results/2021/comparing-two-prevention-programs-teens-risk-suicide,Kaiser Foundation Research Institute,Oregon,,,,34
Comparing Two Ways To Provide Meals to Older Adults To Help Them Stay Healthy and Remain in Their Homes,https://www.pcori.org/research-results/2021/comparing-two-ways-provide-meals-older-adults-help-them-stay-healthy-and-remain-their-homes,Brown University School of Public Health,Rhode Island,,,,34
Comparing Two Ways to Manage Lymphedema Among Head and Neck Cancer Survivors,https://www.pcori.org/research-results/2021/comparing-two-ways-manage-lymphedema-among-head-and-neck-cancer-survivors,The Trustees of The University of Pennsylvania,Pennsylvania,,,,34
Comparing Health Educator Versus Technology-based Delivery of Supportive Cancer Care For Adults With Cancer,https://www.pcori.org/research-results/2021/comparing-health-educator-versus-technology-based-delivery-supportive-cancer-care-adults-cancer,The Board of Trustees of the Leland Stanford Junior University,California,,,,34
A Rapid Review of Telehealth Strategies for the Delivery of Maternal Health Care,https://www.pcori.org/research-results/2021/rapid-review-telehealth-strategies-delivery-maternal-health-care,Pacific Northwest Evidence-based Practice Center at Oregon Health & Science University,Oregon,,,,34
Music Therapy Versus Cognitive Behavioral Therapy for Anxiety in Cancer Survivors,https://www.pcori.org/research-results/2021/music-therapy-versus-cognitive-behavioral-therapy-anxiety-cancer-survivors,Memorial Sloan Kettering Cancer Center,New York,,,,34
Comparing Two Ways To Reduce Flare-Ups Among People With Inflammatory Bowel Disease,https://www.pcori.org/research-results/2021/comparing-two-ways-reduce-flare-ups-among-people-inflammatory-bowel-disease,University of California San Diego,California,,,,34
Comparing Peer Counseling Versus Standard of Care To Support Breastfeeding Parents,https://www.pcori.org/research-results/2021/comparing-peer-counseling-versus-standard-care-support-breastfeeding-parents,Endeavor Health Clinical Operations,Illinois,,,,34
"Comparing Coordinated, Concordant And Trust-centered Care To Usual Care During Pregnancy",https://www.pcori.org/research-results/2021/comparing-coordinated-concordant-and-trust-centered-care-usual-care-during-pregnancy,The Board of Trustees of the University of Illinois,Illinois,,,,34
Comparing the Effectiveness of Two Interventions To Improve Quality of Life Among Breast Cancer Survivors and Their Partners,https://www.pcori.org/research-results/2021/comparing-effectiveness-two-interventions-improve-quality-life-among-breast-cancer-survivors-and-their-partners,University of South Florida,Florida,,,,34
Comparing Four Ways of Providing Pregnancy Care to Reduce the Risk of Low Birth Weight Delivery,https://www.pcori.org/research-results/2021/comparing-four-ways-providing-pregnancy-care-reduce-risk-low-birth-weight-delivery,University of North Carolina at Chapel Hill School of Medicine,North Carolina,,,,34
Comparing Telehealth to In-Person Mental Health Crisis Prevention for Youth and Young Adults With Intellectual and Developmental Disabilities on Service Experiences and Outcomes,https://www.pcori.org/research-results/2021/comparing-telehealth-person-mental-health-crisis-prevention-youth-and-young-adults-intellectual-and-developmental-disabilities-service-experiences-and-outcomes,University System of New Hampshire,New Hampshire,,,,34
Comparing the Effectiveness of Two Weight Loss Programs Among Women,https://www.pcori.org/research-results/2021/comparing-effectiveness-two-weight-loss-programs-among-women,Board of Trustees of the Leland Stanford Junior University,California,,,,34
Comparing Two Ways To Improve Mental Health Among Youth With Intellectual and Developmental Disabilities -- The BEST Study,https://www.pcori.org/research-results/2021/comparing-two-ways-improve-mental-health-among-youth-intellectual-and-developmental-disabilities-best-study,University of Illinois at Chicago,Illinois,,,,34
Comparing Two Ways of Providing Peripartum Care for Those at High Risk of Heart Disease,https://www.pcori.org/research-results/2021/comparing-two-ways-providing-peripartum-care-those-high-risk-heart-disease,Temple University,Pennsylvania,,,,34
Comparing Programs to Increase COVID-19 Booster Vaccine Rates Among Long-Term Care Center Workers -- The ENSPIRE Study,https://www.pcori.org/research-results/2021/comparing-programs-increase-covid-19-booster-vaccine-rates-among-long-term-care-center-workers-enspire-study,Kaiser Foundation Research Institute,California,,,,34
Comparing Three Ways To Increase Confidence in Coronavirus Disease 2019 Vaccines Among Long-Term Care Workers,https://www.pcori.org/research-results/2021/comparing-three-ways-increase-confidence-coronavirus-disease-2019-vaccines-among-long-term-care-workers,Trustees of Dartmouth College,New Hampshire,,,,35
Engaging and Amplifying Women's Voices in Stress Urinary Incontinence Research Prioritization,https://www.pcori.org/research-results/2021/engaging-and-amplifying-womens-voices-stress-urinary-incontinence-research-prioritization,Benaroya Research Institute at Virginia Mason,Washington,,,,35
Working Group to Enable Chronic Limb-threatening Ischemia (CLTI) Patient Engagement in PCOR/CER,https://www.pcori.org/research-results/2021/working-group-enable-chronic-limb-threatening-ischemia-clti-patient-engagement-pcorcer,Vascular Cures,California,,,,35
Innovations in Care Coordination for Autism Spectrum Disorder and Other Developmental Delays (ICC),https://www.pcori.org/research-results/2021/innovations-care-coordination-autism-spectrum-disorder-and-other-developmental-delays-icc,Wayne State University,Michigan,,,,35
Building Capacity for Research: Engaging Patients with Pulmonary Fibrosis and their Care Partners,https://www.pcori.org/research-results/2021/building-capacity-research-engaging-patients-pulmonary-fibrosis-and-their-care-partners,Temple University College of Public Health,Pennsylvania,,,,35
The Community of Trauma Care - Partnering with Patients and Caregivers to Improve Injury Outcomes,https://www.pcori.org/research-results/2021/community-trauma-care-partnering-patients-and-caregivers-improve-injury-outcomes,Coalition for National Trauma Research,Texas,,,,35
Developing a PCOR-Guided Complex Care Research Agenda,https://www.pcori.org/research-results/2021/developing-pcor-guided-complex-care-research-agenda,Center for Health Care Strategies,New Jersey,,,,35
Engaging Hispanic Asthma Patients in PCOR/CER Nationwide,https://www.pcori.org/research-results/2021/engaging-hispanic-asthma-patients-pcorcer-nationwide,Allergy & Asthma Network,Virginia,,,,35
Bridging the Gap Between Research and Policy by Applying an Equity Lens,https://www.pcori.org/research-results/2021/bridging-gap-between-research-and-policy-applying-equity-lens,Families USA,District of Columbia,,,,35
"Engage for Equity: Advancing Research Support for Institutional, Patient & Stakeholder Partnering",https://www.pcori.org/research-results/2021/engage-equity-advancing-research-support-institutional-patient-stakeholder-partnering,University of New Mexico Health Sciences Center,New Mexico,,,,35
Engaging Stakeholders to Identify Shared Research Priorities for Rare Diseases in Children,https://www.pcori.org/research-results/2021/engaging-stakeholders-identify-shared-research-priorities-rare-diseases-children,Children's Mercy Hospital,Missouri,,,,35
Building a Network of Access Points to Engage Teenagers in Adolescent Health Research,https://www.pcori.org/research-results/2021/building-network-access-points-engage-teenagers-adolescent-health-research,Pennsylvania State University Hershey Medical Center,Pennsylvania,,,,35
Midwest Patient-Centered Autism Research Consortium (MARC),https://www.pcori.org/research-results/2021/midwest-patient-centered-autism-research-consortium-marc,American College of Medical Genetics and Genomics,Maryland,,,,35
Operation Red-White-Blue: Building PCOR Competencies of Veterans and Mental Health Providers,https://www.pcori.org/research-results/2021/operation-red-white-blue-building-pcor-competencies-veterans-and-mental-health-providers,Florida Atlantic University,Florida,,,,35
Prioritization of CER/PCOR on Prostate Cancer Active Surveillance: Community Consensus Initiative,https://www.pcori.org/research-results/2021/prioritization-cerpcor-prostate-cancer-active-surveillance-community-consensus-initiative,University of Maryland Baltimore,Maryland,,,,35
"National Alliance, ACHP & UPMC Partner to Optimize Patient Centered Outcomes Across Employers, Plans",https://www.pcori.org/research-results/2021/national-alliance-achp-upmc-partner-optimize-patient-centered-outcomes-across-employers-plans,National Alliance of Healthcare Purchaser Coalitions,District of Columbia,,,,35
Capacity Building to Create a Patient-Centered Research Dissemination Model,https://www.pcori.org/research-results/2021/capacity-building-create-patient-centered-research-dissemination-model,Vanderbilt University,Tennessee,,,,35
Building Capacity for PCOR through a South Central US ACHD Stakeholder Collaborative,https://www.pcori.org/research-results/2021/building-capacity-pcor-through-south-central-us-achd-stakeholder-collaborative,Houston Methodist Research Institute,Texas,,,,35
Expanding the Use of an Advance Care Planning Program for Patients with Kidney Disease,https://www.pcori.org/research-results/2021/expanding-use-advance-care-planning-program-patients-kidney-disease,The George Washington University School of Nursing,Virginia,,,,35
Expanding the Use of the Health-E You/Salud iTuTM Mobile App To Promote Birth Control Use Among Teens,https://www.pcori.org/research-results/2021/expanding-use-health-e-yousalud-itutm-mobile-app-promote-birth-control-use-among-teens,"The Regents of the University of California, San Francisco",California,,,,35
Supporting the Ongoing Use of Two Conversation Aids for Making Decisions About Early-Stage Breast Cancer Treatment -- The SHAIR Collaborative,https://www.pcori.org/research-results/2021/supporting-ongoing-use-two-conversation-aids-making-decisions-about-early-stage-breast-cancer-treatment-shair-collaborative,Trustees of Dartmouth College,New Hampshire,,,,35
Uptake of a Self-Care Program for Patients With Acute Heart Failure After Discharge From the Emergency Department,https://www.pcori.org/research-results/2021/uptake-self-care-program-patients-acute-heart-failure-after-discharge-emergency-department,Vanderbilt University Medical Center,Tennessee,,,,35
Comparing Ways to Treat High Blood Pressure in Children and Youth with Chronic Kidney Disease -- The PRESERVE Study -- A PCORnet® Study,https://www.pcori.org/research-results/2021/comparing-ways-treat-high-blood-pressure-children-and-youth-chronic-kidney-disease-preserve-study-pcornetr-study,Children's Hospital of Philadelphia,Pennsylvania,,,,35
Comparative Effectiveness of Epilepsy Surgery Versus Additional Anti-Seizure Medications for Lennox-Gastaut Syndrome,https://www.pcori.org/research-results/2021/comparative-effectiveness-epilepsy-surgery-versus-additional-anti-seizure-medications-lennox-gastaut-syndrome,Ann & Robert H. Lurie Children's Hospital of Chicago,Illinois,,,,35
Effects of Gaps in Recommended Care for Adults with Congenital Heart Disease -- The CHI-RON Study -- A PCORnet® Study,https://www.pcori.org/research-results/2021/effects-gaps-recommended-care-adults-congenital-heart-disease-chi-ron-study-pcornetr-study,Louisiana Public Health Institute,Louisiana,,,,35
Comparing the Effectiveness of Different Treatment Approaches for Neuroendocrine Tumors,https://www.pcori.org/research-results/2021/comparing-effectiveness-different-treatment-approaches-neuroendocrine-tumors,University of Iowa,Iowa,,,,36
Comparing How Well Different Diabetes Medicines Reduce the Risk of Heart Disease,https://www.pcori.org/research-results/2021/comparing-how-well-different-diabetes-medicines-reduce-risk-heart-disease,"Kaiser Foundation Research Institute, a Division of Kaiser Foundation Hospitals",California,,,,36
Comparing Second-Line Medicines to Treat Type 2 Diabetes -- The BESTMED Study,https://www.pcori.org/research-results/2021/comparing-second-line-medicines-treat-type-2-diabetes-bestmed-study,Brigham and Women's Faulkner Hospital,Massachusetts,,,,36
Comparing the Effectiveness of Four Classes of Diabetes Medicines Among Patients at Moderate Risk for Heart Disease,https://www.pcori.org/research-results/2021/comparing-effectiveness-four-classes-diabetes-medicines-among-patients-moderate-risk-heart-disease,Mayo Clinic,Minnesota,,,,36
Comparing the Effectiveness of Four Types of Diabetes Medicines in Lowering the Risk of Heart Disease in Patients With Type 2 Diabetes And Low Or Moderate Cardiovascular Risk -- The CER-4-T2D Study,https://www.pcori.org/research-results/2021/comparing-effectiveness-four-types-diabetes-medicines-lowering-risk-heart-disease-patients-type-2-diabetes-and-low-or-moderate-cardiovascular-risk-cer-4-t2d-study,Brigham and Women's Hospital,Massachusetts,,,,36
Development of Methods To Improve Identification of Patients with Rare or Complex Diseases,https://www.pcori.org/research-results/2021/development-methods-improve-identification-patients-rare-or-complex-diseases,University of Pennsylvania Perelman School of Medicine,Pennsylvania,,,,36
Comparing Two Ways To Provide Mental Health Treatment During and After Pregnancy,https://www.pcori.org/research-results/2021/comparing-two-ways-provide-mental-health-treatment-during-and-after-pregnancy,Children's Research Institute,District of Columbia,,,,36
"A Rapid Review of Video-Teleconferencing for Disease Prevention, Diagnosis, and Treatment",https://www.pcori.org/research-results/2021/rapid-review-video-teleconferencing-disease-prevention-diagnosis-and-treatment,RTI International,North Carolina,,,,36
Testing Two Ways To Increase Receipt of Early Kidney Transplants Among Adults With Kidney Failure,https://www.pcori.org/research-results/2021/testing-two-ways-increase-receipt-early-kidney-transplants-among-adults-kidney-failure,Wake Forest University Health Sciences,North Carolina,,,,36
Supporting Families' Treatment Decisions with Evidence on Treatment of Urea Cycle Disorders,https://www.pcori.org/research-results/2021/supporting-families-treatment-decisions-evidence-treatment-urea-cycle-disorders,Children's National Health System,District of Columbia,,,,36
INSIGHT Clinical Research Network (CRN),https://www.pcori.org/research-results/2020/insight-clinical-research-network-crn,Cornell University,New York,,,,36
Pediatric Renovascular Hypertension: A pRVH PCOR Collaborative,https://www.pcori.org/research-results/2020/pediatric-renovascular-hypertension-prvh-pcor-collaborative-0,University of Michigan,Michigan,,,,36
Emerging Technologies and Therapeutics Reports: Genomic Sequencing To Guide Cancer Management,https://www.pcori.org/research-results/2020/emerging-technologies-and-therapeutics-reports-genomic-sequencing-guide-cancer-management,ECRI,Pennsylvania,,,,36
PMDD Community Coalition (PCC) Roundtable,https://www.pcori.org/research-results/2020/pmdd-community-coalition-pcc-roundtable,International Association for Premenstrual Disorders (IAPMD),Massachusetts,,,,36
Learning How to Optimize Preconception Knowledge and Self Efficacy in Women with Chronic Conditions,https://www.pcori.org/research-results/2020/learning-how-optimize-preconception-knowledge-and-self-efficacy-women-chronic-conditions,UNC Center for Maternal and Infant Health,North Carolina,,,,36
Path Forward: Outcomes-based Mental Health Care,https://www.pcori.org/research-results/2020/path-forward-outcomes-based-mental-health-care,Purchaser Business Group on Health,California,,,,36
Developing Principles of Communication between Patient Communities and Payers Re: Novel Therapies,https://www.pcori.org/research-results/2020/developing-principles-communication-between-patient-communities-and-payers-re-novel-therapies,NEHI-The Network for Excellence in Health Innovation,Massachusetts,,,,36
Partnering to Build Capacity for PCOR/CER in the Pediatric MS Community,https://www.pcori.org/research-results/2020/partnering-build-capacity-pcorcer-pediatric-ms-community,Accelerated Cure Project for Multiple Sclerosis,Massachusetts,,,,36
A Multi-Stakeholder Approach to Research Development: Dissemination through eXtension’s Impact Collaborative,https://www.pcori.org/research-results/2020/multi-stakeholder-approach-research-development-dissemination-through-extensions-impact-collaborative,Virginia Commonwealth University,Virginia,,,,36
Enhancing Maternal/Birth-Outcomes Research by Advancing Culturally-informed Engagement (EMBRACE),https://www.pcori.org/research-results/2020/enhancing-maternalbirth-outcomes-research-advancing-culturally-informed-engagement-embrace,University of Colorado Anschutz Medical Campus,Colorado,,,,36
Bridging the Gap in Primary Care Research,https://www.pcori.org/research-results/2020/bridging-gap-primary-care-research,Primary Care Collaborative,District of Columbia,,,,36
Suicide Prevention - Unified Research in Western Colorado (SPUR),https://www.pcori.org/research-results/2020/suicide-prevention-unified-research-western-colorado-spur,University of Colorado Anschutz Medical Campus,Colorado,,,,36
Videoconferences to Share Strategies on Building Adolescent and Young Adult (AYA) Oncology Councils,https://www.pcori.org/research-results/2020/videoconferences-share-strategies-building-adolescent-and-young-adult-aya-oncology-councils,MultiCare Health System,Washington,,,,36
Four Corners Convened: A National Gathering of Experts in TNB Participatory Research,https://www.pcori.org/research-results/2020/four-corners-convened-national-gathering-experts-tnb-participatory-research,Howard Brown Health,Illinois,,,,36
Community Engagement and Collaboration with Seattle Schools,https://www.pcori.org/research-results/2020/community-engagement-and-collaboration-seattle-schools,University of Washington Bothell,Washington,,,,36
Identifying Strategies to Engage Medical Respite Care Programs and People Experiencing Homelessness,https://www.pcori.org/research-results/2020/identifying-strategies-engage-medical-respite-care-programs-and-people-experiencing-homelessness,National Health Care for the Homeless Council,Tennessee,,,,37
Advancing Dissemination Approach to Fully Integrate PCORI Findings into Employer Healthcare Planning,https://www.pcori.org/research-results/2020/advancing-dissemination-approach-fully-integrate-pcori-findings-employer-healthcare-planning,National Alliance of Healthcare Purchaser Coalitions,District of Columbia,,,,37
Establishing the Respectful Maternity Care Collaborative (RMCC),https://www.pcori.org/research-results/2020/establishing-respectful-maternity-care-collaborative-rmcc,National Birth Equity Collaborative (NBEC),Louisiana,,,,37
Building Capacity in Detroit's African American Faith Community to Advance Genomic Research,https://www.pcori.org/research-results/2020/building-capacity-detroits-african-american-faith-community-advance-genomic-research,Wayne State University,Michigan,,,,37
Health Equity Activation and Research Team (HEART): Partnerships for Inclusion Health PCOR/CER,https://www.pcori.org/research-results/2020/health-equity-activation-and-research-team-heart-partnerships-inclusion-health-pcorcer,"Lehigh Valley Hospital, Inc.",Pennsylvania,,,,37
Hearing Youth Consumers of Mental Health through Engaged Research with Stakeholders,https://www.pcori.org/research-results/2020/hearing-youth-consumers-mental-health-through-engaged-research-stakeholders,The Curators of the University of Missouri on Behalf of the University of Missouri-St. Louis,Missouri,,,,37
Reducing Chronic Illness Risk Factors in Rural Communities through Health Plan-Community Partnership,https://www.pcori.org/research-results/2020/reducing-chronic-illness-risk-factors-rural-communities-through-health-plan-community-partnership,Alliance of Community Health Plans Foundation,District of Columbia,,,,37
Building Capacity for Patient Centered Outcomes Research in Juvenile Detention,https://www.pcori.org/research-results/2020/building-capacity-patient-centered-outcomes-research-juvenile-detention,Baylor University,Texas,,,,37
Engaging Virtually in the Age of COVID-19: Sharing Lessons and Creating Pathways for Transdisciplinary Research,https://www.pcori.org/research-results/2020/engaging-virtually-age-covid-19-sharing-lessons-and-creating-pathways-transdisciplinary-research,University of Illinois at Chicago,Illinois,,,,37
Engaging Patients and Families in the Deep South in Patient-Centered Multiple Sclerosis Research,https://www.pcori.org/research-results/2020/engaging-patients-and-families-deep-south-patient-centered-multiple-sclerosis-research,Auburn University School of Pharmacy,Alabama,,,,37
Trauma-Focused Care in LGBTQ+ Communities: Building Capacity for Research,https://www.pcori.org/research-results/2020/trauma-focused-care-lgbtq-communities-building-capacity-research,Palo Alto Veterans Institute for Research,California,,,,37
COmmunity Based Development of CollaboRatIVE and Sustainable PartNerships in PCOR/CER- (CO-DRIVEN),https://www.pcori.org/research-results/2020/community-based-development-collaborative-and-sustainable-partnerships-pcorcer-co-driven,"University of Maryland, Baltimore",Maryland,,,,37
Aging PCOR Learning Collaborative,https://www.pcori.org/research-results/2020/aging-pcor-learning-collaborative,LeadingAge LTSS Center @UMASS Boston,Massachusetts,,,,37
Engaging Underserved Families in the United States with Down Syndrome Clinic to You (DSC2U),https://www.pcori.org/research-results/2020/engaging-underserved-families-united-states-down-syndrome-clinic-you-dsc2u,Massachusetts General Hospital,Massachusetts,,,,37
Empowering a Nationwide Adolescent & Young Adult Leadership Research Council,https://www.pcori.org/research-results/2020/empowering-nationwide-adolescent-young-adult-leadership-research-council,University of Wisconsin - River Falls,Wisconsin,,,,37
Northern Neck (N2) Together: Using PCOR to Improve Health Literacy and Health Outcomes,https://www.pcori.org/research-results/2020/northern-neck-n2-together-using-pcor-improve-health-literacy-and-health-outcomes,"Northern Neck Health, Inc. (N2Health)",Virginia,,,,37
National Community Health Worker Patient Centered Outcomes Collaborative,https://www.pcori.org/research-results/2020/national-community-health-worker-patient-centered-outcomes-collaborative,"Health Resources in Action, Inc",Massachusetts,,,,37
DRIVE - Developing a Roadmap of IDeAs for Veteran Engagement,https://www.pcori.org/research-results/2020/drive-developing-roadmap-ideas-veteran-engagement,University of Delaware,Delaware,,,,37
Stakeholder Convening to Develop a Targeted Theory of Change,https://www.pcori.org/research-results/2020/stakeholder-convening-develop-targeted-theory-change,Massachusetts General Hospital,Massachusetts,,,,37
Establishing a Distribution Approach for the On the Move Group Exercise Program,https://www.pcori.org/research-results/2020/establishing-distribution-approach-move-group-exercise-program,University of Pittsburgh,Pennsylvania,,,,37
Training Advanced Practice Nurses (APRN) to Implement CER in Primary Care Settings,https://www.pcori.org/research-results/2020/training-advanced-practice-nurses-aprn-implement-cer-primary-care-settings,Prairie View A&M University,Texas,,,,37
Advancing Research in Coronary Anomalies through Capacity Building and Community Engagement,https://www.pcori.org/research-results/2020/advancing-research-coronary-anomalies-through-capacity-building-and-community-engagement,"Dell Medical School, The University of Texas at Austin",Texas,,,,37
Paving a Pathway to Engage Underserved Populations in Research,https://www.pcori.org/research-results/2020/paving-pathway-engage-underserved-populations-research,Patient Advocate Foundation,Virginia,,,,37
Pediatric Renovascular Hypertension: A pRVH PCOR Collaborative,https://www.pcori.org/research-results/2020/pediatric-renovascular-hypertension-prvh-pcor-collaborative,University of Michigan,Michigan,,,,37
PARTNER: PAtient-centered Research in pediatric TransplaNt-Engaging families+Recipients,https://www.pcori.org/research-results/2020/partner-patient-centered-research-pediatric-transplant-engaging-familiesrecipients,UPMC Children's Hospital of Pittsburgh,Pennsylvania,,,,37
"Transforming Research: Understanding Sensory Experiences in ASD, Stakeholders Working Together-TRUST",https://www.pcori.org/research-results/2020/transforming-research-understanding-sensory-experiences-asd-stakeholders-working-together-trust,University of Southern California,California,,,,38
PARTNER-Southeast Los Angeles,https://www.pcori.org/research-results/2020/partner-southeast-los-angeles,AltaMed Health Services Corporation,California,,,,38
Emerging Technologies and Therapeutics Reports: Narrative Review and Evidence Mapping of Proteomics for Cancer and Cardiovascular Disease,https://www.pcori.org/research-results/2020/emerging-technologies-and-therapeutics-reports-narrative-review-and-evidence-mapping-proteomics-cancer-and-cardiovascular-disease,RAND Corporation,California,,,,38
Emerging Technologies and Therapeutics Reports: Narrative Review and Evidence Mapping of Artificial Intelligence in Clinical Care,https://www.pcori.org/research-results/2020/emerging-technologies-and-therapeutics-reports-narrative-review-and-evidence-mapping-artificial-intelligence-clinical-care,RAND Corporation,California,,,,38
#IDatHome: A Virtual Conference for Infectious Diseases-Focused Patient-Centered Outcomes Research,https://www.pcori.org/research-results/2020/idathome-virtual-conference-infectious-diseases-focused-patient-centered-outcomes-research,"University of Maryland, Baltimore",Maryland,,,,38
Engaging Medicaid Stakeholders to Implement Evidence-based Clinical Research into Practice,https://www.pcori.org/research-results/2020/engaging-medicaid-stakeholders-implement-evidence-based-clinical-research-practice,AcademyHealth,District of Columbia,,,,38
Empowering Mothers and Providers and Other Stakeholders to Weigh in as Experts in Research (EMPOWER),https://www.pcori.org/research-results/2020/empowering-mothers-and-providers-and-other-stakeholders-weigh-experts-research-empower,Cincinnati Children’s Hospital Medical Center,Ohio,,,,38
Disseminating PCOR on Telehealth to Inform the Sustainability of Emergency Policies and Practices,https://www.pcori.org/research-results/2020/disseminating-pcor-telehealth-inform-sustainability-emergency-policies-and-practices,Center for Health Policy Development,Maine,,,,38
Urban Health Alliance Patient Centered Research Collaborative,https://www.pcori.org/research-results/2020/urban-health-alliance-patient-centered-research-collaborative,University of Florida College of Medicine - Jacksonville,Florida,,,,38
Rising Up: Engaging Women Veterans in Mental Health Research on Military Sexual Trauma,https://www.pcori.org/research-results/2020/rising-engaging-women-veterans-mental-health-research-military-sexual-trauma,University of Illinois at Urbana-Champaign,Illinois,,,,38
Engagement Coordinating Center for PCORnet,https://www.pcori.org/research-results/2020/engagement-coordinating-center-pcornet,AcademyHealth,District of Columbia,,,,38
Comparing Group and Individual-Based Social Support Interventions on Completion of Endometrial Cancer Treatment,https://www.pcori.org/research-results/2020/comparing-group-and-individual-based-social-support-interventions-completion-endometrial-cancer-treatment,University of Washington,Washington,,,,38
Comparing Two Ways To Treat Patients With Rheumatoid Arthritis,https://www.pcori.org/research-results/2020/comparing-two-ways-treat-patients-rheumatoid-arthritis,The University of Alabama at Birmingham,Alabama,,,,38
Comparing Three Ways To Treat Children With Inactive Spondyloarthritis -- The BACK-OFF JSpA Study,https://www.pcori.org/research-results/2020/comparing-three-ways-treat-children-inactive-spondyloarthritis-back-jspa-study,Children's Hospital of Philadelphia,Pennsylvania,,,,38
Developing Methods for Analyzing Data from Cluster Randomized Trials When Data Are Missing Due to Death,https://www.pcori.org/research-results/2020/developing-methods-analyzing-data-cluster-randomized-trials-when-data-are-missing-due-death,University of Pennsylvania,Pennsylvania,,,,38
Comparing the Effectiveness of Telehealth Speech and Language Therapy Among Young Children With Hearing Loss,https://www.pcori.org/research-results/2020/comparing-effectiveness-telehealth-speech-and-language-therapy-among-young-children-hearing-loss,"The Regents of the University of California, San Francisco",California,,,,38
Comparing the Effectiveness of Three Interventions To Treat Posttraumatic Stress Disorder Among Veterans,https://www.pcori.org/research-results/2020/comparing-effectiveness-three-interventions-treat-posttraumatic-stress-disorder-among-veterans,University of Pennsylvania Perelman School of Medicine,Pennsylvania,,,,38
Engaging Underserved Urban Communities in Research: Addressing Challenges in the Context of COVID-19,https://www.pcori.org/research-results/2020/engaging-underserved-urban-communities-research-addressing-challenges-context-covid-19,Institute for Patient and Family Centered Care,Maryland,,,,38
Bridging the Virtual Divide: Engaging Older Adults with Serious Mental Illness,https://www.pcori.org/research-results/2020/bridging-virtual-divide-engaging-older-adults-serious-mental-illness,Massachusetts General Hospital,Massachusetts,,,,38
Race and COVID 19: Outcomes that Matter to the Black Community,https://www.pcori.org/research-results/2020/race-and-covid-19-outcomes-matter-black-community,Duke University,North Carolina,,,,38
University of California San Francisco Black Health Initiative (UCSF BHI) COVID-19 Response,https://www.pcori.org/research-results/2020/university-california-san-francisco-black-health-initiative-ucsf-bhi-covid-19-response,"The Regents of the University of California, San Francisco",California,,,,38
Engaging Stakeholders in Perinatal Depression Research in the Context of COVID-19,https://www.pcori.org/research-results/2020/engaging-stakeholders-perinatal-depression-research-context-covid-19,University of Illinois at Urbana-Champaign,Illinois,,,,38
Partnership for Training Community Health Workers in PCOR in the Context of COVID-19,https://www.pcori.org/research-results/2020/partnership-training-community-health-workers-pcor-context-covid-19,University of Miami,Florida,,,,38
Women In Research Engaged while Distancing (WIRED),https://www.pcori.org/research-results/2020/women-research-engaged-while-distancing-wired,Hemophilia Federation of America,District of Columbia,,,,38
Engaging Community Health Workers in PCOR to Address Health Disparities in the Context of COVID-19,https://www.pcori.org/research-results/2020/engaging-community-health-workers-pcor-address-health-disparities-context-covid-19,Pennsylvania State University Hershey Medical Center,Pennsylvania,,,,38
Community-Based System for Rapid Dissemination of Evidence-Based Information and Research Specific to COVID-19,https://www.pcori.org/research-results/2020/community-based-system-rapid-dissemination-evidence-based-information-and-research-specific-covid-19,Wayne State University,Michigan,,,,39
Culturally and Linguistically Appropriate Virtual Engagement Methods for African Immigrants,https://www.pcori.org/research-results/2020/culturally-and-linguistically-appropriate-virtual-engagement-methods-african-immigrants,Multicultural AIDS Coalition,Massachusetts,,,,39
COVID-19 and Other Infectious Diseases Engagement Initiative (COIDEI),https://www.pcori.org/research-results/2020/covid-19-and-other-infectious-diseases-engagement-initiative-coidei,Association of Asian Pacific Community Health Organizations,California,,,,39
The Impact of COVID-19 on the Mental Health of High-Risk Populations,https://www.pcori.org/research-results/2020/impact-covid-19-mental-health-high-risk-populations,University of Arkansas for Medical Sciences,Arkansas,,,,39
Addressing the Digital Divide to Improve Patient-Centered Outcomes Research (ADD2PCOR),https://www.pcori.org/research-results/2020/addressing-digital-divide-improve-patient-centered-outcomes-research-add2pcor,Johns Hopkins University School of Nursing,Maryland,,,,39
Comparing Two Programs to Help Prevent COVID-19 in People with Intellectual and Developmental Disabilities or Serious Mental Illness Who Live in Group Homes -- The In This Together Study,https://www.pcori.org/research-results/2020/comparing-two-programs-help-prevent-covid-19-people-intellectual-and-developmental-disabilities-or-serious-mental-illness-who-live-group-homes-together-study,Massachusetts General Hospital,Massachusetts,,,,39
2CEERIAS - Phase II of Community Engagement for Early Stroke Recognition and Immediate Action in Stroke (CEERIAS) in the COVID-19 Environment,https://www.pcori.org/research-results/2020/2ceerias-phase-ii-community-engagement-early-stroke-recognition-and-immediate-action-stroke-ceerias-covid-19-environment,ATW Health Solutions,Illinois,,,,39
Building Capacity for a Patient-Centered Outcomes Research Agenda on Racial and Sex-Specific Disparities in Cardiovascular Disease in COVID-19,https://www.pcori.org/research-results/2020/building-capacity-patient-centered-outcomes-research-agenda-racial-and-sex-specific-disparities-cardiovascular-disease-covid-19,Temple University of the Commonwealth System of Higher Education,Pennsylvania,,,,39
Engaging the ASD Community in PCOR/CER,https://www.pcori.org/research-results/2020/engaging-asd-community-pcorcer,Behavior Change Institute,California,,,,39
Engaging Stakeholders and Patients with Complex Health and Social Needs during a Public Health Crisis,https://www.pcori.org/research-results/2020/engaging-stakeholders-and-patients-complex-health-and-social-needs-during-public-health-crisis,The Trustees of The University of Pennsylvania,Pennsylvania,,,,39
Virtual Engagement of Mothers with Mental Illness and Substance Use in the Context of COVID-19,https://www.pcori.org/research-results/2020/virtual-engagement-mothers-mental-illness-and-substance-use-context-covid-19,Brandeis University,Massachusetts,,,,39
Developing Methods of Engagement in Somali immigrant Communities in the Era of COVID-19,https://www.pcori.org/research-results/2020/developing-methods-engagement-somali-immigrant-communities-era-covid-19,Regents of the University of Minnesota,Minnesota,,,,39
Examining the Effect of COVID-19-Related Policy Changes on Treatment for People with Opioid Use Disorder,https://www.pcori.org/research-results/2020/examining-effect-covid-19-related-policy-changes-treatment-people-opioid-use-disorder,Boston VA Research Institute,Massachusetts,,,,39
Expanding Effective Home Oxygen Management Strategies for Premature Infants,https://www.pcori.org/research-results/2020/expanding-effective-home-oxygen-management-strategies-premature-infants,University of Massachusetts Medical School,Massachusetts,,,,39
Evaluating the Effect of Telehealth Use for Patients with Chronic Disease during the COVID-19 Pandemic,https://www.pcori.org/research-results/2020/evaluating-effect-telehealth-use-patients-chronic-disease-during-covid-19-pandemic,Cornell University,New York,,,,39
"Bringing HOPE2 Mental Health Access & Care for Hispanics in Northeast, FL",https://www.pcori.org/research-results/2020/bringing-hope2-mental-health-access-care-hispanics-northeast-fl,Mayo Clinic Jacksonville,Florida,,,,39
Community Engagement and Research in the Setting of the COVID-19 Pandemic in New York City,https://www.pcori.org/research-results/2020/community-engagement-and-research-setting-covid-19-pandemic-new-york-city,Icahn School of Medicine at Mount Sinai,New York,,,,39
Learning While We Build: Identifying the Must-Know Research Questions for Safe and Effective Telediagnosis,https://www.pcori.org/research-results/2020/learning-while-we-build-identifying-must-know-research-questions-safe-and-effective-telediagnosis,Society to Improve Diagnosis in Medicine,Illinois,,,,39
Partnering with Patients and Caregivers Affected by COVID-19 to Advance Patient-Centered Outcomes Research,https://www.pcori.org/research-results/2020/partnering-patients-and-caregivers-affected-covid-19-advance-patient-centered-outcomes-research,Johns Hopkins University,Maryland,,,,39
Virtual Conference Series for African-American Asthma Patients: Getting Involved with PCOR/CER,https://www.pcori.org/research-results/2020/virtual-conference-series-african-american-asthma-patients-getting-involved-pcorcer,Allergy & Asthma Network,Virginia,,,,39
Preparing Individuals with Intellectual or Developmental Disabilities for Engagement in Research During Public Health Emergencies and Disasters,https://www.pcori.org/research-results/2020/preparing-individuals-intellectual-or-developmental-disabilities-engagement-research-during-public-health-emergencies-and-disasters,Temple University College of Public Health,Pennsylvania,,,,39
Comparing Two Programs to Train Staff to Reduce the Spread of COVID-19 in Nursing Homes,https://www.pcori.org/research-results/2020/comparing-two-programs-train-staff-reduce-spread-covid-19-nursing-homes,Pennsylvania State University Hershey Medical Center,Pennsylvania,,,,39
Comparing the Effect of Local COVID-19 Policies on Anxiety among US Residents During the Pandemic,https://www.pcori.org/research-results/2020/comparing-effect-local-covid-19-policies-anxiety-among-us-residents-during-pandemic,"University of California, San Francisco",California,,,,39
Protecting the Well-Being of Healthcare Workers during the COVID-19 Pandemic -- The COVER-HCW Project,https://www.pcori.org/research-results/2020/protecting-well-being-healthcare-workers-during-covid-19-pandemic-cover-hcw-project,RAND Corporation,California,,,,39
Comparing the Effects of Two Permanent Supportive Housing Options for People Experiencing Homelessness during the COVID-19 Pandemic,https://www.pcori.org/research-results/2020/comparing-effects-two-permanent-supportive-housing-options-people-experiencing-homelessness-during-covid-19-pandemic,University of Southern California,California,,,,39
Testing the Effectiveness of a Text-Message-Based Home Monitoring Program and Oxygen Monitoring for Patients with COVID-19 -- The COVID Watch Study,https://www.pcori.org/research-results/2020/testing-effectiveness-text-message-based-home-monitoring-program-and-oxygen-monitoring-patients-covid-19-covid-watch-study,University of Pennsylvania Perelman School of Medicine,Pennsylvania,,,,40
Comparing Two Ways to Teach Mindfulness to Improve Mental Health Related to COVID-19 -- The Mellowing Mind Study,https://www.pcori.org/research-results/2020/comparing-two-ways-teach-mindfulness-improve-mental-health-related-covid-19-mellowing-mind-study,The Research Foundation For The State University of New York,New York,,,,40
Management Strategies for Infantile Epilepsy (A Systematic Review),https://www.pcori.org/research-results/2020/management-strategies-infantile-epilepsy-systematic-review,Agency for Healthcare Research and Quality (AHRQ),Maryland,,,,40
Grounding Health Research in Design Thinking for Equitable Engagement to Address COVID-19 (Grid Engagement),https://www.pcori.org/research-results/2020/grounding-health-research-design-thinking-equitable-engagement-address-covid-19-grid-engagement,Tulane University School of Public Health and Tropical Medicine,Louisiana,,,,40
Workshop to Develop Patient and Family Advisors as Partners in Patient-Centered Outcomes Research,https://www.pcori.org/research-results/2020/workshop-develop-patient-and-family-advisors-partners-patient-centered-outcomes-research,Comagine Health,Utah,,,,40
The Sage Resource Project,https://www.pcori.org/research-results/2020/sage-resource-project,CJE SeniorLife,Illinois,,,,40
"Equipping Muslims with PCOR-Based, Action-Oriented Research Tools [EMPART]",https://www.pcori.org/research-results/2020/equipping-muslims-pcor-based-action-oriented-research-tools-empart,Worry Free Community,Illinois,,,,40
At the Heart of the Matter: Building a Framework for Collective Action,https://www.pcori.org/research-results/2020/heart-matter-building-framework-collective-action,Community-Campus Partnerships for Health,North Carolina,,,,40
Engage ALL Abilities,https://www.pcori.org/research-results/2020/engage-all-abilities,University of Washington,Washington,,,,40
A Convening to Address Missed and Delayed Diagnosis of Heart Disease in Women,https://www.pcori.org/research-results/2020/convening-address-missed-and-delayed-diagnosis-heart-disease-women,WomenHeart,District of Columbia,,,,40
Increasing Uptake of Behavioral Health Shared Decision-Making Tools,https://www.pcori.org/research-results/2020/increasing-uptake-behavioral-health-shared-decision-making-tools,Patient-Centered Primary Care Collaborative,District of Columbia,,,,40
TRANS-ARC: Transgender/Non-Binary Surgery - Allied Research Collective,https://www.pcori.org/research-results/2020/trans-arc-transgendernon-binary-surgery-allied-research-collective,Oregon Health & Science University,Oregon,,,,40
Nothing About Us Without Us: Building PCOR/CER Capacity in a Consortium of LGBTQIA+ Health Centers,https://www.pcori.org/research-results/2020/nothing-about-us-without-us-building-pcorcer-capacity-consortium-lgbtqia-health-centers,Hunter College,New York,,,,40
HCGC PCORI Research Symposium 2020,https://www.pcori.org/research-results/2020/hcgc-pcori-research-symposium-2020,The Healthcare Collaborative of Greater Columbus,Ohio,,,,40
"Broadening Application of the ""Inspiring Change Manual"": Training Stakeholders and Doulas",https://www.pcori.org/research-results/2020/broadening-application-inspiring-change-manual-training-stakeholders-and-doulas,The Afiya Center,Texas,,,,40
"Implementing Best-Practice, Patient-Centered Venous Thromboembolism (VTE) Prevention in Trauma Centers",https://www.pcori.org/research-results/2020/implementing-best-practice-patient-centered-venous-thromboembolism-vte-prevention-trauma-centers,Coalition for National Trauma Research,Texas,,,,40
Developing a New Method to Predict Health Outcomes Using Data from Multiple Healthcare Systems while Preserving Patient Privacy,https://www.pcori.org/research-results/2020/developing-new-method-predict-health-outcomes-using-data-multiple-healthcare-systems-while-preserving-patient-privacy,University of Pennsylvania,Pennsylvania,,,,40
Comparative Effectiveness of Individual Versus Group-Level Interventions To Increase PrEP Uptake and Reduce HIV/STI Incidence,https://www.pcori.org/research-results/2020/comparative-effectiveness-individual-versus-group-level-interventions-increase-prep-uptake-and-reduce-hivsti-incidence,Partners Healthcare Brigham and Women's Hospital,Massachusetts,,,,40
Does Adding Remote Monitoring to Standard Postoperative Care Help Improve Recovery after Surgery among Patients with Cancer?,https://www.pcori.org/research-results/2020/does-adding-remote-monitoring-standard-postoperative-care-help-improve-recovery-after-surgery-among-patients-cancer,Beckman Research Institute of the City of Hope,California,,,,40
Comparing Continuous Glucose Monitoring Versus Fingerstick Glucose Monitoring Among People With Type 2 Diabetes on Insulin,https://www.pcori.org/research-results/2020/comparing-continuous-glucose-monitoring-versus-fingerstick-glucose-monitoring-among-people-type-2-diabetes-insulin,HealthPartners Institute,Minnesota,,,,40
Comparing Two Ways To Offer Remote Therapy for Depressive Symptoms in Rural People With Heart Disease,https://www.pcori.org/research-results/2020/comparing-two-ways-offer-remote-therapy-depressive-symptoms-rural-people-heart-disease,University of Kentucky,Kentucky,,,,40
Comparing Two Approaches for Preventing Dangerously Low Blood Sugar in Adults with Type 2 Diabetes -- The PHT2 Study,https://www.pcori.org/research-results/2020/comparing-two-approaches-preventing-dangerously-low-blood-sugar-adults-type-2-diabetes-pht2-study,Kaiser Foundation Health Plan of Washington,Washington,,,,40
Methods to Generalize Results from Clinical Trials,https://www.pcori.org/research-results/2020/methods-generalize-results-clinical-trials,Brown University,Rhode Island,,,,40
Comparing the Effectiveness of Three Ways To Treat Anxiety in Adults Who Go to the Emergency Room With Low-Risk Chest Pain,https://www.pcori.org/research-results/2020/comparing-effectiveness-three-ways-treat-anxiety-adults-who-go-emergency-room-low-risk-chest-pain,Trustees of Indiana University,Indiana,,,,40
Evaluating the Implementation of Two Interventions To Help Older Adults Maintain Their Health and Live Independently,https://www.pcori.org/research-results/2020/evaluating-implementation-two-interventions-help-older-adults-maintain-their-health-and-live-independently,Cedars-Sinai,California,,,,40
Comparing Two Ways To Manage Diabetes Through Medical Nutrition Therapy,https://www.pcori.org/research-results/2020/comparing-two-ways-manage-diabetes-through-medical-nutrition-therapy,Meharry Medical College,Tennessee,,,,41
Accelerating Adoption of Research Ready Tools to Engage the Clinical Workforce as Champions of PCOR,https://www.pcori.org/research-results/2020/accelerating-adoption-research-ready-tools-engage-clinical-workforce-champions-pcor,Louisiana Public Health Institute,Louisiana,,,,41
VIrtual Patient Engagement (VIP) Studio: Using Technology to Engage Hard-to-Reach Patients,https://www.pcori.org/research-results/2020/virtual-patient-engagement-vip-studio-using-technology-engage-hard-reach-patients,University of South Carolina,South Carolina,,,,41
A PCOR/CER Partnering Guide,https://www.pcori.org/research-results/2020/pcorcer-partnering-guide,University of Vermont & State Agricultural College,Vermont,,,,41
Convening PCOR/CER Stakeholders to Address Issues in Rural Perinatal Health,https://www.pcori.org/research-results/2020/convening-pcorcer-stakeholders-address-issues-rural-perinatal-health,University of Iowa College of Public Health,Iowa,,,,41
Community Engagement Studio Summit: Increasing the Diversity of Stakeholders Engaged in Research,https://www.pcori.org/research-results/2020/community-engagement-studio-summit-increasing-diversity-stakeholders-engaged-research,Meharry Medical College,Tennessee,,,,41
Amplifying the Peer Voice in Behavioral Health Research to Drive Transformation,https://www.pcori.org/research-results/2020/amplifying-peer-voice-behavioral-health-research-drive-transformation,Institute for Patient- and Family-Centered Care,Maryland,,,,41
All Hands on Deck: Community Convening to Improve Research on Veteran Suicide Prevention,https://www.pcori.org/research-results/2020/all-hands-deck-community-convening-improve-research-veteran-suicide-prevention,University of Texas at Austin,Texas,,,,41
ChAPTER (Chicago coalition Around PCOR To Expand community Research),https://www.pcori.org/research-results/2020/chapter-chicago-coalition-around-pcor-expand-community-research,AllianceChicago,Illinois,,,,41
Research Engagement for People with Intellectual Disabilities: Bridging the Health Research Gap,https://www.pcori.org/research-results/2020/research-engagement-people-intellectual-disabilities-bridging-health-research-gap,"University of Wisconsin, Madison",Wisconsin,,,,41
Rare Disease and Research Engagement (RaRE),https://www.pcori.org/research-results/2020/rare-disease-and-research-engagement-rare,Michigan Public Health Institute,Michigan,,,,41
Convening Patients with Celiac Disease to Improve Patient-Centered Outcomes Research (PCOR),https://www.pcori.org/research-results/2020/convening-patients-celiac-disease-improve-patient-centered-outcomes-research-pcor,Celiac Disease Foundation,California,,,,41
Surviving Suicide: Convening Lived-Experience & Research to Improve Patient-Centered Outcomes,https://www.pcori.org/research-results/2020/surviving-suicide-convening-lived-experience-research-improve-patient-centered-outcomes,University of Kentucky Research Foundation,Kentucky,,,,41
Social Needs Interventions to Improve Health Outcomes -- A Scoping Review and Evidence Map,https://www.pcori.org/research-results/2020/social-needs-interventions-improve-health-outcomes-scoping-review-and-evidence-map,"RTI International and MDB, Inc.",North Carolina,,,,41
Research Action for Health Network (REACHnet) Clinical Research Network,https://www.pcori.org/research-results/2020/research-action-health-network-reachnet-clinical-research-network,Louisiana Public Health Institute,Louisiana,,,,41
OneFlorida Clinical Research Consortium Clinical Research Network,https://www.pcori.org/research-results/2020/oneflorida-clinical-research-consortium-clinical-research-network,University of Florida - UFHealth,Florida,,,,41
Accelerating Data Value Across a National Community Health Center Network (ADVANCE) Clinical Research Network,https://www.pcori.org/research-results/2020/accelerating-data-value-across-national-community-health-center-network-advance-clinical-research-network,"OCHIN, Inc.",Oregon,,,,41
Path Towards a Learning Health System (PaTH) Clinical Research Network,https://www.pcori.org/research-results/2020/path-towards-learning-health-system-path-clinical-research-network,University of Pittsburgh,Pennsylvania,,,,41
Chicago Area Patient-Centered Outcomes Research Network (CAPriCORN) Clinical Research Network,https://www.pcori.org/research-results/2020/chicago-area-patient-centered-outcomes-research-network-capricorn-clinical-research-network,Northwestern University–Center for Health Information Partnerships,Illinois,,,,41
PEDSnet Clinical Research Network,https://www.pcori.org/research-results/2020/pedsnet-clinical-research-network,Children's Hospital of Philadelphia,Pennsylvania,,,,41
The Greater Plains Collaborative (GPC CRN),https://www.pcori.org/research-results/2020/greater-plains-collaborative-gpc-crn,University of Missouri,Missouri,,,,41
"The Stakeholders, Technology, and Research Clinical Research Network (STAR CRN)",https://www.pcori.org/research-results/2020/stakeholders-technology-and-research-clinical-research-network-star-crn,Vanderbilt University Medical Center,Tennessee,,,,41
The HERO Research Program -- A PCORnet® Project to Support Studies on COVID-19,https://www.pcori.org/research-results/2020/hero-research-program-pcornet-project-support-studies-covid-19,Duke University,North Carolina,,,,41
Comparing the Effectiveness of Two Ways To Provide Follow-Up Care to Patients With Heart Failure After Hospital Discharge,https://www.pcori.org/research-results/2020/comparing-effectiveness-two-ways-provide-follow-care-patients-heart-failure-after-hospital-discharge,The Trustees of Columbia University in the City of New York,New York,,,,41
Comparing Two Ways To Improve Pre-Exposure Prophylaxis Use,https://www.pcori.org/research-results/2020/comparing-two-ways-improve-pre-exposure-prophylaxis-use,"Public Health Foundation Enterprises, Inc.",California,,,,41
Comparing Two Approaches for Prostate Biopsy,https://www.pcori.org/research-results/2020/comparing-two-approaches-prostate-biopsy,Weill Cornell Medicine,New York,,,,42
Comparing Three Programs That Aim To Increase Access To Mental Health Care During and After Pregnancy,https://www.pcori.org/research-results/2020/comparing-three-programs-aim-increase-access-mental-health-care-during-and-after-pregnancy,SUNY Research Foundation,New York,,,,42
Expanding the Use of a School-Based Program to Improve Executive Functioning among Students with Autism or Attention-Deficit/Hyperactivity Disorder,https://www.pcori.org/research-results/2020/expanding-use-school-based-program-improve-executive-functioning-among-students-autism-or-attention-deficithyperactivity-disorder,University of Colorado Denver,Colorado,,,,42
Using a Learning Collaborative to Help Hospitals Support Patient Decisions About Orthopedic Care,https://www.pcori.org/research-results/2020/using-learning-collaborative-help-hospitals-support-patient-decisions-about-orthopedic-care,Massachusetts General Hospital,Massachusetts,,,,42
Implementing Team-based Outpatient Palliative Care in Parkinson Foundation Centers of Excellence,https://www.pcori.org/research-results/2020/implementing-team-based-outpatient-palliative-care-parkinson-foundation-centers-excellence,University of Rochester,New York,,,,42
Comparing the Effectiveness of Ways To Monitor Adults at Home After Hospitalization for an Infection or Sepsis,https://www.pcori.org/research-results/2020/comparing-effectiveness-ways-monitor-adults-home-after-hospitalization-infection-or-sepsis,UPMC Center for High ValueHealth Care,Pennsylvania,,,,42
Comparing Two Approaches to Improve Families' Experiences of Care When Children Receive Treatment for a Traumatic Injury in the Emergency Room,https://www.pcori.org/research-results/2020/comparing-two-approaches-improve-families-experiences-care-when-children-receive-treatment-traumatic-injury-emergency-room,"University of California, Davis",California,,,,42
Comparing the Effectiveness of Three Interventions To Support Older Patients To Reduce Unplanned Return Visits to the Hospital After a Hospital Stay,https://www.pcori.org/research-results/2020/comparing-effectiveness-three-interventions-support-older-patients-reduce-unplanned-return-visits-hospital-after-hospital-stay,University of South Florida,Florida,,,,42
Comparing the Use of One Versus Two Hearing Aids in Adults with Mild or Moderate Hearing Loss,https://www.pcori.org/research-results/2020/comparing-use-one-versus-two-hearing-aids-adults-mild-or-moderate-hearing-loss,Duke University,North Carolina,,,,42
Topic Brief: Infantile Epilepsy,https://www.pcori.org/research-results/2019/topic-brief-infantile-epilepsy,RAND Corporation,California,,,,42
Topic Brief: Enhanced Recovery After Surgery for Vascular Surgery,https://www.pcori.org/research-results/2019/topic-brief-enhanced-recovery-after-surgery-vascular-surgery,RAND Corporation,California,,,,42
Interventions for Migraine Prevention: Evidence Review and Map,https://www.pcori.org/research-results/2019/interventions-migraine-prevention-evidence-review-and-map,ECRI,Pennsylvania,,,,42
Reconciling the Past & Changing the Future: Engaging Young Adults with IDD-MH and Researchers in CER,https://www.pcori.org/research-results/2019/reconciling-past-changing-future-engaging-young-adults-idd-mh-and-researchers-cer,University of Florida,Florida,,,,42
RUNX1-FPD Research Guided by Patients Initiative,https://www.pcori.org/research-results/2019/runx1-fpd-research-guided-patients-initiative,RUNX1 Research Program,California,,,,42
Evaluating Therapies to Prevent Future Stroke in Patients with Patent Foramen Ovale-Related Strokes -- The SCOPE Study,https://www.pcori.org/research-results/2019/evaluating-therapies-prevent-future-stroke-patients-patent-foramen-ovale-related-strokes-scope-study,Tufts Medical Center Inc.,Massachusetts,,,,42
"Systematic, Collaborative, PFO closure Evaluation (SCOPE) Study Conference: Research-Related Conference Support Award",https://www.pcori.org/research-results/2019/systematic-collaborative-pfo-closure-evaluation-scope-study-conference-research-related-conference-support-award,Tufts Medical Center,Massachusetts,,,,42
Designing a Clinical Trial Repository for Pediatric Obsessive-Compulsive Disorders: Research-Related Conference Support Award,https://www.pcori.org/research-results/2019/designing-clinical-trial-repository-pediatric-obsessive-compulsive-disorders-research-related-conference-support-award,"Pediatric Anxiety Research Center (PARC), Bradley Hospital",Rhode Island,,,,42
Disseminating Cervical Cancer Screening Guidelines Through the DOTS-O Patient Education Tool,https://www.pcori.org/research-results/2019/disseminating-cervical-cancer-screening-guidelines-through-dots-o-patient-education-tool,"The Regents of the University of California, Irvine",California,,,,42
Early Access Saves Lives,https://www.pcori.org/research-results/2019/early-access-saves-lives,First Ladies Health Alliance NFP (First Ladies Health Initiative),Illinois,,,,42
Partnering with Community Doulas to Improve Maternal and Infant Health Equity in California,https://www.pcori.org/research-results/2019/partnering-community-doulas-improve-maternal-and-infant-health-equity-california,"University of California, Berkeley",California,,,,42
TEACH: Trained Empowered Advocates for Community Health (Healing),https://www.pcori.org/research-results/2019/teach-trained-empowered-advocates-community-health-healing,Black Women’s Health Imperative,Georgia,,,,42
2020 Community Campus Partnership Conference to Address Health Disparities,https://www.pcori.org/research-results/2019/2020-community-campus-partnership-conference-address-health-disparities,University of Arkansas for Medical Sciences,Arkansas,,,,42
2020 PFAnetwork Summit - Patient and Family Engagement in Measurement Development,https://www.pcori.org/research-results/2019/2020-pfanetwork-summit-patient-and-family-engagement-measurement-development,Patient Family Centered Care (PFCC) Partners,California,,,,42
Determining the Efficacy and Scope of Gender-Specific Behavioral Health Screening Tools,https://www.pcori.org/research-results/2019/determining-efficacy-and-scope-gender-specific-behavioral-health-screening-tools,Men's Health Network,District of Columbia,,,,42
MyPlate Dissemination for Latinos in Rural Communities,https://www.pcori.org/research-results/2019/myplate-dissemination-latinos-rural-communities,"University of California, Riverside",California,,,,42
Engaging Community by Engaging Researchers: PCOR in Action,https://www.pcori.org/research-results/2019/engaging-community-engaging-researchers-pcor-action,The University of Texas at Austin Dell Medical School,Texas,,,,43
Community-Academic Partnership for Substance Abuse in East Texas (CAPSA-East Texas),https://www.pcori.org/research-results/2019/community-academic-partnership-substance-abuse-east-texas-capsa-east-texas,University of Texas Health Science Center at Tyler,Texas,,,,43
Establishing a Patient-Led African Immigrant Health Research Consortium,https://www.pcori.org/research-results/2019/establishing-patient-led-african-immigrant-health-research-consortium,Multicultural AIDS Coalition,Massachusetts,,,,43
Building a Bigger BRIDGE: Research Incubator Network for PCOR in Communication Disabilities,https://www.pcori.org/research-results/2019/building-bigger-bridge-research-incubator-network-pcor-communication-disabilities,Nova Southeastern University,Florida,,,,43
"Primary Care Patients with Trauma History: Expanding a ""Safety"" Research Partnership and Network",https://www.pcori.org/research-results/2019/primary-care-patients-trauma-history-expanding-safety-research-partnership-and-network,University of South Florida,Florida,,,,43
"Building a Community Support HUB for Connecting Patients, Stakeholders and Researchers",https://www.pcori.org/research-results/2019/building-community-support-hub-connecting-patients-stakeholders-and-researchers,Total Resource Community Development Organization,Illinois,,,,43
Expanding Access to the Infusion Center Model for People Living with SCD,https://www.pcori.org/research-results/2019/expanding-access-infusion-center-model-people-living-scd,Johns Hopkins School of Medicine,Maryland,,,,43
Engaging Patients and Diverse Stakeholders of Color to Create Birth Equity: A Collaborative Effort,https://www.pcori.org/research-results/2019/engaging-patients-and-diverse-stakeholders-color-create-birth-equity-collaborative-effort,"University of Kansas Medical Center Research Institute, Inc.",Kansas,,,,43
PCOR at Worksite Health Centers,https://www.pcori.org/research-results/2019/pcor-worksite-health-centers,Center for Workforce Health and Performance,California,,,,43
Defining Needs and Progress Toward Improving Methods in Value Assessment,https://www.pcori.org/research-results/2019/defining-needs-and-progress-toward-improving-methods-value-assessment,Innovation and Value Initiative (IVI) Foundation,Virginia,,,,43
3q29 Deletion Families Conference,https://www.pcori.org/research-results/2019/3q29-deletion-families-conference,Emory University,Georgia,,,,43
Clinical Effectiveness Research Prioritization for Children and Their Families Affected by Hepatoblastoma,https://www.pcori.org/research-results/2019/clinical-effectiveness-research-prioritization-children-and-their-families-affected-hepatoblastoma,Cincinnati Children’s Hospital Medical Center,Ohio,,,,43
Disseminating an Evidence-Based Peer Support Intervention to Promote Positive Airway Pressure Use,https://www.pcori.org/research-results/2019/disseminating-evidence-based-peer-support-intervention-promote-positive-airway-pressure-use,Brigham and Women's Hospital,Massachusetts,,,,43
Building Capacity to Apply PCOR and CER Findings Through Local Health Departments,https://www.pcori.org/research-results/2019/building-capacity-apply-pcor-and-cer-findings-through-local-health-departments,National Association of County and City Health Officials,District of Columbia,,,,43
East Carolina Partnership to Address Health Disparities through Engagement Research Training,https://www.pcori.org/research-results/2019/east-carolina-partnership-address-health-disparities-through-engagement-research-training,East Carolina University,North Carolina,,,,43
"Improving Antibiotic Prescribing in Children With Ear, Sinus and Throat Infections",https://www.pcori.org/research-results/2019/improving-antibiotic-prescribing-children-ear-sinus-and-throat-infections,The Children's Hospital of Philadelphia,Pennsylvania,,,,43
Comparing Three Care Coordination Approaches for Decreasing Hospitalizations Among Medicare Patients at Increased Risk of Hospitalization,https://www.pcori.org/research-results/2019/comparing-three-care-coordination-approaches-decreasing-hospitalizations-among-medicare-patients-increased-risk-hospitalization,The University of Chicago,Illinois,,,,43
Comparing Two Types of Therapy to Treat Veterans with PTSD and Substance Use Disorder -- The COMPASS Study,https://www.pcori.org/research-results/2019/comparing-two-types-therapy-treat-veterans-ptsd-and-substance-use-disorder-compass-study,Center for Veterans Research and Education,Minnesota,,,,43
New Methods to Analyze Data from Cluster Randomized Trials when Clusters Differ after Treatment Assignment,https://www.pcori.org/research-results/2019/new-methods-analyze-data-cluster-randomized-trials-when-clusters-differ-after-treatment-assignment,Duke University,North Carolina,,,,43
Comparing Two Approaches to Care Coordination for Patients with Multiple Health Needs,https://www.pcori.org/research-results/2019/comparing-two-approaches-care-coordination-patients-multiple-health-needs,HealthPartners Institute,Minnesota,,,,43
Testing a Chronic Care Program to Treat Age-Related Hearing Loss and Improve Quality of Life for Older Adults in Assisted Living Facilities -- The HearCARE Study,https://www.pcori.org/research-results/2019/testing-chronic-care-program-treat-age-related-hearing-loss-and-improve-quality-life-older-adults-assisted-living-facilities-hearcare-study,University of Pittsburgh,Pennsylvania,,,,43
Comparing the Clinical Effectiveness of Cognitive Behavioral Therapy and Medication in Treating Anxiety in Youth,https://www.pcori.org/research-results/2019/comparing-clinical-effectiveness-cognitive-behavioral-therapy-and-medication-treating-anxiety-youth,Children's Hospital Los Angeles,California,,,,43
Comparing Five Treatment Approaches for Men With Prostate Cancer -- The PC CONCEPT Study,https://www.pcori.org/research-results/2019/comparing-five-treatment-approaches-men-prostate-cancer-pc-concept-study,Joan & Sanford I. Weill Medical College of Cornell University,New York,,,,43
Comparing Two Ways To Treat Anxiety Disorders Among Children and Adolescents,https://www.pcori.org/research-results/2019/comparing-two-ways-treat-anxiety-disorders-among-children-and-adolescents,Ann & Robert H. Lurie Children's Hospital of Chicago,Illinois,,,,43
Comparing Approaches to Fitting Hearing Aids to Improve Hearing for Older Adults,https://www.pcori.org/research-results/2019/comparing-approaches-fitting-hearing-aids-improve-hearing-older-adults,Northwestern University,Illinois,,,,43
Developing a New Method for Matching Patients in Observational Studies Using Large Data Sets,https://www.pcori.org/research-results/2019/developing-new-method-matching-patients-observational-studies-using-large-data-sets,Harvard Medical School,Massachusetts,,,,44
Developing New Methods to Identify Topics in Clinical Notes from Electronic Health Records,https://www.pcori.org/research-results/2019/developing-new-methods-identify-topics-clinical-notes-electronic-health-records,Brigham and Women's Hospital,Massachusetts,,,,44
Comparing Two Approaches for Stopping or Lowering Medicine Doses Among Older Adults with Type 2 Diabetes -- The RETRO-DM Study,https://www.pcori.org/research-results/2019/comparing-two-approaches-stopping-or-lowering-medicine-doses-among-older-adults-type-2-diabetes-retro-dm-study,Kaiser Foundation Research Institute,California,,,,44
Comparing Treatment Options for People with PTSD in Primary Care Clinics with Integrated Mental Health Care -- The STEPS Trial,https://www.pcori.org/research-results/2019/comparing-treatment-options-people-ptsd-primary-care-clinics-integrated-mental-health-care-steps-trial,University of Washington,Washington,,,,44
Developing Methods for Planning and Analyzing Stepped-Wedge Cluster Randomized Trials,https://www.pcori.org/research-results/2019/developing-methods-planning-and-analyzing-stepped-wedge-cluster-randomized-trials,University of North Carolina at Chapel Hill,North Carolina,,,,44
Comparing Two Programs to Improve Communication and Healthcare Outcomes for Patients with Communication Disabilities -- The INTERACT Trial,https://www.pcori.org/research-results/2019/comparing-two-programs-improve-communication-and-healthcare-outcomes-patients-communication-disabilities-interact-trial,University of Colorado Denver,Colorado,,,,44
Comparing Three Ways to Start Taking Medicine for Opioid Use Disorder,https://www.pcori.org/research-results/2019/comparing-three-ways-start-taking-medicine-opioid-use-disorder,University of Colorado Anschutz Medical Campus,Colorado,,,,44
Comparing Three Approaches for Preventing Childhood Obesity Among Preschool-Aged Children Living in Low-Income Households and Rural Areas -- The ENCIRCLE Study,https://www.pcori.org/research-results/2019/comparing-three-approaches-preventing-childhood-obesity-among-preschool-aged-children-living-low-income-households-and-rural-areas-encircle-study,Geisinger Clinic,Pennsylvania,,,,44
Expanding the Use of an Electronic Tracker to Support Successful Asthma Self-Management among Children,https://www.pcori.org/research-results/2019/expanding-use-electronic-tracker-support-successful-asthma-self-management-among-children,University of Utah,Utah,,,,44
Comparing Two Ways to Manage Pain After High-Dose Chemotherapy and Autologous Hematopoietic Stem Cell Transplantation -- The OPTIMAL-HiChemo Study,https://www.pcori.org/research-results/2019/comparing-two-ways-manage-pain-after-high-dose-chemotherapy-and-autologous-hematopoietic-stem-cell-transplantation-optimal-hichemo-study,Memorial Sloan-Kettering Cancer Center,New York,,,,44
Using the Child Health Ratings Inventories (CHRIS) to Improve Care for Children with Diabetes,https://www.pcori.org/research-results/2019/using-child-health-ratings-inventories-chris-improve-care-children-diabetes,"University of California, Irvine",California,,,,44
Building Capacity for Patient Engagement in Real-World Evidence Development,https://www.pcori.org/research-results/2019/building-capacity-patient-engagement-real-world-evidence-development,National Health Council,District of Columbia,,,,44
Multiethnic Community Engagement at City of Hope: Partnered for Action in Research (PAIR),https://www.pcori.org/research-results/2019/multiethnic-community-engagement-city-hope-partnered-action-research-pair,City of Hope Beckman Research Institute,California,,,,44
Building Research Capacity on Hearing Loss Interventions in Hispanic/Latinx Communities,https://www.pcori.org/research-results/2019/building-research-capacity-hearing-loss-interventions-hispanic-latinx-communities,University of Arizona,Arizona,,,,44
Dissemination of Effective Rehabilitation Strategies for Traumatic Brain Injury,https://www.pcori.org/research-results/2019/dissemination-effective-rehabilitation-strategies-traumatic-brain-injury,The Ohio State University,Ohio,,,,44
Building Capacity to Break Down Barriers to Complex Care Navigation in Rural America,https://www.pcori.org/research-results/2019/building-capacity-break-down-barriers-complex-care-navigation-rural-america,Kalispell Regional Medical Center,Montana,,,,44
Parkinson's Advisors in Research and Training Pilot: A Patient Advisory Board Model,https://www.pcori.org/research-results/2019/parkinsons-advisors-research-and-training-pilot-patient-advisory-board-model,Parkinson's Foundation,Florida,,,,44
Tri-County Male Health and Wellness Initiative,https://www.pcori.org/research-results/2019/tri-county-male-health-and-wellness-initiative,The University of Southern Mississippi,Mississippi,,,,44
A Community Partnership for Patient-Centered Outcomes Research for Diabetes in West Virginia,https://www.pcori.org/research-results/2019/community-partnership-patient-centered-outcomes-research-diabetes-west-virginia,West Virginia University Research Corporation,West Virginia,,,,44
Building Capacity for PCOR/CER in the Neonatal NEC Community,https://www.pcori.org/research-results/2019/building-capacity-pcorcer-neonatal-nec-community,NEC Society,California,,,,44
Building and Educating a Heart Valve Disease Network Prepared to Engage in Research,https://www.pcori.org/research-results/2019/building-and-educating-heart-valve-disease-network-prepared-engage-research,Heart Valve Voice US,District of Columbia,,,,44
Mental Health Guiding Coalition,https://www.pcori.org/research-results/2019/mental-health-guiding-coalition,MN Community Measurement,Minnesota,,,,44
Engaging Community Media to Disseminate Research Evidence to Communities Experiencing Health Disparities,https://www.pcori.org/research-results/2019/engaging-community-media-disseminate-research-evidence-communities-experiencing-health-disparities,Northwestern University/Public Narrative,Illinois,,,,44
Community Education for Vietnamese Americans on Dementia Caregiving & Advanced Care Planning,https://www.pcori.org/research-results/2019/community-education-vietnamese-americans-dementia-caregiving-advanced-care-planning,International Children Assistance Network,California,,,,44
Building Capacity for Patient Centered Outcomes Research in Pediatric Dermatology,https://www.pcori.org/research-results/2019/building-capacity-patient-centered-outcomes-research-pediatric-dermatology,Pediatric Dermatology Research Alliance,Indiana,,,,44
ATS Patient Empowerment and Knowledge Symposium,https://www.pcori.org/research-results/2019/ats-patient-empowerment-and-knowledge-symposium,"A Twist of Fate-ATS, Corp",Oklahoma,,,,45
2020 International Conference on Health Policy Statistics,https://www.pcori.org/research-results/2019/2020-international-conference-health-policy-statistics,American Statistical Association,Virginia,,,,45
Developing InfraStructure for Research to Utilize Patient-centered Techniques at SLHS (DISRUPTS),https://www.pcori.org/research-results/2019/developing-infrastructure-research-utilize-patient-centered-techniques-slhs-disrupts,St. Lawrence Health System,New York,,,,45
Stakeholder Alliance for Children with Robin Sequence (StARS): Building Capacity for PCOR,https://www.pcori.org/research-results/2019/stakeholder-alliance-children-robin-sequence-stars-building-capacity-pcor,University of Arizona College of Medicine,Arizona,,,,45
"PREPARE Washington: Building Stakeholder Capacity in Washington State for PCORI-funded, Advance Care Planning Tools",https://www.pcori.org/research-results/2019/prepare-washington-building-stakeholder-capacity-washington-state-pcori-funded-advance-care-planning-tools,"The Regents of the University of California, San Francisco",California,,,,45
Health Equity and Access for Latinos through PCOR Capacity-Building (HEAL through PCOR),https://www.pcori.org/research-results/2019/health-equity-and-access-latinos-through-pcor-capacity-building-heal-through-pcor,AltaMed Health Services,California,,,,45
Disseminating Evidence to Promote Patient-Centered Diabetes Self-Management Strategies,https://www.pcori.org/research-results/2019/disseminating-evidence-promote-patient-centered-diabetes-self-management-strategies,"Morehouse School of Medicine, Inc.",Georgia,,,,45
Kidney Research Connect: A Patient-Centered Outcomes Community Engagement Program,https://www.pcori.org/research-results/2019/kidney-research-connect-patient-centered-outcomes-community-engagement-program,National Kidney Foundation,New York,,,,45
Migratory and Seasonal Agricultural Workers and Health Research: Developing Capacity for PCOR,https://www.pcori.org/research-results/2019/migratory-and-seasonal-agricultural-workers-and-health-research-developing-capacity-pcor,"University of Kansas Center for Research, Inc.",Kansas,,,,45
Dissemination of PTSD Treatment Evidence to Refugee Health Providers and Refugee Communities,https://www.pcori.org/research-results/2019/dissemination-ptsd-treatment-evidence-refugee-health-providers-and-refugee-communities,The Children's Hospital of Philadelphia,Pennsylvania,,,,45
Capacity Building for a Learning PCOR System,https://www.pcori.org/research-results/2019/capacity-building-learning-pcor-system,University of Maryland Baltimore,Maryland,,,,45
Creating a Collaborative Comparative Effectiveness Research Agenda for Autistic Adolescents,https://www.pcori.org/research-results/2019/creating-collaborative-comparative-effectiveness-research-agenda-autistic-adolescents,Boston Medical Center,Massachusetts,,,,45
Helping Adults with Serious Mental Illness Improve Their Health and Wellness,https://www.pcori.org/research-results/2019/helping-adults-serious-mental-illness-improve-their-health-and-wellness,The Rochester General Hospital,New York,,,,45
2020 Conference on Adolescent Health: Translating Research into Practice,https://www.pcori.org/research-results/2019/2020-conference-adolescent-health-translating-research-practice,University of Michigan Health System,Michigan,,,,45
"Growing up with Chronic Illness: A ""Wicked"" Problem",https://www.pcori.org/research-results/2019/growing-chronic-illness-wicked-problem,University of California San Francisco School of Medicine,California,,,,45
Deciphering Beckwith-Wiedemann Spectrum Conference,https://www.pcori.org/research-results/2019/deciphering-beckwith-wiedemann-spectrum-conference,The Children's Hospital of Philadelphia,Pennsylvania,,,,45
Setting the PaCE at the NAPCRG Annual Meeting 2019,https://www.pcori.org/research-results/2019/setting-pace-napcrg-annual-meeting-2019,North American Primary Care Research Group,Kansas,,,,45
Elevating the Patient Voice in Research,https://www.pcori.org/research-results/2019/elevating-patient-voice-research,Health and Medicine Policy Research Group,Illinois,,,,45
SMDM 2019 Many Views on Value,https://www.pcori.org/research-results/2019/smdm-2019-many-views-value,Society for Medical Decision Making,New Jersey,,,,45
Sages' Symposium to Expand Researcher Readiness,https://www.pcori.org/research-results/2019/sages-symposium-expand-researcher-readiness,LeadingAge LTSS Center @UMass Boston,Massachusetts,,,,45
"Artificial Intelligence in the Neonatal ICU: Families, Clinicians, and Technologists Designing a Better Future",https://www.pcori.org/research-results/2019/artificial-intelligence-neonatal-icu-families-clinicians-and-technologists-designing-better-future,Dartmouth Hitchcock Medical Center,New Hampshire,,,,45
Enhanced Patient Engagement to Improve Patient-Centered Outcomes among Chronic Kidney Disease (CKD),https://www.pcori.org/research-results/2019/enhanced-patient-engagement-improve-patient-centered-outcomes-among-chronic-kidney-disease-ckd,American Association of Kidney Patients,Florida,,,,45
FIRST (Females In Research Sharing and Translation),https://www.pcori.org/research-results/2019/first-females-research-sharing-and-translation,Hemophilia Federation of America,District of Columbia,,,,45
Disseminating Results: Missed SCD Clinic Appointments and the Health Belief Model,https://www.pcori.org/research-results/2019/disseminating-results-missed-scd-clinic-appointments-and-health-belief-model,National Institute for Children’s Health Quality (NICHQ),Massachusetts,,,,45
Prenatal Anxiety Digital Resource Center,https://www.pcori.org/research-results/2019/prenatal-anxiety-digital-resource-center,American College of Obstetricians and Gynecologists,District of Columbia,,,,45
Cervical Ripening in the Outpatient Setting: A Systematic Review,https://www.pcori.org/research-results/2019/cervical-ripening-outpatient-setting-systematic-review,Memorandum of Understanding with Agency for Healthcare Research and Quality (AHRQ),Maryland,,,,46
Radiation Therapy for Brain Metastases: A Systematic Review,https://www.pcori.org/research-results/2019/radiation-therapy-brain-metastases-systematic-review,Agency for Healthcare Research and Quality (AHRQ),Maryland,,,,46
Interventions for Breathlessness in Patients With Advanced Cancer: A Systematic Review,https://www.pcori.org/research-results/2019/interventions-breathlessness-patients-advanced-cancer-systematic-review,Memorandum of Understanding with Agency for Healthcare Research and Quality (AHRQ),Maryland,,,,46
Self-Management in Older Adults with Chronic Heart Failure -- The iCOACH Study,https://www.pcori.org/research-results/2019/self-management-older-adults-chronic-heart-failure-icoach-study,University of Arkansas for Medical Sciences,Arkansas,,,,46
Developing New Methods Using Natural Language Processing to Label Text in Clinical Notes from Electronic Health Records,https://www.pcori.org/research-results/2019/developing-new-methods-using-natural-language-processing-label-text-clinical-notes-electronic-health-records,Medical University of South Carolina,South Carolina,,,,46
Comparing Two Therapies for Improving Social and Thinking Skills in Patients With Schizophrenia,https://www.pcori.org/research-results/2019/comparing-two-therapies-improving-social-and-thinking-skills-patients-schizophrenia,"Beth Israel Deaconess Medical Center, Inc",Massachusetts,,,,46
Developing New Natural Language Processing Methods to Identify Health Information in Clinical Notes from Electronic Health Records,https://www.pcori.org/research-results/2019/developing-new-natural-language-processing-methods-identify-health-information-clinical-notes-electronic-health-records,University of Florida,Florida,,,,46
Using Basic and Personalized Decision Aids and Clinician Alerts to Help Patients Make Decisions about Colorectal Cancer Screening,https://www.pcori.org/research-results/2019/using-basic-and-personalized-decision-aids-and-clinician-alerts-help-patients-make-decisions-about-colorectal-cancer-screening,Indiana University,Indiana,,,,46
Comparing Two Approaches to Follow-Up Care for Teens and Adults at Risk for Suicide -- The SPARC Trial,https://www.pcori.org/research-results/2019/comparing-two-approaches-follow-care-teens-and-adults-risk-suicide-sparc-trial,St. Luke's Health System,Idaho,,,,46
Developing Methods to Compare Multiple Treatments Using Research Network Data,https://www.pcori.org/research-results/2019/developing-methods-compare-multiple-treatments-using-research-network-data,University of Pennsylvania,Pennsylvania,,,,46
Comparing Approaches to Treat Kidney Stones in Children and Youth -- The PKIDS Study,https://www.pcori.org/research-results/2019/comparing-approaches-treat-kidney-stones-children-and-youth-pkids-study,The Children's Hospital of Philadelphia,Pennsylvania,,,,46
Comparative Effectiveness of Multi Versus Single Intervention Allergen Reduction Strategies on Asthma Morbidity,https://www.pcori.org/research-results/2019/comparative-effectiveness-multi-versus-single-intervention-allergen-reduction-strategies-asthma-morbidity,Tulane School of Public Health and Tropical Medicine,Louisiana,,,,46
Comparing the Effectiveness of Standard and Family Diabetes Self-Management Education and Support for Improving Diabetes Outcomes,https://www.pcori.org/research-results/2019/comparing-effectiveness-standard-and-family-diabetes-self-management-education-and-support-improving-diabetes-outcomes,University of Arkansas for Medical Sciences,Arkansas,,,,46
Improving Consent Processes for Clinical Research Using Public Deliberation Methods,https://www.pcori.org/research-results/2019/improving-consent-processes-clinical-research-using-public-deliberation-methods,Trustees of Indiana University,Indiana,,,,46
Promoting Implementation of Patient Engagement (PIPE),https://www.pcori.org/research-results/2019/promoting-implementation-patient-engagement-pipe,Bladder Cancer Advocacy Network,Maryland,,,,46
Sleeping Well After Cancer: Translating Patient-Centered Research Into Practice,https://www.pcori.org/research-results/2019/sleeping-well-after-cancer-translating-patient-centered-research-practice,Memorial Sloan Kettering Cancer Center,New York,,,,46
"SAR 2019: Acupuncture Research, Health Care Policy and Community Health: Closing the Loop",https://www.pcori.org/research-results/2019/sar-2019-acupuncture-research-health-care-policy-and-community-health-closing-loop,Society for Acupuncture Research,North Carolina,,,,46
Building Capacity for PCOR to Reduce Early Childhood Obesity Inequities,https://www.pcori.org/research-results/2019/building-capacity-pcor-reduce-early-childhood-obesity-inequities,Wayne State University,Michigan,,,,46
Encouraging Patients to Manage Chronic Pain Using the Latest Evidence from Research,https://www.pcori.org/research-results/2019/encouraging-patients-manage-chronic-pain-using-latest-evidence-research,Global Healthy Living Foundation,New York,,,,46
Building Patient Community Capacity to Engage in CER Related to Sexual Health and Safety,https://www.pcori.org/research-results/2019/building-patient-community-capacity-engage-cer-related-sexual-health-and-safety,Urban Institute,District of Columbia,,,,46
The Wyoming Community and Practice Based Research Network,https://www.pcori.org/research-results/2019/wyoming-community-and-practice-based-research-network,University of Wyoming,Wyoming,,,,46
Best Practices to Engage Black Men in the Development of a Cancer Health Equity Research Agenda,https://www.pcori.org/research-results/2019/best-practices-engage-black-men-development-cancer-health-equity-research-agenda,Wayne State University,Michigan,,,,46
Improving Assessment of Patient-Centered Communication in Cancer Care,https://www.pcori.org/research-results/2019/improving-assessment-patient-centered-communication-cancer-care,RTI International,North Carolina,,,,46
Dissemination of PCORI Information Specifically Targeting Males and Male Health Outcomes,https://www.pcori.org/research-results/2019/dissemination-pcori-information-specifically-targeting-males-and-male-health-outcomes,Men's Health Network,District of Columbia,,,,46
Dissemination of Lay Support to Address Health Needs of Patients with SMI,https://www.pcori.org/research-results/2019/dissemination-lay-support-address-health-needs-patients-smi,Illinois Institute of Technology,Illinois,,,,46
Rethinking Stakeholder Roles in ASC Interventions: Moving from Participants to Engaged Collaborators,https://www.pcori.org/research-results/2019/rethinking-stakeholder-roles-asc-interventions-moving-participants-engaged-collaborators,The Ohio State University,Ohio,,,,47
Building Community Capacity To Disseminate Research Findings on Falls Prevention,https://www.pcori.org/research-results/2019/building-community-capacity-disseminate-research-findings-falls-prevention,ARC XVI Fort Washington Inc.,New York,,,,47
Expanding Implementation of Family Problem-Solving Therapy for Teens With Traumatic Brain Injury,https://www.pcori.org/research-results/2019/expanding-implementation-family-problem-solving-therapy-teens-traumatic-brain-injury,Cincinnati Children's Hospital Medical Center,Ohio,,,,47
Putting Patient Decision Support in Place for Lung Cancer Screening through Tobacco Quitlines,https://www.pcori.org/research-results/2019/putting-patient-decision-support-place-lung-cancer-screening-through-tobacco-quitlines,The University of Texas MD Anderson Cancer Center,Texas,,,,47
Schooling after Childhood Cancer: Disseminating the Evidence to Improve Outcomes,https://www.pcori.org/research-results/2019/schooling-after-childhood-cancer-disseminating-evidence-improve-outcomes,Johns Hopkins School of Medicine,Maryland,,,,47
Multi-stakeholder Engagement for Enabling Patient-Driven Research,https://www.pcori.org/research-results/2019/multi-stakeholder-engagement-enabling-patient-driven-research,Accelerated Cure Project for Multiple Sclerosis,Massachusetts,,,,47
ABOUT Network - Project COGENT (Customizing Consumer GENerated Tools to Engage Researchers),https://www.pcori.org/research-results/2019/about-network-project-cogent-customizing-consumer-generated-tools-engage-researchers,University of South Florida,Florida,,,,47
An Open-Source Crowdsourcing Platform for Community-Engaged Research and Dissemination,https://www.pcori.org/research-results/2019/open-source-crowdsourcing-platform-community-engaged-research-and-dissemination,Board of Trustees of the Leland Stanford Junior University,California,,,,47
"Diversifying, Expanding and Tracking Patient Engagement in Arthritis Research",https://www.pcori.org/research-results/2019/diversifying-expanding-and-tracking-patient-engagement-arthritis-research,Global Healthy Living Foundation,New York,,,,47
Coproducing Learning Health System Culture and Process to Accelerate PCOR in the ImproveCareNow Network,https://www.pcori.org/research-results/2019/coproducing-learning-health-system-culture-and-process-accelerate-pcor-improvecarenow-network,Cincinnati Children's Hospital Medical Center,Ohio,,,,47
"Enhancing Engagement, Research Participation, & Collaboration through the IBD Partners Patient Powered Research Network",https://www.pcori.org/research-results/2019/enhancing-engagement-research-participation-collaboration-through-ibd-partners-patient-powered-research-network,"Crohn's & Colitis Foundation, Inc.",New York,,,,47
"PARTNERS - Enabling Real-time, Personalized Engagement in Research: An App-based Approach",https://www.pcori.org/research-results/2019/partners-enabling-real-time-personalized-engagement-research-app-based-approach,Boston Children's Hospital,Massachusetts,,,,47
Bridging the GAP between Patients/Caregivers and COPD Research - The COPD PPRN BRIDGE Project,https://www.pcori.org/research-results/2019/bridging-gap-between-patientscaregivers-and-copd-research-copd-pprn-bridge-project,"COPD Foundation, Inc.",Florida,,,,47
Capacity Building in Nurse-Led Health Centers to Address Substance Use Disorder,https://www.pcori.org/research-results/2019/capacity-building-nurse-led-health-centers-address-substance-use-disorder,National Nurse-Led Care Consortium,Pennsylvania,,,,47
Promoting an Easy-Step Program to Take Charge of Vascular Health in the Greater Kansas City Area,https://www.pcori.org/research-results/2019/promoting-easy-step-program-take-charge-vascular-health-greater-kansas-city-area,Yale University,Connecticut,,,,47
Building Equitable Dissemination Channels for Patient-Centered Outcomes Research,https://www.pcori.org/research-results/2019/building-equitable-dissemination-channels-patient-centered-outcomes-research,Johns Hopkins Bloomberg School of Public Health,Maryland,,,,47
California's Refugee Reproductive Health Network (ReproNet): Engaging Refugee Women in Research Partnerships,https://www.pcori.org/research-results/2019/californias-refugee-reproductive-health-network-repronet-engaging-refugee-women-research-partnerships,"University of California, Irvine",California,,,,47
National Maternal Health Research Network,https://www.pcori.org/research-results/2019/national-maternal-health-research-network,"Health Resources in Action, Inc.",Massachusetts,,,,47
Moving from Evidence to Action: Answering the Whys and Hows of Patient Engagement,https://www.pcori.org/research-results/2019/moving-evidence-action-answering-whys-and-hows-patient-engagement,National Partnership for Women & Families,District of Columbia,,,,47
Engaging Safety Net Health Plans to Disseminate/Use Evidence to Impact Healthcare Delivery,https://www.pcori.org/research-results/2019/engaging-safety-net-health-plans-disseminateuse-evidence-impact-healthcare-delivery,Association for Community Affiliated Plans,District of Columbia,,,,47
Virtual Health Library: Disseminating PCORI Findings to Patients with Dementia at the Point of Care,https://www.pcori.org/research-results/2019/virtual-health-library-disseminating-pcori-findings-patients-dementia-point-care,The Research Foundation For The State University of New York at SUNY Upstate,New York,,,,47
American Indian Health Research & Education Alliance Native Research Ambassador Program,https://www.pcori.org/research-results/2019/american-indian-health-research-education-alliance-native-research-ambassador-program,Lehigh University College of Health,Pennsylvania,,,,47
Engaging Patients with Type B Aortic Dissections as Partners in Patient-Centered Outcomes Research,https://www.pcori.org/research-results/2019/engaging-patients-type-b-aortic-dissections-partners-patient-centered-outcomes-research,University of Washington Department of Surgery,Washington,,,,47
Peer-Led Interventions to Expand Access to Care for Health Plan Members with SMI,https://www.pcori.org/research-results/2019/peer-led-interventions-expand-access-care-health-plan-members-smi,Alliance of Community Health Plans Foundation,District of Columbia,,,,47
Stakeholder Engagement in the Communication of Genetic Information in Phelan-McDermid Syndrome,https://www.pcori.org/research-results/2019/stakeholder-engagement-communication-genetic-information-phelan-mcdermid-syndrome,Phelan-McDermid Syndrome Foundation,Florida,,,,47
Improving Patient-Centered Outcomes: Expanding Engagement of the Osteogenesis Imperfecta Community,https://www.pcori.org/research-results/2019/improving-patient-centered-outcomes-expanding-engagement-osteogenesis-imperfecta-community,Osteogenesis Imperfecta Foundation,Maryland,,,,48
Expanding Capacity of Patient Advocates to Support PCOR in Breast Cancer,https://www.pcori.org/research-results/2019/expanding-capacity-patient-advocates-support-pcor-breast-cancer,National Breast Cancer Coalition,District of Columbia,,,,48
The PROMISE Study: Patient-Centered Online Training in Methods and Design to advance Home Visiting Research,https://www.pcori.org/research-results/2019/promise-study-patient-centered-online-training-methods-and-design-advance-home-visiting-research,Northwestern University Feinberg School of Medicine,Illinois,,,,48
Development of a Regional Transgender Health Research and Education Collaborative in the Southern US,https://www.pcori.org/research-results/2019/development-regional-transgender-health-research-and-education-collaborative-southern-us,Fay W. Boozman College of Public Health University of Arkansas for Medical Sciences,Arkansas,,,,48
Veterans Action League 2.0: Developing a National Veteran-Centered Chronic Pain Research Agenda,https://www.pcori.org/research-results/2019/veterans-action-league-20-developing-national-veteran-centered-chronic-pain-research-agenda,Florida Atlantic University,Florida,,,,48
Telehealth Research Dissemination Forum,https://www.pcori.org/research-results/2019/telehealth-research-dissemination-forum,American Telemedicine Association,Virginia,,,,48
AAKP National Patient Meeting - PCOR Track,https://www.pcori.org/research-results/2019/aakp-national-patient-meeting-pcor-track,American Association of Kidney Patients,Florida,,,,48
ECANA Conference,https://www.pcori.org/research-results/2019/ecana-conference,University of Washington,Washington,,,,48
ALGSA 2019 Symposium and Scientific Meeting,https://www.pcori.org/research-results/2019/algsa-2019-symposium-and-scientific-meeting,Alagille Syndrome Alliance,Oregon,,,,48
National Alliance & IBI Build Capacity on Patient-Centered Benefit Program Strategies,https://www.pcori.org/research-results/2019/national-alliance-ibi-build-capacity-patient-centered-benefit-program-strategies,National Alliance of Healthcare Purchaser Coalitions,District of Columbia,,,,48
Learning to Engage -- and Be Engaged: Two Intersecting Curricula,https://www.pcori.org/research-results/2019/learning-engage-and-be-engaged-two-intersecting-curricula,Geisinger Clinic,Pennsylvania,,,,48
Ensuring Foster Youth Are Only Prescribed Psychotropic Medication When in Their Best Interest,https://www.pcori.org/research-results/2019/ensuring-foster-youth-are-only-prescribed-psychotropic-medication-when-their-best-interest,National Center for Youth Law,California,,,,48
Treating Tourette's Together,https://www.pcori.org/research-results/2019/treating-tourettes-together,Tourette Association of America,New York,,,,48
Functional Impacts of Resective and Disconnective Pediatric Epilepsy Surgery: Identifying Gaps & Setting PCOR Priorities,https://www.pcori.org/research-results/2019/functional-impacts-resective-and-disconnective-pediatric-epilepsy-surgery-identifying-gaps-setting-pcor-priorities,The Brain Recovery Project,California,,,,48
Diagnostic Researcher Workshop,https://www.pcori.org/research-results/2019/diagnostic-researcher-workshop,Society to Improve Diagnosis in Medicine,Illinois,,,,48
Mag-PCOR Muna Tayo: Nationwide Capacity Building for Filipino-Americans to Engage in PCOR and CER,https://www.pcori.org/research-results/2019/mag-pcor-muna-tayo-nationwide-capacity-building-filipino-americans-engage-pcor-and-cer,University of Texas Health Science Center at San Antonio,Texas,,,,48
Senior Patient & Family Caregiver Network,https://www.pcori.org/research-results/2019/senior-patient-family-caregiver-network,Alliance for Aging Research,District of Columbia,,,,48
Disseminating PCOR on Telehealth to State Health Policymakers to Maximize its Relevance & Impact,https://www.pcori.org/research-results/2019/disseminating-pcor-telehealth-state-health-policymakers-maximize-its-relevance-impact,Center for Health Policy Development,Maine,,,,48
Building Community Capacity to Address Racial Disparity in Maternal Mortality/Morbidity,https://www.pcori.org/research-results/2019/building-community-capacity-address-racial-disparity-maternal-mortalitymorbidity,"Perinatal Network of Monroe County, Inc.",New York,,,,48
Collegiate Recovery: Engaging the Campus Community in Students’ Recovery Needs,https://www.pcori.org/research-results/2019/collegiate-recovery-engaging-campus-community-students-recovery-needs,"Regents of the University of California, on behalf of the Riverside campus",California,,,,48
The National Alliance Executes Collaboration Model with PCORI & Expands Employer Dissemination Strategy,https://www.pcori.org/research-results/2019/national-alliance-executes-collaboration-model-pcori-expands-employer-dissemination-strategy,National Alliance of Healthcare Purchaser Coalitions,District of Columbia,,,,48
Perinatal Depression Research Engagement Symposium,https://www.pcori.org/research-results/2019/perinatal-depression-research-engagement-symposium,Board of Trustees of the University of Illinois,Illinois,,,,48
"Advancement of PCORnet Infrastructure: Data Linkage Project with Aetna Affiliate Healthagen, LLC",https://www.pcori.org/research-results/2019/advancement-pcornet-infrastructure-data-linkage-project-aetna-affiliate-healthagen-llc,"Healthagen, LLC",Connecticut,,,,48
Comparing Two Ways To Provide Pregnant Women With Prenatal Care and Treatment for Opioid Use Disorder,https://www.pcori.org/research-results/2019/comparing-two-ways-provide-pregnant-women-prenatal-care-and-treatment-opioid-use-disorder,Yale University School of Medicine,Connecticut,,,,48
Testing a Direct Hospital Admission Program to Improve the Timeliness of Care among Children,https://www.pcori.org/research-results/2019/testing-direct-hospital-admission-program-improve-timeliness-care-among-children,Dartmouth-Hitchcock Clinic,New Hampshire,,,,48
Comparing Acupuncture and Massage to Treat Pain in Patients with Advanced Cancer -- The IMPACT Study,https://www.pcori.org/research-results/2019/comparing-acupuncture-and-massage-treat-pain-patients-advanced-cancer-impact-study,Memorial Sloan Kettering Cancer Center,New York,,,,49
Comparing Three Ways to Help Patients with Opioid Use Disorder Take Medicines as Prescribed,https://www.pcori.org/research-results/2019/comparing-three-ways-help-patients-opioid-use-disorder-take-medicines-prescribed,Johns Hopkins University School of Medicine,Maryland,,,,49
Comparing the Effectiveness of Four Ways To Treat Opioid Use Disorder,https://www.pcori.org/research-results/2019/comparing-effectiveness-four-ways-treat-opioid-use-disorder,Philadelphia College of Osteopathic Medicine,Pennsylvania,,,,49
Comparing the Effectiveness of A Family Counseling Program To Standard Support To Promote Treatment Retention Among People With Opioid Use Disorder,https://www.pcori.org/research-results/2019/comparing-effectiveness-family-counseling-program-standard-support-promote-treatment-retention-among-people-opioid-use-disorder,Stanford University,California,,,,49
Developing and Testing New Methods for Comparing Outcomes Across Groups of Patients in Observational Studies,https://www.pcori.org/research-results/2019/developing-and-testing-new-methods-comparing-outcomes-across-groups-patients-observational-studies,Duke University,North Carolina,,,,49
A New Method to Create Personalized Treatment Guidance Using Patient Health Data,https://www.pcori.org/research-results/2019/new-method-create-personalized-treatment-guidance-using-patient-health-data,University of Wisconsin School of Medicine and Public Health,Wisconsin,,,,49
Comparing 'Just-in-Time' to Conventional Consent for Randomized Trials With Usual Care Controls,https://www.pcori.org/research-results/2019/comparing-just-time-conventional-consent-randomized-trials-usual-care-controls,Sloan-Kettering Institute For Cancer Research,New York,,,,49
Comparing Three Ways to Treat Chronic Insomnia Among Patients Living in Rural Areas -- The COZI Study,https://www.pcori.org/research-results/2019/comparing-three-ways-treat-chronic-insomnia-among-patients-living-rural-areas-cozi-study,Sutter Bay Hospital,California,,,,49
Comparing Two Ways to Help Patients with Sickle Cell Disease Manage Pain -- The CaRISMA Study,https://www.pcori.org/research-results/2019/comparing-two-ways-help-patients-sickle-cell-disease-manage-pain-carisma-study,University of Pittsburgh,Pennsylvania,,,,49
Comparing Group Versus Individual-Based Prenatal Care Services To Reduce Depressive Symptoms,https://www.pcori.org/research-results/2019/comparing-group-versus-individual-based-prenatal-care-services-reduce-depressive-symptoms,"University of California, San Francisco",California,,,,49
Putting a Diabetes Risk Prediction Tool into Practice to Support Shared Clinical Decision Making,https://www.pcori.org/research-results/2019/putting-diabetes-risk-prediction-tool-practice-support-shared-clinical-decision-making,"The Regents of the University of California, Los Angeles",California,,,,49
Shared Decision Making for Weight Loss Surgery in Patients with Severe Obesity,https://www.pcori.org/research-results/2019/shared-decision-making-weight-loss-surgery-patients-severe-obesity,Kaiser Foundation Health Plan of Washington,Washington,,,,49
Stronger Together: Nonprofit Groups Propelling Patient-Driven Research of Rare Neuromuscular Diseases,https://www.pcori.org/research-results/2019/stronger-together-nonprofit-groups-propelling-patient-driven-research-rare-neuromuscular-diseases,Cure CMD,California,,,,49
APDA Diversity in Parkinson's Disease Research Initiative,https://www.pcori.org/research-results/2019/apda-diversity-parkinsons-disease-research-initiative,American Parkinson Disease Association (APDA),New York,,,,49
KAND Scientific and Family Engagement Conference,https://www.pcori.org/research-results/2019/kand-scientific-and-family-engagement-conference,KIF1A.ORG,New York,,,,49
Learning Collaborative to Address Disability Equity in Healthcare (LEADERs),https://www.pcori.org/research-results/2019/learning-collaborative-address-disability-equity-healthcare-leaders,University of Colorado Denver,Colorado,,,,49
Expanding a Program That Trains Peers to Support Patients with Sleep Apnea,https://www.pcori.org/research-results/2019/expanding-program-trains-peers-support-patients-sleep-apnea,University of Arizona,Arizona,,,,49
Expanding the Use of IMPaCT: A Community Health Worker Program,https://www.pcori.org/research-results/2019/expanding-use-impact-community-health-worker-program,University of Pennsylvania Perelman School of Medicine,Pennsylvania,,,,49
PCOR/CER Conferences for Engaging Key Stakeholders in Metastatic Cancer Research and Treatment,https://www.pcori.org/research-results/2019/pcorcer-conferences-engaging-key-stakeholders-metastatic-cancer-research-and-treatment,METAvivor Research and Support Inc.,Maryland,,,,49
Health Care Horizon Scanning System,https://www.pcori.org/research-results/2018/health-care-horizon-scanning-system,ECRI,Pennsylvania,,,,49
Stroke and Blood Clot Risk in Transgender Women Taking Hormones,https://www.pcori.org/research-results/2018/stroke-and-blood-clot-risk-transgender-women-taking-hormones,Emory University,Georgia,,,,49
Pilot Evidence Maps: Pelvic Floor Muscle Training for Urinary Incontinence,https://www.pcori.org/research-results/2018/pilot-evidence-maps-pelvic-floor-muscle-training-urinary-incontinence,ECRI,Pennsylvania,,,,49
Pilot Evidence Maps: Treatments for Early-Stage Prostate Cancer,https://www.pcori.org/research-results/2018/pilot-evidence-maps-treatments-early-stage-prostate-cancer,RTI,North Carolina,,,,49
Understanding the Culture of Learning Health Networks,https://www.pcori.org/research-results/2018/understanding-culture-learning-health-networks,University of Michigan,Michigan,,,,49
Pilot Evidence Maps: The Impact of mHealth for Self-Management of Chronic Disease on Patient-Centered Outcomes,https://www.pcori.org/research-results/2018/pilot-evidence-maps-impact-mhealth-self-management-chronic-disease-patient-centered-outcomes,ECRI,Pennsylvania,,,,49
Using PCORnet to Track Patient-Reported Symptoms of Heart Failure,https://www.pcori.org/research-results/2018/using-pcornet-track-patient-reported-symptoms-heart-failure,Vanderbilt University Medical Center,Tennessee,,,,50
Emerging Technologies and Therapeutics Reports: Landscape Review and Evidence Map of Gene Therapy,https://www.pcori.org/research-results/2018/emerging-technologies-and-therapeutics-reports-landscape-review-and-evidence-map-gene-therapy,RAND Corporation,California,,,,50
Engaging Language Professionals for Patient-Centered Outcomes Research with Latinos,https://www.pcori.org/research-results/2018/engaging-language-professionals-patient-centered-outcomes-research-latinos,The Ohio State University,Ohio,,,,50
Translating Research Into Reality: Creating a Hub Model for Transforming Healthcare,https://www.pcori.org/research-results/2018/translating-research-reality-creating-hub-model-transforming-healthcare,Access Health Columbus DBA The Healthcare Collaborative of Greater Columbus,Ohio,,,,50
Vascular Ehlers-Danlos Syndrome Patient-Centered Research Conference,https://www.pcori.org/research-results/2018/vascular-ehlers-danlos-syndrome-patient-centered-research-conference,University of Washington Department of Surgery,Washington,,,,50
West Virginia AWARE (Asking Women About Relationship Experiences),https://www.pcori.org/research-results/2018/west-virginia-aware-asking-women-about-relationship-experiences,West Virginia Coalition Against Domestic Violence,West Virginia,,,,50
ENCORES,https://www.pcori.org/research-results/2018/encores,LSU Health New Orleans,Louisiana,,,,50
Rapid Engagement of the Opioid Research Consortium of Central Appalachia (ORCA),https://www.pcori.org/research-results/2018/rapid-engagement-opioid-research-consortium-central-appalachia-orca,Virginia Polytechnic Institute and State University,Virginia,,,,50
Building Sustainable Infrastructure to Disseminate PCOR and CER Findings to Primary Care Audiences,https://www.pcori.org/research-results/2018/building-sustainable-infrastructure-disseminate-pcor-and-cer-findings-primary-care-audiences,American Academy of Family Physicians,Kansas,,,,50
"Supporting Families in Crisis: Through Partnerships, Engagement & Research Conference",https://www.pcori.org/research-results/2018/supporting-families-crisis-through-partnerships-engagement-research-conference,University of Arkansas for Medical Sciences,Arkansas,,,,50
Patients Lead: Identifying Meaningful Outcomes to Drive Substance Use Disorders Research and Care,https://www.pcori.org/research-results/2018/patients-lead-identifying-meaningful-outcomes-drive-substance-use-disorders-research-and-care,Community Catalyst,Massachusetts,,,,50
Informing the Policy Dialogue on Comparative Effectiveness Research,https://www.pcori.org/research-results/2018/informing-policy-dialogue-comparative-effectiveness-research,Alliance for Health Policy,District of Columbia,,,,50
Disseminating Patient-Driven Standards for Quality Cancer Survivorship Care,https://www.pcori.org/research-results/2018/disseminating-patient-driven-standards-quality-cancer-survivorship-care,George Washington University,District of Columbia,,,,50
Rhode Island Community-Academic Partnership for Behavioral Health,https://www.pcori.org/research-results/2018/rhode-island-community-academic-partnership-behavioral-health,Brown University School of Public Health,Rhode Island,,,,50
Integrating Patient-centered Outcomes Research into Wikipedia: An Initiative to Increase Capacity and Build Partnerships,https://www.pcori.org/research-results/2018/integrating-patient-centered-outcomes-research-wikipedia-initiative-increase-capacity-and-build-partnerships,Board of Trustees of the Leland Stanford Junior University,California,,,,50
Learning Together: Engaging Patients in Professional Development of Physicians and Healthcare Teams,https://www.pcori.org/research-results/2018/learning-together-engaging-patients-professional-development-physicians-and-healthcare-teams,Accreditation Council for Continuing Medical Education,Illinois,,,,50
Management of Mental Health Problems Among Gender Non-conforming Youth,https://www.pcori.org/research-results/2018/management-mental-health-problems-among-gender-non-conforming-youth,Emory University,Georgia,,,,50
Open Data Roundtable Series: Sharing and Utilizing Data to Enhance and Protect Health and Well-Being,https://www.pcori.org/research-results/2018/open-data-roundtable-series-sharing-and-utilizing-data-enhance-and-protect-health-and-well-being,The Center for Open Data Enterprise,District of Columbia,,,,50
Boston BRI…DGE: The Potential of PCOR and CER to Address Health Disparities in Boston's Neighborhoods,https://www.pcori.org/research-results/2018/boston-bridge-potential-pcor-and-cer-address-health-disparities-bostons-neighborhoods,Center for Community Health Education Research and Service,Massachusetts,,,,50
Using Social Media Engagement to Raise Pre-Diabetes Awareness for Rural Idaho Latinos,https://www.pcori.org/research-results/2018/using-social-media-engagement-raise-pre-diabetes-awareness-rural-idaho-latinos,Idaho State University,Idaho,,,,50
"""PROTEUS"" Patient-Reported Outcomes Tools: Engaging Users & Stakeholders",https://www.pcori.org/research-results/2018/proteus-patient-reported-outcomes-tools-engaging-users-stakeholders,Johns Hopkins University,Maryland,,,,50
Nurturing Engagement in Stakeholders on Transitioning in Autism Spectrum Disorder (NEST),https://www.pcori.org/research-results/2018/nurturing-engagement-stakeholders-transitioning-autism-spectrum-disorder-nest,Emory University,Georgia,,,,50
Engaging Patients in Outcomes Research in TANGO2-related disorder,https://www.pcori.org/research-results/2018/engaging-patients-outcomes-research-tango2-related-disorder,Baylor College of Medicine,Texas,,,,50
Leveraging Patient-Generated Data to Improve Patient Experience: A Consumer-Driven Research Agenda,https://www.pcori.org/research-results/2018/leveraging-patient-generated-data-improve-patient-experience-consumer-driven-research-agenda,AcademyHealth,District of Columbia,,,,50
"Accelerating Systematic Stakeholder, Patient, and Institution Research Engagement (ASPIRE)",https://www.pcori.org/research-results/2018/accelerating-systematic-stakeholder-patient-and-institution-research-engagement-aspire,"University of California, San Francisco",California,,,,50
Building Rural Stakeholder Engagement in Patient-Centered Type 1 Diabetes Research,https://www.pcori.org/research-results/2018/building-rural-stakeholder-engagement-patient-centered-type-1-diabetes-research,Creighton University,Nebraska,,,,51
Engaging African Americans with Mental Illness in Research on Post-Incarceration Health,https://www.pcori.org/research-results/2018/engaging-african-americans-mental-illness-research-post-incarceration-health,Illinois Institute of Technology,Illinois,,,,51
Women Involved Network (WIN for Kansas): Community Collaboration to Create Health Equity,https://www.pcori.org/research-results/2018/women-involved-network-win-kansas-community-collaboration-create-health-equity,Wichita State University,Kansas,,,,51
Series of Workshops on CER Methods for Time-varying Treatments,https://www.pcori.org/research-results/2018/series-workshops-cer-methods-time-varying-treatments,"Medical Technology & Practice Patterns Institute, Inc.",Maryland,,,,51
"Behavioral Health Aspects of Depression and Anxiety in the American Male: Identifying Areas for Patient-Centered Outcome-Oriented Needs, Best Practices, and Future Research",https://www.pcori.org/research-results/2018/behavioral-health-aspects-depression-and-anxiety-american-male-identifying-areas-patient-centered-outcome-oriented-needs-best-practices-and-future-research,Men's Health Network,Virginia,,,,51
Building PCOR Capacity with Newcomer Patients in Practice-based Research Networks,https://www.pcori.org/research-results/2018/building-pcor-capacity-newcomer-patients-practice-based-research-networks,American Academy of Family Physicians,Kansas,,,,51
Adult Experiences in Glut1 Deficiency,https://www.pcori.org/research-results/2018/adult-experiences-glut1-deficiency,Glut1 Deficiency Foundation,Kentucky,,,,51
Cholangiocarcinoma Foundation 6th Annual Conference,https://www.pcori.org/research-results/2018/cholangiocarcinoma-foundation-6th-annual-conference,Cholangiocarcinoma Foundation,Utah,,,,51
Developing Learning Healthcare Systems,https://www.pcori.org/research-results/2018/developing-learning-healthcare-systems,"Kaiser Foundation Research Institute, a Division of Kaiser Foundation Hospitals",California,,,,51
Better Care and Outcomes for Dialysis Patients: Implementation of PCORI Findings Using ESRD Networks,https://www.pcori.org/research-results/2018/better-care-and-outcomes-dialysis-patients-implementation-pcori-findings-using-esrd-networks,"Medical Technology & Practice Patterns Institute, Inc.",Maryland,,,,51
UPMC Conference on Accelerating Stakeholder-Driven PCOR/CER in a Learning Health System,https://www.pcori.org/research-results/2018/upmc-conference-accelerating-stakeholder-driven-pcorcer-learning-health-system,UPMC Center for High-Value Health Care,Pennsylvania,,,,51
Four Corners: TGNC Health Research Advisory Network,https://www.pcori.org/research-results/2018/four-corners-tgnc-health-research-advisory-network,Howard Brown Health Center,Illinois,,,,51
"Building Capacity for PCOR among Hispanic Faith-Leaders: Access, Communication, and Trust of PCOR",https://www.pcori.org/research-results/2018/building-capacity-pcor-among-hispanic-faith-leaders-access-communication-and-trust-pcor,Mayo Clinic Florida,Florida,,,,51
Establishing a Behavioral Health PBRN: The Patient-centeREd Project Collaborative (PREP COLLAB),https://www.pcori.org/research-results/2018/establishing-behavioral-health-pbrn-patient-centered-project-collaborative-prep-collab,Swedish Health Services,Washington,,,,51
Supporting State-University Partnerships for Collaboration and Dissemination,https://www.pcori.org/research-results/2018/supporting-state-university-partnerships-collaboration-and-dissemination,AcademyHealth,District of Columbia,,,,51
FAITH Network Research Advocates,https://www.pcori.org/research-results/2018/faith-network-research-advocates,University of Arkansas for Medical Sciences,Arkansas,,,,51
Rural Patient and Stakeholder Engagement in Research,https://www.pcori.org/research-results/2018/rural-patient-and-stakeholder-engagement-research,University of Nebraska Medical Center - College of Public Health,Nebraska,,,,51
Engaging Patient Stakeholders-Informing Research and Engagement: UI Cancer Center Patient Brigade,https://www.pcori.org/research-results/2018/engaging-patient-stakeholders-informing-research-and-engagement-ui-cancer-center-patient-brigade,University of Illinois at Chicago,Illinois,,,,51
Building a Health Equity Leaders Network to Disseminate & Use Evidence to Transform Health Systems,https://www.pcori.org/research-results/2018/building-health-equity-leaders-network-disseminate-use-evidence-transform-health-systems,Families USA,District of Columbia,,,,51
New Haven Health Leaders: Mobilizing Communities for Research and Action,https://www.pcori.org/research-results/2018/new-haven-health-leaders-mobilizing-communities-research-and-action,Southern Connecticut State University,Connecticut,,,,51
PathED Collaborative: Building A Tampa Bay Behavioral Health Pathway to Care PCOR/CER Network,https://www.pcori.org/research-results/2018/pathed-collaborative-building-tampa-bay-behavioral-health-pathway-care-pcorcer-network,University of South Florida,Florida,,,,51
Research Engagement with People with Intellectual and Developmental Disabilities,https://www.pcori.org/research-results/2018/research-engagement-people-intellectual-and-developmental-disabilities,"University of Wisconsin, Madison",Wisconsin,,,,51
"A Statewide Community Pharmacy Research Network that Aligns Patients, Pharmacists & Researchers",https://www.pcori.org/research-results/2018/statewide-community-pharmacy-research-network-aligns-patients-pharmacists-researchers,University of Pittsburgh,Pennsylvania,,,,51
Cancer Center without Walls: Advancing Patient-Centered Research for Cancer Control in Rural VA,https://www.pcori.org/research-results/2018/cancer-center-without-walls-advancing-patient-centered-research-cancer-control-rural-va,University of Virginia,Virginia,,,,51
The STRETCH Project: To Build Capacity Advancing Patient-centered Research in Ehlers-Danlos Syndrome,https://www.pcori.org/research-results/2018/stretch-project-build-capacity-advancing-patient-centered-research-ehlers-danlos-syndrome,Pennsylvania State University Hershey Medical Center,Pennsylvania,,,,51
Stakeholder Alliance for Better Palliative Care for People with Dementia and their Caregivers,https://www.pcori.org/research-results/2018/stakeholder-alliance-better-palliative-care-people-dementia-and-their-caregivers,The University of Texas Health Science Center at San Antonio,Texas,,,,52
Regional Leadership Forums on Advanced Illness Care,https://www.pcori.org/research-results/2018/regional-leadership-forums-advanced-illness-care,Coalition to Transform Advanced Care,District of Columbia,,,,52
Comparing Clinic-Based Health Behavior Counseling With and Without a Digital Intervention to Promote Healthy Weight and Prevent Obesity by Age 2 -- The Greenlight Plus Trial,https://www.pcori.org/research-results/2018/comparing-clinic-based-health-behavior-counseling-and-without-digital-intervention-promote-healthy-weight-and-prevent-obesity-age-2-greenlight-plus-trial,Vanderbilt University Medical Center,Tennessee,,,,52
Comparing the Effectiveness of Task-Sharing and Telemedicine to Specialists and In-Person Psychotherapy for Treating Depression and Anxiety Among Pregnant and Postpartum Women,https://www.pcori.org/research-results/2018/comparing-effectiveness-task-sharing-and-telemedicine-specialists-and-person-psychotherapy-treating-depression-and-anxiety-among-pregnant-and-postpartum-women,Sinai Health System (Canada),N/A,,,,52
Re-Think the Strip: Stopping Glucose Monitoring for Non-Insulin Treated Type 2 Diabetes,https://www.pcori.org/research-results/2018/re-think-strip-stopping-glucose-monitoring-non-insulin-treated-type-2-diabetes,The University of North Carolina at Chapel Hill,North Carolina,,,,52
Expanding a Community Health Worker Home Visit Program for Patients with Asthma,https://www.pcori.org/research-results/2018/expanding-community-health-worker-home-visit-program-patients-asthma,Public Health - Seattle & King County,Washington,,,,52
A New Natural Language Processing Method to Study Whether Patients Take Medicine as Directed,https://www.pcori.org/research-results/2018/new-natural-language-processing-method-study-whether-patients-take-medicine-directed,The University of Texas Health Science Center at Houston,Texas,,,,52
Developing an Incremental Privacy-Preserving Record Linkage Method to Improve Data Sharing and Data Quality,https://www.pcori.org/research-results/2018/developing-incremental-privacy-preserving-record-linkage-method-improve-data-sharing-and-data-quality,Anschutz Medical Campus - University of Colorado Denver,Colorado,,,,52
Developing New Statistical Methods for Using Electronic Health Records to Study the Effects of Medicines When They Are Not Taken as Directed,https://www.pcori.org/research-results/2018/developing-new-statistical-methods-using-electronic-health-records-study-effects-medicines-when-they-are-not-taken-directed,Kaiser Foundation Research Institute,California,,,,52
Comparing Two Ways to Increase the Use of Primary HPV Testing to Screen for Cervical Cancer,https://www.pcori.org/research-results/2018/comparing-two-ways-increase-use-primary-hpv-testing-screen-cervical-cancer,Kaiser Foundation Research Institute,California,,,,52
Comparing Two Behavioral Health Programs in Schools to Improve Students’ Mental Health and Academic Outcomes,https://www.pcori.org/research-results/2018/comparing-two-behavioral-health-programs-schools-improve-students-mental-health-and-academic-outcomes,University of South Carolina,South Carolina,,,,52
Comparing Two Ways To Offer Behavioral Health Services for Children With Attention-Deficit/Hyperactivity Disorder in Primary Care,https://www.pcori.org/research-results/2018/comparing-two-ways-offer-behavioral-health-services-children-attention-deficithyperactivity-disorder-primary-care,Children's Hospital of Philadelphia,Pennsylvania,,,,52
Testing the Use of a Smartphone App with Patient Navigation to Improve Health for Patients Living with HIV -- The LEAN Study,https://www.pcori.org/research-results/2018/testing-use-smartphone-app-patient-navigation-improve-health-patients-living-hiv-lean-study,Johns Hopkins University,Maryland,,,,52
Comparing the Effectiveness of Two Treatments for Dental Cavities in Older Adults,https://www.pcori.org/research-results/2018/comparing-effectiveness-two-treatments-dental-cavities-older-adults,Case Western Reserve University,Ohio,,,,52
Comparing Two Ways to Help Sexual and Gender Minority Men Who Have Been Sexually Abused Reduce Depression and Increase Mental Health Treatment Engagement,https://www.pcori.org/research-results/2018/comparing-two-ways-help-sexual-and-gender-minority-men-who-have-been-sexually-abused-reduce-depression-and-increase-mental-health-treatment-engagement,Yale University,Connecticut,,,,52
Comparing the Effectiveness of Four Ways To Promote Quitting Smoking for Adult Smokers Referred for Lung Cancer Screenings,https://www.pcori.org/research-results/2018/comparing-effectiveness-four-ways-promote-quitting-smoking-adult-smokers-referred-lung-cancer-screenings,University of Pennsylvania,Pennsylvania,,,,52
Comparison of Surgery and Medicine on the Impact of Diverticulitis,https://www.pcori.org/research-results/2018/comparison-surgery-and-medicine-impact-diverticulitis,University of Washington,Washington,,,,52
Comparing the Effectiveness of Inpatient Versus Outpatient Psychiatric Care for Treating Adolescents After a Suicidal Event,https://www.pcori.org/research-results/2018/comparing-effectiveness-inpatient-versus-outpatient-psychiatric-care-treating-adolescents-after-suicidal-event,Cincinnati Children's Hospital Medical Center,Ohio,,,,52
Giving Hospitals Feedback to Reduce Radiation in CT Scans,https://www.pcori.org/research-results/2018/giving-hospitals-feedback-reduce-radiation-ct-scans,"University of California, San Francisco",California,,,,52
TransForward: A Statewide Transgender-Powered Research Collaborative in Texas,https://www.pcori.org/research-results/2018/transforward-statewide-transgender-powered-research-collaborative-texas,Texas Health Institute,Texas,,,,52
Empowering Partners: Engaging Individuals with Dementia and Care Partners in PCOR/CER,https://www.pcori.org/research-results/2018/empowering-partners-engaging-individuals-dementia-and-care-partners-pcorcer,"LiveWell Alliance, Inc.",Connecticut,,,,52
Patient Centered Outcomes Research for Employees (PCORE) of Milwaukee's Near West Side,https://www.pcori.org/research-results/2018/patient-centered-outcomes-research-employees-pcore-milwaukees-near-west-side,Marquette University,Wisconsin,,,,52
Building Research Partnerships to Improve Sexual and Reproductive Health for Women with CF (Cystic Fibrosis),https://www.pcori.org/research-results/2018/building-research-partnerships-improve-sexual-and-reproductive-health-women-cf-cystic-fibrosis,University of Washington,Washington,,,,52
Moving Beyond Population Averages: Patient Principles for a Personalized Medicine Research Agenda,https://www.pcori.org/research-results/2018/moving-beyond-population-averages-patient-principles-personalized-medicine-research-agenda,Personalized Medicine Coalition,District of Columbia,,,,52
Spreading the Word: Training Journalists and Researchers to Communicate PCORI CER Findings,https://www.pcori.org/research-results/2018/spreading-word-training-journalists-and-researchers-communicate-pcori-cer-findings,National Center for Health Research,District of Columbia,,,,52
Recovery Movement Research Priorities,https://www.pcori.org/research-results/2018/recovery-movement-research-priorities,Poetry for Personal Power,Kansas,,,,53
Patients Assigned to Research Teams with Nurses and ER providers to Enhance Diagnosis (PARTNERED),https://www.pcori.org/research-results/2018/patients-assigned-research-teams-nurses-and-er-providers-enhance-diagnosis-partnered,Johns Hopkins School of Medicine,Maryland,,,,53
Engaging Asian Communities in Palliative Care in Nevada (EACPAC),https://www.pcori.org/research-results/2018/engaging-asian-communities-palliative-care-nevada-eacpac,"Board of Regents, NSHE, obo University of Nevada, Las Vegas",Nevada,,,,53
2019 NEC Symposium,https://www.pcori.org/research-results/2018/2019-nec-symposium,NEC Society,California,,,,53
National Share the Experience 2018,https://www.pcori.org/research-results/2018/national-share-experience-2018,"Respecting Choices, a Division of C-TAC Innovations",Wisconsin,,,,53
Primer on Organizational Readiness for PCOR Uptake for Community Organizations Providing Behavioral Health Services to Latinos,https://www.pcori.org/research-results/2018/primer-organizational-readiness-pcor-uptake-community-organizations-providing-behavioral-health-services-latinos,El Futuro Inc.,North Carolina,,,,53
Translating Comparative Effectiveness Research Using the GRADE Approach (2018),https://www.pcori.org/research-results/2018/translating-comparative-effectiveness-research-using-grade-approach-2018,American Urological Association,Maryland,,,,53
Engagement in Health Decision Making Across the Lifespan,https://www.pcori.org/research-results/2018/engagement-health-decision-making-across-lifespan,Society for Medical Decision Making,New Jersey,,,,53
Fostering Stakeholder Engagement Using Patient Stories,https://www.pcori.org/research-results/2018/fostering-stakeholder-engagement-using-patient-stories,University of Pittsburgh,Pennsylvania,,,,53
Increasing Patient-Community Capacity to Engage on Value Assessment,https://www.pcori.org/research-results/2018/increasing-patient-community-capacity-engage-value-assessment,National Health Council,District of Columbia,,,,53
Building the PCPCC Network to Promote High-Impact Dissemination and Accelerate Practice & Policy Change,https://www.pcori.org/research-results/2018/building-pcpcc-network-promote-high-impact-dissemination-and-accelerate-practice-policy-change,Patient Centered Primary Care Collaborative,District of Columbia,,,,53
Creating a Community with Mothers with Mental Illness Using Opioids,https://www.pcori.org/research-results/2018/creating-community-mothers-mental-illness-using-opioids,Brandeis University,Massachusetts,,,,53
Gathering of Good Minds: Adapting a Historical Trauma Curriculum for Patients and Providers,https://www.pcori.org/research-results/2018/gathering-good-minds-adapting-historical-trauma-curriculum-patients-and-providers,Regents of University of California (on behalf of Riverside campus),California,,,,53
Growing PEACHnet: Cultivating Patient Centered Outcomes Research in Western Colorado,https://www.pcori.org/research-results/2018/growing-peachnet-cultivating-patient-centered-outcomes-research-western-colorado,University of Colorado Denver,Colorado,,,,53
Turner Resource Network Symposium: Turner Science in the 21st Century,https://www.pcori.org/research-results/2018/turner-resource-network-symposium-turner-science-21st-century,Turner Syndrome Global Alliance,Kansas,,,,53
2018 IPBC International Perinatal Bereavement Conference,https://www.pcori.org/research-results/2018/2018-ipbc-international-perinatal-bereavement-conference,Pregnancy Loss and Infant Death Alliance,Colorado,,,,53
Expanding Engagement in Dravet Syndrome and Developing a Best Practice Paradigm for Other Rare Disease Communities,https://www.pcori.org/research-results/2018/expanding-engagement-dravet-syndrome-and-developing-best-practice-paradigm-other-rare-disease-communities,Dravet Syndrome Foundation,New Jersey,,,,53
Comparing Two Methods of Delivering Remote Cognitive Behavior Therapy Versus Usual Care for Adults With Depression,https://www.pcori.org/research-results/2018/comparing-two-methods-delivering-remote-cognitive-behavior-therapy-versus-usual-care-adults-depression,University of South Florida,Florida,,,,53
Comparing Two Treatment Options for Recurrent Bladder Cancer,https://www.pcori.org/research-results/2018/comparing-two-treatment-options-recurrent-bladder-cancer,"University of Washington Office of Sponsored Programs, Department of Urology",Washington,,,,53
Comparing the Effectiveness of Two Ways for Hospitals To Help Adults Recover During and After Stroke,https://www.pcori.org/research-results/2018/comparing-effectiveness-two-ways-hospitals-help-adults-recover-during-and-after-stroke,Vanderbilt University Medical Center,Tennessee,,,,53
Developing and Testing New Methods for Linking and Analyzing Multiple Data Sources with Limited Patient Identifiers,https://www.pcori.org/research-results/2018/developing-and-testing-new-methods-linking-and-analyzing-multiple-data-sources-limited-patient-identifiers,Brown University,Rhode Island,,,,53
Applying Results from Randomized Controlled Trials to Patients in Clinical Practice Using Hybrid Study Methods,https://www.pcori.org/research-results/2018/applying-results-randomized-controlled-trials-patients-clinical-practice-using-hybrid-study-methods,The University of North Carolina at Chapel Hill,North Carolina,,,,53
Developing and Testing a New Method for Comparing More than Two Treatments Using Electronic Health Records,https://www.pcori.org/research-results/2018/developing-and-testing-new-method-comparing-more-two-treatments-using-electronic-health-records,"Rutgers, The State University of New Jersey",New Jersey,,,,53
Comparing Three Ways to Identify Patients Who Are at High Risk for Family Cancer Syndromes,https://www.pcori.org/research-results/2018/comparing-three-ways-identify-patients-who-are-high-risk-family-cancer-syndromes,Kaiser Foundation Research Institute,California,,,,53
Comparing Two Depression Prevention Programs for Teens -- The Path 2 Purpose Study,https://www.pcori.org/research-results/2018/comparing-two-depression-prevention-programs-teens-path-2-purpose-study,University of Illinois at Chicago,Illinois,,,,53
Comparing the Effectiveness of Two Programs To Treat People With Inflammatory Bowel Disease and Behavioral Health Conditions,https://www.pcori.org/research-results/2018/comparing-effectiveness-two-programs-treat-people-inflammatory-bowel-disease-and-behavioral-health-conditions,UPMC Center for High ValueHealth Care,Pennsylvania,,,,54
Comparing the Effectiveness of Patient-Centered Medical Homes With and Without a Health Coach for Managing Multiple Chronic Conditions,https://www.pcori.org/research-results/2018/comparing-effectiveness-patient-centered-medical-homes-and-without-health-coach-managing-multiple-chronic-conditions,Clinical Directors Network,New York,,,,54
Supporting Shared Decision Making between Clinicians and Older Adults about Colorectal Cancer Screening -- The PRIMED Study,https://www.pcori.org/research-results/2018/supporting-shared-decision-making-between-clinicians-and-older-adults-about-colorectal-cancer-screening-primed-study,Massachusetts General Hospital,Massachusetts,,,,54
Comparing Two Treatments for Patients with an Abnormal Heartbeat -- The TRAVERSE Trial,https://www.pcori.org/research-results/2018/comparing-two-treatments-patients-abnormal-heartbeat-traverse-trial,University of California San Francisco,California,,,,54
Comparing the Safety and Effectiveness of Metformin with Other Medicines for Patients with Type 2 Diabetes and Chronic Kidney Disease,https://www.pcori.org/research-results/2018/comparing-safety-and-effectiveness-metformin-other-medicines-patients-type-2-diabetes-and-chronic-kidney-disease,Joan and Sanford I. Weill Medical College of Cornell University,New York,,,,54
Comparing Universal versus Focused Screening for Depression among Teens in High School -- The SHIELD Trial,https://www.pcori.org/research-results/2018/comparing-universal-versus-focused-screening-depression-among-teens-high-school-shield-trial,Penn State Health Milton S. Hershey Medical Center,Pennsylvania,,,,54
Comparing Two Programs to Help Hispanic Patients Manage Type 2 Diabetes -- The CULTURA-DM2 Trial,https://www.pcori.org/research-results/2018/comparing-two-programs-help-hispanic-patients-manage-type-2-diabetes-cultura-dm2-trial,Feinstein Institute for Medical Research,New York,,,,54
Comparing Two Programs to Reduce Unsafe Opioid Prescribing and Improve Outcomes among People Who Are Injured at Work -- The WOW Study,https://www.pcori.org/research-results/2018/comparing-two-programs-reduce-unsafe-opioid-prescribing-and-improve-outcomes-among-people-who-are-injured-work-wow-study,University of Washington,Washington,,,,54
Expanding a Program to Help Clinics and Families Take Steps to Reduce Childhood Obesity,https://www.pcori.org/research-results/2018/expanding-program-help-clinics-and-families-take-steps-reduce-childhood-obesity,Massachusetts General Hospital,Massachusetts,,,,54
Expanding the Use of a Program to Improve Patient Safety for Children in Hospitals,https://www.pcori.org/research-results/2018/expanding-use-program-improve-patient-safety-children-hospitals,The Children's Hospital Corporation,Massachusetts,,,,54
Improving Shared Decision Making for Men with Early-Stage Prostate Cancer,https://www.pcori.org/research-results/2018/improving-shared-decision-making-men-early-stage-prostate-cancer,"Regents of the University of California, Los Angeles",California,,,,54
Expanding Use of a Decision Aid to Help People with Lupus Nephritis Make Decisions about Treatment,https://www.pcori.org/research-results/2018/expanding-use-decision-aid-help-people-lupus-nephritis-make-decisions-about-treatment,University of Alabama at Birmingham,Alabama,,,,54
Using a Decision Aid to Help Patients Make Decisions about Treatment for Fibroids,https://www.pcori.org/research-results/2018/using-decision-aid-help-patients-make-decisions-about-treatment-fibroids,Trustees of Dartmouth College,New Hampshire,,,,54
Expanding a Shared Decision Making Program for Patients Considering LVAD Treatment,https://www.pcori.org/research-results/2018/expanding-shared-decision-making-program-patients-considering-lvad-treatment,University of Colorado Denver,Colorado,,,,54
Dissemination Strategies for Social Prescribing Research,https://www.pcori.org/research-results/2018/dissemination-strategies-social-prescribing-research,"University of California, San Francisco",California,,,,54
Engaging Immigrant Latino Families and Community Stakeholders to Reduce Disparities in Child Obesity,https://www.pcori.org/research-results/2018/engaging-immigrant-latino-families-and-community-stakeholders-reduce-disparities-child-obesity,Johns Hopkins Bayview Medical Center,Maryland,,,,54
"Grassroots PCOR & Engagement in Solano County, California",https://www.pcori.org/research-results/2018/grassroots-pcor-engagement-solano-county-california,Board of Trustees of the Leland Stanford Junior University,California,,,,54
Engaging Patients in Clinical Data Registries,https://www.pcori.org/research-results/2018/engaging-patients-clinical-data-registries,Council of Medical Specialty Societies,Illinois,,,,54
Engaging Medicaid Clinical Leaders to Disseminate/Use Evidence to Impact Healthcare Policy/Practice,https://www.pcori.org/research-results/2018/engaging-medicaid-clinical-leaders-disseminateuse-evidence-impact-healthcare-policypractice,AcademyHealth,District of Columbia,,,,54
PCOR Training for Minority Practitioners and their Patients,https://www.pcori.org/research-results/2018/pcor-training-minority-practitioners-and-their-patients,University of Maryland at Baltimore,Maryland,,,,54
Comparing Two Ways to Deliver Cognitive Behavioral Therapy to Reduce Anxiety Among Youth -- The Kids FACE FEARS Study,https://www.pcori.org/research-results/2018/comparing-two-ways-deliver-cognitive-behavioral-therapy-reduce-anxiety-among-youth-kids-face-fears-study,Boston Medical Center,Massachusetts,,,,54
Comparing Two Approaches to Treat Childhood Obesity -- The TEAM UP Study,https://www.pcori.org/research-results/2018/comparing-two-approaches-treat-childhood-obesity-team-study,Washington University,Missouri,,,,54
Comparing Abatacept to Usual Care for Preventing Disease Worsening in Juvenile Idiopathic Arthritis,https://www.pcori.org/research-results/2018/comparing-abatacept-usual-care-preventing-disease-worsening-juvenile-idiopathic-arthritis,Duke University,North Carolina,,,,54
Comparing Two Approaches for Selecting Medicine to Treat Depression -- The CEPIO-D Study,https://www.pcori.org/research-results/2018/comparing-two-approaches-selecting-medicine-treat-depression-cepio-d-study,Massachusetts General Hospital,Massachusetts,,,,54
Comparing the Order of Three Nonmedical and Nonsurgical Treatments for Chronic Low Back Pain -- The OPTIMIZE Study,https://www.pcori.org/research-results/2018/comparing-order-three-nonmedical-and-nonsurgical-treatments-chronic-low-back-pain-optimize-study,University of Utah,Utah,,,,54
Comparing Two Treatments for Depression among Patients with Advanced Heart Failure,https://www.pcori.org/research-results/2018/comparing-two-treatments-depression-among-patients-advanced-heart-failure,Cedars-Sinai Health System,California,,,,55
"Comparing Ways for Patients, Doctors, and Clinics to Improve Blood Pressure Control -- A PCORnet® Study",https://www.pcori.org/research-results/2018/comparing-ways-patients-doctors-and-clinics-improve-blood-pressure-control-pcornetr-study,University of California San Francisco,California,,,,55
Comparing The Effectiveness of Group Versus Telehealth Prenatal Education Program for Women With Opioid Use Disorder -- The PATH Home Trial,https://www.pcori.org/research-results/2018/comparing-effectiveness-group-versus-telehealth-prenatal-education-program-women-opioid-use-disorder-path-home-trial,University of Kentucky Research Foundation,Kentucky,,,,55
Comparing Medicines to Treat Ulcerative Colitis and Crohn's Disease When Anti-TNF Medicines Don't Work,https://www.pcori.org/research-results/2018/comparing-medicines-treat-ulcerative-colitis-and-crohns-disease-when-anti-tnf-medicines-dont-work,The University of North Carolina at Chapel Hill,North Carolina,,,,55
Comparing Two Approaches to Providing Medicine for Opioid Use Disorder to Pregnant Women -- The MORE Study,https://www.pcori.org/research-results/2018/comparing-two-approaches-providing-medicine-opioid-use-disorder-pregnant-women-more-study,Dartmouth College,New Hampshire,,,,55
Comparing Two Programs for Managing Long-Term Health Problems for People With Lived Experience of Mental Illness,https://www.pcori.org/research-results/2018/comparing-two-programs-managing-long-term-health-problems-people-lived-experience-mental-illness,Dartmouth-Hitchcock Clinic,New Hampshire,,,,55
Comparing Two-Drug to Three-Drug Antibiotic Treatment of Chronic Lung Infections From Mycobacterium Avium Complex (MAC),https://www.pcori.org/research-results/2018/comparing-two-drug-three-drug-antibiotic-treatment-chronic-lung-infections-mycobacterium-avium-complex-mac,Oregon Health & Science University,Oregon,,,,55
Comparing Approaches to Help Patients Enroll in Tobacco Quitlines and Quit Using Tobacco,https://www.pcori.org/research-results/2018/comparing-approaches-help-patients-enroll-tobacco-quitlines-and-quit-using-tobacco,University of Utah,Utah,,,,55
Building Capacity for Stakeholder Engagement in the Mental Health Research Network,https://www.pcori.org/research-results/2018/building-capacity-stakeholder-engagement-mental-health-research-network,Kaiser Foundation Research Institute,California,,,,55
Enhancing Patient Engagement in Community-Based Cancer Outcomes Research,https://www.pcori.org/research-results/2018/enhancing-patient-engagement-community-based-cancer-outcomes-research,Fred Hutchinson Cancer Research Center,Washington,,,,55
Engaging Patients as Partners in Patient Centered Outcomes Research in the Primary Care Safety Net,https://www.pcori.org/research-results/2018/engaging-patients-partners-patient-centered-outcomes-research-primary-care-safety-net,"Morehouse School of Medicine, Inc.",Georgia,,,,55
Building a Scalable Infrastructure to Connect Patients and Researchers (BASIC),https://www.pcori.org/research-results/2018/building-scalable-infrastructure-connect-patients-and-researchers-basic,Asthma and Allergy Foundation of America,Maryland,,,,55
Transforming Care by Engaging Patients as Palliative Care Ambassadors,https://www.pcori.org/research-results/2018/transforming-care-engaging-patients-palliative-care-ambassadors,Coalition for Compassionate Care of California,California,,,,55
BRIDGE: Building Research Initiatives by Developing Group Effort,https://www.pcori.org/research-results/2018/bridge-building-research-initiatives-developing-group-effort,University of South Florida,Florida,,,,55
Northern Neck Patient Advocates and Providers for PCOR/CER,https://www.pcori.org/research-results/2018/northern-neck-patient-advocates-and-providers-pcorcer,"Research, Evaluation and Social Solutions, Inc. dba REESSI",Virginia,,,,55
Conference Wilms Tumor in WAGR Syndrome,https://www.pcori.org/research-results/2018/conference-wilms-tumor-wagr-syndrome,International WAGR Syndrome Association,Pennsylvania,,,,55
Advocate Leadership Summit Conference Workshops,https://www.pcori.org/research-results/2018/advocate-leadership-summit-conference-workshops,National Breast Cancer Coalition,District of Columbia,,,,55
Helping Pain Clinics Use Surveys to Understand Patient-Centered Factors That Affect Treatment,https://www.pcori.org/research-results/2018/helping-pain-clinics-use-surveys-understand-patient-centered-factors-affect-treatment,University of Pittsburgh School of Medicine,Pennsylvania,,,,55
A Shared Decision Making Program for Use in the Emergency Room with Children Who Have Asthma,https://www.pcori.org/research-results/2018/shared-decision-making-program-use-emergency-room-children-who-have-asthma,Carolinas Medical Center,North Carolina,,,,55
Expanding the Use of a Decision Aid to Help Patients Decide on Treatment for Advanced Heart Failure,https://www.pcori.org/research-results/2018/expanding-use-decision-aid-help-patients-decide-treatment-advanced-heart-failure,Baylor College of Medicine,Texas,,,,55
Pilot Evidence Maps: Treatments for Fatigue in Multiple Sclerosis,https://www.pcori.org/research-results/2017/pilot-evidence-maps-treatments-fatigue-multiple-sclerosis,ECRI,Pennsylvania,,,,55
Using PCORnet to Monitor Provider and Patient Risk Factors Related to the Opioid Epidemic,https://www.pcori.org/research-results/2017/using-pcornet-monitor-provider-and-patient-risk-factors-related-opioid-epidemic,REACHnet CDRN,Louisiana,,,,55
National Partnership for Training Community Health Workers in Patient-Centered Research,https://www.pcori.org/research-results/2017/national-partnership-training-community-health-workers-patient-centered-research,University of Miami Miller School of Medicine,Florida,,,,55
ESRD Anemia Research Priorities: Perspectives from Dialysis Patients and Stakeholders,https://www.pcori.org/research-results/2017/esrd-anemia-research-priorities-perspectives-dialysis-patients-and-stakeholders,"Medical Technology & Practice Patterns Institute, Inc.",Maryland,,,,55
Patient Engagement: Enhancing Culturally Appropriate Research,https://www.pcori.org/research-results/2017/patient-engagement-enhancing-culturally-appropriate-research,Community-Campus Partnerships for Health,North Carolina,,,,55
Patients Improving Research In Diagnosis,https://www.pcori.org/research-results/2017/patients-improving-research-diagnosis,Society to Improve Diagnosis in Medicine,Illinois,,,,56
Trauma-Focused Care on Campuses: Engaging Stakeholders for Change,https://www.pcori.org/research-results/2017/trauma-focused-care-campuses-engaging-stakeholders-change,Pacific Lutheran University,Washington,,,,56
Motor City School Health Collaborative,https://www.pcori.org/research-results/2017/motor-city-school-health-collaborative,Henry Ford Health System,Michigan,,,,56
ANAC2017 Annual Conference PCORI Session,https://www.pcori.org/research-results/2017/anac2017-annual-conference-pcori-session,Association of Nurses in AIDS Care,Ohio,,,,56
Engaging the Invisible Homebound and their Caregivers in the Development of Home-Based Medical Care Research,https://www.pcori.org/research-results/2017/engaging-invisible-homebound-and-their-caregivers-development-home-based-medical-care-research,Johns Hopkins University,Maryland,,,,56
Engaging Stakeholders to Promote Equity in Cancer Care for People with Serious Mental Illness,https://www.pcori.org/research-results/2017/engaging-stakeholders-promote-equity-cancer-care-people-serious-mental-illness,Massachusetts General Hospital,Massachusetts,,,,56
12th International Conference on Health Policy Statistics,https://www.pcori.org/research-results/2017/12th-international-conference-health-policy-statistics,American Statistical Association,Virginia,,,,56
Engaging Pregnant Women in PCOR to Improve Neonatal Outcomes,https://www.pcori.org/research-results/2017/engaging-pregnant-women-pcor-improve-neonatal-outcomes,Rural Health Innovation Collaborative,Indiana,,,,56
Conference on Adolescent Health: Translating Research into Practice (2017),https://www.pcori.org/research-results/2017/conference-adolescent-health-translating-research-practice-2017,University of Michigan Health System,Michigan,,,,56
Patient-Centered Research on Traumatic Brain Injury Psychiatric Problems,https://www.pcori.org/research-results/2017/patient-centered-research-traumatic-brain-injury-psychiatric-problems,Johns Hopkins University,Maryland,,,,56
The Endometrial Cancer Action Network for African Americans (ECANA): Building a Bridge of Engagement,https://www.pcori.org/research-results/2017/endometrial-cancer-action-network-african-americans-ecana-building-bridge-engagement,University of Washington,Washington,,,,56
Creating Caregiver Provider Partnerships (CCPP),https://www.pcori.org/research-results/2017/creating-caregiver-provider-partnerships-ccpp,HealthInsight,Utah,,,,56
Inborn Errors Of Metabolism Of Uncertain Clinical Consequence -- What Patients Really Want To Know,https://www.pcori.org/research-results/2017/inborn-errors-metabolism-uncertain-clinical-consequence-what-patients-really-want-know,Michigan Public Health Institute,Michigan,,,,56
Pacific Islander Health Research Network,https://www.pcori.org/research-results/2017/pacific-islander-health-research-network,University of Utah,Utah,,,,56
Clinic Staff as a Unique Stakeholder Group in PCOR,https://www.pcori.org/research-results/2017/clinic-staff-unique-stakeholder-group-pcor,Louisiana Public Health Institute,Louisiana,,,,56
Working with Veterans to Optimize Implementation of Cancer Screening Programs,https://www.pcori.org/research-results/2017/working-veterans-optimize-implementation-cancer-screening-programs,Medical College of Wisconsin,Wisconsin,,,,56
KKV Research Training and Development Project,https://www.pcori.org/research-results/2017/kkv-research-training-and-development-project,Kokua Kalihi Valley Comprehensive Family Services,Hawaii,,,,56
CONsidering Needs of End Users in COPD Dissemination and Research (CONNECT),https://www.pcori.org/research-results/2017/considering-needs-end-users-copd-dissemination-and-research-connect,"COPD Foundation, Inc.",Florida,,,,56
Sages in Every Setting: Enhancing an Innovative Model to Incorporate Older Adult Voice Into Research,https://www.pcori.org/research-results/2017/sages-every-setting-enhancing-innovative-model-incorporate-older-adult-voice-research,The Council for Jewish Elderly dba CJE SeniorLife,Illinois,,,,56
CTF Patient-Centered Outcomes Research: A Forum for All Stakeholders,https://www.pcori.org/research-results/2017/ctf-patient-centered-outcomes-research-forum-all-stakeholders,Children's Tumor Foundation,New York,,,,56
Bridging the Chasm between Pregnancy and Women's Health Over the Life Course,https://www.pcori.org/research-results/2017/bridging-chasm-between-pregnancy-and-womens-health-over-life-course,Boston University School of Public Health,Massachusetts,,,,56
Patient-Centered CMT/HNPP Pain Summit,https://www.pcori.org/research-results/2017/patient-centered-cmthnpp-pain-summit,Hereditary Neuropathy Foundation,New York,,,,56
Operation PCOR: Training Veterans as Partners in PTSD Research,https://www.pcori.org/research-results/2017/operation-pcor-training-veterans-partners-ptsd-research,Florida Atlantic University,Florida,,,,56
Cancer Research Advocacy Group-CRAG Training Program,https://www.pcori.org/research-results/2017/cancer-research-advocacy-group-crag-training-program,University of Illinois at Urbana-Champaign,Illinois,,,,56
Engaging Rural Communities to Identify and Address Gaps and Barriers in Healthcare for Dementia,https://www.pcori.org/research-results/2017/engaging-rural-communities-identify-and-address-gaps-and-barriers-healthcare-dementia,Billings Clinic Center for Clinical Translational Research,Montana,,,,56
Developing a Research Agenda to Prevent and Control CVD in Central Appalachia,https://www.pcori.org/research-results/2017/developing-research-agenda-prevent-and-control-cvd-central-appalachia,East Tennessee State University College of Public Health,Tennessee,,,,57
Aligning the Pediatric Emergency Medicine Research Agenda to Reduce Health Outcome Gaps,https://www.pcori.org/research-results/2017/aligning-pediatric-emergency-medicine-research-agenda-reduce-health-outcome-gaps,Society for Academic Emergency Medicine,Illinois,,,,57
Cholangiocarcinoma Foundation: 2018 Annual Conference,https://www.pcori.org/research-results/2017/cholangiocarcinoma-foundation-2018-annual-conference,Cholangiocarcinoma Foundation,Utah,,,,57
Framework for Patient Engagement in Cancer Network Group Studies,https://www.pcori.org/research-results/2017/framework-patient-engagement-cancer-network-group-studies,American Institutes for Research and SWOG,District of Columbia,,,,57
Supporting Behavioral Health Home Approaches for Improving Patients’ Health and Wellness,https://www.pcori.org/research-results/2017/supporting-behavioral-health-home-approaches-improving-patients-health-and-wellness,UPMC Center for High ValueHealth Care,Pennsylvania,,,,57
Using a New Survey to Learn About Women’s Experiences with Hospital Care for Childbirth,https://www.pcori.org/research-results/2017/using-new-survey-learn-about-womens-experiences-hospital-care-childbirth,Cedars-Sinai Medical Center,California,,,,57
Expanding the Use of a Child Abuse Alert System to Improve Detection and Reporting,https://www.pcori.org/research-results/2017/expanding-use-child-abuse-alert-system-improve-detection-and-reporting,University of Pittsburgh School of Medicine,Pennsylvania,,,,57
Putting a Shared Decision Making Process in Place in the Emergency Department for Patients with Chest Pain,https://www.pcori.org/research-results/2017/putting-shared-decision-making-process-place-emergency-department-patients-chest-pain,University of Alabama at Birmingham,Alabama,,,,57
Testing Methods to Link Health Data while Protecting Patient Privacy,https://www.pcori.org/research-results/2017/testing-methods-link-health-data-while-protecting-patient-privacy,Indiana University,Indiana,,,,57
Designing and Testing a Search Engine for Clinical Notes Included in Electronic Health Records,https://www.pcori.org/research-results/2017/designing-and-testing-search-engine-clinical-notes-included-electronic-health-records,Nationwide Children's Hospital/The Ohio State University,Ohio,,,,57
Comparing Two Approaches for Managing Mental Health Care Among Patients with a Traumatic Physical Injury,https://www.pcori.org/research-results/2017/comparing-two-approaches-managing-mental-health-care-among-patients-traumatic-physical-injury,University of Washington,Washington,,,,57
Comparing Two Ways To Treat Youth With Anxiety or Obsessive-Compulsive Disorder,https://www.pcori.org/research-results/2017/comparing-two-ways-treat-youth-anxiety-or-obsessive-compulsive-disorder,Emma Pendleton Bradley Hospital,Rhode Island,,,,57
Testing a Standard Approach to Match Patients with Addiction to Treatment Based on Their Needs -- The PCAST Study,https://www.pcori.org/research-results/2017/testing-standard-approach-match-patients-addiction-treatment-based-their-needs-pcast-study,RTI International,North Carolina,,,,57
Does a Decision Aid Help Older Adults with Chronic Kidney Disease Choose Treatment? -- The DART Study,https://www.pcori.org/research-results/2017/does-decision-aid-help-older-adults-chronic-kidney-disease-choose-treatment-dart-study,Trustees of Tufts College,Massachusetts,,,,57
Comparing Hair Removal Treatments for Adolescents and Young Adults with Pilonidal Disease,https://www.pcori.org/research-results/2017/comparing-hair-removal-treatments-adolescents-and-young-adults-pilonidal-disease,The Research Institute at Nationwide Children's Hospital,Ohio,,,,57
Comparing Meditation versus Medicine for Patients with Anxiety Disorders,https://www.pcori.org/research-results/2017/comparing-meditation-versus-medicine-patients-anxiety-disorders,Georgetown University Medical Center,District of Columbia,,,,57
Comparing Ways to Train Health Care Clinic Staff to Ask Patients about Sexual Orientation and Gender Identity,https://www.pcori.org/research-results/2017/comparing-ways-train-health-care-clinic-staff-ask-patients-about-sexual-orientation-and-gender-identity,Fenway Community Health Center,Massachusetts,,,,57
Comparing Ways to Treat Insomnia Among Black Women,https://www.pcori.org/research-results/2017/comparing-ways-treat-insomnia-among-black-women,Boston University,Massachusetts,,,,57
Understanding the Effect of Gender-Affirming Hormone Therapy on Sexual Health and Depression for Transgender Adults,https://www.pcori.org/research-results/2017/understanding-effect-gender-affirming-hormone-therapy-sexual-health-and-depression-transgender-adults,Brigham and Women's Hospital,Massachusetts,,,,57
Comparing Strategies for Community Clinics To Increase Human Papillomavirus Vaccinations in Youth,https://www.pcori.org/research-results/2017/comparing-strategies-community-clinics-increase-human-papillomavirus-vaccinations-youth,UCLA School of Public Health,California,,,,57
Comparing the Effectiveness of Radiation Treatments for Localized Prostate Cancer,https://www.pcori.org/research-results/2017/comparing-effectiveness-radiation-treatments-localized-prostate-cancer,University of Florida Board of Trustees,Florida,,,,57
Comparing Health-System-Based and Community-Based Dementia Care Models for Improving Health Outcomes Among Patients With Dementia and Their Caregivers,https://www.pcori.org/research-results/2017/comparing-health-system-based-and-community-based-dementia-care-models-improving-health-outcomes-among-patients-dementia-and-their-caregivers,"Regents of the University of California, Los Angeles",California,,,,57
Matching Actions to Needs: What Matters Most to the Arthritis Community?,https://www.pcori.org/research-results/2017/matching-actions-needs-what-matters-most-arthritis-community,Arthritis Foundation,Georgia,,,,57
Patient Empowerment through Engagement Research Training in Bladder Cancer PCOR (PEER),https://www.pcori.org/research-results/2017/patient-empowerment-through-engagement-research-training-bladder-cancer-pcor-peer,Bladder Cancer Advocacy Network,Maryland,,,,57
Engaging State Health Policymakers to Explore the Policy Implications and Impact of Patient-Centered Outcomes Research,https://www.pcori.org/research-results/2017/engaging-state-health-policymakers-explore-policy-implications-and-impact-patient-centered-outcomes-research,National Academy for State Health Policy,Maine,,,,57
Stroke Prevention in Atrial Fibrillation Patients: A Systematic Review Update,https://www.pcori.org/research-results/2017/stroke-prevention-atrial-fibrillation-patients-systematic-review-update,Memorandum of Understanding with Agency for Healthcare Research and Quality (AHRQ),Maryland,,,,58
Using PCORnet to Understand Diabetes Medicine Prescribed to Patients,https://www.pcori.org/research-results/2017/using-pcornet-understand-diabetes-medicine-prescribed-patients,Mid-South CDRN,Tennessee,,,,58
Evaluating the Safety of Direct-Acting Antivirals for Treating Hepatitis C,https://www.pcori.org/research-results/2017/evaluating-safety-direct-acting-antivirals-treating-hepatitis-c,"Kaiser Foundation Research Institute, a Division of Kaiser Foundation Hospitals",California,,,,58
Using PCORnet to Understand PCSK9 Inhibitor Use among Patients at Risk for Heart Disease,https://www.pcori.org/research-results/2017/using-pcornet-understand-pcsk9-inhibitor-use-among-patients-risk-heart-disease,University of Florida Board of Trustees,Florida,,,,58
Using PCORnet to Understand Use of Molecular Tests and Treatments for Cancerous Tumors,https://www.pcori.org/research-results/2017/using-pcornet-understand-use-molecular-tests-and-treatments-cancerous-tumors,University of Kansas Medical Center (GPC CDRN),Kansas,,,,58
Comparing the Use of Patient and Encounter Decision Aids for People With Atrial Fibrillation,https://www.pcori.org/research-results/2017/comparing-use-patient-and-encounter-decision-aids-people-atrial-fibrillation,University of Utah,Utah,,,,58
Supporting the Next Generation of Learning Health Systems Researchers,https://www.pcori.org/research-results/2017/supporting-next-generation-learning-health-systems-researchers,Agency for Healthcare Research & Quality (AHRQ),Maryland,,,,58
Drug Therapy for Early Rheumatoid Arthritis: A Systematic Review Update,https://www.pcori.org/research-results/2017/drug-therapy-early-rheumatoid-arthritis-systematic-review-update,Memorandum of Understanding with Agency for Healthcare Research and Quality (AHRQ),Maryland,,,,58
Nonsurgical Treatments for Urinary Incontinence in Women: A Systematic Review Update,https://www.pcori.org/research-results/2017/nonsurgical-treatments-urinary-incontinence-women-systematic-review-update,Memorandum of Understanding with Agency for Healthcare Research and Quality (AHRQ),Maryland,,,,58
Psychological and Pharmacological Treatments for Adults with Post-Traumatic Stress Disorder (PTSD): A Systematic Review Update,https://www.pcori.org/research-results/2017/psychological-and-pharmacological-treatments-adults-post-traumatic-stress-disorder-ptsd-systematic-review-update,Memorandum of Understanding with Agency for Healthcare Research and Quality (AHRQ),Maryland,,,,58
Evaluating Hormone Treatments for Women at Increased Risk for Preterm Birth -- The EPPPIC Study,https://www.pcori.org/research-results/2017/evaluating-hormone-treatments-women-increased-risk-preterm-birth-epppic-study,University of York (United Kingdom),N/A,,,,58
Contract for Advancement of PCORnet Infrastructure: Development of Pilot People-Centered Communities Project - Phase I,https://www.pcori.org/research-results/2017/contract-advancement-pcornet-infrastructure-development-pilot-people-centered-communities-project-phase-i,Cincinnati Children's Hospital Medical Center,Ohio,,,,58
Using PCORnet to Improve Data Quality and Patient Follow-Up Within the Transcatheter Valve Therapy Registry,https://www.pcori.org/research-results/2017/using-pcornet-improve-data-quality-and-patient-follow-within-transcatheter-valve-therapy-registry,Mayo Clinic,Minnesota,,,,58
Master Infrastructure Funding Contract for Advancement and Sustainability of PCORnet Infrastructure: Support of Infrastructure Projects of People-Centered Research Foundation,https://www.pcori.org/research-results/2017/master-infrastructure-funding-contract-advancement-and-sustainability-pcornet-infrastructure-support-infrastructure-projects-people-centered-research-foundation,People-Centered Research Foundation,District of Columbia,,,,58
Does Motivational Interviewing Plus Cognitive Behavioral Therapy Reduce Opioid Use Among Adults with Chronic Pain Better Than Shared Decision Making? -- The INSPIRE Study,https://www.pcori.org/research-results/2017/does-motivational-interviewing-plus-cognitive-behavioral-therapy-reduce-opioid-use-among-adults-chronic-pain-better-shared-decision-making-inspire-study,RTI International,North Carolina,,,,58
Vascular Ehlers-Danlos Syndrome Collaborative,https://www.pcori.org/research-results/2017/vascular-ehlers-danlos-syndrome-collaborative,University of Washington,Washington,,,,58
Forming Partnerships Among Key Stakeholders to Address Transitioning to Adulthood in Autism Spectrum Disorder (ASD),https://www.pcori.org/research-results/2017/forming-partnerships-among-key-stakeholders-address-transitioning-adulthood-autism-spectrum-disorder-asd,Emory University,Georgia,,,,58
Identifying Depression through Early Awareness (IDEA) Women's Health Coalition,https://www.pcori.org/research-results/2017/identifying-depression-through-early-awareness-idea-womens-health-coalition,University of Illinois at Urbana-Champaign,Illinois,,,,58
Community Building to Address Cancer Distress Screening and Care,https://www.pcori.org/research-results/2017/community-building-address-cancer-distress-screening-and-care,University of Central Arkansas,Arkansas,,,,58
Traumatic Brain Injury Treatments for Veterans,https://www.pcori.org/research-results/2017/traumatic-brain-injury-treatments-veterans,A.T. Still University of Health Sciences,Missouri,,,,58
Building Relationships to Influence Program Development and Grow Enduring Physical Activity Support (BRIDGES),https://www.pcori.org/research-results/2017/building-relationships-influence-program-development-and-grow-enduring-physical-activity-support-bridges,University of Utah,Utah,,,,58
Building a Patient-centered Alliance to Address Chronic Pain and Opioid Prescription Use,https://www.pcori.org/research-results/2017/building-patient-centered-alliance-address-chronic-pain-and-opioid-prescription-use,Public Health Management Corporation - Care Clinic,Pennsylvania,,,,58
COMPASS: COMmunity Participation to Advance the Sickle Cell Story,https://www.pcori.org/research-results/2017/compass-community-participation-advance-sickle-cell-story,Sickle Cell Consortium,Georgia,,,,58
Positive Airway Pressure Intervention on Patients with Moderate-to-Severe Obstructive Sleep Apnea and Resistant Hypertension: Engaging Key Stakeholders to Understand What Matters Most,https://www.pcori.org/research-results/2017/positive-airway-pressure-intervention-patients-moderate-severe-obstructive-sleep-apnea-and-resistant-hypertension-engaging-key-stakeholders-understand-what-matters-most,"MultiCare Institution for Research & Innovation, Multicare Health System",Washington,,,,58
Partners for a Healthy Homewood,https://www.pcori.org/research-results/2017/partners-healthy-homewood,University of Pittsburgh,Pennsylvania,,,,59
Building a Community-Based Research Partnership to Address Racial Disparities in Mother/Baby Outcomes,https://www.pcori.org/research-results/2017/building-community-based-research-partnership-address-racial-disparities-motherbaby-outcomes,"Portland State University, OHSU-PSU School of Public Health",Oregon,,,,59
Illinois Leaders for Equity and Access for People with Disabilities on Healthcare (ILL LEAD on Healthcare),https://www.pcori.org/research-results/2017/illinois-leaders-equity-and-access-people-disabilities-healthcare-ill-lead-healthcare,The Board of Trustees at the University of Illinois,Illinois,,,,59
The Impact of Homelessness and on the Health of Pregnant Mothers and Babies,https://www.pcori.org/research-results/2017/impact-homelessness-and-health-pregnant-mothers-and-babies,University of Arkansas for Medical Sciences (UAMS),Arkansas,,,,59
Blacks Addressing Mental Health Concerns and Healing Through Comparative Effectiveness Research,https://www.pcori.org/research-results/2017/blacks-addressing-mental-health-concerns-and-healing-through-comparative-effectiveness-research,The Transformation Center,Massachusetts,,,,59
Engaging Asian Stakeholders to Create a Shared Understanding of Cancer Risk,https://www.pcori.org/research-results/2017/engaging-asian-stakeholders-create-shared-understanding-cancer-risk,University of Texas MD Anderson Cancer Center,Texas,,,,59
Addressing Health Disparities in Metabolic Syndrome,https://www.pcori.org/research-results/2017/addressing-health-disparities-metabolic-syndrome,"ARC XVI Ft. Washington, Inc.",New York,,,,59
Establishing the Ehlers-Danlos Co-morbidity Coalition,https://www.pcori.org/research-results/2017/establishing-ehlers-danlos-co-morbidity-coalition,"The Ehlers-Danlos Society Center for Clinical Care and Research, Harvey Institute for Human Genetics, Greater Baltimore Medical Center",Maryland,,,,59
Development of a Comparative Effectiveness Research Trial in Electrical Status Epilepticus During Sleep (ESES),https://www.pcori.org/research-results/2017/development-comparative-effectiveness-research-trial-electrical-status-epilepticus-during-sleep-eses,University of Colorado Denver,Colorado,,,,59
National Public-Private Partnership to Support Chronic Pain Sufferers in Managing Co-Morbid Chronic Conditions: Diabetes and/or Cardiovascular Disease,https://www.pcori.org/research-results/2017/national-public-private-partnership-support-chronic-pain-sufferers-managing-co-morbid-chronic-conditions-diabetes-andor-cardiovascular-disease,Empower Outcomes,Florida,,,,59
Engaging Newly Arrived Refugees in Patient-Centered Research,https://www.pcori.org/research-results/2017/engaging-newly-arrived-refugees-patient-centered-research,DePaul University,Illinois,,,,59
Partnership Building for Sleep-Related CER Questions,https://www.pcori.org/research-results/2017/partnership-building-sleep-related-cer-questions,American Sleep Apnea Association,District of Columbia,,,,59
A Patient-Centered Strategy to Improve Diabetes Prevention and Management in West Virginia,https://www.pcori.org/research-results/2017/patient-centered-strategy-improve-diabetes-prevention-and-management-west-virginia,West Virginia University Research Corporation,West Virginia,,,,59
Central Jersey Postpartum Depression Screening & Treatment Systems Improvement Project,https://www.pcori.org/research-results/2017/central-jersey-postpartum-depression-screening-treatment-systems-improvement-project,"Rutgers Institute for Health, Health Care Policy and Aging Research",New Jersey,,,,59
Healthy Aging in Place for Racial/Ethnic Minority Underserved Populations,https://www.pcori.org/research-results/2017/healthy-aging-place-racialethnic-minority-underserved-populations,"Center for Community Health Education Research and Service, Inc.",Massachusetts,,,,59
Humanizing Critical Care for Patients and Families,https://www.pcori.org/research-results/2017/humanizing-critical-care-patients-and-families,ARDS Foundation,Illinois,,,,59
Let's Talk: Engaging Community Stakeholders for Patient-Driven Research to Eliminate Cancer Disparities for Young African American Breast Cancer Survivors,https://www.pcori.org/research-results/2017/lets-talk-engaging-community-stakeholders-patient-driven-research-eliminate-cancer-disparities-young-african-american-breast-cancer-survivors,"Joseph J. Zilber School of Public Health, University of Wisconsin-Milwaukee",Wisconsin,,,,59
Building a Research Partnership with Federally Qualified Health Centers to Address Chronic Conditions in Vulnerable Populations,https://www.pcori.org/research-results/2017/building-research-partnership-federally-qualified-health-centers-address-chronic-conditions-vulnerable-populations,University of North Carolina at Wilmington,North Carolina,,,,59
Setting Community Driven Priorities About Polycystic Kidney Disease Care: Establishing A Multi-Stakeholder Engagement Team,https://www.pcori.org/research-results/2017/setting-community-driven-priorities-about-polycystic-kidney-disease-care-establishing-multi-stakeholder-engagement-team,"University of Kansas Medical Center Research Institute, Inc.",Kansas,,,,59
Community Engagement to Address Tuberculosis Infection in Persons Experiencing Homelessness,https://www.pcori.org/research-results/2017/community-engagement-address-tuberculosis-infection-persons-experiencing-homelessness,Brigham and Women's Hospital,Massachusetts,,,,59
Involving Native Stakeholders in Pain Research Efforts (INSPiRE),https://www.pcori.org/research-results/2017/involving-native-stakeholders-pain-research-efforts-inspire,Northern Arizona University,Arizona,,,,59
SHARE LA: Setting HPV-Activated Research Engagement Priorities in Los Angeles County,https://www.pcori.org/research-results/2017/share-la-setting-hpv-activated-research-engagement-priorities-los-angeles-county,"Ambulatory Care Network: Research and Innovation, Los Angeles County Department of Health Services (DHS)",California,,,,59
Developing a Patient-Centered Approach to Community Paramedicine,https://www.pcori.org/research-results/2017/developing-patient-centered-approach-community-paramedicine,Indiana University,Indiana,,,,59
Patient Centered Diabetes Research Partnership,https://www.pcori.org/research-results/2017/patient-centered-diabetes-research-partnership,SIHF Healthcare,Illinois,,,,59
Building Networks to Eliminate Obesity Health Inequities in Early Childhood,https://www.pcori.org/research-results/2017/building-networks-eliminate-obesity-health-inequities-early-childhood,Wayne State University,Michigan,,,,59
Engaging an Underserved Patient Community to Inform and Improve Comparative Effectiveness Research for Hepatitis C Treatments,https://www.pcori.org/research-results/2017/engaging-underserved-patient-community-inform-and-improve-comparative-effectiveness-research-hepatitis-c-treatments,"University of Maryland, Baltimore",Maryland,,,,60
Developing A Community-Engaged Multidisciplinary Partnership to Improve Medication Management in Elderly Patients with Multiple Chronic Illnesses,https://www.pcori.org/research-results/2017/developing-community-engaged-multidisciplinary-partnership-improve-medication-management-elderly-patients-multiple-chronic-illnesses,Texas Southern University,Texas,,,,60
Treating Depressed Primary Care Patients: Don't Forget About Trauma,https://www.pcori.org/research-results/2017/treating-depressed-primary-care-patients-dont-forget-about-trauma,University of South Florida,Florida,,,,60
Comparing Prevention Programs for Individuals with Spinal Cord Conditions,https://www.pcori.org/research-results/2017/comparing-prevention-programs-individuals-spinal-cord-conditions,Magee Rehabilitation Hospital,Pennsylvania,,,,60
Improving the Provision of Mental Health Care for Patients with End-Stage Renal Disease and their Caregivers,https://www.pcori.org/research-results/2017/improving-provision-mental-health-care-patients-end-stage-renal-disease-and-their-caregivers,"Rutgers University, CESP (Center for Effective School Practices)",New Jersey,,,,60
"Engaging Patients in Diabetes-Focused Research to Improve Access, Self-Management, and Service Delivery",https://www.pcori.org/research-results/2017/engaging-patients-diabetes-focused-research-improve-access-self-management-and-service-delivery,Upstate Affiliate Organization d/b/a Greenville Health System Health Sciences Center,South Carolina,,,,60
Team Building Around Lupus to Leverage Social Media to Identify Patient-Reported Concerns,https://www.pcori.org/research-results/2017/team-building-around-lupus-leverage-social-media-identify-patient-reported-concerns,Stanford School of Medicine,California,,,,60
Comparative Effectiveness of Pre-Diabetes Approaches in the Rural Latino Populations,https://www.pcori.org/research-results/2017/comparative-effectiveness-pre-diabetes-approaches-rural-latino-populations,Idaho State University,Idaho,,,,60
"""Can't Stop the Beat"" Reducing Racial Disparities in Stroke",https://www.pcori.org/research-results/2017/cant-stop-beat-reducing-racial-disparities-stroke,Wayne State University/Sponsored Program Administration,Michigan,,,,60
Comparing Peer Support Models for Families Living with Pediatric Neurologic Conditions,https://www.pcori.org/research-results/2017/comparing-peer-support-models-families-living-pediatric-neurologic-conditions,Child Neurology Foundation,Minnesota,,,,60
Building Skills and Collaborative Relationships toward Patient Engagement in Comparative Clinical Effectiveness Research,https://www.pcori.org/research-results/2017/building-skills-and-collaborative-relationships-toward-patient-engagement-comparative-clinical-effectiveness-research,Granite Falls Family Medical Care Center Patient Advisory Council,North Carolina,,,,60
A Journey to Empowerment and Health: Building the New Mexico Perinatal Mental Health Improvement Network,https://www.pcori.org/research-results/2017/journey-empowerment-and-health-building-new-mexico-perinatal-mental-health-improvement-network,University of New Mexico Health Sciences Center,New Mexico,,,,60
Heart Valve Disease - Improving Patient and Caregiver Experiences,https://www.pcori.org/research-results/2017/heart-valve-disease-improving-patient-and-caregiver-experiences,Heart Valve Voice-U.S.,District of Columbia,,,,60
Building a National Partnership to Identify the Mental Health Priorities of Young Adults with Intellectual and Developmental Disabilities (YA with I/DD),https://www.pcori.org/research-results/2017/building-national-partnership-identify-mental-health-priorities-young-adults-intellectual-and-developmental-disabilities-ya-idd,Boston University,Massachusetts,,,,60
State-to-State Peer Learning Conference on Using PCOR and CER to Inform State Policymaking,https://www.pcori.org/research-results/2017/state-state-peer-learning-conference-using-pcor-and-cer-inform-state-policymaking,Center for Health Policy Development/National Academy for State Health Policy,Maine,,,,60
Promoting the Intersection of Research on Health Literacy and Patient-Centered Care,https://www.pcori.org/research-results/2017/promoting-intersection-research-health-literacy-and-patient-centered-care,Boston University Medical Center,Massachusetts,,,,60
Partnering with Sexual and Gender Minority Communities to Address Cancer Disparities in Detroit,https://www.pcori.org/research-results/2017/partnering-sexual-and-gender-minority-communities-address-cancer-disparities-detroit,Wayne State University School of Medicine,Michigan,,,,60
Engaging Muslim Americans for Research on Community Health (E-MARCH),https://www.pcori.org/research-results/2017/engaging-muslim-americans-research-community-health-e-march,University of Chicago,Illinois,,,,60
Engaging Older Adult Learners as Health Researchers (ENGOAL),https://www.pcori.org/research-results/2017/engaging-older-adult-learners-health-researchers-engoal,University of Rochester,New York,,,,60
Comparing the Effectiveness of Phototherapy at Home Versus in the Dermatology Office for Treating Psoriasis -- The LITE Study,https://www.pcori.org/research-results/2017/comparing-effectiveness-phototherapy-home-versus-dermatology-office-treating-psoriasis-lite-study,University of Pennsylvania,Pennsylvania,,,,60
Comparing the Effectiveness of Patient-Centered Prescription Opioid Reduction Programs Among Patients with Chronic Pain -- The EMPOWER Study,https://www.pcori.org/research-results/2017/comparing-effectiveness-patient-centered-prescription-opioid-reduction-programs-among-patients-chronic-pain-empower-study,Stanford University School of Medicine,California,,,,60
Comparing the Effectiveness of Three Formats for Providing a Fatigue Management Course in Reducing Fatigue among Patients with Multiple Sclerosis,https://www.pcori.org/research-results/2017/comparing-effectiveness-three-formats-providing-fatigue-management-course-reducing-fatigue-among-patients-multiple-sclerosis,Case Western Reserve University,Ohio,,,,60
Comparing Two Ways to Deliver an Exercise Program to Improve Mobility Among People with Multiple Sclerosis -- The STEP for MS Trial,https://www.pcori.org/research-results/2017/comparing-two-ways-deliver-exercise-program-improve-mobility-among-people-multiple-sclerosis-step-ms-trial,Shepherd Center,Georgia,,,,60
Examining Whether An Early Aggressive Treatment Approach Can Prevent or Delay Disability in People With Multiple Sclerosis,https://www.pcori.org/research-results/2017/examining-whether-early-aggressive-treatment-approach-can-prevent-or-delay-disability-people-multiple-sclerosis,Johns Hopkins University,Maryland,,,,60
Comparing the Effectiveness of Three Treatments for Reducing Fatigue Among Patients With Multiple Sclerosis -- The COMBO-MS Trial,https://www.pcori.org/research-results/2017/comparing-effectiveness-three-treatments-reducing-fatigue-among-patients-multiple-sclerosis-combo-ms-trial,University of Michigan,Michigan,,,,61
Comparing Two Approaches to Treating Relapsing-Remitting Multiple Sclerosis -- the DELIVER-MS Study,https://www.pcori.org/research-results/2017/comparing-two-approaches-treating-relapsing-remitting-multiple-sclerosis-deliver-ms-study,Cleveland Clinic Foundation,Ohio,,,,61
Comparing the Effectiveness of Interventions To Help Young Adults With Sickle Cell Disease Transition To Adulthood -- The COMETS Study,https://www.pcori.org/research-results/2017/comparing-effectiveness-interventions-help-young-adults-sickle-cell-disease-transition-adulthood-comets-study,The Childrens' Hospital of Philadelphia,Pennsylvania,,,,61
Comparing Two Ways to Support Care Transitions for Youth with Sickle Cell Disease -- The ST3P-UP Study,https://www.pcori.org/research-results/2017/comparing-two-ways-support-care-transitions-youth-sickle-cell-disease-st3p-study,Atrium Health,North Carolina,,,,61
Comparing Two School-Based Programs to Control Tooth Decay and Prevent Dental Cavities in Children -- The CariedAway Study,https://www.pcori.org/research-results/2017/comparing-two-school-based-programs-control-tooth-decay-and-prevent-dental-cavities-children-cariedaway-study,New York University College of Dentistry,New York,,,,61
Comparing Two Antiseptic Skin Solutions to Prevent Infection in Patients Having Surgery to Treat Fractures -- The PREPARE Study,https://www.pcori.org/research-results/2017/comparing-two-antiseptic-skin-solutions-prevent-infection-patients-having-surgery-treat-fractures-prepare-study,"University of Maryland, Baltimore",Maryland,,,,61
Comparing Treatments To Help Adults With Head and Neck Cancer Address Problems With Swallowing,https://www.pcori.org/research-results/2017/comparing-treatments-help-adults-head-and-neck-cancer-address-problems-swallowing,University Health Network (Canada),N/A,,,,61
San Francisco County EMBRACES Maternal Mental Health,https://www.pcori.org/research-results/2017/san-francisco-county-embraces-maternal-mental-health,"University of California, San Francisco",California,,,,61
Improving Health by Engaging Refugees in Denver (I-HEaRD),https://www.pcori.org/research-results/2017/improving-health-engaging-refugees-denver-i-heard,University of Colorado – Denver,Colorado,,,,61
Participation and Intellectual and Developmental Disabilities,https://www.pcori.org/research-results/2017/participation-and-intellectual-and-developmental-disabilities,University of Washington,Washington,,,,61
The Home Dialysis Controversies' Conference Series,https://www.pcori.org/research-results/2017/home-dialysis-controversies-conference-series,National Kidney Foundation,New York,,,,61
Developing New Randomization Methods for Electronic Health Data Randomization to Conduct Comparative Effectiveness Research,https://www.pcori.org/research-results/2017/developing-new-randomization-methods-electronic-health-data-randomization-conduct-comparative-effectiveness-research,Dartmouth College,New Hampshire,,,,61
Comparing Ways to Help Primary Care Providers Prescribe Opioids Safely,https://www.pcori.org/research-results/2017/comparing-ways-help-primary-care-providers-prescribe-opioids-safely,University of Pittsburgh,Pennsylvania,,,,61
Determining the Impact of Medicaid Policy Changes in Oregon on Treatments for Patients with Back or Neck Pain -- The Back on Track Study,https://www.pcori.org/research-results/2017/determining-impact-medicaid-policy-changes-oregon-treatments-patients-back-or-neck-pain-back-track-study,Kaiser Foundation Research Institute,Washington,,,,61
Comparing Two Approaches for Delivering Group Medical Visits for Patients with Diabetes,https://www.pcori.org/research-results/2017/comparing-two-approaches-delivering-group-medical-visits-patients-diabetes,University of Colorado Denver,Colorado,,,,61
Comparing Virtual Versus In-Person Early Palliative Care for Patients with Advanced Lung Cancer -- The REACH PC Trial,https://www.pcori.org/research-results/2017/comparing-virtual-versus-person-early-palliative-care-patients-advanced-lung-cancer-reach-pc-trial,Massachusetts General Hospital,Massachusetts,,,,61
Comparing Two Programs to Provide Palliative Care Initiated in the Emergency Room for Older Adults with Serious Illness -- The EMPallA Study,https://www.pcori.org/research-results/2017/comparing-two-programs-provide-palliative-care-initiated-emergency-room-older-adults-serious-illness-empalla-study,New York University School of Medicine,New York,,,,61
Comparing Two Ways to Provide Advance Care Planning in Primary Care Clinics to Patients with a Serious Illness,https://www.pcori.org/research-results/2017/comparing-two-ways-provide-advance-care-planning-primary-care-clinics-patients-serious-illness,Oregon Health & Science University,Oregon,,,,61
Comparing Two Ways To Offer Palliative Care To Improve Quality of Life for Adults With End-Stage Liver Disease,https://www.pcori.org/research-results/2017/comparing-two-ways-offer-palliative-care-improve-quality-life-adults-end-stage-liver-disease,Thomas Jefferson University,Pennsylvania,,,,61
Comparing Ways To Encourage and Improve End-of-Life Care Planning for Older Adults Who Are Seriously Ill,https://www.pcori.org/research-results/2017/comparing-ways-encourage-and-improve-end-life-care-planning-older-adults-who-are-seriously-ill,Duke University,North Carolina,,,,61
Comparing Three Advance Care Planning Programs for Patients with a Serious Illness,https://www.pcori.org/research-results/2017/comparing-three-advance-care-planning-programs-patients-serious-illness,"University of California, Los Angeles",California,,,,61
Identifying Barriers to Telehealth Home-Based Palliative Care for Patients with Serious Illness -- The HomePal Study,https://www.pcori.org/research-results/2017/identifying-barriers-telehealth-home-based-palliative-care-patients-serious-illness-homepal-study,"Kaiser Foundation Research Institute, a Division of Kaiser Foundation Hospitals",California,,,,61
Comparing the Effect of Adding Acupuncture and Pain Counseling to Usual Care on Reducing Pain among Patients with Cancer -- The PRACXIS Study,https://www.pcori.org/research-results/2017/comparing-effect-adding-acupuncture-and-pain-counseling-usual-care-reducing-pain-among-patients-cancer-pracxis-study,"University of California, San Francisco",California,,,,61
A New Statistical Method for Designing Stepped-Wedge Cluster Trials,https://www.pcori.org/research-results/2017/new-statistical-method-designing-stepped-wedge-cluster-trials,University of Texas Southwestern Medical Center at Dallas,Texas,,,,61
Developing New Methods for Comparing Treatments in Case-Control Studies,https://www.pcori.org/research-results/2017/developing-new-methods-comparing-treatments-case-control-studies,Harvard T.H. Chan School of Public Health,Massachusetts,,,,61
Comparing Three Approaches to Help Patients Manage Multiple Chronic Illnesses after a Hospital Stay,https://www.pcori.org/research-results/2017/comparing-three-approaches-help-patients-manage-multiple-chronic-illnesses-after-hospital-stay,UPMC Center for High ValueHealth Care,Pennsylvania,,,,62
Comparing Approaches to Increase Living Donor Kidney Transplantation for Black Patients with End-Stage Kidney Disease,https://www.pcori.org/research-results/2017/comparing-approaches-increase-living-donor-kidney-transplantation-black-patients-end-stage-kidney-disease,Beth Israel Deaconess Medical Center,Massachusetts,,,,62
Determining Whether Adding a Palliative Care Team Improves Quality of Life for Patients Who Have Had Upper Gastrointestinal Cancer Surgery -- The PERIOP-PC Study,https://www.pcori.org/research-results/2017/determining-whether-adding-palliative-care-team-improves-quality-life-patients-who-have-had-upper-gastrointestinal-cancer-surgery-periop-pc-study,Stanford University,California,,,,62
Comparing Essure® and Tubal Ligation to Prevent Pregnancy,https://www.pcori.org/research-results/2017/comparing-essurer-and-tubal-ligation-prevent-pregnancy,Yale University,Connecticut,,,,62
New Methods to Improve Data Accuracy in Studies Using Electronic Health Record Data,https://www.pcori.org/research-results/2017/new-methods-improve-data-accuracy-studies-using-electronic-health-record-data,Vanderbilt University Medical Center,Tennessee,,,,62
Comparing Two Programs to Maintain Weight Loss among Black Women with Obesity,https://www.pcori.org/research-results/2017/comparing-two-programs-maintain-weight-loss-among-black-women-obesity,University of Florida,Florida,,,,62
Comparing the Effect of Short-Course Versus Standard Radiation Therapy on Physical Well-Being Among Patients With Breast Cancer After a Mastectomy With Breast Reconstruction -- The FABREC Study,https://www.pcori.org/research-results/2017/comparing-effect-short-course-versus-standard-radiation-therapy-physical-well-being-among-patients-breast-cancer-after-mastectomy-breast-reconstruction-fabrec-study,Dana-Farber Cancer Institute,Massachusetts,,,,62
Comparing Ways to Help Parents of Children with Sickle Cell Disease Decide on Treatment -- The ENGAGE HU Study,https://www.pcori.org/research-results/2017/comparing-ways-help-parents-children-sickle-cell-disease-decide-treatment-engage-hu-study,Cincinnati Children's Hospital Medical Center,Ohio,,,,62
Comparing Two Medicines for Adults with Myasthenia Gravis -- The PROMISE-MG Study,https://www.pcori.org/research-results/2017/comparing-two-medicines-adults-myasthenia-gravis-promise-mg-study,Duke University,North Carolina,,,,62
Comparing Two Ways to Decrease Antipsychotic Medicine Use and Symptoms among Nursing Home Residents with Dementia,https://www.pcori.org/research-results/2017/comparing-two-ways-decrease-antipsychotic-medicine-use-and-symptoms-among-nursing-home-residents-dementia,University of Pittsburgh,Pennsylvania,,,,62
Advocates in Precision Medicine in Oncology,https://www.pcori.org/research-results/2017/advocates-precision-medicine-oncology,Research Advocacy Network,Texas,,,,62
Collaborations for Health and Empowered Community-based Scientists (CHECS),https://www.pcori.org/research-results/2017/collaborations-health-and-empowered-community-based-scientists-checs,Alliance of Chicago Community Health Services,Illinois,,,,62
Sustainability Conference,https://www.pcori.org/research-results/2017/sustainability-conference,Trailhead Institute,Colorado,,,,62
2017 Conference for Community Engagement and Healthcare Improvement,https://www.pcori.org/research-results/2017/2017-conference-community-engagement-and-healthcare-improvement,The University of Texas HSC at San Antonio,Texas,,,,62
Setting the Stage for Patient Involvement: Connecting Patients with Periodontal Disease - Tier III,https://www.pcori.org/research-results/2017/setting-stage-patient-involvement-connecting-patients-periodontal-disease-tier-iii,Connecting Patients with Periodontal Disease Committee,Oregon,,,,62
Engaging Patients with Life-Limiting Illnesses on Receiving Palliative Care - Tier III,https://www.pcori.org/research-results/2017/engaging-patients-life-limiting-illnesses-receiving-palliative-care-tier-iii,University of Nevada-Las Vegas,Nevada,,,,62
Stakeholder-Driven Veterans' Suicide Protection Advisory Group - Tier III,https://www.pcori.org/research-results/2017/stakeholder-driven-veterans-suicide-protection-advisory-group-tier-iii,University of Colorado Denver - College of Nursing,Colorado,,,,62
Exploring Survivorship Care Plan Options - Tier III,https://www.pcori.org/research-results/2017/exploring-survivorship-care-plan-options-tier-iii,Zero Breast Cancer,California,,,,62
Familias Unidas: Pre-diabetes Diagnosis and Treatment - Tier III,https://www.pcori.org/research-results/2017/familias-unidas-pre-diabetes-diagnosis-and-treatment-tier-iii,"NCLR/CSULB Center for Latino Community Health, Evaluation and Leadership Training",California,,,,62
Developing Meaningful Research for Adolescents and Young Adults with Chronic Conditions - Tier III,https://www.pcori.org/research-results/2017/developing-meaningful-research-adolescents-and-young-adults-chronic-conditions-tier-iii,University of Southern California,California,,,,62
Developing Effective Interventions to Achieve a Healthy Weight Among Hispanic Children Ages 0-5 - Tier III,https://www.pcori.org/research-results/2017/developing-effective-interventions-achieve-healthy-weight-among-hispanic-children-ages-0-5-tier-iii,Children's Hospital of Colorado,Colorado,,,,62
Relieving Pain in Kansas City - Tier III,https://www.pcori.org/research-results/2017/relieving-pain-kansas-city-tier-iii,Center for Practical Bioethics,Missouri,,,,62
I HAVE A VOICE! Mental Health Recovery Support - Tier III,https://www.pcori.org/research-results/2017/i-have-voice-mental-health-recovery-support-tier-iii,Athens Photographic Project,Ohio,,,,62
Behavior Health Research Capacity Development - Tier III,https://www.pcori.org/research-results/2017/behavior-health-research-capacity-development-tier-iii,SIHF Healthcare,Illinois,,,,62
Developing a Patient-Led Multiple Sclerosis Research Community - Tier III,https://www.pcori.org/research-results/2017/developing-patient-led-multiple-sclerosis-research-community-tier-iii,The Board of Trustees of the University of Illinois,Illinois,,,,62
Engaging Patients in the Delivery of Accountable Care in Medicaid - Tier III,https://www.pcori.org/research-results/2017/engaging-patients-delivery-accountable-care-medicaid-tier-iii,Minneapolis Medical Research Foundation,Minnesota,,,,63
Engaging Communities in Infectious Diseases Research and Intervention Development - Tier III,https://www.pcori.org/research-results/2017/engaging-communities-infectious-diseases-research-and-intervention-development-tier-iii,Children's Mercy Hospital,Missouri,,,,63
"Effective Communication Among Newcomer Patients with Diabetes Mellitus, Their Families, and Healthcare Providers/Systems around Diabetes Care - Tier III",https://www.pcori.org/research-results/2017/effective-communication-among-newcomer-patients-diabetes-mellitus-their-families-and-healthcare-providerssystems-around-diabetes-care-tier-iii,Bethel Neighborhood Center,Kansas,,,,63
A Path to Identifying Effective Treatments for Hmong Adults Suffering from Gout and Gout-Related Co-morbidities - Tier III,https://www.pcori.org/research-results/2017/path-identifying-effective-treatments-hmong-adults-suffering-gout-and-gout-related-co-morbidities-tier-iii,West Side Community Health Services,Minnesota,,,,63
Building Capacity and Reducing Barriers to the Inclusion of the Underserved Black Youth and Families for Behavioral and Mental Health Patient-Centered Outcomes Research - Tier III,https://www.pcori.org/research-results/2017/building-capacity-and-reducing-barriers-inclusion-underserved-black-youth-and-families-behavioral-and-mental-health-patient-centered-outcomes-research-tier-iii,Georgetown University,District of Columbia,,,,63
Building Capacity and Forging Collaborations in Autism Research for Underserved Families - Tier III,https://www.pcori.org/research-results/2017/building-capacity-and-forging-collaborations-autism-research-underserved-families-tier-iii,University of Florida Board of Trustees,Florida,,,,63
NOLA Partnership for Mental Health - Tier III,https://www.pcori.org/research-results/2017/nola-partnership-mental-health-tier-iii,St. Anna's Episcopal Church,Louisiana,,,,63
Partnership for Physical Rehabilitation Post Stroke - Tier III,https://www.pcori.org/research-results/2017/partnership-physical-rehabilitation-post-stroke-tier-iii,Medical University of South Carolina,South Carolina,,,,63
Transitioning from Prisoner to Patient: Addressing Health Care Needs of the Formerly Incarcerated - Tier III,https://www.pcori.org/research-results/2017/transitioning-prisoner-patient-addressing-health-care-needs-formerly-incarcerated-tier-iii,Tulane University,Louisiana,,,,63
Developing a Community Partnership Focused on Prevention of Opiate Exposed Newborns - Tier III,https://www.pcori.org/research-results/2017/developing-community-partnership-focused-prevention-opiate-exposed-newborns-tier-iii,University of South Florida,Florida,,,,63
Assessing Health Outcomes in Rural Areas Where Nurse Practitioners Provide Primary Care - Tier III,https://www.pcori.org/research-results/2017/assessing-health-outcomes-rural-areas-where-nurse-practitioners-provide-primary-care-tier-iii,Georgia Watch,Georgia,,,,63
Patient-Centered Cancer Survivorship Care: Improving Quality of Care and Quality of Life for Survivors in Georgia - Tier III,https://www.pcori.org/research-results/2017/patient-centered-cancer-survivorship-care-improving-quality-care-and-quality-life-survivors-georgia-tier-iii,Georgia Center for Oncology Research and Education,Georgia,,,,63
Engagement of the Arkansas Transgender Community to Identify Patient-Centered Outcomes and Research Priorities - Tier III,https://www.pcori.org/research-results/2017/engagement-arkansas-transgender-community-identify-patient-centered-outcomes-and-research-priorities-tier-iii,Arkansas Transgender Equality Coalition,Arkansas,,,,63
Comparative Effectiveness of Online Peer Support for Diabetes Treatment Approaches - Tier III,https://www.pcori.org/research-results/2017/comparative-effectiveness-online-peer-support-diabetes-treatment-approaches-tier-iii,Dignity Health,California,,,,63
Full Circle Engagement to Improve Patient Outcomes for Those with Rare Neuroinvasive Mosquito Borne Illnesses - Tier III,https://www.pcori.org/research-results/2017/full-circle-engagement-improve-patient-outcomes-those-rare-neuroinvasive-mosquito-borne-illnesses-tier-iii,Mosquito Illness Alliance,Mississippi,,,,63
Let's Talk: Fostering a Patient-Driven Research Agenda for Atopic Dermatitis - Tier III,https://www.pcori.org/research-results/2017/lets-talk-fostering-patient-driven-research-agenda-atopic-dermatitis-tier-iii,"Public Health Foundation Enterprises, Inc.",California,,,,63
Improving Outcomes for Children with Mental Health Challenges and Their Families through Parent-to-Parent Peer Support - Tier III,https://www.pcori.org/research-results/2017/improving-outcomes-children-mental-health-challenges-and-their-families-through-parent-parent-peer-support-tier-iii,Family-Run Executive Director Leadership Association (FREDLA),Maryland,,,,63
What's the SCOOP? Discovering Quality of Life Outcomes that Matter to Squamous Cell Carcinoma of the Oropharynx Patients and Their Families - Tier III,https://www.pcori.org/research-results/2017/whats-scoop-discovering-quality-life-outcomes-matter-squamous-cell-carcinoma-oropharynx-patients-and-their-families-tier-iii,Henry Ford Health System,Michigan,,,,63
Developing a Student/Family-Centered School Health Collaborative - Tier III,https://www.pcori.org/research-results/2017/developing-studentfamily-centered-school-health-collaborative-tier-iii,National Association of School Nurses,Maryland,,,,63
Hispanic Communities Reducing Complications Around Pregnancy and Childbirth - Tier III,https://www.pcori.org/research-results/2017/hispanic-communities-reducing-complications-around-pregnancy-and-childbirth-tier-iii,"Impactivo, LLC.",Puerto Rico,,,,63
"National Patient Community, Caregiver and Advocacy Group Directed Strategies to Lead Comparative Effectiveness Research for Liver Cirrhosis - Tier III",https://www.pcori.org/research-results/2017/national-patient-community-caregiver-and-advocacy-group-directed-strategies-lead-comparative-effectiveness-research-liver-cirrhosis-tier-iii,Northwestern University,Illinois,,,,63
Engaging Patients and Community Members in Managing and Treating Osteoarthritis - Tier III,https://www.pcori.org/research-results/2017/engaging-patients-and-community-members-managing-and-treating-osteoarthritis-tier-iii,"Department of Orthopaedic Surgery, Hospital for Joint Diseases, NYU Langone Medical Center",New York,,,,63
Improving Oral Health for Vulnerable Populations - Individuals with IDD - Tier III,https://www.pcori.org/research-results/2017/improving-oral-health-vulnerable-populations-individuals-idd-tier-iii,Tufts University,Massachusetts,,,,63
After the ICU - Tier III,https://www.pcori.org/research-results/2017/after-icu-tier-iii,"Brigham and Women's Hospital, Pulmonary and Critical Care Department",Massachusetts,,,,64
Central New York Citizens Research and Action Network (CNY-CAN) - Tier III,https://www.pcori.org/research-results/2017/central-new-york-citizens-research-and-action-network-cny-can-tier-iii,"F.O.C.U.S. Greater Syracuse, Inc.",New York,,,,64
"Optimizing Care Delivery and Coordination in an Aging, HIV-Positive Population - Tier III",https://www.pcori.org/research-results/2017/optimizing-care-delivery-and-coordination-aging-hiv-positive-population-tier-iii,"Hudson River HealthCare, Inc.",New York,,,,64
Tailoring Patient Options (TPO) for Medication Adherence Action Plans in Community Pharmacies - Tier III,https://www.pcori.org/research-results/2017/tailoring-patient-options-tpo-medication-adherence-action-plans-community-pharmacies-tier-iii,University of Connecticut,Connecticut,,,,64
Patients with Familial Hypercholesterolemia Sharing Goals and Difficult Decisions - Tier III,https://www.pcori.org/research-results/2017/patients-familial-hypercholesterolemia-sharing-goals-and-difficult-decisions-tier-iii,University of Rochester,New York,,,,64
We'll Take the Village: Engaging the Community to Better Health - Tier III,https://www.pcori.org/research-results/2017/well-take-village-engaging-community-better-health-tier-iii,The Sickle Cell Association of New Jersey,New Jersey,,,,64
"Advancing Reproductive Health Wellness Between Patients with Cystic Fibrosis, Their Caregivers, Healthcare Providers and Researchers - Tier II",https://www.pcori.org/research-results/2017/advancing-reproductive-health-wellness-between-patients-cystic-fibrosis-their-caregivers-healthcare-providers-and-researchers-tier-ii,University of Washington Department of Family Medicine,Washington,,,,64
Building a Collaborative Partnership with Super-Utilizing Female Patients with Multiple Chronic Conditions Including Mental Illness and Substance Use - Tier II,https://www.pcori.org/research-results/2017/building-collaborative-partnership-super-utilizing-female-patients-multiple-chronic-conditions-including-mental-illness-and-substance-use-tier-ii,Denver Health and Hospital Authority,Colorado,,,,64
Community Engagement to Improve Prevention and Treatment of Congenital Cytomegalovirus Infection - Tier II,https://www.pcori.org/research-results/2017/community-engagement-improve-prevention-and-treatment-congenital-cytomegalovirus-infection-tier-ii,University of Massachusetts Medical School,Massachusetts,,,,64
Engaging Cancer Survivors in the Community for Assessing Nutritional Needs and Barriers - Tier II,https://www.pcori.org/research-results/2017/engaging-cancer-survivors-community-assessing-nutritional-needs-and-barriers-tier-ii,Tufts University,Massachusetts,,,,64
Refugee-Centered Medical Home-PCMH Working Better for Our Newest Neighbors - Tier II,https://www.pcori.org/research-results/2017/refugee-centered-medical-home-pcmh-working-better-our-newest-neighbors-tier-ii,Wright State University,Ohio,,,,64
Transforming the Gift of Life into a Transplant Living Community (TLC) - Tier II,https://www.pcori.org/research-results/2017/transforming-gift-life-transplant-living-community-tlc-tier-ii,Henry Ford Health System Transplant Institute,Michigan,,,,64
Building a Patient-Centered Care Network for MRKH - Tier II,https://www.pcori.org/research-results/2017/building-patient-centered-care-network-mrkh-tier-ii,"Beautiful You MRKH Foundation, Inc.",Maryland,,,,64
Developing Comparative Effectiveness Research in Dravet Syndrome - Tier II,https://www.pcori.org/research-results/2017/developing-comparative-effectiveness-research-dravet-syndrome-tier-ii,Dravet Syndrome Foundation,Connecticut,,,,64
"Creating a Patient-Built, Patient-Directed, Patient-Centered Research Community for Chronic Pain - Tier II",https://www.pcori.org/research-results/2017/creating-patient-built-patient-directed-patient-centered-research-community-chronic-pain-tier-ii,National Fibromyalgia and Chronic Pain Association,Virginia,,,,64
Developing a Health Services Research Agenda for the Twin Cities Consortium for Alzheimer's Research (T-CAR) - Tier II,https://www.pcori.org/research-results/2017/developing-health-services-research-agenda-twin-cities-consortium-alzheimers-research-t-car-tier-ii,Regents of the University of Minnesota,Minnesota,,,,64
Advanced Care Planning Research Collaborative - Tier II,https://www.pcori.org/research-results/2017/advanced-care-planning-research-collaborative-tier-ii,Boise State University,Idaho,,,,64
"Keep on Movin' - Building a Patient/Caregiver, Stakeholder, and Researcher Partnership to Promote Physical Activity (PA) Access and Participation of Children Who Use Assistive Mobility Devices (AMD) - Tier II",https://www.pcori.org/research-results/2017/keep-movin-building-patientcaregiver-stakeholder-and-researcher-partnership-promote-physical-activity-pa-access-and-participation-children-who-use-assistive-mobility-devices-amd-tier-ii,N/A,Washington,,,,64
Into the Light: Using Health Technology to Develop a Mother/Family Centered Peer Support Network - Tier II,https://www.pcori.org/research-results/2017/light-using-health-technology-develop-motherfamily-centered-peer-support-network-tier-ii,University of Massachusetts Medical School,Massachusetts,,,,64
Developing Patient-Centered Psychiatric Care for Foster Youth - Tier II,https://www.pcori.org/research-results/2017/developing-patient-centered-psychiatric-care-foster-youth-tier-ii,"Dartmouth Trauma Interventions Research Center, Department of Psychiatry, Geisel School of Medicine at Dartmouth",New Hampshire,,,,64
Patient Engagement Efforts to Reduce (PEER) Diabetes Among Vietnamese Americans - Tier II,https://www.pcori.org/research-results/2017/patient-engagement-efforts-reduce-peer-diabetes-among-vietnamese-americans-tier-ii,Boston College,Massachusetts,,,,64
Developing a Patient and Family-Centered Pediatric Surgical Collaborative - Tier II,https://www.pcori.org/research-results/2017/developing-patient-and-family-centered-pediatric-surgical-collaborative-tier-ii,Ann & Robert H. Lurie Children's Hospital of Chicago,Illinois,,,,64
Developing ASHA: A Community Based Coalition to Prevent Diabetes among South Asians in Atlanta - Tier II,https://www.pcori.org/research-results/2017/developing-asha-community-based-coalition-prevent-diabetes-among-south-asians-atlanta-tier-ii,"Emory University, Department of Family and Preventive Medicine",Georgia,,,,64
"Autism FORCE (Families, Organizations, Resources Completely Engaged) for Achieving Positive Patient Outcomes - Tier II",https://www.pcori.org/research-results/2017/autism-force-families-organizations-resources-completely-engaged-achieving-positive-patient-outcomes-tier-ii,Tulane University School of Medicine/Tulane Center for Autism and Related Disorders,Louisiana,,,,64
As a Matter of Pain: Capacity Building and Community Engagement for Patient-Centered Musculoskeletal Pain Research--Tier II,https://www.pcori.org/research-results/2017/matter-pain-capacity-building-and-community-engagement-patient-centered-musculoskeletal-pain-research-tier-ii,"Brooks Rehabilitation - University of Florida, College of Public Health & Health Professions Research Collaboration",Florida,,,,64
Shared Decision Making for Prostate Cancer Screening - Tier II,https://www.pcori.org/research-results/2017/shared-decision-making-prostate-cancer-screening-tier-ii,Wayne State University School of Medicine,Michigan,,,,65
Community Engagement to Improve the Transition of Tube Feeding to Oral Feeding for Children and Their Families - Tier II,https://www.pcori.org/research-results/2017/community-engagement-improve-transition-tube-feeding-oral-feeding-children-and-their-families-tier-ii,Regents of the University of Colorado,Colorado,,,,65
Building Capacity for Patient-Centered Comparative Effectiveness Research on Language Access for Patients with Diabetes - Tier II,https://www.pcori.org/research-results/2017/building-capacity-patient-centered-comparative-effectiveness-research-language-access-patients-diabetes-tier-ii,The Ohio State University,Ohio,,,,65
The Tulumbe Project - Tier II,https://www.pcori.org/research-results/2017/tulumbe-project-tier-ii,Multicultural AIDS Coalition,Massachusetts,,,,65
Initiating Discussions to Enhance Physical Activity Promotion Services for Individuals with PD (IDEAS for PD) - Tier II,https://www.pcori.org/research-results/2017/initiating-discussions-enhance-physical-activity-promotion-services-individuals-pd-ideas-pd-tier-ii,University of Washington,Washington,,,,65
Establishing a Culturally Appropriate Partnership for Patient-Centered Outcomes Research in Type 2 Diabetes - Tier II,https://www.pcori.org/research-results/2017/establishing-culturally-appropriate-partnership-patient-centered-outcomes-research-type-2-diabetes-tier-ii,Midwest Asian Health Association (MAHA),Illinois,,,,65
Engaging Community Stakeholders to Improve Childhood Obesity Interventions - Tier II,https://www.pcori.org/research-results/2017/engaging-community-stakeholders-improve-childhood-obesity-interventions-tier-ii,"FLIPANY, Florida Introduces Physical Activity and Nutrition to Youth",Florida,,,,65
Fecal Incontinence in Primary Care Consortium - Tier II,https://www.pcori.org/research-results/2017/fecal-incontinence-primary-care-consortium-tier-ii,"Nova Southeastern University, Master of Public Health Program",Florida,,,,65
Building Networks for Comparative Research with Youth Caregivers and Older Adults - Tier II,https://www.pcori.org/research-results/2017/building-networks-comparative-research-youth-caregivers-and-older-adults-tier-ii,University of North Carolina - Chapel Hill,North Carolina,,,,65
The Bexar County Neonatal Abstinence Syndrome Collaborative - Tier II,https://www.pcori.org/research-results/2017/bexar-county-neonatal-abstinence-syndrome-collaborative-tier-ii,The University of Texas Health Science Center at San Antonio,Texas,,,,65
Building the Foundation for Community-Led Research to Eliminate LGBT Cancer Disparities - Tier II,https://www.pcori.org/research-results/2017/building-foundation-community-led-research-eliminate-lgbt-cancer-disparities-tier-ii,The George Washington University (GW) Cancer Institute,District of Columbia,,,,65
Early Stage Breast Cancer Survivor Health and Wellness Collaborative - Tier II,https://www.pcori.org/research-results/2017/early-stage-breast-cancer-survivor-health-and-wellness-collaborative-tier-ii,Allina Health,Minnesota,,,,65
Unhealthy Substance Use Among Community-Based Older Adults: What is the Role of Home Health Aides? - Tier II,https://www.pcori.org/research-results/2017/unhealthy-substance-use-among-community-based-older-adults-what-role-home-health-aides-tier-ii,Home Care Aide Foundation,Massachusetts,,,,65
The West Virginia AWARE (Asking Women About Relationship Experiences) Collaborative for Intimate Partner Violence Screening - Tier II,https://www.pcori.org/research-results/2017/west-virginia-aware-asking-women-about-relationship-experiences-collaborative-intimate-partner-violence-screening-tier-ii,West Virginia Coalition Against Domestic Violence,West Virginia,,,,65
Fostering Community Based Research Priorities for mHealth Diabetes and Hypertension Self-Management - Tier II,https://www.pcori.org/research-results/2017/fostering-community-based-research-priorities-mhealth-diabetes-and-hypertension-self-management-tier-ii,EthosExcel,North Carolina,,,,65
Developing a Research and Engagement Agenda at the Margins: DREAM (Engaging Low Income Rural Individuals and Families to Improve Mental Health) - Tier II,https://www.pcori.org/research-results/2017/developing-research-and-engagement-agenda-margins-dream-engaging-low-income-rural-individuals-and-families-improve-mental-health-tier-ii,Dartmouth College,New Hampshire,,,,65
Leveraging a Community Partnership to Identify Priorities for Comparative Effectiveness Research (CER) in Asthma in Underserved Hispanic Communities - Tier II,https://www.pcori.org/research-results/2017/leveraging-community-partnership-identify-priorities-comparative-effectiveness-research-cer-asthma-underserved-hispanic-communities-tier-ii,Northwell Health,New York,,,,65
"Mind, Body and Soul - Finding Effective Community Solutions to Increase Colon Cancer Screening Among Africans - Tier II",https://www.pcori.org/research-results/2017/mind-body-and-soul-finding-effective-community-solutions-increase-colon-cancer-screening-among-africans-tier-ii,Faith Works Connecting for a Healthy Community (FWCFHC),Missouri,,,,65
Success in Early Recovery (SIER) - Tier II,https://www.pcori.org/research-results/2017/success-early-recovery-sier-tier-ii,Matrix Institute on Addictions,California,,,,65
Healing Families: Parental Involvement in the Treatment of Low-Income Teens Diagnosed with a Mood Disorder - Tier II,https://www.pcori.org/research-results/2017/healing-families-parental-involvement-treatment-low-income-teens-diagnosed-mood-disorder-tier-ii,Families for Depression Awareness,Massachusetts,,,,65
Child and Adolescent Chronic Illness Center - Tier II,https://www.pcori.org/research-results/2017/child-and-adolescent-chronic-illness-center-tier-ii,"The Regents of the University of California, San Francisco",California,,,,65
Hispana/Latina Survivor Voice: Partnering to Improve Breast Cancer Care - Tier II,https://www.pcori.org/research-results/2017/hispanalatina-survivor-voice-partnering-improve-breast-cancer-care-tier-ii,The Regents of the University of New Mexico,New Mexico,,,,65
Spreading Ideas-Improving Outcomes: Driving Innovation in State & Local Health Systems,https://www.pcori.org/research-results/2017/spreading-ideas-improving-outcomes-driving-innovation-state-local-health-systems,"e.Republic, Inc.",California,,,,65
Patient and Stakeholder Alliance for SATB2-Associated Syndrome,https://www.pcori.org/research-results/2017/patient-and-stakeholder-alliance-satb2-associated-syndrome,Arkansas Children’s Research Institute,Arkansas,,,,65
Summit and White Paper Report: Patient-Centered Outcomes and Age-Related Macular Degeneration,https://www.pcori.org/research-results/2017/summit-and-white-paper-report-patient-centered-outcomes-and-age-related-macular-degeneration,The Angiogenesis Foundation,Massachusetts,,,,65
Society for Medical Decision Making Annual Meeting,https://www.pcori.org/research-results/2017/society-medical-decision-making-annual-meeting,Society for Medical Decision Making,New Jersey,,,,66
"Patient-Centered Research for Innovation, Development, and Education (PRIDE)",https://www.pcori.org/research-results/2017/patient-centered-research-innovation-development-and-education-pride,Hemophilia Federation of America,District of Columbia,,,,66
Establishing a Mechanism for Patient Centered Cancer Research at a Safety-Net Hospital,https://www.pcori.org/research-results/2017/establishing-mechanism-patient-centered-cancer-research-safety-net-hospital,Boston Medical Center,Massachusetts,,,,66
Using Patient Generated Health Data to Transform Healthcare,https://www.pcori.org/research-results/2017/using-patient-generated-health-data-transform-healthcare,University of Washington,Washington,,,,66
Academic Community Collaborative to Engage Stakeholders,https://www.pcori.org/research-results/2017/academic-community-collaborative-engage-stakeholders,New York University,New York,,,,66
Strengthening Diversity in Research Partnerships: Knowledge to Action,https://www.pcori.org/research-results/2017/strengthening-diversity-research-partnerships-knowledge-action,Institute for Patient and Family Centered Care,Maryland,,,,66
The National Alliance (formerly NBCH) Disseminates PCOR/CER Findings Thru Purchaser-led Coalitions to Improve Patient-Centered Outcomes,https://www.pcori.org/research-results/2017/national-alliance-formerly-nbch-disseminates-pcorcer-findings-thru-purchaser-led-coalitions-improve-patient-centered-outcomes,National Alliance of Healthcare Purchaser Coalitions,District of Columbia,,,,66
Fostering Physician Behavior Change to Improve Health Outcomes and Enhance Patient Engagement,https://www.pcori.org/research-results/2017/fostering-physician-behavior-change-improve-health-outcomes-and-enhance-patient-engagement,Alliance of Community Health Plans Foundation,District of Columbia,,,,66
Pastors4PCOR Facilitator Training for Research Ministry Ambassadors,https://www.pcori.org/research-results/2017/pastors4pcor-facilitator-training-research-ministry-ambassadors,Total Resource Community Development Organization,Illinois,,,,66
Engaging Migrant and Seasonal Farmworkers in Healthcare Research,https://www.pcori.org/research-results/2017/engaging-migrant-and-seasonal-farmworkers-healthcare-research,"University of Kansas Center for Research, Inc.",Kansas,,,,66
Mastering Adolescents' Knowledge and Engagement in Research (MAKE: Research),https://www.pcori.org/research-results/2017/mastering-adolescents-knowledge-and-engagement-research-make-research,Regents of the University of Michigan,Michigan,,,,66
The Coachella Valley Community Research Initiative for Healthy Aging with HIV,https://www.pcori.org/research-results/2017/coachella-valley-community-research-initiative-healthy-aging-hiv,"Regents of the University of California, Riverside Campus",California,,,,66
Educate to Engage Patients: Health Data,https://www.pcori.org/research-results/2017/educate-engage-patients-health-data,Milken Institute,District of Columbia,,,,66
Family Wisdom: Working with Family-to-Family Organizations to Build Community Capacity for PCOR,https://www.pcori.org/research-results/2017/family-wisdom-working-family-family-organizations-build-community-capacity-pcor,"Family Voices, Inc.",New Mexico,,,,66
Understanding How Patients' Response to Treatment Varies Using Predicted Risk,https://www.pcori.org/research-results/2017/understanding-how-patients-response-treatment-varies-using-predicted-risk,"Tufts Medical Center, Inc.",Massachusetts,,,,66
Patients' Awareness of Coronary Calcium Quantification and Engagement in Cardiovascular Risk Reduction in Populations Undergoing Lung Cancer Screening - Tier III,https://www.pcori.org/research-results/2017/patients-awareness-coronary-calcium-quantification-and-engagement-cardiovascular-risk-reduction-populations-undergoing-lung-cancer-screening-tier-iii,University of California San Francisco,California,,,,66
Engagement for Heart Failure Research in Nursing Facilities - Tier III,https://www.pcori.org/research-results/2017/engagement-heart-failure-research-nursing-facilities-tier-iii,"University of Colorado, Denver",Colorado,,,,66
Improving Delivery of Diabetic Foot Care to Prevent Amputations: A Comparative Effectiveness Trial - Tier III,https://www.pcori.org/research-results/2017/improving-delivery-diabetic-foot-care-prevent-amputations-comparative-effectiveness-trial-tier-iii,Baylor College of Medicine,Texas,,,,66
"Enhancing Patient, Caregiver, and Clinician Engagement to Improve Evidence-Based Depression Treatment for Adolescents - Tier III",https://www.pcori.org/research-results/2017/enhancing-patient-caregiver-and-clinician-engagement-improve-evidence-based-depression-treatment-adolescents-tier-iii,"Mt. Hope Family Center, University of Rochester",New York,,,,66
Community Uptake of a Website to Improve Support for People Aging at Home,https://www.pcori.org/research-results/2017/community-uptake-website-improve-support-people-aging-home,Northwestern University,Illinois,,,,66
Using a Prediction Model to Identify Patients Who Can Benefit from Diabetes Prevention,https://www.pcori.org/research-results/2017/using-prediction-model-identify-patients-who-can-benefit-diabetes-prevention,Tufts Medical Center,Massachusetts,,,,66
Dissemination and Implementation of Virtual Care Visits for Parkinson's Disease,https://www.pcori.org/research-results/2017/dissemination-and-implementation-virtual-care-visits-parkinsons-disease,University of Rochester,New York,,,,66
Testing Two Patient Surveys for Diagnosing Rare Genetic Conditions,https://www.pcori.org/research-results/2017/testing-two-patient-surveys-diagnosing-rare-genetic-conditions,Boston Children's Hospital,Massachusetts,,,,66
Comparing Surgery to Physical Therapy for Treating Rotator Cuff Tears,https://www.pcori.org/research-results/2017/comparing-surgery-physical-therapy-treating-rotator-cuff-tears,University of Michigan,Texas,,,,66
Comparing Programs to Treat Opioid Use Disorder in Primary Care and Substance Use Clinics,https://www.pcori.org/research-results/2017/comparing-programs-treat-opioid-use-disorder-primary-care-and-substance-use-clinics,Public Health Management Corporation,Pennsylvania,,,,66
Comparing Ways to Help Patients with Traumatic Brain Injury Transition from Rehabilitation to Home -- The BRITE Study,https://www.pcori.org/research-results/2017/comparing-ways-help-patients-traumatic-brain-injury-transition-rehabilitation-home-brite-study,University of Washington,Washington,,,,67
Identifying Minority Research Priorities in Alzheimer's,https://www.pcori.org/research-results/2016/identifying-minority-research-priorities-alzheimers,USAgainstAlzeimer's Network,District of Columbia,,,,67
Arterial Turtuosity Syndrome PCOR/CER Summit Series,https://www.pcori.org/research-results/2016/arterial-turtuosity-syndrome-pcorcer-summit-series,"A Twist of Fate-ATS, Corp",Oklahoma,,,,67
Women and Parkinson's: Teams to Advance Learning and Knowledge (TALK),https://www.pcori.org/research-results/2016/women-and-parkinsons-teams-advance-learning-and-knowledge-talk,Parkinson's Disease Foundation,New York,,,,67
Developing and Testing a System to Track Hospitalized Patients' Antimicrobial Use,https://www.pcori.org/research-results/2016/developing-and-testing-system-track-hospitalized-patients-antimicrobial-use,Medical Research Analytics and Informatics Alliance,Illinois,,,,67
Using PCORnet to Track Zika Syndrome,https://www.pcori.org/research-results/2016/using-pcornet-track-zika-syndrome,University of Florida,Florida,,,,67
Natural Experiments Coordinating Center,https://www.pcori.org/research-results/2016/natural-experiments-coordinating-center,"Regents of the University of California, Los Angeles",California,,,,67
Annual Cholangiocarcinoma Foundation Conference,https://www.pcori.org/research-results/2016/annual-cholangiocarcinoma-foundation-conference,The Cholangiocarcinoma Foundation,Utah,,,,67
Priority Setting to Improve Health Outcomes: Autistic Adults and Other Stakeholders Engage Together,https://www.pcori.org/research-results/2016/priority-setting-improve-health-outcomes-autistic-adults-and-other-stakeholders-engage-together,"Augusta University Research Institute, Inc.",Georgia,,,,67
Incorporating Genetics into Patient-Centered Outcomes Research: An Engagement Model for the Autism Research Community,https://www.pcori.org/research-results/2016/incorporating-genetics-patient-centered-outcomes-research-engagement-model-autism-research-community,Children’s Mercy Hospital,Missouri,,,,67
Engaging Patients and Their Families in Patient-Centered Multiple Sclerosis Research,https://www.pcori.org/research-results/2016/engaging-patients-and-their-families-patient-centered-multiple-sclerosis-research,Auburn University,Alabama,,,,67
Coalition for Recovery and Innovation in Traumatic Brain Injury Care Across the Lifespan (CRITICAL),https://www.pcori.org/research-results/2016/coalition-recovery-and-innovation-traumatic-brain-injury-care-across-lifespan-critical,University of Colorado Denver – Anschutz Medical Campus,Colorado,,,,67
Focus on the Rainbow,https://www.pcori.org/research-results/2016/focus-rainbow,Henry Ford Health System,Michigan,,,,67
Development of the Arkansas Faith-Academic Initiatives for Transforming Health (FAITH) Network,https://www.pcori.org/research-results/2016/development-arkansas-faith-academic-initiatives-transforming-health-faith-network,University of Arkansas for Medical Sciences,Arkansas,,,,67
Patient Stakeholder Engagement in a Safety-Net Health Care System,https://www.pcori.org/research-results/2016/patient-stakeholder-engagement-safety-net-health-care-system,University of Texas Health Science Center at Houston,Texas,,,,67
Training and Development to Engage African American Patients with Mental Illness as Research Leaders,https://www.pcori.org/research-results/2016/training-and-development-engage-african-american-patients-mental-illness-research-leaders,Illinois Institute of Technology,Illinois,,,,67
Patient-Directed Outcomes for Skin Cancer,https://www.pcori.org/research-results/2016/patient-directed-outcomes-skin-cancer,American Society for Dermatologic Surgery Association,Illinois,,,,67
The National Sickle Cell Advocate Network (NSCAN),https://www.pcori.org/research-results/2016/national-sickle-cell-advocate-network-nscan,Sickle Cell Disease Association of America,Maryland,,,,67
Effective Treatments Educational Forums,https://www.pcori.org/research-results/2016/effective-treatments-educational-forums,Bipartisan Policy Center,District of Columbia,,,,67
Engaging Medically and Psychosocially Complex Patients,https://www.pcori.org/research-results/2016/engaging-medically-and-psychosocially-complex-patients,The Trustees of the University of Pennsylvania,Pennsylvania,,,,67
"Surviving Cancer, Thriving in Life",https://www.pcori.org/research-results/2016/surviving-cancer-thriving-life,Hugo W. Moser Research Institute Kennedy Krieger,Maryland,,,,67
Building Capacity to Address Mental Health Problems in Adults Released from Incarceration,https://www.pcori.org/research-results/2016/building-capacity-address-mental-health-problems-adults-released-incarceration,New York University,New York,,,,67
IBEMC Stakeholder Network,https://www.pcori.org/research-results/2016/ibemc-stakeholder-network,Michigan Public Health Institute,Michigan,,,,67
"Setting a Patient-Centered Research Agenda for Cerebral Palsy (""Research CP"")",https://www.pcori.org/research-results/2016/setting-patient-centered-research-agenda-cerebral-palsy-research-cp,CP Now,South Carolina,,,,67
CCCC 2017 Palliative Care Summit,https://www.pcori.org/research-results/2016/cccc-2017-palliative-care-summit,Coalition for Compassionate Care of California,California,,,,67
National Psoriasis Foundation Psoriatic Disease Research Ambassadors,https://www.pcori.org/research-results/2016/national-psoriasis-foundation-psoriatic-disease-research-ambassadors,National Psoriasis Foundation,Oregon,,,,68
NAPCRG's Patient and Clinician Engagement (PaCE) Program 2.0,https://www.pcori.org/research-results/2016/napcrgs-patient-and-clinician-engagement-pace-program-20,North American Primary Care Research Group,Kansas,,,,68
Engagement to Advance PCOR in Family Medicine,https://www.pcori.org/research-results/2016/engagement-advance-pcor-family-medicine,American Academy of Family Physicians,Kansas,,,,68
Engaging Patients and Other Stakeholders to Develop a Patient-Centered Research Agenda for Cancer Precision Medicine,https://www.pcori.org/research-results/2016/engaging-patients-and-other-stakeholders-develop-patient-centered-research-agenda-cancer-precision-medicine,Henry Ford Health System,Michigan,,,,68
Building a Community-Based Research Network Project Block by Block,https://www.pcori.org/research-results/2016/building-community-based-research-network-project-block-block,Cincinnati Children's Hospital Medical Center,Ohio,,,,68
Real World Data Research Readiness: Engaging the Prader-Willi Syndrome Community,https://www.pcori.org/research-results/2016/real-world-data-research-readiness-engaging-prader-willi-syndrome-community,Foundation for Prader-Willi Research,California,,,,68
"Building a Sustainable PCO and PCOR Community Network to Achieve Patient, Researcher, and Clinician Partnerships",https://www.pcori.org/research-results/2016/building-sustainable-pco-and-pcor-community-network-achieve-patient-researcher-and-clinician-partnerships,Comagine Health,Utah,,,,68
Minority Women Research Network: Increased Community and Patient Engagement in Research Symposium,https://www.pcori.org/research-results/2016/minority-women-research-network-increased-community-and-patient-engagement-research-symposium,Mayo Clinic,Minnesota,,,,68
The Future of Patient-Centered Medical Education,https://www.pcori.org/research-results/2016/future-patient-centered-medical-education,Stanford University,California,,,,68
Building a Patient-Centered Cooperative Group for Psychosocial Oncology,https://www.pcori.org/research-results/2016/building-patient-centered-cooperative-group-psychosocial-oncology,University of Michigan School of Social Work,Michigan,,,,68
The Evidence-Based Guidelines Affecting Policy Practice and Stakeholders (E-GAPPS III) Conference,https://www.pcori.org/research-results/2016/evidence-based-guidelines-affecting-policy-practice-and-stakeholders-e-gapps-iii-conference,The New York Academy of Medicine,New York,,,,68
Veterans' Action League (VAL): Building Capacity to Engage Veterans in PCOR and CER Activities,https://www.pcori.org/research-results/2016/veterans-action-league-val-building-capacity-engage-veterans-pcor-and-cer-activities,Florida Atlantic University,Florida,,,,68
Evidence and the Individual Patient: Understanding Heterogeneous Treatment Effects for Patient-Centered Care,https://www.pcori.org/research-results/2016/evidence-and-individual-patient-understanding-heterogeneous-treatment-effects-patient-centered-care,"Tufts Medical Center, Inc.",Massachusetts,,,,68
The Summit on Patient-Reported Outcomes: The Value of Patient-Reported Outcomes in Health Care,https://www.pcori.org/research-results/2016/summit-patient-reported-outcomes-value-patient-reported-outcomes-health-care,Plastic Surgery Foundation,Illinois,,,,68
"Building Capacity for Patient, Family Member and Researcher Engagement in PCOR in Hospital Medicine",https://www.pcori.org/research-results/2016/building-capacity-patient-family-member-and-researcher-engagement-pcor-hospital-medicine,University of California San Francisco,California,,,,68
"The Alliance For Aging Research ""Senior Patient & Family Caregiver Network"" (SP&FCN) for PCOR/CER",https://www.pcori.org/research-results/2016/alliance-aging-research-senior-patient-family-caregiver-network-spfcn-pcorcer,Alliance for Aging Research,District of Columbia,,,,68
Health and Research Ambassador (HARA) PCOR/CER Training Program,https://www.pcori.org/research-results/2016/health-and-research-ambassador-hara-pcorcer-training-program,National Alopecia Areata Foundation,California,,,,68
Defining a Roadmap for Patient Engagement in Imaging CER,https://www.pcori.org/research-results/2016/defining-roadmap-patient-engagement-imaging-cer,ECOG-ACRIN Medical Foundation,Pennsylvania,,,,68
The MS Minority Research Engagement Partnership Network,https://www.pcori.org/research-results/2016/ms-minority-research-engagement-partnership-network,Accelerated Cure Project,Massachusetts,,,,68
Engaging Patients in the Health Care Systems Research Network: Fall Methods Workshop - 'Measuring Impact',https://www.pcori.org/research-results/2016/engaging-patients-health-care-systems-research-network-fall-methods-workshop-measuring-impact,Marshfield Clinic Research Foundation,Wisconsin,,,,68
Equipping You for Success: Training for Family Caregivers in Team-Based Medical Decisions,https://www.pcori.org/research-results/2016/equipping-you-success-training-family-caregivers-team-based-medical-decisions,Caregiver Action Network,District of Columbia,,,,68
"Stakeholder-Driven, Evidence-Based Standards for Presenting Patient-Reported Outcomes in Practice",https://www.pcori.org/research-results/2016/stakeholder-driven-evidence-based-standards-presenting-patient-reported-outcomes-practice,Johns Hopkins University,Maryland,,,,68
The SWF Patient Engagement Conference,https://www.pcori.org/research-results/2016/swf-patient-engagement-conference,The Sturge-Weber Foundation,New Jersey,,,,68
2017 CUE Summit: Leveraging the Power of Patient & Consumer Advocacy to Transform Healthcare,https://www.pcori.org/research-results/2016/2017-cue-summit-leveraging-power-patient-consumer-advocacy-transform-healthcare,Johns Hopkins Bloomberg School of Public Health,Maryland,,,,68
Patients Engagement to Reduce Zika Disease and Improve Maternal Child Health Blueprint for Research,https://www.pcori.org/research-results/2016/patients-engagement-reduce-zika-disease-and-improve-maternal-child-health-blueprint-research,Impactivo,Puerto Rico,,,,68
Helping Researchers Use Statistical Methods for Analyzing Data When Treatments Change Over Time,https://www.pcori.org/research-results/2016/helping-researchers-use-statistical-methods-analyzing-data-when-treatments-change-over-time,Medical Technology and Practice Patterns Institute,Maryland,,,,69
Adapting a Blood Clot Prevention Program for Routine Use in Hospitals,https://www.pcori.org/research-results/2016/adapting-blood-clot-prevention-program-routine-use-hospitals,Johns Hopkins University,Maryland,,,,69
Patient-Centered Outcomes Research Translation Center,https://www.pcori.org/research-results/2016/patient-centered-outcomes-research-translation-center,American Institutes for Research,District of Columbia,,,,69
Creating Recommendations on Types of Data to Present in Patient-Reported Outcome Measure Development Studies,https://www.pcori.org/research-results/2016/creating-recommendations-types-data-present-patient-reported-outcome-measure-development-studies,University of Michigan,Michigan,,,,69
Using Different Data Sets to Test How Well Clinical Prediction Models Work to Predict Patients' Risk of Heart Disease,https://www.pcori.org/research-results/2016/using-different-data-sets-test-how-well-clinical-prediction-models-work-predict-patients-risk-heart-disease,Tufts Medical Center,Massachusetts,,,,69
Comparing Ways to Support Communication between Patients and Their Primary Care Providers,https://www.pcori.org/research-results/2016/comparing-ways-support-communication-between-patients-and-their-primary-care-providers,"University of California, San Diego",California,,,,69
Comparing Two Ways to Treat Depression among Pregnant Women and New Mothers with Low Incomes,https://www.pcori.org/research-results/2016/comparing-two-ways-treat-depression-among-pregnant-women-and-new-mothers-low-incomes,Boston Medical Center,Massachusetts,,,,69
Comparing Messaging Systems to Increase Use of Online Programs That Help Smokers Quit -- Smoker-to-Smoker (S2S),https://www.pcori.org/research-results/2016/comparing-messaging-systems-increase-use-online-programs-help-smokers-quit-smoker-smoker-s2s,University of Massachusetts Medical School,Massachusetts,,,,69
Comparing Two Programs for Weight Loss among Marshallese Adults Living in the United States,https://www.pcori.org/research-results/2016/comparing-two-programs-weight-loss-among-marshallese-adults-living-united-states,University of Arkansas for Medical Sciences,Arkansas,,,,69
Improving Methods for Discrete Choice Experiments to Measure Patient Preferences,https://www.pcori.org/research-results/2016/improving-methods-discrete-choice-experiments-measure-patient-preferences,North Carolina State University,North Carolina,,,,69
Identifying and Treating Childhood Hearing Loss in Rural Alaska -- The Hearing Norton Sound Study,https://www.pcori.org/research-results/2016/identifying-and-treating-childhood-hearing-loss-rural-alaska-hearing-norton-sound-study,Norton Sound Health Corporation,Alaska,,,,69
Comparing the Effects of Acupressure on Cancer Treatment Side Effects in Children and Youth -- The ACT-CC Study,https://www.pcori.org/research-results/2016/comparing-effects-acupressure-cancer-treatment-side-effects-children-and-youth-act-cc-study,University of California San Francisco,California,,,,69
Developing a New Method for Combining Data from Multiple Studies,https://www.pcori.org/research-results/2016/developing-new-method-combining-data-multiple-studies,Johns Hopkins University,Maryland,,,,69
Comparing Two Approaches to Help Patients and Doctors Talk about Chronic Pain Treatments -- Voices in Pain Care,https://www.pcori.org/research-results/2016/comparing-two-approaches-help-patients-and-doctors-talk-about-chronic-pain-treatments-voices-pain-care,Cedars-Sinai Medical Center,California,,,,69
Comparing Two Programs to Help Families Living in Medically Underserved Areas Address Childhood Obesity,https://www.pcori.org/research-results/2016/comparing-two-programs-help-families-living-medically-underserved-areas-address-childhood-obesity,University of Virginia,Virginia,,,,69
Developing and Testing Software for Linking Patient Data from Multiple Sources,https://www.pcori.org/research-results/2016/developing-and-testing-software-linking-patient-data-multiple-sources,Texas A&M University Health Science Center,Texas,,,,69
Comparing Treatments for Resistant Kawasaki Disease -- The KIDCARE Study,https://www.pcori.org/research-results/2016/comparing-treatments-resistant-kawasaki-disease-kidcare-study,University of California San Diego,California,,,,69
Comparing Two Approaches to Help Patients Manage Symptoms at Home after Cancer Surgery -- The ACCESS Study,https://www.pcori.org/research-results/2016/comparing-two-approaches-help-patients-manage-symptoms-home-after-cancer-surgery-access-study,Memorial Sloan Kettering Cancer Center,New York,,,,69
"Effect of High-Deductible Health Plans and Preventive Drug Lists on Asthma Attacks, Medicine Use, and Out-of-Pocket Costs -- The AFFORD Study",https://www.pcori.org/research-results/2016/effect-high-deductible-health-plans-and-preventive-drug-lists-asthma-attacks-medicine-use-and-out-pocket-costs-afford-study,"Harvard Pilgrim Health Care ,Inc.",Massachusetts,,,,69
Identifying Topics in Patient and Doctor Conversations Using Natural Language Processing Methods,https://www.pcori.org/research-results/2016/identifying-topics-patient-and-doctor-conversations-using-natural-language-processing-methods,University of Utah,Utah,,,,69
Comparison of Early versus Standard Timing of Tracheostomy in Patients with Severe Stroke and Breathing Failure -- The SETPOINT 2 Study,https://www.pcori.org/research-results/2016/comparison-early-versus-standard-timing-tracheostomy-patients-severe-stroke-and-breathing-failure-setpoint-2-study,Maine Medical Center,Maine,,,,69
Identifying Challenges to Using Home-Based Palliative Care for Patients with Serious Illness,https://www.pcori.org/research-results/2016/identifying-challenges-using-home-based-palliative-care-patients-serious-illness,University of Southern California,California,,,,69
Social Media and Research Toolkit (SMART),https://www.pcori.org/research-results/2016/social-media-and-research-toolkit-smart,Global Healthy Living Foundation,New York,,,,69
Take Action for Arizona's Children through Care Coordination: A Bridge to Action,https://www.pcori.org/research-results/2016/take-action-arizonas-children-through-care-coordination-bridge-action,Arizona State University,Arizona,,,,69
Improving Hospital Outcomes through Patient Engagement: The i-HOPE Study,https://www.pcori.org/research-results/2016/improving-hospital-outcomes-through-patient-engagement-i-hope-study,Foundation for Advancing Veterans' Health Research,Texas,,,,69
The Patient Voice in Cultural Diversity Training for Patient Centered Outcomes Researchers,https://www.pcori.org/research-results/2016/patient-voice-cultural-diversity-training-patient-centered-outcomes-researchers,University of Maryland,Maryland,,,,70
PCOR/CER Roadmap for Essential Hospitals,https://www.pcori.org/research-results/2016/pcorcer-roadmap-essential-hospitals,America’s Essential Hospitals,District of Columbia,,,,70
Clinician Participation in PCOR: Defining a Framework for More Effective Engagement,https://www.pcori.org/research-results/2016/clinician-participation-pcor-defining-framework-more-effective-engagement,Center for Medical Technology Policy,Maryland,,,,70
2016 PLIDA International Perinatal Bereavement Conference,https://www.pcori.org/research-results/2016/2016-plida-international-perinatal-bereavement-conference,Pregnancy Loss and Infant Death Alliance,Colorado,,,,70
Hispanic Patient-Centered Health Research Mentorship,https://www.pcori.org/research-results/2016/hispanic-patient-centered-health-research-mentorship,National Hispanic Health Foundation,District of Columbia,,,,70
Explaining Comparative Effectiveness Research: Patient & Family Education to Action,https://www.pcori.org/research-results/2016/explaining-comparative-effectiveness-research-patient-family-education-action,Arthritis Foundation,Georgia,,,,70
Engaging Stakeholders to Build Infrastructure for PCOR in the Primary Care Safety Net,https://www.pcori.org/research-results/2016/engaging-stakeholders-build-infrastructure-pcor-primary-care-safety-net,Morehouse School of Medicine,Georgia,,,,70
Engaging Stakeholders for a Patient-Centered Research Agenda for Chronic Kidney Disease in Delaware,https://www.pcori.org/research-results/2016/engaging-stakeholders-patient-centered-research-agenda-chronic-kidney-disease-delaware,"Christiana Care Health Services, Inc.",Delaware,,,,70
Facilitating Male Trauma Survivors' Meaningful Involvement in Health Research,https://www.pcori.org/research-results/2016/facilitating-male-trauma-survivors-meaningful-involvement-health-research,Yale University,Connecticut,,,,70
Defining Patient-Centered Metrics for Low Value Care. Phase I: Establishing Priorities,https://www.pcori.org/research-results/2016/defining-patient-centered-metrics-low-value-care-phase-i-establishing-priorities,AcademyHealth,District of Columbia,,,,70
National Kidney Foundation Patient-Centered Outcomes Research Stakeholders' Conference,https://www.pcori.org/research-results/2016/national-kidney-foundation-patient-centered-outcomes-research-stakeholders-conference,National Kidney Foundation,New York,,,,70
Building Momentum Through Congenital Muscular Dystrophy Stakeholder Participation,https://www.pcori.org/research-results/2016/building-momentum-through-congenital-muscular-dystrophy-stakeholder-participation,Cure CMD,California,,,,70
Engaging Adolescents and Community Youth Advocates in Adolescent Health Outcomes Research,https://www.pcori.org/research-results/2016/engaging-adolescents-and-community-youth-advocates-adolescent-health-outcomes-research,Emory University,Georgia,,,,70
Translating Comparative Effectiveness Research Using the GRADE Approach (2016),https://www.pcori.org/research-results/2016/translating-comparative-effectiveness-research-using-grade-approach-2016,American Urological Association,Maryland,,,,70
Comparing Three Medicines to Prevent Blood Clots in Patients Who Need Long-Term Blood-Thinning Treatment -- The COVET Trial,https://www.pcori.org/research-results/2016/comparing-three-medicines-prevent-blood-clots-patients-who-need-long-term-blood-thinning-treatment-covet-trial,Duke University,North Carolina,,,,70
PCOR Dissemination at Work: How Employers Use Evidence to Make Employee Health Investment Decisions,https://www.pcori.org/research-results/2016/pcor-dissemination-work-how-employers-use-evidence-make-employee-health-investment-decisions,Center for Workforce Health and Development,California,,,,70
Community Engaged Research Academy: Local Solutions for Local Concerns,https://www.pcori.org/research-results/2016/community-engaged-research-academy-local-solutions-local-concerns,Bronx Community Research Review Board (BxCRRB) / The Bronx Health Link (TBHL),New York,,,,70
Building Research Capacity In The Dialysis Community At The Local Level,https://www.pcori.org/research-results/2016/building-research-capacity-dialysis-community-local-level,University of North Carolina at Chapel Hill,North Carolina,,,,70
HAPEER: Home Care Aides Patient Centered Education and Engagement with Research,https://www.pcori.org/research-results/2016/hapeer-home-care-aides-patient-centered-education-and-engagement-research,Northwestern University,Illinois,,,,70
Using Social Media to Develop and Maintain Patient and Stakeholder Relationships in the Sleep Community,https://www.pcori.org/research-results/2016/using-social-media-develop-and-maintain-patient-and-stakeholder-relationships-sleep-community,American Sleep Apnea Association,District of Columbia,,,,70
Creating a Patient Stakeholder Council and Patient Partner Network: Resources for Colorado Patients,https://www.pcori.org/research-results/2016/creating-patient-stakeholder-council-and-patient-partner-network-resources-colorado-patients,Denver Health and Hospital Authority,Colorado,,,,70
PDSA ITP Patient Conference: Developing Patient-Centered Outcomes Research Framework and Priorities,https://www.pcori.org/research-results/2016/pdsa-itp-patient-conference-developing-patient-centered-outcomes-research-framework-and-priorities,Platelet Disorder Support Association,Ohio,,,,70
Community Collaboration toward Reducing Health Disparities in St. Louis Area Youth,https://www.pcori.org/research-results/2016/community-collaboration-toward-reducing-health-disparities-st-louis-area-youth,"University of Missouri St. Louis, College of Nursing",Missouri,,,,70
A Gathering of Good Minds: Engaging Native Americans in Wellness,https://www.pcori.org/research-results/2016/gathering-good-minds-engaging-native-americans-wellness,"Regents of the University of California, Riverside",California,,,,70
COPE-Navajo Nation Cancer Survivorship Conference,https://www.pcori.org/research-results/2016/cope-navajo-nation-cancer-survivorship-conference,Partners in Health,Massachusetts,,,,70
Food Allergy Research Program Empowered by Patient Partners and Key Stakeholders,https://www.pcori.org/research-results/2016/food-allergy-research-program-empowered-patient-partners-and-key-stakeholders,Food Allergy Research & Education,Virginia,,,,71
Boston BRI...DGE,https://www.pcori.org/research-results/2016/boston-bridge,"Center for Community Health Education Research and Service, Inc.",Massachusetts,,,,71
Increasing Patient-Community Capacity to Engage on Quality of Health Care and Research and Programs,https://www.pcori.org/research-results/2016/increasing-patient-community-capacity-engage-quality-health-care-and-research-and-programs,National Health Council,District of Columbia,,,,71
Pain in Cerebral Palsy,https://www.pcori.org/research-results/2016/pain-cerebral-palsy,Cerebral Palsy Foundation,New York,,,,71
"2016 Guidelines International Network (G-I-N) Conference, Philadelphia",https://www.pcori.org/research-results/2016/2016-guidelines-international-network-g-i-n-conference-philadelphia,ECRI Institute,Pennsylvania,,,,71
Establishing a Patient Centered and Community Based Adolescent & Young Adult Oncology Council,https://www.pcori.org/research-results/2016/establishing-patient-centered-and-community-based-adolescent-young-adult-oncology-council,MultiCare Health System,Washington,,,,71
Partners in Research,https://www.pcori.org/research-results/2016/partners-research,Texas Center for Disability Studies/University of Texas at Austin,Texas,,,,71
OHDSI Symposium 2016,https://www.pcori.org/research-results/2016/ohdsi-symposium-2016,Columbia University,New York,,,,71
Understanding How to Use Single Patient Studies to Answer Patient-Identified Research Questions,https://www.pcori.org/research-results/2016/understanding-how-use-single-patient-studies-answer-patient-identified-research-questions,Cincinnati Children’s Hospital Medical Center,Ohio,,,,71
Strategically Leverage Engage and Empower PCOR in Sleep,https://www.pcori.org/research-results/2016/strategically-leverage-engage-and-empower-pcor-sleep,University of Arizona,Arizona,,,,71
"Bridging Research, Policy, and Practice for State Health Care Transformation",https://www.pcori.org/research-results/2016/bridging-research-policy-and-practice-state-health-care-transformation,AcademyHealth,District of Columbia,,,,71
The Annual Conference for Community Engaged Healthcare Improvement,https://www.pcori.org/research-results/2016/annual-conference-community-engaged-healthcare-improvement,University of Texas Health Science Center at San Antonio,Texas,,,,71
Patient-Empowering Outreach Seminar Series,https://www.pcori.org/research-results/2016/patient-empowering-outreach-seminar-series,American Multiple Endocrine Neoplasia (AMEN) Support,Tennessee,,,,71
Family and Youth Research Education (FYREworks): Trainings and Resources for Research Partnerships Involving Adolescents,https://www.pcori.org/research-results/2016/family-and-youth-research-education-fyreworks-trainings-and-resources-research-partnerships-involving-adolescents,Temple University,Pennsylvania,,,,71
Initiating Discussions to Enhance Physical Activity Promotion Services for Individuals with PD (IDEAS for PD) - Tier I,https://www.pcori.org/research-results/2016/initiating-discussions-enhance-physical-activity-promotion-services-individuals-pd-ideas-pd-tier-i,University of Washington,Washington,,,,71
Developing Research Strategies to Avoid Overtreatment or Under-treatment of Patients with Pre-cancer and Early Cancer - Tier I,https://www.pcori.org/research-results/2016/developing-research-strategies-avoid-overtreatment-or-under-treatment-patients-pre-cancer-and-early-cancer-tier-i,National Center for Health Research,District of Columbia,,,,71
Establishing a Culturally Appropriate Partnership for Patient-Centered Outcomes Research in Type 2 Diabetes - Tier I,https://www.pcori.org/research-results/2016/establishing-culturally-appropriate-partnership-patient-centered-outcomes-research-type-2-diabetes-tier-i,Midwest Asian Health Association (MAHA),Illinois,,,,71
Engaging Community Stakeholders to Improve Childhood Obesity Interventions - Tier I,https://www.pcori.org/research-results/2016/engaging-community-stakeholders-improve-childhood-obesity-interventions-tier-i,"FLIPANY, Florida Introduces Physical Activity and Nutrition to Youth",Florida,,,,71
MANOS - Hands for Mental Health: A Behavioral Health Advisory Group for Urban and Rural Hispanic Americans in Colorado - Tier I,https://www.pcori.org/research-results/2016/manos-hands-mental-health-behavioral-health-advisory-group-urban-and-rural-hispanic-americans-colorado-tier-i,University of Colorado-Anschutz College of Nursing,Colorado,,,,71
Fecal Incontinence in Primary Care Consortium - Tier I,https://www.pcori.org/research-results/2016/fecal-incontinence-primary-care-consortium-tier-i,"Nova Southeatern University, Master of Public Health program",Florida,,,,71
Building Networks for Comparative Research with Youth Caregivers and Older Adults - Tier I,https://www.pcori.org/research-results/2016/building-networks-comparative-research-youth-caregivers-and-older-adults-tier-i,University of North Carolina at Chapel Hill,North Carolina,,,,71
The Bexar County Neonatal Abstinence Syndrome Collaborative - Tier I,https://www.pcori.org/research-results/2016/bexar-county-neonatal-abstinence-syndrome-collaborative-tier-i,The University of Texas Health Science Center at San Antonio,Texas,,,,71
Building the Foundation for Community-Led Research to Eliminate LGBT Cancer Disparities - Tier I,https://www.pcori.org/research-results/2016/building-foundation-community-led-research-eliminate-lgbt-cancer-disparities-tier-i,The George Washington University (GW) Cancer Institute,District of Columbia,,,,71
Breast Cancer Survivor Health and Wellness Collaborative - Tier I,https://www.pcori.org/research-results/2016/breast-cancer-survivor-health-and-wellness-collaborative-tier-i,Allina Health,Minnesota,,,,71
Unhealthy Substance Use among Community-Based Older Adults: What Is the Role of Home Health Aides? - Tier I,https://www.pcori.org/research-results/2016/unhealthy-substance-use-among-community-based-older-adults-what-role-home-health-aides-tier-i,Home Care Aide Foundation,Massachusetts,,,,71
Into the Light: Using Health Technology to Develop a Mother/Family-Centered Peer Support Network - Tier I,https://www.pcori.org/research-results/2016/light-using-health-technology-develop-motherfamily-centered-peer-support-network-tier-i,Postpartum Progress Inc.,Georgia,,,,72
Developing Patient-Driven Research to Improve the Psychiatric Care of Youth in Foster Care - Tier I,https://www.pcori.org/research-results/2016/developing-patient-driven-research-improve-psychiatric-care-youth-foster-care-tier-i,Dartmouth Trauma Interventions Research Center,New Hampshire,,,,72
Patient Engaged Efforts to Reduce (PEER) Diabetes among Asian Americans - Tier I,https://www.pcori.org/research-results/2016/patient-engaged-efforts-reduce-peer-diabetes-among-asian-americans-tier-i,Vietnamese American Initiative for Development (Viet-AID),Massachusetts,,,,72
The West Virginia Collaborative for Intimate Partner Violence (IPV) Screening - Tier I,https://www.pcori.org/research-results/2016/west-virginia-collaborative-intimate-partner-violence-ipv-screening-tier-i,West Virginia Coalition Against Domestic Violence,West Virginia,,,,72
Developing a Pediatric Surgical Collaborative - Tier I,https://www.pcori.org/research-results/2016/developing-pediatric-surgical-collaborative-tier-i,Ann & Robert H. Lurie Children's Hospital of Chicago,Illinois,,,,72
"Advancing Reproductive Health Wellness Between Patients with Cystic Fibrosis, Their Caregivers, Healthcare Providers, and Researchers - Tier I",https://www.pcori.org/research-results/2016/advancing-reproductive-health-wellness-between-patients-cystic-fibrosis-their-caregivers-healthcare-providers-and-researchers-tier-i,University of Washington,Washington,,,,72
Fostering Community-Based Research Priorities for mHealth Diabetes and Hypertension Self-management Approaches -Tier I,https://www.pcori.org/research-results/2016/fostering-community-based-research-priorities-mhealth-diabetes-and-hypertension-self-management-approaches-tier-i,EthosExcel,North Carolina,,,,72
Building a Collaborative Partnership with Super-Utilizing Female Patients with Multiple Chronic Medical Conditions including Mental Illness and Substance Use - Tier I,https://www.pcori.org/research-results/2016/building-collaborative-partnership-super-utilizing-female-patients-multiple-chronic-medical-conditions-including-mental-illness-and-substance-use-tier-i,Denver Health,Colorado,,,,72
Developing ASHA: A Community Based Coalition to Prevent Diabetes among South Asians in Atlanta - Tier I,https://www.pcori.org/research-results/2016/developing-asha-community-based-coalition-prevent-diabetes-among-south-asians-atlanta-tier-i,"Emory University, Department of Family and Preventive Medicine",Georgia,,,,72
Community Engagement to Improve Prevention and Treatment of Congenital Cytomegalovirus Infection - Tier I,https://www.pcori.org/research-results/2016/community-engagement-improve-prevention-and-treatment-congenital-cytomegalovirus-infection-tier-i,University of Massachusetts Medical School,Massachusetts,,,,72
"Autism FORCE (Families, Organizations, Resources Completely Engaged) for Achieving Positive Patient Outcomes - Tier I",https://www.pcori.org/research-results/2016/autism-force-families-organizations-resources-completely-engaged-achieving-positive-patient-outcomes-tier-i,Tulane University School of Medicine/Tulane Center for Autism and Related Disorders,Louisiana,,,,72
Engaging Cancer Survivors in the Community for Assessing Nutritional Needs and Barriers - Tier I,https://www.pcori.org/research-results/2016/engaging-cancer-survivors-community-assessing-nutritional-needs-and-barriers-tier-i,Tufts University,Massachusetts,,,,72
As a Matter of Pain: Capacity Building and Community Engagement for Patient-Centered Musculoskeletal Pain Research--Tier I,https://www.pcori.org/research-results/2016/matter-pain-capacity-building-and-community-engagement-patient-centered-musculoskeletal-pain-research-tier-i,"Brooks Rehabilitation - University of Florida, College of Public Health & Health Professions Research Collaboration",Florida,,,,72
Developing a Research and Engagement Agenda at the Margins (DREAM): Engaging Low-Income Rural Community Members to Improve Mental Health - Tier I,https://www.pcori.org/research-results/2016/developing-research-and-engagement-agenda-margins-dream-engaging-low-income-rural-community-members-improve-mental-health-tier-i,Upper Valley Haven,Vermont,,,,72
Refugee-Centered Medical Home-PCMH Working Better for Our Newest Neighbors - Tier I,https://www.pcori.org/research-results/2016/refugee-centered-medical-home-pcmh-working-better-our-newest-neighbors-tier-i,Wright State University,Ohio,,,,72
Healing Families: Parental Involvement in the Treatment of Low-Income Teens Diagnosed with a Mood Disorder - Tier I,https://www.pcori.org/research-results/2016/healing-families-parental-involvement-treatment-low-income-teens-diagnosed-mood-disorder-tier-i,Families for Depression Awareness,Massachusetts,,,,72
Transforming the Gift of Life into a Transplant Living Community (TLC) - Tier I,https://www.pcori.org/research-results/2016/transforming-gift-life-transplant-living-community-tlc-tier-i,Henry Ford Health System Transplant Institute,Michigan,,,,72
Building an Empowered Patient Community: Tackling Health Care for All Affected by MRKH - Tier I,https://www.pcori.org/research-results/2016/building-empowered-patient-community-tackling-health-care-all-affected-mrkh-tier-i,"Beautiful You MRKH Foundation, Inc.",Maryland,,,,72
Developing Comparative Effectiveness Research in Dravet Syndrome - Tier I,https://www.pcori.org/research-results/2016/developing-comparative-effectiveness-research-dravet-syndrome-tier-i,Dravet Syndrome Foundation,Connecticut,,,,72
Child and Adolescent Chronic Illness Center - Tier I,https://www.pcori.org/research-results/2016/child-and-adolescent-chronic-illness-center-tier-i,"The Regents of the University of California, San Francisco",California,,,,72
"Creating a Patient-Built, Patient-Directed, Patient-Centered Research Community for Chronic Pain - Tier I",https://www.pcori.org/research-results/2016/creating-patient-built-patient-directed-patient-centered-research-community-chronic-pain-tier-i,National Fibromyalgia and Chronic Pain Association,Virginia,,,,72
Hispana/Latina Survivor Voice: Partnering to Improve Breast Cancer Care - Tier I,https://www.pcori.org/research-results/2016/hispanalatina-survivor-voice-partnering-improve-breast-cancer-care-tier-i,Comadre a Comadre,New Mexico,,,,72
Shared Decision Making for Prostate Cancer Screening - Tier I,https://www.pcori.org/research-results/2016/shared-decision-making-prostate-cancer-screening-tier-i,Wayne State University School of Medicine,Michigan,,,,72
Developing a Comparative Effectiveness Research Agenda for Twin Cities Consortium for Alzheimer's Research (T-CAR) - Tier I,https://www.pcori.org/research-results/2016/developing-comparative-effectiveness-research-agenda-twin-cities-consortium-alzheimers-research-t-car-tier-i,Regents of the University of Minnesota,Minnesota,,,,72
Community Engagement to Improve the Transition of Tube Feeding to Oral Feeding for Children and Their Families - Tier I,https://www.pcori.org/research-results/2016/community-engagement-improve-transition-tube-feeding-oral-feeding-children-and-their-families-tier-i,University of Colorado Anschutz Medical Campus,Colorado,,,,72
Learning the Experience - Tier I,https://www.pcori.org/research-results/2016/learning-experience-tier-i,"Jannus, Inc.",Idaho,,,,73
Building Capacity for Patient-Centered Comparative Effectiveness Research on Language Access for Patients with Diabetes - Tier I,https://www.pcori.org/research-results/2016/building-capacity-patient-centered-comparative-effectiveness-research-language-access-patients-diabetes-tier-i,The Ohio State University,Ohio,,,,73
Establishing a Child-Centered Research Community that Fosters Long-term Healthy Lifestyles of Children with Disabilities - Tier I,https://www.pcori.org/research-results/2016/establishing-child-centered-research-community-fosters-long-term-healthy-lifestyles-children-disabilities-tier-i,University of Washington,Washington,,,,73
Building Partnerships for Addressing HIV among African Immigrants - Tier I,https://www.pcori.org/research-results/2016/building-partnerships-addressing-hiv-among-african-immigrants-tier-i,Multicultural AIDS Coalition,Massachusetts,,,,73
Leveraging a Community Partnership to Identify Priorities for Comparative Effectiveness Research (CER) in Asthma in Underserved Hispanic Communities - Tier I,https://www.pcori.org/research-results/2016/leveraging-community-partnership-identify-priorities-comparative-effectiveness-research-cer-asthma-underserved-hispanic-communities-tier-i,El Poder de Decidir,New York,,,,73
"Mind, Body and Soul - Finding Effective Community Solutions to Increase Colon Cancer Screening Among Africans-Americans - Tier I",https://www.pcori.org/research-results/2016/mind-body-and-soul-finding-effective-community-solutions-increase-colon-cancer-screening-among-africans-americans-tier-i,Faith Works Connecting for a Healthy Community (FWCFHC),Missouri,,,,73
Success in Early Recovery (SIER) - Tier I,https://www.pcori.org/research-results/2016/success-early-recovery-sier-tier-i,Matrix Institute on Addictions,California,,,,73
Seniors Helping Seniors Manage Diseases and Live Independently - Tier I,https://www.pcori.org/research-results/2016/seniors-helping-seniors-manage-diseases-and-live-independently-tier-i,Senior Companion Program Advisory Council,Maryland,,,,73
"Building a Pipeline to Improve Mental Health Care, Self-Management, and Outcomes in Rural Communities - Tier I",https://www.pcori.org/research-results/2016/building-pipeline-improve-mental-health-care-self-management-and-outcomes-rural-communities-tier-i,Michigan State University,Michigan,,,,73
Comparing Mobile Stroke Unit Treatment with Emergency Room Care among Patients Who Have Had a Stroke -- The BEST-MSU Study,https://www.pcori.org/research-results/2016/comparing-mobile-stroke-unit-treatment-emergency-room-care-among-patients-who-have-had-stroke-best-msu-study,Memorial Hermann-Texas Medical Center,Texas,,,,73
Comparing Two Ways to Help Patients Get Follow-Up Care after a Mental Health Visit to the Emergency Room -- The EPIC Study,https://www.pcori.org/research-results/2016/comparing-two-ways-help-patients-get-follow-care-after-mental-health-visit-emergency-room-epic-study,Emory University,Georgia,,,,73
Comparing the Effectiveness of Electronic Symptom Monitoring versus Usual Care in Improving Survival among Patients with Metastatic Cancer -- The PRO-TECT Trial,https://www.pcori.org/research-results/2016/comparing-effectiveness-electronic-symptom-monitoring-versus-usual-care-improving-survival-among-patients-metastatic-cancer-pro-tect-trial,Alliance for Clinical Trials in Oncology Foundation,Illinois,,,,73
Comparing Two Approaches for Providing Follow-Up Care to Patients after Hematopoietic Cell Transplantation,https://www.pcori.org/research-results/2016/comparing-two-approaches-providing-follow-care-patients-after-hematopoietic-cell-transplantation,Dana-Farber Cancer Institute,Massachusetts,,,,73
Engaging Patients and Providers in Collaborative Communication on HPV Vaccination (EPPIC-HPV),https://www.pcori.org/research-results/2016/engaging-patients-and-providers-collaborative-communication-hpv-vaccination-eppic-hpv,University of New Mexico Main Campus,New Mexico,,,,73
Comparing Three Ways to Help Patients with Acute Pain Learn about Opioid Risks -- The Life STORRIED Study,https://www.pcori.org/research-results/2016/comparing-three-ways-help-patients-acute-pain-learn-about-opioid-risks-life-storried-study,University of Pennsylvania,Pennsylvania,,,,73
Helping Women with Breast Cancer Choose between Surgical Treatment Options,https://www.pcori.org/research-results/2016/helping-women-breast-cancer-choose-between-surgical-treatment-options,Dartmouth College,New Hampshire,,,,73
Comparing Ways to Identify Sleep Apnea in People with Traumatic Brain Injury during Inpatient Rehabilitation,https://www.pcori.org/research-results/2016/comparing-ways-identify-sleep-apnea-people-traumatic-brain-injury-during-inpatient-rehabilitation,Tampa VA Research and Education Foundation,Florida,,,,73
Comparing Two Programs to Help Latino Patients from Low-Income Households Manage Their Diabetes,https://www.pcori.org/research-results/2016/comparing-two-programs-help-latino-patients-low-income-households-manage-their-diabetes,University of New Mexico Health Sciences Center,New Mexico,,,,73
Does Treating Genital Herpes during Pregnancy Improve Birth Outcomes?,https://www.pcori.org/research-results/2016/does-treating-genital-herpes-during-pregnancy-improve-birth-outcomes,Kaiser Foundation Research Institute,California,,,,73
"Comparing the Effectiveness of Home, Clinic, and Kiosk Blood Pressure Checks for Diagnosing High Blood Pressure -- The BP-CHECK Study",https://www.pcori.org/research-results/2016/comparing-effectiveness-home-clinic-and-kiosk-blood-pressure-checks-diagnosing-high-blood-pressure-bp-check-study,Kaiser Permanente Washington Health Research Institute,Washington,,,,73
Comparing Cognitive Behavioral Therapy versus Yoga for Helping Older Adults Address High Levels of Worry,https://www.pcori.org/research-results/2016/comparing-cognitive-behavioral-therapy-versus-yoga-helping-older-adults-address-high-levels-worry,Wake Forest University Health Sciences,North Carolina,,,,73
Increasing Patient Activation in American Indian Families with or at Risk for Chronic Kidney Disease,https://www.pcori.org/research-results/2016/increasing-patient-activation-american-indian-families-or-risk-chronic-kidney-disease,University of New Mexico Health Sciences Center,New Mexico,,,,73
Comparing Two Programs to Help Latino Men Lose Weight -- The HOMBRE Trial,https://www.pcori.org/research-results/2016/comparing-two-programs-help-latino-men-lose-weight-hombre-trial,Stanford University School of Medicine,California,,,,73
Testing Whether a Referral to a Telehealth Program Helps African-American and Hispanic Adults with COPD Transition from Hospital to Home,https://www.pcori.org/research-results/2016/testing-whether-referral-telehealth-program-helps-african-american-and-hispanic-adults-copd-transition-hospital-home,Feinstein Institute for Medical Research,New York,,,,73
Testing a Stepped-Care Program to Treat Emotional Distress among Patients with Lung or Head and Neck Cancer and Their Caregivers,https://www.pcori.org/research-results/2016/testing-stepped-care-program-treat-emotional-distress-among-patients-lung-or-head-and-neck-cancer-and-their-caregivers,University of Colorado Denver,Colorado,,,,74
Creating a New Process to Include Medical Device Information in Insurance Claims,https://www.pcori.org/research-results/2016/creating-new-process-include-medical-device-information-insurance-claims,Partners Healthcare Brigham and Women's Hospital,Massachusetts,,,,74
Developing and Testing New Methods for Estimating Treatment Effectiveness in Observational Studies Using High-Dimensional Data,https://www.pcori.org/research-results/2016/developing-and-testing-new-methods-estimating-treatment-effectiveness-observational-studies-using-high-dimensional-data,"Rutgers, The State University of New Jersey, New Brunswick",New Jersey,,,,74
Linking Randomized Clinical Trials and ClaiTRD Data for Enhancing Randomized and Non-Randomized Patient-Centered Outcomes Evidence Generation,https://www.pcori.org/research-results/2016/linking-randomized-clinical-trials-and-claitrd-data-enhancing-randomized-and-non-randomized-patient-centered-outcomes-evidence-generation,Partners Healthcare Brigham and Women's Hospital,Massachusetts,,,,74
Developing Statistical Methods for Estimating Patient Phenotypes Using Electronic Health Record Data,https://www.pcori.org/research-results/2016/developing-statistical-methods-estimating-patient-phenotypes-using-electronic-health-record-data,University of Pennsylvania,Pennsylvania,,,,74
Creating a Survey of Community Engagement in Research,https://www.pcori.org/research-results/2016/creating-survey-community-engagement-research,Washington University School of Medicine,Missouri,,,,74
Developing New Statistical Methods for Clinical Studies Where Patients Choose Their Treatments,https://www.pcori.org/research-results/2016/developing-new-statistical-methods-clinical-studies-where-patients-choose-their-treatments,Yale University,Connecticut,,,,74
Using Visual Analytic Methods to Identify Patient Groups,https://www.pcori.org/research-results/2016/using-visual-analytic-methods-identify-patient-groups,The University of Texas Medical Branch at Galveston,Texas,,,,74
Comparing Two Medicines to Prevent Blood Clots after Treatment for Fractures -- The PREVENT CLOT Study,https://www.pcori.org/research-results/2016/comparing-two-medicines-prevent-blood-clots-after-treatment-fractures-prevent-clot-study,University of Maryland Baltimore,Maryland,,,,74
Comparing the Benefits and Harms of Different Long-Term Treatments for Blood Clots -- The DARE Warfarin Study,https://www.pcori.org/research-results/2016/comparing-benefits-and-harms-different-long-term-treatments-blood-clots-dare-warfarin-study,Partners Healthcare Brigham and Women's Hospital,Massachusetts,,,,74
Comparing Treatment Strategies to Prevent Future Blood Clots among Patients Who Received at Least Three Months of Blood Thinners -- The ALTERNATIVE Study,https://www.pcori.org/research-results/2016/comparing-treatment-strategies-prevent-future-blood-clots-among-patients-who-received-least-three-months-blood-thinners-alternative-study,"University of California, San Francisco",California,,,,74
Comparing Three Treatments for Treatment-Resistant Depression -- The ASCERTAIN-TRD Study,https://www.pcori.org/research-results/2016/comparing-three-treatments-treatment-resistant-depression-ascertain-trd-study,Massachusetts General Hospital,Massachusetts,,,,74
Comparing Treatment Approaches for Older Adults with Treatment-Resistant Depression -- The OPTIMUM Study,https://www.pcori.org/research-results/2016/comparing-treatment-approaches-older-adults-treatment-resistant-depression-optimum-study,Washington University School of Medicine,Missouri,,,,74
Comparing Ketamine Versus Electroconvulsive Therapy for Patients with Treatment-Resistant Depression -- The ELEKT-D Study,https://www.pcori.org/research-results/2016/comparing-ketamine-versus-electroconvulsive-therapy-patients-treatment-resistant-depression-elekt-d-study,Cleveland Clinic Foundation,Ohio,,,,74
Comparing Two Therapy Programs to Help Patients Manage Chronic Low Back Pain -- The STAMP Study,https://www.pcori.org/research-results/2016/comparing-two-therapy-programs-help-patients-manage-chronic-low-back-pain-stamp-study,University of Wisconsin-Madison,Wisconsin,,,,74
Comparing Ways to Help Veterans Manage Chronic Pain -- The VOICE Study,https://www.pcori.org/research-results/2016/comparing-ways-help-veterans-manage-chronic-pain-voice-study,University of Minnesota Twin Cities,Minnesota,,,,74
Comparing Two Oral Medicines to Improve Patient Experiences with Relapsing-Remitting Multiple Sclerosis -- PRAG-MS,https://www.pcori.org/research-results/2016/comparing-two-oral-medicines-improve-patient-experiences-relapsing-remitting-multiple-sclerosis-prag-ms,"Fondazione IRCCS Istituto Neurologico ""Carlo Besta"" (Italy)",N/A,,,,74
Comparing Clinic-Based versus Home-Based Exercise Programs among People with Multiple Sclerosis -- The TEAMS Study,https://www.pcori.org/research-results/2016/comparing-clinic-based-versus-home-based-exercise-programs-among-people-multiple-sclerosis-teams-study,University of Alabama at Birmingham,Alabama,,,,74
Comparing the Safety and Effectiveness of Different Medicines to Treat Multiple Sclerosis -- The COMBAT-MS Study,https://www.pcori.org/research-results/2016/comparing-safety-and-effectiveness-different-medicines-treat-multiple-sclerosis-combat-ms-study,Karolinska Institute (Sweden),N/A,,,,74
Comparing Medicines to Help Patients with Multiple Sclerosis Feel Less Fatigued -- The TRIUMPHANT-MS Study,https://www.pcori.org/research-results/2016/comparing-medicines-help-patients-multiple-sclerosis-feel-less-fatigued-triumphant-ms-study,Johns Hopkins University,Maryland,,,,74
Connecting Research to Real Life: Building a Research Network in the Columbia River Gorge - Tier III,https://www.pcori.org/research-results/2016/connecting-research-real-life-building-research-network-columbia-river-gorge-tier-iii,Columbia Gorge Family Medicine,Oregon,,,,74
Fostering Successful Aging: Demonstrating the Impact of an Innovative Shared Medical Appointments Model - Tier III,https://www.pcori.org/research-results/2016/fostering-successful-aging-demonstrating-impact-innovative-shared-medical-appointments-model-tier-iii,Palo Alto Medical Foundation,California,,,,74
Promoting Patient-Centered Research in the Puget Sound Asthma Coalition - Tier III,https://www.pcori.org/research-results/2016/promoting-patient-centered-research-puget-sound-asthma-coalition-tier-iii,Washington State University College of Nursing,Washington,,,,74
Improving Diabetes Education and Management in Schools: A Community Project - Tier III,https://www.pcori.org/research-results/2016/improving-diabetes-education-and-management-schools-community-project-tier-iii,Seattle Children's Hospital,Washington,,,,74
The Patient-Centered Primary Care Council in the Highland Hospital Adult Medicine Clinic: Strengthening Primary Care Together - Tier III,https://www.pcori.org/research-results/2016/patient-centered-primary-care-council-highland-hospital-adult-medicine-clinic-strengthening-primary-care-together-tier-iii,"Organization Patient-Centered Primary Care (PCPC) Team, K-6 Adult Medicine Clinic, Highland Hospital""",California,,,,74
"Building the New Mexico LGBTQ Health Improvement Network: Strengthening Community Health through Communication, Connection and Empowerment - Tier III",https://www.pcori.org/research-results/2016/building-new-mexico-lgbtq-health-improvement-network-strengthening-community-health-through-communication-connection-and-empowerment-tier-iii,University of New Mexico Health Sciences Center,New Mexico,,,,75
Empowering Patients and Their Families to Improve Outcomes That Are Most Important to Them after Surgery and Other Therapies for Lung Cancer - Tier III,https://www.pcori.org/research-results/2016/empowering-patients-and-their-families-improve-outcomes-are-most-important-them-after-surgery-and-other-therapies-lung-cancer-tier-iii,"UC Davis Medical Center, Section of General Thoracic Surgery",California,,,,75
Citizen Pscientist - Tier III,https://www.pcori.org/research-results/2016/citizen-pscientist-tier-iii,National Psoriasis Foundation,Oregon,,,,75
Engaging American Indian and Spanish-Speaking Families and Sharing Family Wisdom to Reduce Childhood Obesity - Tier III,https://www.pcori.org/research-results/2016/engaging-american-indian-and-spanish-speaking-families-and-sharing-family-wisdom-reduce-childhood-obesity-tier-iii,Family Voices,New Mexico,,,,75
Lowering Barriers to Access HIV Care in a Geographically and Economically Diverse Area - Tier III,https://www.pcori.org/research-results/2016/lowering-barriers-access-hiv-care-geographically-and-economically-diverse-area-tier-iii,Loma Linda University,California,,,,75
Patient-Centered Transitions of Surgical Care - Tier III,https://www.pcori.org/research-results/2016/patient-centered-transitions-surgical-care-tier-iii,University of Utah School of Medicine,Utah,,,,75
MoPAC - Moving from Pediatric to Adult Care - Tier III,https://www.pcori.org/research-results/2016/mopac-moving-pediatric-adult-care-tier-iii,Spina Bifida San Diego,California,,,,75
Improving the Lives of Alzheimer's Patients and Their Caregivers: A Patient Centered Statewide Approach - Tier III,https://www.pcori.org/research-results/2016/improving-lives-alzheimers-patients-and-their-caregivers-patient-centered-statewide-approach-tier-iii,Billings Clinic Center for Clinical Translational Research,Montana,,,,75
Building Capacity for Novel Screening Delivery for Chronic Conditions for Miners in New Mexico - Tier III,https://www.pcori.org/research-results/2016/building-capacity-novel-screening-delivery-chronic-conditions-miners-new-mexico-tier-iii,Miners' Colfax Medical Center,New Mexico,,,,75
The Hispanic Family Asthma Outcomes Research Network - Tier III,https://www.pcori.org/research-results/2016/hispanic-family-asthma-outcomes-research-network-tier-iii,University of New Mexico,New Mexico,,,,75
Healthy Outcomes for Former Foster Youth - Tier III,https://www.pcori.org/research-results/2016/healthy-outcomes-former-foster-youth-tier-iii,Loma Linda University Center for Comparative Effectiveness and Outcomes Research,California,,,,75
Establishing a Patient-Centered Research Community for Cystic Fibrosis - Tier III,https://www.pcori.org/research-results/2016/establishing-patient-centered-research-community-cystic-fibrosis-tier-iii,CysticLife,Arizona,,,,75
Developing Infrastructure for Patient-Centered Melanoma Research - Tier III,https://www.pcori.org/research-results/2016/developing-infrastructure-patient-centered-melanoma-research-tier-iii,SolSurvivors,Utah,,,,75
A Community Partnership for Patient-Centered Outcomes Research in Type 2 Diabetes - Tier III,https://www.pcori.org/research-results/2016/community-partnership-patient-centered-outcomes-research-type-2-diabetes-tier-iii,University of Utah,Utah,,,,75
Improving Quality of Care for the Wyoming Parkinson's Disease Community - Tier III,https://www.pcori.org/research-results/2016/improving-quality-care-wyoming-parkinsons-disease-community-tier-iii,Cheyenne Wyoming Parkinson's Disease Support Group,Wyoming,,,,75
Taking Care of Our Parents: A Collaborative Team Model to Support Caregivers and Elderly Community Members - Tier III,https://www.pcori.org/research-results/2016/taking-care-our-parents-collaborative-team-model-support-caregivers-and-elderly-community-members-tier-iii,Leaving Well,Utah,,,,75
Promoting Healthy Eating and Physical Activity with Families in a Southern New Mexico Border Region Colonia - Tier III,https://www.pcori.org/research-results/2016/promoting-healthy-eating-and-physical-activity-families-southern-new-mexico-border-region-colonia-tier-iii,New Mexico State University,New Mexico,,,,75
Methods to Identify and Predict Which Patients Will Have High Healthcare Needs and Use -- A PCORnet® Study,https://www.pcori.org/research-results/2016/methods-identify-and-predict-which-patients-will-have-high-healthcare-needs-and-use-pcornetr-study,Cornell University,New York,,,,75
How Accurate Are PCORnet® Data for Measures of Children's Healthcare Quality? -- A PCORnet® Study,https://www.pcori.org/research-results/2016/how-accurate-are-pcornetr-data-measures-childrens-healthcare-quality-pcornetr-study,Cincinnati Children's Hospital Medical Center,Ohio,,,,75
Examining the Effectiveness of Case Management Programs on Preventing Hospital Stays in Older Adults with Multiple Chronic Health Problems -- A PCORnet® Study,https://www.pcori.org/research-results/2016/examining-effectiveness-case-management-programs-preventing-hospital-stays-older-adults-multiple-chronic-health-problems-pcornetr-study,University of Wisconsin-Madison,Wisconsin,,,,75
Measuring the Effects of Social Risks on Patient Health Outcomes -- A PCORnet® Study,https://www.pcori.org/research-results/2016/measuring-effects-social-risks-patient-health-outcomes-pcornetr-study,"Oregon Community Health Information Network, Inc. (OCHIN)",Oregon,,,,75
Project Data Link - Humana,https://www.pcori.org/research-results/2016/project-data-link-humana,Humana- Comprehensive Health Insights,Kentucky,,,,75
HealthCore-Anthem Research Network (HCARN),https://www.pcori.org/research-results/2016/healthcore-anthem-research-network-hcarn,"Health Core, Inc.",Delaware,,,,75
Preparing Detroit Communities to Advance Cancer Research,https://www.pcori.org/research-results/2016/preparing-detroit-communities-advance-cancer-research,Wayne State University,Michigan,,,,75
PaRTICIpate in Diabetes Self-Management: A Conference Series,https://www.pcori.org/research-results/2016/participate-diabetes-self-management-conference-series,University of Mississippi,Mississippi,,,,75
PCOR Conferences: Charcot-Marie-Tooth (CMT) & Inherited Peripheral Neuropathies (IPN),https://www.pcori.org/research-results/2016/pcor-conferences-charcot-marie-tooth-cmt-inherited-peripheral-neuropathies-ipn,Hereditary Neuropathy Foundation,New York,,,,76
Comparing Standard and Short Online Mindfulness Therapy Programs for Improving Well-Being -- The Healthy Mind Healthy You Study,https://www.pcori.org/research-results/2016/comparing-standard-and-short-online-mindfulness-therapy-programs-improving-well-being-healthy-mind-healthy-you-study,Massachusetts General Hospital,Massachusetts,,,,76
Comparing the Effectiveness of Breast Cancer Screening and Diagnostic Tests among Women with Different Breast Densities -- The BCSC-ADVANCE Study,https://www.pcori.org/research-results/2016/comparing-effectiveness-breast-cancer-screening-and-diagnostic-tests-among-women-different-breast-densities-bcsc-advance-study,"University of California, Davis",California,,,,76
Comparing Two Physical Therapy Schedules for Children with Cerebral Palsy -- The ACHIEVE Study,https://www.pcori.org/research-results/2016/comparing-two-physical-therapy-schedules-children-cerebral-palsy-achieve-study,The Ohio State University,Ohio,,,,76
Using Telehealth to Improve Access to Hepatitis C Virus Treatment for Patients with Opioid Use Disorder -- The TEAM-C Study,https://www.pcori.org/research-results/2016/using-telehealth-improve-access-hepatitis-c-virus-treatment-patients-opioid-use-disorder-team-c-study,The Research Foundation for the State University of New York,New York,,,,76
Building Capacity and Reducing Barriers to the Inclusion of the Underserved Black Youth and Families for Behavioral and Mental Health Patient-Centered Outcomes Research - Tier II,https://www.pcori.org/research-results/2016/building-capacity-and-reducing-barriers-inclusion-underserved-black-youth-and-families-behavioral-and-mental-health-patient-centered-outcomes-research-tier-ii,Georgetown University,District of Columbia,,,,76
Transitioning from Prisoner to Patient: Addressing Healthcare Needs of the Formerly Incarcerated - Tier II,https://www.pcori.org/research-results/2016/transitioning-prisoner-patient-addressing-healthcare-needs-formerly-incarcerated-tier-ii,Tulane University,Louisiana,,,,76
Developing a Community Partnership Focused on Prevention of Opiate Exposed Newborns - Tier II,https://www.pcori.org/research-results/2016/developing-community-partnership-focused-prevention-opiate-exposed-newborns-tier-ii,University of South Florida,Florida,,,,76
Assessing Health Outcomes in Rural Areas where Nurse Practitioners Provide Primary Care - Tier II,https://www.pcori.org/research-results/2016/assessing-health-outcomes-rural-areas-where-nurse-practitioners-provide-primary-care-tier-ii,Georgia Watch,Georgia,,,,76
What's the SCOOP? Discovering Quality of Life Outcomes that Matter to Squamous Cell Carcinoma of the Oropharynx Patients and Their Families - Tier II,https://www.pcori.org/research-results/2016/whats-scoop-discovering-quality-life-outcomes-matter-squamous-cell-carcinoma-oropharynx-patients-and-their-families-tier-ii,Henry Ford Health System,Michigan,,,,76
Full Circle Engagement to Improve Patient Outcomes for Those with Rare Neuroinvasive Mosquito Borne Illnesses - Tier II,https://www.pcori.org/research-results/2016/full-circle-engagement-improve-patient-outcomes-those-rare-neuroinvasive-mosquito-borne-illnesses-tier-ii,N.A.,Mississippi,,,,76
Engaging Communities in Infectious Diseases Research and Intervention Development - Tier II,https://www.pcori.org/research-results/2016/engaging-communities-infectious-diseases-research-and-intervention-development-tier-ii,Children's Mercy Hospital,Missouri,,,,76
Patient-Centered Cancer Survivorship Care: Improving Quality of Care and Quality of Life for Survivors in Georgia - Tier II,https://www.pcori.org/research-results/2016/patient-centered-cancer-survivorship-care-improving-quality-care-and-quality-life-survivors-georgia-tier-ii,Georgia Center for Oncology Research and Education,Georgia,,,,76
Engaging the Patient Voice in the Delivery of Accountable Care in Medicaid - Tier II,https://www.pcori.org/research-results/2016/engaging-patient-voice-delivery-accountable-care-medicaid-tier-ii,Minneapolis Medical Research Foundation,Minnesota,,,,76
NOLA Partnership for Mental Health - Tier II,https://www.pcori.org/research-results/2016/nola-partnership-mental-health-tier-ii,St. Anna's Episcopal Church,Louisiana,,,,76
Setting the Stage for Patient Involvement: Connecting Patients with Periodontal Disease - Tier II,https://www.pcori.org/research-results/2016/setting-stage-patient-involvement-connecting-patients-periodontal-disease-tier-ii,Connecting Patients with Periodontal Disease Committee,Oregon,,,,76
We'll Take the Village: Engaging the Community to Better Health - Tier II,https://www.pcori.org/research-results/2016/well-take-village-engaging-community-better-health-tier-ii,The Sickle Cell Association of New Jersey,New Jersey,,,,76
Familia Unidas (United Families): Pre-diabetes Diagnosis and Treatment - Tier II,https://www.pcori.org/research-results/2016/familia-unidas-united-families-pre-diabetes-diagnosis-and-treatment-tier-ii,"NCLR/CSULB Center for Latino Community Health, Evaluation and Leadership Training",California,,,,76
Patient-Led Multiple Sclerosis Research Community - Tier II,https://www.pcori.org/research-results/2016/patient-led-multiple-sclerosis-research-community-tier-ii,The Board of Trustees of the University of Illinois,Illinois,,,,76
Engaging Patients with Life-Limiting Illnesses on Receiving Palliative Care - Tier II,https://www.pcori.org/research-results/2016/engaging-patients-life-limiting-illnesses-receiving-palliative-care-tier-ii,University of Nevada-Las Vegas,Nevada,,,,76
Resiliency in African American Men (RAAM) - Tier II,https://www.pcori.org/research-results/2016/resiliency-african-american-men-raam-tier-ii,Healthy African American Families II,California,,,,76
I Have a Voice! Empowering Mental Health Consumers to Engage in a Patient-Centered Research Community to Improve Options for Mental Health Recovery Support - Tier II,https://www.pcori.org/research-results/2016/i-have-voice-empowering-mental-health-consumers-engage-patient-centered-research-community-improve-options-mental-health-recovery-support-tier-ii,Athens Photographic Project,Ohio,,,,76
Exploring Survivorship Care Plan Options - Tier II,https://www.pcori.org/research-results/2016/exploring-survivorship-care-plan-options-tier-ii,Zero Breast Cancer,California,,,,76
Relieving Pain in Kansas City - Tier II,https://www.pcori.org/research-results/2016/relieving-pain-kansas-city-tier-ii,Center for Practical Bioethics,Missouri,,,,76
Tailoring Patient Options for Medication Adherence Action Plans in Community Pharmacies - Tier II,https://www.pcori.org/research-results/2016/tailoring-patient-options-medication-adherence-action-plans-community-pharmacies-tier-ii,Northeastern University,Massachusetts,,,,77
Behavioral Health Research Capacity Development - Tier II,https://www.pcori.org/research-results/2016/behavioral-health-research-capacity-development-tier-ii,SIHF Healthcare,Illinois,,,,77
Developing Meaningful Research for Adolescents and Young Adults with Chronic Conditions - Tier II,https://www.pcori.org/research-results/2016/developing-meaningful-research-adolescents-and-young-adults-chronic-conditions-tier-ii,University of Southern California,California,,,,77
Patients with Familial Hypercholesterolemia Sharing Goals and Difficult Decisions - Tier II,https://www.pcori.org/research-results/2016/patients-familial-hypercholesterolemia-sharing-goals-and-difficult-decisions-tier-ii,University of Rochester,New York,,,,77
Developing Effective Interventions to Achieve a Healthy Weight Among Hispanic Children Ages 0-5 - Tier II,https://www.pcori.org/research-results/2016/developing-effective-interventions-achieve-healthy-weight-among-hispanic-children-ages-0-5-tier-ii,Children's Hospital of Colorado,Colorado,,,,77
Stakeholder-Driven Veteran's Suicide Protection Advisory Group - Tier II,https://www.pcori.org/research-results/2016/stakeholder-driven-veterans-suicide-protection-advisory-group-tier-ii,University of Colorado Denver - College of Nursing,Colorado,,,,77
"Effective Communication among Newcomer Patients with Diabetes Mellitus, Their Families, and Healthcare Providers/Systems around Diabetes Care - Tier II",https://www.pcori.org/research-results/2016/effective-communication-among-newcomer-patients-diabetes-mellitus-their-families-and-healthcare-providerssystems-around-diabetes-care-tier-ii,Bethel Neighborhood Center,Kansas,,,,77
Engagement of the Arkansas Transgender Community to Identify Patient-Centered Outcomes and Research Priorities - Tier II,https://www.pcori.org/research-results/2016/engagement-arkansas-transgender-community-identify-patient-centered-outcomes-and-research-priorities-tier-ii,Arkansas Transgender Equality Coalition,Arkansas,,,,77
Building Capacity and Forging Collaborations in Autism Research for Underserved Families - Tier II,https://www.pcori.org/research-results/2016/building-capacity-and-forging-collaborations-autism-research-underserved-families-tier-ii,University of Florida Board of Trustees,Florida,,,,77
"Optimizing Care Delivery and Coordination in an Aging, HIV-Positive Population - Tier II",https://www.pcori.org/research-results/2016/optimizing-care-delivery-and-coordination-aging-hiv-positive-population-tier-ii,"Hudson River HealthCare, Inc.",New York,,,,77
Partnership for Physical Rehabilitation Post-stroke - Tier II,https://www.pcori.org/research-results/2016/partnership-physical-rehabilitation-post-stroke-tier-ii,Medical University of South Carolina,South Carolina,,,,77
Unchung Nation's Initiative to End Diabetes (UNITED) - Tier II,https://www.pcori.org/research-results/2016/unchung-nations-initiative-end-diabetes-united-tier-ii,Adelphi University,New York,,,,77
A Path to Identifying Effective Treatments for Hmong Adults Suffering from Gout and Gout-Related Co-morbidities - Tier II,https://www.pcori.org/research-results/2016/path-identifying-effective-treatments-hmong-adults-suffering-gout-and-gout-related-co-morbidities-tier-ii,West Side Community Health Services,Minnesota,,,,77
Improving Oral Health for Vulnerable Populations - Individuals with Intellectual and Developmental Disabilities - Tier II,https://www.pcori.org/research-results/2016/improving-oral-health-vulnerable-populations-individuals-intellectual-and-developmental-disabilities-tier-ii,Tufts University,Massachusetts,,,,77
Engaging Patients and Community Members in Managing and Treating Osteoarthitis - Tier II,https://www.pcori.org/research-results/2016/engaging-patients-and-community-members-managing-and-treating-osteoarthitis-tier-ii,"Department of Orthopaedic Surgery, Hospital for Joint Diseases, NYU Langone Medical Center",New York,,,,77
Central New York Citizen's Aging Research and Action Network (CNY-CAN) - Tier II,https://www.pcori.org/research-results/2016/central-new-york-citizens-aging-research-and-action-network-cny-can-tier-ii,"F.O.C.U.S. Greater Syracuse, Inc.",New York,,,,77
After The ICU: A Collaborative to Improve Critical Illness Survivorship - Tier II,https://www.pcori.org/research-results/2016/after-icu-collaborative-improve-critical-illness-survivorship-tier-ii,"Brigham and Women's Hospital, Pulmonary and Critical Care Department",Massachusetts,,,,77
Comparative Effectiveness of Online Peer Support for Diabetes Treatment Approaches - Tier II,https://www.pcori.org/research-results/2016/comparative-effectiveness-online-peer-support-diabetes-treatment-approaches-tier-ii,Sutter Health,California,,,,77
Hispanic Communities Reducing Complications around Pregnancy and Childbirth - Tier II,https://www.pcori.org/research-results/2016/hispanic-communities-reducing-complications-around-pregnancy-and-childbirth-tier-ii,"Impactivo, LLC.",Puerto Rico,,,,77
Improving Outcomes for Children with Mental Health Challenges and Their Families through Parent-to-Parent Peer Support - Tier II,https://www.pcori.org/research-results/2016/improving-outcomes-children-mental-health-challenges-and-their-families-through-parent-parent-peer-support-tier-ii,Family-Run Executive Director Leadership Association (FREDLA),Maryland,,,,77
"National Patient Community, Caregiver and Advocacy Group Directed Strategies to Lead Comparative Effectiveness Research for Liver Cirrhosis - Tier II",https://www.pcori.org/research-results/2016/national-patient-community-caregiver-and-advocacy-group-directed-strategies-lead-comparative-effectiveness-research-liver-cirrhosis-tier-ii,Northwestern University,Illinois,,,,77
Let’s Talk: Fostering a Patient-Centered Research Agenda for Pediatric Eczema - Tier II,https://www.pcori.org/research-results/2016/lets-talk-fostering-patient-centered-research-agenda-pediatric-eczema-tier-ii,"Public Health Foundation Enterprises, Inc.",California,,,,77
Developing a Student/Family-Centered School Health Collaborative - Tier II,https://www.pcori.org/research-results/2016/developing-studentfamily-centered-school-health-collaborative-tier-ii,National Association of School Nurses,Maryland,,,,77
Partnering with Adolescents to Ready the Newest Engaged Researchers (PARTNER),https://www.pcori.org/research-results/2016/partnering-adolescents-ready-newest-engaged-researchers-partner,Public Health Institute,California,,,,77
Community-Campus Partnership Conference to Address Health Disparities,https://www.pcori.org/research-results/2016/community-campus-partnership-conference-address-health-disparities,University of Arkansas for Medical Sciences,Arkansas,,,,78
Partnering to Advance Pediatric Health Equity through Research Engagement,https://www.pcori.org/research-results/2016/partnering-advance-pediatric-health-equity-through-research-engagement,University of California San Francisco,California,,,,78
Developing Patient-Reported Outcome Measures to Assess Side Effects of Cancer Treatment,https://www.pcori.org/research-results/2016/developing-patient-reported-outcome-measures-assess-side-effects-cancer-treatment,The University of North Carolina at Chapel Hill,North Carolina,,,,78
Developing Statistical Methods to Improve Stepped-Wedge Cluster Randomized Trials,https://www.pcori.org/research-results/2016/developing-statistical-methods-improve-stepped-wedge-cluster-randomized-trials,University of Washington,Washington,,,,78
Comparing Preferences for Depression and Diabetes Treatment among Adults of Different Racial and Ethnic Groups Who Reported Discrimination in Health Care,https://www.pcori.org/research-results/2016/comparing-preferences-depression-and-diabetes-treatment-among-adults-different-racial-and-ethnic-groups-who-reported-discrimination-health-care,Cambridge Health Alliance,Massachusetts,,,,78
Including Patients in the Governance of Learning Health Systems,https://www.pcori.org/research-results/2016/including-patients-governance-learning-health-systems,University of Pennsylvania,Pennsylvania,,,,78
Improving Trial Design and Analysis for Treatments for Rare Diseases,https://www.pcori.org/research-results/2016/improving-trial-design-and-analysis-treatments-rare-diseases,University of Michigan School of Public Health,Michigan,,,,78
Developing a Process for Getting Patient and Caregiver Input on Clinical Practice Guidelines,https://www.pcori.org/research-results/2016/developing-process-getting-patient-and-caregiver-input-clinical-practice-guidelines,RAND Corporation,Massachusetts,,,,78
Improving Methods for Analyzing Data from Case-Only Studies,https://www.pcori.org/research-results/2016/improving-methods-analyzing-data-case-only-studies,President & Fellows of Harvard College,Massachusetts,,,,78
Comparing Three Ways to Help Patients Make Decisions about Hip or Knee Osteoarthritis Care -- The ASK Study,https://www.pcori.org/research-results/2016/comparing-three-ways-help-patients-make-decisions-about-hip-or-knee-osteoarthritis-care-ask-study,Northwestern University,Illinois,,,,78
Comparing Two Ways to Provide Care for Adults Who Experience Intimate Partner Violence and Depression,https://www.pcori.org/research-results/2016/comparing-two-ways-provide-care-adults-who-experience-intimate-partner-violence-and-depression,University of Rochester,New York,,,,78
Comparing Three Ways to Increase Colorectal Cancer Screening,https://www.pcori.org/research-results/2016/comparing-three-ways-increase-colorectal-cancer-screening,Indiana University,Indiana,,,,78
Comparing Telehealth and Clinic-Based Care for Lowering Uncontrolled High Blood Pressure,https://www.pcori.org/research-results/2016/comparing-telehealth-and-clinic-based-care-lowering-uncontrolled-high-blood-pressure,HealthPartners Institute,Minnesota,,,,78
Comparing Higher and Lower Intensity Parent-Clinician Communication Trainings to Reduce Antibiotic Misuse in Children,https://www.pcori.org/research-results/2016/comparing-higher-and-lower-intensity-parent-clinician-communication-trainings-reduce-antibiotic-misuse-children,Children's Mercy Hospital,Missouri,,,,78
Evaluating a Telehealth Program for Ostomy Self-Care among Cancer Survivors,https://www.pcori.org/research-results/2016/evaluating-telehealth-program-ostomy-self-care-among-cancer-survivors,The Trustees of the University of Pennsylvania,Pennsylvania,,,,78
Comparing a Self-Management Program with and without Peer Support to Improve Quality of Life for Patients with COPD,https://www.pcori.org/research-results/2016/comparing-self-management-program-and-without-peer-support-improve-quality-life-patients-copd,Johns Hopkins University,Maryland,,,,78
Comparing Medications Added to a Serotonin Reuptake Inhibitor to Treat Patients with PTSD,https://www.pcori.org/research-results/2016/comparing-medications-added-serotonin-reuptake-inhibitor-treat-patients-ptsd,University of California San Francisco,California,,,,78
Comparing Treatment for Ductal Carcinoma In Situ (DCIS) with or without Sentinel Lymph Node Biopsy,https://www.pcori.org/research-results/2016/comparing-treatment-ductal-carcinoma-situ-dcis-or-without-sentinel-lymph-node-biopsy,Yale University,Connecticut,,,,78
Comparing Medicines for Long-Term Treatment of Bipolar Disorder,https://www.pcori.org/research-results/2016/comparing-medicines-long-term-treatment-bipolar-disorder,University of New Mexico Health Sciences Center,New Mexico,,,,78
Comparing Antibiotics and Surgery to Treat Appendicitis in Children,https://www.pcori.org/research-results/2016/comparing-antibiotics-and-surgery-treat-appendicitis-children,The Research Institute at Nationwide Children's Hospital,Ohio,,,,78
Looking at the Effect of Treatment Duration for Newborn Infants Who Have Seizures,https://www.pcori.org/research-results/2016/looking-effect-treatment-duration-newborn-infants-who-have-seizures,University of Michigan,Michigan,,,,78
Does a Web-Based Platform for Caregivers Help People with Down Syndrome Get Recommended Health Services?,https://www.pcori.org/research-results/2016/does-web-based-platform-caregivers-help-people-down-syndrome-get-recommended-health-services,Massachusetts General Hospital,Massachusetts,,,,78
Testing the Effectiveness of Adding Group Therapy to Home Visiting Services on Reducing Postpartum Depression in Women with Low Incomes,https://www.pcori.org/research-results/2016/testing-effectiveness-adding-group-therapy-home-visiting-services-reducing-postpartum-depression-women-low-incomes,Northwestern University,Illinois,,,,78
"UNITED in Faith, Health, and Strength",https://www.pcori.org/research-results/2016/united-faith-health-and-strength,Coalition to Transform Advanced Care (C-TAC),District of Columbia,,,,78
Comparing Two Ways to Improve Depression Symptoms among Adults who Identify as LGBTQ+ -- The RADD Study,https://www.pcori.org/research-results/2016/comparing-two-ways-improve-depression-symptoms-among-adults-who-identify-lgbtq-radd-study,"University of California, Los Angeles",California,,,,78
Using Research Networks to Compare Medicines for Autoimmune and Inflammatory Diseases -- The Comparative Health Outcomes in Immune-mediated diseases CollaborativE (CHOICE) Study,https://www.pcori.org/research-results/2016/using-research-networks-compare-medicines-autoimmune-and-inflammatory-diseases-comparative-health-outcomes-immune-mediated-diseases-collaborative-choice-study,University of Alabama at Birmingham,Alabama,,,,79
Comparing Two Methods to Improve CPAP Use among Patients with COPD and Obstructive Sleep Apnea -- The O2VERLAP Study,https://www.pcori.org/research-results/2016/comparing-two-methods-improve-cpap-use-among-patients-copd-and-obstructive-sleep-apnea-o2verlap-study,"COPD Foundation, Inc.",Florida,,,,79
Comparing Two Diets to Decrease Symptoms from Crohn's Disease -- The DINE-CD Study,https://www.pcori.org/research-results/2016/comparing-two-diets-decrease-symptoms-crohns-disease-dine-cd-study,"Crohn's and Colitis Foundation of America, Inc.",New York,,,,79
Comparing Three Ways to Increase Physical Activity in Patients with Depression and Cardiovascular Disease -- The Healthy Hearts Healthy Minds Study,https://www.pcori.org/research-results/2016/comparing-three-ways-increase-physical-activity-patients-depression-and-cardiovascular-disease-healthy-hearts-healthy-minds-study,Massachusetts General Hospital,Massachusetts,,,,79
PCORnet Coordinating Center Phase II (Genetic Alliance),https://www.pcori.org/research-results/2016/pcornet-coordinating-center-phase-ii-genetic-alliance,"Genetic Alliance, Inc.",District of Columbia,,,,79
PCORnet Coordinating Center Phase II (Duke University),https://www.pcori.org/research-results/2016/pcornet-coordinating-center-phase-ii-duke-university,Duke University,North Carolina,,,,79
Engaging Patients in Developing a Patient-Centered Hematopoietic Cell Transplant Research Agenda,https://www.pcori.org/research-results/2016/engaging-patients-developing-patient-centered-hematopoietic-cell-transplant-research-agenda,National Marrow Donor Program,Minnesota,,,,79
Is Extra Time Planning for Care Associated with Improved Health among Patients with Type 2 Diabetes?,https://www.pcori.org/research-results/2016/extra-time-planning-care-associated-improved-health-among-patients-type-2-diabetes,Tulane University,Louisiana,,,,79
Comparing the Effect of Medicaid Health Home Programs on Health Outcomes among Patients with Type 2 Diabetes,https://www.pcori.org/research-results/2016/comparing-effect-medicaid-health-home-programs-health-outcomes-among-patients-type-2-diabetes,Icahn School of Medicine at Mount Sinai,New York,,,,79
Assessing the Effects of Intensive Behavioral Therapy on Weight Loss among Patients with or at Risk for Type 2 Diabetes,https://www.pcori.org/research-results/2016/assessing-effects-intensive-behavioral-therapy-weight-loss-among-patients-or-risk-type-2-diabetes,Penn State Health Milton S. Hershey Medical Center,Pennsylvania,,,,79
Comparing Three Approaches to Improve Diabetes Self-Care among African-American Adults -- The MODEL Study,https://www.pcori.org/research-results/2016/comparing-three-approaches-improve-diabetes-self-care-among-african-american-adults-model-study,The University of Tennessee Health Science Center,Tennessee,,,,79
Comparing Two Ways to Manage Symptoms for Patients Who Have Chronic Migraine and Frequent Medication Use -- The MOTS Trial,https://www.pcori.org/research-results/2016/comparing-two-ways-manage-symptoms-patients-who-have-chronic-migraine-and-frequent-medication-use-mots-trial,Mayo Clinic Arizona,Arizona,,,,79
Comparing Two Medicines To Prevent Chronic Obstructive Pulmonary Disease Episodes -- The RELIANCE Study,https://www.pcori.org/research-results/2016/comparing-two-medicines-prevent-chronic-obstructive-pulmonary-disease-episodes-reliance-study,University of Illinois at Chicago,Illinois,,,,79
Comparing Ways to Decrease Severe Asthma Attacks among Black and Latinx Adults with Moderate to Severe Asthma -- The PREPARE Study,https://www.pcori.org/research-results/2016/comparing-ways-decrease-severe-asthma-attacks-among-black-and-latinx-adults-moderate-severe-asthma-prepare-study,Partners Healthcare Brigham and Women's Hospital,Massachusetts,,,,79
Comparing Two Treatment Approaches for Women with Low-Risk Ductal Carcinoma In Situ -- The COMET Study,https://www.pcori.org/research-results/2016/comparing-two-treatment-approaches-women-low-risk-ductal-carcinoma-situ-comet-study,Alliance for Clinical Trials in Oncology Foundation,Illinois,,,,79
Comparing Three Approaches to Help Adults with Serious Mental Illness Quit Smoking -- The PEaCH Trial,https://www.pcori.org/research-results/2016/comparing-three-approaches-help-adults-serious-mental-illness-quit-smoking-peach-trial,Massachusetts General Hospital,Massachusetts,,,,79
PCORnet Coordinating Center Phase I (Genetic Alliance),https://www.pcori.org/research-results/2015/pcornet-coordinating-center-phase-i-genetic-alliance,"Genetic Alliance, Inc.",District of Columbia,,,,79
Comparative Effectiveness of Intravenous vs Oral Antibiotics for Postdischarge Treatment of Acute Osteomyelitis in Children,https://www.pcori.org/research-results/2015/comparative-effectiveness-intravenous-vs-oral-antibiotics-postdischarge-treatment-acute-osteomyelitis-children,"PRIME® Education, Inc.",Florida,,,,79
AcademyHealth: Engaging Medicaid Clinical Leaders,https://www.pcori.org/research-results/2015/academyhealth-engaging-medicaid-clinical-leaders,AcademyHealth,District of Columbia,,,,79
A Roadmap for Establishing Peer Support Programs in Research and the Real World,https://www.pcori.org/research-results/2015/roadmap-establishing-peer-support-programs-research-and-real-world,Johns Hopkins University School of Medicine,Maryland,,,,79
Facilitating Patient and Stakeholder Engagement through Partnerships,https://www.pcori.org/research-results/2015/facilitating-patient-and-stakeholder-engagement-through-partnerships,Community-Campus Partnerships for Health,North Carolina,,,,79
Robeson County Diabetes Wellness Day,https://www.pcori.org/research-results/2015/robeson-county-diabetes-wellness-day,University of North Carolina at Chapel Hill,North Carolina,,,,79
Engaging Patients and Stakeholders to Improve Cancer Outcomes in Navajo Nation,https://www.pcori.org/research-results/2015/engaging-patients-and-stakeholders-improve-cancer-outcomes-navajo-nation,"Division of Global Health Equity, Brigham and Women’s Hospital",Massachusetts,,,,79
SC School Behavioral Health Conference,https://www.pcori.org/research-results/2015/sc-school-behavioral-health-conference,University of South Carolina,South Carolina,,,,79
Establishing Community-Based Research Networks,https://www.pcori.org/research-results/2015/establishing-community-based-research-networks,Penn State College of Nursing,Pennsylvania,,,,79
Engaging Patients with Celiac Disease in Patient Centered Outcomes Research,https://www.pcori.org/research-results/2015/engaging-patients-celiac-disease-patient-centered-outcomes-research,Celiac Disease Foundation,California,,,,80
National Hispanic Patient-Centered Research Agenda,https://www.pcori.org/research-results/2015/national-hispanic-patient-centered-research-agenda,National Hispanic Health Foundation,District of Columbia,,,,80
Veteran Spouse Network (VSN): A Network of Veteran Spouses Engaged in Research,https://www.pcori.org/research-results/2015/veteran-spouse-network-vsn-network-veteran-spouses-engaged-research,University of Texas at Austin,Texas,,,,80
Tools for Engagement - Building Capacity for PCOR Within Community Behavioral Health Organizations Serving Latinos,https://www.pcori.org/research-results/2015/tools-engagement-building-capacity-pcor-within-community-behavioral-health-organizations-serving-latinos,"El Futuro, Inc.",North Carolina,,,,80
Defining a Patient-Centered Research and Health Agenda for Women with Diabetes Using the DiabetesSistersNet,https://www.pcori.org/research-results/2015/defining-patient-centered-research-and-health-agenda-women-diabetes-using-diabetessistersnet,Johns Hopkins University,Maryland,,,,80
"Engaging Patients, Community, and Health System Stakeholders to Establish PCOR Priorities",https://www.pcori.org/research-results/2015/engaging-patients-community-and-health-system-stakeholders-establish-pcor-priorities,Duke University,North Carolina,,,,80
A Research Agenda for Translating Disease Specific Care to Patient Goals-Directed Care for People with Multiple Chronic Conditions,https://www.pcori.org/research-results/2015/research-agenda-translating-disease-specific-care-patient-goals-directed-care-people-multiple-chronic-conditions,New York University,New York,,,,80
"Enhancing Patient- and Family-Centered Care through Learning, Discovery, and Engagement",https://www.pcori.org/research-results/2015/enhancing-patient-and-family-centered-care-through-learning-discovery-and-engagement,Geisinger Clinic,Pennsylvania,,,,80
Patient and Community Collaborative for Cardiometabolic Health (PCAT for Health),https://www.pcori.org/research-results/2015/patient-and-community-collaborative-cardiometabolic-health-pcat-health,International Society on Hypertension in Blacks,South Carolina,,,,80
Connecting Patients and Researchers to Engage in Patient-Centered Vascular Disease Research,https://www.pcori.org/research-results/2015/connecting-patients-and-researchers-engage-patient-centered-vascular-disease-research,The Dartmouth Institute for Health Policy and Clinical Practice,New Hampshire,,,,80
Improving Care for Critically Ill Patients & Families Through Research Dissemination/Implementation,https://www.pcori.org/research-results/2015/improving-care-critically-ill-patients-families-through-research-disseminationimplementation,Society of Critical Care Medicine,Illinois,,,,80
Patient Stakeholder Training for People with Traumatic Spinal Cord Injuries,https://www.pcori.org/research-results/2015/patient-stakeholder-training-people-traumatic-spinal-cord-injuries,Health and Disability Advocates,Illinois,,,,80
Non-Cystic Fibrosis (CF) Bronchiectasis Patient Network and Research Roadmap,https://www.pcori.org/research-results/2015/non-cystic-fibrosis-cf-bronchiectasis-patient-network-and-research-roadmap,Oregon Health & Science University,Oregon,,,,80
Virtual Rural Oncology Community (V-ROC),https://www.pcori.org/research-results/2015/virtual-rural-oncology-community-v-roc,University of Buffalo,New York,,,,80
Building Knowledge of How Patient-Family Advisory Councils (PFACs) Engage with Patient-Centered Outcomes Research (PCOR),https://www.pcori.org/research-results/2015/building-knowledge-how-patient-family-advisory-councils-pfacs-engage-patient-centered-outcomes-research-pcor,Planetree,Connecticut,,,,80
Defining Unmet Patient-Centered Health Care Needs in the 4th Trimester,https://www.pcori.org/research-results/2015/defining-unmet-patient-centered-health-care-needs-4th-trimester,UNC Center for Maternal and Infant Health,North Carolina,,,,80
It's Time to Talk! It's Time to Listen!,https://www.pcori.org/research-results/2015/its-time-talk-its-time-listen,Alstrom Syndrome International,Maine,,,,80
Healthcare Decision Making of Adults Living in Rural Communities with Acquired Neurologic Conditions,https://www.pcori.org/research-results/2015/healthcare-decision-making-adults-living-rural-communities-acquired-neurologic-conditions,University of Kentucky Research Foundation,Kentucky,,,,80
BeTTER SAID (Engagement in Research for Selection of Arthroplasty Implant Devices),https://www.pcori.org/research-results/2015/better-said-engagement-research-selection-arthroplasty-implant-devices,Global Healthy Living Foundation,New York,,,,80
OHDSI Symposium,https://www.pcori.org/research-results/2015/ohdsi-symposium,Columbia University,New York,,,,80
Speak for Yourself: Patient-Centered Research Network for People with Disabilities & Their Families,https://www.pcori.org/research-results/2015/speak-yourself-patient-centered-research-network-people-disabilities-their-families,United Cerebral Palsy,District of Columbia,,,,80
Bureau of Sages: Incorporation and Translation of Older Adults Voices into Meaningful Research,https://www.pcori.org/research-results/2015/bureau-sages-incorporation-and-translation-older-adults-voices-meaningful-research,The Council for Jewish Elderly dba CJE SeniorLife,Illinois,,,,80
"Novel Stakeholder Engagement for Nemaline Myopathy, Patient Centered Research",https://www.pcori.org/research-results/2015/novel-stakeholder-engagement-nemaline-myopathy-patient-centered-research,A Foundation Building Strength for Nemaline Myopathy,California,,,,80
Advancing Health in South Texas Engagement Series,https://www.pcori.org/research-results/2015/advancing-health-south-texas-engagement-series,"Methodist Healthcare Ministries of South Texas, Inc.",Texas,,,,80
Conference on Adolescent Health: Translating Research into Practice (2015),https://www.pcori.org/research-results/2015/conference-adolescent-health-translating-research-practice-2015,University of Michigan Health System,Michigan,,,,80
Patient Advisory Committee for Clinical Trials (PACCT+),https://www.pcori.org/research-results/2015/patient-advisory-committee-clinical-trials-pacct,Aplastic Anemia & MDS International Foundation,Maryland,,,,81
Phelan-McDermid Syndrome Patient-Centered Outcomes Workshop,https://www.pcori.org/research-results/2015/phelan-mcdermid-syndrome-patient-centered-outcomes-workshop,Phelan-McDermid Syndrome Foundation,Florida,,,,81
The Gathering for Pacific Islander Health,https://www.pcori.org/research-results/2015/gathering-pacific-islander-health,University of Arkansas for Medical Sciences,Arkansas,,,,81
Translation to Transform,https://www.pcori.org/research-results/2015/translation-transform,Hydrocephalus Association,Maryland,,,,81
Incorporating Genetic Data in PCOR Studies: Building a Road Map for Stakeholder Engagement,https://www.pcori.org/research-results/2015/incorporating-genetic-data-pcor-studies-building-road-map-stakeholder-engagement,The Children's Mercy Hospital,Missouri,,,,81
Building Capacity to Improve Prevention Strategies and Treatment Options for Healthcare-Associated Infections,https://www.pcori.org/research-results/2015/building-capacity-improve-prevention-strategies-and-treatment-options-healthcare-associated-infections,The Board of Regents of the University of Wisconsin System,Wisconsin,,,,81
Creation of Research Collaborative Innovation Network in Type 1 Diabetes,https://www.pcori.org/research-results/2015/creation-research-collaborative-innovation-network-type-1-diabetes,The Regents of the University of Michigan,Michigan,,,,81
Unite for Better Health Outcomes,https://www.pcori.org/research-results/2015/unite-better-health-outcomes,Methodist Healthcare Foundation,Tennessee,,,,81
Reducing Cancer Disparities by Engaging Stakeholders,https://www.pcori.org/research-results/2015/reducing-cancer-disparities-engaging-stakeholders,Thomas Jefferson University,Pennsylvania,,,,81
The Share Project,https://www.pcori.org/research-results/2015/share-project,Yale University,Connecticut,,,,81
Building Community Capacity to Disseminate PCORI Information and Enhance PCORI Initiatives,https://www.pcori.org/research-results/2015/building-community-capacity-disseminate-pcori-information-and-enhance-pcori-initiatives,New York University,New York,,,,81
Training Patients with Asthma to Understand and Participate in Patient Centered Outcomes Research,https://www.pcori.org/research-results/2015/training-patients-asthma-understand-and-participate-patient-centered-outcomes-research,Asthma and Allergy Foundation of America,Maryland,,,,81
Statewide Partnership for Training Florida's Community Health Workers in Patient-Centered Research,https://www.pcori.org/research-results/2015/statewide-partnership-training-floridas-community-health-workers-patient-centered-research,"University of Miami, Miller School of Medicine",Florida,,,,81
ECRI Annual Health Policy Conference,https://www.pcori.org/research-results/2015/ecri-annual-health-policy-conference,ECRI Institute,Pennsylvania,,,,81
Necrotizing Enterocolitis Symposium: A Transdisciplinary Approach to Improved NEC Outcomes,https://www.pcori.org/research-results/2015/necrotizing-enterocolitis-symposium-transdisciplinary-approach-improved-nec-outcomes,NEC Society,California,,,,81
Southeastern Symposium on Mental Health. Translating Research into Practice and Policy: Trends in Adult Psychiatry,https://www.pcori.org/research-results/2015/southeastern-symposium-mental-health-translating-research-practice-and-policy-trends-adult-psychiatry,Greenville Health System,South Carolina,,,,81
From Engagement to Evidence: Using PCOR and CER to Inform State Policymaking,https://www.pcori.org/research-results/2015/engagement-evidence-using-pcor-and-cer-inform-state-policymaking,Center for Health Policy Development,Maine,,,,81
Comparing Treatment with Long-Term Steroids or Long-Term Antibiotics to Prevent Lung Infections in Patients with Bronchiectasis,https://www.pcori.org/research-results/2015/comparing-treatment-long-term-steroids-or-long-term-antibiotics-prevent-lung-infections-patients-bronchiectasis,Oregon Health & Science University,Oregon,,,,81
Comparing Ways To Improve Dialysis Session Stability,https://www.pcori.org/research-results/2015/comparing-ways-improve-dialysis-session-stability,University of Michigan,Michigan,,,,81
Comparing Treatment Options for Urea Cycle Disorders,https://www.pcori.org/research-results/2015/comparing-treatment-options-urea-cycle-disorders,Children's Research Institute,District of Columbia,,,,81
Identifying Health Outcomes that Matter to Patients Getting Imaging Tests,https://www.pcori.org/research-results/2015/identifying-health-outcomes-matter-patients-getting-imaging-tests,University of Washington,Washington,,,,81
Helping Black Patients Decide on a Treatment for Chronic Heart Failure -- The VIVID Study,https://www.pcori.org/research-results/2015/helping-black-patients-decide-treatment-chronic-heart-failure-vivid-study,Duke University,North Carolina,,,,81
Using an iPad App in School Health Centers to Support Latina Teens Making Choices about Birth Control -- The Health-E You/Salud iTu Intervention,https://www.pcori.org/research-results/2015/using-ipad-app-school-health-centers-support-latina-teens-making-choices-about-birth-control-health-e-yousalud-itu-intervention,University of California San Francisco,California,,,,81
Evaluating Different Ways to Help Patients Make Informed Choices about Surgery for Knee or Hip Osteoarthritis,https://www.pcori.org/research-results/2015/evaluating-different-ways-help-patients-make-informed-choices-about-surgery-knee-or-hip-osteoarthritis,Massachusetts General Hospital,Massachusetts,,,,81
Testing Whether Providing Older Patients with a List of Questions to Ask Their Surgeons Improves Decision Making and Well-Being,https://www.pcori.org/research-results/2015/testing-whether-providing-older-patients-list-questions-ask-their-surgeons-improves-decision-making-and-well-being,University of Wisconsin-Madison,Wisconsin,,,,81
Comparing Two Types of Blood Thinners to Prevent Blood Clots in Patients with Cancer -- The CANVAS Trial,https://www.pcori.org/research-results/2015/comparing-two-types-blood-thinners-prevent-blood-clots-patients-cancer-canvas-trial,Alliance for Clinical Trials in Oncology Foundation,Illinois,,,,82
Comparing Two Ways to Identify What's Important to Patients in Research,https://www.pcori.org/research-results/2015/comparing-two-ways-identify-whats-important-patients-research,Thomas Jefferson University,Pennsylvania,,,,82
Developing Methods to Account for Bias from Unmeasured Sources When Analyzing Time Until a Health Event,https://www.pcori.org/research-results/2015/developing-methods-account-bias-unmeasured-sources-when-analyzing-time-until-health-event,Dartmouth College,New Hampshire,,,,82
Comparing Oral Medicines to Treat Hepatitis C Virus -- The PRIORITIZE Study,https://www.pcori.org/research-results/2015/comparing-oral-medicines-treat-hepatitis-c-virus-prioritize-study,University of Florida,Florida,,,,82
Patient-Centered Hepatitis C Virus Care for People Who Inject Drugs -- The HERO Study,https://www.pcori.org/research-results/2015/patient-centered-hepatitis-c-virus-care-people-who-inject-drugs-hero-study,Clemson University,South Carolina,,,,82
Comparing Surgery with and without Duraplasty for Youth with Chiari Malformation Type I and Syringomyelia,https://www.pcori.org/research-results/2015/comparing-surgery-and-without-duraplasty-youth-chiari-malformation-type-i-and-syringomyelia,Washington University School of Medicine,Missouri,,,,82
Testing a Program That Provides Care for Urgent Health Problems at Home Instead of the Emergency Room,https://www.pcori.org/research-results/2015/testing-program-provides-care-urgent-health-problems-home-instead-emergency-room,Massachusetts General Hospital,Massachusetts,,,,82
Comparing Two Treatment Approaches for Women with Ductal Carcinoma In Situ (DCIS) -- The PORTAL Study,https://www.pcori.org/research-results/2015/comparing-two-treatment-approaches-women-ductal-carcinoma-situ-dcis-portal-study,Duke University,North Carolina,,,,82
Comparing the Effects of Different Surgical Treatments on Quality of Life for Patients with Obesity,https://www.pcori.org/research-results/2015/comparing-effects-different-surgical-treatments-quality-life-patients-obesity,Massachusetts General Hospital,Massachusetts,,,,82
Developing Guidance for the Analysis of Randomized Controlled Trials in Real-World Settings,https://www.pcori.org/research-results/2015/developing-guidance-analysis-randomized-controlled-trials-real-world-settings,Harvard University School of Public Health,Massachusetts,,,,82
Developing Methods to Link Patient Records across Data Sets that Preserve Patient Privacy,https://www.pcori.org/research-results/2015/developing-methods-link-patient-records-across-data-sets-preserve-patient-privacy,HealthCore,Delaware,,,,82
"In-Home Versus Phone-Based Care Management for Older Adults With Dementia, Depression or Delirium",https://www.pcori.org/research-results/2015/home-versus-phone-based-care-management-older-adults-dementia-depression-or-delirium,University of Connecticut School of Medicine,Connecticut,,,,82
Adding a Teachable Moment Approach to a Team-Based Primary Care Ask-Advise-Connect Approach for Tobacco Cessation,https://www.pcori.org/research-results/2015/adding-teachable-moment-approach-team-based-primary-care-ask-advise-connect-approach-tobacco-cessation,Oregon Health & Science University,Oregon,,,,82
Methods to Apply Results from Randomized Trials to Patients in Clinical Practice,https://www.pcori.org/research-results/2015/methods-apply-results-randomized-trials-patients-clinical-practice,Harvard TH Chan School of Public Health,Massachusetts,,,,82
Comparing Stopping or Continuing Use of Disease Modifying Therapies in Older Adults with Multiple Sclerosis -- The DISCOMS Trial,https://www.pcori.org/research-results/2015/comparing-stopping-or-continuing-use-disease-modifying-therapies-older-adults-multiple-sclerosis-discoms-trial,University of Colorado Denver,Colorado,,,,82
Matching Patients with Therapists to Improve Mental Health Care,https://www.pcori.org/research-results/2015/matching-patients-therapists-improve-mental-health-care,University of Massachusetts Amherst,Massachusetts,,,,82
Comparing the Effects of How Often Men Have PSA Testing in the First Year after Prostate Cancer Treatment,https://www.pcori.org/research-results/2015/comparing-effects-how-often-men-have-psa-testing-first-year-after-prostate-cancer-treatment,Alliance for Clinical Trials in Oncology Foundation,Illinois,,,,82
Comparing Two Programs for Helping Patients Make Informed Decisions about Rheumatoid Arthritis Treatment,https://www.pcori.org/research-results/2015/comparing-two-programs-helping-patients-make-informed-decisions-about-rheumatoid-arthritis-treatment,The University of North Carolina at Chapel Hill,North Carolina,,,,82
Comparing Ways to Reduce High Blood Pressure in Patients from Different Racial and Ethnic Groups -- The RICH LIFE Study,https://www.pcori.org/research-results/2015/comparing-ways-reduce-high-blood-pressure-patients-different-racial-and-ethnic-groups-rich-life-study,Johns Hopkins University,Maryland,,,,82
Comparing Approaches That Clinics Can Use to Help Control High Blood Pressure among Black Patients,https://www.pcori.org/research-results/2015/comparing-approaches-clinics-can-use-help-control-high-blood-pressure-among-black-patients,The University of Alabama at Birmingham,Alabama,,,,82
2016 Massachusetts PFAC Conference,https://www.pcori.org/research-results/2015/2016-massachusetts-pfac-conference,Health Care for All,Massachusetts,,,,82
Discovering What Matters Most,https://www.pcori.org/research-results/2015/discovering-what-matters-most,PXE International,District of Columbia,,,,82
Engaging Black Faith Communities to Address Mental Health Disparities via Curriculum Development,https://www.pcori.org/research-results/2015/engaging-black-faith-communities-address-mental-health-disparities-curriculum-development,Georgetown University Medical Center,District of Columbia,,,,82
Development of a Core Outcome Measurement Set for Clinical Trials in Shoulder Disorders,https://www.pcori.org/research-results/2015/development-core-outcome-measurement-set-clinical-trials-shoulder-disorders,Regents of the University of Michigan,Michigan,,,,82
Building a PCO and PCOR Community Network to Influence Patient Centered Care and Patient Engagement in Utah,https://www.pcori.org/research-results/2015/building-pco-and-pcor-community-network-influence-patient-centered-care-and-patient-engagement-utah,HealthInsight,Utah,,,,82
Workshops to Transform the Health Care of Women with Disabilities,https://www.pcori.org/research-results/2015/workshops-transform-health-care-women-disabilities,Cerebral Palsy International Research Foundation,New York,,,,83
Oncology Patient-Centered Outcomes Research Portal,https://www.pcori.org/research-results/2015/oncology-patient-centered-outcomes-research-portal,George Washington University,District of Columbia,,,,83
Building a National Patient Network of Trained and Engaged PCOR Partners,https://www.pcori.org/research-results/2015/building-national-patient-network-trained-and-engaged-pcor-partners,National Center for Health Research,District of Columbia,,,,83
PCOR & Reproductive Health Summit,https://www.pcori.org/research-results/2015/pcor-reproductive-health-summit,Planned Parenthood Federation of America,New York,,,,83
"By Consumers, for Consumers: Building Capacity and Partnerships to Enhance Patient-centeredness",https://www.pcori.org/research-results/2015/consumers-consumers-building-capacity-and-partnerships-enhance-patient-centeredness,Johns Hopkins Bloomberg School of Public Health,Maryland,,,,83
"Training Journalists in Evidence-Based Medicine, Comparative Effectiveness Research and Health Data",https://www.pcori.org/research-results/2015/training-journalists-evidence-based-medicine-comparative-effectiveness-research-and-health-data,Center For Excellence In Health Care Journalism,Missouri,,,,83
Looking at the Effects of Antibiotic Use on Childhood Obesity and Growth -- The PCORnet® Antibiotics Study,https://www.pcori.org/research-results/2015/looking-effects-antibiotic-use-childhood-obesity-and-growth-pcornetr-antibiotics-study,"Harvard Pilgrim Health Care, Inc.",Massachusetts,,,,83
Comparing Three Types of Weight Loss Surgery -- The PCORnet® Bariatric Study,https://www.pcori.org/research-results/2015/comparing-three-types-weight-loss-surgery-pcornetr-bariatric-study,Kaiser Permanente Washington Health Research Institute,Washington,,,,83
PCOR Capacity with PI Community,https://www.pcori.org/research-results/2015/pcor-capacity-pi-community,University of Arkansas for Medical Sciences,Arkansas,,,,83
Latino Health Riverside,https://www.pcori.org/research-results/2015/latino-health-riverside,"Regents of University of California, Riverside",California,,,,83
Comparing Medicines To Prevent Blood Clots in Patients Who Have Total Hip or Knee Replacement,https://www.pcori.org/research-results/2015/comparing-medicines-prevent-blood-clots-patients-who-have-total-hip-or-knee-replacement,Dartmouth-Hitchcock Clinic,New Hampshire,,,,83
Testing a Program to Improve the Integration of Behavioral Health Care into Primary Care Settings,https://www.pcori.org/research-results/2015/testing-program-improve-integration-behavioral-health-care-primary-care-settings,University of Vermont and State Agriculture College,Vermont,,,,83
Comparing Two Telehealth Approaches for Treating Complex Psychiatric Disorders in Primary Care -- The SPIRIT Study,https://www.pcori.org/research-results/2015/comparing-two-telehealth-approaches-treating-complex-psychiatric-disorders-primary-care-spirit-study,University of Washington,Washington,,,,83
Comparing Antibiotics versus Surgery for Treating Appendicitis -- The CODA Study,https://www.pcori.org/research-results/2015/comparing-antibiotics-versus-surgery-treating-appendicitis-coda-study,University of Washington,Washington,,,,83
Connecting Community to Research: Building Skills to Partner in Research,https://www.pcori.org/research-results/2015/connecting-community-research-building-skills-partner-research,Boston Medical Center,Massachusetts,,,,83
2015 Summer Institute: Engaging Patient and Professionals to Advance Clinical Excellence,https://www.pcori.org/research-results/2015/2015-summer-institute-engaging-patient-and-professionals-advance-clinical-excellence,University of Texas Health Science Center at San Antonio,Texas,,,,83
Big Data for Patients (BD4P),https://www.pcori.org/research-results/2015/big-data-patients-bd4p,Reagan-Udall Foundation for the FDA,District of Columbia,,,,83
Rare Epilepsy Network,https://www.pcori.org/research-results/2015/rare-epilepsy-network,Epilepsy Foundation,Maryland,,,,83
Community and Patient Partnered Research Network (CPPRN),https://www.pcori.org/research-results/2015/community-and-patient-partnered-research-network-cpprn,"University of California, Los Angeles",California,,,,83
The COPD Patient-Powered Research Network,https://www.pcori.org/research-results/2015/copd-patient-powered-research-network,"COPD Foundation, Inc.",Florida,,,,83
Community Engaged Network for All (CENA),https://www.pcori.org/research-results/2015/community-engaged-network-all-cena,"Genetic Alliance, Inc.",District of Columbia,,,,83
American BRCA Outcomes and Utilization of Testing: A Participant-Powered Research Network,https://www.pcori.org/research-results/2015/american-brca-outcomes-and-utilization-testing-participant-powered-research-network,University of South Florida,Florida,,,,83
Primary Immunodeficiency Connect (PI CONNECT),https://www.pcori.org/research-results/2015/primary-immunodeficiency-connect-pi-connect,Immune Deficiency Foundation,Maryland,,,,83
National Alzheimer's & Dementia Patient- & Caregiver-Powered Research Network,https://www.pcori.org/research-results/2015/national-alzheimers-dementia-patient-caregiver-powered-research-network,Mayo Clinic,Minnesota,,,,83
"Patients, Advocates, and Rheumatology Teams for Research and Service (PARTNERS)",https://www.pcori.org/research-results/2015/patients-advocates-and-rheumatology-teams-research-and-service-partners,Duke University,North Carolina,,,,83
The Health eHeart Alliance,https://www.pcori.org/research-results/2015/health-eheart-alliance,"University of California, San Francisco",California,,,,84
DuchenneConnect Network,https://www.pcori.org/research-results/2015/duchenneconnect-network,Parent Project Muscular Dystrophy,New Jersey,,,,84
Phelan-McDermid Syndrome Data Network (PMS_DN),https://www.pcori.org/research-results/2015/phelan-mcdermid-syndrome-data-network-pmsdn,Phelan-McDermid Syndrome Foundation,Florida,,,,84
MoodNetwork,https://www.pcori.org/research-results/2015/moodnetwork,Massachusetts General Hospital (The General Hospital Corp.),Massachusetts,,,,84
The Vasculitis Patient-Powered Research Network,https://www.pcori.org/research-results/2015/vasculitis-patient-powered-research-network,University of Pennsylvania,Pennsylvania,,,,84
iConquerMS: A Participant-Powered Research Network,https://www.pcori.org/research-results/2015/iconquerms-participant-powered-research-network,Accelerated Cure Project for Multiple Sclerosis,Massachusetts,,,,84
PCORnet Patient-Powered Research Network Phase ll: ImproveCareNow Network,https://www.pcori.org/research-results/2015/pcornet-patient-powered-research-network-phase-ll-improvecarenow-network,Cincinnati Children's Hospital Medical Center,Ohio,,,,84
PRIDEnet: A Participant-Powered Research Network of Sexual and Gender Minorities,https://www.pcori.org/research-results/2015/pridenet-participant-powered-research-network-sexual-and-gender-minorities,"University of California, San Francisco",California,,,,84
Interactive Autism Network,https://www.pcori.org/research-results/2015/interactive-autism-network,"Hugo W. Moser Research Institute at Kennedy Krieger, Inc.",Maryland,,,,84
IBD Partners: A Participant-Powered Research Network of Patients with Crohn's Disease and Ulcerative Colitis,https://www.pcori.org/research-results/2015/ibd-partners-participant-powered-research-network-patients-crohns-disease-and-ulcerative-colitis,The University of North Carolina at Chapel Hill,North Carolina,,,,84
ArthritisPower (ARthritis Partnership with Comparative Effectiveness Researchers),https://www.pcori.org/research-results/2015/arthritispower-arthritis-partnership-comparative-effectiveness-researchers,Global Healthy Living Foundation,New York,,,,84
NephCure Kidney Network (NKN),https://www.pcori.org/research-results/2015/nephcure-kidney-network-nkn,Arbor Research Collaborative for Health,Michigan,,,,84
The Greater Plains Collaborative,https://www.pcori.org/research-results/2015/greater-plains-collaborative,University of Kansas Medical Center,Kansas,,,,84
OneFlorida Clinical Research Consortium,https://www.pcori.org/research-results/2015/oneflorida-clinical-research-consortium,University of Florida,Florida,,,,84
Mid-South Clinical Data Research Network,https://www.pcori.org/research-results/2015/mid-south-clinical-data-research-network,Vanderbilt University Medical Center,Tennessee,,,,84
The Patient-Centered Network of Learning Health Systems (LHSNet),https://www.pcori.org/research-results/2015/patient-centered-network-learning-health-systems-lhsnet,Mayo Clinic,Minnesota,,,,84
patient-centered SCAlable National Network for Effectiveness Research (pSCANNER),https://www.pcori.org/research-results/2015/patient-centered-scalable-national-network-effectiveness-research-pscanner,"University of California, San Diego",California,,,,84
PaTH Towards a Learning Health System (PaTH),https://www.pcori.org/research-results/2015/path-towards-learning-health-system-path,University of Pittsburgh,Pennsylvania,,,,84
Patient Outcomes Research To Advance Learning (PORTAL),https://www.pcori.org/research-results/2015/patient-outcomes-research-advance-learning-portal,Kaiser Foundation Research Institute,California,,,,84
Chicago Area Patient-Centered Outcomes Research Network (CAPriCORN),https://www.pcori.org/research-results/2015/chicago-area-patient-centered-outcomes-research-network-capricorn,Northwestern University,Illinois,,,,84
Accessible Research Commons for Health (ARCH),https://www.pcori.org/research-results/2015/accessible-research-commons-health-arch,President and Fellows of Harvard College,Massachusetts,,,,84
New York City Clinical Data Research Network (NYC-CDRN),https://www.pcori.org/research-results/2015/new-york-city-clinical-data-research-network-nyc-cdrn,Joan & Sanford I. Weill Medical College of Cornell University,New York,,,,84
PEDSnet,https://www.pcori.org/research-results/2015/pedsnet,Children's Hospital of Philadelphia,Pennsylvania,,,,84
Accelerating Data Value Across a National Community Health Center Network (ADVANCE),https://www.pcori.org/research-results/2015/accelerating-data-value-across-national-community-health-center-network-advance,"Oregon Community Health Information Network (OCHIN), Inc.",Oregon,,,,84
Research Action for Health Network (REACHnet),https://www.pcori.org/research-results/2015/research-action-health-network-reachnet,Louisiana Public Health Institute,Louisiana,,,,84
The Cholangiocarcinoma Foundation Foundation Annual Conference,https://www.pcori.org/research-results/2015/cholangiocarcinoma-foundation-foundation-annual-conference,The Cholangiocarcinoma Foundation,Utah,,,,85
Patient Centered Outcomes Research and My Practice: What Clinicians Need To Know - Video Roundtable,https://www.pcori.org/research-results/2015/patient-centered-outcomes-research-and-my-practice-what-clinicians-need-know-video-roundtable,WebMD Health Corp.,New York,,,,85
Educating and Engaging Clinicians to Strengthen Patient Engagement in Parkinson's Disease Research,https://www.pcori.org/research-results/2015/educating-and-engaging-clinicians-strengthen-patient-engagement-parkinsons-disease-research,The Michael J. Fox Foundation For Parkinson's Research,New York,,,,85
Health Literacy Annual Research Conference,https://www.pcori.org/research-results/2015/health-literacy-annual-research-conference,Boston Medical Center,Massachusetts,,,,85
Shared Decision Making in the Emergency Department: Developing a Patient-Centered Research Agenda,https://www.pcori.org/research-results/2015/shared-decision-making-emergency-department-developing-patient-centered-research-agenda,The Society for Academic Emergency Medicine,Illinois,,,,85
Creating Capacity for Sustainable Partnerships with Patients and Families in Research,https://www.pcori.org/research-results/2015/creating-capacity-sustainable-partnerships-patients-and-families-research,Institute for Patient- and Family-Centered Care,Maryland,,,,85
Pathways to Partnership: Communication and Collaboration Skills for Creating PCOR Teams,https://www.pcori.org/research-results/2015/pathways-partnership-communication-and-collaboration-skills-creating-pcor-teams,University of New Mexico Health Sciences Center,New Mexico,,,,85
70x2020 Colorectal Cancer Screening Initiative,https://www.pcori.org/research-results/2015/70x2020-colorectal-cancer-screening-initiative,The University of Mississippi Medical Center,Mississippi,,,,85
Foundations of Patient Engagement in PCOR: a MedEd Training,https://www.pcori.org/research-results/2015/foundations-patient-engagement-pcor-meded-training,Louisiana Public Health Institute,Louisiana,,,,85
Promoting Patient-Centered Research in the Puget Sound Asthma Coalition - Tier II,https://www.pcori.org/research-results/2015/promoting-patient-centered-research-puget-sound-asthma-coalition-tier-ii,Washington State University College of Nursing,Washington,,,,85
Pastors 4 PCOR: Engaging Faith Based Communities,https://www.pcori.org/research-results/2015/pastors-4-pcor-engaging-faith-based-communities,Total Resource Community Development Organization,Illinois,,,,85
Building on a Culturally Sensitive Network for PCOR/CER Dissemination,https://www.pcori.org/research-results/2015/building-culturally-sensitive-network-pcorcer-dissemination,The University of Southern Mississippi,Mississippi,,,,85
Developing a Road Map for Optimum Patient-Partnered Chronic Condition Management,https://www.pcori.org/research-results/2015/developing-road-map-optimum-patient-partnered-chronic-condition-management,"Wisconsin Research & Education Network, University of Wisconsin School of Medicine & Public Health",Wisconsin,,,,85
Family & Science: Bidirectional Translation of Knowledge and Need in Sex Chromosome Aneuploidy,https://www.pcori.org/research-results/2015/family-science-bidirectional-translation-knowledge-and-need-sex-chromosome-aneuploidy,Emory University Nell Hodgson Woodruff School of Nursing and AXYS,Georgia,,,,85
National Alopecia Areata Foundation Patient Support Conference,https://www.pcori.org/research-results/2015/national-alopecia-areata-foundation-patient-support-conference,National Alopecia Areata Foundation,California,,,,85
Comparing the Safety and Effectiveness of Low-Dose versus High-Dose Aspirin to Prevent Problems from Heart Disease -- The ADAPTABLE Study -- A PCORnet® Study,https://www.pcori.org/research-results/2015/comparing-safety-and-effectiveness-low-dose-versus-high-dose-aspirin-prevent-problems-heart-disease-adaptable-study-pcornetr-study,Duke University,North Carolina,,,,85
Nontuberculous Mycobacteria Research Consortium Stakeholder Engagement and Planning Meeting,https://www.pcori.org/research-results/2015/nontuberculous-mycobacteria-research-consortium-stakeholder-engagement-and-planning-meeting,Oregon Health & Science University,Oregon,,,,85
Rural Patient and Provider Perspectives on the Patient Centered Medical Home Model,https://www.pcori.org/research-results/2015/rural-patient-and-provider-perspectives-patient-centered-medical-home-model,"University of Kansas Center for Research, Inc.",Kansas,,,,85
Familias Unidas (United Families): Pre-Diabetes Diagnosis and Treatment Project,https://www.pcori.org/research-results/2015/familias-unidas-united-families-pre-diabetes-diagnosis-and-treatment-project,Long Beach Department of Health and Human Services,California,,,,85
Engaging Terminally Ill Patients with Palliative Care,https://www.pcori.org/research-results/2015/engaging-terminally-ill-patients-palliative-care,University of Nevada-Las Vegas,Nevada,,,,85
Resiliency in African-American Men (RAAM),https://www.pcori.org/research-results/2015/resiliency-african-american-men-raam,Healthy African American Families II,California,,,,85
Exploring Survivorship Care Plan Options,https://www.pcori.org/research-results/2015/exploring-survivorship-care-plan-options,Zero Breast Cancer,California,,,,85
Building a Community to Promote Stakeholder Engagement in Research for Adolescents with Spinal Cord Injuries,https://www.pcori.org/research-results/2015/building-community-promote-stakeholder-engagement-research-adolescents-spinal-cord-injuries,University of Southern California,California,,,,85
Developing Effective Interventions to Achieve a Healthy Weight Among Hispanic Children Ages 0-5,https://www.pcori.org/research-results/2015/developing-effective-interventions-achieve-healthy-weight-among-hispanic-children-ages-0-5,Children's Hospital of Colorado,Colorado,,,,85
Stakeholder-Driven Veterans' Suicide Protection Advisory Group,https://www.pcori.org/research-results/2015/stakeholder-driven-veterans-suicide-protection-advisory-group,University of Colorado Denver - College of Nursing,Colorado,,,,86
Building a Patient-Powered Research Community for Patients with Multiple Chronic Pain Conditions,https://www.pcori.org/research-results/2015/building-patient-powered-research-community-patients-multiple-chronic-pain-conditions,HealClick,Nevada,,,,86
Engagement of the Arkansas Transgender Community to Identify Patient-Centered Outcomes and Research Priorities,https://www.pcori.org/research-results/2015/engagement-arkansas-transgender-community-identify-patient-centered-outcomes-and-research-priorities,Arkansas Transgender Equality Coalition,Arkansas,,,,86
Building Capacity and Forging Collaborations in Autism Research for Underserved Families,https://www.pcori.org/research-results/2015/building-capacity-and-forging-collaborations-autism-research-underserved-families,University of Florida Board of Trustees,Florida,,,,86
Diabetes Education and Wellness through Faith-based Organizations in Texas,https://www.pcori.org/research-results/2015/diabetes-education-and-wellness-through-faith-based-organizations-texas,Texas A&M University,Texas,,,,86
Partnership for Physical Rehabilitation Post Stroke,https://www.pcori.org/research-results/2015/partnership-physical-rehabilitation-post-stroke,Medical University of South Carolina,South Carolina,,,,86
Building Capacity for and Reducing Barriers to the Inclusion of Underserved Black Youth and Families in Behavioral and Mental Health Patient-Centered Outcomes Research,https://www.pcori.org/research-results/2015/building-capacity-and-reducing-barriers-inclusion-underserved-black-youth-and-families-behavioral-and-mental-health-patient-centered-outcomes-research,"Balance and Life Ministries, LLC (BALM)",Maryland,,,,86
Transitioning from Prisioner to Patient: Addressing Health Care Needs of the Formerly Incarcerated,https://www.pcori.org/research-results/2015/transitioning-prisioner-patient-addressing-health-care-needs-formerly-incarcerated,Tulane University,Louisiana,,,,86
Developing a Community Partnership Focused on Prevention of Opiate Exposed Newborns,https://www.pcori.org/research-results/2015/developing-community-partnership-focused-prevention-opiate-exposed-newborns,University of South Florida,Florida,,,,86
Assessing Health Outcomes in Rural Areas Where Nurse Practitioners Provide Primary Care,https://www.pcori.org/research-results/2015/assessing-health-outcomes-rural-areas-where-nurse-practitioners-provide-primary-care,Georgia Watch,Georgia,,,,86
Patient-Centered Cancer Survivorship Care: Improving Quality of Care and Quality of Life for Survivors in Georgia,https://www.pcori.org/research-results/2015/patient-centered-cancer-survivorship-care-improving-quality-care-and-quality-life-survivors-georgia,Georgia Center for Oncology Research and Education,Georgia,,,,86
NOLA Partnership for Mental Health,https://www.pcori.org/research-results/2015/nola-partnership-mental-health,St. Anna's Episcopal Church,Louisiana,,,,86
We'll Take the Village: Engaging the Community to Develop Better Health,https://www.pcori.org/research-results/2015/well-take-village-engaging-community-develop-better-health,The Sickle Cell Association of New Jersey,New Jersey,,,,86
Tailoring Patient Options for Medication Adherence Action Plans in Community Pharmacies,https://www.pcori.org/research-results/2015/tailoring-patient-options-medication-adherence-action-plans-community-pharmacies,Massachusetts Pharmacists Association,Massachusetts,,,,86
Patients with Familial Hypercholesterolemia Sharing Goals and Difficult Decisions,https://www.pcori.org/research-results/2015/patients-familial-hypercholesterolemia-sharing-goals-and-difficult-decisions,University of Rochester,New York,,,,86
"Optimizing Care Delivery and Coordination in an Aging, HIV-Positive Population",https://www.pcori.org/research-results/2015/optimizing-care-delivery-and-coordination-aging-hiv-positive-population,"Hudson River HealthCare, Inc.",New York,,,,86
Native American Health and Wellness: Reservation-Based Diabetes and Obesity Prevention,https://www.pcori.org/research-results/2015/native-american-health-and-wellness-reservation-based-diabetes-and-obesity-prevention,Adelphi University,New York,,,,86
Improving Oral Health for Vulnerable Populations—Individuals with Intellectual and Developmental Disabilities,https://www.pcori.org/research-results/2015/improving-oral-health-vulnerable-populations-individuals-intellectual-and-developmental-disabilities,Tufts University,Massachusetts,,,,86
Engaging Patients and Community Members in Managing and Treating Osteoarthritis,https://www.pcori.org/research-results/2015/engaging-patients-and-community-members-managing-and-treating-osteoarthritis,"Department of Orthopaedic Surgery, Hospital for Joint Diseases, NYU Langone Medical Center",New York,,,,86
Central New York Citizen's Aging Research & Action Network (CNY-CAN),https://www.pcori.org/research-results/2015/central-new-york-citizens-aging-research-action-network-cny-can,"F.O.C.U.S. Greater Syracuse, Inc.",New York,,,,86
After The ICU: A Collaborative to Improve Critical Illness Survivorship,https://www.pcori.org/research-results/2015/after-icu-collaborative-improve-critical-illness-survivorship,"Brigham and Women's Hospital, Pulmonary and Critical Care Department",Massachusetts,,,,86
Comparative Effectiveness of Online Peer Support for Diabetes Treatment Approaches,https://www.pcori.org/research-results/2015/comparative-effectiveness-online-peer-support-diabetes-treatment-approaches,Sutter Medical Foundation,California,,,,86
Hispanic Communities Reducing Complications around Pregnancy and Childbirth,https://www.pcori.org/research-results/2015/hispanic-communities-reducing-complications-around-pregnancy-and-childbirth,"Impactivo, LLC",Puerto Rico,,,,86
Improving Outcomes for Children with Mental Health Challenges and Their Families through Parent-to-Parent Peer Support,https://www.pcori.org/research-results/2015/improving-outcomes-children-mental-health-challenges-and-their-families-through-parent-parent-peer-support,Family-Run Executive Director Leadership Association (FREDLA),Maryland,,,,86
Bridging Rare Disease Patients and Data through Novel Research Partnerships,https://www.pcori.org/research-results/2015/bridging-rare-disease-patients-and-data-through-novel-research-partnerships,Parkview Health,Indiana,,,,86
"National Patient Community-, Caregiver-, and Advocacy Group-Directed Strategies to Lead Comparative Effectiveness Research for Liver Cirrhosis",https://www.pcori.org/research-results/2015/national-patient-community-caregiver-and-advocacy-group-directed-strategies-lead-comparative-effectiveness-research-liver-cirrhosis,Northwestern University,Illinois,,,,87
Developing a Student/Family-Centered School Health Collaborative,https://www.pcori.org/research-results/2015/developing-studentfamily-centered-school-health-collaborative,National Association of School Nurses,Maryland,,,,87
What's the SCOOP? Discovering Quality-of-Life Outcomes That Matter to Squamous Cell Carcinoma of the Oropharynx (SCOOP) Patients and Their Families,https://www.pcori.org/research-results/2015/whats-scoop-discovering-quality-life-outcomes-matter-squamous-cell-carcinoma-oropharynx-scoop-patients-and-their-families,Henry Ford Health System,Michigan,,,,87
"Collaboration of West Nile Virus Patients, their Caregivers, and Researchers",https://www.pcori.org/research-results/2015/collaboration-west-nile-virus-patients-their-caregivers-and-researchers,West Nile Virus Advocacy,Alabama,,,,87
Engaging Communities in Infectious Diseases Research and Intervention Development,https://www.pcori.org/research-results/2015/engaging-communities-infectious-diseases-research-and-intervention-development,Children's Mercy Hospital,Missouri,,,,87
Engaging the Patient Voice in the Delivery of Accountable Care in Medicaid,https://www.pcori.org/research-results/2015/engaging-patient-voice-delivery-accountable-care-medicaid,Minneapolis Medical Research Foundation,Minnesota,,,,87
Developing a Patient-Led Multiple Sclerosis Research Community,https://www.pcori.org/research-results/2015/developing-patient-led-multiple-sclerosis-research-community,The Board of Trustees of the University of Illinois,Illinois,,,,87
Community and Stakeholder Perspectives on Aging-in-Place,https://www.pcori.org/research-results/2015/community-and-stakeholder-perspectives-aging-place,"East Side Neighborhood Services, Inc.",Minnesota,,,,87
I HAVE A VOICE! Empowering Mental Health Consumers to Engage in a Patient-Centered Research Community to Improve Options for Mental Health Recovery Support,https://www.pcori.org/research-results/2015/i-have-voice-empowering-mental-health-consumers-engage-patient-centered-research-community-improve-options-mental-health-recovery-support,Athens Photographic Project,Ohio,,,,87
Relieving Pain in Kansas City: A Chronic Pain Multistakeholder Collaborative,https://www.pcori.org/research-results/2015/relieving-pain-kansas-city-chronic-pain-multistakeholder-collaborative,Center for Practical Bioethics,Missouri,,,,87
"Effective Communication among Newcomer Patients with Diabetes Mellitus, Their Families, and Healthcare Providers/Systems about Diabetes Care",https://www.pcori.org/research-results/2015/effective-communication-among-newcomer-patients-diabetes-mellitus-their-families-and-healthcare-providerssystems-about-diabetes-care,Bethel Neighborhood Center,Kansas,,,,87
Behavioral Health Research Capacity Development,https://www.pcori.org/research-results/2015/behavioral-health-research-capacity-development,SIHF Healthcare,Illinois,,,,87
Path to Identifying Effective Treatments for Hmong Adults Suffering from Gout and Gout Related Co-morbidities,https://www.pcori.org/research-results/2015/path-identifying-effective-treatments-hmong-adults-suffering-gout-and-gout-related-co-morbidities,West Side Community Health Services,Minnesota,,,,87
Developing a New Way to Display Data Collected from Interviews and Group Discussions,https://www.pcori.org/research-results/2015/developing-new-way-display-data-collected-interviews-and-group-discussions,"University of California, San Francisco",California,,,,87
Comparing Accuracy of Health Record Data and Self-Reported Data,https://www.pcori.org/research-results/2015/comparing-accuracy-health-record-data-and-self-reported-data,Oregon Health & Science University,Oregon,,,,87
Developing Recommendations for Oversight of Patient-Centered Outcomes Research -- The PCOROS Study,https://www.pcori.org/research-results/2015/developing-recommendations-oversight-patient-centered-outcomes-research-pcoros-study,Partners Healthcare Brigham and Women's Hospital,Massachusetts,,,,87
Statistical Methods to Test If a Treatment Is Not Worse Than Standard Treatment,https://www.pcori.org/research-results/2015/statistical-methods-test-if-treatment-not-worse-standard-treatment,Wayne State University,Michigan,,,,87
Developing New Methods for Determining Treatment Benefits Based on Individual Patient Traits,https://www.pcori.org/research-results/2015/developing-new-methods-determining-treatment-benefits-based-individual-patient-traits,University of Wisconsin-Madison,Wisconsin,,,,87
Developing a Guide on How to Involve Patients in Research Studies,https://www.pcori.org/research-results/2015/developing-guide-how-involve-patients-research-studies,"University of Maryland, Baltimore",Maryland,,,,87
Using a Bayesian Approach to Predict Patients' Health and Response to Treatment,https://www.pcori.org/research-results/2015/using-bayesian-approach-predict-patients-health-and-response-treatment,Johns Hopkins University,Maryland,,,,87
New Statistical Methods to Compare the Effectiveness of Adaptive Treatment Plans,https://www.pcori.org/research-results/2015/new-statistical-methods-compare-effectiveness-adaptive-treatment-plans,Cincinnati Children's Hospital Medical Center,Ohio,,,,87
Testing a Program to Improve Patient-Clinician Communication for Patients Who Speak Limited English,https://www.pcori.org/research-results/2015/testing-program-improve-patient-clinician-communication-patients-who-speak-limited-english,University of California San Francisco,California,,,,87
Examining Whether a Self-Care Program Reduces Healthcare Use and Improves Health among Patients with Acute Heart Failure -- The GUIDED HF Study,https://www.pcori.org/research-results/2015/examining-whether-self-care-program-reduces-healthcare-use-and-improves-health-among-patients-acute-heart-failure-guided-hf-study,Vanderbilt University Medical Center,Tennessee,,,,87
Comparing Ways to Treat Arm Weakness Due to Stroke,https://www.pcori.org/research-results/2015/comparing-ways-treat-arm-weakness-due-stroke,The Ohio State University,Ohio,,,,88
A Training Program on Pain Coping Skills for African Americans with Hip or Knee Arthritis,https://www.pcori.org/research-results/2015/training-program-pain-coping-skills-african-americans-hip-or-knee-arthritis,The University of North Carolina at Chapel Hill,North Carolina,,,,88
Conference and Workshops on Causal Inference Methods for PCOR Using Observational Data,https://www.pcori.org/research-results/2015/conference-and-workshops-causal-inference-methods-pcor-using-observational-data,Medical Technology and Practice Patterns Institute,Maryland,,,,88
Patient Engagement in Biomedical and Health Services Research: A Pragmatic Mixed Methods Approach,https://www.pcori.org/research-results/2015/patient-engagement-biomedical-and-health-services-research-pragmatic-mixed-methods-approach,The University of Texas Health Science Center at San Antonio,Texas,,,,88
Patient Engagement in Benefit-Risk Assessment throughout the Life Cycle of Medical Products,https://www.pcori.org/research-results/2015/patient-engagement-benefit-risk-assessment-throughout-life-cycle-medical-products,Drug Information Association (DIA),Pennsylvania,,,,88
Comparing Two Ways to Teach CPR to Families of Patients with Heart Problems,https://www.pcori.org/research-results/2015/comparing-two-ways-teach-cpr-families-patients-heart-problems,University of Pennsylvania,Pennsylvania,,,,88
Improving Communication about Care Goals for Children with ADHD,https://www.pcori.org/research-results/2015/improving-communication-about-care-goals-children-adhd,The Children's Hospital of Philadelphia,Pennsylvania,,,,88
Comparing Chemotherapy Recovery at Home versus in the Hospital for Children with Acute Myeloid Leukemia,https://www.pcori.org/research-results/2015/comparing-chemotherapy-recovery-home-versus-hospital-children-acute-myeloid-leukemia,The Children's Hospital of Philadelphia,Pennsylvania,,,,88
Comparing Results of Three Treatments for Idiopathic Subglottic Stenosis,https://www.pcori.org/research-results/2015/comparing-results-three-treatments-idiopathic-subglottic-stenosis,Vanderbilt University Medical Center,Tennessee,,,,88
Comparing Surgeries for Women Who Have Both Cancer of the Uterus and Bladder Problems,https://www.pcori.org/research-results/2015/comparing-surgeries-women-who-have-both-cancer-uterus-and-bladder-problems,Women & Infants Hospital of Rhode Island,Rhode Island,,,,88
Helping People with Opioid Use Disorders Avoid Relapses after Leaving Jail,https://www.pcori.org/research-results/2015/helping-people-opioid-use-disorders-avoid-relapses-after-leaving-jail,University of Pennsylvania,Pennsylvania,,,,88
Comparing Bladder Management Strategies for People with Spinal Cord Injuries,https://www.pcori.org/research-results/2015/comparing-bladder-management-strategies-people-spinal-cord-injuries,University of Utah,Utah,,,,88
Implementing and Evaluating a Program to Support Positive Parenting Behaviors,https://www.pcori.org/research-results/2015/implementing-and-evaluating-program-support-positive-parenting-behaviors,Georgia State University,Georgia,,,,88
Changes in Health for Patients Who Complete Treatment for Chronic Hepatitis C Virus -- The PROP up TARGET Study,https://www.pcori.org/research-results/2015/changes-health-patients-who-complete-treatment-chronic-hepatitis-c-virus-prop-target-study,The University of North Carolina at Chapel Hill,North Carolina,,,,88
Comparing Three Ways to Start Treatment for Patients with Polyarticular Juvenile Idiopathic Arthritis -- The STOP-JIA Trial,https://www.pcori.org/research-results/2015/comparing-three-ways-start-treatment-patients-polyarticular-juvenile-idiopathic-arthritis-stop-jia-trial,Hackensack University Medical Center,New Jersey,,,,88
Examining Effects of State Policies to Monitor Mental Health Medicines for Children in Foster Care,https://www.pcori.org/research-results/2015/examining-effects-state-policies-monitor-mental-health-medicines-children-foster-care,Rutgers University–New Brunswick,New Jersey,,,,88
Comparing Three Ways to Help Cancer Survivors Plan for Follow-Up Care,https://www.pcori.org/research-results/2015/comparing-three-ways-help-cancer-survivors-plan-follow-care,Johns Hopkins University,Maryland,,,,88
Testing an Online Program with and without Health Management Support to Help Patients Manage Their Weight,https://www.pcori.org/research-results/2015/testing-online-program-and-without-health-management-support-help-patients-manage-their-weight,Partners Healthcare Brigham and Women's Hospital,Massachusetts,,,,88
Testing a Program to Help Patients Prepare for Kidney Failure Treatment -- The PREPARE NOW Study,https://www.pcori.org/research-results/2015/testing-program-help-patients-prepare-kidney-failure-treatment-prepare-now-study,Duke University,North Carolina,,,,88
Effect of High-Deductible Health Plans on Healthcare Use and Out-of-Pocket Costs for People with Bipolar Disorder,https://www.pcori.org/research-results/2015/effect-high-deductible-health-plans-healthcare-use-and-out-pocket-costs-people-bipolar-disorder,"Harvard Pilgrim Health Care ,Inc.",Massachusetts,,,,88
Does Palliative Care Improve Quality of Life for People with Parkinson's Disease and Reduce Caregiver Burden?,https://www.pcori.org/research-results/2015/does-palliative-care-improve-quality-life-people-parkinsons-disease-and-reduce-caregiver-burden,University of Colorado Denver,Colorado,,,,88
Developmental Outcomes in Children with Duarte Galactosemia,https://www.pcori.org/research-results/2015/developmental-outcomes-children-duarte-galactosemia,Emory University,Georgia,,,,88
Comparing Two Approaches to Manage Weight in Youth with Overweight or Obesity and Bipolar Spectrum Disorders Who Take Antipsychotic Medicines -- The MOBILITY Study,https://www.pcori.org/research-results/2015/comparing-two-approaches-manage-weight-youth-overweight-or-obesity-and-bipolar-spectrum-disorders-who-take-antipsychotic-medicines-mobility-study,University of Cincinnati,Ohio,,,,88
Comparing Two Types of Anesthesia for Hip Fracture Surgery -- The REGAIN Trial,https://www.pcori.org/research-results/2015/comparing-two-types-anesthesia-hip-fracture-surgery-regain-trial,University of Pennsylvania,Pennsylvania,,,,88
Comparing the Safety and Effectiveness of Medicines to Treat Crohn’s Disease in Children and Adolescents -- The COMBINE Trial,https://www.pcori.org/research-results/2015/comparing-safety-and-effectiveness-medicines-treat-crohns-disease-children-and-adolescents-combine-trial,The University of North Carolina at Chapel Hill,North Carolina,,,,88
Comparing Two Ways to Reduce Future Fall Injuries among Older Adults Who Have Fallen -- The WISE Study,https://www.pcori.org/research-results/2015/comparing-two-ways-reduce-future-fall-injuries-among-older-adults-who-have-fallen-wise-study,Pennsylvania State University Hershey Medical Center,Pennsylvania,,,,89
Comparing the Effectiveness of Two Types of Radiation Treatment for Patients With Breast Cancer,https://www.pcori.org/research-results/2015/comparing-effectiveness-two-types-radiation-treatment-patients-breast-cancer,University of Pennsylvania,Pennsylvania,,,,89
Building a Network of Parent and Pediatric Stakeholders for Improving Child Health in Colorado,https://www.pcori.org/research-results/2015/building-network-parent-and-pediatric-stakeholders-improving-child-health-colorado,Regents of the University of Colorado Denver,Colorado,,,,89
PCOR Training: A Program for Rare Disease Patient Advocates,https://www.pcori.org/research-results/2015/pcor-training-program-rare-disease-patient-advocates,University of Maryland,Maryland,,,,89
Sharing Opinions and Advice about Research (SOAR) in the Deep South,https://www.pcori.org/research-results/2015/sharing-opinions-and-advice-about-research-soar-deep-south,The University of Alabama,Alabama,,,,89
Healthy Outcomes for Former Foster Youth - Tier II,https://www.pcori.org/research-results/2015/healthy-outcomes-former-foster-youth-tier-ii,Loma Linda University Center for Comparative Effectiveness and Outcomes Research,California,,,,89
Engaging American Indian and Spanish-Speaking Families and Sharing Family Wisdom to Reduce Childhood Obesity - Tier II,https://www.pcori.org/research-results/2015/engaging-american-indian-and-spanish-speaking-families-and-sharing-family-wisdom-reduce-childhood-obesity-tier-ii,Family Voices,New Mexico,,,,89
Improving Diabetes Education and Management in Schools: A Community Project - Tier II,https://www.pcori.org/research-results/2015/improving-diabetes-education-and-management-schools-community-project-tier-ii,Seattle Children's Hospital,Washington,,,,89
A Community Partnership for Patient-Centered Outcomes Research in Type 2 Diabetes - Tier II,https://www.pcori.org/research-results/2015/community-partnership-patient-centered-outcomes-research-type-2-diabetes-tier-ii,University of Utah,Utah,,,,89
Fostering Successful Aging: Demonstrating the Impact of an Innovative Shared Medical Appointments Model - Tier II,https://www.pcori.org/research-results/2015/fostering-successful-aging-demonstrating-impact-innovative-shared-medical-appointments-model-tier-ii,Palo Alto Medical Foundation,California,,,,89
Culturally Appropriate Options for Diabetes Prevention and Care for Low-Income Latinos - Tier II,https://www.pcori.org/research-results/2015/culturally-appropriate-options-diabetes-prevention-and-care-low-income-latinos-tier-ii,East Central Ministries/One Hope Centro de Vida Health Center,New Mexico,,,,89
Citizen Pscientist - Tier II,https://www.pcori.org/research-results/2015/citizen-pscientist-tier-ii,National Psoriasis Foundation,Oregon,,,,89
Promoting Healthy Eating and Physical Activity with Families Living in a Southern New Mexico Border Region Colonia - Tier II,https://www.pcori.org/research-results/2015/promoting-healthy-eating-and-physical-activity-families-living-southern-new-mexico-border-region-colonia-tier-ii,New Mexico State University,New Mexico,,,,89
Establishing a Patient-Centered Research Community for Cystic Fibrosis - Tier II,https://www.pcori.org/research-results/2015/establishing-patient-centered-research-community-cystic-fibrosis-tier-ii,CysticLife,Arizona,,,,89
Connecting Research to Real Life: Building a Research Network in the Columbia River Gorge - Tier II,https://www.pcori.org/research-results/2015/connecting-research-real-life-building-research-network-columbia-river-gorge-tier-ii,Columbia Gorge Family Medicine,Oregon,,,,89
Taking Care of Our Parents: A Collaborative Team Model to Support Caregivers and Elderly Community Members - Tier II,https://www.pcori.org/research-results/2015/taking-care-our-parents-collaborative-team-model-support-caregivers-and-elderly-community-members-tier-ii,Leaving Well,Utah,,,,89
Developing Infrastructure for Patient-Centered Melanoma Research - Tier II,https://www.pcori.org/research-results/2015/developing-infrastructure-patient-centered-melanoma-research-tier-ii,SolSurvivors,Utah,,,,89
Patient-Centered Transitions of Surgical Care - Tier II,https://www.pcori.org/research-results/2015/patient-centered-transitions-surgical-care-tier-ii,University of Utah School of Medicine,Utah,,,,89
Engaging Colorado Families for Healthy Pregnancies - Tier II,https://www.pcori.org/research-results/2015/engaging-colorado-families-healthy-pregnancies-tier-ii,Denver Health,Colorado,,,,89
Lowering Barriers to Access HIV Care in a Geographically and Economically Diverse Area - Tier II,https://www.pcori.org/research-results/2015/lowering-barriers-access-hiv-care-geographically-and-economically-diverse-area-tier-ii,Loma Linda University,California,,,,89
Building Capacity for Novel Screening Delivery for Chronic Conditions for Miners in New Mexico - Tier II,https://www.pcori.org/research-results/2015/building-capacity-novel-screening-delivery-chronic-conditions-miners-new-mexico-tier-ii,Miners' Colfax Medical Center,New Mexico,,,,89
Improving the Lives of Alzheimer's Patients and Their Caregivers: A Patient Centered Statewide Approach - Tier II,https://www.pcori.org/research-results/2015/improving-lives-alzheimers-patients-and-their-caregivers-patient-centered-statewide-approach-tier-ii,Billings Clinic Center for Clinical Translational Research,Montana,,,,89
Empowering Patients and Their Families to Improve Outcomes That Are Most Important to Them after Surgery and Other Therapies for Lung Cancer - Tier II,https://www.pcori.org/research-results/2015/empowering-patients-and-their-families-improve-outcomes-are-most-important-them-after-surgery-and-other-therapies-lung-cancer-tier-ii,"UC Davis Medical Center, Section of General Thoracic Surgery",California,,,,89
"Reducing Health Disparities in Lesbian, Gay, Bisexual, Transgender, and Queer Patient Populations - Tier II",https://www.pcori.org/research-results/2015/reducing-health-disparities-lesbian-gay-bisexual-transgender-and-queer-patient-populations-tier-ii,University of New Mexico Health Sciences Center,New Mexico,,,,89
The Patient-Centered Primary Care Council in the Highland Hospital Adult Medicine Clinic: Strengthening Primary Care Together - Tier II,https://www.pcori.org/research-results/2015/patient-centered-primary-care-council-highland-hospital-adult-medicine-clinic-strengthening-primary-care-together-tier-ii,"Patient-Centered Primary Care (PCPC) Team, K-6 Adult Medicine Clinic, Highland Hospital",California,,,,90
Sepsis Survivors Engagement Project (SSEP) - Tier II,https://www.pcori.org/research-results/2015/sepsis-survivors-engagement-project-ssep-tier-ii,Loma Linda University Center for Comparative Effectiveness and Outcomes Research,California,,,,90
Improving Early Detection of Stomach Cancer Among Asian Pacific Americans - Tier II,https://www.pcori.org/research-results/2015/improving-early-detection-stomach-cancer-among-asian-pacific-americans-tier-ii,Korean Women's Association,Washington,,,,90
Supporting Latino Families with Children with Spina Bifida - Tier II,https://www.pcori.org/research-results/2015/supporting-latino-families-children-spina-bifida-tier-ii,Spina Bifida San Diego (University of San Diego as Fiscal Agent),California,,,,90
Improving the Quality of Care for the Wyoming Parkinson's Disease Community - Tier II,https://www.pcori.org/research-results/2015/improving-quality-care-wyoming-parkinsons-disease-community-tier-ii,Cheyenne Wyoming Parkinson's Disease Support Group,Wyoming,,,,90
The Hispanic Family Asthma Outcomes Research Network - Tier II,https://www.pcori.org/research-results/2015/hispanic-family-asthma-outcomes-research-network-tier-ii,"Nuestra Salud, LLC",New Mexico,,,,90
Project ACCCES: A Collaboration to develop Capacity for Community Engaged research in Springfield,https://www.pcori.org/research-results/2015/project-accces-collaboration-develop-capacity-community-engaged-research-springfield,Baystate Medical Center,Massachusetts,,,,90
Comparing Ways to Improve Prescribing of Colony-Stimulating Factor in Cancer Treatment -- The TrACER Study,https://www.pcori.org/research-results/2015/comparing-ways-improve-prescribing-colony-stimulating-factor-cancer-treatment-tracer-study,Fred Hutchinson Cancer Center,Washington,,,,90
Comparing Less Versus More Frequent CT Scans to Diagnose Lung Cancer Early -- The Watch the Spot Trial,https://www.pcori.org/research-results/2015/comparing-less-versus-more-frequent-ct-scans-diagnose-lung-cancer-early-watch-spot-trial,Kaiser Foundation Research Institute,California,,,,90
Comparing Two Types of Breast Cancer Screening Approaches -- The WISDOM Study,https://www.pcori.org/research-results/2015/comparing-two-types-breast-cancer-screening-approaches-wisdom-study,"University of California, San Francisco",California,,,,90
Comparing a Care Program and Usual Care to Help Patients Transition Home from the Hospital after a Stroke -- The COMPASS Study,https://www.pcori.org/research-results/2015/comparing-care-program-and-usual-care-help-patients-transition-home-hospital-after-stroke-compass-study,Wake Forest University Health Sciences,North Carolina,,,,90
Comparing Ways to Treat Low Back Pain and Prevent Chronic Pain and Disability -- The TARGET Trial,https://www.pcori.org/research-results/2015/comparing-ways-treat-low-back-pain-and-prevent-chronic-pain-and-disability-target-trial,University of Pittsburgh,Pennsylvania,,,,90
Care Align Initiative: A Pilot Project on Coordination of Care for Frail Elderly,https://www.pcori.org/research-results/2014/care-align-initiative-pilot-project-coordination-care-frail-elderly,New York University School of Medicine,New York,,,,90
Stakeholders' Substance Use Research and Treatment Information Exchange (SSURTIE),https://www.pcori.org/research-results/2014/stakeholders-substance-use-research-and-treatment-information-exchange-ssurtie,University of California at Los Angeles,California,,,,90
Broadening Stakeholder Involvement in Behavioral Health Research,https://www.pcori.org/research-results/2014/broadening-stakeholder-involvement-behavioral-health-research,Yale University,Connecticut,,,,90
Developing a Research Participation Enhancement and Advocacy Training Program for Diverse Seniors,https://www.pcori.org/research-results/2014/developing-research-participation-enhancement-and-advocacy-training-program-diverse-seniors,"Emory University, Office of Sponsored Programs",Georgia,,,,90
"Developing and Testing ""Best Practices"" in Training for Academic/Community Research Partnerships",https://www.pcori.org/research-results/2014/developing-and-testing-best-practices-training-academiccommunity-research-partnerships,University of Arkansas for Medical Sciences,Arkansas,,,,90
Community-Based Participatory Research (CBPR) for African-American Patients with Serious Mental Illness,https://www.pcori.org/research-results/2014/community-based-participatory-research-cbpr-african-american-patients-serious-mental-illness,Illinois Institute of Technology,Illinois,,,,90
Enhancing Health Insurance Plan Leadership Engagement and Communication with PCORI,https://www.pcori.org/research-results/2014/enhancing-health-insurance-plan-leadership-engagement-and-communication-pcori,America's Health Insurance Plans,District of Columbia,,,,90
Tennessee Sickle Cell Disease Network Project,https://www.pcori.org/research-results/2014/tennessee-sickle-cell-disease-network-project,Vanderbilt University,Tennessee,,,,90
Evaluating Feasibility & Requirements for Expanded Health Plan-based Ready Rapid Cycle Research Capacity,https://www.pcori.org/research-results/2014/evaluating-feasibility-requirements-expanded-health-plan-based-ready-rapid-cycle-research-capacity,America's Health Insurance Plans,District of Columbia,,,,90
Engaging the Women's Health and Research Community in PCORI's Women's Health Research Focus,https://www.pcori.org/research-results/2014/engaging-womens-health-and-research-community-pcoris-womens-health-research-focus,Healthy Women,New Jersey,,,,90
Conference on Statistical Issues in Pragmatic Clinical Trials,https://www.pcori.org/research-results/2014/conference-statistical-issues-pragmatic-clinical-trials,University of Pennsylvania,Pennsylvania,,,,90
7th Annual Conference on Science of Dissemination & Implementation,https://www.pcori.org/research-results/2014/7th-annual-conference-science-dissemination-implementation,AcademyHealth,District of Columbia,,,,90
Engaging PCORI Priority Stakeholders Through the Society of General Internal Medicine,https://www.pcori.org/research-results/2014/engaging-pcori-priority-stakeholders-through-society-general-internal-medicine,Society of General Internal Medicine,Virginia,,,,90
"Summit on Advanced Illness Care: Driving Change through Leadership, Evidence, and Action",https://www.pcori.org/research-results/2014/summit-advanced-illness-care-driving-change-through-leadership-evidence-and-action,Coalition to Transform Advanced Care,District of Columbia,,,,91
Testing a Program to Increase Patient Activation among Patients Prescribed Opioid Medicine for Chronic Pain,https://www.pcori.org/research-results/2014/testing-program-increase-patient-activation-among-patients-prescribed-opioid-medicine-chronic-pain,Kaiser Foundation Research Institute,California,,,,91
Creating Survey Questions to Measure Important Aspects of Health for People Living with HIV,https://www.pcori.org/research-results/2014/creating-survey-questions-measure-important-aspects-health-people-living-hiv,University of Washington,Washington,,,,91
Comparing Clinician-Collected and Self-Collected Tests for Detecting High-Risk HPV Infection among Female-to-Male Transgender Adults,https://www.pcori.org/research-results/2014/comparing-clinician-collected-and-self-collected-tests-detecting-high-risk-hpv-infection-among-female-male-transgender-adults,Fenway Community Health Center,Massachusetts,,,,91
Bladder Cancer Patient Survey Network for Research Prioritization,https://www.pcori.org/research-results/2014/bladder-cancer-patient-survey-network-research-prioritization,Bladder Cancer Advocacy Network,Maryland,,,,91
Developing Measures of Pain Appraisal and Pain-Related Self-Efficacy for People Living with Chronic Pain,https://www.pcori.org/research-results/2014/developing-measures-pain-appraisal-and-pain-related-self-efficacy-people-living-chronic-pain,University of Washington,Washington,,,,91
Engaging Peers in Comparative Effectiveness Research,https://www.pcori.org/research-results/2014/engaging-peers-comparative-effectiveness-research,"Boston VA Research Institute, Inc.",Massachusetts,,,,91
The Alabama Initiative for Integrated Primary Care-Behavioral Health Services (ALHEALTH),https://www.pcori.org/research-results/2014/alabama-initiative-integrated-primary-care-behavioral-health-services-alhealth,The University of Alabama,Alabama,,,,91
Initiative to Support Patient Involvement in Research (INSPIRE),https://www.pcori.org/research-results/2014/initiative-support-patient-involvement-research-inspire,University of Washington,Washington,,,,91
Developing Sets of Survey Questions to Measure Children's Sleep Health,https://www.pcori.org/research-results/2014/developing-sets-survey-questions-measure-childrens-sleep-health,The Childrens' Hospital of Philadelphia,Pennsylvania,,,,91
Using Surveys to Assess Patient-Centered Factors that May Affect Responses to Chronic Pain Treatment,https://www.pcori.org/research-results/2014/using-surveys-assess-patient-centered-factors-may-affect-responses-chronic-pain-treatment,University of Pittsburgh,Pennsylvania,,,,91
Franciscan Helps Families Connect (FHFC),https://www.pcori.org/research-results/2014/franciscan-helps-families-connect-fhfc,Franciscan Hospital for Children,Massachusetts,,,,91
Measuring Physicians' Opinions of CER to Strengthen Its Role in Patient-Centered Care,https://www.pcori.org/research-results/2014/measuring-physicians-opinions-cer-strengthen-its-role-patient-centered-care,American College of Physicians,Pennsylvania,,,,91
Comparing Procedures for Improving Symptoms of Uterine Fibroids -- The COMPARE-UF Study,https://www.pcori.org/research-results/2014/comparing-procedures-improving-symptoms-uterine-fibroids-compare-uf-study,Duke University,North Carolina,,,,91
Developing a Process to Help Community Stakeholder Organizations Set Research Agendas,https://www.pcori.org/research-results/2014/developing-process-help-community-stakeholder-organizations-set-research-agendas,University of Oklahoma Health Sciences Center,Oklahoma,,,,91
Comparing Pain Management for Sickle Cell Disease Crises in Emergency Rooms and Infusion Centers,https://www.pcori.org/research-results/2014/comparing-pain-management-sickle-cell-disease-crises-emergency-rooms-and-infusion-centers,Johns Hopkins University,Maryland,,,,91
Comparing Interview and Focus Group Data Collected in Person and Online,https://www.pcori.org/research-results/2014/comparing-interview-and-focus-group-data-collected-person-and-online,Family Health International,North Carolina,,,,91
Comparing Two Restrictive Diets for Treating Eosinophilic Esophagitis in Children,https://www.pcori.org/research-results/2014/comparing-two-restrictive-diets-treating-eosinophilic-esophagitis-children,Cincinnati Children's Hospital Medical Center,Ohio,,,,91
Testing a Peer-Support Program for Parents of Infants Going Home from the NICU,https://www.pcori.org/research-results/2014/testing-peer-support-program-parents-infants-going-home-nicu,Children's National Medical Center,District of Columbia,,,,91
Comparing a Smartphone Program with a Peer-Led Program to Help People with Serious Mental Illness Manage Their Symptoms,https://www.pcori.org/research-results/2014/comparing-smartphone-program-peer-led-program-help-people-serious-mental-illness-manage-their-symptoms,University of Washington,Washington,,,,91
Statistical Methods to Preserve Patient Privacy When Sharing and Analyzing Data,https://www.pcori.org/research-results/2014/statistical-methods-preserve-patient-privacy-when-sharing-and-analyzing-data,"Harvard Pilgrim Health Care ,Inc.",Massachusetts,,,,91
Testing a Program for Increasing Healthy Behaviors among Black Men,https://www.pcori.org/research-results/2014/testing-program-increasing-healthy-behaviors-among-black-men,"Gramercy Research Group, LLC.",North Carolina,,,,91
Using Numbers in a Decision Aid to Describe Risks and Benefits of Colorectal Cancer Screening Options,https://www.pcori.org/research-results/2014/using-numbers-decision-aid-describe-risks-and-benefits-colorectal-cancer-screening-options,Indiana University,Indiana,,,,91
Comparing Groups of Care Transition Strategies to Improve Care -- The ACHIEVE Study,https://www.pcori.org/research-results/2014/comparing-groups-care-transition-strategies-improve-care-achieve-study,University of Kentucky,Kentucky,,,,91
Creating a Manual to Better Define Rehabilitation Treatments,https://www.pcori.org/research-results/2014/creating-manual-better-define-rehabilitation-treatments,Albert Einstein Healthcare Network,Pennsylvania,,,,91
Methods for Comparing Treatments Using Different Ways of Grouping Patients,https://www.pcori.org/research-results/2014/methods-comparing-treatments-using-different-ways-grouping-patients,"University of California, San Francisco",California,,,,92
New Statistical Methods to Assess How Patients with Different Traits Respond to the Same Treatment,https://www.pcori.org/research-results/2014/new-statistical-methods-assess-how-patients-different-traits-respond-same-treatment,University of Miami School of Medicine,Florida,,,,92
Methods to Assess the Effect of Dynamic Treatment Regimens Using Electronic Health Records,https://www.pcori.org/research-results/2014/methods-assess-effect-dynamic-treatment-regimens-using-electronic-health-records,Kaiser Foundation Research Institute,California,,,,92
Engaging Patients and Clinicians to Determine Design Features of N-of-1 Trials,https://www.pcori.org/research-results/2014/engaging-patients-and-clinicians-determine-design-features-n-1-trials,Columbia University Medical Center,New York,,,,92
Testing a Health Coaching Program to Help Patients with Obesity Lose Weight -- The PROPEL Study,https://www.pcori.org/research-results/2014/testing-health-coaching-program-help-patients-obesity-lose-weight-propel-study,Pennington Biomedical Research Center,Louisiana,,,,92
Comparing Group and Individual Acupuncture Therapy for Treating Chronic Pain among Ethnically Diverse Patients with Low Incomes -- AADDOPT-2,https://www.pcori.org/research-results/2014/comparing-group-and-individual-acupuncture-therapy-treating-chronic-pain-among-ethnically-diverse-patients-low-incomes-aaddopt-2,Albert Einstein College of Medicine,New York,,,,92
Creating and Testing Methods to Estimate Treatment Effect in Observational Studies with Three or More Treatments,https://www.pcori.org/research-results/2014/creating-and-testing-methods-estimate-treatment-effect-observational-studies-three-or-more-treatments,Brown University,Rhode Island,,,,92
Does Sharing Patient-Reported Outcomes with Doctors Improve Patient Symptoms?,https://www.pcori.org/research-results/2014/does-sharing-patient-reported-outcomes-doctors-improve-patient-symptoms,Indiana University,Indiana,,,,92
Having Patients and Providers Identify Meaningful Changes in Rheumatoid Arthritis Symptoms,https://www.pcori.org/research-results/2014/having-patients-and-providers-identify-meaningful-changes-rheumatoid-arthritis-symptoms,Johns Hopkins University,Maryland,,,,92
Testing a Way to Keep Staph Infections from Recurring,https://www.pcori.org/research-results/2014/testing-way-keep-staph-infections-recurring,"Clinical Directors Network, Inc.",New York,,,,92
Using Patient-Reported Outcome Measures during Routine Care of Patients with Type 2 Diabetes,https://www.pcori.org/research-results/2014/using-patient-reported-outcome-measures-during-routine-care-patients-type-2-diabetes,National Committee for Quality Assurance,District of Columbia,,,,92
Adding a Physical Activity Program with Coaching to Usual Care for Patients with COPD,https://www.pcori.org/research-results/2014/adding-physical-activity-program-coaching-usual-care-patients-copd,Kaiser Foundation Research Institute,California,,,,92
Comparing Online Care with In-Person Care for Patients with Psoriasis,https://www.pcori.org/research-results/2014/comparing-online-care-person-care-patients-psoriasis,University of Southern California,California,,,,92
Comparing Communication Training Programs for Cancer Doctors,https://www.pcori.org/research-results/2014/comparing-communication-training-programs-cancer-doctors,Dana-Farber Cancer Institute,Massachusetts,,,,92
Understanding and Improving Informed Consent for Clinical Trials during Health Emergencies,https://www.pcori.org/research-results/2014/understanding-and-improving-informed-consent-clinical-trials-during-health-emergencies,Emory University,Georgia,,,,92
Comparing Ways to Support Shared Decision Making about Birth Control Methods during Healthcare Visits,https://www.pcori.org/research-results/2014/comparing-ways-support-shared-decision-making-about-birth-control-methods-during-healthcare-visits,Dartmouth College,New Hampshire,,,,92
Testing a Clinic-Based Program to Reduce Risky Behaviors among Teens,https://www.pcori.org/research-results/2014/testing-clinic-based-program-reduce-risky-behaviors-among-teens,Seattle Children's Hospital,Washington,,,,92
Designing and Testing a Visit Planner to Help Patients Address Their Top Concerns during Healthcare Visits,https://www.pcori.org/research-results/2014/designing-and-testing-visit-planner-help-patients-address-their-top-concerns-during-healthcare-visits,Kaiser Foundation Research Institute,California,,,,92
Comparing Stopping Versus Continuing Use of Tumor Necrosis Factor Inhibitors in Adults with Rheumatoid Arthritis in Remission -- The STARA Study,https://www.pcori.org/research-results/2014/comparing-stopping-versus-continuing-use-tumor-necrosis-factor-inhibitors-adults-rheumatoid-arthritis-remission-stara-study,Georgetown University,District of Columbia,,,,92
Comparing Acupuncture and Cognitive Behavioral Therapy to Treat Insomnia among Cancer Survivors -- The CHOICE Trial,https://www.pcori.org/research-results/2014/comparing-acupuncture-and-cognitive-behavioral-therapy-treat-insomnia-among-cancer-survivors-choice-trial,Sloan Kettering Institute for Cancer Research,New York,,,,92
Monitoring Oxygen Levels of Premature Babies at Home and in the Clinic -- The RHO Trial,https://www.pcori.org/research-results/2014/monitoring-oxygen-levels-premature-babies-home-and-clinic-rho-trial,University of Massachusetts Medical School,Massachusetts,,,,92
Comparing Entry Sites for Cerebrospinal Fluid Shunts in Children with Hydrocephalus,https://www.pcori.org/research-results/2014/comparing-entry-sites-cerebrospinal-fluid-shunts-children-hydrocephalus,Baylor College of Medicine,Texas,,,,92
Developing an Item Bank of Survey Questions to Measure Women's Experiences with Childbirth in Hospitals,https://www.pcori.org/research-results/2014/developing-item-bank-survey-questions-measure-womens-experiences-childbirth-hospitals,Cedars Sinai Medical Center,California,,,,92
Assessing Support for Medicine Decision Making for Youth with ADHD Who Receive Therapy,https://www.pcori.org/research-results/2014/assessing-support-medicine-decision-making-youth-adhd-who-receive-therapy,CASAColumbia,New York,,,,92
Evaluating Two Rehab Approaches for Patients with Traumatic Brain Injury,https://www.pcori.org/research-results/2014/evaluating-two-rehab-approaches-patients-traumatic-brain-injury,Ohio State University College of Medicine,Ohio,,,,92
Comparing Two Ways to Help Latinx Patients with Depression Who Are Age 50 or Older,https://www.pcori.org/research-results/2014/comparing-two-ways-help-latinx-patients-depression-who-are-age-50-or-older,University of Southern California,California,,,,93
Testing a Program to Help Monitor Chronic Hepatitis B among Asian-American Patients,https://www.pcori.org/research-results/2014/testing-program-help-monitor-chronic-hepatitis-b-among-asian-american-patients,Temple University,Pennsylvania,,,,93
Using Question Prompt Lists to Help Youth with Asthma Get More Involved in Clinic Visits,https://www.pcori.org/research-results/2014/using-question-prompt-lists-help-youth-asthma-get-more-involved-clinic-visits,The University of North Carolina at Chapel Hill,North Carolina,,,,93
Comparing Three Ways to Offer a Weight Management Program to Patients Living in Rural Areas -- The RE-POWER Study,https://www.pcori.org/research-results/2014/comparing-three-ways-offer-weight-management-program-patients-living-rural-areas-re-power-study,University of Kansas Medical Center Research,Kansas,,,,93
Comparing the Effects of Different Prostate Cancer Treatments on Quality of Life and Cancer Recurrence -- NC ProCESS,https://www.pcori.org/research-results/2014/comparing-effects-different-prostate-cancer-treatments-quality-life-and-cancer-recurrence-nc-process,University of North Carolina at Chapel Hill,North Carolina,,,,93
Integrating Patient-Centered Outcomes Research into Hospital CHNAs,https://www.pcori.org/research-results/2014/integrating-patient-centered-outcomes-research-hospital-chnas,Health Research and Educational Trust,Illinois,,,,93
"Comparing Two Ways to Treat Serious Worry among Older Adults from Underserved, Racial or Ethnic Minority Communities",https://www.pcori.org/research-results/2014/comparing-two-ways-treat-serious-worry-among-older-adults-underserved-racial-or-ethnic-minority-communities,Baylor College of Medicine,Texas,,,,93
"Self-Management of Urinary Symptoms Using a Probiotic in People with Spinal Cord Injuries, Spina Bifida, and Multiple Sclerosis",https://www.pcori.org/research-results/2014/self-management-urinary-symptoms-using-probiotic-people-spinal-cord-injuries-spina-bifida-and-multiple-sclerosis,MedStar Health Research Institute,Maryland,,,,93
Does a Community Education Program Help Increase Early Hospital Arrival and Ambulance Use for Patients Who Experience Stroke? -- The CEERIAS Study,https://www.pcori.org/research-results/2014/does-community-education-program-help-increase-early-hospital-arrival-and-ambulance-use-patients-who-experience-stroke-ceerias-study,Northwestern University at Chicago,Illinois,,,,93
Developing and Testing a Type 2 Diabetes Education Program Adapted for Marshallese Culture,https://www.pcori.org/research-results/2014/developing-and-testing-type-2-diabetes-education-program-adapted-marshallese-culture,University of Arkansas for Medical Sciences,Arkansas,,,,93
Comparing Two Ways to Help African Americans Who Are Non-Daily Smokers Quit Smoking,https://www.pcori.org/research-results/2014/comparing-two-ways-help-african-americans-who-are-non-daily-smokers-quit-smoking,"University of Kansas Medical Center Research Institute, Inc.",Kansas,,,,93
Collaborative Goal Setting with or without Community Health Worker Support for Patients with Multiple Chronic Conditions,https://www.pcori.org/research-results/2014/collaborative-goal-setting-or-without-community-health-worker-support-patients-multiple-chronic-conditions,University of Pennsylvania,Pennsylvania,,,,93
Comparing Medicine Combinations Used to Treat Schizophrenia,https://www.pcori.org/research-results/2014/comparing-medicine-combinations-used-treat-schizophrenia,Columbia University Health Sciences,New York,,,,93
Effectiveness of a Home-Based Exercise Program on Walking Ability in Patients with Peripheral Artery Disease -- The HONOR Trial,https://www.pcori.org/research-results/2014/effectiveness-home-based-exercise-program-walking-ability-patients-peripheral-artery-disease-honor-trial,Northwestern University,Illinois,,,,93
Using an Online Program to Increase Patients' Confidence in Managing Scleroderma,https://www.pcori.org/research-results/2014/using-online-program-increase-patients-confidence-managing-scleroderma,University of New Mexico Health Sciences Center,New Mexico,,,,93
Comparing Treatments for Improving Physical Function in Patients Who Had Knee Replacement Surgery,https://www.pcori.org/research-results/2014/comparing-treatments-improving-physical-function-patients-who-had-knee-replacement-surgery,University of Pittsburgh at Pittsburgh,Pennsylvania,,,,93
Comparing Early Rehab Therapy with Usual Care for Children with Acute Brain Injuries,https://www.pcori.org/research-results/2014/comparing-early-rehab-therapy-usual-care-children-acute-brain-injuries,University of Pittsburgh at Pittsburgh,Pennsylvania,,,,93
Comparing Two Treatments for Depression among Patients with Kidney Failure Receiving Hemodialysis -- The ASCEND Study,https://www.pcori.org/research-results/2014/comparing-two-treatments-depression-among-patients-kidney-failure-receiving-hemodialysis-ascend-study,University of Washington,Washington,,,,93
Testing a Peer Support Program That Helps Older Adults Age in Their Own Homes,https://www.pcori.org/research-results/2014/testing-peer-support-program-helps-older-adults-age-their-own-homes,University of Wisconsin–Madison,Wisconsin,,,,93
Comparing Three Ways to Improve Quality of Life for Patients with Kidney Disease and Their Caregivers,https://www.pcori.org/research-results/2014/comparing-three-ways-improve-quality-life-patients-kidney-disease-and-their-caregivers,Pennsylvania State University Hershey Medical Center,Pennsylvania,,,,93
Using Graphic Novels when Choosing Treatment for Alcohol Use Disorder,https://www.pcori.org/research-results/2014/using-graphic-novels-when-choosing-treatment-alcohol-use-disorder,Public Health Management Corporation,Pennsylvania,,,,93
Supporting Shared Decision Making for Patients with Heart Failure Offered a Left Ventricular Assist Device -- The DECIDE-LVAD Trial,https://www.pcori.org/research-results/2014/supporting-shared-decision-making-patients-heart-failure-offered-left-ventricular-assist-device-decide-lvad-trial,University of Colorado Denver,Colorado,,,,93
Comparing Programs to Support Stroke Survivors and Their Caregivers during the Transition Home from the Hospital or a Rehabilitation Facility -- The MISTT Study,https://www.pcori.org/research-results/2014/comparing-programs-support-stroke-survivors-and-their-caregivers-during-transition-home-hospital-or-rehabilitation-facility-mistt-study,Michigan State University,Michigan,,,,93
Training Doctors to Discuss Goals of Care with Patients Who Have Advanced Cancer,https://www.pcori.org/research-results/2014/training-doctors-discuss-goals-care-patients-who-have-advanced-cancer,Mount Sinai School of Medicine,New York,,,,93
Effect of Integrating Mental and Physical Health on Patients' Experiences of Care,https://www.pcori.org/research-results/2014/effect-integrating-mental-and-physical-health-patients-experiences-care,Providence Portland Medical Center,Oregon,,,,93
Testing a Program with Nurse Coaching and Fitness-Tracking Devices to Help Patients Increase Confidence in Managing Diabetes,https://www.pcori.org/research-results/2014/testing-program-nurse-coaching-and-fitness-tracking-devices-help-patients-increase-confidence-managing-diabetes,"The Regents of the University of California, Davis",California,,,,94
Use of Healthcare Services among Children with Disabilities Enrolled in an Accountable Care Organization,https://www.pcori.org/research-results/2014/use-healthcare-services-among-children-disabilities-enrolled-accountable-care-organization,The University of North Carolina at Chapel Hill,North Carolina,,,,94
Assessing Patient Activation and Engagement Activities at Primary Care Clinics within Accountable Care Organizations,https://www.pcori.org/research-results/2014/assessing-patient-activation-and-engagement-activities-primary-care-clinics-within-accountable-care-organizations,"University of California, Berkeley",California,,,,94
Comparing Statistical Models That Predict if Patients Will Take a New Medicine as Directed,https://www.pcori.org/research-results/2014/comparing-statistical-models-predict-if-patients-will-take-new-medicine-directed,Brigham and Women's Hospital,Massachusetts,,,,94
How Do Patients Feel about Sharing and Linking Health Data for Research?,https://www.pcori.org/research-results/2014/how-do-patients-feel-about-sharing-and-linking-health-data-research,Duke University,North Carolina,,,,94
New Methods to Protect Privacy When Using Patient Health Data to Compare Treatments,https://www.pcori.org/research-results/2014/new-methods-protect-privacy-when-using-patient-health-data-compare-treatments,Emory University,Georgia,,,,94
Testing a New Software Program for Data Abstraction in Systematic Reviews,https://www.pcori.org/research-results/2014/testing-new-software-program-data-abstraction-systematic-reviews,Johns Hopkins University,Maryland,,,,94
"Are Shorter Informed Consent Discussions, Compared with Longer Written Forms, Acceptable to Patients for Low-Risk Comparative Studies?",https://www.pcori.org/research-results/2014/are-shorter-informed-consent-discussions-compared-longer-written-forms-acceptable-patients-low-risk-comparative-studies,Johns Hopkins University,Maryland,,,,94
Including Patient Preferences to Assess the Balance of Benefits and Harms of Treatment Options for People with Multiple Chronic Conditions,https://www.pcori.org/research-results/2014/including-patient-preferences-assess-balance-benefits-and-harms-treatment-options-people-multiple-chronic-conditions,Johns Hopkins University School of Medicine,Maryland,,,,94
Developing a Survey with Patient and Caregiver Input that Measures the Quality of Care Transitions from Hospital to Home,https://www.pcori.org/research-results/2014/developing-survey-patient-and-caregiver-input-measures-quality-care-transitions-hospital-home,University of Massachusetts Medical School,Massachusetts,,,,94
Developing New Methods that Estimate if Treatment Reduces the Risk of Death in Observational Studies,https://www.pcori.org/research-results/2014/developing-new-methods-estimate-if-treatment-reduces-risk-death-observational-studies,University of Pennsylvania,Pennsylvania,,,,94
Comparing Three Ways of Involving Patients with Low Back Pain in Setting Research Priorities -- SMARTER,https://www.pcori.org/research-results/2014/comparing-three-ways-involving-patients-low-back-pain-setting-research-priorities-smarter,University of Washington,Washington,,,,94
Developing a Method for Engaging People in Setting Research Agendas,https://www.pcori.org/research-results/2014/developing-method-engaging-people-setting-research-agendas,Virginia Commonwealth University,Virginia,,,,94
Enhancing Community Health Center PCORI Engagement,https://www.pcori.org/research-results/2014/enhancing-community-health-center-pcori-engagement,"Clinical Directors Network, Inc.",New York,,,,94
Engaging Patients and Providers in Patient-Centered Outcomes Research Training (EPPiPCORT),https://www.pcori.org/research-results/2014/engaging-patients-and-providers-patient-centered-outcomes-research-training-eppipcort,North American Primary Care Research Group,Kansas,,,,94
National Association of Medicaid Directors: Engaging Medicaid Clinical Leaders,https://www.pcori.org/research-results/2014/national-association-medicaid-directors-engaging-medicaid-clinical-leaders,National Association of Medicaid Directors,District of Columbia,,,,94
Core Outcomes Sets in Effectiveness Trials: A Multi-Stakeholder Training and Development Workshop,https://www.pcori.org/research-results/2014/core-outcomes-sets-effectiveness-trials-multi-stakeholder-training-and-development-workshop,Center for Medical Technology Policy,Maryland,,,,94
PCOR New Medical Products Project: Strengthening Patient Voices on Research Criteria,https://www.pcori.org/research-results/2014/pcor-new-medical-products-project-strengthening-patient-voices-research-criteria,National Center for Health Research,District of Columbia,,,,94
Preventing Serious Falls among Older Adults -- The STRIDE Study,https://www.pcori.org/research-results/2014/preventing-serious-falls-among-older-adults-stride-study,Partners Healthcare Brigham and Women's Hospital,Massachusetts,,,,94
PCORnet Coordinating Center Phase I (Harvard Pilgrim Health Care),https://www.pcori.org/research-results/2013/pcornet-coordinating-center-phase-i-harvard-pilgrim-health-care,"Harvard Pilgrim Health Care, Inc.",Massachusetts,,,,94
Comparing Ways to Ask Patients about Sexual Orientation and Gender Identity in the Emergency Room -- The EQUALITY Study,https://www.pcori.org/research-results/2013/comparing-ways-ask-patients-about-sexual-orientation-and-gender-identity-emergency-room-equality-study,Partners Healthcare Brigham and Women's Hospital,Massachusetts,,,,94
Using Computer Alert Systems in the Emergency Room to Screen for Child Abuse,https://www.pcori.org/research-results/2013/using-computer-alert-systems-emergency-room-screen-child-abuse,University of Pittsburgh,Pennsylvania,,,,94
Testing Tablet-Based Software to Help Reduce Hospice Patients' Pain,https://www.pcori.org/research-results/2013/testing-tablet-based-software-help-reduce-hospice-patients-pain,University of Illinois at Chicago,Illinois,,,,94
Evaluating a Program to Lower Prescription Opioid Doses for Patients with Chronic Pain,https://www.pcori.org/research-results/2013/evaluating-program-lower-prescription-opioid-doses-patients-chronic-pain,Kaiser Foundation Health Plan of Washington,Washington,,,,94
Training Staff at Doctors' Offices to Use Shared Decision Making with Patients Choosing Asthma Treatments,https://www.pcori.org/research-results/2013/training-staff-doctors-offices-use-shared-decision-making-patients-choosing-asthma-treatments,Atrium Health,North Carolina,,,,94
"The Role of Multidisciplinary Care Planning on Survival, Care Quality, and Satisfaction for Patients with Lung Cancer",https://www.pcori.org/research-results/2013/role-multidisciplinary-care-planning-survival-care-quality-and-satisfaction-patients-lung-cancer,Baptist Memorial Health Care Foundation,Tennessee,,,,95
Does a Video Chat Referral Process Help Families with Children Who Have Medicaid to Initiate Mental Health Care?,https://www.pcori.org/research-results/2013/does-video-chat-referral-process-help-families-children-who-have-medicaid-initiate-mental-health-care,Seattle Children's Research Institute,Washington,,,,95
Is Breast MRI Better at Finding Second Breast Cancers than Mammograms Alone for Breast Cancer Survivors?,https://www.pcori.org/research-results/2013/breast-mri-better-finding-second-breast-cancers-mammograms-alone-breast-cancer-survivors,Kaiser Permanente Washington Health Research Institute,Washington,,,,95
Can an Online Program Help Women with a History of Preeclampsia Reduce Their Risk of Heart Disease?,https://www.pcori.org/research-results/2013/can-online-program-help-women-history-preeclampsia-reduce-their-risk-heart-disease,Partners Healthcare Brigham and Women's Hospital,Massachusetts,,,,95
Peer-Navigator Support for Latinx Patients with Serious Mental Illness,https://www.pcori.org/research-results/2013/peer-navigator-support-latinx-patients-serious-mental-illness,Illinois Institute of Technology,Illinois,,,,95
Using a Program to Lower Stress for Caregivers of Patients with Cancer Who Have Received Stem Cell Transplants,https://www.pcori.org/research-results/2013/using-program-lower-stress-caregivers-patients-cancer-who-have-received-stem-cell-transplants,University of Colorado Denver,Colorado,,,,95
How Do Preferences for Treatment Change after Patients with Lung Cancer Start Chemotherapy?,https://www.pcori.org/research-results/2013/how-do-preferences-treatment-change-after-patients-lung-cancer-start-chemotherapy,University of Nebraska Medical Center,Nebraska,,,,95
Comparing Ways to Increase Hepatitis B and C Screening among Asian Americans,https://www.pcori.org/research-results/2013/comparing-ways-increase-hepatitis-b-and-c-screening-among-asian-americans,"University of California, San Francisco",California,,,,95
Measuring How Well Patients with Colorectal Cancer and Their Doctors Communicate,https://www.pcori.org/research-results/2013/measuring-how-well-patients-colorectal-cancer-and-their-doctors-communicate,RTI International,North Carolina,,,,95
Understanding Caregiver Preferences for Treating Children with Intellectual and Cognitive Disabilities and a Mental Illness,https://www.pcori.org/research-results/2013/understanding-caregiver-preferences-treating-children-intellectual-and-cognitive-disabilities-and-mental-illness,"University of Maryland, Baltimore",Maryland,,,,95
A Patient Decision Aid to Help Heavy Smokers Make Decisions about Lung Cancer Screening,https://www.pcori.org/research-results/2013/patient-decision-aid-help-heavy-smokers-make-decisions-about-lung-cancer-screening,University of Texas MD Anderson Cancer Center,Texas,,,,95
Methods for Improving Confounding Control in Comparative Effectiveness Research Using Electronic Healthcare Databases,https://www.pcori.org/research-results/2013/methods-improving-confounding-control-comparative-effectiveness-research-using-electronic-healthcare-databases,Partners Healthcare Brigham and Women's Hospital,Massachusetts,,,,95
Developing Software for Using Bayesian Regression to Evaluate Heterogeneity of Treatment Effects in Data from Randomized Controlled Trials,https://www.pcori.org/research-results/2013/developing-software-using-bayesian-regression-evaluate-heterogeneity-treatment-effects-data-randomized-controlled-trials,Johns Hopkins University,Maryland,,,,95
Evaluating the Impact of a User-Friendly Report of Genetic Testing Results for Parents of Children with Genetic Disorders,https://www.pcori.org/research-results/2013/evaluating-impact-user-friendly-report-genetic-testing-results-parents-children-genetic-disorders,Weis Center For Research-Geisinger Clinic,Pennsylvania,,,,95
Helping Older Adults Assess Their Need for Future Home-Support Services,https://www.pcori.org/research-results/2013/helping-older-adults-assess-their-need-future-home-support-services,Northwestern University at Chicago,Illinois,,,,95
Comparing Calorie Counting versus MyPlate Recommendations for Weight Loss,https://www.pcori.org/research-results/2013/comparing-calorie-counting-versus-myplate-recommendations-weight-loss,University of California Los Angeles,California,,,,95
Does Working with a Health Coach Help Patients with COPD Improve Their Quality of Life and Breathe Easier?,https://www.pcori.org/research-results/2013/does-working-health-coach-help-patients-copd-improve-their-quality-life-and-breathe-easier,"University of California, San Francisco",California,,,,95
Comparing Three Methods to Help Patients Manage Type 2 Diabetes,https://www.pcori.org/research-results/2013/comparing-three-methods-help-patients-manage-type-2-diabetes,George Washington University,District of Columbia,,,,95
Developing Software to Predict Patient Responses to Knee Osteoarthritis Treatments and to Identify Patients for Possible Enrollment in Randomized Controlled Trials,https://www.pcori.org/research-results/2013/developing-software-predict-patient-responses-knee-osteoarthritis-treatments-and-identify-patients-possible-enrollment-randomized-controlled-trials,Tufts Medical Center,Massachusetts,,,,95
Evaluating a New Patient-Centered Approach for Cancer Care in Oncology Offices,https://www.pcori.org/research-results/2013/evaluating-new-patient-centered-approach-cancer-care-oncology-offices,National Committee for Quality Assurance,District of Columbia,,,,95
Comparing the Effects of Two Types of Epidural Shots on Pain and Physical Ability in Older Adults with Lumbar Spinal Stenosis,https://www.pcori.org/research-results/2013/comparing-effects-two-types-epidural-shots-pain-and-physical-ability-older-adults-lumbar-spinal-stenosis,University of Washington,Washington,,,,95
Improving Informed Consent for Palliative Chemotherapy,https://www.pcori.org/research-results/2013/improving-informed-consent-palliative-chemotherapy,Dana-Farber Cancer Institute,Massachusetts,,,,95
Adding Disease-Specific Concerns to Patient-Reported Outcome Measures,https://www.pcori.org/research-results/2013/adding-disease-specific-concerns-patient-reported-outcome-measures,Dartmouth College,New Hampshire,,,,95
Statistical Methods for Reducing Bias in Comparative Effectiveness Research When Using Patient Data from Doctor Visits,https://www.pcori.org/research-results/2013/statistical-methods-reducing-bias-comparative-effectiveness-research-when-using-patient-data-doctor-visits,University of California San Francisco,California,,,,95
Determining the Best Methods for Using Patient Registry Data in Clinical Research,https://www.pcori.org/research-results/2013/determining-best-methods-using-patient-registry-data-clinical-research,Partners Healthcare Brigham and Women's Hospital,Massachusetts,,,,95
Does a Training Program for Mental Health Counselors Help Reduce Burnout and Improve Patient Care?,https://www.pcori.org/research-results/2013/does-training-program-mental-health-counselors-help-reduce-burnout-and-improve-patient-care,Indiana University-Purdue University at Indianapolis,Indiana,,,,96
Does a Smartphone App Help Patients with Cancer Take Oral Chemotherapy as Planned?,https://www.pcori.org/research-results/2013/does-smartphone-app-help-patients-cancer-take-oral-chemotherapy-planned,Massachusetts General Hospital,Massachusetts,,,,96
Does an Advance Care Planning Video Help Patients Having Surgery for Cancer Discuss Their Healthcare Preferences with Their Surgeons?,https://www.pcori.org/research-results/2013/does-advance-care-planning-video-help-patients-having-surgery-cancer-discuss-their-healthcare-preferences-their-surgeons,Johns Hopkins University,Maryland,,,,96
Does a Decision Aid Help Patients Learn about Their Treatment Options for Advanced Heart Failure?,https://www.pcori.org/research-results/2013/does-decision-aid-help-patients-learn-about-their-treatment-options-advanced-heart-failure,Baylor College of Medicine,Texas,,,,96
"Comparing Broad- and Narrow-Spectrum Antibiotics for Children with Ear, Sinus, and Throat Infections",https://www.pcori.org/research-results/2013/comparing-broad-and-narrow-spectrum-antibiotics-children-ear-sinus-and-throat-infections,The Children's Hospital of Philadelphia,Pennsylvania,,,,96
Comparing Peer-Led Support Groups with Therapist-Led Support Groups for Treating Hoarding Disorder,https://www.pcori.org/research-results/2013/comparing-peer-led-support-groups-therapist-led-support-groups-treating-hoarding-disorder,"The Regents of the University of California, San Francisco",California,,,,96
Does Information on Benefits and Risks Help Patients Decide Between Stent Options?,https://www.pcori.org/research-results/2013/does-information-benefits-and-risks-help-patients-decide-between-stent-options,University of Missouri Kansas City,Missouri,,,,96
Treatment Decision Support for Men with Prostate Cancer and Their Caregivers,https://www.pcori.org/research-results/2013/treatment-decision-support-men-prostate-cancer-and-their-caregivers,H. Lee Moffitt Cancer Center & Research Institute,Florida,,,,96
Statistical Methods for Handling Missing Data in Large Research Studies,https://www.pcori.org/research-results/2013/statistical-methods-handling-missing-data-large-research-studies,Emory University,Georgia,,,,96
Examining Health Outcomes for People Who Are Transgender,https://www.pcori.org/research-results/2013/examining-health-outcomes-people-who-are-transgender,Emory University,Georgia,,,,96
Comparing Different Ways of Asking People with Type 2 Diabetes about Their Care Priorities and Preferences,https://www.pcori.org/research-results/2013/comparing-different-ways-asking-people-type-2-diabetes-about-their-care-priorities-and-preferences,Johns Hopkins University,Maryland,,,,96
Reporting Care Experiences of People with Significant Physical Disability or Serious Mental Illness to Primary Care Clinics,https://www.pcori.org/research-results/2013/reporting-care-experiences-people-significant-physical-disability-or-serious-mental-illness-primary-care-clinics,Massachusetts General Hospital,Massachusetts,,,,96
Is it Possible to Collect Patient-Reported Data in Inpatient Rehabilitation Facilities?,https://www.pcori.org/research-results/2013/it-possible-collect-patient-reported-data-inpatient-rehabilitation-facilities,Shirley Ryan AbilityLab,Illinois,,,,96
Does Care Management Help Patients Recover from a Serious Injury?,https://www.pcori.org/research-results/2013/does-care-management-help-patients-recover-serious-injury,University of Washington,Washington,,,,96
Automated Tracking of Symptoms and Treatment Side Effects to Help Patients Starting New Medicines for Diabetes-Related Nerve Pain,https://www.pcori.org/research-results/2013/automated-tracking-symptoms-and-treatment-side-effects-help-patients-starting-new-medicines-diabetes-related-nerve-pain,Kaiser Foundation Research Institute,California,,,,96
Treatment and Patient Characteristics Affecting the Health Status of Patients with Peripheral Arterial Disease -- The PORTRAIT Study,https://www.pcori.org/research-results/2013/treatment-and-patient-characteristics-affecting-health-status-patients-peripheral-arterial-disease-portrait-study,Saint Luke's Hospital,Missouri,,,,96
Comparing Two Ways to Help People With COPD Stop Smoking,https://www.pcori.org/research-results/2013/comparing-two-ways-help-people-copd-stop-smoking,University of Kansas Medical Center,Kansas,,,,96
Reducing Burden on Hispanic Caregivers of Relatives with Dementia -- The Northern Manhattan Hispanic Caregiver Intervention Effectiveness Study (NHiCE),https://www.pcori.org/research-results/2013/reducing-burden-hispanic-caregivers-relatives-dementia-northern-manhattan-hispanic-caregiver-intervention-effectiveness-study-nhice,Columbia University Health Sciences,New York,,,,96
Evaluating Whether Oxygen Treatment Helps People with Pulmonary Fibrosis Breathe Easier,https://www.pcori.org/research-results/2013/evaluating-whether-oxygen-treatment-helps-people-pulmonary-fibrosis-breathe-easier,National Jewish Health,Colorado,,,,96
Understanding the Development of Children with Cerebral Palsy and How Therapy May Affect Patient-Centered Outcomes,https://www.pcori.org/research-results/2013/understanding-development-children-cerebral-palsy-and-how-therapy-may-affect-patient-centered-outcomes,University of Washington,Washington,,,,96
Does Shared Decision Making Improve Care at Community Mental Health Clinics?,https://www.pcori.org/research-results/2013/does-shared-decision-making-improve-care-community-mental-health-clinics,Family Service Agency of San Francisco,California,,,,96
Are Treatment Groups Led by Peers as Effective as Groups Led by Counselors for Treating Posttraumatic Stress Disorder and Substance Use Disorder?,https://www.pcori.org/research-results/2013/are-treatment-groups-led-peers-effective-groups-led-counselors-treating-posttraumatic-stress-disorder-and-substance-use-disorder,University of New Mexico Health Sciences Center,New Mexico,,,,96
Helping People Living with HIV Learn Skills to Manage Their Care,https://www.pcori.org/research-results/2013/helping-people-living-hiv-learn-skills-manage-their-care,University of Rochester,New York,,,,96
Anti-TNF Drugs versus Long-Term Steroid Use for Patients with Inflammatory Bowel Diseases,https://www.pcori.org/research-results/2013/anti-tnf-drugs-versus-long-term-steroid-use-patients-inflammatory-bowel-diseases,University of Pennsylvania,Pennsylvania,,,,96
Can Value-of-Information Estimates Help Funding Organizations Prioritize which Cancer Studies to Fund?,https://www.pcori.org/research-results/2013/can-value-information-estimates-help-funding-organizations-prioritize-which-cancer-studies-fund,Fred Hutchinson Cancer Center,Washington,,,,96
Mobilizing Community Engagement for Health in a Southern New Mexico Border Region Colonia,https://www.pcori.org/research-results/2013/mobilizing-community-engagement-health-southern-new-mexico-border-region-colonia,New Mexico State University,New Mexico,,,,97
Addressing Obesity in Latino Adolescents with Spina Bifida,https://www.pcori.org/research-results/2013/addressing-obesity-latino-adolescents-spina-bifida,Spina Bifida San Diego,California,,,,97
The 'CISE' Project for Family Caregivers,https://www.pcori.org/research-results/2013/cise-project-family-caregivers,Chinese Information and Service Center,Washington,,,,97
Building Capacity for Novel Screening Delivery for Chronic Conditions to Benefit Miners in New Mexico,https://www.pcori.org/research-results/2013/building-capacity-novel-screening-delivery-chronic-conditions-benefit-miners-new-mexico,Miners' Colfax Medical Center,New Mexico,,,,97
Patient-Centered Outcomes for the Parkinson's Disease Community in Wyoming,https://www.pcori.org/research-results/2013/patient-centered-outcomes-parkinsons-disease-community-wyoming,Cheyenne Wyoming Parkinson's Disease Support Group,Wyoming,,,,97
Connecting Research and Real Life: Building a Network in the Columbia River Gorge,https://www.pcori.org/research-results/2013/connecting-research-and-real-life-building-network-columbia-river-gorge,Columbia Gorge Family Medicine,Oregon,,,,97
Taking Care of Our Parents: Improving the Coordination of Care for Elderly Community Members,https://www.pcori.org/research-results/2013/taking-care-our-parents-improving-coordination-care-elderly-community-members,Leaving Well Coalition,Utah,,,,97
Citizen Pscientist,https://www.pcori.org/research-results/2013/citizen-pscientist,National Psoriasis Foundation,Oregon,,,,97
Patient-Centered Transitions for Episodes of Surgical Care,https://www.pcori.org/research-results/2013/patient-centered-transitions-episodes-surgical-care,University of Utah School of Medicine,Utah,,,,97
Increasing Patient Engagement and Capacity Building between Community Stakeholders and Patients to Improve Diabetes Education and Management among School-Aged Children,https://www.pcori.org/research-results/2013/increasing-patient-engagement-and-capacity-building-between-community-stakeholders-and-patients-improve-diabetes-education-and-management-among-school-aged-children,Seattle Children's Hospital,Washington,,,,97
YOU COMPLETE ME! Demonstrating the Efficacy of an Innovative Medical Appointment Model to Support Aging Patients,https://www.pcori.org/research-results/2013/you-complete-me-demonstrating-efficacy-innovative-medical-appointment-model-support-aging-patients,Palo Alto Medical Foundation,California,,,,97
Sepsis Survivors Engagement Project (SSEP),https://www.pcori.org/research-results/2013/sepsis-survivors-engagement-project-ssep,Loma Linda University Center for Comparative Effectiveness and Outcomes Research,California,,,,97
Engaging Native-American and Spanish-Speaking Families and Sharing Family Wisdom to Reduce Childhood Obesity,https://www.pcori.org/research-results/2013/engaging-native-american-and-spanish-speaking-families-and-sharing-family-wisdom-reduce-childhood-obesity,"Family Voices, Inc.",New Mexico,,,,97
The Hispanic Family Asthma Outcomes Research Network,https://www.pcori.org/research-results/2013/hispanic-family-asthma-outcomes-research-network,"Nuestra Salud, LLC",New Mexico,,,,97
Health Literacy and the Patient Perspective in Primary Care,https://www.pcori.org/research-results/2013/health-literacy-and-patient-perspective-primary-care,Colorado Center for Primary Care Innovation,Colorado,,,,97
New Mexico LGBT Health Improvement Network,https://www.pcori.org/research-results/2013/new-mexico-lgbt-health-improvement-network,University of New Mexico Health Sciences Center,New Mexico,,,,97
Development of Community Partnership for Patient-Centered Outcomes Research in Type 2 Diabetes,https://www.pcori.org/research-results/2013/development-community-partnership-patient-centered-outcomes-research-type-2-diabetes,University of Utah,Utah,,,,97
Improving the Lives of Alzheimer's Patients and Their Caregivers: A Patient-Centered Statewide Approach,https://www.pcori.org/research-results/2013/improving-lives-alzheimers-patients-and-their-caregivers-patient-centered-statewide-approach,Billings Clinic Center for Clinical Translational Research,Montana,,,,97
Building a Community of Safe Sleep for Infants,https://www.pcori.org/research-results/2013/building-community-safe-sleep-infants,MultiCare Health System,Washington,,,,97
Making Stomach Cancer a Health Priority among Asian Americans,https://www.pcori.org/research-results/2013/making-stomach-cancer-health-priority-among-asian-americans,Cornerstone Medical Services,Washington,,,,97
"Puget Sound Asthma Coalition: A Community, Clinical, and Academic Partnership",https://www.pcori.org/research-results/2013/puget-sound-asthma-coalition-community-clinical-and-academic-partnership,Puget Sound Asthma Coalition,Washington,,,,97
Developing Infrastructure for Patient-Centered Melanoma Research,https://www.pcori.org/research-results/2013/developing-infrastructure-patient-centered-melanoma-research,SolSurvivors Utah,Oregon,,,,97
Culturally Appropriate Options for Diabetes Prevention and Care for Low-Income Latinos,https://www.pcori.org/research-results/2013/culturally-appropriate-options-diabetes-prevention-and-care-low-income-latinos,East Central Ministries/One Hope Centro de Vida Health Center,New Mexico,,,,97
Lowering Barriers to Access HIV Care in a Geographically and Economically Diverse Area,https://www.pcori.org/research-results/2013/lowering-barriers-access-hiv-care-geographically-and-economically-diverse-area,Foothill AIDS Project,California,,,,97
Establishing a Patient-Centered Research Community for Cystic Fibrosis,https://www.pcori.org/research-results/2013/establishing-patient-centered-research-community-cystic-fibrosis,CysticLife,Arizona,,,,97
Empowering Patients and Their Families to Improve Outcomes That Are Most Important to Them after Lung Cancer Surgery,https://www.pcori.org/research-results/2013/empowering-patients-and-their-families-improve-outcomes-are-most-important-them-after-lung-cancer-surgery,"UC Davis Medical Center, Section of General Thoracic Surgery",California,,,,98
Engaging Communities in the Fight against Preterm Birth,https://www.pcori.org/research-results/2013/engaging-communities-fight-against-preterm-birth,Denver Health,Colorado,,,,98
Creating the Patient-Centered Primary Care Council in the Highland Hospital Adult Medicine Clinic: Strengthening Primary Care Together,https://www.pcori.org/research-results/2013/creating-patient-centered-primary-care-council-highland-hospital-adult-medicine-clinic-strengthening-primary-care-together,"Patient-Centered Primary Care (PCPC) Team, K-6 Adult Medicine Clinic, Highland Hospital",California,,,,98
Healthy Outcomes for Older Foster Youth,https://www.pcori.org/research-results/2013/healthy-outcomes-older-foster-youth,Loma Linda University Center for Comparative Effectiveness and Outcomes Research,California,,,,98
Helping Patients with COPD Transition from Hospital to Home -- The BREATHE Study,https://www.pcori.org/research-results/2013/helping-patients-copd-transition-hospital-home-breathe-study,Johns Hopkins University,Maryland,,,,98
Does a Peer Support Program Improve Satisfaction with Treatment among Patients with Obstructive Sleep Apnea?,https://www.pcori.org/research-results/2013/does-peer-support-program-improve-satisfaction-treatment-among-patients-obstructive-sleep-apnea,University of Ariona,Arizona,,,,98
A Multiple Sclerosis Patient-Powered Research Network - Phase I,https://www.pcori.org/research-results/2013/multiple-sclerosis-patient-powered-research-network-phase-i,Accelerated Cure Project for Multiple Sclerosis,Massachusetts,,,,98
NephCure Kidney Network for Patients with Nephrotic Syndrome - Phase I,https://www.pcori.org/research-results/2013/nephcure-kidney-network-patients-nephrotic-syndrome-phase-i,Arbor Research Collaborative for Health,Michigan,,,,98
The COPD Patient-Powered Research Network - Phase I,https://www.pcori.org/research-results/2013/copd-patient-powered-research-network-phase-i,"COPD Foundation, Inc.",Florida,,,,98
Mood Patient-Powered Research Network - Phase I,https://www.pcori.org/research-results/2013/mood-patient-powered-research-network-phase-i,Massachusetts General Hospital (The General Hospital Corp.),Massachusetts,,,,98
Phelan-McDermid Syndrome Data Network - Phase I,https://www.pcori.org/research-results/2013/phelan-mcdermid-syndrome-data-network-phase-i,Phelan-McDermid Syndrome Foundation,Florida,,,,98
Using a Palliative Approach Early in HIV Care -- The CASA Study,https://www.pcori.org/research-results/2013/using-palliative-approach-early-hiv-care-casa-study,University of Maryland Baltimore,Maryland,,,,98
Using Home Coaching to Support Older Adults with Chronic Illness after an Emergency Room Visit,https://www.pcori.org/research-results/2013/using-home-coaching-support-older-adults-chronic-illness-after-emergency-room-visit,University of Florida,Florida,,,,98
The CCFA Partners Patient-Powered Research Network - Phase I,https://www.pcori.org/research-results/2013/ccfa-partners-patient-powered-research-network-phase-i,"Crohn's & Colitis Foundation, Inc",New York,,,,98
Community-Engaged Network for All (CENA) - Phase I,https://www.pcori.org/research-results/2013/community-engaged-network-all-cena-phase-i,"Genetic Alliance, Inc.",District of Columbia,,,,98
PI Patient Research Connection: PI-CONNECT - Phase I,https://www.pcori.org/research-results/2013/pi-patient-research-connection-pi-connect-phase-i,Immune Deficiency Foundation,Maryland,,,,98
The Vasculitis Patient-Powered Research Network - Phase I,https://www.pcori.org/research-results/2013/vasculitis-patient-powered-research-network-phase-i,The Trustees of The University of Pennsylvania,Pennsylvania,,,,98
American BRCA Outcomes and Utilization of Testing Patient-Powered Research Network (ABOUT Network) - Phase I,https://www.pcori.org/research-results/2013/american-brca-outcomes-and-utilization-testing-patient-powered-research-network-about-network-phase-i,University of South Florida,Florida,,,,98
Comparing Cardiac Rehabilitation at Home or in a Clinic after Hospitalization,https://www.pcori.org/research-results/2013/comparing-cardiac-rehabilitation-home-or-clinic-after-hospitalization,University of California San Francisco,California,,,,98
Helping Patients with Chronic Pain Get Non-medicine Treatments,https://www.pcori.org/research-results/2013/helping-patients-chronic-pain-get-non-medicine-treatments,"Inflexxion, Inc.",Massachusetts,,,,98
Nurse Support for Children and Their Parents Returning Home from the Hospital -- The H2O Study,https://www.pcori.org/research-results/2013/nurse-support-children-and-their-parents-returning-home-hospital-h2o-study,Cincinnati Children's Hospital Medical Center,Ohio,,,,98
"The Patients, Advocates and Rheumatology Teams Network for Research and Service (PARTNERS) Consortium - Phase I",https://www.pcori.org/research-results/2013/patients-advocates-and-rheumatology-teams-network-research-and-service-partners-consortium-phase-i,Duke University,North Carolina,,,,98
Helping Patients with Mental Illness Engage in Their Transitional Care,https://www.pcori.org/research-results/2013/helping-patients-mental-illness-engage-their-transitional-care,University of Texas Health Science Center at San Antonio,Texas,,,,98
Does a Peer-Led Program with Wellness Coaching Improve Wellness among People with Serious Mental Illness?,https://www.pcori.org/research-results/2013/does-peer-led-program-wellness-coaching-improve-wellness-among-people-serious-mental-illness,Yale University,Connecticut,,,,98
Comparing Programs to Support Patients with Substance Use Disorders after They Leave the Hospital,https://www.pcori.org/research-results/2013/comparing-programs-support-patients-substance-use-disorders-after-they-leave-hospital,Public Health Management Corporation,Pennsylvania,,,,99
Does a Collaborative Care Program for Patients with Multiple Sclerosis Reduce Pain and Depression? -- MS-CARE,https://www.pcori.org/research-results/2013/does-collaborative-care-program-patients-multiple-sclerosis-reduce-pain-and-depression-ms-care,University of Washington,Washington,,,,99
Does an Offer by Phone of Community Health Worker Support Increase Access to Primary Care for Women Who Are Newly Enrolled in a Health Plan?,https://www.pcori.org/research-results/2013/does-offer-phone-community-health-worker-support-increase-access-primary-care-women-who-are-newly-enrolled-health-plan,University of Ariona,Arizona,,,,99
ALD Connect - Phase I,https://www.pcori.org/research-results/2013/ald-connect-phase-i,"ALD Connect, Inc.",Massachusetts,,,,99
Sleep Apnea Patient Centered Outcomes Network (SAPCON) - Phase I,https://www.pcori.org/research-results/2013/sleep-apnea-patient-centered-outcomes-network-sapcon-phase-i,Brigham and Women's Hospital,Massachusetts,,,,99
ImproveCareNow: A Learning Health System for Children with Crohn's Disease and Ulcerative Colitis - Phase I,https://www.pcori.org/research-results/2013/improvecarenow-learning-health-system-children-crohns-disease-and-ulcerative-colitis-phase-i,Cincinnati Children's Hospital Medical Center,Ohio,,,,99
Rare Epilepsy Network (REN) - Phase I,https://www.pcori.org/research-results/2013/rare-epilepsy-network-ren-phase-i,Epilepsy Foundation,Maryland,,,,99
Arthritis Patient Partnership with Comparative Effectiveness Researchers (AR-PoWER) - Phase I,https://www.pcori.org/research-results/2013/arthritis-patient-partnership-comparative-effectiveness-researchers-ar-power-phase-i,"Global Healthy Living Foundation, Inc.",New York,,,,99
The DuchenneConnect Patient-Report Registry Infrastructure Project - Phase I,https://www.pcori.org/research-results/2013/duchenneconnect-patient-report-registry-infrastructure-project-phase-i,Parent Project Muscular Dystrophy,New Jersey,,,,99
The Health eHeart Alliance - Phase I,https://www.pcori.org/research-results/2013/health-eheart-alliance-phase-i,University of California San Francisco,California,,,,99
Do Weight Management Programs Involving Health Coaches Improve Body Mass Index and Parent Empowerment for Children with Obesity or Who Are Overweight?,https://www.pcori.org/research-results/2013/do-weight-management-programs-involving-health-coaches-improve-body-mass-index-and-parent-empowerment-children-obesity-or-who-are-overweight,Massachusetts General Hospital,Massachusetts,,,,99
Comparing Two Contraceptive Care Programs to Reduce the Rate of Unintended Pregnancies,https://www.pcori.org/research-results/2013/comparing-two-contraceptive-care-programs-reduce-rate-unintended-pregnancies,Washington University School of Medicine,Missouri,,,,99
Effect of End-of-Life Care Planning Discussions on Hospice Use among Patients Receiving Dialysis for Kidney Failure,https://www.pcori.org/research-results/2013/effect-end-life-care-planning-discussions-hospice-use-among-patients-receiving-dialysis-kidney-failure,Baystate Medical Center,Massachusetts,,,,99
Comparing Two Web-Based Programs for Improving Shared Decision Making and the Person's Experience in Mental Health Care,https://www.pcori.org/research-results/2013/comparing-two-web-based-programs-improving-shared-decision-making-and-persons-experience-mental-health-care,UPMC Center for High ValueHealth Care,Pennsylvania,,,,99
Preparing Spanish-Speaking Older Adults for Advance Care Planning and Medical Decision Making -- The PREPARE Trial,https://www.pcori.org/research-results/2013/preparing-spanish-speaking-older-adults-advance-care-planning-and-medical-decision-making-prepare-trial,University of California San Francisco,California,,,,99
Evaluating a Program to Improve Patient Experiences after Discharge from the Hospital -- The PArTNER Study,https://www.pcori.org/research-results/2013/evaluating-program-improve-patient-experiences-after-discharge-hospital-partner-study,University of Illinois at Chicago,Illinois,,,,99
Tailoring Resources to Help Children and Parents Manage Type 1 Diabetes,https://www.pcori.org/research-results/2013/tailoring-resources-help-children-and-parents-manage-type-1-diabetes,University of Wisconsin-Madison,Wisconsin,,,,99
Testing a Program to Support Decision Making among Parents of Children in the PICU,https://www.pcori.org/research-results/2013/testing-program-support-decision-making-among-parents-children-picu,Ann and Robert H. Lurie Children's Hospital of Chicago,Illinois,,,,99
Use of Patient Portals by People with Long-Term Health Problems,https://www.pcori.org/research-results/2013/use-patient-portals-people-long-term-health-problems,Kaiser Foundation Research Institute,California,,,,99
Evaluating Different Types of Cancer Survivorship Care,https://www.pcori.org/research-results/2013/evaluating-different-types-cancer-survivorship-care,George Washington University,District of Columbia,,,,99
Evaluating a Patient-Centered Medical Home for Patients Receiving Dialysis for Kidney Disease,https://www.pcori.org/research-results/2013/evaluating-patient-centered-medical-home-patients-receiving-dialysis-kidney-disease,University of Illinois at Chicago,Illinois,,,,99
"Linking Community-Based Organizations with Each Other, and with Hospitals and Health Clinics, to Help Connect Patients with the Services They Need",https://www.pcori.org/research-results/2013/linking-community-based-organizations-each-other-and-hospitals-and-health-clinics-help-connect-patients-services-they-need,Johns Hopkins University,Maryland,,,,99
PhRMA Foundation Curricular Advances for Patient-Centered Comparative Effectiveness Research (CER) Education Conference,https://www.pcori.org/research-results/2013/phrma-foundation-curricular-advances-patient-centered-comparative-effectiveness-research-cer-education-conference,PhRMA Foundation,District of Columbia,,,,99
Testing New Ways to Schedule Appointments at Community Health Centers to Help Patients Access Care,https://www.pcori.org/research-results/2013/testing-new-ways-schedule-appointments-community-health-centers-help-patients-access-care,Indiana University- Purdue University at Indianapolis,Indiana,,,,99
Comparing Two Programs to Increase Cancer Screening for Women with Depression,https://www.pcori.org/research-results/2013/comparing-two-programs-increase-cancer-screening-women-depression,"Clinical Directors Network, Inc.",New York,,,,99
Assessing Personalized Care Plans for Patients Who Received Hematopoietic Cell Transplant for Cancer Treatment,https://www.pcori.org/research-results/2013/assessing-personalized-care-plans-patients-who-received-hematopoietic-cell-transplant-cancer-treatment,"National Marrow Donor Program, Inc.",Minnesota,,,,100
Using an Online Decision Aid to Help Medicare Beneficiaries Choose a Prescription Drug Plan,https://www.pcori.org/research-results/2013/using-online-decision-aid-help-medicare-beneficiaries-choose-prescription-drug-plan,Stanford University School of Medicine,California,,,,100
Improving Communication by Preparing Patients and Doctors for a Conversation about Care Goals for Serious Illness,https://www.pcori.org/research-results/2013/improving-communication-preparing-patients-and-doctors-conversation-about-care-goals-serious-illness,University of Washington,Washington,,,,100
Shared Decision Making Coaching for Behavioral Health Providers and Patients,https://www.pcori.org/research-results/2013/shared-decision-making-coaching-behavioral-health-providers-and-patients,Massachusetts General Hospital,Massachusetts,,,,100
Do Reports That Capture the Age-Related Problems of Older Patients with Cancer Improve Doctor-Patient Conversations? -- The COACH Study,https://www.pcori.org/research-results/2013/do-reports-capture-age-related-problems-older-patients-cancer-improve-doctor-patient-conversations-coach-study,University of Rochester,New York,,,,100
Using a Reproductive Life Planning Website and Action Plan to Help Women Choose and Use Birth Control,https://www.pcori.org/research-results/2013/using-reproductive-life-planning-website-and-action-plan-help-women-choose-and-use-birth-control,Pennsylvania State University Hershey Medical Center,Pennsylvania,,,,100
Determining Whether a Mobile App and Website Improve Appropriate Pap Test Screening for Cervical Cancer,https://www.pcori.org/research-results/2013/determining-whether-mobile-app-and-website-improve-appropriate-pap-test-screening-cervical-cancer,"University of California, Los Angeles",California,,,,100
Why Do Radiation Doses in CT Differ across Hospitals and Countries?,https://www.pcori.org/research-results/2013/why-do-radiation-doses-ct-differ-across-hospitals-and-countries,University of California San Francisco,California,,,,100
Does a Patient- and Family-Centered Hospital Communications Program Reduce Medical Errors?,https://www.pcori.org/research-results/2013/does-patient-and-family-centered-hospital-communications-program-reduce-medical-errors,Boston Children's Hospital,Massachusetts,,,,100
Do People with Obesity Lose Weight When Offered a Choice of Research-Based Weight-Loss Treatment by Their Doctors?,https://www.pcori.org/research-results/2013/do-people-obesity-lose-weight-when-offered-choice-research-based-weight-loss-treatment-their-doctors,Denver Health and Hospital Authority,Colorado,,,,100
Using One-on-One Peer Mentors to Help Patients with a Spinal Cord Injury Transition from Rehabilitation to Home,https://www.pcori.org/research-results/2013/using-one-one-peer-mentors-help-patients-spinal-cord-injury-transition-rehabilitation-home,Shepherd Center,Georgia,,,,100
Does an Advanced Electronic Tracker Help Families Manage Children's Asthma Symptoms Better Than a Standard Electronic Tracker?,https://www.pcori.org/research-results/2013/does-advanced-electronic-tracker-help-families-manage-childrens-asthma-symptoms-better-standard-electronic-tracker,University of Utah,Utah,,,,100
PCOR Roadmap for State Policy Makers,https://www.pcori.org/research-results/2013/pcor-roadmap-state-policy-makers,National Academy for State Health Policy,Maine,,,,100
"Effects of Maternal Depression and Its Treatment on Infant Health in Pregnant Women, with or without Other Mental Illness",https://www.pcori.org/research-results/2013/effects-maternal-depression-and-its-treatment-infant-health-pregnant-women-or-without-other-mental-illness,Kaiser Foundation Research Institute,California,,,,100
Including Patient Traits in Benchmarks for Diabetes Care,https://www.pcori.org/research-results/2013/including-patient-traits-benchmarks-diabetes-care,Harvard University School of Public Health,Massachusetts,,,,100
Comparing Intensity of Follow-Up Tests after Surgery for Colorectal Cancer,https://www.pcori.org/research-results/2013/comparing-intensity-follow-tests-after-surgery-colorectal-cancer,Alliance for Clinical Trials in Oncology Foundation,Illinois,,,,100
Comparing Different Medicines for People Who Have Had a Stroke -- The PROSPER Study,https://www.pcori.org/research-results/2013/comparing-different-medicines-people-who-have-had-stroke-prosper-study,Duke University,North Carolina,,,,100
"Comparing Physical Therapy, Internet-Based Exercise Training, and No Therapy for Knee Osteoarthritis",https://www.pcori.org/research-results/2013/comparing-physical-therapy-internet-based-exercise-training-and-no-therapy-knee-osteoarthritis,University of North Carolina Chapel Hill,North Carolina,,,,100
Comparing Five Activities to Improve Quality of Life for Patients with Mild Cognitive Impairment,https://www.pcori.org/research-results/2013/comparing-five-activities-improve-quality-life-patients-mild-cognitive-impairment,University of Florida,Florida,,,,100
Comparing Programs to Improve Asthma Control and Quality of Life for Latino Youth Living in Rural Areas and Their Caregivers -- The Respira Sano Study,https://www.pcori.org/research-results/2013/comparing-programs-improve-asthma-control-and-quality-life-latino-youth-living-rural-areas-and-their-caregivers-respira-sano-study,San Diego State University Research Foundation,California,,,,100
Testing Whether Home Visits by Community Health Workers Help African-American and Hispanic Patients with Low Incomes Better Manage Asthma,https://www.pcori.org/research-results/2013/testing-whether-home-visits-community-health-workers-help-african-american-and-hispanic-patients-low-incomes-better-manage-asthma,University of Pennsylvania,Pennsylvania,,,,100
Comparing Enhanced Clinical Care with and without Home Visits to Help African-American Adults Manage Asthma -- The HIITBAC Study,https://www.pcori.org/research-results/2013/comparing-enhanced-clinical-care-and-without-home-visits-help-african-american-adults-manage-asthma-hiitbac-study,Baylor College of Medicine,Texas,,,,100
Examining Home Visits from Community Health Workers to Help Patients Manage Asthma Symptoms,https://www.pcori.org/research-results/2013/examining-home-visits-community-health-workers-help-patients-manage-asthma-symptoms,Seattle-King County Public Health Department,Washington,,,,100
New York City Clinical Data Research Network (NYC-CDRN) - Phase I,https://www.pcori.org/research-results/2013/new-york-city-clinical-data-research-network-nyc-cdrn-phase-i,Cornell University,New York,,,,100
PaTH: Towards a Learning Health System in the Mid-Atlantic Region - Phase I,https://www.pcori.org/research-results/2013/path-towards-learning-health-system-mid-atlantic-region-phase-i,University of Pittsburgh,Pennsylvania,,,,100
Comparing Hematopoietic Cell Transplant versus Other Treatments for Adults with Acute Myeloid Leukemia,https://www.pcori.org/research-results/2013/comparing-hematopoietic-cell-transplant-versus-other-treatments-adults-acute-myeloid-leukemia,Fred Hutchinson Cancer Center,Washington,,,,101
Comparing Online and In-Person Family Therapy for Teens with Traumatic Brain Injury and Their Parents,https://www.pcori.org/research-results/2013/comparing-online-and-person-family-therapy-teens-traumatic-brain-injury-and-their-parents,Cincinnati Children's Hospital Medical Center,Ohio,,,,101
Does a Stress Management Program for African-American Parents Increase Asthma Symptom-Free Days for Their Children? -- The BEAMS Study,https://www.pcori.org/research-results/2013/does-stress-management-program-african-american-parents-increase-asthma-symptom-free-days-their-children-beams-study,Children's Research Institute,District of Columbia,,,,101
The Greater Plains Collaborative (GPC) - Phase I,https://www.pcori.org/research-results/2013/greater-plains-collaborative-gpc-phase-i,University of Kansas Medical Center Research Institute,Kansas,,,,101
Accelerating Data Value Across a National Community Health Center Network (ADVANCE) - Phase I,https://www.pcori.org/research-results/2013/accelerating-data-value-across-national-community-health-center-network-advance-phase-i,"Oregon Community Health Information Network, Inc. (OCHIN)",Oregon,,,,101
Research Action for Health Network (REACHnet) - Phase I,https://www.pcori.org/research-results/2013/research-action-health-network-reachnet-phase-i,Louisiana Public Health Institute,Louisiana,,,,101
Does Plasma Exchange Help Improve Physical Function in Children with Transverse Myelitis? -- The CAPTURE Study,https://www.pcori.org/research-results/2013/does-plasma-exchange-help-improve-physical-function-children-transverse-myelitis-capture-study,University of Texas Southwestern Medical Center,Texas,,,,101
Follow-Up Care Strategies after Treatment for Breast Cancer,https://www.pcori.org/research-results/2013/follow-care-strategies-after-treatment-breast-cancer,Alliance for Clinical Trials in Oncology Foundation,Illinois,,,,101
How Often Should Patients with Lung Cancer Have Imaging Tests after Surgery?,https://www.pcori.org/research-results/2013/how-often-should-patients-lung-cancer-have-imaging-tests-after-surgery,Alliance for Clinical Trials in Oncology Foundation,Illinois,,,,101
Using a Home- or Clinic-Based Program to Help Older Adults Manage Their Asthma -- The SAMBA Study,https://www.pcori.org/research-results/2013/using-home-or-clinic-based-program-help-older-adults-manage-their-asthma-samba-study,Icahn School of Medicine at Mount Sinai,New York,,,,101
A National Pediatric Learning Health System (PEDSnet) - Phase I,https://www.pcori.org/research-results/2013/national-pediatric-learning-health-system-pedsnet-phase-i,Children's Hospital of Philadelphia,Pennsylvania,,,,101
Scalable Collaborative Infrastructure for a Learning Healthcare System (SCILHS) - Phase I,https://www.pcori.org/research-results/2013/scalable-collaborative-infrastructure-learning-healthcare-system-scilhs-phase-i,Harvard University Medical School,Massachusetts,,,,101
Patient-Oriented Scalable National Network for Effectiveness Research (pSCANNER) - Phase I,https://www.pcori.org/research-results/2013/patient-oriented-scalable-national-network-effectiveness-research-pscanner-phase-i,"University of California, San Diego",California,,,,101
The Mid-South Clinical Data Research Network - Phase I,https://www.pcori.org/research-results/2013/mid-south-clinical-data-research-network-phase-i,Vanderbilt University Medical Center,Tennessee,,,,101
A Decision Aid to Help Women Choose and Use a Method of Birth Control,https://www.pcori.org/research-results/2013/decision-aid-help-women-choose-and-use-method-birth-control,"University of California, San Francisco",California,,,,101
"Comparing Two Programs to Improve Disability, Pain, and Health among Patients Who Have Had Back Surgery",https://www.pcori.org/research-results/2013/comparing-two-programs-improve-disability-pain-and-health-among-patients-who-have-had-back-surgery,Vanderbilt University Medical Center,Tennessee,,,,101
Comparing Four Medicines to Treat Pain from Cryptogenic Sensory Polyneuropathy (CSPN) -- The PAIN-CONTRoLS Study,https://www.pcori.org/research-results/2013/comparing-four-medicines-treat-pain-cryptogenic-sensory-polyneuropathy-cspn-pain-controls-study,University of Kansas Medical Center,Kansas,,,,101
Comparing Three Ways to Prepare Children and Caregivers to Manage Asthma after an Emergency Room Visit – The CHICAGO Trial,https://www.pcori.org/research-results/2013/comparing-three-ways-prepare-children-and-caregivers-manage-asthma-after-emergency-room-visit-chicago-trial,University of Illinois at Chicago,Illinois,,,,101
Comparing Two Treatments for Aortic Valve Disease,https://www.pcori.org/research-results/2013/comparing-two-treatments-aortic-valve-disease,Duke University,North Carolina,,,,101
Can Personalized Encouragement Help People with Sickle Cell Disease Take Hydroxyurea Therapy Regularly?,https://www.pcori.org/research-results/2013/can-personalized-encouragement-help-people-sickle-cell-disease-take-hydroxyurea-therapy-regularly,Emory University,Georgia,,,,101
Comparing Two Approaches to Help Parents Support Their Children's Social and Emotional Recovery after a Serious Accidental Injury,https://www.pcori.org/research-results/2013/comparing-two-approaches-help-parents-support-their-childrens-social-and-emotional-recovery-after-serious-accidental-injury,University of Iowa,Iowa,,,,101
Comparing Two Ways to Manage Asthma in African-American Children -- The ASIST Study,https://www.pcori.org/research-results/2013/comparing-two-ways-manage-asthma-african-american-children-asist-study,Washington University in St. Louis,Missouri,,,,101
Kaiser Permanente & Strategic Partners Patient Outcomes Research To Advance Learning (PORTAL) Network - Phase I,https://www.pcori.org/research-results/2013/kaiser-permanente-strategic-partners-patient-outcomes-research-advance-learning-portal-network-phase-i,Kaiser Foundation Research Institute,California,,,,101
Chicago Area Patient-Centered Outcomes Research Network (CAPriCORN) - Phase I,https://www.pcori.org/research-results/2013/chicago-area-patient-centered-outcomes-research-network-capricorn-phase-i,The Chicago Community Trust,Illinois,,,,101
Helping Caregivers and Their Children with Early Appendicitis Make Treatment Decisions with an App,https://www.pcori.org/research-results/2013/helping-caregivers-and-their-children-early-appendicitis-make-treatment-decisions-app,The Research Institute at Nationwide Children's Hospital,Ohio,,,,101
Helping Caregivers and Their Children with Early Appendicitis Make Treatment Decisions with an App,https://www.pcori.org/research-results/2013/helping-caregivers-and-their-children-early-appendicitis-make-treatment-decisions-app,The Research Institute at Nationwide Children's Hospital,Ohio,,,,102
An Online Decision Aid to Help Patients and Caregivers Decide on Treatments for Sickle Cell Disease,https://www.pcori.org/research-results/2013/online-decision-aid-help-patients-and-caregivers-decide-treatments-sickle-cell-disease,Emory University,Georgia,,,,102
Does Daily Self-Monitoring of Blood Sugar Levels Improve Blood Sugar Control and Quality of Life for Patients with Type 2 Diabetes Who Do Not Use Insulin? -- The Monitor Trial,https://www.pcori.org/research-results/2013/does-daily-self-monitoring-blood-sugar-levels-improve-blood-sugar-control-and-quality-life-patients-type-2-diabetes-who-do-not-use-insulin-monitor-trial,University of North Carolina Chapel Hill,North Carolina,,,,102
Helping Men with Prostate Cancer Determine Their Preferences for Treatment,https://www.pcori.org/research-results/2013/helping-men-prostate-cancer-determine-their-preferences-treatment,University of Pennsylvania,Pennsylvania,,,,102
Testing a Decision Aid to Help Patients with Ovarian Cancer Choose between Two Ways to Get Chemotherapy,https://www.pcori.org/research-results/2013/testing-decision-aid-help-patients-ovarian-cancer-choose-between-two-ways-get-chemotherapy,University of California Irvine,California,,,,102
Using a Decision Aid in the Emergency Room to Help Parents of Children with Head Trauma Understand Options for Diagnosing Brain Injury,https://www.pcori.org/research-results/2013/using-decision-aid-emergency-room-help-parents-children-head-trauma-understand-options-diagnosing-brain-injury,Mayo Clinic,Minnesota,,,,102
Comparing Surgical Treatments for Cervical Spondylotic Myelopathy -- The CSM-S Trial,https://www.pcori.org/research-results/2013/comparing-surgical-treatments-cervical-spondylotic-myelopathy-csm-s-trial,"Lahey Clinic, Inc.",Massachusetts,,,,102
Reducing Legal Barriers to Help Patients Receive Treatment for Breast and Lung Cancer -- The Project SUPPORT Study,https://www.pcori.org/research-results/2013/reducing-legal-barriers-help-patients-receive-treatment-breast-and-lung-cancer-project-support-study,Boston Medical Center,Massachusetts,,,,102
Does Decision Support by Phone Increase Colorectal Cancer Screening in Hispanic Patients?,https://www.pcori.org/research-results/2013/does-decision-support-phone-increase-colorectal-cancer-screening-hispanic-patients,Thomas Jefferson University,Pennsylvania,,,,102
Does a Coordinated-Care Management Approach Improve Care and Health for Patients with a Sleep Disorder? -- SMART DOCS,https://www.pcori.org/research-results/2013/does-coordinated-care-management-approach-improve-care-and-health-patients-sleep-disorder-smart-docs,Stanford University School of Medicine,California,,,,102
Does Helping Patients with Cancer Manage Their Symptoms at Home Improve Their Quality of Life?,https://www.pcori.org/research-results/2013/does-helping-patients-cancer-manage-their-symptoms-home-improve-their-quality-life,University of South Florida,Florida,,,,102
Using Phone-Based Peer Health Coaching to Improve Home Oxygen Use and Health in Patients with Chronic Obstructive Pulmonary Disease -- The PELICAN Study,https://www.pcori.org/research-results/2013/using-phone-based-peer-health-coaching-improve-home-oxygen-use-and-health-patients-chronic-obstructive-pulmonary-disease-pelican-study,University of Illinois at Chicago,Illinois,,,,102
A Personalized Decision Aid to Help Women with Lupus Nephritis from Racially and Ethnically Diverse Backgrounds Make Decisions about Taking Immune-Blocking Medicines,https://www.pcori.org/research-results/2013/personalized-decision-aid-help-women-lupus-nephritis-racially-and-ethnically-diverse-backgrounds-make-decisions-about-taking-immune-blocking-medicines,The University of Alabama at Birmingham,Alabama,,,,102
Improving Classroom Behaviors Among Students with Characteristics of Autism or Attention-Deficit/Hyperactivity Disorder,https://www.pcori.org/research-results/2013/improving-classroom-behaviors-among-students-characteristics-autism-or-attention-deficithyperactivity-disorder,Children's Research Institute,District of Columbia,,,,102
Testing a Coaching Program to Help Adults with Diabetes Living in Rural Alabama Take Their Medicine as Directed,https://www.pcori.org/research-results/2013/testing-coaching-program-help-adults-diabetes-living-rural-alabama-take-their-medicine-directed,Cornell University,New York,,,,102
Which Treatments for Uterine Fibroids Have the Best Results?,https://www.pcori.org/research-results/2013/which-treatments-uterine-fibroids-have-best-results,Outcome Sciences,Massachusetts,,,,102
Mental and Social Well-Being among Women with Cancer in One Breast Who Underwent Surgery to Remove Both Breasts,https://www.pcori.org/research-results/2013/mental-and-social-well-being-among-women-cancer-one-breast-who-underwent-surgery-remove-both-breasts,University of Texas MD Anderson Cancer Center,Texas,,,,102
Testing a Decision Aid to Help Patients Choose between Two Types of Bariatric Surgery,https://www.pcori.org/research-results/2013/testing-decision-aid-help-patients-choose-between-two-types-bariatric-surgery,University of Michigan at Ann Arbor,Michigan,,,,102
Culturally Adapted Brief Motivational Intervention for Heavy Drinking Latinos,https://www.pcori.org/research-results/2013/culturally-adapted-brief-motivational-intervention-heavy-drinking-latinos,The University of Texas at El Paso,Texas,,,,102
Working with Bilingual Community Health Worker Promotoras to Improve Depression and Self-Care among Latino Patients with Long-Term Health Problems,https://www.pcori.org/research-results/2013/working-bilingual-community-health-worker-promotoras-improve-depression-and-self-care-among-latino-patients-long-term-health-problems,University of Southern California,California,,,,102
Can Nurse and Patient Education Reduce Missed Doses of Medications to Prevent Blood Clots in Hospitals?,https://www.pcori.org/research-results/2013/can-nurse-and-patient-education-reduce-missed-doses-medications-prevent-blood-clots-hospitals,Johns Hopkins University,Maryland,,,,102
Predicting the Impact of Treatment Options on Survival and Breast Conservation in Patients with Ductal Carcinoma In Situ (DCIS),https://www.pcori.org/research-results/2013/predicting-impact-treatment-options-survival-and-breast-conservation-patients-ductal-carcinoma-situ-dcis,Dana-Farber Cancer Institute,Massachusetts,,,,102
Comparing Two Types of Group Exercise Classes to Help Older Adults Improve Walking Ability,https://www.pcori.org/research-results/2013/comparing-two-types-group-exercise-classes-help-older-adults-improve-walking-ability,University of Pittsburgh at Pittsburgh,Pennsylvania,,,,102
"Comparing the Effects of Surgery, Radiation Therapy, and Active Surveillance on Men with Localized Prostate Cancer -- The CEASAR Study",https://www.pcori.org/research-results/2013/comparing-effects-surgery-radiation-therapy-and-active-surveillance-men-localized-prostate-cancer-ceasar-study,Vanderbilt University,Tennessee,,,,102
Integrating Analytical Methods to Improve Comparative Effectiveness Research,https://www.pcori.org/research-results/2013/integrating-analytical-methods-improve-comparative-effectiveness-research,Tufts Medical Center,Massachusetts,,,,102
Developing Methods to Predict Health Outcomes in Trauma Patients,https://www.pcori.org/research-results/2013/developing-methods-predict-health-outcomes-trauma-patients,University of California Berkeley,California,,,,103
Helping Latino Parents Learn Skills to Manage Their Children's Mental Health Care,https://www.pcori.org/research-results/2013/helping-latino-parents-learn-skills-manage-their-childrens-mental-health-care,University of North Carolina Chapel Hill,North Carolina,,,,103
Community-Based Workshops to Improve Quality of Life for Latina Breast Cancer Survivors and Their Caregivers,https://www.pcori.org/research-results/2013/community-based-workshops-improve-quality-life-latina-breast-cancer-survivors-and-their-caregivers,Georgetown University,District of Columbia,,,,103
Do Group Medical Visits with a Focus on Mind and Body Help Patients with Chronic Pain and Symptoms of Depression?,https://www.pcori.org/research-results/2013/do-group-medical-visits-focus-mind-and-body-help-patients-chronic-pain-and-symptoms-depression,Boston Medical Center,Massachusetts,,,,103
Can People Who Have Experience with Serious Mental Illness Help Peers Manage Their Health Care?,https://www.pcori.org/research-results/2013/can-people-who-have-experience-serious-mental-illness-help-peers-manage-their-health-care,University of Southern California,California,,,,103
New Methods and Software to Determine the Impact of Missing Data in Clinical Trials,https://www.pcori.org/research-results/2013/new-methods-and-software-determine-impact-missing-data-clinical-trials,Johns Hopkins University,Maryland,,,,103
Helping Patients Living in Rural Areas Transition from Hospital to Home -- The ROADMAP Study,https://www.pcori.org/research-results/2013/helping-patients-living-rural-areas-transition-hospital-home-roadmap-study,University of Montana,Montana,,,,103
Is a Patient Navigation Program More Helpful than a Referral Program for Reducing Depression and Improving Quality of Life among Women Living in Neighborhoods with Few Resources?,https://www.pcori.org/research-results/2013/patient-navigation-program-more-helpful-referral-program-reducing-depression-and-improving-quality-life-among-women-living-neighborhoods-few-resources,University of Rochester,New York,,,,103
Evaluating Home-Based Health Coaching from Community Health Representatives for Navajo Adults with Type 2 Diabetes,https://www.pcori.org/research-results/2013/evaluating-home-based-health-coaching-community-health-representatives-navajo-adults-type-2-diabetes,Partners Healthcare Brigham and Women's Hospital,Massachusetts,,,,103
Comparing Sampling Methods to Engage Residents of Underrepresented Communities to Identify Research Priorities,https://www.pcori.org/research-results/2013/comparing-sampling-methods-engage-residents-underrepresented-communities-identify-research-priorities,University of Texas Health Science Center at San Antonio,Texas,,,,103
Developing an Interactive Online Guide to Support the Use of Causal Inference Methods in Comparative Effectiveness Research,https://www.pcori.org/research-results/2013/developing-interactive-online-guide-support-use-causal-inference-methods-comparative-effectiveness-research,Medical Technology and Practice Patterns Institute,Maryland,,,,103
Statistical Methods for Handling Missing Data in Long-Term Clinical Research,https://www.pcori.org/research-results/2013/statistical-methods-handling-missing-data-long-term-clinical-research,Stanford University,California,,,,103
Developing Standards for Improving Measurement and Reporting of Data Quality in Health Research,https://www.pcori.org/research-results/2013/developing-standards-improving-measurement-and-reporting-data-quality-health-research,University of Colorado Denver,Colorado,,,,103
New Methods and Software for Designing Adaptive Clinical Trials of New Medical Treatments,https://www.pcori.org/research-results/2013/new-methods-and-software-designing-adaptive-clinical-trials-new-medical-treatments,Johns Hopkins Bloomberg School of Public Health,Maryland,,,,103
Describing How Studies Involve Patients and Healthcare Professionals in Developing Decision Aids and Health-Related Products,https://www.pcori.org/research-results/2013/describing-how-studies-involve-patients-and-healthcare-professionals-developing-decision-aids-and-health-related-products,Université Laval (Canada),N/A,,,,103
Comparing the Effects of a Stroke Medicine in Older Adults with and without Chronic Kidney Disease,https://www.pcori.org/research-results/2013/comparing-effects-stroke-medicine-older-adults-and-without-chronic-kidney-disease,University of South Carolina,South Carolina,,,,103
Testing the Appreciative Inquiry and Boot Camp Translation Methods for Identifying and Sharing Local Solutions to Healthcare Issues,https://www.pcori.org/research-results/2013/testing-appreciative-inquiry-and-boot-camp-translation-methods-identifying-and-sharing-local-solutions-healthcare-issues,University of Colorado Denver,Colorado,,,,103
The Benefits and Challenges of Using Multiple Sources of Information about Clinical Trials,https://www.pcori.org/research-results/2013/benefits-and-challenges-using-multiple-sources-information-about-clinical-trials,Johns Hopkins University,Maryland,,,,103
Developing and Testing Animated Computer Surveys for Measuring Young Children's Health,https://www.pcori.org/research-results/2013/developing-and-testing-animated-computer-surveys-measuring-young-childrens-health,"University of California, Irvine",California,,,,103
Comparing Two Methods of Caring for Black and Hispanic Adults with Heart Failure after They Leave the Hospital,https://www.pcori.org/research-results/2013/comparing-two-methods-caring-black-and-hispanic-adults-heart-failure-after-they-leave-hospital,Feinstein Institute for Medical Research,New York,,,,103
Impact of Patient Navigators on Health Education and Quality of Life in Formerly Incarcerated Patients,https://www.pcori.org/research-results/2013/impact-patient-navigators-health-education-and-quality-life-formerly-incarcerated-patients,St. Luke's Hospital of Columbia University,New York,,,,103
Methods for Variable Selection and Treatment Effect Estimation in Nonrandomized Studies with Few Outcome Events and Many Confounders,https://www.pcori.org/research-results/2013/methods-variable-selection-and-treatment-effect-estimation-nonrandomized-studies-few-outcome-events-and-many-confounders,Partners Healthcare Brigham and Women's Hospital,Massachusetts,,,,103
Statistical Methods to Measure Treatment Effect Using Observational Data Versus Randomized Trials,https://www.pcori.org/research-results/2013/statistical-methods-measure-treatment-effect-using-observational-data-versus-randomized-trials,Brown University,Rhode Island,,,,103
Testing New Ways to Measure How Patients Rate Quality of Life,https://www.pcori.org/research-results/2013/testing-new-ways-measure-how-patients-rate-quality-life,Albert Einstein College of Medicine Yeshiva University,New York,,,,103
Comparing Methods to Make Research More Patient Centered,https://www.pcori.org/research-results/2013/comparing-methods-make-research-more-patient-centered,Vanderbilt University Medical Center,Tennessee,,,,103
Guidance for Researchers on Optimal Methods for Conducting Comparative Effectiveness Research with Observational Data,https://www.pcori.org/research-results/2013/guidance-researchers-optimal-methods-conducting-comparative-effectiveness-research-observational-data,University of Pittsburgh at Pittsburgh,Pennsylvania,,,,104
Do Video House Calls with a Specialist Help Get Care to People with Parkinson's Disease?,https://www.pcori.org/research-results/2013/do-video-house-calls-specialist-help-get-care-people-parkinsons-disease,University of Rochester,New York,,,,104
Using Statistical Models to Predict Worsening Health among Older People with Disabilities,https://www.pcori.org/research-results/2013/using-statistical-models-predict-worsening-health-among-older-people-disabilities,University of Pennsylvania,Pennsylvania,,,,104
Impact of Community Health Representative-Led Patient Activation and Engagement on Home-Based Kidney Care,https://www.pcori.org/research-results/2013/impact-community-health-representative-led-patient-activation-and-engagement-home-based-kidney-care,University of New Mexico Health Sciences Center,New Mexico,,,,104
"Do Education, Case Management, and Advanced Practice Pharmacy Services Improve Health among American Indian and Alaska Native Peoples with Diabetes?",https://www.pcori.org/research-results/2013/do-education-case-management-and-advanced-practice-pharmacy-services-improve-health-among-american-indian-and-alaska-native-peoples-diabetes,University of Colorado Denver,Colorado,,,,104
Testing a Way to Help Patients with Dementia and Their Caregivers Set Goals for Care,https://www.pcori.org/research-results/2013/testing-way-help-patients-dementia-and-their-caregivers-set-goals-care,"University at California, Los Angeles",California,,,,104
Do Palliative Care Teams in Nursing Homes Improve the Quality of End-of-Life Care for Nursing Home Residents?,https://www.pcori.org/research-results/2012/do-palliative-care-teams-nursing-homes-improve-quality-end-life-care-nursing-home-residents,University of Rochester,New York,,,,104
Helping Caregivers of Children with Differences/Disorders of Sex Development Decide on Treatment,https://www.pcori.org/research-results/2012/helping-caregivers-children-differencesdisorders-sex-development-decide-treatment,University of Michigan at Ann Arbor,Michigan,,,,104
Can Using Patient Reports of Low Back Pain Help to Better Direct Patients to Treatments?,https://www.pcori.org/research-results/2012/can-using-patient-reports-low-back-pain-help-better-direct-patients-treatments,Kaiser Foundation Health Plan of Washington,Washington,,,,104
"For Children Discharged after Hospitalization for Serious Bacterial Infections, Are Orally Administered Antibiotics as Effective as Antibiotics Given Intravenously through a PICC?",https://www.pcori.org/research-results/2012/children-discharged-after-hospitalization-serious-bacterial-infections-are-orally-administered-antibiotics-effective-antibiotics-given-intravenously-through-picc,The Children's Hospital of Philadelphia,Pennsylvania,,,,104
Adding a New Role at Clinics to Help Patients Access Community Resources,https://www.pcori.org/research-results/2012/adding-new-role-clinics-help-patients-access-community-resources,Kaiser Foundation Health Plan of Washington,Washington,,,,104
Using a Transitional Care Program to Prepare Patients to Take Care of Themselves after Leaving the Hospital,https://www.pcori.org/research-results/2012/using-transitional-care-program-prepare-patients-take-care-themselves-after-leaving-hospital,Brigham and Women's Hospital,Massachusetts,,,,104
Identifying Personal Strengths to Help Patients Manage Chronic Illness,https://www.pcori.org/research-results/2012/identifying-personal-strengths-help-patients-manage-chronic-illness,Case Western Reserve University,Ohio,,,,104
Comparing Recovery Options for Stroke Patients,https://www.pcori.org/research-results/2012/comparing-recovery-options-stroke-patients,Duke University,North Carolina,,,,104
Does a Program that Focuses on Lifestyle Changes Reduce Heart Disease Risk Factors in a Rural Community in Appalachian Kentucky?,https://www.pcori.org/research-results/2012/does-program-focuses-lifestyle-changes-reduce-heart-disease-risk-factors-rural-community-appalachian-kentucky,University of Kentucky,Kentucky,,,,104
Using Electronic Health Records at Community Health Centers to Help Children Get Health Insurance and Access Health Care,https://www.pcori.org/research-results/2012/using-electronic-health-records-community-health-centers-help-children-get-health-insurance-and-access-health-care,"Oregon Community Health Information Network, Inc. (OCHIN)",Oregon,,,,104
Does an Online Decision Aid Help People with Advanced Chronic Kidney Disease Choose between Two Treatment Options?,https://www.pcori.org/research-results/2012/does-online-decision-aid-help-people-advanced-chronic-kidney-disease-choose-between-two-treatment-options,Arbor Research Collaborative for Health,Michigan,,,,104
Can Coping-Skills Training Help Patients Who Have Received Intensive Hospital Care to Cope with Depression and Anxiety?,https://www.pcori.org/research-results/2012/can-coping-skills-training-help-patients-who-have-received-intensive-hospital-care-cope-depression-and-anxiety,Duke University,North Carolina,,,,104
Testing a Decision Aid for Patients with Low-Risk Chest Pain in the Emergency Room -- The Chest Pain Choice Trial,https://www.pcori.org/research-results/2012/testing-decision-aid-patients-low-risk-chest-pain-emergency-room-chest-pain-choice-trial,Mayo Clinic,Minnesota,,,,104
Comparing the Predicted Benefits and Harms of Using Adult versus Child Guidelines for Lipid Testing and Treatment in 17- to 21-Year-Olds,https://www.pcori.org/research-results/2012/comparing-predicted-benefits-and-harms-using-adult-versus-child-guidelines-lipid-testing-and-treatment-17-21-year-olds,"Tufts Medical Center, Inc.",Massachusetts,,,,104
Does a Customized Website Affect HPV Vaccine Use among Latino Adolescents and Young Adults?,https://www.pcori.org/research-results/2012/does-customized-website-affect-hpv-vaccine-use-among-latino-adolescents-and-young-adults,University of Colorado - Denver,Colorado,,,,104
Does A Parent Peer Support Program Help Parents of Children Who Need Mental Health Services Support Their Child's Care? -- The Family VOICE Study,https://www.pcori.org/research-results/2012/does-parent-peer-support-program-help-parents-children-who-need-mental-health-services-support-their-childs-care-family-voice-study,University of Maryland Baltimore,Maryland,,,,104
Testing Ways to Display Patient-Reported Outcomes Data for Patients and Clinicians,https://www.pcori.org/research-results/2012/testing-ways-display-patient-reported-outcomes-data-patients-and-clinicians,Johns Hopkins University,Maryland,,,,104
Comparing the Effectiveness of Nonsurgical Treatments for Lumbar Spinal Stenosis in Reducing Pain and Increasing Walking Ability,https://www.pcori.org/research-results/2012/comparing-effectiveness-nonsurgical-treatments-lumbar-spinal-stenosis-reducing-pain-and-increasing-walking-ability,University of Pittsburgh,Pennsylvania,,,,104
Treating Chronic Pain Using Approaches Adapted for Patients with Limited Reading Skills,https://www.pcori.org/research-results/2012/treating-chronic-pain-using-approaches-adapted-patients-limited-reading-skills,University of Alabama-Tuscaloosa,Alabama,,,,104
Pilot Project: Measuring Care in Psychiatric Hospitals from Patient and Staff Points of View,https://www.pcori.org/research-results/2012/pilot-project-measuring-care-psychiatric-hospitals-patient-and-staff-points-view,Rush University Medical Center/Rush College of Nursing,Illinois,,,,105
Pilot Project: Helping Patients Make Health Decisions with Support from a Health Coach,https://www.pcori.org/research-results/2012/pilot-project-helping-patients-make-health-decisions-support-health-coach,"University of California, San Francisco",California,,,,105
Pilot Project: Understanding Consumer Perspectives on Updated Preventive Care Recommendations,https://www.pcori.org/research-results/2012/pilot-project-understanding-consumer-perspectives-updated-preventive-care-recommendations,The George Washington University,District of Columbia,,,,105
Pilot Project: Testing Computer Programs That Help People Stop Smoking,https://www.pcori.org/research-results/2012/pilot-project-testing-computer-programs-help-people-stop-smoking,University of Massachusetts Medical School,Massachusetts,,,,105
Pilot Project: Predicting Who Will Respond Best to Medical Treatments,https://www.pcori.org/research-results/2012/pilot-project-predicting-who-will-respond-best-medical-treatments,Tufts Medical Center Inc.,Massachusetts,,,,105
"Pilot Project: Engaging Patients, Doctors, and Healthcare Experts in Creating Guidelines for Cancer Screening",https://www.pcori.org/research-results/2012/pilot-project-engaging-patients-doctors-and-healthcare-experts-creating-guidelines-cancer-screening,University of Massachusetts Medical School,Massachusetts,,,,105
Pilot Project: Helping People Understand and Use Cancer Screening Recommendations,https://www.pcori.org/research-results/2012/pilot-project-helping-people-understand-and-use-cancer-screening-recommendations,University of Massachusetts Medical School,Massachusetts,,,,105
Pilot Project: Helping Patients Make Decisions about Treating Kidney Disease,https://www.pcori.org/research-results/2012/pilot-project-helping-patients-make-decisions-about-treating-kidney-disease,University of Michigan,Michigan,,,,105
Pilot Project: A New Way to Find Out What Types of Research Patients Want,https://www.pcori.org/research-results/2012/pilot-project-new-way-find-out-what-types-research-patients-want,"University of Michigan, Ann Arbor",Michigan,,,,105
Pilot Project: Methods to Reduce Bias in Comparative Effectiveness Research,https://www.pcori.org/research-results/2012/pilot-project-methods-reduce-bias-comparative-effectiveness-research,University of North Carolina at Chapel Hill,North Carolina,,,,105
Pilot Project: Using Video Games to Help People with Arm Weakness Recover,https://www.pcori.org/research-results/2012/pilot-project-using-video-games-help-people-arm-weakness-recover,The Ohio State University,Ohio,,,,105
Pilot Project: Testing the PROMIS Alcohol Use Survey for Patients Getting Substance Use Treatment,https://www.pcori.org/research-results/2012/pilot-project-testing-promis-alcohol-use-survey-patients-getting-substance-use-treatment,University of Pittsburgh Medical Center,Pennsylvania,,,,105
Pilot Project: Comparing Two Research Methods to Measure How Well Dynamic Treatment Works,https://www.pcori.org/research-results/2012/pilot-project-comparing-two-research-methods-measure-how-well-dynamic-treatment-works,"Medical Technology & Practice Patterns Institute, Inc.",Maryland,,,,105
Pilot Project: Creating a Decision-Support Computer Program to Help Cancer Patients Understand and Manage Their Symptoms,https://www.pcori.org/research-results/2012/pilot-project-creating-decision-support-computer-program-help-cancer-patients-understand-and-manage-their-symptoms,Dana-Farber Cancer Institute,Massachusetts,,,,105
Pilot Project: Discovering What Health Outcomes Matter Most to Children and Parents,https://www.pcori.org/research-results/2012/pilot-project-discovering-what-health-outcomes-matter-most-children-and-parents,Children's Hospital of Philadelphia (CHOP),Pennsylvania,,,,105
Pilot Project: Learning What Matters to Patients with Swollen or Irritated Blood Vessels,https://www.pcori.org/research-results/2012/pilot-project-learning-what-matters-patients-swollen-or-irritated-blood-vessels,University of Pennsylvania Perelman School of Medicine,Pennsylvania,,,,105
Pilot Project: Understanding How Much Patients Remember about Decisions Made during a Doctor's Visit,https://www.pcori.org/research-results/2012/pilot-project-understanding-how-much-patients-remember-about-decisions-made-during-doctors-visit,Brown University,Rhode Island,,,,105
Pilot Project: Improving Patient Care by Helping Patients and Doctors Communicate Better,https://www.pcori.org/research-results/2012/pilot-project-improving-patient-care-helping-patients-and-doctors-communicate-better,Palo Alto Medical Foundation Research Institute,California,,,,105
Pilot Project: Helping Patients with Irregular Heartbeat Decide Whether or Not to Get a Defibrillator,https://www.pcori.org/research-results/2012/pilot-project-helping-patients-irregular-heartbeat-decide-whether-or-not-get-defibrillator,University of Colorado School of Medicine,Colorado,,,,105
Pilot Project: Helping Nursing Home Residents and Their Families Decide Whether to Go to a Hospital for a Medical Problem,https://www.pcori.org/research-results/2012/pilot-project-helping-nursing-home-residents-and-their-families-decide-whether-go-hospital-medical-problem,Florida Atlantic University (FAU),Florida,,,,105
Pilot Project: What Makes Patients Rate Their Experiences Higher at Some Hospitals Compared With Others?,https://www.pcori.org/research-results/2012/pilot-project-what-makes-patients-rate-their-experiences-higher-some-hospitals-compared-others,Emory University,Georgia,,,,105
Pilot Project: Patient and Stakeholder Opinions on Simpler Informed Consent Options,https://www.pcori.org/research-results/2012/pilot-project-patient-and-stakeholder-opinions-simpler-informed-consent-options,Johns Hopkins Berman Institute of Bioethics,Maryland,,,,105
Pilot Project: Figuring Out Which Patients Are Likely to Return to the Hospital,https://www.pcori.org/research-results/2012/pilot-project-figuring-out-which-patients-are-likely-return-hospital,Boston University School of Medicine/ Boston Medical Center,Massachusetts,,,,105
Pilot Project: Figuring Out Why Some Patients Do Not Fill Their Blood Pressure Prescriptions,https://www.pcori.org/research-results/2012/pilot-project-figuring-out-why-some-patients-do-not-fill-their-blood-pressure-prescriptions,"Brigham and Women's Hospital, Inc.",Massachusetts,,,,105
Pilot Project: Understanding What Is Most Important to Patients with Back or Stomach Pain,https://www.pcori.org/research-results/2012/pilot-project-understanding-what-most-important-patients-back-or-stomach-pain,HealthPartners Research Foundation,Minnesota,,,,105
Pilot Project: Learning About Focus Groups and Interviews in Research,https://www.pcori.org/research-results/2012/pilot-project-learning-about-focus-groups-and-interviews-research,Family Health International,North Carolina,,,,106
Pilot Project: Figuring Out Why People with Heart Failure Go Back to the Hospital,https://www.pcori.org/research-results/2012/pilot-project-figuring-out-why-people-heart-failure-go-back-hospital,The Trustees of the University of Pennsylvania,Pennsylvania,,,,106
Pilot Project: Creating an App That Helps Stroke Survivors and Their Caregivers,https://www.pcori.org/research-results/2012/pilot-project-creating-app-helps-stroke-survivors-and-their-caregivers,National Stroke Association,Colorado,,,,106
Pilot Project: Do Friends and Family Members Answer Questions about Health Differently Than Patients Do?,https://www.pcori.org/research-results/2012/pilot-project-do-friends-and-family-members-answer-questions-about-health-differently-patients-do,University of Iowa,Iowa,,,,106
Pilot Project: Can Patient-Reported Outcomes Improve Patient-Clinician Decision Making About Rheumatoid Arthritis?,https://www.pcori.org/research-results/2012/pilot-project-can-patient-reported-outcomes-improve-patient-clinician-decision-making-about-rheumatoid-arthritis,Johns Hopkins University,Maryland,,,,106
Pilot Project: Learning What Matters Most to Patients with Peripheral Artery Disease,https://www.pcori.org/research-results/2012/pilot-project-learning-what-matters-most-patients-peripheral-artery-disease,St. Luke's Hospital of Kansas City,Missouri,,,,106
Pilot Project: Improving Ways to Discover Research Needs from Stakeholders,https://www.pcori.org/research-results/2012/pilot-project-improving-ways-discover-research-needs-stakeholders,"University of North Carolina Chapel Hill, Cecil G. Sheps Center for Health Services Research",North Carolina,,,,106
Pilot Project: Testing a Program to Help Older Adults with Long-Term Illnesses,https://www.pcori.org/research-results/2012/pilot-project-testing-program-help-older-adults-long-term-illnesses,Columbia University Medical Center,New York,,,,106
Pilot Project: Patients and Health Experts Work Together to Create New Ways of Delivering Primary Care,https://www.pcori.org/research-results/2012/pilot-project-patients-and-health-experts-work-together-create-new-ways-delivering-primary-care,Case Western Reserve University,Ohio,,,,106
Pilot Project: Working With Patients and Experts to Create a Survey about the Burdens of Living with a Rare Disease,https://www.pcori.org/research-results/2012/pilot-project-working-patients-and-experts-create-survey-about-burdens-living-rare-disease,University of Arkansas for Medical Sciences,Arkansas,,,,106
Pilot Project: An Evaluation of the Boot Camp Translation Process,https://www.pcori.org/research-results/2012/pilot-project-evaluation-boot-camp-translation-process,University of Colorado Denver,Colorado,,,,106
Pilot Project: Developing a Questionnaire to Help Patients with Chronic Illness Think about Their Preferences and Make Decisions with Their Doctors,https://www.pcori.org/research-results/2012/pilot-project-developing-questionnaire-help-patients-chronic-illness-think-about-their-preferences-and-make-decisions-their-doctors,Yale University,Connecticut,,,,106
Pilot Project: Understanding Patients' and Families' Experiences When Hospital Care Is Different Than Expected,https://www.pcori.org/research-results/2012/pilot-project-understanding-patients-and-families-experiences-when-hospital-care-different-expected,Vanderbilt University,Tennessee,,,,106
Pilot Project: Helping Physical Therapists Understand Patient Movement Goals in Physical Therapy,https://www.pcori.org/research-results/2012/pilot-project-helping-physical-therapists-understand-patient-movement-goals-physical-therapy,San Francisco State University,California,,,,106
Pilot Project: Developing an App to Help Alaska Native and American Indian Patients with Depression Manage Their Condition,https://www.pcori.org/research-results/2012/pilot-project-developing-app-help-alaska-native-and-american-indian-patients-depression-manage-their-condition,Southcentral Foundation,Alaska,,,,106
Pilot Project: Methods to Identify Community Priorities for Mental Health Care,https://www.pcori.org/research-results/2012/pilot-project-methods-identify-community-priorities-mental-health-care,University of Arkansas for Medical Sciences,Arkansas,,,,106
Pilot Project: Using Research to Learn How Patients Prefer to Get Mental Health Care,https://www.pcori.org/research-results/2012/pilot-project-using-research-learn-how-patients-prefer-get-mental-health-care,University of Arizona Mel and Enid Zuckerman College of Public Health,Arizona,,,,106
Pilot Project: Creating an App to Help Patients Understand and Manage Their Multiple Sclerosis,https://www.pcori.org/research-results/2012/pilot-project-creating-app-help-patients-understand-and-manage-their-multiple-sclerosis,University of California at San Francisco,California,,,,106
Pilot Project: Does the MySupport Survey Help Patients Talk to Their Doctors about Their Pain?,https://www.pcori.org/research-results/2012/pilot-project-does-mysupport-survey-help-patients-talk-their-doctors-about-their-pain,Kaiser Foundation Research Institute,California,,,,106
Pilot Project: Using Feedback to Help Doctors Avoid Ordering Unneeded Medical Tests,https://www.pcori.org/research-results/2012/pilot-project-using-feedback-help-doctors-avoid-ordering-unneeded-medical-tests,"University of California, Davis",California,,,,106
Pilot Project: How People with More Than One Health Problem Manage Their Many Medicines,https://www.pcori.org/research-results/2012/pilot-project-how-people-more-one-health-problem-manage-their-many-medicines,Washington State University,Washington,,,,106
Pilot Project: Understanding How Patients Make Decisions about Cancer Screenings,https://www.pcori.org/research-results/2012/pilot-project-understanding-how-patients-make-decisions-about-cancer-screenings,Virginia Commonwealth University,Virginia,,,,106
Pilot Project: Getting Patients' Views about the Effectiveness of Services Provided by Community Health Centers,https://www.pcori.org/research-results/2012/pilot-project-getting-patients-views-about-effectiveness-services-provided-community-health-centers,"University of California, Los Angeles",California,,,,106
Pilot Project: Using Parent Preferences in Decisions about Childhood Vaccines,https://www.pcori.org/research-results/2012/pilot-project-using-parent-preferences-decisions-about-childhood-vaccines,Kaiser Permanente Northern California,California,,,,106
Pilot Project: Understanding Healthcare Professionals' Involvement in Advocating for Better Patient Care Policies,https://www.pcori.org/research-results/2012/pilot-project-understanding-healthcare-professionals-involvement-advocating-better-patient-care-policies,University of Southern California School of Social Work,California,,,,106
Evaluating a Training Program for Rural Doctors and Nursing Home Staff on Safe Medicine Use for Patients with Dementia and Nursing Home Residents,https://www.pcori.org/research-results/2012/evaluating-training-program-rural-doctors-and-nursing-home-staff-safe-medicine-use-patients-dementia-and-nursing-home-residents,University of Iowa,Iowa,,,,107
Using Wellness Coaches and Extra Support to Improve the Health and Wellness of Adults with Serious Mental Illness,https://www.pcori.org/research-results/2012/using-wellness-coaches-and-extra-support-improve-health-and-wellness-adults-serious-mental-illness,UPMC Center for High ValueHealth Care,Pennsylvania,,,,107
Treatment Device Decision Aids for Youth with Type 1 Diabetes and Their Parents,https://www.pcori.org/research-results/2012/treatment-device-decision-aids-youth-type-1-diabetes-and-their-parents,Nemours Children's Clinic,Florida,,,,107
Relapsed Childhood Neuroblastoma as a Model for Parental End-of-Life Decision-Making,https://www.pcori.org/research-results/2012/relapsed-childhood-neuroblastoma-model-parental-end-life-decision-making,Dana-Farber Cancer Institute,Massachusetts,,,,107
Cognitive AED Outcomes in Pediatric Localization Related Epilepsy (COPE),https://www.pcori.org/research-results/2012/cognitive-aed-outcomes-pediatric-localization-related-epilepsy-cope,Emory University,Georgia,,,,107
Comparing Long-Term Outcomes of Two Collaborative Care Approaches for People with Depression,https://www.pcori.org/research-results/2012/comparing-long-term-outcomes-two-collaborative-care-approaches-people-depression,"University of California, Los Angeles",California,,,,107
Priorities and Preferences of Older Adults With Chronic Back Pain and Multiple Chronic Conditions,https://www.pcori.org/research-results/priorities-and-preferences-older-adults-chronic-back-pain-and-multiple-chronic-conditions,University of Washington,Washington,,,,107
