group,state,url,source_role,depth,seed_url,status,http_status,content_type,raw_path,text_path,title,error_or_gap_reason,text_chars,therapy_hits,rationale_hits
group-b,Illinois,https://govappointments.illinois.gov/boardsandcommissions/details/?id=1516cb5e-2007-ee11-8f6d-001dd8068008,capped-crawl seed follow-up,0,https://govappointments.illinois.gov/boardsandcommissions/details/?id=1516cb5e-2007-ee11-8f6d-001dd8068008,collected,200,text/html; charset=utf-8,raw/illinois/illinois__details-d6ff81f9__4a95a1d1d1.html,text/illinois/illinois__details-d6ff81f9__4a95a1d1d1.txt,"Boards and Commissions Details 
- Appointments",,4392,oncology_rare_specialty; infectious_disease,public_manufacturer_input; final_implementation
group-b,Illinois,https://hfs.illinois.gov/medicalproviders/pharmacy/committeeondrugsandtherapeutics.html,capped-crawl seed follow-up,0,https://hfs.illinois.gov/medicalproviders/pharmacy/committeeondrugsandtherapeutics.html,collected,200,text/html;charset=utf-8,raw/illinois/illinois__committeeondrugsandtherapeutics.html__9fbd831e1c.html,text/illinois/illinois__committeeondrugsandtherapeutics.html__9fbd831e1c.txt,Drugs and Therapeutics Advisory Board Agenda Request | HFS,,5847,infectious_disease,clinical_efficacy_safety; public_manufacturer_input; final_implementation
group-b,Illinois,https://hfs.illinois.gov/medicalproviders/pharmacy/pdlbackground.html,capped-crawl seed follow-up,0,https://hfs.illinois.gov/medicalproviders/pharmacy/pdlbackground.html,collected,200,text/html;charset=utf-8,raw/illinois/illinois__pdlbackground.html__adad75b814.html,text/illinois/illinois__pdlbackground.html__adad75b814.txt,PDL Background | HFS,,3604,infectious_disease,clinical_efficacy_safety; comparative_class_review; utilization_controls; cost_rebate; final_implementation
group-b,Indiana,https://www.in.gov/fssa/ompp/advisory-committees/ompp-meetings-and-agendas/,capped-crawl seed follow-up,0,https://www.in.gov/fssa/ompp/advisory-committees/ompp-meetings-and-agendas/,collected,200,text/html; charset=UTF-8,raw/indiana/indiana__ompp-meetings-and-agendas__3c10aebdd6.html,text/indiana/indiana__ompp-meetings-and-agendas__3c10aebdd6.txt,FSSA: Medicaid Policy: OMPP Meetings and Agendas IN.gov,,11277,,public_manufacturer_input
group-b,Indiana,https://www.in.gov/medicaid/providers/clinical-services/pharmacy-benefits/,capped-crawl seed follow-up,0,https://www.in.gov/medicaid/providers/clinical-services/pharmacy-benefits/,collected,200,text/html; charset=UTF-8,raw/indiana/indiana__pharmacy-benefits__f884840604.html,text/indiana/indiana__pharmacy-benefits__f884840604.txt,Indiana Medicaid: Providers: Pharmacy Benefits IN.gov,,20391,diabetes_glp1_obesity; oud_pain,clinical_efficacy_safety; pa_step_criteria; utilization_controls; cost_rebate; public_manufacturer_input; final_implementation
group-b,Indiana,https://www.in.gov/medicaid/providers/clinical-services/pharmacy-benefits/pharmacy-services/,capped-crawl seed follow-up,0,https://www.in.gov/medicaid/providers/clinical-services/pharmacy-benefits/pharmacy-services/,collected,200,text/html; charset=UTF-8,raw/indiana/indiana__pharmacy-services__c59dce60b0.html,text/indiana/indiana__pharmacy-services__c59dce60b0.txt,Indiana Medicaid: Providers: Pharmacy Services IN.gov,,22103,diabetes_glp1_obesity; oud_pain,clinical_efficacy_safety; pa_step_criteria; utilization_controls; cost_rebate; public_manufacturer_input; final_implementation
group-b,Indiana,https://www.law.cornell.edu/regulations/indiana/405-IAC-14-2-61,capped-crawl seed follow-up,0,https://www.law.cornell.edu/regulations/indiana/405-IAC-14-2-61,collected,200,text/html; charset=utf-8,raw/indiana/indiana__405-iac-14-2-61__b88278e525.html,text/indiana/indiana__405-iac-14-2-61__b88278e525.txt,405 IAC 14-2-61 - Drug coverage | State Regulations | US Law | LII / Legal Information Institute,,4516,oncology_rare_specialty,clinical_efficacy_safety; pa_step_criteria; utilization_controls; cost_rebate; final_implementation
group-b,Iowa,https://hhs.iowa.gov/medicaid/provider-services/medicaid-pharmacy,capped-crawl seed follow-up,0,https://hhs.iowa.gov/medicaid/provider-services/medicaid-pharmacy,collected,200,text/html; charset=UTF-8,raw/iowa/iowa__medicaid-pharmacy__69f89c9cfa.html,text/iowa/iowa__medicaid-pharmacy__69f89c9cfa.txt,Medicaid Pharmacy | Health & Human Services,,6593,diabetes_glp1_obesity; oncology_rare_specialty; oud_pain; infectious_disease,clinical_efficacy_safety; pa_step_criteria; utilization_controls; cost_rebate; public_manufacturer_input; final_implementation
group-b,Iowa,https://www.iowamedicaidpdl.com/pt-committee-public-comments/pt-committee-info.html,capped-crawl seed follow-up,0,https://www.iowamedicaidpdl.com/pt-committee-public-comments/pt-committee-info.html,collected,200,text/html;charset=utf-8,raw/iowa/iowa__pt-committee-info.html__4bc424a83b.html,text/iowa/iowa__pt-committee-info.html__4bc424a83b.txt,P&T Committee Information,,3819,,pa_step_criteria; cost_rebate; final_implementation
group-b,Iowa,https://www.iowamedicaidpdl.com/pt-committee-public-comments/public-comments.html,capped-crawl seed follow-up,0,https://www.iowamedicaidpdl.com/pt-committee-public-comments/public-comments.html,collected,200,text/html;charset=utf-8,raw/iowa/iowa__public-comments.html__7ff7033eba.html,text/iowa/iowa__public-comments.html__7ff7033eba.txt,Public Comments,,5613,,clinical_efficacy_safety; pa_step_criteria; cost_rebate; public_manufacturer_input
group-b,Kansas,https://www.coronavirus.kdheks.gov/202/Drug-Utilization-Review-Board,capped-crawl seed follow-up,0,https://www.coronavirus.kdheks.gov/202/Drug-Utilization-Review-Board,collected,200,text/html; charset=utf-8,raw/kansas/kansas__drug-utilization-review-board__e3466b3321.html,text/kansas/kansas__drug-utilization-review-board__e3466b3321.txt,"Drug Utilization Review Board | KDHE, KS Arrow Left Arrow Right Slideshow Left Arrow Slideshow Right Arrow",,5139,,clinical_efficacy_safety; pa_step_criteria; utilization_controls; public_manufacturer_input; final_implementation
group-b,Kansas,https://www.kdhe.ks.gov/212/Preferred-Drug-List-Program,capped-crawl seed follow-up,0,https://www.kdhe.ks.gov/212/Preferred-Drug-List-Program,collected,200,text/html; charset=utf-8,raw/kansas/kansas__preferred-drug-list-program__aaa69d858c.html,text/kansas/kansas__preferred-drug-list-program__aaa69d858c.txt,"Preferred Drug List Program | KDHE, KS Arrow Left Arrow Right Slideshow Left Arrow Slideshow Right Arrow",,3993,,clinical_efficacy_safety; comparative_class_review; pa_step_criteria; utilization_controls; cost_rebate
group-b,Kansas,https://www.kdhe.ks.gov/238/Preferred-Drug-List-Advisory-Committee,capped-crawl seed follow-up,0,https://www.kdhe.ks.gov/238/Preferred-Drug-List-Advisory-Committee,collected,200,text/html; charset=utf-8,raw/kansas/kansas__preferred-drug-list-advisory-committee__a5b398d87a.html,text/kansas/kansas__preferred-drug-list-advisory-committee__a5b398d87a.txt,"Preferred Drug List Advisory Committee | KDHE, KS Arrow Left Arrow Right Slideshow Left Arrow Slideshow Right Arrow",,2617,,clinical_efficacy_safety; utilization_controls; public_manufacturer_input
group-b,Kansas,https://www.kdhe.ks.gov/DocumentCenter/View/52547/DUR-Minutes---July-2025-PDF,capped-crawl seed follow-up,0,https://www.kdhe.ks.gov/DocumentCenter/View/52547/DUR-Minutes---July-2025-PDF,collected,200,application/pdf,raw/kansas/kansas__dur-minutes---july-2025-pdf__6d0aff1800.pdf,text/kansas/kansas__dur-minutes---july-2025-pdf__6d0aff1800.txt,,,8334,diabetes_glp1_obesity; oncology_rare_specialty; oud_pain; cardio_renal_metabolic,clinical_efficacy_safety; comparative_class_review; pa_step_criteria; utilization_controls; cost_rebate; public_manufacturer_input
group-b,Kansas,https://www.kdhe.ks.gov/DocumentCenter/View/55403/Agenda-January-2026-DUR?bidId=,capped-crawl seed follow-up,0,https://www.kdhe.ks.gov/DocumentCenter/View/55403/Agenda-January-2026-DUR?bidId=,collected,200,application/pdf,raw/kansas/kansas__agenda-january-2026-dur-8a11e2dc__b68c933509.pdf,text/kansas/kansas__agenda-january-2026-dur-8a11e2dc__b68c933509.txt,,,5904,diabetes_glp1_obesity; oncology_rare_specialty; cns_behavioral_migraine,comparative_class_review; pa_step_criteria; utilization_controls; public_manufacturer_input
group-b,Kansas,https://www.kdhe.ks.gov/DocumentCenter/View/56376/DUR-Minutes---October-2025-FINAL?bidId=,capped-crawl seed follow-up,0,https://www.kdhe.ks.gov/DocumentCenter/View/56376/DUR-Minutes---October-2025-FINAL?bidId=,collected,200,application/pdf,raw/kansas/kansas__dur-minutes---october-2025-final-8a11e2dc__030e76bf0f.pdf,text/kansas/kansas__dur-minutes---october-2025-final-8a11e2dc__030e76bf0f.txt,,,9061,immunology_biologics; oncology_rare_specialty; cns_behavioral_migraine,clinical_efficacy_safety; pa_step_criteria; utilization_controls; public_manufacturer_input
group-b,Kansas,https://www.kdhe.ks.gov/DocumentCenter/View/58733/Agenda-May-2026-DUR?bidId=,capped-crawl seed follow-up,0,https://www.kdhe.ks.gov/DocumentCenter/View/58733/Agenda-May-2026-DUR?bidId=,collected,200,application/pdf,raw/kansas/kansas__agenda-may-2026-dur-8a11e2dc__7ba724b48d.pdf,text/kansas/kansas__agenda-may-2026-dur-8a11e2dc__7ba724b48d.txt,,,7009,immunology_biologics; oncology_rare_specialty; cns_behavioral_migraine,comparative_class_review; pa_step_criteria; utilization_controls; cost_rebate; public_manufacturer_input
group-b,Kentucky,https://apps.legislature.ky.gov/law/kar/titles/907/023/010/REG/,capped-crawl seed follow-up,0,https://apps.legislature.ky.gov/law/kar/titles/907/023/010/REG/,collected,200,text/html,raw/kentucky/kentucky__reg__da3dd016fe.html,text/kentucky/kentucky__reg__da3dd016fe.txt,Title 907 Chapter 23 Regulation 010 • Kentucky Administrative Regulations • Legislative Research Commission,,58856,diabetes_glp1_obesity; oud_pain,clinical_efficacy_safety; pa_step_criteria; utilization_controls; cost_rebate; public_manufacturer_input; final_implementation
group-b,Kentucky,https://apps.legislature.ky.gov/law/statutes/statute.aspx?id=40947,capped-crawl seed follow-up,0,https://apps.legislature.ky.gov/law/statutes/statute.aspx?id=40947,collected,200,application/PDF,raw/kentucky/kentucky__statute.aspx-4d0bc561__ff1f057b31.pdf,text/kentucky/kentucky__statute.aspx-4d0bc561__ff1f057b31.txt,,,6333,,clinical_efficacy_safety; pa_step_criteria; public_manufacturer_input; final_implementation
group-b,Kentucky,https://kyportal.medimpact.com/medicaid-manufacturer-portal/medicaid-manufacturer-portal-home,capped-crawl seed follow-up,0,https://kyportal.medimpact.com/medicaid-manufacturer-portal/medicaid-manufacturer-portal-home,collected,200,text/html; charset=UTF-8,raw/kentucky/kentucky__medicaid-manufacturer-portal-home__af05f5b9d5.html,text/kentucky/kentucky__medicaid-manufacturer-portal-home__af05f5b9d5.txt,Medicaid Manufacturer Portal Home | Kentucky,,1190,,pa_step_criteria; public_manufacturer_input; final_implementation
group-b,Kentucky,https://kyportal.medimpact.com/provider-documents/pt-committee,capped-crawl seed follow-up,0,https://kyportal.medimpact.com/provider-documents/pt-committee,collected,200,text/html; charset=UTF-8,raw/kentucky/kentucky__pt-committee__41257da2e4.html,text/kentucky/kentucky__pt-committee__41257da2e4.txt,P&T Committee | Kentucky,,3878,,pa_step_criteria; public_manufacturer_input; final_implementation
group-b,Kentucky,https://www.chfs.ky.gov/agencies/dms/dpo/ppb/Pages/p-tac.aspx,capped-crawl seed follow-up,0,https://www.chfs.ky.gov/agencies/dms/dpo/ppb/Pages/p-tac.aspx,collected,200,text/html; charset=utf-8,raw/kentucky/kentucky__p-tac.aspx__3a61f0c4f9.html,text/kentucky/kentucky__p-tac.aspx__3a61f0c4f9.txt,"Pharmacy and Therapeutics Advisory Committee - 
Cabinet for Health and Family Services",,4284,cns_behavioral_migraine,public_manufacturer_input; final_implementation
group-b,Louisiana,https://ldh.la.gov/Pharmacy,capped-crawl seed follow-up,0,https://ldh.la.gov/Pharmacy,collected,200,text/html;charset=UTF-8,raw/louisiana/louisiana__pharmacy__9b06a46b75.html,text/louisiana/louisiana__pharmacy__9b06a46b75.txt,Pharmacy | Louisiana Department of Health,,24116,diabetes_glp1_obesity; oncology_rare_specialty; cns_behavioral_migraine; oud_pain; respiratory_allergy; infectious_disease; cardio_renal_metabolic,clinical_efficacy_safety; pa_step_criteria; utilization_controls; cost_rebate; public_manufacturer_input; final_implementation
group-b,Louisiana,https://ldh.la.gov/medicaid/pharmaceutical-and-therapeutic-committee,capped-crawl seed follow-up,0,https://ldh.la.gov/medicaid/pharmaceutical-and-therapeutic-committee,collected,200,text/html;charset=UTF-8,raw/louisiana/louisiana__pharmaceutical-and-therapeutic-committee__80fbce4cbb.html,text/louisiana/louisiana__pharmaceutical-and-therapeutic-committee__80fbce4cbb.txt,Pharmaceutical and Therapeutic Committee | Louisiana Department of Health,,18449,diabetes_glp1_obesity; oncology_rare_specialty; oud_pain; respiratory_allergy; infectious_disease; cardio_renal_metabolic,clinical_efficacy_safety; pa_step_criteria; public_manufacturer_input; final_implementation
group-b,Louisiana,https://wwwcfprd.doa.louisiana.gov/boardsandcommissions/viewBoard.cfm?board=491,capped-crawl seed follow-up,0,https://wwwcfprd.doa.louisiana.gov/boardsandcommissions/viewBoard.cfm?board=491,collected,200,text/html;charset=UTF-8,raw/louisiana/louisiana__viewboard.cfm-c195e820__1643742354.html,text/louisiana/louisiana__viewboard.cfm-c195e820__1643742354.txt,State of Louisiana - Boards and Commissions,,4118,infectious_disease,cost_rebate; final_implementation
group-b,Maine,https://www.maine.gov/dhhs/oms/mainecare-options/covered-services-benefits,capped-crawl seed follow-up,0,https://www.maine.gov/dhhs/oms/mainecare-options/covered-services-benefits,collected,200,text/html; charset=UTF-8,raw/maine/maine__covered-services-benefits__0e799cf7ac.html,text/maine/maine__covered-services-benefits__0e799cf7ac.txt,Covered Services & Benefits | Department of Health and Human Services,,13191,oud_pain; infectious_disease,clinical_efficacy_safety; comparative_class_review; pa_step_criteria; utilization_controls; cost_rebate; public_manufacturer_input; final_implementation
group-b,Maine,https://www.mainecarepdl.org/drug-utilization-review.html,capped-crawl seed follow-up,0,https://www.mainecarepdl.org/content/mainecarepdl/en/drug-utilization-review,collected,200,text/html;charset=utf-8,raw/maine/maine__drug-utilization-review.html__284fb65d8d.html,text/maine/maine__drug-utilization-review.html__284fb65d8d.txt,Drug Utilization Review,,1770,,pa_step_criteria; utilization_controls; public_manufacturer_input
group-b,Maine,https://www.mainecarepdl.org/drug-utilization-review.html,capped-crawl seed follow-up,0,https://www.mainecarepdl.org/content/mainecarepdl/en/drug-utilization-review.html,collected,200,text/html;charset=utf-8,raw/maine/maine__drug-utilization-review.html__284fb65d8d.html,text/maine/maine__drug-utilization-review.html__284fb65d8d.txt,Drug Utilization Review,,1770,,pa_step_criteria; utilization_controls; public_manufacturer_input
group-b,Maine,https://www.mainecarepdl.org/preferred-drug-lists.html,capped-crawl seed follow-up,0,https://www.mainecarepdl.org/content/mainecarepdl/en/preferred-drug-lists.html,collected,200,text/html;charset=utf-8,raw/maine/maine__preferred-drug-lists.html__5bf29bea5f.html,text/maine/maine__preferred-drug-lists.html__5bf29bea5f.txt,Preferred Drug Lists (PDL),,2724,,clinical_efficacy_safety; pa_step_criteria; utilization_controls; cost_rebate
group-b,Maryland,https://health.maryland.gov/mmcp/pap/docs/P%26T%20MEETING/Web%20agenda%20for%20PT%20November%202025.pdf,capped-crawl seed follow-up,0,https://health.maryland.gov/mmcp/pap/docs/P%26T%20MEETING/Web%20agenda%20for%20PT%20November%202025.pdf,failed,404,text/html,raw/maryland/maryland__web-agenda-for-pt-november-2025.pdf__1e9a79d304.error.txt,text/maryland/maryland__web-agenda-for-pt-november-2025.pdf__1e9a79d304.error.txt,,HTTP 404,786,,
group-b,Maryland,https://health.maryland.gov/mmcp/pap/pages/Preferred-Drug-List.aspx,capped-crawl seed follow-up,0,https://health.maryland.gov/mmcp/pap/pages/Preferred-Drug-List.aspx,collected,200,text/html; charset=utf-8,raw/maryland/maryland__preferred-drug-list.aspx__cb03d30a7c.html,text/maryland/maryland__preferred-drug-list.aspx__cb03d30a7c.txt,"Pages - 
Preferred Drug List",,921,oud_pain,clinical_efficacy_safety; final_implementation
group-b,Maryland,https://health.maryland.gov/mmcp/pap/pages/Public-Meeting-Announcement-and-Procedures-for-Public-Testimony.aspx,capped-crawl seed follow-up,0,https://health.maryland.gov/mmcp/pap/pages/Public-Meeting-Announcement-and-Procedures-for-Public-Testimony.aspx,failed,404,text/html; charset=utf-8,raw/maryland/maryland__public-meeting-announcement-and-procedures-for-public-testimony.aspx__8b67363cce.error.txt,text/maryland/maryland__public-meeting-announcement-and-procedures-for-public-testimony.aspx__8b67363cce.error.txt,,HTTP 404,754,,public_manufacturer_input
group-b,Maryland,https://health.maryland.gov/mmcp/pap/pages/pharmacy-therapeutics-committee-members.aspx,capped-crawl seed follow-up,0,https://health.maryland.gov/mmcp/pap/pages/pharmacy-therapeutics-committee-members.aspx,failed,404,text/html; charset=utf-8,raw/maryland/maryland__pharmacy-therapeutics-committee-members.aspx__0347c28bd7.error.txt,text/maryland/maryland__pharmacy-therapeutics-committee-members.aspx__0347c28bd7.error.txt,,HTTP 404,730,,
group-b,Maryland,https://health.maryland.gov/mmcp/pap/pages/public-meeting-announcement-and-procedures-for-public-testimony.aspx,capped-crawl seed follow-up,0,https://health.maryland.gov/mmcp/pap/pages/public-meeting-announcement-and-procedures-for-public-testimony.aspx,failed,404,text/html; charset=utf-8,raw/maryland/maryland__public-meeting-announcement-and-procedures-for-public-testimony.aspx__595936bcc9.error.txt,text/maryland/maryland__public-meeting-announcement-and-procedures-for-public-testimony.aspx__595936bcc9.error.txt,,HTTP 404,754,,public_manufacturer_input
group-b,Maryland,https://www.law.cornell.edu/regulations/maryland/COMAR-10-09-03-12,capped-crawl seed follow-up,0,https://www.law.cornell.edu/regulations/maryland/COMAR-10-09-03-12,collected,200,text/html; charset=utf-8,raw/maryland/maryland__comar-10-09-03-12__1c00e1067d.html,text/maryland/maryland__comar-10-09-03-12__1c00e1067d.txt,Md. Code Regs. 10.09.03.12 - Preferred Drug Program | State Regulations | US Law | LII / Legal Information Institute,,5459,infectious_disease,clinical_efficacy_safety; pa_step_criteria; cost_rebate; public_manufacturer_input; final_implementation
group-c,Minnesota,http://validate.perfdrive.com/d5bd5333eafe8b0ccd6023ba818d1aa6/?ssa=d48ff874-c891-4841-bcf2-09c9fa6475e2&ssb=97923224836&ssc=https%3A%2F%2Fmn.gov%2Fdhs%2Fpartners-and-providers%2Fnews-initiatives-reports-workgroups%2Fminnesota-health-care-programs%2Fdrug-formulary-committee%2F&ssi=d2730c96-bf56-43e2-a8ff-690a6847cf0a&ssk=support@shieldsquare.com&ssm=82602918266411474107951894892311&ssn=abff68640dc17583cb961f150574eb6f5206ee0ac12d-b818-49d5-bacdc5&sso=c5ccbc44-21becd1a25820c7325633fc10a976e14382fe65d38064aa8&ssp=82505525671779906625177999840253263&ssq=21571059019648122583590196714775436920947&ssr=MTAwLjguNDguMjUy&sst=Mozilla/5.0%20(Windows%20NT%2010.0;%20Win64;%20x64)%20AppleWebKit/537.36%20Chrome/125.0%20Safari/537.36&ssu=&ssv=&ssw=&ssx=W10=,capped-crawl seed follow-up,0,https://mn.gov/dhs/partners-and-providers/news-initiatives-reports-workgroups/minnesota-health-care-programs/drug-formulary-committee/,collected,200,text/html; charset=UTF-8,raw/minnesota/minnesota__d5bd5333eafe8b0ccd6023ba818d1aa6-9e3e920e__4cc4183795.html,text/minnesota/minnesota__d5bd5333eafe8b0ccd6023ba818d1aa6-9e3e920e__4cc4183795.txt,Radware Bot Manager Captcha State of MN Logo,,210,,
group-c,Minnesota,http://validate.perfdrive.com/d5bd5333eafe8b0ccd6023ba818d1aa6/?ssa=3c6cdffb-4b13-4f85-a81d-54d6e1c05875&ssb=70645202016&ssc=https%3A%2F%2Fmn.gov%2Fdhs%2Fpartners-and-providers%2Fnews-initiatives-reports-workgroups%2Fminnesota-health-care-programs%2Fdrug-formulary-committee%2Findex.jsp&ssi=4fd36c03-bf56-480e-9d4c-c1a21249da9b&ssk=support@shieldsquare.com&ssm=97192386187929983103355893955253&ssn=0b85bf32816d7d3b545deee97175a90d1a13e2c5e45f-acb3-4753-ba616a&sso=c7048159-e767f692136ffa23dfdcc9d6f353f6718f270d81269975d3&ssp=69501802151779923710177991848120144&ssq=31549689019775312577690197464367905026829&ssr=MTAwLjguNDguMjUy&sst=Mozilla/5.0%20(Windows%20NT%2010.0;%20Win64;%20x64)%20AppleWebKit/537.36%20Chrome/125.0%20Safari/537.36&ssu=&ssv=&ssw=&ssx=W10=,capped-crawl seed follow-up,0,https://mn.gov/dhs/partners-and-providers/news-initiatives-reports-workgroups/minnesota-health-care-programs/drug-formulary-committee/index.jsp,collected,200,text/html; charset=UTF-8,raw/minnesota/minnesota__d5bd5333eafe8b0ccd6023ba818d1aa6-304a9fbe__3170738718.html,text/minnesota/minnesota__d5bd5333eafe8b0ccd6023ba818d1aa6-304a9fbe__3170738718.txt,Radware Bot Manager Captcha State of MN Logo,,210,,
group-c,Mississippi,https://medicaid.ms.gov/pharmacy-and-therapeutics-committee/,capped-crawl seed follow-up,0,https://medicaid.ms.gov/pharmacy/pharmacy-and-therapeutics-committee/,collected,200,text/html; charset=UTF-8,raw/mississippi/mississippi__pharmacy-and-therapeutics-committee__532412ea43.html,text/mississippi/mississippi__pharmacy-and-therapeutics-committee__532412ea43.txt,Pharmacy and Therapeutics Committee - Mississippi Division of Medicaid Pharmacy and Therapeutics Committee - Mississippi Division of Medicaid,,4615,oncology_rare_specialty,clinical_efficacy_safety; pa_step_criteria; utilization_controls; cost_rebate; public_manufacturer_input; final_implementation
group-c,Montana,https://dphhs.mt.gov/boardscouncils/medicaiddur,capped-crawl seed follow-up,0,https://dphhs.mt.gov/boardscouncils/medicaiddur,collected,200,text/html,raw/montana/montana__medicaiddur__4a2e835224.html,text/montana/montana__medicaiddur__4a2e835224.txt,Medicaid Drug Use Review Board,,4791,,clinical_efficacy_safety; cost_rebate; final_implementation
group-c,Montana,https://medicaidprovider.mt.gov/19dur,capped-crawl seed follow-up,0,https://medicaidprovider.mt.gov/19dur,collected,200,text/html,raw/montana/montana__19dur__3f50a6f2e2.html,text/montana/montana__19dur__3f50a6f2e2.txt,19dur,,2531,infectious_disease,pa_step_criteria
group-c,Montana,https://medicaidprovider.mt.gov/docs/pharmacy/2026/May2026PreferredDrugList.pdf,capped-crawl seed follow-up,0,https://medicaidprovider.mt.gov/docs/pharmacy/2026/May2026PreferredDrugList.pdf,collected,200,application/pdf,raw/montana/montana__may2026preferreddruglist.pdf__841c6bb04c.pdf,text/montana/montana__may2026preferreddruglist.pdf__841c6bb04c.txt,,,77774,diabetes_glp1_obesity; immunology_biologics; cns_behavioral_migraine; oud_pain; respiratory_allergy; infectious_disease; cardio_renal_metabolic,clinical_efficacy_safety; comparative_class_review; pa_step_criteria; utilization_controls; cost_rebate
group-c,Montana,https://medicaidprovider.mt.gov/docs/pharmacydur/2026/February2026DURMM.pdf,capped-crawl seed follow-up,0,https://medicaidprovider.mt.gov/docs/pharmacydur/2026/February2026DURMM.pdf,collected,200,application/pdf,raw/montana/montana__february2026durmm.pdf__b163a2b273.pdf,text/montana/montana__february2026durmm.pdf__b163a2b273.txt,,,27979,diabetes_glp1_obesity; oncology_rare_specialty; cns_behavioral_migraine; respiratory_allergy; cardio_renal_metabolic,clinical_efficacy_safety; comparative_class_review; pa_step_criteria; public_manufacturer_input; final_implementation
group-c,Montana,https://www.medicaidprovider.mt.gov/docs/pharmacydur/2025/November2025DURMM.pdf,capped-crawl seed follow-up,0,https://www.medicaidprovider.mt.gov/docs/pharmacydur/2025/November2025DURMM.pdf,collected,200,application/pdf,raw/montana/montana__november2025durmm.pdf__876ab62fe4.pdf,text/montana/montana__november2025durmm.pdf__876ab62fe4.txt,,,53482,diabetes_glp1_obesity; immunology_biologics; oncology_rare_specialty; cns_behavioral_migraine; oud_pain; respiratory_allergy; cardio_renal_metabolic,clinical_efficacy_safety; comparative_class_review; pa_step_criteria; public_manufacturer_input; final_implementation
group-c,Nebraska,https://dhhs.ne.gov/Pages/Drug-Utilization-Review.aspx,capped-crawl seed follow-up,0,https://dhhs.ne.gov/Pages/Drug-Utilization-Review.aspx,collected,200,text/html; charset=utf-8,raw/nebraska/nebraska__drug-utilization-review.aspx__e97a40b211.html,text/nebraska/nebraska__drug-utilization-review.aspx__e97a40b211.txt,Drug Utilization Review,,14741,oncology_rare_specialty; cns_behavioral_migraine; oud_pain; infectious_disease; cardio_renal_metabolic,clinical_efficacy_safety; pa_step_criteria; utilization_controls; cost_rebate; public_manufacturer_input; final_implementation
group-c,Nebraska,https://nebraska.fhsc.com/PDL/PDLlistings.asp,capped-crawl seed follow-up,0,https://nebraska.fhsc.com/PDL/PDLlistings.asp,collected,200,text/html,raw/nebraska/nebraska__pdllistings.asp__48dff69253.html,text/nebraska/nebraska__pdllistings.asp__48dff69253.txt,Nebraska Medicaid program | PDL | PDL Listings,,6240,,clinical_efficacy_safety; pa_step_criteria; utilization_controls; final_implementation
group-c,Nebraska,https://nebraska.fhsc.com/PDL/PTcommittee.asp,capped-crawl seed follow-up,0,https://nebraska.fhsc.com/PDL/PTcommittee.asp,collected,200,text/html,raw/nebraska/nebraska__ptcommittee.asp__d0367d8657.html,text/nebraska/nebraska__ptcommittee.asp__d0367d8657.txt,Nebraska Medicaid program | PDL | P & T Committee,,2800,,clinical_efficacy_safety; pa_step_criteria; utilization_controls; public_manufacturer_input
group-c,Nebraska,https://nebraskalegislature.gov/laws/statutes.php?statute=68-953,capped-crawl seed follow-up,0,https://nebraskalegislature.gov/laws/statutes.php?statute=68-953,collected,200,text/html; charset=UTF-8,raw/nebraska/nebraska__statutes.php-30c9b705__681b8d7358.html,text/nebraska/nebraska__statutes.php-30c9b705__681b8d7358.txt,Nebraska Legislature,,3966,oncology_rare_specialty,clinical_efficacy_safety; cost_rebate; public_manufacturer_input; final_implementation
group-c,Nevada,https://www.nevadamedicaid.nv.gov/,capped-crawl seed follow-up,0,https://dhcfp.nv.gov/boards/cpt/p_tmain/,collected,200,text/html; charset=utf-8,raw/nevada/nevada__www.nevadamedicaid.nv.gov__e20501b6db.html,text/nevada/nevada__www.nevadamedicaid.nv.gov__e20501b6db.txt,Nevada Medicaid Home,,1730,,
group-c,Nevada,https://www.nevadamedicaid.nv.gov/public-notices/meeting-archives/drug-use-review-board-meeting-archive/dur-archives-2025/,capped-crawl seed follow-up,0,https://www.nevadamedicaid.nv.gov/public-notices/meeting-archives/drug-use-review-board-meeting-archive/dur-archives-2025/,collected,200,text/html; charset=utf-8,raw/nevada/nevada__dur-archives-2025__a912ba9082.html,text/nevada/nevada__dur-archives-2025__a912ba9082.txt,2025 DUR Archives,,1565,,utilization_controls
group-c,Nevada,https://www.nevadamedicaid.nv.gov/siteassets/content/boards/cpt/DUR_2026_Meeting_Schedule.pdf,capped-crawl seed follow-up,0,https://www.nevadamedicaid.nv.gov/uploadedFiles/dhcfpnvgov/content/Boards/CPT/DUR_2026_Meeting_Schedule.pdf,collected,200,application/pdf,raw/nevada/nevada__dur_2026_meeting_schedule.pdf__f64c30287e.pdf,text/nevada/nevada__dur_2026_meeting_schedule.pdf__f64c30287e.txt,,,127,,utilization_controls
group-c,New Hampshire,https://nh.primetherapeutics.com/,capped-crawl seed follow-up,0,https://nh.primetherapeutics.com/,collected,200,text/html;charset=UTF-8,raw/new-hampshire/new-hampshire__nh.primetherapeutics.com__0c2ec73b5d.html,text/new-hampshire/new-hampshire__nh.primetherapeutics.com__0c2ec73b5d.txt,Home - New Hampshire - Portal,,20284,diabetes_glp1_obesity; immunology_biologics; oncology_rare_specialty; cns_behavioral_migraine; oud_pain; respiratory_allergy; infectious_disease; cardio_renal_metabolic,clinical_efficacy_safety; comparative_class_review; pa_step_criteria; utilization_controls; cost_rebate; final_implementation
group-c,New Hampshire,https://nh.primetherapeutics.com/documents/51139/51636/Preferred%20Drug%20List%20-%207.14.2025/91c61a5a-350c-a884-33f0-5c390327898c,capped-crawl seed follow-up,0,https://nh.primetherapeutics.com/documents/51139/51636/Preferred%20Drug%20List%20-%207.14.2025/91c61a5a-350c-a884-33f0-5c390327898c,collected,200,application/pdf,raw/new-hampshire/new-hampshire__91c61a5a-350c-a884-33f0-5c390327898c__e7132704af.pdf,text/new-hampshire/new-hampshire__91c61a5a-350c-a884-33f0-5c390327898c__e7132704af.txt,,,90862,diabetes_glp1_obesity; immunology_biologics; oncology_rare_specialty; cns_behavioral_migraine; oud_pain; respiratory_allergy; infectious_disease; cardio_renal_metabolic,clinical_efficacy_safety; comparative_class_review; pa_step_criteria; final_implementation
group-c,New Hampshire,https://nh.primetherapeutics.com/documents/51139/59645/Agenda%204.21.2026/0d85a47e-b33c-0bf5-4e03-aa60902f1426,capped-crawl seed follow-up,0,https://nh.primetherapeutics.com/documents/51139/59645/Agenda%204.21.2026/0d85a47e-b33c-0bf5-4e03-aa60902f1426,collected,200,application/pdf,raw/new-hampshire/new-hampshire__0d85a47e-b33c-0bf5-4e03-aa60902f1426__41e29312fd.pdf,text/new-hampshire/new-hampshire__0d85a47e-b33c-0bf5-4e03-aa60902f1426__41e29312fd.txt,,,4311,diabetes_glp1_obesity; immunology_biologics; oncology_rare_specialty; cns_behavioral_migraine; respiratory_allergy; infectious_disease; cardio_renal_metabolic,clinical_efficacy_safety; pa_step_criteria; utilization_controls; public_manufacturer_input; final_implementation
group-c,New Hampshire,https://nh.primetherapeutics.com/documents/51139/59645/Agenda%209.23.2025/4179d8ea-42a9-e8d3-1323-62a8c9d07f8a,capped-crawl seed follow-up,0,https://nh.primetherapeutics.com/documents/51139/59645/Agenda%209.23.2025/4179d8ea-42a9-e8d3-1323-62a8c9d07f8a,collected,200,application/pdf,raw/new-hampshire/new-hampshire__4179d8ea-42a9-e8d3-1323-62a8c9d07f8a__b11a733553.pdf,text/new-hampshire/new-hampshire__4179d8ea-42a9-e8d3-1323-62a8c9d07f8a__b11a733553.txt,,,4108,immunology_biologics; oncology_rare_specialty; cns_behavioral_migraine; oud_pain; respiratory_allergy; cardio_renal_metabolic,clinical_efficacy_safety; pa_step_criteria; utilization_controls; public_manufacturer_input; final_implementation
group-c,New Jersey,https://nj.gov/humanservices/dmahs/boards/durb/members/,capped-crawl seed follow-up,0,https://nj.gov/humanservices/dmahs/boards/durb/members/,failed,404,text/html,raw/new-jersey/new-jersey__members__44eff7b966.error.txt,text/new-jersey/new-jersey__members__44eff7b966.error.txt,,HTTP 404,10510,cardio_renal_metabolic,final_implementation
group-c,New Jersey,https://www.nj.gov/humanservices/dmahs/boards/durb/,capped-crawl seed follow-up,0,https://www.nj.gov/humanservices/dmahs/boards/durb/,failed,,,,,,TimeoutError: The read operation timed out,0,,
group-c,New Jersey,https://www.nj.gov/humanservices/dmahs/boards/durb/meeting/,capped-crawl seed follow-up,0,https://www.nj.gov/humanservices/dmahs/boards/durb/meeting/,failed,404,text/html,raw/new-jersey/new-jersey__meeting__a11dd29b2d.error.txt,text/new-jersey/new-jersey__meeting__a11dd29b2d.error.txt,,HTTP 404,10510,cardio_renal_metabolic,final_implementation
group-e,West Virginia,https://bms.wv.gov/pharmaceutical-and-therapeutics-pt-committee-meetings,capped-crawl seed follow-up,0,https://bms.wv.gov/pharmaceutical-and-therapeutics-pt-committee-meetings,collected,200,text/html; charset=UTF-8,raw/west-virginia/west-virginia__pharmaceutical-and-therapeutics-pt-committee-meetings__f40009f7ba.html,text/west-virginia/west-virginia__pharmaceutical-and-therapeutics-pt-committee-meetings__f40009f7ba.txt,Pharmaceutical and Therapeutics (P&T) Committee Meetings | Bureau for Medical Services,,2237,,final_implementation
group-e,West Virginia,https://dhhr.wv.gov/bms/BMS%20Pharmacy/Pages/Preferred-Drug-List.aspx,capped-crawl seed follow-up,0,https://dhhr.wv.gov/bms/BMS%20Pharmacy/Pages/Preferred-Drug-List.aspx,failed,404,text/html; charset=utf-8,raw/west-virginia/west-virginia__preferred-drug-list.aspx__14156e868a.error.txt,text/west-virginia/west-virginia__preferred-drug-list.aspx__14156e868a.error.txt,,HTTP 404,699,,
group-e,West Virginia,https://dhhr.wv.gov/bms/BMS%20Pharmacy/PharmTheraComm/Pages/default.aspx,capped-crawl seed follow-up,0,https://dhhr.wv.gov/bms/BMS%20Pharmacy/PharmTheraComm/Pages/default.aspx,failed,404,text/html; charset=utf-8,raw/west-virginia/west-virginia__default.aspx__649c25dfd6.error.txt,text/west-virginia/west-virginia__default.aspx__649c25dfd6.error.txt,,HTTP 404,707,,
group-e,West Virginia,https://dhhr.wv.gov/bms/provider/documents/manuals/chapter_518_pharmacy_services.pdf,capped-crawl seed follow-up,0,https://dhhr.wv.gov/bms/provider/documents/manuals/chapter_518_pharmacy_services.pdf,failed,404,text/html,raw/west-virginia/west-virginia__chapter_518_pharmacy_services.pdf__815f8145c5.error.txt,text/west-virginia/west-virginia__chapter_518_pharmacy_services.pdf__815f8145c5.error.txt,,HTTP 404,714,,
group-e,Wisconsin,https://www.forwardhealth.wi.gov/WIPortal/content/provider/medicaid/pharmacy/resources.htm.spage,capped-crawl seed follow-up,0,https://www.forwardhealth.wi.gov/WIPortal/content/provider/medicaid/pharmacy/resources.htm.spage,collected,200,text/html; charset=utf-8,raw/wisconsin/wisconsin__resources.htm.spage__73dd459712.html,text/wisconsin/wisconsin__resources.htm.spage__73dd459712.txt,"ForwardHealth Provider Type: 24, Pharmacy",,3511,oncology_rare_specialty; infectious_disease,clinical_efficacy_safety; pa_step_criteria; utilization_controls; cost_rebate; final_implementation
group-e,Wisconsin,https://www.forwardhealth.wi.gov/WIPortal/content/provider/pac/index.htm.spage,capped-crawl seed follow-up,0,https://www.forwardhealth.wi.gov/WIPortal/content/provider/pac/index.htm.spage,collected,200,text/html; charset=utf-8,raw/wisconsin/wisconsin__index.htm.spage__82796d668d.html,text/wisconsin/wisconsin__index.htm.spage__82796d668d.txt,Wisconsin Medicaid Pharmacy Prior Authorization Advisory Committee,,8505,,comparative_class_review; pa_step_criteria; public_manufacturer_input; final_implementation
group-e,Wisconsin,https://www.forwardhealth.wi.gov/WIPortal/content/provider/pac/pdf/PAC_Guidelines.pdf.spage,capped-crawl seed follow-up,0,https://www.forwardhealth.wi.gov/WIPortal/content/provider/pac/pdf/PAC_Guidelines.pdf.spage,collected,200,application/pdf,raw/wisconsin/wisconsin__pac_guidelines.pdf.spage__7512065a06.pdf,text/wisconsin/wisconsin__pac_guidelines.pdf.spage__7512065a06.txt,,,24480,cns_behavioral_migraine; cardio_renal_metabolic,clinical_efficacy_safety; comparative_class_review; pa_step_criteria; cost_rebate; public_manufacturer_input; final_implementation
group-e,Wisconsin,https://www.forwardhealthsete.wi.gov/WIPortal/content/provider/medicaid/pharmacy/pdl/pdfs/pdl_list.pdf.spage,capped-crawl seed follow-up,0,https://www.forwardhealthsete.wi.gov/WIPortal/content/provider/medicaid/pharmacy/pdl/pdfs/pdl_list.pdf.spage,collected,200,application/pdf,raw/wisconsin/wisconsin__pdl_list.pdf.spage__e419938c1f.pdf,text/wisconsin/wisconsin__pdl_list.pdf.spage__e419938c1f.txt,,,16706,immunology_biologics; cns_behavioral_migraine; oud_pain; infectious_disease,clinical_efficacy_safety; pa_step_criteria; cost_rebate; public_manufacturer_input
group-e,Wyoming,https://health.wyo.gov/wp-content/uploads/2023/04/SFY-2022-Annual-Report_Final.pdf,capped-crawl seed follow-up,0,https://health.wyo.gov/wp-content/uploads/2023/04/SFY-2022-Annual-Report_Final.pdf,collected,200,application/pdf,raw/wyoming/wyoming__sfy-2022-annual-report_final.pdf__97d5b7c3ce.pdf,text/wyoming/wyoming__sfy-2022-annual-report_final.pdf__97d5b7c3ce.txt,,,264962,diabetes_glp1_obesity; oncology_rare_specialty; cns_behavioral_migraine; oud_pain; respiratory_allergy; infectious_disease; cardio_renal_metabolic,clinical_efficacy_safety; comparative_class_review; pa_step_criteria; utilization_controls; cost_rebate; public_manufacturer_input; final_implementation
group-e,Wyoming,https://www.law.cornell.edu/regulations/wyoming/agency-048/subagency-0037/chapter-10/W-S-10-12,capped-crawl seed follow-up,0,https://www.law.cornell.edu/regulations/wyoming/agency-048/subagency-0037/chapter-10/W-S-10-12,collected,200,text/html; charset=utf-8,raw/wyoming/wyoming__w-s-10-12__4fbf9df201.html,text/wyoming/wyoming__w-s-10-12__4fbf9df201.txt,W.S. 10-12 - Pharmacy and Therapeutics (P&T) Committee | State Regulations | US Law | LII / Legal Information Institute,,3052,,clinical_efficacy_safety; pa_step_criteria; utilization_controls; final_implementation
group-e,Wyoming,https://www.uwyo.edu/dur/_files/Agendas/2024/mayagenda26.pdf,capped-crawl seed follow-up,0,https://www.uwyo.edu/dur/_files/Agendas/2024/mayagenda26.pdf,collected,200,application/pdf,raw/wyoming/wyoming__mayagenda26.pdf__a93cb65069.pdf,text/wyoming/wyoming__mayagenda26.pdf__a93cb65069.txt,,,994,,comparative_class_review; pa_step_criteria; utilization_controls; final_implementation
group-e,Wyoming,https://www.uwyo.edu/dur/_files/homepage-files/phrmaguidelines2023.pdf,capped-crawl seed follow-up,0,https://www.uwyo.edu/dur/_files/homepage-files/phrmaguidelines2023.pdf,collected,200,application/pdf,raw/wyoming/wyoming__phrmaguidelines2023.pdf__fa2d09f061.pdf,text/wyoming/wyoming__phrmaguidelines2023.pdf__fa2d09f061.txt,,,4406,,clinical_efficacy_safety; comparative_class_review; public_manufacturer_input
group-e,Wyoming,https://www.uwyo.edu/dur/_files/minutes/2024/minutes021226.pdf,capped-crawl seed follow-up,0,https://www.uwyo.edu/dur/_files/minutes/2024/minutes021226.pdf,collected,200,application/pdf,raw/wyoming/wyoming__minutes021226.pdf__e511326752.pdf,text/wyoming/wyoming__minutes021226.pdf__e511326752.txt,,,9148,diabetes_glp1_obesity; cns_behavioral_migraine; respiratory_allergy; infectious_disease; cardio_renal_metabolic,clinical_efficacy_safety; comparative_class_review; pa_step_criteria; cost_rebate; public_manufacturer_input; final_implementation
group-e,Wyoming,https://www.uwyo.edu/dur/augminutes2025.pdf,capped-crawl seed follow-up,0,https://www.uwyo.edu/dur/augminutes2025.pdf,collected,200,application/pdf,raw/wyoming/wyoming__augminutes2025.pdf__5f0023c5b4.pdf,text/wyoming/wyoming__augminutes2025.pdf__5f0023c5b4.txt,,,11367,diabetes_glp1_obesity; immunology_biologics; oncology_rare_specialty; respiratory_allergy; infectious_disease; cardio_renal_metabolic,clinical_efficacy_safety; comparative_class_review; pa_step_criteria; utilization_controls; cost_rebate; public_manufacturer_input; final_implementation
group-e,Wyoming,https://www.uwyo.edu/dur/november25minutes.pdf,capped-crawl seed follow-up,0,https://www.uwyo.edu/dur/november25minutes.pdf,collected,200,application/pdf,raw/wyoming/wyoming__november25minutes.pdf__5653a846cf.pdf,text/wyoming/wyoming__november25minutes.pdf__5653a846cf.txt,,,12576,diabetes_glp1_obesity; immunology_biologics; oncology_rare_specialty; cns_behavioral_migraine; respiratory_allergy; infectious_disease; cardio_renal_metabolic,clinical_efficacy_safety; comparative_class_review; pa_step_criteria; cost_rebate; public_manufacturer_input; final_implementation
group-b,Illinois,https://www.illinois.gov/about/communications-opt-in.html,linked from capped seed: Get Email Updates,1,https://govappointments.illinois.gov/boardsandcommissions/details/?id=1516cb5e-2007-ee11-8f6d-001dd8068008,collected,200,text/html;charset=utf-8,raw/illinois/illinois__communications-opt-in.html__5f9e4d88f8.html,text/illinois/illinois__communications-opt-in.html__5f9e4d88f8.txt,Email Updates,,507,,
group-b,Illinois,https://govappointments.illinois.gov/,linked from capped seed: https://govappointments.illinois.gov/boardsandcommissions/details/?id=1516cb5e-2007-ee11-8f6d-001dd8068008,1,https://govappointments.illinois.gov/boardsandcommissions/details/?id=1516cb5e-2007-ee11-8f6d-001dd8068008,collected,200,text/html; charset=utf-8,raw/illinois/illinois__govappointments.illinois.gov__c80cf8ab15.html,text/illinois/illinois__govappointments.illinois.gov__c80cf8ab15.txt,"Home 
- Appointments",,928,,
group-b,Illinois,https://govappointments.illinois.gov/boardsandcommissions/,linked from capped seed: Boards and Commissions,1,https://govappointments.illinois.gov/boardsandcommissions/details/?id=1516cb5e-2007-ee11-8f6d-001dd8068008,collected,200,text/html; charset=utf-8,raw/illinois/illinois__boardsandcommissions__441916d41f.html,text/illinois/illinois__boardsandcommissions__441916d41f.txt,"Boards and Commissions 
- Appointments",,24738,oncology_rare_specialty; oud_pain; infectious_disease; cardio_renal_metabolic,clinical_efficacy_safety; cost_rebate; public_manufacturer_input; final_implementation
group-b,Illinois,https://hfs.illinois.gov/content/dam/soi/en/web/hfs/sitecollectiondocuments/10112024dtabmeetingagenda.pdf,"linked from capped seed: October 11, 2024 Meeting Agenda (pdf)",1,https://hfs.illinois.gov/medicalproviders/pharmacy/committeeondrugsandtherapeutics.html,collected,200,application/pdf,raw/illinois/illinois__10112024dtabmeetingagenda.pdf__98029451a2.pdf,text/illinois/illinois__10112024dtabmeetingagenda.pdf__98029451a2.txt,,,815,immunology_biologics; infectious_disease,clinical_efficacy_safety; comparative_class_review; final_implementation
group-b,Illinois,https://hfs.illinois.gov/content/dam/soi/en/web/hfs/sitecollectiondocuments/10102024dtabmeetingminutes.pdf,"linked from capped seed: October 10,2024 Meeting Minutes (pdf)",1,https://hfs.illinois.gov/medicalproviders/pharmacy/committeeondrugsandtherapeutics.html,collected,200,application/pdf,raw/illinois/illinois__10102024dtabmeetingminutes.pdf__6c2a742a3e.pdf,text/illinois/illinois__10102024dtabmeetingminutes.pdf__6c2a742a3e.txt,,,9237,immunology_biologics; oncology_rare_specialty; infectious_disease; cardio_renal_metabolic,clinical_efficacy_safety; comparative_class_review; utilization_controls; cost_rebate; public_manufacturer_input; final_implementation
group-b,Illinois,https://hfs.illinois.gov/content/dam/soi/en/web/hfs/sitecollectiondocuments/10092025dtabmeetingagenda.pdf,"linked from capped seed: October 9, 2025 Meeting Agenda (pdf)",1,https://hfs.illinois.gov/medicalproviders/pharmacy/committeeondrugsandtherapeutics.html,collected,200,application/pdf,raw/illinois/illinois__10092025dtabmeetingagenda.pdf__5e81a32872.pdf,text/illinois/illinois__10092025dtabmeetingagenda.pdf__5e81a32872.txt,,,870,cns_behavioral_migraine,clinical_efficacy_safety; comparative_class_review; public_manufacturer_input; final_implementation
group-b,Illinois,https://hfs.illinois.gov/content/dam/soi/en/web/hfs/sitecollectiondocuments/08012024dtabmeetingminutes.pdf,"linked from capped seed: August 1, 2024 Meeting Minutes (pdf)",1,https://hfs.illinois.gov/medicalproviders/pharmacy/committeeondrugsandtherapeutics.html,collected,200,application/pdf,raw/illinois/illinois__08012024dtabmeetingminutes.pdf__62ad40670c.pdf,text/illinois/illinois__08012024dtabmeetingminutes.pdf__62ad40670c.txt,,,11807,diabetes_glp1_obesity; immunology_biologics; oncology_rare_specialty; cns_behavioral_migraine; respiratory_allergy; cardio_renal_metabolic,clinical_efficacy_safety; comparative_class_review; pa_step_criteria; cost_rebate; public_manufacturer_input; final_implementation
group-b,Illinois,https://hfs.illinois.gov/content/dam/soi/en/web/hfs/sitecollectiondocuments/08012024dtabmeetingagenda.pdf,"linked from capped seed: August 1, 2024 Meeting Agenda (pdf)",1,https://hfs.illinois.gov/medicalproviders/pharmacy/committeeondrugsandtherapeutics.html,collected,200,application/pdf,raw/illinois/illinois__08012024dtabmeetingagenda.pdf__cbdbecfbdf.pdf,text/illinois/illinois__08012024dtabmeetingagenda.pdf__cbdbecfbdf.txt,,,920,,clinical_efficacy_safety; comparative_class_review; final_implementation
group-b,Illinois,https://hfs.illinois.gov/content/dam/soi/en/web/hfs/sitecollectiondocuments/07102025dtabmeetingminutes.pdf,"linked from capped seed: July 10, 2025 Meeting Minutes (pdf)",1,https://hfs.illinois.gov/medicalproviders/pharmacy/committeeondrugsandtherapeutics.html,collected,200,application/pdf,raw/illinois/illinois__07102025dtabmeetingminutes.pdf__d5179cd8e8.pdf,text/illinois/illinois__07102025dtabmeetingminutes.pdf__d5179cd8e8.txt,,,5750,,clinical_efficacy_safety; comparative_class_review; pa_step_criteria; public_manufacturer_input; final_implementation
group-b,Illinois,https://hfs.illinois.gov/content/dam/soi/en/web/hfs/sitecollectiondocuments/07102025dtabmeetingagenda.pdf,"linked from capped seed: July 10, 2025 Meeting Agenda (pdf)",1,https://hfs.illinois.gov/medicalproviders/pharmacy/committeeondrugsandtherapeutics.html,collected,200,application/pdf,raw/illinois/illinois__07102025dtabmeetingagenda.pdf__27d5420448.pdf,text/illinois/illinois__07102025dtabmeetingagenda.pdf__27d5420448.txt,,,891,,clinical_efficacy_safety; comparative_class_review; public_manufacturer_input; final_implementation
group-b,Illinois,https://hfs.illinois.gov/content/dam/soi/en/web/hfs/sitecollectiondocuments/04112024dtabmeetingminutes.pdf,"linked from capped seed: April 11, 2024 Meeting Minutes (pdf)",1,https://hfs.illinois.gov/medicalproviders/pharmacy/committeeondrugsandtherapeutics.html,collected,200,application/pdf,raw/illinois/illinois__04112024dtabmeetingminutes.pdf__476e8d709d.pdf,text/illinois/illinois__04112024dtabmeetingminutes.pdf__476e8d709d.txt,,,10552,respiratory_allergy,clinical_efficacy_safety; comparative_class_review; pa_step_criteria; utilization_controls; public_manufacturer_input; final_implementation
group-b,Illinois,https://hfs.illinois.gov/content/dam/soi/en/web/hfs/sitecollectiondocuments/04112024dtabmeetingagenda.pdf,"linked from capped seed: April 11, 2024 Meeting Agenda (pdf)",1,https://hfs.illinois.gov/medicalproviders/pharmacy/committeeondrugsandtherapeutics.html,collected,200,application/pdf,raw/illinois/illinois__04112024dtabmeetingagenda.pdf__c46387c2a1.pdf,text/illinois/illinois__04112024dtabmeetingagenda.pdf__c46387c2a1.txt,,,915,,clinical_efficacy_safety; comparative_class_review; final_implementation
group-b,Illinois,https://hfs.illinois.gov/content/dam/soi/en/web/hfs/sitecollectiondocuments/04102025dtabmeetingminutes.pdf,"linked from capped seed: April 10, 2025 Meeting Minutes (pdf)",1,https://hfs.illinois.gov/medicalproviders/pharmacy/committeeondrugsandtherapeutics.html,collected,200,application/pdf,raw/illinois/illinois__04102025dtabmeetingminutes.pdf__889127cdeb.pdf,text/illinois/illinois__04102025dtabmeetingminutes.pdf__889127cdeb.txt,,,5572,,clinical_efficacy_safety; comparative_class_review; pa_step_criteria; utilization_controls; public_manufacturer_input; final_implementation
group-b,Illinois,https://hfs.illinois.gov/content/dam/soi/en/web/hfs/sitecollectiondocuments/04102025dtabmeetingagenda.pdf,"linked from capped seed: April 10, 2025 Meeting Agenda (pdf)",1,https://hfs.illinois.gov/medicalproviders/pharmacy/committeeondrugsandtherapeutics.html,collected,200,application/pdf,raw/illinois/illinois__04102025dtabmeetingagenda.pdf__e7e6c50c92.pdf,text/illinois/illinois__04102025dtabmeetingagenda.pdf__e7e6c50c92.txt,,,924,,clinical_efficacy_safety; comparative_class_review; public_manufacturer_input; final_implementation
group-b,Illinois,https://hfs.illinois.gov/content/dam/soi/en/web/hfs/sitecollectiondocuments/01112024dtabmeetingminutes.pdf,"linked from capped seed: January 11, 2024 Meeting Minutes (pdf)",1,https://hfs.illinois.gov/medicalproviders/pharmacy/committeeondrugsandtherapeutics.html,collected,200,application/pdf,raw/illinois/illinois__01112024dtabmeetingminutes.pdf__b0ba3b2d53.pdf,text/illinois/illinois__01112024dtabmeetingminutes.pdf__b0ba3b2d53.txt,,,9556,diabetes_glp1_obesity; oncology_rare_specialty; cardio_renal_metabolic,clinical_efficacy_safety; comparative_class_review; pa_step_criteria; utilization_controls; cost_rebate; public_manufacturer_input; final_implementation
group-b,Illinois,https://hfs.illinois.gov/content/dam/soi/en/web/hfs/sitecollectiondocuments/01112024dtabmeetingagenda.pdf,"linked from capped seed: January 11, 2024 Meeting Agenda (pdf)",1,https://hfs.illinois.gov/medicalproviders/pharmacy/committeeondrugsandtherapeutics.html,collected,200,application/pdf,raw/illinois/illinois__01112024dtabmeetingagenda.pdf__5ebbec5110.pdf,text/illinois/illinois__01112024dtabmeetingagenda.pdf__5ebbec5110.txt,,,851,diabetes_glp1_obesity,clinical_efficacy_safety; comparative_class_review; public_manufacturer_input; final_implementation
group-b,Illinois,https://hfs.illinois.gov/content/dam/soi/en/web/hfs/sitecollectiondocuments/01092025dtabmeetingminutes.pdf,"linked from capped seed: January 9, 2025 Meeting Minutes (pdf)",1,https://hfs.illinois.gov/medicalproviders/pharmacy/committeeondrugsandtherapeutics.html,collected,200,application/pdf,raw/illinois/illinois__01092025dtabmeetingminutes.pdf__d32f3ebaa2.pdf,text/illinois/illinois__01092025dtabmeetingminutes.pdf__d32f3ebaa2.txt,,,7500,cns_behavioral_migraine; infectious_disease,clinical_efficacy_safety; comparative_class_review; pa_step_criteria; utilization_controls; public_manufacturer_input; final_implementation
group-b,Illinois,https://hfs.illinois.gov/content/dam/soi/en/web/hfs/sitecollectiondocuments/01092025dtabmeetingagenda.pdf,linked from capped seed: January 9. 2025 Meeting Agenda (pdf),1,https://hfs.illinois.gov/medicalproviders/pharmacy/committeeondrugsandtherapeutics.html,collected,200,application/pdf,raw/illinois/illinois__01092025dtabmeetingagenda.pdf__e409aaa792.pdf,text/illinois/illinois__01092025dtabmeetingagenda.pdf__e409aaa792.txt,,,1028,infectious_disease,clinical_efficacy_safety; comparative_class_review; public_manufacturer_input; final_implementation
group-b,Illinois,https://hfs.illinois.gov/content/dam/soi/en/web/hfs/medicalproviders/pharmacy/dandtmeetingdocs/January82026MeetingMinutes.pdf,"linked from capped seed: January 8, 2026 Meeting Minutes (pdf)",1,https://hfs.illinois.gov/medicalproviders/pharmacy/committeeondrugsandtherapeutics.html,collected,200,application/pdf,raw/illinois/illinois__january82026meetingminutes.pdf__5c693fd57a.pdf,text/illinois/illinois__january82026meetingminutes.pdf__5c693fd57a.txt,,,9350,immunology_biologics; oncology_rare_specialty; cns_behavioral_migraine; oud_pain,clinical_efficacy_safety; comparative_class_review; pa_step_criteria; public_manufacturer_input; final_implementation
group-b,Illinois,https://hfs.illinois.gov/content/dam/soi/en/web/hfs/medicalproviders/pharmacy/dandtmeetingdocs/04092026dtagenda.pdf,"linked from capped seed: April 9, 2026 Meeting Agenda (pdf)",1,https://hfs.illinois.gov/medicalproviders/pharmacy/committeeondrugsandtherapeutics.html,collected,200,application/pdf,raw/illinois/illinois__04092026dtagenda.pdf__9c0ed0860e.pdf,text/illinois/illinois__04092026dtagenda.pdf__9c0ed0860e.txt,,,6057,diabetes_glp1_obesity,comparative_class_review; public_manufacturer_input; final_implementation
group-b,Illinois,https://hfs.illinois.gov/content/dam/soi/en/web/hfs/about/boardsandcommisions/dur/documents/10092025dtmeetminutes.pdf,"linked from capped seed: October 9, 2025 Meeting Minutes (pdf)",1,https://hfs.illinois.gov/medicalproviders/pharmacy/committeeondrugsandtherapeutics.html,collected,200,application/pdf,raw/illinois/illinois__10092025dtmeetminutes.pdf__9ecfd718ce.pdf,text/illinois/illinois__10092025dtmeetminutes.pdf__9ecfd718ce.txt,,,8793,oncology_rare_specialty; cns_behavioral_migraine; oud_pain; cardio_renal_metabolic,clinical_efficacy_safety; comparative_class_review; pa_step_criteria; utilization_controls; public_manufacturer_input; final_implementation
group-b,Illinois,https://hfs.illinois.gov/medicalproviders/pharmacy/preferred.html,linked from capped seed: preferred drug list (PDL),1,https://hfs.illinois.gov/medicalproviders/pharmacy/pdlbackground.html,collected,200,text/html;charset=utf-8,raw/illinois/illinois__preferred.html__3ff19ca0ba.html,text/illinois/illinois__preferred.html__3ff19ca0ba.txt,Medicaid Preferred Drug List | HFS,,3163,infectious_disease,final_implementation
group-b,Illinois,https://hfs.illinois.gov/medicalproviders/pharmacy/agendarequest.html,linked from capped seed: Drugs and Therapeutics Advisory Board Agenda Request,1,https://hfs.illinois.gov/medicalproviders/pharmacy/pdlbackground.html,collected,200,text/html;charset=utf-8,raw/illinois/illinois__agendarequest.html__979a9f1c51.html,text/illinois/illinois__agendarequest.html__979a9f1c51.txt,Drugs and Therapeutics Advisory Board Agenda Request,,3113,infectious_disease,final_implementation
group-b,Illinois,https://hfs.illinois.gov/nursinghomeupdate.html,linked from capped seed: Nursing Home Payment Update,1,https://hfs.illinois.gov/medicalproviders/pharmacy/pdlbackground.html,collected,200,text/html;charset=utf-8,raw/illinois/illinois__nursinghomeupdate.html__003e32c213.html,text/illinois/illinois__nursinghomeupdate.html__003e32c213.txt,Nursing Home Payment Update | HFS,,5133,infectious_disease,cost_rebate; public_manufacturer_input; final_implementation
group-b,Illinois,https://hfs.illinois.gov/medicalproviders/pharmacy/fourprescriptionpolicy.html,linked from capped seed: Four Prescription Policy Info,1,https://hfs.illinois.gov/medicalproviders/pharmacy/pdlbackground.html,collected,200,text/html;charset=utf-8,raw/illinois/illinois__fourprescriptionpolicy.html__8df81d7e5f.html,text/illinois/illinois__fourprescriptionpolicy.html__8df81d7e5f.txt,Four Prescription Policy | HFS,,4333,infectious_disease,pa_step_criteria; cost_rebate; final_implementation
group-b,Illinois,https://hfs.illinois.gov/medicalproviders/pharmacy.html,linked from capped seed: Pharmacy Home Page,1,https://hfs.illinois.gov/medicalproviders/pharmacy/pdlbackground.html,collected,200,text/html;charset=utf-8,raw/illinois/illinois__pharmacy.html__32ed80f395.html,text/illinois/illinois__pharmacy.html__32ed80f395.txt,Pharmacy | HFS,,4148,oncology_rare_specialty; infectious_disease,clinical_efficacy_safety; comparative_class_review; pa_step_criteria; utilization_controls; cost_rebate; public_manufacturer_input; final_implementation
group-b,Illinois,https://hfs.illinois.gov/medicalproviders/notices.html,linked from capped seed: Provider Notices,1,https://hfs.illinois.gov/medicalproviders/pharmacy/pdlbackground.html,collected,200,text/html;charset=utf-8,raw/illinois/illinois__notices.html__7e75c5a4ef.html,text/illinois/illinois__notices.html__7e75c5a4ef.txt,Provider Notices | HFS,,3020,infectious_disease,final_implementation
group-b,Illinois,https://hfs.illinois.gov/info/legal/publicnotices.html,linked from capped seed: Public Notices,1,https://hfs.illinois.gov/medicalproviders/pharmacy/pdlbackground.html,collected,200,text/html;charset=utf-8,raw/illinois/illinois__publicnotices.html__2f416b24d2.html,text/illinois/illinois__publicnotices.html__2f416b24d2.txt,HFS Public Notices | HFS,,3582,oud_pain; infectious_disease,final_implementation
group-b,Illinois,https://hfs.illinois.gov/coronavirus.html,linked from capped seed: COVID-19 Updates,1,https://hfs.illinois.gov/medicalproviders/pharmacy/pdlbackground.html,collected,200,text/html;charset=utf-8,raw/illinois/illinois__coronavirus.html__9a4b6f5897.html,text/illinois/illinois__coronavirus.html__9a4b6f5897.txt,Coronavirus (COVID-19) Updates | HFS,,17441,infectious_disease,clinical_efficacy_safety; pa_step_criteria; cost_rebate; final_implementation
group-b,Illinois,https://hfs.illinois.gov/addressupdatemessagingtoolkit.html,linked from capped seed: Address Update Messaging Toolkit,1,https://hfs.illinois.gov/medicalproviders/pharmacy/pdlbackground.html,collected,200,text/html;charset=utf-8,raw/illinois/illinois__addressupdatemessagingtoolkit.html__7092453029.html,text/illinois/illinois__addressupdatemessagingtoolkit.html__7092453029.txt,Address Update Messaging Toolkit | HFS,,7408,infectious_disease,pa_step_criteria; cost_rebate; public_manufacturer_input; final_implementation
group-b,Illinois,https://hfs.illinois.gov/about/boardsandcommisions.html,linked from capped seed: Boards and Commissions,1,https://hfs.illinois.gov/medicalproviders/pharmacy/pdlbackground.html,collected,200,text/html;charset=utf-8,raw/illinois/illinois__boardsandcommisions.html__8a755bb521.html,text/illinois/illinois__boardsandcommisions.html__8a755bb521.txt,Boards and Commissions | HFS,,4326,oncology_rare_specialty; infectious_disease,clinical_efficacy_safety; utilization_controls; cost_rebate; final_implementation
group-b,Indiana,https://www.in.gov/fssa/ompp/files/duragenda_4-20.pdf,"linked from capped seed: April 17, 2020",1,https://www.in.gov/fssa/ompp/advisory-committees/ompp-meetings-and-agendas/,collected,200,application/pdf,raw/indiana/indiana__duragenda_4-20.pdf__98abd4007b.pdf,text/indiana/indiana__duragenda_4-20.pdf__98abd4007b.txt,,,1115,infectious_disease,pa_step_criteria; utilization_controls; public_manufacturer_input
group-b,Indiana,https://www.in.gov/fssa/ompp/files/duragenda_3-20.pdf,"linked from capped seed: March 20, 2020",1,https://www.in.gov/fssa/ompp/advisory-committees/ompp-meetings-and-agendas/,collected,200,application/pdf,raw/indiana/indiana__duragenda_3-20.pdf__5a0a829f07.pdf,text/indiana/indiana__duragenda_3-20.pdf__5a0a829f07.txt,,,1120,infectious_disease,pa_step_criteria; utilization_controls; public_manufacturer_input
group-b,Indiana,https://www.in.gov/fssa/ompp/files/duragenda_2-20.pdf,"linked from capped seed: February 21, 2020",1,https://www.in.gov/fssa/ompp/advisory-committees/ompp-meetings-and-agendas/,collected,200,application/pdf,raw/indiana/indiana__duragenda_2-20.pdf__f92f188d3a.pdf,text/indiana/indiana__duragenda_2-20.pdf__f92f188d3a.txt,,,1128,,pa_step_criteria; utilization_controls; public_manufacturer_input
group-b,Indiana,https://www.in.gov/fssa/ompp/files/duragenda_1-20.pdf,"linked from capped seed: January 17, 2020",1,https://www.in.gov/fssa/ompp/advisory-committees/ompp-meetings-and-agendas/,collected,200,application/pdf,raw/indiana/indiana__duragenda_1-20.pdf__8ae1bbee84.pdf,text/indiana/indiana__duragenda_1-20.pdf__8ae1bbee84.txt,,,867,,pa_step_criteria; public_manufacturer_input
group-b,Indiana,https://www.in.gov/fssa/ompp/files/Therapeutic-Agenda-May2023-9a.pdf,linked from capped seed: 9 a.m. Eastern Time,1,https://www.in.gov/fssa/ompp/advisory-committees/ompp-meetings-and-agendas/,collected,200,application/pdf,raw/indiana/indiana__therapeutic-agenda-may2023-9a.pdf__9c47d74a8c.pdf,text/indiana/indiana__therapeutic-agenda-may2023-9a.pdf__9c47d74a8c.txt,,,2966,diabetes_glp1_obesity; immunology_biologics; oud_pain,public_manufacturer_input
group-b,Indiana,https://www.in.gov/fssa/ompp/files/Therapeutic-Agenda-May2023-11a.pdf,linked from capped seed: 11 a.m. Eastern Time,1,https://www.in.gov/fssa/ompp/advisory-committees/ompp-meetings-and-agendas/,collected,200,application/pdf,raw/indiana/indiana__therapeutic-agenda-may2023-11a.pdf__8185ef5c4a.pdf,text/indiana/indiana__therapeutic-agenda-may2023-11a.pdf__8185ef5c4a.txt,,,2956,diabetes_glp1_obesity; immunology_biologics; oud_pain,public_manufacturer_input
group-b,Indiana,https://www.in.gov/fssa/ompp/files/Therapeutic-Agenda-May2023-10a.pdf,linked from capped seed: 10 a.m. Eastern Time,1,https://www.in.gov/fssa/ompp/advisory-committees/ompp-meetings-and-agendas/,collected,200,application/pdf,raw/indiana/indiana__therapeutic-agenda-may2023-10a.pdf__b5d4682902.pdf,text/indiana/indiana__therapeutic-agenda-may2023-10a.pdf__b5d4682902.txt,,,565,,
group-b,Indiana,https://www.in.gov/fssa/ompp/files/T-Committee_Meeting_Agenda_3_02-20.pdf,linked from capped seed: 11 A.M. Eastern Time,1,https://www.in.gov/fssa/ompp/advisory-committees/ompp-meetings-and-agendas/,collected,200,application/pdf,raw/indiana/indiana__t-committee_meeting_agenda_3_02-20.pdf__4c4e506c95.pdf,text/indiana/indiana__t-committee_meeting_agenda_3_02-20.pdf__4c4e506c95.txt,,,2359,oud_pain; respiratory_allergy; infectious_disease; cardio_renal_metabolic,public_manufacturer_input
group-b,Indiana,https://www.in.gov/fssa/ompp/files/T-Committee_Meeting_Agenda_2_02-20.pdf,linked from capped seed: 10 A.M. Eastern Time,1,https://www.in.gov/fssa/ompp/advisory-committees/ompp-meetings-and-agendas/,collected,200,application/pdf,raw/indiana/indiana__t-committee_meeting_agenda_2_02-20.pdf__42d74bff33.pdf,text/indiana/indiana__t-committee_meeting_agenda_2_02-20.pdf__42d74bff33.txt,,,552,,
group-b,Indiana,https://www.in.gov/fssa/ompp/files/T-Committee_Meeting_Agenda_1_02-20.pdf,linked from capped seed: 9 A.M. Eastern Time,1,https://www.in.gov/fssa/ompp/advisory-committees/ompp-meetings-and-agendas/,collected,200,application/pdf,raw/indiana/indiana__t-committee_meeting_agenda_1_02-20.pdf__34264764e0.pdf,text/indiana/indiana__t-committee_meeting_agenda_1_02-20.pdf__34264764e0.txt,,,2403,oud_pain; respiratory_allergy; infectious_disease; cardio_renal_metabolic,public_manufacturer_input
group-b,Indiana,https://www.in.gov/fssa/ompp/files/T-CommitteeMeetingAgenda3_05-24.pdf,linked from capped seed: 11 a.m. Eastern Time,1,https://www.in.gov/fssa/ompp/advisory-committees/ompp-meetings-and-agendas/,collected,200,application/pdf,raw/indiana/indiana__t-committeemeetingagenda3_05-24.pdf__c66697ffbe.pdf,text/indiana/indiana__t-committeemeetingagenda3_05-24.pdf__c66697ffbe.txt,,,2991,diabetes_glp1_obesity; immunology_biologics; oud_pain,public_manufacturer_input
group-b,Indiana,https://www.in.gov/fssa/ompp/files/T-CommitteeMeetingAgenda2_05-24.pdf,linked from capped seed: 10 a.m. Eastern Time,1,https://www.in.gov/fssa/ompp/advisory-committees/ompp-meetings-and-agendas/,collected,200,application/pdf,raw/indiana/indiana__t-committeemeetingagenda2_05-24.pdf__eb6be5152e.pdf,text/indiana/indiana__t-committeemeetingagenda2_05-24.pdf__eb6be5152e.txt,,,565,,
group-b,Indiana,https://www.in.gov/fssa/ompp/files/T-CommitteeMeetingAgenda2-3_9.pdf,linked from capped seed: 9 a.m. Eastern Time,1,https://www.in.gov/fssa/ompp/advisory-committees/ompp-meetings-and-agendas/,collected,200,application/pdf,raw/indiana/indiana__t-committeemeetingagenda2-3_9.pdf__3d64a8bf23.pdf,text/indiana/indiana__t-committeemeetingagenda2-3_9.pdf__3d64a8bf23.txt,,,2923,respiratory_allergy; infectious_disease; cardio_renal_metabolic,public_manufacturer_input
group-b,Indiana,https://www.in.gov/fssa/ompp/files/T-CommitteeMeetingAgenda2-3_10.pdf,linked from capped seed: 10 a.m. Eastern Time,1,https://www.in.gov/fssa/ompp/advisory-committees/ompp-meetings-and-agendas/,collected,200,application/pdf,raw/indiana/indiana__t-committeemeetingagenda2-3_10.pdf__1df9810ebf.pdf,text/indiana/indiana__t-committeemeetingagenda2-3_10.pdf__1df9810ebf.txt,,,562,,
group-b,Indiana,https://www.in.gov/fssa/ompp/files/T-CommitteeMeetingAgenda1_05-24.pdf,linked from capped seed: 9 a.m. Eastern Time,1,https://www.in.gov/fssa/ompp/advisory-committees/ompp-meetings-and-agendas/,collected,200,application/pdf,raw/indiana/indiana__t-committeemeetingagenda1_05-24.pdf__90194c8658.pdf,text/indiana/indiana__t-committeemeetingagenda1_05-24.pdf__90194c8658.txt,,,2966,diabetes_glp1_obesity; immunology_biologics; oud_pain,public_manufacturer_input
group-b,Indiana,https://www.in.gov/fssa/ompp/files/T-CommitteeMeetingAgenda11_3_23-9am.pdf,linked from capped seed: 9 a.m. Eastern Time,1,https://www.in.gov/fssa/ompp/advisory-committees/ompp-meetings-and-agendas/,collected,200,application/pdf,raw/indiana/indiana__t-committeemeetingagenda11_3_23-9am.pdf__3c0f3b70d0.pdf,text/indiana/indiana__t-committeemeetingagenda11_3_23-9am.pdf__3c0f3b70d0.txt,,,3055,diabetes_glp1_obesity; immunology_biologics; oud_pain,public_manufacturer_input
group-b,Indiana,https://www.in.gov/fssa/ompp/files/T-CommitteeMeetingAgenda11_3_23-11am.pdf,linked from capped seed: 11 a.m. Eastern Time,1,https://www.in.gov/fssa/ompp/advisory-committees/ompp-meetings-and-agendas/,collected,200,application/pdf,raw/indiana/indiana__t-committeemeetingagenda11_3_23-11am.pdf__5b9ae6a135.pdf,text/indiana/indiana__t-committeemeetingagenda11_3_23-11am.pdf__5b9ae6a135.txt,,,3048,diabetes_glp1_obesity; immunology_biologics; oud_pain,public_manufacturer_input
group-b,Indiana,https://www.in.gov/fssa/ompp/files/T-CommitteeMeetingAgenda11_3_23-10am.pdf,linked from capped seed: 10 a.m. Eastern Time,1,https://www.in.gov/fssa/ompp/advisory-committees/ompp-meetings-and-agendas/,collected,200,application/pdf,raw/indiana/indiana__t-committeemeetingagenda11_3_23-10am.pdf__ce4ae34c28.pdf,text/indiana/indiana__t-committeemeetingagenda11_3_23-10am.pdf__ce4ae34c28.txt,,,570,,
group-b,Indiana,https://www.in.gov/medicaid/providers/files/modules/pharmacy-services.pdf,linked from capped seed: Pharmacy Services provider reference module,1,https://www.in.gov/medicaid/providers/clinical-services/pharmacy-benefits/,collected,200,application/pdf,raw/indiana/indiana__pharmacy-services.pdf__39ee6f26d8.pdf,text/indiana/indiana__pharmacy-services.pdf__39ee6f26d8.txt,,,170140,diabetes_glp1_obesity; oncology_rare_specialty; cns_behavioral_migraine; oud_pain; respiratory_allergy; infectious_disease,clinical_efficacy_safety; comparative_class_review; pa_step_criteria; utilization_controls; cost_rebate; public_manufacturer_input; final_implementation
group-b,Indiana,https://www.in.gov/medicaid/providers/contact-information/portal-links-for-providers/,"linked from capped seed: Portal Links for Providers 
Portal Links for Providers 
This page offers quick access to the most commonly used provider portals for IHCP transactions, such as prior authorization, claim submissions and enrollment updates.",1,https://www.in.gov/medicaid/providers/clinical-services/pharmacy-benefits/,collected,200,text/html; charset=UTF-8,raw/indiana/indiana__portal-links-for-providers__8d128bed7a.html,text/indiana/indiana__portal-links-for-providers__8d128bed7a.txt,Indiana Medicaid: Providers: Portal Links for Providers IN.gov,,22539,diabetes_glp1_obesity; oud_pain,clinical_efficacy_safety; pa_step_criteria; utilization_controls; cost_rebate; public_manufacturer_input; final_implementation
group-b,Indiana,https://www.in.gov/medicaid/providers/clinical-services/prior-authorization/,"linked from capped seed: Prior Authorization 
Prior Authorization 
Prior authorization is required for certain covered services to document the medical necessity for those services before services are rendered.",1,https://www.in.gov/medicaid/providers/clinical-services/pharmacy-benefits/,collected,200,text/html; charset=UTF-8,raw/indiana/indiana__prior-authorization__5c4479e6e9.html,text/indiana/indiana__prior-authorization__5c4479e6e9.txt,Indiana Medicaid: Providers: Prior Authorization IN.gov,,21513,diabetes_glp1_obesity; oud_pain,clinical_efficacy_safety; pa_step_criteria; utilization_controls; cost_rebate; public_manufacturer_input; final_implementation
group-b,Indiana,https://www.in.gov/medicaid/providers/clinical-services/preferred-diabetes-supply-list/,"linked from capped seed: Preferred Diabetes Supply List (PDSL) 
Preferred Diabetes Supply List (PDSL) 
The Preferred Diabetes Supply List helps ensure that IHCP members receive the highest quality products at the lowest cost.",1,https://www.in.gov/medicaid/providers/clinical-services/pharmacy-benefits/,collected,200,text/html; charset=UTF-8,raw/indiana/indiana__preferred-diabetes-supply-list__607fb9aa12.html,text/indiana/indiana__preferred-diabetes-supply-list__607fb9aa12.txt,Indiana Medicaid: Providers: Preferred Diabetes Supply List (PDSL) IN.gov,,19626,diabetes_glp1_obesity; oud_pain,clinical_efficacy_safety; pa_step_criteria; utilization_controls; cost_rebate; public_manufacturer_input; final_implementation
group-b,Indiana,https://www.in.gov/medicaid/members/member-programs/hoosier-healthwise/,"linked from capped seed: Hoosier Healthwise 
Hoosier Healthwise 
Hoosier Healthwise is a health care program for children up to age 19 and pregnant women. The program covers medical care like doctor visits, prescription medicine, mental health care, dental care, hospitalizations, and surgeries at little or no cost...",1,https://www.in.gov/medicaid/providers/clinical-services/pharmacy-benefits/,collected,200,text/html; charset=UTF-8,raw/indiana/indiana__hoosier-healthwise__b34937f87d.html,text/indiana/indiana__hoosier-healthwise__b34937f87d.txt,Indiana Medicaid: Members: Hoosier Healthwise IN.gov,,14920,,clinical_efficacy_safety; pa_step_criteria; cost_rebate; final_implementation
group-b,Indiana,https://www.in.gov/medicaid/providers/provider-references/email-notifications/,"linked from capped seed: Email Notifications 
Email Notifications 
The email notifications are used to send notices to subscribers on behalf of the IHCP. To receive notices, you must subscribe.",1,https://www.in.gov/medicaid/providers/clinical-services/pharmacy-benefits/,collected,200,text/html; charset=UTF-8,raw/indiana/indiana__email-notifications__fa94504685.html,text/indiana/indiana__email-notifications__fa94504685.txt,Indiana Medicaid: Providers: Email Notifications IN.gov,,19316,diabetes_glp1_obesity; oud_pain,clinical_efficacy_safety; pa_step_criteria; utilization_controls; cost_rebate; public_manufacturer_input; final_implementation
group-b,Indiana,https://www.in.gov/medicaid/providers/provider-references/bulletins-banner-pages-and-reference-modules/,"linked from capped seed: Bulletins and Reference Modules 
Bulletins and Reference Modules 
View and search bulletins and provider reference modules for information and updates on important topics including IHCP policies and procedures.",1,https://www.in.gov/medicaid/providers/clinical-services/pharmacy-benefits/,collected,200,text/html; charset=UTF-8,raw/indiana/indiana__bulletins-banner-pages-and-reference-modules__cd6dbf421f.html,text/indiana/indiana__bulletins-banner-pages-and-reference-modules__cd6dbf421f.txt,Indiana Medicaid: Providers: Bulletins and Reference Modules IN.gov,,20568,diabetes_glp1_obesity; oud_pain,clinical_efficacy_safety; pa_step_criteria; utilization_controls; cost_rebate; public_manufacturer_input; final_implementation
group-b,Indiana,https://www.in.gov/medicaid/providers/provider-enrollment/become-an-ihcp-provider/provider-classification-type-and-specialty/,"linked from capped seed: Provider Classification, Type and Specialty",1,https://www.in.gov/medicaid/providers/clinical-services/pharmacy-benefits/,collected,200,text/html; charset=UTF-8,raw/indiana/indiana__provider-classification-type-and-specialty__6de7c771d9.html,text/indiana/indiana__provider-classification-type-and-specialty__6de7c771d9.txt,"Indiana Medicaid: Providers: Provider Classification, Type and Specialty IN.gov",,29466,diabetes_glp1_obesity; oud_pain; cardio_renal_metabolic,clinical_efficacy_safety; pa_step_criteria; utilization_controls; cost_rebate; public_manufacturer_input; final_implementation
group-b,Indiana,https://www.in.gov/medicaid/providers/provider-education/ihcp-works/,"linked from capped seed: 2025 IHCP Works 
2025 IHCP Works 
The Indiana Health Coverage Programs (IHCP) invites providers to attend the 2025 IHCP Works seminar from Oct. 21 through Oct. 23.",1,https://www.in.gov/medicaid/providers/clinical-services/pharmacy-benefits/,collected,200,text/html; charset=UTF-8,raw/indiana/indiana__ihcp-works__0b05bf8387.html,text/indiana/indiana__ihcp-works__0b05bf8387.txt,Indiana Medicaid: Providers: 2025 IHCP Works IN.gov,,27598,diabetes_glp1_obesity; oud_pain,clinical_efficacy_safety; pa_step_criteria; utilization_controls; cost_rebate; public_manufacturer_input; final_implementation
group-b,Indiana,https://www.in.gov/medicaid/providers/provider-education/ihcp-live/,"linked from capped seed: IHCP Live 
IHCP Live 
IHCP Live webinars offer providers an opportunity to learn about new policy initiatives and billing guidance. Visit this page for information about upcoming webinars and recordings of past presentations.",1,https://www.in.gov/medicaid/providers/clinical-services/pharmacy-benefits/,collected,200,text/html; charset=UTF-8,raw/indiana/indiana__ihcp-live__da7588ca54.html,text/indiana/indiana__ihcp-live__da7588ca54.txt,Indiana Medicaid: Providers: IHCP Live IN.gov,,22805,diabetes_glp1_obesity; oud_pain,clinical_efficacy_safety; pa_step_criteria; utilization_controls; cost_rebate; public_manufacturer_input; final_implementation
group-b,Indiana,https://www.in.gov/medicaid/providers/contact-information/policy-consideration-requests/,"linked from capped seed: Policy Consideration Requests 
Policy Consideration Requests 
The Indiana Health Coverage Programs (IHCP) has a specific process for members, providers, or other interested parties who would like to submit requests for policy consideration.",1,https://www.in.gov/medicaid/providers/clinical-services/pharmacy-benefits/,collected,200,text/html; charset=UTF-8,raw/indiana/indiana__policy-consideration-requests__208649785a.html,text/indiana/indiana__policy-consideration-requests__208649785a.txt,Indiana Medicaid: Providers: Policy Consideration Requests IN.gov,,21543,diabetes_glp1_obesity; oud_pain,clinical_efficacy_safety; pa_step_criteria; utilization_controls; cost_rebate; public_manufacturer_input; final_implementation
group-b,Indiana,https://www.in.gov/medicaid/providers/clinical-services/substance-use-disorder-treatment/,"linked from capped seed: Substance Use Disorder (SUD)/Serious Mental Illness (SMI) Treatment 
Substance Use Disorder (SUD)/Serious Mental Illness (SMI) Treatment 
Learn more about the IHCP implementation of Section 1115 SUD and SMI demonstration waivers to expand treatment of substance use disorder (SUD) and serious mental illness (SMI).",1,https://www.in.gov/medicaid/providers/clinical-services/pharmacy-benefits/,collected,200,text/html; charset=UTF-8,raw/indiana/indiana__substance-use-disorder-treatment__6a3ea2cafb.html,text/indiana/indiana__substance-use-disorder-treatment__6a3ea2cafb.txt,Indiana Medicaid: Providers: Substance Use Disorder (SUD)/Serious Mental Illness (SMI) Treatment IN.gov,,29592,diabetes_glp1_obesity; cns_behavioral_migraine; oud_pain; infectious_disease,clinical_efficacy_safety; pa_step_criteria; utilization_controls; cost_rebate; public_manufacturer_input; final_implementation
group-b,Indiana,https://www.in.gov/medicaid/providers/clinical-services/right-choices-program-rcp/,"linked from capped seed: Right Choices Program (RCP) 
Right Choices Program (RCP) 
The Right Choices Program monitors member utilization and, when appropriate, implements restrictions for members who would benefit from increased case coordination.",1,https://www.in.gov/medicaid/providers/clinical-services/pharmacy-benefits/,collected,200,text/html; charset=UTF-8,raw/indiana/indiana__right-choices-program-rcp__f4cd37c45a.html,text/indiana/indiana__right-choices-program-rcp__f4cd37c45a.txt,Indiana Medicaid: Providers: Right Choices Program (RCP) IN.gov,,22078,diabetes_glp1_obesity; oud_pain,clinical_efficacy_safety; pa_step_criteria; utilization_controls; cost_rebate; public_manufacturer_input; final_implementation
group-b,Indiana,https://www.in.gov/recovery/indiana-initiatives/,linked from capped seed: Next Level Agenda,1,https://www.in.gov/medicaid/providers/clinical-services/pharmacy-benefits/pharmacy-services/,collected,200,text/html; charset=UTF-8,raw/indiana/indiana__indiana-initiatives__5347f19b12.html,text/indiana/indiana__indiana-initiatives__5347f19b12.txt,NextLevel Recovery: Indiana Initiatives IN.gov,,4762,oud_pain; infectious_disease,clinical_efficacy_safety
group-b,Indiana,https://www.law.cornell.edu/wex/category/criminal-law-and-procedure,linked from capped seed: Criminal law,1,https://www.law.cornell.edu/regulations/indiana/405-IAC-14-2-61,collected,200,text/html; charset=UTF-8,raw/indiana/indiana__criminal-law-and-procedure__55c12b666a.html,text/indiana/indiana__criminal-law-and-procedure__55c12b666a.txt,criminal law and procedure | Legal Information Institute,,5808,,clinical_efficacy_safety; cost_rebate
group-b,Indiana,https://www.law.cornell.edu/rules/frcrmp,linked from capped seed: Federal Rules of Criminal Procedure,1,https://www.law.cornell.edu/regulations/indiana/405-IAC-14-2-61,collected,200,text/html; charset=utf-8,raw/indiana/indiana__frcrmp__06bb0c5e49.html,text/indiana/indiana__frcrmp__06bb0c5e49.txt,Federal Rules of Criminal Procedure | Federal Rules of Criminal Procedure | US Law | LII / Legal Information Institute,,7717,cns_behavioral_migraine,clinical_efficacy_safety; pa_step_criteria; public_manufacturer_input
group-b,Indiana,https://www.law.cornell.edu/rules/frcp,linked from capped seed: Federal Rules of Civil Procedure,1,https://www.law.cornell.edu/regulations/indiana/405-IAC-14-2-61,collected,200,text/html; charset=utf-8,raw/indiana/indiana__frcp__2e60e5a52e.html,text/indiana/indiana__frcp__2e60e5a52e.txt,Federal Rules of Civil Procedure | Federal Rules of Civil Procedure | US Law | LII / Legal Information Institute,,10641,,clinical_efficacy_safety; pa_step_criteria; public_manufacturer_input
group-b,Indiana,https://www.law.cornell.edu/rules/frbp,linked from capped seed: Federal Rules of Bankruptcy Procedure,1,https://www.law.cornell.edu/regulations/indiana/405-IAC-14-2-61,collected,200,text/html; charset=utf-8,raw/indiana/indiana__frbp__0492b18f62.html,text/indiana/indiana__frbp__0492b18f62.txt,Federal Rules of Bankruptcy Procedure | Federal Rules of Bankruptcy Procedure | US Law | LII / Legal Information Institute,,18265,,clinical_efficacy_safety; pa_step_criteria; cost_rebate; public_manufacturer_input; final_implementation
group-b,Indiana,https://www.law.cornell.edu/rules/frap,linked from capped seed: Federal Rules of Appellate Procedure,1,https://www.law.cornell.edu/regulations/indiana/405-IAC-14-2-61,collected,200,text/html; charset=utf-8,raw/indiana/indiana__frap__3ebe3e271e.html,text/indiana/indiana__frap__3ebe3e271e.txt,Federal Rules of Appellate Procedure | Federal Rules of Appellate Procedure | US Law | LII / Legal Information Institute,,7398,,clinical_efficacy_safety; final_implementation
group-b,Iowa,https://hhs.iowa.gov/medicaid/provider-services/covered-services-rates-and-payments/prior-authorization,linked from capped seed: Prior Authorization,1,https://hhs.iowa.gov/medicaid/provider-services/medicaid-pharmacy,collected,200,text/html; charset=UTF-8,raw/iowa/iowa__prior-authorization__75341fa67b.html,text/iowa/iowa__prior-authorization__75341fa67b.txt,Prior Authorization | Health & Human Services,,7489,diabetes_glp1_obesity; oncology_rare_specialty; oud_pain; infectious_disease,clinical_efficacy_safety; pa_step_criteria; public_manufacturer_input; final_implementation
group-b,Iowa,https://hhs.iowa.gov/appeals,linked from capped seed: Appeal a Decision,1,https://hhs.iowa.gov/medicaid/provider-services/medicaid-pharmacy,collected,200,text/html; charset=UTF-8,raw/iowa/iowa__appeals__25d4920592.html,text/iowa/iowa__appeals__25d4920592.txt,Appeals | Health & Human Services,,7493,diabetes_glp1_obesity; oncology_rare_specialty; oud_pain; infectious_disease,clinical_efficacy_safety; public_manufacturer_input; final_implementation
group-b,Iowa,https://hhs.iowa.gov/nondiscrimination-policy,linked from capped seed: Nondiscrimination Policy,1,https://hhs.iowa.gov/medicaid/provider-services/medicaid-pharmacy,collected,200,text/html; charset=UTF-8,raw/iowa/iowa__nondiscrimination-policy__6b98ffff8d.html,text/iowa/iowa__nondiscrimination-policy__6b98ffff8d.txt,Nondiscrimination Policy | Health & Human Services,,6446,diabetes_glp1_obesity; oncology_rare_specialty; oud_pain; infectious_disease,clinical_efficacy_safety; public_manufacturer_input; final_implementation
group-b,Iowa,https://hhs.iowa.gov/medicaid/provider-services/medicaid-pharmacy/pharmaceutical-care-management,linked from capped seed: Pharmaceutical Care Management,1,https://hhs.iowa.gov/medicaid/provider-services/medicaid-pharmacy,collected,200,text/html; charset=UTF-8,raw/iowa/iowa__pharmaceutical-care-management__212b5a9d98.html,text/iowa/iowa__pharmaceutical-care-management__212b5a9d98.txt,Pharmaceutical Care Management | Health & Human Services,,5933,diabetes_glp1_obesity; oncology_rare_specialty; oud_pain; infectious_disease,clinical_efficacy_safety; public_manufacturer_input; final_implementation
group-b,Iowa,https://hhs.iowa.gov/medicaid/provider-services/covered-services-rates-and-payments/fee-schedules,"linked from capped seed: Fee Schedules
Select ‘Open Fee Schedules’ from the homepage to view the Pharmacy Fee Schedules. 
Type Code 82 – Pharmacist 
Type Code 08",1,https://hhs.iowa.gov/medicaid/provider-services/medicaid-pharmacy,collected,200,text/html; charset=UTF-8,raw/iowa/iowa__fee-schedules__f258cd58d2.html,text/iowa/iowa__fee-schedules__f258cd58d2.txt,Medicaid Fee Schedules | Health & Human Services,,16470,diabetes_glp1_obesity; oncology_rare_specialty; oud_pain; infectious_disease,clinical_efficacy_safety; pa_step_criteria; utilization_controls; public_manufacturer_input; final_implementation
group-b,Iowa,https://hhs.iowa.gov/medicaid,linked from capped seed: Medicaid & Health Coverage,1,https://hhs.iowa.gov/medicaid/provider-services/medicaid-pharmacy,collected,200,text/html; charset=UTF-8,raw/iowa/iowa__medicaid__88878c3c7a.html,text/iowa/iowa__medicaid__88878c3c7a.txt,Medicaid | Health & Human Services,,7058,diabetes_glp1_obesity; oncology_rare_specialty; oud_pain; infectious_disease,clinical_efficacy_safety; cost_rebate; public_manufacturer_input; final_implementation
group-b,Iowa,https://hhs.iowa.gov/media/9513/download?inline,"linked from capped seed: Pharmacy Dispensing Fee
This is also linked on the Iowa Medicaid Fee Schedule homepage.",1,https://hhs.iowa.gov/medicaid/provider-services/medicaid-pharmacy,collected,200,application/pdf,raw/iowa/iowa__download-6e9937e7__11f01a326f.pdf,text/iowa/iowa__download-6e9937e7__11f01a326f.txt,,,430,,clinical_efficacy_safety; final_implementation
group-b,Iowa,https://hhs.iowa.gov/media/14298/download?inline,"linked from capped seed: Provider Enrollment Toolkit
Instructions for Pharmacy Providers",1,https://hhs.iowa.gov/medicaid/provider-services/medicaid-pharmacy,collected,200,application/pdf,raw/iowa/iowa__download-6e9937e7__e31b07749d.pdf,text/iowa/iowa__download-6e9937e7__e31b07749d.txt,,,12379,,
group-b,Iowa,https://hhs.iowa.gov/health-prevention/brain-memory-health,linked from capped seed: Brain & Memory Health,1,https://hhs.iowa.gov/medicaid/provider-services/medicaid-pharmacy,collected,200,text/html; charset=UTF-8,raw/iowa/iowa__brain-memory-health__08de83be35.html,text/iowa/iowa__brain-memory-health__08de83be35.txt,Brain & Memory Health | Health & Human Services,,15297,diabetes_glp1_obesity; oncology_rare_specialty; cns_behavioral_migraine; oud_pain; infectious_disease,clinical_efficacy_safety; public_manufacturer_input; final_implementation
group-b,Iowa,https://hhs.iowa.gov/about/policy-manuals/medicaid-provider,linked from capped seed: Provider Policy Manuals,1,https://hhs.iowa.gov/medicaid/provider-services/medicaid-pharmacy,collected,200,text/html; charset=UTF-8,raw/iowa/iowa__medicaid-provider__14769fa751.html,text/iowa/iowa__medicaid-provider__14769fa751.txt,Provider Policy Manuals | Health & Human Services,,5956,diabetes_glp1_obesity; oncology_rare_specialty; oud_pain; infectious_disease,clinical_efficacy_safety; public_manufacturer_input; final_implementation
group-b,Iowa,https://hhs.iowa.gov/about/policy-manuals,linked from capped seed: Policy Manuals,1,https://hhs.iowa.gov/medicaid/provider-services/medicaid-pharmacy,collected,200,text/html; charset=UTF-8,raw/iowa/iowa__policy-manuals__40ffbd9435.html,text/iowa/iowa__policy-manuals__40ffbd9435.txt,Policy Manuals | Health & Human Services,,8701,diabetes_glp1_obesity; oncology_rare_specialty; oud_pain; infectious_disease,clinical_efficacy_safety; cost_rebate; public_manufacturer_input; final_implementation
group-b,Iowa,https://hhs.iowa.gov/about/calendar,linked from capped seed: Public Meetings & Events,1,https://hhs.iowa.gov/medicaid/provider-services/medicaid-pharmacy,collected,200,text/html; charset=UTF-8,raw/iowa/iowa__calendar__4010eab212.html,text/iowa/iowa__calendar__4010eab212.txt,Public Meetings | Health & Human Services,,9363,diabetes_glp1_obesity; oncology_rare_specialty; oud_pain; infectious_disease,clinical_efficacy_safety; utilization_controls; public_manufacturer_input; final_implementation
group-b,Iowa,https://hhs.iowa.gov/about/advisory-groups,linked from capped seed: Advisory Groups,1,https://hhs.iowa.gov/medicaid/provider-services/medicaid-pharmacy,collected,200,text/html; charset=UTF-8,raw/iowa/iowa__advisory-groups__53285b1865.html,text/iowa/iowa__advisory-groups__53285b1865.txt,Advisory Groups | Health & Human Services,,7012,diabetes_glp1_obesity; oncology_rare_specialty; oud_pain; infectious_disease,clinical_efficacy_safety; public_manufacturer_input; final_implementation
group-b,Iowa,https://www.iowamedicaidpdl.com/content/dam/ffs-medicare/ia/open-minutes-11-21-24.pdf,"linked from capped seed: November 21, 2024",1,https://www.iowamedicaidpdl.com/pt-committee-public-comments/pt-committee-info.html,collected,200,application/pdf,raw/iowa/iowa__open-minutes-11-21-24.pdf__c6529a04c1.pdf,text/iowa/iowa__open-minutes-11-21-24.pdf__c6529a04c1.txt,,,11754,immunology_biologics; oncology_rare_specialty; oud_pain; respiratory_allergy; cardio_renal_metabolic,clinical_efficacy_safety; comparative_class_review; pa_step_criteria; cost_rebate; public_manufacturer_input; final_implementation
group-b,Iowa,https://www.iowamedicaidpdl.com/content/dam/ffs-medicare/ia/open-minutes-082125.pdf,"linked from capped seed: August 21, 2025",1,https://www.iowamedicaidpdl.com/pt-committee-public-comments/pt-committee-info.html,collected,200,application/pdf,raw/iowa/iowa__open-minutes-082125.pdf__415a83474e.pdf,text/iowa/iowa__open-minutes-082125.pdf__415a83474e.txt,,,8979,diabetes_glp1_obesity; immunology_biologics; oncology_rare_specialty; respiratory_allergy,clinical_efficacy_safety; comparative_class_review; pa_step_criteria; utilization_controls; cost_rebate; public_manufacturer_input; final_implementation
group-b,Iowa,https://www.iowamedicaidpdl.com/content/dam/ffs-medicare/ia/open-minutes-08-15-24.pdf,"linked from capped seed: August 15, 2024",1,https://www.iowamedicaidpdl.com/pt-committee-public-comments/pt-committee-info.html,collected,200,application/pdf,raw/iowa/iowa__open-minutes-08-15-24.pdf__42e8af8536.pdf,text/iowa/iowa__open-minutes-08-15-24.pdf__42e8af8536.txt,,,8992,diabetes_glp1_obesity; immunology_biologics; oud_pain; infectious_disease; cardio_renal_metabolic,clinical_efficacy_safety; comparative_class_review; pa_step_criteria; cost_rebate; public_manufacturer_input; final_implementation
group-b,Iowa,https://www.iowamedicaidpdl.com/content/dam/ffs-medicare/ia/open-minutes-041725.pdf,"linked from capped seed: April 17, 2025",1,https://www.iowamedicaidpdl.com/pt-committee-public-comments/pt-committee-info.html,collected,200,application/pdf,raw/iowa/iowa__open-minutes-041725.pdf__413f9b7b1f.pdf,text/iowa/iowa__open-minutes-041725.pdf__413f9b7b1f.txt,,,10196,diabetes_glp1_obesity; immunology_biologics; oncology_rare_specialty; cns_behavioral_migraine; respiratory_allergy; infectious_disease,clinical_efficacy_safety; comparative_class_review; pa_step_criteria; cost_rebate; public_manufacturer_input; final_implementation
group-b,Iowa,https://www.iowamedicaidpdl.com/content/dam/ffs-medicare/ia/open-minutes-04-18-24.pdf,"linked from capped seed: April 18, 2024",1,https://www.iowamedicaidpdl.com/pt-committee-public-comments/pt-committee-info.html,collected,200,application/pdf,raw/iowa/iowa__open-minutes-04-18-24.pdf__9af9756151.pdf,text/iowa/iowa__open-minutes-04-18-24.pdf__9af9756151.txt,,,11361,diabetes_glp1_obesity; immunology_biologics; oud_pain,clinical_efficacy_safety; comparative_class_review; pa_step_criteria; cost_rebate; public_manufacturer_input; final_implementation
group-b,Iowa,https://www.iowamedicaidpdl.com/content/dam/ffs-medicare/ia/November%2016%2C%202023%20Open%20Minutes.pdf,"linked from capped seed: November 16, 2023",1,https://www.iowamedicaidpdl.com/pt-committee-public-comments/pt-committee-info.html,collected,200,application/pdf,raw/iowa/iowa__november-16-2023-open-minutes.pdf__54e879d364.pdf,text/iowa/iowa__november-16-2023-open-minutes.pdf__54e879d364.txt,,,13196,diabetes_glp1_obesity; immunology_biologics; respiratory_allergy; infectious_disease,clinical_efficacy_safety; comparative_class_review; pa_step_criteria; utilization_controls; cost_rebate; public_manufacturer_input; final_implementation
group-b,Iowa,https://www.iowamedicaidpdl.com/content/dam/ffs-medicare/ia/April%2020%2C%202023%20Open%20Minutes.pdf,"linked from capped seed: April 20, 2023",1,https://www.iowamedicaidpdl.com/pt-committee-public-comments/pt-committee-info.html,collected,200,application/pdf,raw/iowa/iowa__april-20-2023-open-minutes.pdf__1b6550ed80.pdf,text/iowa/iowa__april-20-2023-open-minutes.pdf__1b6550ed80.txt,,,11324,diabetes_glp1_obesity; immunology_biologics; infectious_disease,clinical_efficacy_safety; comparative_class_review; pa_step_criteria; utilization_controls; cost_rebate; public_manufacturer_input; final_implementation
group-b,Iowa,https://www.iowamedicaidpdl.com/content/dam/ffs-medicaid/ia/open-minutes-112025.pdf,"linked from capped seed: November 20, 2025",1,https://www.iowamedicaidpdl.com/pt-committee-public-comments/pt-committee-info.html,collected,200,application/pdf,raw/iowa/iowa__open-minutes-112025.pdf__991a548170.pdf,text/iowa/iowa__open-minutes-112025.pdf__991a548170.txt,,,12389,diabetes_glp1_obesity; immunology_biologics; oncology_rare_specialty; oud_pain; infectious_disease,clinical_efficacy_safety; comparative_class_review; pa_step_criteria; utilization_controls; cost_rebate; public_manufacturer_input; final_implementation
group-b,Iowa,https://www.iowamedicaidpdl.com/pa-pdl/prior-authorization-criteria.html,linked from capped seed: Prior Authorization Criteria,1,https://www.iowamedicaidpdl.com/pt-committee-public-comments/pt-committee-info.html,collected,200,text/html;charset=utf-8,raw/iowa/iowa__prior-authorization-criteria.html__30ad82b3d0.html,text/iowa/iowa__prior-authorization-criteria.html__30ad82b3d0.txt,Prior Authorization Criteria,,1822,,clinical_efficacy_safety; pa_step_criteria; cost_rebate
group-b,Iowa,https://www.iowamedicaidpdl.com/content/dam/ffs-medicare/ia/COI%20PT%209_20%20Final.doc,linked from capped seed: COI P&T Members,1,https://www.iowamedicaidpdl.com/pt-committee-public-comments/pt-committee-info.html,collected,200,application/msword,raw/iowa/iowa__coi-pt-9_20-final.doc__b553cbc9c5.doc,text/iowa/iowa__coi-pt-9_20-final.doc__b553cbc9c5.txt,,,37740,,cost_rebate; public_manufacturer_input; final_implementation
group-b,Iowa,https://www.iowamedicaidpdl.com/rebate-info.html,linked from capped seed: Rebate Info,1,https://www.iowamedicaidpdl.com/pt-committee-public-comments/pt-committee-info.html,collected,200,text/html;charset=utf-8,raw/iowa/iowa__rebate-info.html__e53e807f94.html,text/iowa/iowa__rebate-info.html__e53e807f94.txt,Rebate info,,3439,,clinical_efficacy_safety; pa_step_criteria; cost_rebate
group-b,Iowa,https://www.iowamedicaidpdl.com/pt-committee-public-comments/rare-disease-drugs.html,linked from capped seed: Drugs for Rare Diseases,1,https://www.iowamedicaidpdl.com/pt-committee-public-comments/pt-committee-info.html,collected,200,text/html;charset=utf-8,raw/iowa/iowa__rare-disease-drugs.html__2a99bf5948.html,text/iowa/iowa__rare-disease-drugs.html__2a99bf5948.txt,Drugs for rare diseases,,1870,,pa_step_criteria; cost_rebate
group-b,Iowa,https://www.iowamedicaidpdl.com/pt-committee-public-comments/pt-committee-info/112124-committee-info.html,"linked from capped seed: November 21, 2024",1,https://www.iowamedicaidpdl.com/pt-committee-public-comments/pt-committee-info.html,collected,200,text/html;charset=utf-8,raw/iowa/iowa__112124-committee-info.html__ba2cfb51ac.html,text/iowa/iowa__112124-committee-info.html__ba2cfb51ac.txt,"November 21, 2024 - Committee Info",,1452,,pa_step_criteria; cost_rebate
group-b,Iowa,https://www.iowamedicaidpdl.com/content/dam/ffs-medicare/ia/coi-pt-speaker-11-24.pdf,linked from capped seed: Conflict of disclosure form,1,https://www.iowamedicaidpdl.com/pt-committee-public-comments/public-comments.html,collected,200,application/pdf,raw/iowa/iowa__coi-pt-speaker-11-24.pdf__8316a8045d.pdf,text/iowa/iowa__coi-pt-speaker-11-24.pdf__8316a8045d.txt,,,2439,,cost_rebate; public_manufacturer_input
group-b,Iowa,https://www.iowamedicaidpdl.com/pa-pdl/preferred-drug-lists.html,linked from capped seed: Preferred Drug Lists,1,https://www.iowamedicaidpdl.com/pt-committee-public-comments/public-comments.html,collected,200,text/html;charset=utf-8,raw/iowa/iowa__preferred-drug-lists.html__2d793a4600.html,text/iowa/iowa__preferred-drug-lists.html__2d793a4600.txt,Preferred Drug Lists,,2901,,clinical_efficacy_safety; pa_step_criteria; cost_rebate
group-b,Iowa,https://www.iowamedicaidpdl.com/pa-pdl/pa-forms.html,linked from capped seed: PA Forms,1,https://www.iowamedicaidpdl.com/pt-committee-public-comments/public-comments.html,collected,200,text/html;charset=utf-8,raw/iowa/iowa__pa-forms.html__4e2e9cc93e.html,text/iowa/iowa__pa-forms.html__4e2e9cc93e.txt,PA Forms,,7050,diabetes_glp1_obesity; immunology_biologics; oncology_rare_specialty; cns_behavioral_migraine; respiratory_allergy; cardio_renal_metabolic,comparative_class_review; pa_step_criteria; utilization_controls; cost_rebate
group-b,Iowa,https://www.iowamedicaidpdl.com/pa-pdl/new-drug-process.html,linked from capped seed: New Drug Process,1,https://www.iowamedicaidpdl.com/pt-committee-public-comments/public-comments.html,collected,200,text/html;charset=utf-8,raw/iowa/iowa__new-drug-process.html__c5779a45e8.html,text/iowa/iowa__new-drug-process.html__c5779a45e8.txt,New Drug Process,,1228,,pa_step_criteria; cost_rebate
group-b,Iowa,https://www.iowamedicaidpdl.com/pa-pdl/drug-status-policy-review.html,linked from capped seed: Policy for Review of Drug Status,1,https://www.iowamedicaidpdl.com/pt-committee-public-comments/public-comments.html,collected,200,text/html;charset=utf-8,raw/iowa/iowa__drug-status-policy-review.html__bb22de3291.html,text/iowa/iowa__drug-status-policy-review.html__bb22de3291.txt,Policy for Review of Drug Status,,1301,,pa_step_criteria; cost_rebate
group-b,Iowa,https://www.iowamedicaidpdl.com/pa-pdl/appeals-exceptions.html,linked from capped seed: Appeals & Exception to Policy,1,https://www.iowamedicaidpdl.com/pt-committee-public-comments/public-comments.html,collected,200,text/html;charset=utf-8,raw/iowa/iowa__appeals-exceptions.html__05fdacfcea.html,text/iowa/iowa__appeals-exceptions.html__05fdacfcea.txt,Appeals / Exceptions to Policy,,1378,,pa_step_criteria; cost_rebate
group-b,Kansas,https://www.coronavirus.kdheks.gov/DocumentCenter/View/58928/DUR-Minutes---JANUARY-2026-FINAL?bidId=,linked from capped seed: January 2026 Minutes (PDF),1,https://www.coronavirus.kdheks.gov/202/Drug-Utilization-Review-Board,collected,200,application/pdf,raw/kansas/kansas__dur-minutes---january-2026-final-8a11e2dc__03f4d6d38b.pdf,text/kansas/kansas__dur-minutes---january-2026-final-8a11e2dc__03f4d6d38b.txt,,,9527,diabetes_glp1_obesity; oncology_rare_specialty; cns_behavioral_migraine,clinical_efficacy_safety; pa_step_criteria; utilization_controls; cost_rebate; public_manufacturer_input; final_implementation
group-b,Kansas,https://www.coronavirus.kdheks.gov/Archive.aspx?AMID=101,linked from capped seed: Agendas,1,https://www.coronavirus.kdheks.gov/202/Drug-Utilization-Review-Board,collected,200,text/html; charset=utf-8,raw/kansas/kansas__archive.aspx-b72c7c83__47ebb614c8.html,text/kansas/kansas__archive.aspx-b72c7c83__47ebb614c8.txt,Archive Center • Division of Health Care Finance - Drug Util Arrow Left Arrow Right Slideshow Left Arrow Slideshow Right Arrow,,21388,diabetes_glp1_obesity; oncology_rare_specialty; cns_behavioral_migraine; oud_pain; infectious_disease; cardio_renal_metabolic,clinical_efficacy_safety; pa_step_criteria; utilization_controls; public_manufacturer_input; final_implementation
group-b,Kansas,https://www.coronavirus.kdheks.gov/Archive.aspx?AMID=100,linked from capped seed: Board Meeting Minutes,1,https://www.coronavirus.kdheks.gov/202/Drug-Utilization-Review-Board,collected,200,text/html; charset=utf-8,raw/kansas/kansas__archive.aspx-cca7f85a__1a5e8b3111.html,text/kansas/kansas__archive.aspx-cca7f85a__1a5e8b3111.txt,Archive Center • Division of Health Care Finance - Drug Util Arrow Left Arrow Right Slideshow Left Arrow Slideshow Right Arrow,,21652,diabetes_glp1_obesity; oncology_rare_specialty; cns_behavioral_migraine; oud_pain; infectious_disease; cardio_renal_metabolic,clinical_efficacy_safety; pa_step_criteria; utilization_controls; public_manufacturer_input; final_implementation
group-b,Kansas,https://www.coronavirus.kdheks.gov/DocumentCenter/View/15521/DUR-Conflict-of-Interest-Form-PDF,linked from capped seed: Conflict of Interest (COI) form (PDF),1,https://www.coronavirus.kdheks.gov/202/Drug-Utilization-Review-Board,collected,200,application/pdf,raw/kansas/kansas__dur-conflict-of-interest-form-pdf__2c5aa52d7e.pdf,text/kansas/kansas__dur-conflict-of-interest-form-pdf__2c5aa52d7e.txt,,,1964,,utilization_controls; cost_rebate; public_manufacturer_input
group-b,Kansas,https://www.coronavirus.kdheks.gov/79/Social-Media-Policy,linked from capped seed: Social Media Policy,1,https://www.coronavirus.kdheks.gov/202/Drug-Utilization-Review-Board,collected,200,text/html; charset=utf-8,raw/kansas/kansas__social-media-policy__6a24c2c422.html,text/kansas/kansas__social-media-policy__6a24c2c422.txt,"Social Media Policy | KDHE, KS Arrow Left Arrow Right Slideshow Left Arrow Slideshow Right Arrow",,2357,,final_implementation
group-b,Kansas,https://www.coronavirus.kdheks.gov/200/Drug-Utilization-Review-Program,linked from capped seed: Drug Utilization Review Program,1,https://www.coronavirus.kdheks.gov/202/Drug-Utilization-Review-Board,collected,200,text/html; charset=utf-8,raw/kansas/kansas__drug-utilization-review-program__63a7c4060d.html,text/kansas/kansas__drug-utilization-review-program__63a7c4060d.txt,"Drug Utilization Review Program | KDHE, KS Arrow Left Arrow Right Slideshow Left Arrow Slideshow Right Arrow",,2726,,clinical_efficacy_safety; utilization_controls; cost_rebate
group-b,Kansas,https://www.coronavirus.kdheks.gov/188/Pharmacy,linked from capped seed: Pharmacy,1,https://www.coronavirus.kdheks.gov/202/Drug-Utilization-Review-Board,collected,200,text/html; charset=utf-8,raw/kansas/kansas__pharmacy__54a3041c84.html,text/kansas/kansas__pharmacy__54a3041c84.txt,"Kansas Medicaid (FFS & MCO) Pharmaceutical Program | KDHE, KS Arrow Left Arrow Right Slideshow Left Arrow Slideshow Right Arrow",,3181,oncology_rare_specialty,clinical_efficacy_safety; pa_step_criteria; utilization_controls
group-b,Kansas,https://www.coronavirus.kdheks.gov/1874/Non-Discrimination-Language-Access,linked from capped seed: Non-Discrimination Policy,1,https://www.coronavirus.kdheks.gov/202/Drug-Utilization-Review-Board,collected,200,text/html; charset=utf-8,raw/kansas/kansas__non-discrimination-language-access__7c65e71b0e.html,text/kansas/kansas__non-discrimination-language-access__7c65e71b0e.txt,"Non-Discrimination & Language Access | KDHE, KS Arrow Left Arrow Right Slideshow Left Arrow Slideshow Right Arrow",,5155,,final_implementation
group-b,Kansas,https://www.coronavirus.kdheks.gov/1737/Clinical-Programs,linked from capped seed: Clinical Programs,1,https://www.coronavirus.kdheks.gov/202/Drug-Utilization-Review-Board,collected,200,text/html; charset=utf-8,raw/kansas/kansas__clinical-programs__c9a36b1c32.html,text/kansas/kansas__clinical-programs__c9a36b1c32.txt,"Clinical Programs | KDHE, KS Arrow Left Arrow Right Slideshow Left Arrow Slideshow Right Arrow",,1994,,clinical_efficacy_safety; utilization_controls; cost_rebate
group-b,Kansas,https://www.kdhe.ks.gov/DocumentCenter/View/420/Preferred-Drug-List-PDF?bidId=,linked from capped seed: PDL - Preferred Drug List (PDF),1,https://www.kdhe.ks.gov/212/Preferred-Drug-List-Program,collected,200,application/pdf,raw/kansas/kansas__preferred-drug-list-pdf-8a11e2dc__f6e94b2389.pdf,text/kansas/kansas__preferred-drug-list-pdf-8a11e2dc__f6e94b2389.txt,,,107813,diabetes_glp1_obesity; immunology_biologics; oncology_rare_specialty; cns_behavioral_migraine; oud_pain; respiratory_allergy; infectious_disease; cardio_renal_metabolic,clinical_efficacy_safety; comparative_class_review; pa_step_criteria
group-b,Kansas,https://www.kdhe.ks.gov/79/Social-Media-Policy,linked from capped seed: Social Media Policy,1,https://www.kdhe.ks.gov/212/Preferred-Drug-List-Program,collected,200,text/html; charset=utf-8,raw/kansas/kansas__social-media-policy__cb2cb2f279.html,text/kansas/kansas__social-media-policy__cb2cb2f279.txt,"Social Media Policy | KDHE, KS Arrow Left Arrow Right Slideshow Left Arrow Slideshow Right Arrow",,2357,,final_implementation
group-b,Kansas,https://www.kdhe.ks.gov/234/Mental-Health-Medication-Advisory-Commit,linked from capped seed: Mental Health Medication Advisory Committee,1,https://www.kdhe.ks.gov/212/Preferred-Drug-List-Program,collected,200,text/html; charset=utf-8,raw/kansas/kansas__mental-health-medication-advisory-commit__77fa50028b.html,text/kansas/kansas__mental-health-medication-advisory-commit__77fa50028b.txt,"Mental Health Medication Advisory Committee | KDHE, KS Arrow Left Arrow Right Slideshow Left Arrow Slideshow Right Arrow",,4523,,clinical_efficacy_safety; pa_step_criteria; utilization_controls; public_manufacturer_input; final_implementation
group-b,Kansas,https://www.kdhe.ks.gov/202/Drug-Utilization-Review-Board,linked from capped seed: Drug Utilization Review Board,1,https://www.kdhe.ks.gov/212/Preferred-Drug-List-Program,collected,200,text/html; charset=utf-8,raw/kansas/kansas__drug-utilization-review-board__74b19890ee.html,text/kansas/kansas__drug-utilization-review-board__74b19890ee.txt,"Drug Utilization Review Board | KDHE, KS Arrow Left Arrow Right Slideshow Left Arrow Slideshow Right Arrow",,5139,,clinical_efficacy_safety; pa_step_criteria; utilization_controls; public_manufacturer_input; final_implementation
group-b,Kansas,https://www.kdhe.ks.gov/200/Drug-Utilization-Review-Program,linked from capped seed: Drug Utilization Review Program,1,https://www.kdhe.ks.gov/212/Preferred-Drug-List-Program,collected,200,text/html; charset=utf-8,raw/kansas/kansas__drug-utilization-review-program__02ddfe61d5.html,text/kansas/kansas__drug-utilization-review-program__02ddfe61d5.txt,"Drug Utilization Review Program | KDHE, KS Arrow Left Arrow Right Slideshow Left Arrow Slideshow Right Arrow",,2726,,clinical_efficacy_safety; utilization_controls; cost_rebate
group-b,Kansas,https://www.kdhe.ks.gov/188/Pharmacy,linked from capped seed: Pharmacy,1,https://www.kdhe.ks.gov/212/Preferred-Drug-List-Program,collected,200,text/html; charset=utf-8,raw/kansas/kansas__pharmacy__45355d6187.html,text/kansas/kansas__pharmacy__45355d6187.txt,"Kansas Medicaid (FFS & MCO) Pharmaceutical Program | KDHE, KS Arrow Left Arrow Right Slideshow Left Arrow Slideshow Right Arrow",,3181,oncology_rare_specialty,clinical_efficacy_safety; pa_step_criteria; utilization_controls
group-b,Kansas,https://www.kdhe.ks.gov/1874/Non-Discrimination-Language-Access,linked from capped seed: Non-Discrimination Policy,1,https://www.kdhe.ks.gov/212/Preferred-Drug-List-Program,collected,200,text/html; charset=utf-8,raw/kansas/kansas__non-discrimination-language-access__546740d092.html,text/kansas/kansas__non-discrimination-language-access__546740d092.txt,"Non-Discrimination & Language Access | KDHE, KS Arrow Left Arrow Right Slideshow Left Arrow Slideshow Right Arrow",,5155,,final_implementation
group-b,Kansas,https://www.kdhe.ks.gov/1737/Clinical-Programs,linked from capped seed: Clinical Programs,1,https://www.kdhe.ks.gov/212/Preferred-Drug-List-Program,collected,200,text/html; charset=utf-8,raw/kansas/kansas__clinical-programs__b1be45a85a.html,text/kansas/kansas__clinical-programs__b1be45a85a.txt,"Clinical Programs | KDHE, KS Arrow Left Arrow Right Slideshow Left Arrow Slideshow Right Arrow",,1994,,clinical_efficacy_safety; utilization_controls; cost_rebate
group-b,Kansas,http://www.kancare.ks.gov/policies-and-reports/kdhe-eligibility-policy/policy-log,linked from capped seed: KanCare Eligibility Policy,1,https://www.kdhe.ks.gov/212/Preferred-Drug-List-Program,failed,403,text/html,raw/kansas/kansas__policy-log__3405898337.error.txt,text/kansas/kansas__policy-log__3405898337.error.txt,,HTTP 403,358,,
group-b,Kansas,https://www.kdhe.ks.gov/DocumentCenter/View/56363/July-2025-PDL-Minutes-FINAL?bidId=,linked from capped seed: July 2025 PDL Minutes (PDF),1,https://www.kdhe.ks.gov/238/Preferred-Drug-List-Advisory-Committee,collected,200,application/pdf,raw/kansas/kansas__july-2025-pdl-minutes-final-8a11e2dc__eb99b6de9a.pdf,text/kansas/kansas__july-2025-pdl-minutes-final-8a11e2dc__eb99b6de9a.txt,,,13283,diabetes_glp1_obesity; immunology_biologics; oncology_rare_specialty; oud_pain; cardio_renal_metabolic,clinical_efficacy_safety; pa_step_criteria; public_manufacturer_input; final_implementation
group-b,Kansas,https://www.kdhe.ks.gov/DocumentCenter/View/51716/2025-January-PDL-Meeting-Minutes-PDF?bidId=,linked from capped seed: January 2025 PDL Minutes (PDF),1,https://www.kdhe.ks.gov/238/Preferred-Drug-List-Advisory-Committee,collected,200,application/pdf,raw/kansas/kansas__2025-january-pdl-meeting-minutes-pdf-8a11e2dc__01625f93c3.pdf,text/kansas/kansas__2025-january-pdl-meeting-minutes-pdf-8a11e2dc__01625f93c3.txt,,,13564,immunology_biologics; oncology_rare_specialty; respiratory_allergy; infectious_disease; cardio_renal_metabolic,clinical_efficacy_safety; public_manufacturer_input; final_implementation
group-b,Kansas,https://www.kdhe.ks.gov/DocumentCenter/View/15592/PDL-Conflict-of-Interest-Form-PDF,linked from capped seed: Conflict of Interest (COI) form (PDF),1,https://www.kdhe.ks.gov/238/Preferred-Drug-List-Advisory-Committee,collected,200,application/pdf,raw/kansas/kansas__pdl-conflict-of-interest-form-pdf__bb9c223b15.pdf,text/kansas/kansas__pdl-conflict-of-interest-form-pdf__bb9c223b15.txt,,,2077,,cost_rebate; public_manufacturer_input
group-b,Kansas,https://www.kdhe.ks.gov/Archive.aspx?AMID=103,linked from capped seed: Board Meeting Minutes,1,https://www.kdhe.ks.gov/238/Preferred-Drug-List-Advisory-Committee,collected,200,text/html; charset=utf-8,raw/kansas/kansas__archive.aspx-c4275f87__58a0d82478.html,text/kansas/kansas__archive.aspx-c4275f87__58a0d82478.txt,Archive Center • Division of Health Care Finance - Preferred Arrow Left Arrow Right Slideshow Left Arrow Slideshow Right Arrow,,21115,diabetes_glp1_obesity; oncology_rare_specialty; cns_behavioral_migraine; oud_pain; infectious_disease; cardio_renal_metabolic,clinical_efficacy_safety; pa_step_criteria; utilization_controls; public_manufacturer_input; final_implementation
group-b,Kansas,https://www.kdhe.ks.gov/Archive.aspx?AMID=102,linked from capped seed: Agendas,1,https://www.kdhe.ks.gov/238/Preferred-Drug-List-Advisory-Committee,collected,200,text/html; charset=utf-8,raw/kansas/kansas__archive.aspx-914981da__7103fa9be9.html,text/kansas/kansas__archive.aspx-914981da__7103fa9be9.txt,Archive Center • Division of Health Care Finance - Preferred Arrow Left Arrow Right Slideshow Left Arrow Slideshow Right Arrow,,21084,diabetes_glp1_obesity; oncology_rare_specialty; cns_behavioral_migraine; oud_pain; infectious_disease; cardio_renal_metabolic,clinical_efficacy_safety; pa_step_criteria; utilization_controls; public_manufacturer_input; final_implementation
group-b,Kansas,https://www.kdhe.ks.gov/DocumentCenter/View/51520/Preferred-Drug-List-Committee-January-2026-PDF,linked from capped seed: Preferred Drug List Committee January 2026 (PDF),1,https://www.kdhe.ks.gov/238/Preferred-Drug-List-Advisory-Committee,collected,200,application/pdf,raw/kansas/kansas__preferred-drug-list-committee-january-2026-pdf__5b485f0c51.pdf,text/kansas/kansas__preferred-drug-list-committee-january-2026-pdf__5b485f0c51.txt,,,805,,
group-b,Kentucky,https://legislature.ky.gov/Documents/Current_Standing_Schedule.pdf,linked from capped seed: Standing Committee Schedule,1,https://apps.legislature.ky.gov/law/kar/titles/907/023/010/REG/,collected,200,application/pdf,raw/kentucky/kentucky__current_standing_schedule.pdf__dafe81332b.pdf,text/kentucky/kentucky__current_standing_schedule.pdf__dafe81332b.txt,,,1519,,
group-b,Kentucky,https://legislature.ky.gov/Visitors/Pages/RoomReservations.aspx,linked from capped seed: Annex Committee Room Reservations,1,https://apps.legislature.ky.gov/law/kar/titles/907/023/010/REG/,collected,200,text/html; charset=utf-8,raw/kentucky/kentucky__roomreservations.aspx__9022b6bb41.html,text/kentucky/kentucky__roomreservations.aspx__9022b6bb41.txt,"Annex Committee Room Reservations - 
Legislative Research Commission",,4024,,clinical_efficacy_safety
group-b,Kentucky,https://legislature.ky.gov/Visitors/Pages/Presentations.aspx,linked from capped seed: Presenting to the Legislative Committees,1,https://apps.legislature.ky.gov/law/kar/titles/907/023/010/REG/,collected,200,text/html; charset=utf-8,raw/kentucky/kentucky__presentations.aspx__39f31f2deb.html,text/kentucky/kentucky__presentations.aspx__39f31f2deb.txt,"Presenting to the Legislative Committees - 
Legislative Research Commission",,4665,,clinical_efficacy_safety; public_manufacturer_input
group-b,Kentucky,https://legislature.ky.gov/LRC/Publications/Pages/Research-Memoranda.aspx,linked from capped seed: LRC Research Memoranda,1,https://apps.legislature.ky.gov/law/kar/titles/907/023/010/REG/,collected,200,text/html; charset=utf-8,raw/kentucky/kentucky__research-memoranda.aspx__ec970eea23.html,text/kentucky/kentucky__research-memoranda.aspx__ec970eea23.txt,"LRC Research Memoranda - 
Legislative Research Commission",,6129,,clinical_efficacy_safety
group-b,Kentucky,https://legislature.ky.gov/LRC/Publications/Pages/Informational-Bulletins.aspx,linked from capped seed: LRC Informational Bulletins,1,https://apps.legislature.ky.gov/law/kar/titles/907/023/010/REG/,collected,200,text/html; charset=utf-8,raw/kentucky/kentucky__informational-bulletins.aspx__c8a7fdd60b.html,text/kentucky/kentucky__informational-bulletins.aspx__c8a7fdd60b.txt,"LRC Informational Bulletins - 
Legislative Research Commission",,6830,,clinical_efficacy_safety
group-b,Kentucky,https://legislature.ky.gov/Committees/statutory-committee,linked from capped seed: Statutory Committees,1,https://apps.legislature.ky.gov/law/kar/titles/907/023/010/REG/,collected,200,text/html; charset=utf-8,raw/kentucky/kentucky__statutory-committee__7a6ece7c20.html,text/kentucky/kentucky__statutory-committee__7a6ece7c20.txt,"Committee - 
Legislative Research Commission",,3536,,clinical_efficacy_safety; cost_rebate
group-b,Kentucky,https://legislature.ky.gov/Committees/special-committee,linked from capped seed: Special Committees,1,https://apps.legislature.ky.gov/law/kar/titles/907/023/010/REG/,collected,200,text/html; charset=utf-8,raw/kentucky/kentucky__special-committee__e53503ab37.html,text/kentucky/kentucky__special-committee__e53503ab37.txt,"Committee - 
Legislative Research Commission",,2746,,clinical_efficacy_safety
group-b,Kentucky,https://legislature.ky.gov/Committees/senate-standing-committee,linked from capped seed: Senate Standing Committees,1,https://apps.legislature.ky.gov/law/kar/titles/907/023/010/REG/,collected,200,text/html; charset=utf-8,raw/kentucky/kentucky__senate-standing-committee__894f67e5ee.html,text/kentucky/kentucky__senate-standing-committee__894f67e5ee.txt,"Committee - 
Legislative Research Commission",,3957,,clinical_efficacy_safety
group-b,Kentucky,https://legislature.ky.gov/Committees/interim-joint-committee,linked from capped seed: Interim Joint Committees,1,https://apps.legislature.ky.gov/law/kar/titles/907/023/010/REG/,collected,200,text/html; charset=utf-8,raw/kentucky/kentucky__interim-joint-committee__58c627153e.html,text/kentucky/kentucky__interim-joint-committee__58c627153e.txt,"Committee - 
Legislative Research Commission",,3849,,clinical_efficacy_safety
group-b,Kentucky,https://legislature.ky.gov/Committees/house-standing-committee,linked from capped seed: House Standing Committees,1,https://apps.legislature.ky.gov/law/kar/titles/907/023/010/REG/,collected,200,text/html; charset=utf-8,raw/kentucky/kentucky__house-standing-committee__27483d240e.html,text/kentucky/kentucky__house-standing-committee__27483d240e.txt,"Committee - 
Legislative Research Commission",,4310,,clinical_efficacy_safety
group-b,Kentucky,https://legislature.ky.gov/Committees/Pages/default.aspx,linked from capped seed: Committees,1,https://apps.legislature.ky.gov/law/kar/titles/907/023/010/REG/,collected,200,text/html; charset=utf-8,raw/kentucky/kentucky__default.aspx__944f06a373.html,text/kentucky/kentucky__default.aspx__944f06a373.txt,"Committees - 
Legislative Research Commission",,3691,,clinical_efficacy_safety
group-b,Kentucky,https://legislature.ky.gov/Committees/Pages/PriorCommittees.aspx,linked from capped seed: Prior Committee Information,1,https://apps.legislature.ky.gov/law/kar/titles/907/023/010/REG/,collected,200,text/html; charset=utf-8,raw/kentucky/kentucky__priorcommittees.aspx__624dc9410a.html,text/kentucky/kentucky__priorcommittees.aspx__624dc9410a.txt,"Prior Committee Information - 
Legislative Research Commission",,10608,diabetes_glp1_obesity; cns_behavioral_migraine; oud_pain,clinical_efficacy_safety; cost_rebate; final_implementation
group-b,Kentucky,https://legislature.ky.gov/Committees/Caucuses,linked from capped seed: Caucuses,1,https://apps.legislature.ky.gov/law/kar/titles/907/023/010/REG/,collected,200,text/html; charset=utf-8,raw/kentucky/kentucky__caucuses__06a0656142.html,text/kentucky/kentucky__caucuses__06a0656142.txt,"Committee - 
Legislative Research Commission",,3460,,clinical_efficacy_safety
group-b,Kentucky,https://kyportal.medimpact.com/sites/default/files/2023-12/kentucky-medicaid-pa-criteria.pdf,linked from capped seed: Prior Authorization (PA) Criteria,1,https://kyportal.medimpact.com/medicaid-manufacturer-portal/medicaid-manufacturer-portal-home,collected,200,application/pdf,raw/kentucky/kentucky__kentucky-medicaid-pa-criteria.pdf__b3ef6b5574.pdf,text/kentucky/kentucky__kentucky-medicaid-pa-criteria.pdf__b3ef6b5574.txt,,,496105,diabetes_glp1_obesity; immunology_biologics; oncology_rare_specialty; cns_behavioral_migraine; oud_pain; respiratory_allergy; infectious_disease; cardio_renal_metabolic,clinical_efficacy_safety; comparative_class_review; pa_step_criteria; utilization_controls; cost_rebate; public_manufacturer_input; final_implementation
group-b,Kentucky,https://kyportal.medimpact.com/sites/default/files/2023-12/kentucky-medicaid-pdl.pdf,linked from capped seed: Preferred Drug List (PDL),1,https://kyportal.medimpact.com/medicaid-manufacturer-portal/medicaid-manufacturer-portal-home,collected,200,application/pdf,raw/kentucky/kentucky__kentucky-medicaid-pdl.pdf__6bbbd452af.pdf,text/kentucky/kentucky__kentucky-medicaid-pdl.pdf__6bbbd452af.txt,,,80523,diabetes_glp1_obesity; immunology_biologics; oncology_rare_specialty; cns_behavioral_migraine; oud_pain; respiratory_allergy; infectious_disease; cardio_renal_metabolic,clinical_efficacy_safety; comparative_class_review; pa_step_criteria; utilization_controls; cost_rebate
group-b,Kentucky,https://kyportal.medimpact.com/sites/default/files/2023-12/kentucky-medicaid-diabetic-supplies-list.pdf,linked from capped seed: Diabetic Supplies Preferred Drug List,1,https://kyportal.medimpact.com/medicaid-manufacturer-portal/medicaid-manufacturer-portal-home,collected,200,application/pdf,raw/kentucky/kentucky__kentucky-medicaid-diabetic-supplies-list.pdf__269e5d3c19.pdf,text/kentucky/kentucky__kentucky-medicaid-diabetic-supplies-list.pdf__269e5d3c19.txt,,,9676,diabetes_glp1_obesity,clinical_efficacy_safety; pa_step_criteria; utilization_controls; public_manufacturer_input
group-b,Kentucky,https://kyportal.medimpact.com/medicaid-member-portal/formulary-search,linked from capped seed: GO TO PDL SEARCH,1,https://kyportal.medimpact.com/medicaid-manufacturer-portal/medicaid-manufacturer-portal-home,collected,200,text/html; charset=UTF-8,raw/kentucky/kentucky__formulary-search__e39b67b8c8.html,text/kentucky/kentucky__formulary-search__e39b67b8c8.txt,formulary search | Kentucky,,489,,
group-b,Kentucky,https://kyportal.medimpact.com/sites/default/files/2026-05/pt_committee_recommendations_april_2026.pdf,linked from capped seed: Committee Recommendations,1,https://kyportal.medimpact.com/provider-documents/pt-committee,collected,200,application/pdf,raw/kentucky/kentucky__pt_committee_recommendations_april_2026.pdf__62ce61093c.pdf,text/kentucky/kentucky__pt_committee_recommendations_april_2026.pdf__62ce61093c.txt,,,25987,diabetes_glp1_obesity; oncology_rare_specialty; oud_pain; respiratory_allergy; infectious_disease; cardio_renal_metabolic,clinical_efficacy_safety; comparative_class_review; pa_step_criteria; utilization_controls; final_implementation
group-b,Kentucky,https://kyportal.medimpact.com/sites/default/files/2026-05/pt_commissioner_decision_april_2026.pdf,linked from capped seed: Commissioner Decision,1,https://kyportal.medimpact.com/provider-documents/pt-committee,collected,200,application/pdf,raw/kentucky/kentucky__pt_commissioner_decision_april_2026.pdf__cee92b02bb.pdf,text/kentucky/kentucky__pt_commissioner_decision_april_2026.pdf__cee92b02bb.txt,,,29576,diabetes_glp1_obesity; oncology_rare_specialty; oud_pain; respiratory_allergy; infectious_disease; cardio_renal_metabolic,clinical_efficacy_safety; comparative_class_review; pa_step_criteria; utilization_controls; final_implementation
group-b,Kentucky,https://kyportal.medimpact.com/sites/default/files/2026-04/pt_meeting_agenda_april_2026_2.pdf,linked from capped seed: Agenda,1,https://kyportal.medimpact.com/provider-documents/pt-committee,collected,200,application/pdf,raw/kentucky/kentucky__pt_meeting_agenda_april_2026_2.pdf__cb1776e0dc.pdf,text/kentucky/kentucky__pt_meeting_agenda_april_2026_2.pdf__cb1776e0dc.txt,,,3358,diabetes_glp1_obesity; oncology_rare_specialty; oud_pain,clinical_efficacy_safety; pa_step_criteria; public_manufacturer_input; final_implementation
group-b,Kentucky,https://kyportal.medimpact.com/sites/default/files/2026-02/pt_committee_recommendations_january_2026.pdf,linked from capped seed: Committee Recommendations,1,https://kyportal.medimpact.com/provider-documents/pt-committee,collected,200,application/pdf,raw/kentucky/kentucky__pt_committee_recommendations_january_2026.pdf__01a3b3d829.pdf,text/kentucky/kentucky__pt_committee_recommendations_january_2026.pdf__01a3b3d829.txt,,,23156,diabetes_glp1_obesity; immunology_biologics; oncology_rare_specialty; cns_behavioral_migraine; oud_pain; respiratory_allergy; infectious_disease; cardio_renal_metabolic,clinical_efficacy_safety; comparative_class_review; pa_step_criteria; utilization_controls; final_implementation
group-b,Kentucky,https://kyportal.medimpact.com/sites/default/files/2026-02/pt_commissioner_decision_january_2026_0.pdf,linked from capped seed: Commissioner Decision,1,https://kyportal.medimpact.com/provider-documents/pt-committee,collected,200,application/pdf,raw/kentucky/kentucky__pt_commissioner_decision_january_2026_0.pdf__6cc15f8698.pdf,text/kentucky/kentucky__pt_commissioner_decision_january_2026_0.pdf__6cc15f8698.txt,,,25242,diabetes_glp1_obesity; oncology_rare_specialty; cns_behavioral_migraine; oud_pain; respiratory_allergy; infectious_disease; cardio_renal_metabolic,clinical_efficacy_safety; comparative_class_review; pa_step_criteria; utilization_controls; cost_rebate; final_implementation
group-b,Kentucky,https://kyportal.medimpact.com/sites/default/files/2026-01/pt_meeting_agenda_january_2026.pdf,linked from capped seed: Agenda,1,https://kyportal.medimpact.com/provider-documents/pt-committee,collected,200,application/pdf,raw/kentucky/kentucky__pt_meeting_agenda_january_2026.pdf__2e4adb731d.pdf,text/kentucky/kentucky__pt_meeting_agenda_january_2026.pdf__2e4adb731d.txt,,,2975,diabetes_glp1_obesity; cns_behavioral_migraine; respiratory_allergy; infectious_disease,pa_step_criteria; public_manufacturer_input; final_implementation
group-b,Kentucky,https://kyportal.medimpact.com/sites/default/files/2025-11/pt_committee_recommendations_october_2025_final.pdf,linked from capped seed: Committee Recommendations,1,https://kyportal.medimpact.com/provider-documents/pt-committee,collected,200,application/pdf,raw/kentucky/kentucky__pt_committee_recommendations_october_2025_final.pdf__a81d0b9844.pdf,text/kentucky/kentucky__pt_committee_recommendations_october_2025_final.pdf__a81d0b9844.txt,,,16791,diabetes_glp1_obesity; immunology_biologics; respiratory_allergy; infectious_disease; cardio_renal_metabolic,clinical_efficacy_safety; comparative_class_review; pa_step_criteria; utilization_controls; final_implementation
group-b,Kentucky,https://kyportal.medimpact.com/sites/default/files/2025-11/pt_commissioner_decision_october_2025_final.pdf,linked from capped seed: Commissioner Decision,1,https://kyportal.medimpact.com/provider-documents/pt-committee,collected,200,application/pdf,raw/kentucky/kentucky__pt_commissioner_decision_october_2025_final.pdf__5088e5460e.pdf,text/kentucky/kentucky__pt_commissioner_decision_october_2025_final.pdf__5088e5460e.txt,,,22369,diabetes_glp1_obesity; immunology_biologics; respiratory_allergy; infectious_disease; cardio_renal_metabolic,clinical_efficacy_safety; comparative_class_review; pa_step_criteria; utilization_controls; final_implementation
group-b,Kentucky,https://kyportal.medimpact.com/sites/default/files/2025-09/pt_meeting_agenda_october_2025.pdf,linked from capped seed: Agenda,1,https://kyportal.medimpact.com/provider-documents/pt-committee,collected,200,application/pdf,raw/kentucky/kentucky__pt_meeting_agenda_october_2025.pdf__07ac0e9451.pdf,text/kentucky/kentucky__pt_meeting_agenda_october_2025.pdf__07ac0e9451.txt,,,3508,diabetes_glp1_obesity; immunology_biologics; respiratory_allergy; infectious_disease,pa_step_criteria; public_manufacturer_input; final_implementation
group-b,Kentucky,https://kyportal.medimpact.com/sites/default/files/2025-08/pt_committee_recommendations_july_2025.pdf,linked from capped seed: Committee Recommendations,1,https://kyportal.medimpact.com/provider-documents/pt-committee,collected,200,application/pdf,raw/kentucky/kentucky__pt_committee_recommendations_july_2025.pdf__15821465ce.pdf,text/kentucky/kentucky__pt_committee_recommendations_july_2025.pdf__15821465ce.txt,,,13088,oncology_rare_specialty; cns_behavioral_migraine; oud_pain; respiratory_allergy; cardio_renal_metabolic,clinical_efficacy_safety; comparative_class_review; pa_step_criteria; utilization_controls; final_implementation
group-b,Kentucky,https://kyportal.medimpact.com/sites/default/files/2025-08/pt_commissioner_decision_july_2025_final_0.pdf,linked from capped seed: Commissioner,1,https://kyportal.medimpact.com/provider-documents/pt-committee,collected,200,application/pdf,raw/kentucky/kentucky__pt_commissioner_decision_july_2025_final_0.pdf__9067392bc0.pdf,text/kentucky/kentucky__pt_commissioner_decision_july_2025_final_0.pdf__9067392bc0.txt,,,18071,oncology_rare_specialty; cns_behavioral_migraine; oud_pain; respiratory_allergy; cardio_renal_metabolic,clinical_efficacy_safety; comparative_class_review; pa_step_criteria; utilization_controls; final_implementation
group-b,Kentucky,https://kyportal.medimpact.com/sites/default/files/2025-08/pt_commissioner_decision_july_2025_final.pdf,linked from capped seed: Commissioner Decision,1,https://kyportal.medimpact.com/provider-documents/pt-committee,collected,200,application/pdf,raw/kentucky/kentucky__pt_commissioner_decision_july_2025_final.pdf__105219ec71.pdf,text/kentucky/kentucky__pt_commissioner_decision_july_2025_final.pdf__105219ec71.txt,,,18067,oncology_rare_specialty; cns_behavioral_migraine; oud_pain; respiratory_allergy; cardio_renal_metabolic,clinical_efficacy_safety; comparative_class_review; pa_step_criteria; utilization_controls; final_implementation
group-b,Kentucky,https://kyportal.medimpact.com/sites/default/files/2025-07/pt_meeting_agenda_july_2025_final.pdf,linked from capped seed: Agenda,1,https://kyportal.medimpact.com/provider-documents/pt-committee,collected,200,application/pdf,raw/kentucky/kentucky__pt_meeting_agenda_july_2025_final.pdf__bdc476fa53.pdf,text/kentucky/kentucky__pt_meeting_agenda_july_2025_final.pdf__bdc476fa53.txt,,,3499,cns_behavioral_migraine; oud_pain; cardio_renal_metabolic,pa_step_criteria; public_manufacturer_input; final_implementation
group-b,Kentucky,https://kyportal.medimpact.com/sites/default/files/2025-05/pt_committee_recommendations_april_2025_0.pdf,linked from capped seed: Committee Recommendations,1,https://kyportal.medimpact.com/provider-documents/pt-committee,collected,200,application/pdf,raw/kentucky/kentucky__pt_committee_recommendations_april_2025_0.pdf__08553d02d8.pdf,text/kentucky/kentucky__pt_committee_recommendations_april_2025_0.pdf__08553d02d8.txt,,,16825,diabetes_glp1_obesity; oncology_rare_specialty; cns_behavioral_migraine; oud_pain; respiratory_allergy,clinical_efficacy_safety; comparative_class_review; pa_step_criteria; utilization_controls; final_implementation
group-b,Kentucky,https://kyportal.medimpact.com/sites/default/files/2025-05/pt_commissioner_decision_april_pt_2025.pdf,linked from capped seed: Commissioner Decision,1,https://kyportal.medimpact.com/provider-documents/pt-committee,collected,200,application/pdf,raw/kentucky/kentucky__pt_commissioner_decision_april_pt_2025.pdf__f89d9bb546.pdf,text/kentucky/kentucky__pt_commissioner_decision_april_pt_2025.pdf__f89d9bb546.txt,,,19916,diabetes_glp1_obesity; oncology_rare_specialty; cns_behavioral_migraine; oud_pain; respiratory_allergy,clinical_efficacy_safety; comparative_class_review; pa_step_criteria; utilization_controls; final_implementation
group-b,Kentucky,https://kyportal.medimpact.com/sites/default/files/2025-04/pt_meeting_agenda_-_april_2025.pdf,linked from capped seed: Agenda,1,https://kyportal.medimpact.com/provider-documents/pt-committee,collected,200,application/pdf,raw/kentucky/kentucky__pt_meeting_agenda_-_april_2025.pdf__97905f8f79.pdf,text/kentucky/kentucky__pt_meeting_agenda_-_april_2025.pdf__97905f8f79.txt,,,2799,diabetes_glp1_obesity; oncology_rare_specialty; oud_pain,pa_step_criteria; public_manufacturer_input; final_implementation
group-b,Kentucky,https://kyportal.medimpact.com/sites/default/files/2025-02/pt_committee_recommendations_january_2025.final_.pdf,linked from capped seed: Committee Recommendations,1,https://kyportal.medimpact.com/provider-documents/pt-committee,collected,200,application/pdf,raw/kentucky/kentucky__pt_committee_recommendations_january_2025.final_.pdf__2004377487.pdf,text/kentucky/kentucky__pt_committee_recommendations_january_2025.final_.pdf__2004377487.txt,,,24837,immunology_biologics; cns_behavioral_migraine; respiratory_allergy; infectious_disease; cardio_renal_metabolic,clinical_efficacy_safety; comparative_class_review; pa_step_criteria; utilization_controls; public_manufacturer_input; final_implementation
group-b,Kentucky,https://kyportal.medimpact.com/sites/default/files/2025-01/pt_meeting_agenda_-_january_2025_0.pdf,linked from capped seed: Agenda,1,https://kyportal.medimpact.com/provider-documents/pt-committee,collected,200,application/pdf,raw/kentucky/kentucky__pt_meeting_agenda_-_january_2025_0.pdf__a9cc3a2d7c.pdf,text/kentucky/kentucky__pt_meeting_agenda_-_january_2025_0.pdf__a9cc3a2d7c.txt,,,3161,immunology_biologics; respiratory_allergy; infectious_disease,pa_step_criteria; public_manufacturer_input; final_implementation
group-b,Kentucky,https://www.chfs.ky.gov/agencies/dms/dpo/ppb/Documents/RecommendationsMarch2023.pdf,linked from capped seed: Committee Recommendations,1,https://www.chfs.ky.gov/agencies/dms/dpo/ppb/Pages/p-tac.aspx,collected,200,application/pdf,raw/kentucky/kentucky__recommendationsmarch2023.pdf__32508ff72e.pdf,text/kentucky/kentucky__recommendationsmarch2023.pdf__32508ff72e.txt,,,11363,oncology_rare_specialty; respiratory_allergy; infectious_disease; cardio_renal_metabolic,clinical_efficacy_safety; comparative_class_review; pa_step_criteria; utilization_controls; final_implementation
group-b,Kentucky,https://www.chfs.ky.gov/agencies/dms/dpo/ppb/Documents/PT%20Meeting%20Agenda_October%202025.pdf,linked from capped seed: Agenda,1,https://www.chfs.ky.gov/agencies/dms/dpo/ppb/Pages/p-tac.aspx,collected,200,application/pdf,raw/kentucky/kentucky__pt-meeting-agenda_october-2025.pdf__855f4285f4.pdf,text/kentucky/kentucky__pt-meeting-agenda_october-2025.pdf__855f4285f4.txt,,,3508,diabetes_glp1_obesity; immunology_biologics; respiratory_allergy; infectious_disease,pa_step_criteria; public_manufacturer_input; final_implementation
group-b,Kentucky,https://www.chfs.ky.gov/agencies/dms/dpo/ppb/Documents/PT%20Meeting%20Agenda_April%202026.pdf,linked from capped seed: Agenda,1,https://www.chfs.ky.gov/agencies/dms/dpo/ppb/Pages/p-tac.aspx,collected,200,application/pdf,raw/kentucky/kentucky__pt-meeting-agenda_april-2026.pdf__4264a8589a.pdf,text/kentucky/kentucky__pt-meeting-agenda_april-2026.pdf__4264a8589a.txt,,,3381,diabetes_glp1_obesity; oncology_rare_specialty; oud_pain,clinical_efficacy_safety; pa_step_criteria; public_manufacturer_input; final_implementation
group-b,Kentucky,https://www.chfs.ky.gov/agencies/dms/dpo/ppb/Documents/PT%20Meeting%20Agenda01182024.pdf,linked from capped seed: Agenda,1,https://www.chfs.ky.gov/agencies/dms/dpo/ppb/Pages/p-tac.aspx,collected,200,application/pdf,raw/kentucky/kentucky__pt-meeting-agenda01182024.pdf__34101defc5.pdf,text/kentucky/kentucky__pt-meeting-agenda01182024.pdf__34101defc5.txt,,,2828,respiratory_allergy; infectious_disease,pa_step_criteria; public_manufacturer_input; final_implementation
group-b,Kentucky,https://www.chfs.ky.gov/agencies/dms/dpo/ppb/Documents/PT%20Meeting%20Agenda%20-%20October%202024%20Final_v2.pdf,linked from capped seed: Agenda,1,https://www.chfs.ky.gov/agencies/dms/dpo/ppb/Pages/p-tac.aspx,collected,200,application/pdf,raw/kentucky/kentucky__pt-meeting-agenda---october-2024-final_v2.pdf__0621a53265.pdf,text/kentucky/kentucky__pt-meeting-agenda---october-2024-final_v2.pdf__0621a53265.txt,,,3564,immunology_biologics; cns_behavioral_migraine; respiratory_allergy,pa_step_criteria; public_manufacturer_input; final_implementation
group-b,Kentucky,https://www.chfs.ky.gov/agencies/dms/dpo/ppb/Documents/PT%20Meeting%20Agenda%20-%20July%202024_Final.pdf,linked from capped seed: Agenda,1,https://www.chfs.ky.gov/agencies/dms/dpo/ppb/Pages/p-tac.aspx,collected,200,application/pdf,raw/kentucky/kentucky__pt-meeting-agenda---july-2024_final.pdf__e5c9d029f9.pdf,text/kentucky/kentucky__pt-meeting-agenda---july-2024_final.pdf__e5c9d029f9.txt,,,3166,cns_behavioral_migraine; cardio_renal_metabolic,pa_step_criteria; public_manufacturer_input; final_implementation
group-b,Kentucky,https://www.chfs.ky.gov/agencies/dms/dpo/ppb/Documents/PT%20Meeting%20Agenda%20-%20January%202025.pdf,linked from capped seed: Agenda,1,https://www.chfs.ky.gov/agencies/dms/dpo/ppb/Pages/p-tac.aspx,collected,200,application/pdf,raw/kentucky/kentucky__pt-meeting-agenda---january-2025.pdf__547b5aec94.pdf,text/kentucky/kentucky__pt-meeting-agenda---january-2025.pdf__547b5aec94.txt,,,3161,immunology_biologics; respiratory_allergy; infectious_disease,pa_step_criteria; public_manufacturer_input; final_implementation
group-b,Kentucky,https://www.chfs.ky.gov/agencies/dms/dpo/ppb/Documents/PT%20Committee%20Recommendations_October%202024%20Final.pdf,linked from capped seed: Committee Recommendations,1,https://www.chfs.ky.gov/agencies/dms/dpo/ppb/Pages/p-tac.aspx,collected,200,application/pdf,raw/kentucky/kentucky__pt-committee-recommendations_october-2024-final.pdf__0263b60a95.pdf,text/kentucky/kentucky__pt-committee-recommendations_october-2024-final.pdf__0263b60a95.txt,,,17360,immunology_biologics; cns_behavioral_migraine; respiratory_allergy; cardio_renal_metabolic,clinical_efficacy_safety; comparative_class_review; pa_step_criteria; utilization_controls; final_implementation
group-b,Kentucky,https://www.chfs.ky.gov/agencies/dms/dpo/ppb/Documents/PT%20Committee%20Recommendations_July%202024_Final.pdf,linked from capped seed: Committee Recommendations,1,https://www.chfs.ky.gov/agencies/dms/dpo/ppb/Pages/p-tac.aspx,collected,200,application/pdf,raw/kentucky/kentucky__pt-committee-recommendations_july-2024_final.pdf__b858bd3e1a.pdf,text/kentucky/kentucky__pt-committee-recommendations_july-2024_final.pdf__b858bd3e1a.txt,,,19788,immunology_biologics; oncology_rare_specialty; cns_behavioral_migraine; respiratory_allergy; infectious_disease; cardio_renal_metabolic,clinical_efficacy_safety; comparative_class_review; pa_step_criteria; utilization_controls; final_implementation
group-b,Kentucky,https://www.chfs.ky.gov/agencies/dms/dpo/ppb/Documents/PT%20Committee%20Recommendations_April%202024%20Final.pdf,linked from capped seed: Committee Recommendations,1,https://www.chfs.ky.gov/agencies/dms/dpo/ppb/Pages/p-tac.aspx,collected,200,application/pdf,raw/kentucky/kentucky__pt-committee-recommendations_april-2024-final.pdf__f1db131e22.pdf,text/kentucky/kentucky__pt-committee-recommendations_april-2024-final.pdf__f1db131e22.txt,,,14069,diabetes_glp1_obesity; oncology_rare_specialty; cns_behavioral_migraine; oud_pain; respiratory_allergy; cardio_renal_metabolic,clinical_efficacy_safety; comparative_class_review; pa_step_criteria; utilization_controls; final_implementation
group-b,Kentucky,https://www.chfs.ky.gov/agencies/dms/dpo/ppb/Documents/PT%20Commissioner%20Decision_October%20PT%202024%20Final.pdf,linked from capped seed: Commissioner Final Decisions,1,https://www.chfs.ky.gov/agencies/dms/dpo/ppb/Pages/p-tac.aspx,collected,200,application/pdf,raw/kentucky/kentucky__pt-commissioner-decision_october-pt-2024-final.pdf__8bf0d1510f.pdf,text/kentucky/kentucky__pt-commissioner-decision_october-pt-2024-final.pdf__8bf0d1510f.txt,,,30480,immunology_biologics; cns_behavioral_migraine; respiratory_allergy; cardio_renal_metabolic,clinical_efficacy_safety; comparative_class_review; pa_step_criteria; utilization_controls; final_implementation
group-b,Kentucky,https://www.chfs.ky.gov/agencies/dms/dpo/ppb/Documents/PT%20Commissioner%20Decision_July%20PT%202024_Final.pdf,linked from capped seed: Commissioner Final Decisions,1,https://www.chfs.ky.gov/agencies/dms/dpo/ppb/Pages/p-tac.aspx,collected,200,application/pdf,raw/kentucky/kentucky__pt-commissioner-decision_july-pt-2024_final.pdf__5c1833ec90.pdf,text/kentucky/kentucky__pt-commissioner-decision_july-pt-2024_final.pdf__5c1833ec90.txt,,,27433,immunology_biologics; oncology_rare_specialty; cns_behavioral_migraine; respiratory_allergy; infectious_disease; cardio_renal_metabolic,clinical_efficacy_safety; comparative_class_review; pa_step_criteria; utilization_controls; final_implementation
group-b,Kentucky,https://www.chfs.ky.gov/agencies/dms/dpo/ppb/Documents/PT%20Commissioner%20Decision_April%20PT%202024%20Final.pdf,linked from capped seed: Commissioner Final Decisions,1,https://www.chfs.ky.gov/agencies/dms/dpo/ppb/Pages/p-tac.aspx,collected,200,application/pdf,raw/kentucky/kentucky__pt-commissioner-decision_april-pt-2024-final.pdf__273f63c7be.pdf,text/kentucky/kentucky__pt-commissioner-decision_april-pt-2024-final.pdf__273f63c7be.txt,,,20067,diabetes_glp1_obesity; oncology_rare_specialty; cns_behavioral_migraine; oud_pain; respiratory_allergy; cardio_renal_metabolic,clinical_efficacy_safety; comparative_class_review; pa_step_criteria; utilization_controls; final_implementation
group-b,Kentucky,https://www.chfs.ky.gov/agencies/dms/dpo/ppb/Documents/Ky_Commissioner_Decisions_November_2023.pdf,linked from capped seed: Commissioner Final Decisions,1,https://www.chfs.ky.gov/agencies/dms/dpo/ppb/Pages/p-tac.aspx,collected,200,application/pdf,raw/kentucky/kentucky__ky_commissioner_decisions_november_2023.pdf__ca19f403b4.pdf,text/kentucky/kentucky__ky_commissioner_decisions_november_2023.pdf__ca19f403b4.txt,,,25855,diabetes_glp1_obesity; immunology_biologics; oncology_rare_specialty; respiratory_allergy; cardio_renal_metabolic,clinical_efficacy_safety; comparative_class_review; pa_step_criteria; utilization_controls; final_implementation
group-b,Kentucky,https://www.chfs.ky.gov/agencies/dms/dpo/ppb/Documents/KyCommitteeRecommendationsSeptember2023.pdf,linked from capped seed: Committee Recommendations,1,https://www.chfs.ky.gov/agencies/dms/dpo/ppb/Pages/p-tac.aspx,collected,200,application/pdf,raw/kentucky/kentucky__kycommitteerecommendationsseptember2023.pdf__097c71db86.pdf,text/kentucky/kentucky__kycommitteerecommendationsseptember2023.pdf__097c71db86.txt,,,13069,diabetes_glp1_obesity; cns_behavioral_migraine; oud_pain; respiratory_allergy; cardio_renal_metabolic,clinical_efficacy_safety; comparative_class_review; pa_step_criteria; utilization_controls; final_implementation
group-b,Kentucky,https://www.chfs.ky.gov/agencies/dms/dpo/ppb/Documents/KyCommissionerDecisionsSeptember2023.pdf,linked from capped seed: Commissioner Final Decisions,1,https://www.chfs.ky.gov/agencies/dms/dpo/ppb/Pages/p-tac.aspx,collected,200,application/pdf,raw/kentucky/kentucky__kycommissionerdecisionsseptember2023.pdf__0502d60f88.pdf,text/kentucky/kentucky__kycommissionerdecisionsseptember2023.pdf__0502d60f88.txt,,,16782,diabetes_glp1_obesity; cns_behavioral_migraine; oud_pain; respiratory_allergy; cardio_renal_metabolic,clinical_efficacy_safety; comparative_class_review; pa_step_criteria; utilization_controls; final_implementation
group-b,Kentucky,https://www.chfs.ky.gov/agencies/dms/dpo/ppb/Documents/KyCommissionerDecisionsMay2023.pdf,linked from capped seed: Commissioner Final Decisions,1,https://www.chfs.ky.gov/agencies/dms/dpo/ppb/Pages/p-tac.aspx,failed,,,,,,URLError: <urlopen error [WinError 10048] Only one usage of each socket address (protocol/network address/port) is normally permitted>,0,,
group-b,Kentucky,https://www.chfs.ky.gov/agencies/dms/dpo/ppb/Documents/KY_Committee_Recommendations_November2023.pdf,linked from capped seed: Committee Recommendations,1,https://www.chfs.ky.gov/agencies/dms/dpo/ppb/Pages/p-tac.aspx,collected,200,application/pdf,raw/kentucky/kentucky__ky_committee_recommendations_november2023.pdf__5b766da2e7.pdf,text/kentucky/kentucky__ky_committee_recommendations_november2023.pdf__5b766da2e7.txt,,,20649,diabetes_glp1_obesity; immunology_biologics; oncology_rare_specialty; respiratory_allergy; cardio_renal_metabolic,clinical_efficacy_safety; comparative_class_review; pa_step_criteria; utilization_controls; final_implementation
group-b,Louisiana,https://ldh.la.gov/assets/docs/BayouHealth/Pharmacy/PDL.Diabetic.Supplies.pdf,linked from capped seed: Current Diabetic Supplies List (PDL),1,https://ldh.la.gov/Pharmacy,collected,200,application/pdf,raw/louisiana/louisiana__pdl.diabetic.supplies.pdf__332f0074e5.pdf,text/louisiana/louisiana__pdl.diabetic.supplies.pdf__332f0074e5.txt,,,30614,diabetes_glp1_obesity,clinical_efficacy_safety; comparative_class_review; pa_step_criteria; utilization_controls; public_manufacturer_input; final_implementation
group-b,Louisiana,https://ldh.la.gov/assets/docs/BayouHealth/Pharmacy/DrugPA_FormCoversheet.pdf,linked from capped seed: Louisiana Uniform Prescription Drug Prior Authorization (PA) Form and Fax Coversheet,1,https://ldh.la.gov/Pharmacy,collected,200,application/pdf,raw/louisiana/louisiana__drugpa_formcoversheet.pdf__468c820748.pdf,text/louisiana/louisiana__drugpa_formcoversheet.pdf__468c820748.txt,,,7371,oud_pain,clinical_efficacy_safety; pa_step_criteria; utilization_controls; final_implementation
group-b,Louisiana,https://ldh.la.gov/assets/HealthyLa/Pharmacy/PDL_January_1_2026_Version_3_03_01_2026.pdf,"linked from capped seed: PDL January 1, 2026 Version 3 (03-01-2026)",1,https://ldh.la.gov/Pharmacy,collected,200,application/pdf,raw/louisiana/louisiana__pdl_january_1_2026_version_3_03_01_2026.pdf__0e5c72bdcf.pdf,text/louisiana/louisiana__pdl_january_1_2026_version_3_03_01_2026.pdf__0e5c72bdcf.txt,,,145379,diabetes_glp1_obesity; immunology_biologics; oncology_rare_specialty; cns_behavioral_migraine; oud_pain; respiratory_allergy; infectious_disease; cardio_renal_metabolic,clinical_efficacy_safety; comparative_class_review; pa_step_criteria; utilization_controls; final_implementation
group-b,Louisiana,https://ldh.la.gov/assets/HealthyLA/Pharmacy/PDL.pdf,linked from capped seed: Current Preferred Drug List,1,https://ldh.la.gov/Pharmacy,collected,200,application/pdf,raw/louisiana/louisiana__pdl.pdf__4aeb9395fe.pdf,text/louisiana/louisiana__pdl.pdf__4aeb9395fe.txt,,,145379,diabetes_glp1_obesity; immunology_biologics; oncology_rare_specialty; cns_behavioral_migraine; oud_pain; respiratory_allergy; infectious_disease; cardio_renal_metabolic,clinical_efficacy_safety; comparative_class_review; pa_step_criteria; utilization_controls; final_implementation
group-b,Louisiana,https://ldh.la.gov/assets/docs/BayouHealth/Pharmacy/PharmFacts/Pharmacy_Facts.pdf,linked from capped seed: Current Pharmacy Facts,1,https://ldh.la.gov/Pharmacy,collected,200,application/pdf,raw/louisiana/louisiana__pharmacy_facts.pdf__7af5873340.pdf,text/louisiana/louisiana__pharmacy_facts.pdf__7af5873340.txt,,,1391,,clinical_efficacy_safety; cost_rebate; public_manufacturer_input
group-b,Louisiana,https://ldh.la.gov/assets/docs/BayouHealth/Pharmacy/1.26.22/NaloxoneFlyer.Draft.01.25.2022.pdf,linked from capped seed: Saving Lives with Naloxone Flyer,1,https://ldh.la.gov/Pharmacy,collected,200,application/pdf,raw/louisiana/louisiana__naloxoneflyer.draft.01.25.2022.pdf__bb39fd1b1e.pdf,text/louisiana/louisiana__naloxoneflyer.draft.01.25.2022.pdf__bb39fd1b1e.txt,,,1202,oud_pain,
group-b,Louisiana,https://ldh.la.gov/assets/Medicaid/HealthyLa/Pharmacy/Louisiana.Medicaid.ICD-10.Chart.pdf,linked from capped seed: Current ICD-10 Diagnosis Code Chart,1,https://ldh.la.gov/Pharmacy,collected,200,application/pdf,raw/louisiana/louisiana__louisiana.medicaid.icd-10.chart.pdf__030d0f9cf3.pdf,text/louisiana/louisiana__louisiana.medicaid.icd-10.chart.pdf__030d0f9cf3.txt,,,41348,diabetes_glp1_obesity; immunology_biologics; oncology_rare_specialty; cns_behavioral_migraine; oud_pain; respiratory_allergy; infectious_disease; cardio_renal_metabolic,clinical_efficacy_safety; comparative_class_review; pa_step_criteria; utilization_controls
group-b,Louisiana,https://ldh.la.gov/assets/HealthyLa/Pharmacy/NaloxoneStandingOrder.pdf,linked from capped seed: Standing Order,1,https://ldh.la.gov/Pharmacy,collected,200,application/pdf,raw/louisiana/louisiana__naloxonestandingorder.pdf__840db9f7e7.pdf,text/louisiana/louisiana__naloxonestandingorder.pdf__840db9f7e7.txt,,,5472,cns_behavioral_migraine; oud_pain; respiratory_allergy,
group-b,Louisiana,https://ldh.la.gov/assets/HealthyLa/Pharmacy/MaintenanceDrugs/2Q-2026-Maintenance-list-for-posting.pdf,linked from capped seed: Current FFS Medicaid Maintenance Drug List,1,https://ldh.la.gov/Pharmacy,collected,200,application/pdf,raw/louisiana/louisiana__2q-2026-maintenance-list-for-posting.pdf__1c89dbf84f.pdf,text/louisiana/louisiana__2q-2026-maintenance-list-for-posting.pdf__1c89dbf84f.txt,,,1140747,diabetes_glp1_obesity; oncology_rare_specialty; oud_pain; respiratory_allergy,
group-b,Louisiana,https://ldh.la.gov/assets/HealthyLa/Pharmacy/MaintenanceDrugs/1Q-2026-Maintenance-Meds-NDC-list-for-posting.pdf,linked from capped seed: Q1 2026 FFS Medicaid Maintenance Drug List,1,https://ldh.la.gov/Pharmacy,collected,200,application/pdf,raw/louisiana/louisiana__1q-2026-maintenance-meds-ndc-list-for-posting.pdf__d9b0897398.pdf,text/louisiana/louisiana__1q-2026-maintenance-meds-ndc-list-for-posting.pdf__d9b0897398.txt,,,1134008,diabetes_glp1_obesity; oncology_rare_specialty; oud_pain; respiratory_allergy,
group-b,Louisiana,https://ldh.la.gov/medicaid/medicaid-notices-public-comment,linked from capped seed: Available for Public Comment,1,https://ldh.la.gov/Pharmacy,collected,200,text/html;charset=UTF-8,raw/louisiana/louisiana__medicaid-notices-public-comment__6719d8bde4.html,text/louisiana/louisiana__medicaid-notices-public-comment__6719d8bde4.txt,Medicaid Notices & Public Comments | Louisiana Department of Health,,17899,diabetes_glp1_obesity; oncology_rare_specialty; oud_pain; respiratory_allergy; infectious_disease; cardio_renal_metabolic,clinical_efficacy_safety; utilization_controls; public_manufacturer_input; final_implementation
group-b,Louisiana,https://ldh.la.gov/resources?cat=&d=0&y=0&q=pharmacy%20facts,linked from capped seed: Archive,1,https://ldh.la.gov/Pharmacy,collected,200,text/html;charset=UTF-8,raw/louisiana/louisiana__resources-0b3d9462__356fbbaa36.html,text/louisiana/louisiana__resources-0b3d9462__356fbbaa36.txt,LDH Resources | Louisiana Department of Health,,17870,diabetes_glp1_obesity; oncology_rare_specialty; oud_pain; respiratory_allergy; infectious_disease; cardio_renal_metabolic,clinical_efficacy_safety; cost_rebate; public_manufacturer_input; final_implementation
group-b,Louisiana,https://ldh.la.gov/resources?cat=&d=0&y=0&q=Preferred%20Drug%20List,linked from capped seed: More Resources,1,https://ldh.la.gov/Pharmacy,collected,200,text/html;charset=UTF-8,raw/louisiana/louisiana__resources-862aa18f__392bb44168.html,text/louisiana/louisiana__resources-862aa18f__392bb44168.txt,LDH Resources | Louisiana Department of Health,,18340,diabetes_glp1_obesity; oncology_rare_specialty; oud_pain; respiratory_allergy; infectious_disease; cardio_renal_metabolic,clinical_efficacy_safety; comparative_class_review; pa_step_criteria; utilization_controls; cost_rebate; public_manufacturer_input; final_implementation
group-b,Louisiana,https://ldh.la.gov/pharmacy,linked from capped seed: Pharmacy,1,https://ldh.la.gov/Pharmacy,collected,200,text/html;charset=UTF-8,raw/louisiana/louisiana__pharmacy__940e98776d.html,text/louisiana/louisiana__pharmacy__940e98776d.txt,Pharmacy | Louisiana Department of Health,,24116,diabetes_glp1_obesity; oncology_rare_specialty; cns_behavioral_migraine; oud_pain; respiratory_allergy; infectious_disease; cardio_renal_metabolic,clinical_efficacy_safety; pa_step_criteria; utilization_controls; cost_rebate; public_manufacturer_input; final_implementation
group-b,Louisiana,https://ldh.la.gov/page/respiratory-home,linked from capped seed: Respiratory Virus Dashboard,1,https://ldh.la.gov/Pharmacy,collected,200,text/html;charset=UTF-8,raw/louisiana/louisiana__respiratory-home__ea574a9f59.html,text/louisiana/louisiana__respiratory-home__ea574a9f59.txt,Respiratory Emergency Department Visits Data | Louisiana Department of Health,,16179,diabetes_glp1_obesity; oncology_rare_specialty; oud_pain; respiratory_allergy; infectious_disease; cardio_renal_metabolic,clinical_efficacy_safety; public_manufacturer_input; final_implementation
group-b,Louisiana,https://ldh.la.gov/page/medicaid-notices-public-comment,linked from capped seed: Medicaid Notices,1,https://ldh.la.gov/Pharmacy,collected,200,text/html;charset=UTF-8,raw/louisiana/louisiana__medicaid-notices-public-comment__60bbe57c2e.html,text/louisiana/louisiana__medicaid-notices-public-comment__60bbe57c2e.txt,Medicaid Notices & Public Comments | Louisiana Department of Health,,17899,diabetes_glp1_obesity; oncology_rare_specialty; oud_pain; respiratory_allergy; infectious_disease; cardio_renal_metabolic,clinical_efficacy_safety; utilization_controls; public_manufacturer_input; final_implementation
group-b,Louisiana,https://ldh.la.gov/page/heat,linked from capped seed: Heat Dashboard,1,https://ldh.la.gov/Pharmacy,collected,200,text/html;charset=UTF-8,raw/louisiana/louisiana__heat__ee79e3f8c0.html,text/louisiana/louisiana__heat__ee79e3f8c0.txt,Heat-Related Illness: Data Dashboard and Guidance | Louisiana Department of Health,,25807,diabetes_glp1_obesity; oncology_rare_specialty; oud_pain; respiratory_allergy; infectious_disease; cardio_renal_metabolic,clinical_efficacy_safety; public_manufacturer_input; final_implementation
group-b,Louisiana,https://ldh.la.gov/page/5005,linked from capped seed: 988 Dashboard,1,https://ldh.la.gov/Pharmacy,collected,200,text/html;charset=UTF-8,raw/louisiana/louisiana__5005__8be41ae0e2.html,text/louisiana/louisiana__5005__8be41ae0e2.txt,Louisiana 988 Helpline | Louisiana Department of Health,,17090,diabetes_glp1_obesity; oncology_rare_specialty; cns_behavioral_migraine; oud_pain; respiratory_allergy; infectious_disease; cardio_renal_metabolic,clinical_efficacy_safety; public_manufacturer_input; final_implementation
group-b,Louisiana,https://ldh.la.gov/assets/medicaid/pharmacommittee/docs/PDL.pdf,linked from capped seed: Prior Authorization PDL Implementation Schedule,1,https://ldh.la.gov/medicaid/pharmaceutical-and-therapeutic-committee,collected,200,application/pdf,raw/louisiana/louisiana__pdl.pdf__86111a81f3.pdf,text/louisiana/louisiana__pdl.pdf__86111a81f3.txt,,,39015,diabetes_glp1_obesity; immunology_biologics; cns_behavioral_migraine; oud_pain; respiratory_allergy; infectious_disease; cardio_renal_metabolic,clinical_efficacy_safety; pa_step_criteria; final_implementation
group-b,Louisiana,https://ldh.la.gov/assets/medicaid/pharmacommittee/docs/GraphPAsforPDL101514.pdf,linked from capped seed: Prior Authorization Monthly Report,1,https://ldh.la.gov/medicaid/pharmaceutical-and-therapeutic-committee,collected,200,application/pdf,raw/louisiana/louisiana__graphpasforpdl101514.pdf__a07d045f54.pdf,text/louisiana/louisiana__graphpasforpdl101514.pdf__a07d045f54.txt,,,196,,pa_step_criteria
group-b,Louisiana,https://ldh.la.gov/assets/medicaid/pharmacommittee/Meetings/PDL_NPDL_10_1.pdf,linked from capped seed: Prior Authorization PDL Implementation Schedule,1,https://ldh.la.gov/medicaid/pharmaceutical-and-therapeutic-committee,collected,200,application/pdf,raw/louisiana/louisiana__pdl_npdl_10_1.pdf__cf90c1bf80.pdf,text/louisiana/louisiana__pdl_npdl_10_1.pdf__cf90c1bf80.txt,,,29247,diabetes_glp1_obesity; immunology_biologics; cns_behavioral_migraine; oud_pain; respiratory_allergy; infectious_disease; cardio_renal_metabolic,clinical_efficacy_safety; pa_step_criteria; final_implementation
group-b,Louisiana,https://ldh.la.gov/assets/docs/BayouHealth/P_and_T_Committee/Pharmacy_Molina_PDL_Memo_July2018.pdf,linked from capped seed: Prior Authorization PDL Implementation Schedule,1,https://ldh.la.gov/medicaid/pharmaceutical-and-therapeutic-committee,collected,200,application/pdf,raw/louisiana/louisiana__pharmacy_molina_pdl_memo_july2018.pdf__c568a03a24.pdf,text/louisiana/louisiana__pharmacy_molina_pdl_memo_july2018.pdf__c568a03a24.txt,,,70390,diabetes_glp1_obesity; immunology_biologics; cns_behavioral_migraine; oud_pain; respiratory_allergy; infectious_disease; cardio_renal_metabolic,clinical_efficacy_safety; pa_step_criteria; final_implementation
group-b,Louisiana,https://ldh.la.gov/assets/docs/BayouHealth/P_and_T_Committee/PDLandNPDLupdate1.29.16.pdf,linked from capped seed: Prior Authorization PDL Implementation Schedule,1,https://ldh.la.gov/medicaid/pharmaceutical-and-therapeutic-committee,collected,200,application/pdf,raw/louisiana/louisiana__pdlandnpdlupdate1.29.16.pdf__4d6bf12a2e.pdf,text/louisiana/louisiana__pdlandnpdlupdate1.29.16.pdf__4d6bf12a2e.txt,,,59074,diabetes_glp1_obesity; immunology_biologics; cns_behavioral_migraine; oud_pain; respiratory_allergy; infectious_disease; cardio_renal_metabolic,clinical_efficacy_safety; pa_step_criteria; final_implementation
group-b,Louisiana,https://ldh.la.gov/assets/docs/BayouHealth/P_and_T_Committee/PDLandNPDL_July1_2016.pdf,linked from capped seed: Prior Authorization PDL Implementation Schedule,1,https://ldh.la.gov/medicaid/pharmaceutical-and-therapeutic-committee,collected,200,application/pdf,raw/louisiana/louisiana__pdlandnpdl_july1_2016.pdf__f8a83f7663.pdf,text/louisiana/louisiana__pdlandnpdl_july1_2016.pdf__f8a83f7663.txt,,,63498,diabetes_glp1_obesity; immunology_biologics; cns_behavioral_migraine; oud_pain; respiratory_allergy; infectious_disease; cardio_renal_metabolic,clinical_efficacy_safety; pa_step_criteria; final_implementation
group-b,Louisiana,https://ldh.la.gov/assets/docs/BayouHealth/P_and_T_Committee/PDL_NPDL_11_2.pdf,linked from capped seed: Prior Authorization PDL Implementation Schedule,1,https://ldh.la.gov/medicaid/pharmaceutical-and-therapeutic-committee,collected,200,application/pdf,raw/louisiana/louisiana__pdl_npdl_11_2.pdf__27c80c5e30.pdf,text/louisiana/louisiana__pdl_npdl_11_2.pdf__27c80c5e30.txt,,,49164,diabetes_glp1_obesity; immunology_biologics; cns_behavioral_migraine; oud_pain; respiratory_allergy; infectious_disease; cardio_renal_metabolic,clinical_efficacy_safety; pa_step_criteria; final_implementation
group-b,Louisiana,https://ldh.la.gov/assets/docs/BayouHealth/P_and_T_Committee/PDL_NPDL_11_1.pdf,linked from capped seed: Prior Authorization PDL Implementation Schedule,1,https://ldh.la.gov/medicaid/pharmaceutical-and-therapeutic-committee,collected,200,application/pdf,raw/louisiana/louisiana__pdl_npdl_11_1.pdf__aa3c10a165.pdf,text/louisiana/louisiana__pdl_npdl_11_1.pdf__aa3c10a165.txt,,,45759,diabetes_glp1_obesity; immunology_biologics; cns_behavioral_migraine; oud_pain; respiratory_allergy; infectious_disease; cardio_renal_metabolic,clinical_efficacy_safety; pa_step_criteria; final_implementation
group-b,Louisiana,https://ldh.la.gov/assets/docs/BayouHealth/P_and_T_Committee/PDLJanuary2017-3.1.2018addition.pdf,linked from capped seed: Prior Authorization PDL Implementation Schedule,1,https://ldh.la.gov/medicaid/pharmaceutical-and-therapeutic-committee,collected,200,application/pdf,raw/louisiana/louisiana__pdljanuary2017-3.1.2018addition.pdf__147a6fe3d2.pdf,text/louisiana/louisiana__pdljanuary2017-3.1.2018addition.pdf__147a6fe3d2.txt,,,67460,diabetes_glp1_obesity; immunology_biologics; cns_behavioral_migraine; oud_pain; respiratory_allergy; infectious_disease; cardio_renal_metabolic,clinical_efficacy_safety; pa_step_criteria; final_implementation
group-b,Louisiana,https://ldh.la.gov/assets/docs/BayouHealth/P_and_T_Committee/PA_PDL_ChartJul2014-Dec2015.pdf,linked from capped seed: Prior Authorization Monthly Report,1,https://ldh.la.gov/medicaid/pharmaceutical-and-therapeutic-committee,collected,200,application/pdf,raw/louisiana/louisiana__pa_pdl_chartjul2014-dec2015.pdf__7cb0d80ed4.pdf,text/louisiana/louisiana__pa_pdl_chartjul2014-dec2015.pdf__7cb0d80ed4.txt,,,329,,
group-b,Louisiana,https://ldh.la.gov/assets/docs/BayouHealth/P_and_T_Committee/2014April/GraphPAsforPDL7.12to12.13.pdf,linked from capped seed: Prior Authorization Monthly Report,1,https://ldh.la.gov/medicaid/pharmaceutical-and-therapeutic-committee,collected,200,application/pdf,raw/louisiana/louisiana__graphpasforpdl7.12to12.13.pdf__0a385796b2.pdf,text/louisiana/louisiana__graphpasforpdl7.12to12.13.pdf__0a385796b2.txt,,,238,,
group-b,Louisiana,https://ldh.la.gov/assets/medicaid/pharmacommittee/docs/PandTFinalAgendaOct.29.2014.pdf,linked from capped seed: Final Agenda,1,https://ldh.la.gov/medicaid/pharmaceutical-and-therapeutic-committee,collected,200,application/pdf,raw/louisiana/louisiana__pandtfinalagendaoct.29.2014.pdf__637c7a5fba.pdf,text/louisiana/louisiana__pandtfinalagendaoct.29.2014.pdf__637c7a5fba.txt,,,3087,diabetes_glp1_obesity; immunology_biologics; oud_pain; respiratory_allergy; infectious_disease; cardio_renal_metabolic,pa_step_criteria; cost_rebate; public_manufacturer_input; final_implementation
group-b,Louisiana,https://ldh.la.gov/assets/medicaid/pharmacommittee/docs/PTM.pdf,"linked from capped seed: Meeting Minutes - November 2, 2011",1,https://ldh.la.gov/medicaid/pharmaceutical-and-therapeutic-committee,collected,200,application/pdf,raw/louisiana/louisiana__ptm.pdf__641391eaa9.pdf,text/louisiana/louisiana__ptm.pdf__641391eaa9.txt,,,57315,diabetes_glp1_obesity; immunology_biologics; oncology_rare_specialty; cns_behavioral_migraine; oud_pain; respiratory_allergy; infectious_disease; cardio_renal_metabolic,clinical_efficacy_safety; comparative_class_review; pa_step_criteria; utilization_controls; cost_rebate; public_manufacturer_input; final_implementation
group-b,Louisiana,https://ldh.la.gov/assets/medicaid/pharmacommittee/docs/PDL_and_NPDL_7-1-14.pdf,linked from capped seed: Louisiana Medicaid PDL Program Overview and Results,1,https://ldh.la.gov/medicaid/pharmaceutical-and-therapeutic-committee,collected,200,application/pdf,raw/louisiana/louisiana__pdl_and_npdl_7-1-14.pdf__aef1ab4ef7.pdf,text/louisiana/louisiana__pdl_and_npdl_7-1-14.pdf__aef1ab4ef7.txt,,,56057,diabetes_glp1_obesity; immunology_biologics; cns_behavioral_migraine; oud_pain; respiratory_allergy; infectious_disease; cardio_renal_metabolic,clinical_efficacy_safety; pa_step_criteria; final_implementation
group-b,Louisiana,https://ldh.la.gov/assets/medicaid/pharmacommittee/docs/PACHARTAPRIL.pdf,linked from capped seed: Prior Authorization April 2012,1,https://ldh.la.gov/medicaid/pharmaceutical-and-therapeutic-committee,collected,200,application/pdf,raw/louisiana/louisiana__pachartapril.pdf__f40769c583.pdf,text/louisiana/louisiana__pachartapril.pdf__f40769c583.txt,,,0,,
group-b,Louisiana,https://ldh.la.gov/assets/medicaid/pharmacommittee/docs/OverviewofLDHHPDLProgramResultsFeb2011.pdf,linked from capped seed: Provider Synergies Annual Report,1,https://ldh.la.gov/medicaid/pharmaceutical-and-therapeutic-committee,collected,200,application/pdf,raw/louisiana/louisiana__overviewofldhhpdlprogramresultsfeb2011.pdf__f3be0d2713.pdf,text/louisiana/louisiana__overviewofldhhpdlprogramresultsfeb2011.pdf__f3be0d2713.txt,,,37123,oncology_rare_specialty; cns_behavioral_migraine; oud_pain; respiratory_allergy; infectious_disease,clinical_efficacy_safety; comparative_class_review; pa_step_criteria; utilization_controls; cost_rebate; public_manufacturer_input; final_implementation
group-b,Louisiana,https://ldh.la.gov/assets/medicaid/pharmacommittee/docs/May2014PandTMinutesSignedOct.29.2014.pdf,"linked from capped seed: Meeting Minutes - April 30, 2014",1,https://ldh.la.gov/medicaid/pharmaceutical-and-therapeutic-committee,collected,200,application/pdf,raw/louisiana/louisiana__may2014pandtminutessignedoct.29.2014.pdf__bdb4af3338.pdf,text/louisiana/louisiana__may2014pandtminutessignedoct.29.2014.pdf__bdb4af3338.txt,,,0,,
group-b,Louisiana,https://ldh.la.gov/assets/medicaid/pharmacommittee/docs/LAMPDLAnnualReportJanuary2012.pdf,linked from capped seed: Louisiana Medicaid Preferred Drug List Program Overview and Program Results 2011,1,https://ldh.la.gov/medicaid/pharmaceutical-and-therapeutic-committee,collected,200,application/pdf,raw/louisiana/louisiana__lampdlannualreportjanuary2012.pdf__1bc408847d.pdf,text/louisiana/louisiana__lampdlannualreportjanuary2012.pdf__1bc408847d.txt,,,36611,cns_behavioral_migraine; oud_pain; respiratory_allergy; infectious_disease,clinical_efficacy_safety; comparative_class_review; pa_step_criteria; utilization_controls; cost_rebate; public_manufacturer_input; final_implementation
group-b,Louisiana,https://wwwcfprd.doa.louisiana.gov/boardsandcommissions/viewMeetingMinutes.cfm?board=491,linked from capped seed: Minutes,1,https://wwwcfprd.doa.louisiana.gov/boardsandcommissions/viewBoard.cfm?board=491,collected,200,text/html;charset=UTF-8,raw/louisiana/louisiana__viewmeetingminutes.cfm-c195e820__98b495ac18.html,text/louisiana/louisiana__viewmeetingminutes.cfm-c195e820__98b495ac18.txt,State of Louisiana - Boards and Commissions,,926,,
group-b,Louisiana,https://wwwcfprd.doa.louisiana.gov/boardsandcommissions/viewStatutoryCitations.cfm?board=491,linked from capped seed: Citations,1,https://wwwcfprd.doa.louisiana.gov/boardsandcommissions/viewBoard.cfm?board=491,collected,200,text/html;charset=UTF-8,raw/louisiana/louisiana__viewstatutorycitations.cfm-c195e820__dc17c4bb32.html,text/louisiana/louisiana__viewstatutorycitations.cfm-c195e820__dc17c4bb32.txt,State of Louisiana - Boards and Commissions,,405,,
group-b,Louisiana,https://wwwcfprd.doa.louisiana.gov/boardsandcommissions/viewRulesAndRegulations.cfm?board=491,linked from capped seed: Rules,1,https://wwwcfprd.doa.louisiana.gov/boardsandcommissions/viewBoard.cfm?board=491,collected,200,text/html;charset=UTF-8,raw/louisiana/louisiana__viewrulesandregulations.cfm-c195e820__950b0fa264.html,text/louisiana/louisiana__viewrulesandregulations.cfm-c195e820__950b0fa264.txt,State of Louisiana - Boards and Commissions,,420,,
group-b,Louisiana,https://wwwcfprd.doa.louisiana.gov/boardsandcommissions/viewReimbursements.cfm?board=491,linked from capped seed: Reimbursements,1,https://wwwcfprd.doa.louisiana.gov/boardsandcommissions/viewBoard.cfm?board=491,collected,200,text/html;charset=UTF-8,raw/louisiana/louisiana__viewreimbursements.cfm-c195e820__4deae82aa1.html,text/louisiana/louisiana__viewreimbursements.cfm-c195e820__4deae82aa1.txt,State of Louisiana - Boards and Commissions,,1384,,
group-b,Louisiana,https://wwwcfprd.doa.louisiana.gov/boardsandcommissions/viewMembers.cfm?board=491,linked from capped seed: Members,1,https://wwwcfprd.doa.louisiana.gov/boardsandcommissions/viewBoard.cfm?board=491,collected,200,text/html;charset=UTF-8,raw/louisiana/louisiana__viewmembers.cfm-c195e820__3518873022.html,text/louisiana/louisiana__viewmembers.cfm-c195e820__3518873022.txt,State of Louisiana - Boards and Commissions,,2063,,public_manufacturer_input; final_implementation
group-b,Louisiana,https://wwwcfprd.doa.louisiana.gov/boardsandcommissions/viewMeetingNotices.cfm?board=491,linked from capped seed: Notices,1,https://wwwcfprd.doa.louisiana.gov/boardsandcommissions/viewBoard.cfm?board=491,collected,200,text/html;charset=UTF-8,raw/louisiana/louisiana__viewmeetingnotices.cfm-c195e820__9bfd94fee1.html,text/louisiana/louisiana__viewmeetingnotices.cfm-c195e820__9bfd94fee1.txt,State of Louisiana - Boards and Commissions,,1075,,
group-b,Louisiana,https://wwwcfprd.doa.louisiana.gov/boardsandcommissions/viewEmployees.cfm?board=491,linked from capped seed: Employees,1,https://wwwcfprd.doa.louisiana.gov/boardsandcommissions/viewBoard.cfm?board=491,collected,200,text/html;charset=UTF-8,raw/louisiana/louisiana__viewemployees.cfm-c195e820__db3922d17e.html,text/louisiana/louisiana__viewemployees.cfm-c195e820__db3922d17e.txt,State of Louisiana - Boards and Commissions,,452,,
group-b,Louisiana,https://wwwcfprd.doa.louisiana.gov/boardsandcommissions/viewContacts.cfm?board=491,linked from capped seed: Contacts,1,https://wwwcfprd.doa.louisiana.gov/boardsandcommissions/viewBoard.cfm?board=491,collected,200,text/html;charset=UTF-8,raw/louisiana/louisiana__viewcontacts.cfm-c195e820__fdc308a764.html,text/louisiana/louisiana__viewcontacts.cfm-c195e820__fdc308a764.txt,State of Louisiana - Boards and Commissions,,514,,
group-b,Louisiana,https://wwwcfprd.doa.louisiana.gov/boardsandcommissions/viewBudgets.cfm?board=491,linked from capped seed: Budgets,1,https://wwwcfprd.doa.louisiana.gov/boardsandcommissions/viewBoard.cfm?board=491,collected,200,text/html;charset=UTF-8,raw/louisiana/louisiana__viewbudgets.cfm-c195e820__f063d7d84c.html,text/louisiana/louisiana__viewbudgets.cfm-c195e820__f063d7d84c.txt,State of Louisiana - Boards and Commissions,,601,,cost_rebate
group-b,Louisiana,https://wwwcfprd.doa.louisiana.gov/boardsandcommissions/upcomingMeetings.cfm,linked from capped seed: Upcoming Meetings,1,https://wwwcfprd.doa.louisiana.gov/boardsandcommissions/viewBoard.cfm?board=491,collected,200,text/html;charset=UTF-8,raw/louisiana/louisiana__upcomingmeetings.cfm__11e893c396.html,text/louisiana/louisiana__upcomingmeetings.cfm__11e893c396.txt,State of Louisiana - Boards and Commissions,,11016,oncology_rare_specialty; cns_behavioral_migraine,clinical_efficacy_safety; public_manufacturer_input
group-b,Louisiana,https://wwwcfprd.doa.louisiana.gov/boardsandcommissions/selectBoard.cfm,linked from capped seed: Boards and Commissions,1,https://wwwcfprd.doa.louisiana.gov/boardsandcommissions/viewBoard.cfm?board=491,collected,200,text/html;charset=UTF-8,raw/louisiana/louisiana__selectboard.cfm__b8048415da.html,text/louisiana/louisiana__selectboard.cfm__b8048415da.txt,State of Louisiana - Boards and Commissions,,22652,oncology_rare_specialty; cns_behavioral_migraine; oud_pain; respiratory_allergy,clinical_efficacy_safety; cost_rebate; public_manufacturer_input; final_implementation
group-b,Louisiana,https://wwwcfprd.doa.louisiana.gov/boardsandcommissions/otherResources.cfm,linked from capped seed: Other Resources,1,https://wwwcfprd.doa.louisiana.gov/boardsandcommissions/viewBoard.cfm?board=491,collected,200,text/html;charset=UTF-8,raw/louisiana/louisiana__otherresources.cfm__05eba58dd5.html,text/louisiana/louisiana__otherresources.cfm__05eba58dd5.txt,State of Louisiana - Boards and Commissions,,340,,
group-b,Louisiana,https://wwwcfprd.doa.louisiana.gov/boardsandcommissions/home.cfm,linked from capped seed: Home,1,https://wwwcfprd.doa.louisiana.gov/boardsandcommissions/viewBoard.cfm?board=491,collected,200,text/html;charset=UTF-8,raw/louisiana/louisiana__home.cfm__511d8ecbec.html,text/louisiana/louisiana__home.cfm__511d8ecbec.txt,State of Louisiana - Boards and Commissions,,1153,,cost_rebate; final_implementation
group-b,Maine,https://www.maine.gov/dhhs/sites/maine.gov.dhhs/files/inline-files/Perinatal%20Forum%20Flier_0.pdf,linked from capped seed: Postpartum Coverage Flyer (PDF),1,https://www.maine.gov/dhhs/oms/mainecare-options/covered-services-benefits,collected,200,application/pdf,raw/maine/maine__perinatal-forum-flier_0.pdf__2237826368.pdf,text/maine/maine__perinatal-forum-flier_0.pdf__2237826368.txt,,,622,,
group-b,Maine,https://www.maine.gov/dhhs/sites/maine.gov.dhhs/files/inline-files/DHHS%20Tribal%20Collaboration%20Policy_0.pdf,linked from capped seed: DHHS Tribal Collaboration Policy (PDF),1,https://www.maine.gov/dhhs/oms/mainecare-options/covered-services-benefits,collected,200,application/pdf,raw/maine/maine__dhhs-tribal-collaboration-policy_0.pdf__b5fd07d46c.pdf,text/maine/maine__dhhs-tribal-collaboration-policy_0.pdf__b5fd07d46c.txt,,,0,,
group-b,Maine,https://www.maine.gov/dhhs/oms/providers/pharmacy-services,linked from capped seed: Pharmacy Services,1,https://www.maine.gov/dhhs/oms/mainecare-options/covered-services-benefits,collected,200,text/html; charset=UTF-8,raw/maine/maine__pharmacy-services__613aa9423e.html,text/maine/maine__pharmacy-services__613aa9423e.txt,Pharmacy Services | Department of Health and Human Services,,4990,oud_pain; infectious_disease,pa_step_criteria; utilization_controls; cost_rebate; final_implementation
group-b,Maine,https://www.maine.gov/dhhs/oms/providers/mainecare-rate-system-reform,linked from capped seed: Rate Reform Expert Technical Advisory Panel,1,https://www.maine.gov/dhhs/oms/mainecare-options/covered-services-benefits,collected,200,text/html; charset=UTF-8,raw/maine/maine__mainecare-rate-system-reform__06f4ff602e.html,text/maine/maine__mainecare-rate-system-reform__06f4ff602e.txt,MaineCare Rate System Reform | Department of Health and Human Services,,50636,diabetes_glp1_obesity; oud_pain; infectious_disease,clinical_efficacy_safety; utilization_controls; cost_rebate; public_manufacturer_input; final_implementation
group-b,Maine,https://www.maine.gov/dhhs/oms/about-us/projects-initiatives/updates-announcements,linked from capped seed: Updates & Announcements,1,https://www.maine.gov/dhhs/oms/mainecare-options/covered-services-benefits,collected,200,text/html; charset=UTF-8,raw/maine/maine__updates-announcements__fbb2839da2.html,text/maine/maine__updates-announcements__fbb2839da2.txt,Updates & Announcements Archive | Department of Health and Human Services,,5304,oud_pain; infectious_disease,utilization_controls; final_implementation
group-b,Maine,https://www.maine.gov/dhhs/oms/about-us/policies-rules/policy-waivers,linked from capped seed: Policy Waivers,1,https://www.maine.gov/dhhs/oms/mainecare-options/covered-services-benefits,collected,200,text/html; charset=UTF-8,raw/maine/maine__policy-waivers__dc8f445214.html,text/maine/maine__policy-waivers__dc8f445214.txt,Policy Waivers | Department of Health and Human Services,,91058,oud_pain; infectious_disease,clinical_efficacy_safety; pa_step_criteria; utilization_controls; cost_rebate; public_manufacturer_input; final_implementation
group-b,Maine,https://www.maine.gov/dhhs/oms/about-us/mainecare-bulletins,linked from capped seed: MaineCare Bulletins,1,https://www.maine.gov/dhhs/oms/mainecare-options/covered-services-benefits,collected,200,text/html; charset=UTF-8,raw/maine/maine__mainecare-bulletins__d758e12151.html,text/maine/maine__mainecare-bulletins__d758e12151.txt,MaineCare Bulletins | Department of Health and Human Services,,9952,oud_pain; infectious_disease,clinical_efficacy_safety; pa_step_criteria; utilization_controls; public_manufacturer_input; final_implementation
group-b,Maine,https://www.maine.gov/dhhs/oms/about-us/advisory-groups/mac,linked from capped seed: MaineCare Advisory Committee,1,https://www.maine.gov/dhhs/oms/mainecare-options/covered-services-benefits,collected,200,text/html; charset=UTF-8,raw/maine/maine__mac__cb77921fed.html,text/maine/maine__mac__cb77921fed.txt,MaineCare Advisory Committee (MAC) | Department of Health and Human Services,,12670,oud_pain; infectious_disease,clinical_efficacy_safety; utilization_controls; public_manufacturer_input; final_implementation
group-b,Maine,https://www.maine.gov/dhhs/oms/about-us/advisory-groups/bac,linked from capped seed: Beneficiary Advisory Council,1,https://www.maine.gov/dhhs/oms/mainecare-options/covered-services-benefits,collected,200,text/html; charset=UTF-8,raw/maine/maine__bac__52bf173815.html,text/maine/maine__bac__52bf173815.txt,Beneficiary Advisory Council (BAC) | Department of Health and Human Services,,6817,oud_pain; infectious_disease,utilization_controls; final_implementation
group-b,Maine,https://www.maine.gov/dhhs/oms/about-us/advisory-groups,linked from capped seed: Advisory Groups,1,https://www.maine.gov/dhhs/oms/mainecare-options/covered-services-benefits,collected,200,text/html; charset=UTF-8,raw/maine/maine__advisory-groups__09bd3e3479.html,text/maine/maine__advisory-groups__09bd3e3479.txt,Advisory Groups | Department of Health and Human Services,,4781,oud_pain; infectious_disease,clinical_efficacy_safety; utilization_controls; final_implementation
group-b,Maine,https://www.maine.gov/dhhs/about/non-discrimination-notice,linked from capped seed: Non-Discrimination Notice,1,https://www.maine.gov/dhhs/oms/mainecare-options/covered-services-benefits,collected,200,text/html; charset=UTF-8,raw/maine/maine__non-discrimination-notice__29c72b6881.html,text/maine/maine__non-discrimination-notice__29c72b6881.txt,Non-Discrimination Notice | Department of Health and Human Services,,3914,,clinical_efficacy_safety; cost_rebate; final_implementation
group-b,Maine,https://www.mainecarepdl.org/content/dam/ffs-medicare/me/pdl/mainedur-06112024-meeting-minutes.pdf,"linked from capped seed: June 11, 2024",1,https://www.mainecarepdl.org/content/mainecarepdl/en/drug-utilization-review,collected,200,application/pdf,raw/maine/maine__mainedur-06112024-meeting-minutes.pdf__6d30b1dbad.pdf,text/maine/maine__mainedur-06112024-meeting-minutes.pdf__6d30b1dbad.txt,,,49339,diabetes_glp1_obesity; immunology_biologics; oncology_rare_specialty; cns_behavioral_migraine; respiratory_allergy; cardio_renal_metabolic,clinical_efficacy_safety; comparative_class_review; pa_step_criteria; utilization_controls; cost_rebate; public_manufacturer_input; final_implementation
group-b,Maine,https://www.mainecarepdl.org/content/dam/ffs-medicare/me/pdl/MaineDUR_122023_MeetingMinutes.pdf,"linked from capped seed: December 12, 2023",1,https://www.mainecarepdl.org/content/mainecarepdl/en/drug-utilization-review,collected,200,application/pdf,raw/maine/maine__mainedur_122023_meetingminutes.pdf__fda6b030c0.pdf,text/maine/maine__mainedur_122023_meetingminutes.pdf__fda6b030c0.txt,,,52619,diabetes_glp1_obesity; oncology_rare_specialty; cns_behavioral_migraine; oud_pain; respiratory_allergy; cardio_renal_metabolic,clinical_efficacy_safety; comparative_class_review; pa_step_criteria; utilization_controls; cost_rebate; final_implementation
group-b,Maine,https://www.mainecarepdl.org/content/dam/ffs-medicare/me/dur/sept-2022-dur-agenda-meeting.pdf,"linked from capped seed: September 13, 2022",1,https://www.mainecarepdl.org/content/mainecarepdl/en/drug-utilization-review,collected,200,application/pdf,raw/maine/maine__sept-2022-dur-agenda-meeting.pdf__941a3e0c28.pdf,text/maine/maine__sept-2022-dur-agenda-meeting.pdf__941a3e0c28.txt,,,1732,diabetes_glp1_obesity; immunology_biologics; oud_pain; respiratory_allergy; infectious_disease,clinical_efficacy_safety; pa_step_criteria; final_implementation
group-b,Maine,https://www.mainecarepdl.org/content/dam/ffs-medicare/me/dur/sept-2021-dur-agenda-meeting-final.pdf,"linked from capped seed: September 14, 2021",1,https://www.mainecarepdl.org/content/mainecarepdl/en/drug-utilization-review,collected,200,application/pdf,raw/maine/maine__sept-2021-dur-agenda-meeting-final.pdf__0cdd3f3cab.pdf,text/maine/maine__sept-2021-dur-agenda-meeting-final.pdf__0cdd3f3cab.txt,,,3067,diabetes_glp1_obesity; immunology_biologics; oncology_rare_specialty; cns_behavioral_migraine; oud_pain,clinical_efficacy_safety; pa_step_criteria; final_implementation
group-b,Maine,https://www.mainecarepdl.org/content/dam/ffs-medicare/me/dur/me-dur-agenda-090125.pdf,"linked from capped seed: September 9, 2025",1,https://www.mainecarepdl.org/content/mainecarepdl/en/drug-utilization-review,collected,200,application/pdf,raw/maine/maine__me-dur-agenda-090125.pdf__85f1ddc766.pdf,text/maine/maine__me-dur-agenda-090125.pdf__85f1ddc766.txt,,,2917,immunology_biologics; oncology_rare_specialty; cns_behavioral_migraine; oud_pain; infectious_disease,clinical_efficacy_safety; pa_step_criteria; cost_rebate; final_implementation
group-b,Maine,https://www.mainecarepdl.org/content/dam/ffs-medicare/me/dur/march-9-2021-dur-agenda-meetingfinal.pdf,"linked from capped seed: March 9, 2021",1,https://www.mainecarepdl.org/content/mainecarepdl/en/drug-utilization-review,collected,200,application/pdf,raw/maine/maine__march-9-2021-dur-agenda-meetingfinal.pdf__e67b5281e3.pdf,text/maine/maine__march-9-2021-dur-agenda-meetingfinal.pdf__e67b5281e3.txt,,,2329,diabetes_glp1_obesity; immunology_biologics; oncology_rare_specialty; infectious_disease,clinical_efficacy_safety; pa_step_criteria; final_implementation
group-b,Maine,https://www.mainecarepdl.org/content/dam/ffs-medicare/me/dur/march-2022-dur-agenda-meeting.pdf,"linked from capped seed: March 8, 2022",1,https://www.mainecarepdl.org/content/mainecarepdl/en/drug-utilization-review,collected,200,application/pdf,raw/maine/maine__march-2022-dur-agenda-meeting.pdf__81abfcf65d.pdf,text/maine/maine__march-2022-dur-agenda-meeting.pdf__81abfcf65d.txt,,,2051,diabetes_glp1_obesity; immunology_biologics; oncology_rare_specialty; cns_behavioral_migraine; respiratory_allergy; infectious_disease,clinical_efficacy_safety; comparative_class_review; pa_step_criteria; final_implementation
group-b,Maine,https://www.mainecarepdl.org/content/dam/ffs-medicare/me/dur/mainedurnov2022meetingminutes.pdf,"linked from capped seed: November 1, 2022",1,https://www.mainecarepdl.org/content/mainecarepdl/en/drug-utilization-review,collected,200,application/pdf,raw/maine/maine__mainedurnov2022meetingminutes.pdf__1c76b1f1e6.pdf,text/maine/maine__mainedurnov2022meetingminutes.pdf__1c76b1f1e6.txt,,,17941,diabetes_glp1_obesity; immunology_biologics; oncology_rare_specialty; cns_behavioral_migraine; oud_pain; respiratory_allergy; infectious_disease; cardio_renal_metabolic,clinical_efficacy_safety; pa_step_criteria; utilization_controls; cost_rebate; final_implementation
group-b,Maine,https://www.mainecarepdl.org/content/dam/ffs-medicare/me/dur/mainedur12142021meetingminutes.pdf,"linked from capped seed: December 14, 2021",1,https://www.mainecarepdl.org/content/mainecarepdl/en/drug-utilization-review,collected,200,application/pdf,raw/maine/maine__mainedur12142021meetingminutes.pdf__b7b4eac9c5.pdf,text/maine/maine__mainedur12142021meetingminutes.pdf__b7b4eac9c5.txt,,,47249,diabetes_glp1_obesity; immunology_biologics; oncology_rare_specialty; cns_behavioral_migraine; oud_pain; respiratory_allergy; infectious_disease; cardio_renal_metabolic,clinical_efficacy_safety; comparative_class_review; pa_step_criteria; utilization_controls; cost_rebate; public_manufacturer_input; final_implementation
group-b,Maine,https://www.mainecarepdl.org/content/dam/ffs-medicare/me/dur/mainedur12132022meetingminutes.pdf,"linked from capped seed: December 13, 2022",1,https://www.mainecarepdl.org/content/mainecarepdl/en/drug-utilization-review,collected,200,application/pdf,raw/maine/maine__mainedur12132022meetingminutes.pdf__b74aad29f4.pdf,text/maine/maine__mainedur12132022meetingminutes.pdf__b74aad29f4.txt,,,35121,diabetes_glp1_obesity; immunology_biologics; oncology_rare_specialty; cns_behavioral_migraine; oud_pain; respiratory_allergy; cardio_renal_metabolic,clinical_efficacy_safety; comparative_class_review; pa_step_criteria; utilization_controls; cost_rebate; public_manufacturer_input; final_implementation
group-b,Maine,https://www.mainecarepdl.org/content/dam/ffs-medicare/me/dur/mainedur12082020meetingminutes.pdf,"linked from capped seed: December 8, 2020",1,https://www.mainecarepdl.org/content/mainecarepdl/en/drug-utilization-review,collected,200,application/pdf,raw/maine/maine__mainedur12082020meetingminutes.pdf__b99bce466e.pdf,text/maine/maine__mainedur12082020meetingminutes.pdf__b99bce466e.txt,,,53899,diabetes_glp1_obesity; oncology_rare_specialty; cns_behavioral_migraine; oud_pain; respiratory_allergy; infectious_disease,clinical_efficacy_safety; comparative_class_review; pa_step_criteria; utilization_controls; cost_rebate; public_manufacturer_input; final_implementation
group-b,Maine,https://www.mainecarepdl.org/content/dam/ffs-medicare/me/dur/mainedur10142021meetingminutes.pdf,"linked from capped seed: October 14, 2021",1,https://www.mainecarepdl.org/content/mainecarepdl/en/drug-utilization-review,collected,200,application/pdf,raw/maine/maine__mainedur10142021meetingminutes.pdf__8484132da2.pdf,text/maine/maine__mainedur10142021meetingminutes.pdf__8484132da2.txt,,,18346,diabetes_glp1_obesity; immunology_biologics; oncology_rare_specialty; cns_behavioral_migraine; oud_pain; respiratory_allergy; infectious_disease,clinical_efficacy_safety; comparative_class_review; pa_step_criteria; utilization_controls; final_implementation
group-b,Maine,https://www.mainecarepdl.org/content/dam/ffs-medicare/me/dur/mainedur10132020meetingminutes.pdf,"linked from capped seed: October 13, 2020",1,https://www.mainecarepdl.org/content/mainecarepdl/en/drug-utilization-review,collected,200,application/pdf,raw/maine/maine__mainedur10132020meetingminutes.pdf__8f398e7f7d.pdf,text/maine/maine__mainedur10132020meetingminutes.pdf__8f398e7f7d.txt,,,16910,diabetes_glp1_obesity; immunology_biologics; oncology_rare_specialty; cns_behavioral_migraine; oud_pain; respiratory_allergy; infectious_disease; cardio_renal_metabolic,clinical_efficacy_safety; pa_step_criteria; utilization_controls; cost_rebate; final_implementation
group-b,Maine,https://www.mainecarepdl.org/content/dam/ffs-medicare/me/dur/mainedur09132022meetingminutes.pdf,"linked from capped seed: September 13, 2022",1,https://www.mainecarepdl.org/content/mainecarepdl/en/drug-utilization-review,collected,200,application/pdf,raw/maine/maine__mainedur09132022meetingminutes.pdf__7427118505.pdf,text/maine/maine__mainedur09132022meetingminutes.pdf__7427118505.txt,,,32072,diabetes_glp1_obesity; immunology_biologics; oncology_rare_specialty; cns_behavioral_migraine; oud_pain; respiratory_allergy; infectious_disease; cardio_renal_metabolic,clinical_efficacy_safety; comparative_class_review; pa_step_criteria; utilization_controls; cost_rebate; final_implementation
group-b,Maine,https://www.mainecarepdl.org/content/dam/ffs-medicare/me/dur/mainedur09082020meetingminutes.pdf,"linked from capped seed: September 8, 2020",1,https://www.mainecarepdl.org/content/mainecarepdl/en/drug-utilization-review,collected,200,application/pdf,raw/maine/maine__mainedur09082020meetingminutes.pdf__c76674df00.pdf,text/maine/maine__mainedur09082020meetingminutes.pdf__c76674df00.txt,,,55950,diabetes_glp1_obesity; immunology_biologics; oncology_rare_specialty; cns_behavioral_migraine; respiratory_allergy; infectious_disease; cardio_renal_metabolic,clinical_efficacy_safety; comparative_class_review; pa_step_criteria; utilization_controls; cost_rebate; final_implementation
group-b,Maine,https://www.mainecarepdl.org/content/dam/ffs-medicare/me/dur/mainedur06162020meetingminutes.pdf,"linked from capped seed: June 16, 2020",1,https://www.mainecarepdl.org/content/mainecarepdl/en/drug-utilization-review,collected,200,application/pdf,raw/maine/maine__mainedur06162020meetingminutes.pdf__d1937543da.pdf,text/maine/maine__mainedur06162020meetingminutes.pdf__d1937543da.txt,,,43135,diabetes_glp1_obesity; oncology_rare_specialty; cns_behavioral_migraine; oud_pain; respiratory_allergy; infectious_disease; cardio_renal_metabolic,clinical_efficacy_safety; comparative_class_review; pa_step_criteria; utilization_controls; cost_rebate; final_implementation
group-b,Maine,https://www.mainecarepdl.org/content/dam/ffs-medicare/me/dur/mainedur06142022meetingminutesfinal.pdf,"linked from capped seed: June 14, 2022",1,https://www.mainecarepdl.org/content/mainecarepdl/en/drug-utilization-review,collected,200,application/pdf,raw/maine/maine__mainedur06142022meetingminutesfinal.pdf__6013190389.pdf,text/maine/maine__mainedur06142022meetingminutesfinal.pdf__6013190389.txt,,,41642,diabetes_glp1_obesity; immunology_biologics; oncology_rare_specialty; cns_behavioral_migraine; oud_pain; respiratory_allergy; cardio_renal_metabolic,clinical_efficacy_safety; comparative_class_review; pa_step_criteria; utilization_controls; cost_rebate; public_manufacturer_input; final_implementation
group-b,Maine,https://www.mainecarepdl.org/content/dam/ffs-medicare/me/dur/mainedur06082021meetingminutes.pdf,"linked from capped seed: June 8, 2021",1,https://www.mainecarepdl.org/content/mainecarepdl/en/drug-utilization-review,collected,200,application/pdf,raw/maine/maine__mainedur06082021meetingminutes.pdf__ea303e18e1.pdf,text/maine/maine__mainedur06082021meetingminutes.pdf__ea303e18e1.txt,,,53173,oncology_rare_specialty; cns_behavioral_migraine; oud_pain; respiratory_allergy; infectious_disease; cardio_renal_metabolic,clinical_efficacy_safety; comparative_class_review; pa_step_criteria; utilization_controls; cost_rebate; public_manufacturer_input; final_implementation
group-b,Maine,https://www.mainecarepdl.org/content/dam/ffs-medicare/me/pdl/pdlmainecriteria-Sept_DUR2024.xlsx,linked from capped seed: Preferred Drug List - As of 11/8/2024 - Excel,1,https://www.mainecarepdl.org/content/mainecarepdl/en/preferred-drug-lists.html,collected,200,application/vnd.openxmlformats-officedocument.spreadsheetml.sheet,raw/maine/maine__pdlmainecriteria-sept_dur2024.xlsx__f2bba608cb.xlsx,text/maine/maine__pdlmainecriteria-sept_dur2024.xlsx__f2bba608cb.txt,,,281402,diabetes_glp1_obesity; immunology_biologics; oncology_rare_specialty; cns_behavioral_migraine; oud_pain; respiratory_allergy; infectious_disease; cardio_renal_metabolic,clinical_efficacy_safety; comparative_class_review; pa_step_criteria; utilization_controls; cost_rebate; public_manufacturer_input; final_implementation
group-b,Maine,https://www.mainecarepdl.org/content/dam/ffs-medicare/me/pdl/pdlmainecriteria-Sept_DUR2024.pdf,linked from capped seed: Preferred Drug List - As of 11/8/2024 - PDF,1,https://www.mainecarepdl.org/content/mainecarepdl/en/preferred-drug-lists.html,collected,200,application/pdf,raw/maine/maine__pdlmainecriteria-sept_dur2024.pdf__1223a65561.pdf,text/maine/maine__pdlmainecriteria-sept_dur2024.pdf__1223a65561.txt,,,346786,diabetes_glp1_obesity; immunology_biologics; oncology_rare_specialty; cns_behavioral_migraine; oud_pain; respiratory_allergy; infectious_disease; cardio_renal_metabolic,clinical_efficacy_safety; comparative_class_review; pa_step_criteria; utilization_controls; cost_rebate; public_manufacturer_input; final_implementation
group-b,Maine,https://www.mainecarepdl.org/content/dam/ffs-medicare/me/pdl/pdlmainecriteria-AUG%202024.pdf,linked from capped seed: Preferred Drug List - As of 8/12/ 2024,1,https://www.mainecarepdl.org/content/mainecarepdl/en/preferred-drug-lists.html,collected,200,application/pdf,raw/maine/maine__pdlmainecriteria-aug-2024.pdf__6da1cf2321.pdf,text/maine/maine__pdlmainecriteria-aug-2024.pdf__6da1cf2321.txt,,,343679,diabetes_glp1_obesity; immunology_biologics; oncology_rare_specialty; cns_behavioral_migraine; oud_pain; respiratory_allergy; infectious_disease; cardio_renal_metabolic,clinical_efficacy_safety; comparative_class_review; pa_step_criteria; utilization_controls; cost_rebate; public_manufacturer_input; final_implementation
group-b,Maine,https://www.mainecarepdl.org/content/dam/ffs-medicare/me/pdl/pdlmainecriteria-02022024.xlsx,linked from capped seed: Preferred Drug List - As of 2/2/ 2024,1,https://www.mainecarepdl.org/content/mainecarepdl/en/preferred-drug-lists.html,collected,200,application/vnd.openxmlformats-officedocument.spreadsheetml.sheet,raw/maine/maine__pdlmainecriteria-02022024.xlsx__8fde49f420.xlsx,text/maine/maine__pdlmainecriteria-02022024.xlsx__8fde49f420.txt,,,274838,diabetes_glp1_obesity; immunology_biologics; oncology_rare_specialty; cns_behavioral_migraine; oud_pain; respiratory_allergy; infectious_disease; cardio_renal_metabolic,clinical_efficacy_safety; comparative_class_review; pa_step_criteria; utilization_controls; cost_rebate; public_manufacturer_input; final_implementation
group-b,Maine,https://www.mainecarepdl.org/content/dam/ffs-medicare/me/pdl/pdlmainecriteria-01242025.xlsx,linked from capped seed: Preferred Drug List - As of 1/24/2025 - Excel,1,https://www.mainecarepdl.org/content/mainecarepdl/en/preferred-drug-lists.html,collected,200,application/vnd.openxmlformats-officedocument.spreadsheetml.sheet,raw/maine/maine__pdlmainecriteria-01242025.xlsx__2ac5645147.xlsx,text/maine/maine__pdlmainecriteria-01242025.xlsx__2ac5645147.txt,,,285556,diabetes_glp1_obesity; immunology_biologics; oncology_rare_specialty; cns_behavioral_migraine; oud_pain; respiratory_allergy; infectious_disease; cardio_renal_metabolic,clinical_efficacy_safety; comparative_class_review; pa_step_criteria; utilization_controls; cost_rebate; public_manufacturer_input; final_implementation
group-b,Maine,https://www.mainecarepdl.org/content/dam/ffs-medicare/me/pdl/pdlmainecriteria-01242025.pdf,linked from capped seed: Preferred Drug List - As of 1/24/2025 - PDF,1,https://www.mainecarepdl.org/content/mainecarepdl/en/preferred-drug-lists.html,collected,200,application/pdf,raw/maine/maine__pdlmainecriteria-01242025.pdf__03a57fec04.pdf,text/maine/maine__pdlmainecriteria-01242025.pdf__03a57fec04.txt,,,332397,diabetes_glp1_obesity; immunology_biologics; oncology_rare_specialty; cns_behavioral_migraine; oud_pain; respiratory_allergy; infectious_disease; cardio_renal_metabolic,clinical_efficacy_safety; comparative_class_review; pa_step_criteria; utilization_controls; cost_rebate; public_manufacturer_input; final_implementation
group-b,Maine,https://www.mainecarepdl.org/content/dam/ffs-medicare/me/pdl/pdlmainecriteria-01012025.xlsx,linked from capped seed: Preferred Drug List - As of 1/1/2025 - Excel,1,https://www.mainecarepdl.org/content/mainecarepdl/en/preferred-drug-lists.html,collected,200,application/vnd.openxmlformats-officedocument.spreadsheetml.sheet,raw/maine/maine__pdlmainecriteria-01012025.xlsx__54a56a9894.xlsx,text/maine/maine__pdlmainecriteria-01012025.xlsx__54a56a9894.txt,,,282731,diabetes_glp1_obesity; immunology_biologics; oncology_rare_specialty; cns_behavioral_migraine; oud_pain; respiratory_allergy; infectious_disease; cardio_renal_metabolic,clinical_efficacy_safety; comparative_class_review; pa_step_criteria; utilization_controls; cost_rebate; public_manufacturer_input; final_implementation
group-b,Maine,https://www.mainecarepdl.org/content/dam/ffs-medicare/me/pdl/pdlmainecriteria-01012025.pdf,linked from capped seed: Preferred Drug List - As of 1/1/2025 - PDF,1,https://www.mainecarepdl.org/content/mainecarepdl/en/preferred-drug-lists.html,collected,200,application/pdf,raw/maine/maine__pdlmainecriteria-01012025.pdf__551f662df5.pdf,text/maine/maine__pdlmainecriteria-01012025.pdf__551f662df5.txt,,,348515,diabetes_glp1_obesity; immunology_biologics; oncology_rare_specialty; cns_behavioral_migraine; oud_pain; respiratory_allergy; infectious_disease; cardio_renal_metabolic,clinical_efficacy_safety; comparative_class_review; pa_step_criteria; utilization_controls; cost_rebate; public_manufacturer_input; final_implementation
group-b,Maine,https://www.mainecarepdl.org/content/dam/ffs-medicare/me/pdl/pdl-mainecriteria-07012025.xlsx,linked from capped seed: Preferred Drug List - As of 7/1/2025 - Excel,1,https://www.mainecarepdl.org/content/mainecarepdl/en/preferred-drug-lists.html,collected,200,application/vnd.openxmlformats-officedocument.spreadsheetml.sheet,raw/maine/maine__pdl-mainecriteria-07012025.xlsx__4d69e6334b.xlsx,text/maine/maine__pdl-mainecriteria-07012025.xlsx__4d69e6334b.txt,,,289418,diabetes_glp1_obesity; immunology_biologics; oncology_rare_specialty; cns_behavioral_migraine; oud_pain; respiratory_allergy; infectious_disease; cardio_renal_metabolic,clinical_efficacy_safety; comparative_class_review; pa_step_criteria; utilization_controls; cost_rebate; public_manufacturer_input; final_implementation
group-b,Maine,https://www.mainecarepdl.org/content/dam/ffs-medicare/me/pdl/pdl-mainecriteria-07012025.pdf,linked from capped seed: Preferred Drug List - As of 7/1/2025 - PDF,1,https://www.mainecarepdl.org/content/mainecarepdl/en/preferred-drug-lists.html,collected,200,application/pdf,raw/maine/maine__pdl-mainecriteria-07012025.pdf__e660a82595.pdf,text/maine/maine__pdl-mainecriteria-07012025.pdf__e660a82595.txt,,,363030,diabetes_glp1_obesity; immunology_biologics; oncology_rare_specialty; cns_behavioral_migraine; oud_pain; respiratory_allergy; infectious_disease; cardio_renal_metabolic,clinical_efficacy_safety; comparative_class_review; pa_step_criteria; utilization_controls; cost_rebate; public_manufacturer_input; final_implementation
group-b,Maine,https://www.mainecarepdl.org/content/dam/ffs-medicare/me/pdl/pdl-mainecriteria-04042025.xlsx,linked from capped seed: Preferred Drug List - As of 4/4/2025 - Excel,1,https://www.mainecarepdl.org/content/mainecarepdl/en/preferred-drug-lists.html,collected,200,application/vnd.openxmlformats-officedocument.spreadsheetml.sheet,raw/maine/maine__pdl-mainecriteria-04042025.xlsx__4454a67f1a.xlsx,text/maine/maine__pdl-mainecriteria-04042025.xlsx__4454a67f1a.txt,,,286495,diabetes_glp1_obesity; immunology_biologics; oncology_rare_specialty; cns_behavioral_migraine; oud_pain; respiratory_allergy; infectious_disease; cardio_renal_metabolic,clinical_efficacy_safety; comparative_class_review; pa_step_criteria; utilization_controls; cost_rebate; public_manufacturer_input; final_implementation
group-b,Maine,https://www.mainecarepdl.org/content/dam/ffs-medicare/me/pdl/pdl-mainecriteria-04042025.pdf,linked from capped seed: Preferred Drug List - As of 4/4/2025 - PDF,1,https://www.mainecarepdl.org/content/mainecarepdl/en/preferred-drug-lists.html,collected,200,application/pdf,raw/maine/maine__pdl-mainecriteria-04042025.pdf__dc9b6c3e2a.pdf,text/maine/maine__pdl-mainecriteria-04042025.pdf__dc9b6c3e2a.txt,,,334195,diabetes_glp1_obesity; immunology_biologics; oncology_rare_specialty; cns_behavioral_migraine; oud_pain; respiratory_allergy; infectious_disease; cardio_renal_metabolic,clinical_efficacy_safety; comparative_class_review; pa_step_criteria; utilization_controls; cost_rebate; public_manufacturer_input; final_implementation
group-b,Maine,https://www.mainecarepdl.org/content/dam/ffs-medicare/me/pdl/over-the-counter-rebate-list-040126.pdf,linked from capped seed: Over the Counter Rebate List,1,https://www.mainecarepdl.org/content/mainecarepdl/en/preferred-drug-lists.html,collected,200,application/pdf,raw/maine/maine__over-the-counter-rebate-list-040126.pdf__3e5eecf6d6.pdf,text/maine/maine__over-the-counter-rebate-list-040126.pdf__3e5eecf6d6.txt,,,101233,cns_behavioral_migraine; oud_pain; respiratory_allergy,cost_rebate
group-b,Maine,https://www.mainecarepdl.org/content/dam/ffs-medicare/me/pdl/over-the-counter-rebate-list-010126.pdf,linked from capped seed: Over the Counter Rebate List,1,https://www.mainecarepdl.org/content/mainecarepdl/en/preferred-drug-lists.html,collected,200,application/pdf,raw/maine/maine__over-the-counter-rebate-list-010126.pdf__b51a81e232.pdf,text/maine/maine__over-the-counter-rebate-list-010126.pdf__b51a81e232.txt,,,101504,cns_behavioral_migraine; oud_pain; respiratory_allergy,cost_rebate
group-b,Maine,https://www.mainecarepdl.org/content/dam/ffs-medicare/me/pdl/otcrebatablelist09152023.pdf,linked from capped seed: Over the Counter Rebate List,1,https://www.mainecarepdl.org/content/mainecarepdl/en/preferred-drug-lists.html,collected,200,application/pdf,raw/maine/maine__otcrebatablelist09152023.pdf__e1a5bf8b79.pdf,text/maine/maine__otcrebatablelist09152023.pdf__e1a5bf8b79.txt,,,97276,cns_behavioral_migraine; oud_pain; respiratory_allergy,cost_rebate
group-b,Maine,https://www.mainecarepdl.org/content/dam/ffs-medicare/me/pdl/otc-rebatable-list.pdf,linked from capped seed: Over the Counter Rebate List,1,https://www.mainecarepdl.org/content/mainecarepdl/en/preferred-drug-lists.html,collected,200,application/pdf,raw/maine/maine__otc-rebatable-list.pdf__52934f1c3b.pdf,text/maine/maine__otc-rebatable-list.pdf__52934f1c3b.txt,,,100875,cns_behavioral_migraine; oud_pain; respiratory_allergy,cost_rebate
group-b,Maine,https://www.mainecarepdl.org/content/dam/ffs-medicare/me/pdl/otc-rebatable-list-20250401.pdf,linked from capped seed: Over the Counter Rebate List,1,https://www.mainecarepdl.org/content/mainecarepdl/en/preferred-drug-lists.html,collected,200,application/pdf,raw/maine/maine__otc-rebatable-list-20250401.pdf__39ac2f148a.pdf,text/maine/maine__otc-rebatable-list-20250401.pdf__39ac2f148a.txt,,,99138,cns_behavioral_migraine; oud_pain; respiratory_allergy,cost_rebate
group-b,Maine,https://www.mainecarepdl.org/content/dam/ffs-medicare/me/pdl/otc-rebatable-list-100125.pdf,linked from capped seed: Over the Counter Rebate List,1,https://www.mainecarepdl.org/content/mainecarepdl/en/preferred-drug-lists.html,collected,200,application/pdf,raw/maine/maine__otc-rebatable-list-100125.pdf__7decff02b0.pdf,text/maine/maine__otc-rebatable-list-100125.pdf__7decff02b0.txt,,,99417,cns_behavioral_migraine; oud_pain; respiratory_allergy,cost_rebate
group-b,Maryland,https://health.maryland.gov/mmcp/pap/docs/PDL/PDL%201-1-2026%20update%203-26-2026.pdf,linked from capped seed: Preferred ​Dr​ug List​​​​​​​​​​​​​​​​​ ​​​​​,1,https://health.maryland.gov/mmcp/pap/pages/Preferred-Drug-List.aspx,collected,200,application/pdf,raw/maryland/maryland__pdl-1-1-2026-update-3-26-2026.pdf__b1af9f598d.pdf,text/maryland/maryland__pdl-1-1-2026-update-3-26-2026.pdf__b1af9f598d.txt,,,52609,diabetes_glp1_obesity; immunology_biologics; oncology_rare_specialty; cns_behavioral_migraine; oud_pain; respiratory_allergy; infectious_disease; cardio_renal_metabolic,clinical_efficacy_safety; comparative_class_review; pa_step_criteria; cost_rebate; final_implementation
group-b,Maryland,https://health.maryland.gov/mmcp/pap/docs/Mental-Health-Carve-Out-Formulary.pdf,linked from capped seed: Mental Health Formulary,1,https://health.maryland.gov/mmcp/pap/pages/Preferred-Drug-List.aspx,collected,200,application/pdf,raw/maryland/maryland__mental-health-carve-out-formulary.pdf__61e168c778.pdf,text/maryland/maryland__mental-health-carve-out-formulary.pdf__61e168c778.txt,,,6783,cns_behavioral_migraine; oud_pain; respiratory_allergy,clinical_efficacy_safety; comparative_class_review; pa_step_criteria
group-b,Maryland,https://health.maryland.gov/mmcp/pap/docs/MD-Medicaid-OTC-Non-drug-Exception-list-Final.pdf,linked from capped seed: Over the Counter Pharmacy Products​,1,https://health.maryland.gov/mmcp/pap/pages/Preferred-Drug-List.aspx,collected,200,application/pdf,raw/maryland/maryland__md-medicaid-otc-non-drug-exception-list-final.pdf__506c2b8aa5.pdf,text/maryland/maryland__md-medicaid-otc-non-drug-exception-list-final.pdf__506c2b8aa5.txt,,,2698,respiratory_allergy; infectious_disease,
group-b,Maryland,https://health.maryland.gov/mmcp/pap/docs/DAW6/DAW6%20List%20effective%203-26-2026.pdf,linked from capped seed: Brand Preferred over Generics List​​​​​​​​​​​,1,https://health.maryland.gov/mmcp/pap/pages/Preferred-Drug-List.aspx,collected,200,application/pdf,raw/maryland/maryland__daw6-list-effective-3-26-2026.pdf__cfa0090d65.pdf,text/maryland/maryland__daw6-list-effective-3-26-2026.pdf__cfa0090d65.txt,,,2594,diabetes_glp1_obesity; immunology_biologics; oud_pain; respiratory_allergy,clinical_efficacy_safety; comparative_class_review; pa_step_criteria; cost_rebate
group-b,Maryland,https://health.maryland.gov/mmcp/pap/Pages/paphome.aspx,linked from capped seed: Pharmacy Currently selected,1,https://health.maryland.gov/mmcp/pap/pages/Preferred-Drug-List.aspx,collected,200,text/html; charset=utf-8,raw/maryland/maryland__paphome.aspx__0d6f9ecd5f.html,text/maryland/maryland__paphome.aspx__0d6f9ecd5f.txt,"Pages 
- 
paphome",,1212,oud_pain,clinical_efficacy_safety; pa_step_criteria; final_implementation
group-b,Maryland,https://www.law.cornell.edu/regulations/maryland/title-10/part-2/subtitle-09/chapter-10.09.03,"linked from capped seed: Md. Code Regs. tit. 10, pt. 2, subtit. 09, ch. 10.09.03 - Pharmacy Services",1,https://www.law.cornell.edu/regulations/maryland/COMAR-10-09-03-12,collected,200,text/html; charset=utf-8,raw/maryland/maryland__chapter-10.09.03__fbaaed1896.html,text/maryland/maryland__chapter-10.09.03__fbaaed1896.txt,"Md. Code Regs. tit. 10, pt. 2, subtit. 09, ch. 10.09.03 - Pharmacy Services | State Regulations | US Law | LII / Legal Information Institute",,14189,,clinical_efficacy_safety; final_implementation
group-c,Mississippi,https://medicaid.ms.gov/wp-content/uploads/2026/05/May-12-2026-PT-Agenda.pdf,linked from capped seed: Agenda,1,https://medicaid.ms.gov/pharmacy/pharmacy-and-therapeutics-committee/,collected,200,application/pdf,raw/mississippi/mississippi__may-12-2026-pt-agenda.pdf__4dcf1ab90d.pdf,text/mississippi/mississippi__may-12-2026-pt-agenda.pdf__4dcf1ab90d.txt,,,2656,diabetes_glp1_obesity; oud_pain; respiratory_allergy,cost_rebate; public_manufacturer_input
group-c,Mississippi,https://medicaid.ms.gov/wp-content/uploads/2026/03/MS-PT-Meeting-Minutes-02102026_DRAFT_v3.pdf,linked from capped seed: Minutes,1,https://medicaid.ms.gov/pharmacy/pharmacy-and-therapeutics-committee/,collected,200,application/pdf,raw/mississippi/mississippi__ms-pt-meeting-minutes-02102026_draft_v3.pdf__04dd977a57.pdf,text/mississippi/mississippi__ms-pt-meeting-minutes-02102026_draft_v3.pdf__04dd977a57.txt,,,28902,diabetes_glp1_obesity; immunology_biologics; oncology_rare_specialty; oud_pain; respiratory_allergy,clinical_efficacy_safety; comparative_class_review; utilization_controls; cost_rebate; public_manufacturer_input; final_implementation
group-c,Mississippi,https://medicaid.ms.gov/wp-content/uploads/2026/01/PT-Agenda_021026_v2.pdf,linked from capped seed: Agenda,1,https://medicaid.ms.gov/pharmacy/pharmacy-and-therapeutics-committee/,collected,200,application/pdf,raw/mississippi/mississippi__pt-agenda_021026_v2.pdf__afd3691325.pdf,text/mississippi/mississippi__pt-agenda_021026_v2.pdf__afd3691325.txt,,,2339,oud_pain,cost_rebate; public_manufacturer_input
group-c,Mississippi,https://medicaid.ms.gov/wp-content/uploads/2025/11/MS-PT-Meeting-Minutes-10212025_DRAFT_v3.2.pdf,linked from capped seed: Minutes,1,https://medicaid.ms.gov/pharmacy/pharmacy-and-therapeutics-committee/,collected,200,application/pdf,raw/mississippi/mississippi__ms-pt-meeting-minutes-10212025_draft_v3.2.pdf__3c85b41f26.pdf,text/mississippi/mississippi__ms-pt-meeting-minutes-10212025_draft_v3.2.pdf__3c85b41f26.txt,,,40693,diabetes_glp1_obesity; immunology_biologics; oncology_rare_specialty; cns_behavioral_migraine; oud_pain; respiratory_allergy; infectious_disease,clinical_efficacy_safety; comparative_class_review; pa_step_criteria; utilization_controls; cost_rebate; public_manufacturer_input; final_implementation
group-c,Mississippi,https://medicaid.ms.gov/wp-content/uploads/2025/10/PT-Agenda10212025_FINAL_v2.1.pdf,linked from capped seed: Agenda,1,https://medicaid.ms.gov/pharmacy/pharmacy-and-therapeutics-committee/,collected,200,application/pdf,raw/mississippi/mississippi__pt-agenda10212025_final_v2.1.pdf__873021e088.pdf,text/mississippi/mississippi__pt-agenda10212025_final_v2.1.pdf__873021e088.txt,,,4671,immunology_biologics; oncology_rare_specialty; cns_behavioral_migraine; oud_pain; respiratory_allergy; infectious_disease,comparative_class_review
group-c,Mississippi,https://medicaid.ms.gov/wp-content/uploads/2025/10/MS-PT-Meeting-Minutes-08212025_FINAL-APPROVED.pdf,linked from capped seed: Minutes,1,https://medicaid.ms.gov/pharmacy/pharmacy-and-therapeutics-committee/,collected,200,application/pdf,raw/mississippi/mississippi__ms-pt-meeting-minutes-08212025_final-approved.pdf__7117d12de2.pdf,text/mississippi/mississippi__ms-pt-meeting-minutes-08212025_final-approved.pdf__7117d12de2.txt,,,24485,immunology_biologics; oncology_rare_specialty; cns_behavioral_migraine,clinical_efficacy_safety; comparative_class_review; pa_step_criteria; cost_rebate; public_manufacturer_input; final_implementation
group-c,Mississippi,https://medicaid.ms.gov/wp-content/uploads/2025/10/MS-PT-Meeting-Minutes-05132025_FINAL-APPROVED-1.pdf,linked from capped seed: Minutes,1,https://medicaid.ms.gov/pharmacy/pharmacy-and-therapeutics-committee/,collected,200,application/pdf,raw/mississippi/mississippi__ms-pt-meeting-minutes-05132025_final-approved-1.pdf__ea24f6f586.pdf,text/mississippi/mississippi__ms-pt-meeting-minutes-05132025_final-approved-1.pdf__ea24f6f586.txt,,,17190,diabetes_glp1_obesity; immunology_biologics; oncology_rare_specialty; oud_pain; respiratory_allergy,clinical_efficacy_safety; comparative_class_review; cost_rebate; public_manufacturer_input; final_implementation
group-c,Mississippi,https://medicaid.ms.gov/wp-content/uploads/2025/08/MS-PT-Meeting-Minutes-02182025_FINAL.pdf,linked from capped seed: Minutes,1,https://medicaid.ms.gov/pharmacy/pharmacy-and-therapeutics-committee/,collected,200,application/pdf,raw/mississippi/mississippi__ms-pt-meeting-minutes-02182025_final.pdf__d90dee0652.pdf,text/mississippi/mississippi__ms-pt-meeting-minutes-02182025_final.pdf__d90dee0652.txt,,,28228,diabetes_glp1_obesity; immunology_biologics; oncology_rare_specialty; oud_pain; respiratory_allergy,clinical_efficacy_safety; comparative_class_review; cost_rebate; public_manufacturer_input; final_implementation
group-c,Mississippi,https://medicaid.ms.gov/wp-content/uploads/2025/07/PT-Agenda-081225-1.pdf,linked from capped seed: Agenda,1,https://medicaid.ms.gov/pharmacy/pharmacy-and-therapeutics-committee/,collected,200,application/pdf,raw/mississippi/mississippi__pt-agenda-081225-1.pdf__cfae56e118.pdf,text/mississippi/mississippi__pt-agenda-081225-1.pdf__cfae56e118.txt,,,1781,oncology_rare_specialty; cns_behavioral_migraine,cost_rebate; public_manufacturer_input
group-c,Mississippi,https://medicaid.ms.gov/wp-content/uploads/2025/04/PT-Agenda-051325.pdf,linked from capped seed: Agenda,1,https://medicaid.ms.gov/pharmacy/pharmacy-and-therapeutics-committee/,collected,200,application/pdf,raw/mississippi/mississippi__pt-agenda-051325.pdf__0e9ced9b75.pdf,text/mississippi/mississippi__pt-agenda-051325.pdf__0e9ced9b75.txt,,,1717,oncology_rare_specialty; oud_pain; respiratory_allergy,cost_rebate; public_manufacturer_input
group-c,Mississippi,https://medicaid.ms.gov/wp-content/uploads/2025/02/PT-Agenda-02182025.pdf,linked from capped seed: Agenda,1,https://medicaid.ms.gov/pharmacy/pharmacy-and-therapeutics-committee/,collected,200,application/pdf,raw/mississippi/mississippi__pt-agenda-02182025.pdf__463d33ea3c.pdf,text/mississippi/mississippi__pt-agenda-02182025.pdf__463d33ea3c.txt,,,2474,immunology_biologics; oncology_rare_specialty; oud_pain,cost_rebate; public_manufacturer_input
group-c,Mississippi,https://medicaid.ms.gov/wp-content/uploads/2025/02/MS-PT-Meeting-Minutes-10222024.pdf,linked from capped seed: Minutes,1,https://medicaid.ms.gov/pharmacy/pharmacy-and-therapeutics-committee/,collected,200,application/pdf,raw/mississippi/mississippi__ms-pt-meeting-minutes-10222024.pdf__00a57e17f3.pdf,text/mississippi/mississippi__ms-pt-meeting-minutes-10222024.pdf__00a57e17f3.txt,,,55084,diabetes_glp1_obesity; immunology_biologics; oncology_rare_specialty; cns_behavioral_migraine; oud_pain; respiratory_allergy,clinical_efficacy_safety; comparative_class_review; pa_step_criteria; cost_rebate; public_manufacturer_input; final_implementation
group-c,Mississippi,https://medicaid.ms.gov/wp-content/uploads/2024/11/PTMeetingMinutes050923.pdf,linked from capped seed: Minutes,1,https://medicaid.ms.gov/pharmacy/pharmacy-and-therapeutics-committee/,collected,200,application/pdf,raw/mississippi/mississippi__ptmeetingminutes050923.pdf__0aa4a68627.pdf,text/mississippi/mississippi__ptmeetingminutes050923.pdf__0aa4a68627.txt,,,21897,diabetes_glp1_obesity; immunology_biologics; cns_behavioral_migraine; infectious_disease,clinical_efficacy_safety; comparative_class_review; pa_step_criteria; cost_rebate; public_manufacturer_input; final_implementation
group-c,Mississippi,https://medicaid.ms.gov/wp-content/uploads/2024/11/MS-PT-Meeting-Minutes-10242023-FINAL.pdf,linked from capped seed: Minutes,1,https://medicaid.ms.gov/pharmacy/pharmacy-and-therapeutics-committee/,collected,200,application/pdf,raw/mississippi/mississippi__ms-pt-meeting-minutes-10242023-final.pdf__c51a434bca.pdf,text/mississippi/mississippi__ms-pt-meeting-minutes-10242023-final.pdf__c51a434bca.txt,,,26454,diabetes_glp1_obesity; immunology_biologics; oud_pain; respiratory_allergy,clinical_efficacy_safety; comparative_class_review; cost_rebate; public_manufacturer_input; final_implementation
group-c,Mississippi,https://medicaid.ms.gov/wp-content/uploads/2024/11/MS-PT-Meeting-Minutes-08132024-FINAL.pdf,linked from capped seed: Minutes,1,https://medicaid.ms.gov/pharmacy/pharmacy-and-therapeutics-committee/,collected,200,application/pdf,raw/mississippi/mississippi__ms-pt-meeting-minutes-08132024-final.pdf__ffbe6a018e.pdf,text/mississippi/mississippi__ms-pt-meeting-minutes-08132024-final.pdf__ffbe6a018e.txt,,,19424,immunology_biologics; cns_behavioral_migraine; oud_pain,clinical_efficacy_safety; comparative_class_review; pa_step_criteria; utilization_controls; cost_rebate; public_manufacturer_input; final_implementation
group-c,Mississippi,https://medicaid.ms.gov/wp-content/uploads/2024/11/MS-PT-Meeting-Minutes-080823-FINAL.pdf,linked from capped seed: Minutes,1,https://medicaid.ms.gov/pharmacy/pharmacy-and-therapeutics-committee/,collected,200,application/pdf,raw/mississippi/mississippi__ms-pt-meeting-minutes-080823-final.pdf__da410a62d2.pdf,text/mississippi/mississippi__ms-pt-meeting-minutes-080823-final.pdf__da410a62d2.txt,,,17820,diabetes_glp1_obesity; cns_behavioral_migraine,clinical_efficacy_safety; comparative_class_review; cost_rebate; public_manufacturer_input; final_implementation
group-c,Mississippi,https://medicaid.ms.gov/wp-content/uploads/2024/11/MS-PT-Meeting-Minutes-05142024_FINAL.pdf,linked from capped seed: Minutes,1,https://medicaid.ms.gov/pharmacy/pharmacy-and-therapeutics-committee/,collected,200,application/pdf,raw/mississippi/mississippi__ms-pt-meeting-minutes-05142024_final.pdf__315d0569e5.pdf,text/mississippi/mississippi__ms-pt-meeting-minutes-05142024_final.pdf__315d0569e5.txt,,,14955,immunology_biologics; respiratory_allergy,clinical_efficacy_safety; comparative_class_review; utilization_controls; cost_rebate; public_manufacturer_input; final_implementation
group-c,Mississippi,https://medicaid.ms.gov/wp-content/uploads/2024/11/MS-PT-Meeting-Minutes-02132024-FINAL.pdf,linked from capped seed: Minutes,1,https://medicaid.ms.gov/pharmacy/pharmacy-and-therapeutics-committee/,collected,200,application/pdf,raw/mississippi/mississippi__ms-pt-meeting-minutes-02132024-final.pdf__afef1e6f8f.pdf,text/mississippi/mississippi__ms-pt-meeting-minutes-02132024-final.pdf__afef1e6f8f.txt,,,29018,immunology_biologics; oncology_rare_specialty; oud_pain; respiratory_allergy,clinical_efficacy_safety; comparative_class_review; pa_step_criteria; cost_rebate; public_manufacturer_input; final_implementation
group-c,Montana,https://dphhs.mt.gov/childcareprovidersdashboard,linked from capped seed: Child Care Provider's Dashboard,1,https://dphhs.mt.gov/boardscouncils/medicaiddur,failed,404,text/html,raw/montana/montana__childcareprovidersdashboard__b4fb04fcdf.error.txt,text/montana/montana__childcareprovidersdashboard__b4fb04fcdf.error.txt,,HTTP 404,10472,,clinical_efficacy_safety
group-c,Montana,https://dphhs.mt.gov/boardscouncils/,linked from capped seed: Advisory Boards and Councils,1,https://dphhs.mt.gov/boardscouncils/medicaiddur,collected,200,text/html,raw/montana/montana__boardscouncils__4177ae2c0c.html,text/montana/montana__boardscouncils__4177ae2c0c.txt,Advisory Boards and Councils,,5305,oncology_rare_specialty,clinical_efficacy_safety; final_implementation
group-c,Montana,https://dphhs.mt.gov/NondiscriminationPolicy/,linked from capped seed: NONDISCRIMINATION NOTICE / POLICY,1,https://dphhs.mt.gov/boardscouncils/medicaiddur,collected,200,text/html,raw/montana/montana__nondiscriminationpolicy__c9363bf38f.html,text/montana/montana__nondiscriminationpolicy__c9363bf38f.txt,Nondiscrimination Policy and Notice,,14367,diabetes_glp1_obesity; oncology_rare_specialty; oud_pain; respiratory_allergy; infectious_disease,clinical_efficacy_safety; utilization_controls; cost_rebate; public_manufacturer_input; final_implementation
group-c,Montana,https://dphhs.mt.gov/NondiscriminationPolicy/,linked from capped seed: Americans with Disabilities Act,1,https://dphhs.mt.gov/boardscouncils/medicaiddur,collected,200,text/html,raw/montana/montana__nondiscriminationpolicy__c9363bf38f.html,text/montana/montana__nondiscriminationpolicy__c9363bf38f.txt,Nondiscrimination Policy and Notice,,14367,diabetes_glp1_obesity; oncology_rare_specialty; oud_pain; respiratory_allergy; infectious_disease,clinical_efficacy_safety; utilization_controls; cost_rebate; public_manufacturer_input; final_implementation
group-c,Montana,https://dphhs.mt.gov/MontanaHealthcarePrograms/PrescriptionDrugAssistance/,linked from capped seed: Montana Pharmacy Assist Program,1,https://dphhs.mt.gov/boardscouncils/medicaiddur,collected,200,text/html,raw/montana/montana__prescriptiondrugassistance__0aab209037.html,text/montana/montana__prescriptiondrugassistance__0aab209037.txt,Prescription Drug Assistance,,5175,,clinical_efficacy_safety; cost_rebate; final_implementation
group-c,Montana,https://dphhs.mt.gov/InteractiveDashboards/,linked from capped seed: DPHHS Dashboards,1,https://dphhs.mt.gov/boardscouncils/medicaiddur,collected,200,text/html,raw/montana/montana__interactivedashboards__d2bc572d48.html,text/montana/montana__interactivedashboards__d2bc572d48.txt,Interactive Dashboards,,15330,diabetes_glp1_obesity; oncology_rare_specialty; cns_behavioral_migraine; oud_pain; respiratory_allergy; infectious_disease; cardio_renal_metabolic,clinical_efficacy_safety; utilization_controls; cost_rebate; public_manufacturer_input; final_implementation
group-c,Montana,https://dphhs.mt.gov/AboutUs/LegalResources/HIPAA,linked from capped seed: NOTICE OF USE OF PROTECTED HEALTH INFORMATION,1,https://dphhs.mt.gov/boardscouncils/medicaiddur,collected,200,text/html,raw/montana/montana__hipaa__89bf8691b5.html,text/montana/montana__hipaa__89bf8691b5.txt,HIPAA Privacy Regulations,,11778,diabetes_glp1_obesity; oncology_rare_specialty; oud_pain; respiratory_allergy; infectious_disease,utilization_controls; cost_rebate; public_manufacturer_input; final_implementation
group-c,Montana,https://medicaidprovider.mt.gov/docs/rebateablelabelers/March2026RebateableDrugManufacturers.pdf,linked from capped seed: Rebateable Manufacturers,1,https://medicaidprovider.mt.gov/19dur,collected,200,application/pdf,raw/montana/montana__march2026rebateabledrugmanufacturers.pdf__5868398024.pdf,text/montana/montana__march2026rebateabledrugmanufacturers.pdf__5868398024.txt,,,28384,oncology_rare_specialty; respiratory_allergy,public_manufacturer_input
group-c,Montana,https://medicaidprovider.mt.gov/docs/providernotices/2024PN/MTMar2024DURMeetingAgenda031324Final.pdf,"linked from capped seed: March 13, 2024",1,https://medicaidprovider.mt.gov/19dur,collected,200,application/pdf,raw/montana/montana__mtmar2024durmeetingagenda031324final.pdf__2cc9de061f.pdf,text/montana/montana__mtmar2024durmeetingagenda031324final.pdf__2cc9de061f.txt,,,4433,diabetes_glp1_obesity; immunology_biologics; cardio_renal_metabolic,clinical_efficacy_safety; comparative_class_review; public_manufacturer_input; final_implementation
group-c,Montana,https://medicaidprovider.mt.gov/docs/pharmacydur/2026/May2026DURMeetingAgenda.pdf,"linked from capped seed: May 20, 2026",1,https://medicaidprovider.mt.gov/19dur,collected,200,application/pdf,raw/montana/montana__may2026durmeetingagenda.pdf__109c22f261.pdf,text/montana/montana__may2026durmeetingagenda.pdf__109c22f261.txt,,,4001,cns_behavioral_migraine; oud_pain,clinical_efficacy_safety; comparative_class_review; public_manufacturer_input; final_implementation
group-c,Montana,https://medicaidprovider.mt.gov/docs/pharmacydur/2026/March2026PDLMM.pdf,"linked from capped seed: March 18, 2026",1,https://medicaidprovider.mt.gov/19dur,collected,200,application/pdf,raw/montana/montana__march2026pdlmm.pdf__fd14731096.pdf,text/montana/montana__march2026pdlmm.pdf__fd14731096.txt,,,6598,diabetes_glp1_obesity; immunology_biologics; cardio_renal_metabolic,pa_step_criteria; cost_rebate; public_manufacturer_input; final_implementation
group-c,Montana,https://medicaidprovider.mt.gov/docs/pharmacydur/2026/March2026DURMeetingAgenda.pdf,"linked from capped seed: March 18, 2026",1,https://medicaidprovider.mt.gov/19dur,collected,200,application/pdf,raw/montana/montana__march2026durmeetingagenda.pdf__3cab7cfca7.pdf,text/montana/montana__march2026durmeetingagenda.pdf__3cab7cfca7.txt,,,4377,diabetes_glp1_obesity; immunology_biologics; cardio_renal_metabolic,clinical_efficacy_safety; comparative_class_review; public_manufacturer_input; final_implementation
group-c,Montana,https://medicaidprovider.mt.gov/docs/pharmacydur/2026/June2026DURMeetingAgenda.pdf,"linked from capped seed: June 24, 2026",1,https://medicaidprovider.mt.gov/19dur,collected,200,application/pdf,raw/montana/montana__june2026durmeetingagenda.pdf__3bb8962cec.pdf,text/montana/montana__june2026durmeetingagenda.pdf__3bb8962cec.txt,,,2524,immunology_biologics,clinical_efficacy_safety; comparative_class_review; pa_step_criteria; utilization_controls; public_manufacturer_input; final_implementation
group-c,Montana,https://medicaidprovider.mt.gov/docs/pharmacydur/2026/February2026DURAgenda.pdf,"linked from capped seed: February 12, 2026",1,https://medicaidprovider.mt.gov/19dur,collected,200,application/pdf,raw/montana/montana__february2026duragenda.pdf__3f4a25da56.pdf,text/montana/montana__february2026duragenda.pdf__3f4a25da56.txt,,,2066,diabetes_glp1_obesity,clinical_efficacy_safety; comparative_class_review; pa_step_criteria; utilization_controls; public_manufacturer_input; final_implementation
group-c,Montana,https://medicaidprovider.mt.gov/docs/pharmacydur/2026/April2026DURMeetingMinutes.pdf,"linked from capped seed: April 22, 2026",1,https://medicaidprovider.mt.gov/19dur,collected,200,application/pdf,raw/montana/montana__april2026durmeetingminutes.pdf__b5017ad479.pdf,text/montana/montana__april2026durmeetingminutes.pdf__b5017ad479.txt,,,7198,immunology_biologics; oncology_rare_specialty; respiratory_allergy; infectious_disease,clinical_efficacy_safety; pa_step_criteria; public_manufacturer_input; final_implementation
group-c,Montana,https://medicaidprovider.mt.gov/docs/pharmacydur/2026/April2026DURMeetingAgenda.pdf,"linked from capped seed: April 22, 2026",1,https://medicaidprovider.mt.gov/19dur,collected,200,application/pdf,raw/montana/montana__april2026durmeetingagenda.pdf__5df8fb9b43.pdf,text/montana/montana__april2026durmeetingagenda.pdf__5df8fb9b43.txt,,,4199,immunology_biologics; respiratory_allergy; infectious_disease,clinical_efficacy_safety; comparative_class_review; public_manufacturer_input; final_implementation
group-c,Montana,https://medicaidprovider.mt.gov/docs/pharmacydur/2025/September2025DURAgenda1.pdf,"linked from capped seed: September 17, 2025",1,https://medicaidprovider.mt.gov/19dur,collected,200,application/pdf,raw/montana/montana__september2025duragenda1.pdf__0bb27fe1da.pdf,text/montana/montana__september2025duragenda1.pdf__0bb27fe1da.txt,,,2316,immunology_biologics; cns_behavioral_migraine,clinical_efficacy_safety; comparative_class_review; pa_step_criteria; utilization_controls; public_manufacturer_input; final_implementation
group-c,Montana,https://medicaidprovider.mt.gov/docs/pharmacydur/2025/NovemberDURAgenda.pdf,"linked from capped seed: November 19, 2025",1,https://medicaidprovider.mt.gov/19dur,collected,200,application/pdf,raw/montana/montana__novemberduragenda.pdf__7de0784fe6.pdf,text/montana/montana__novemberduragenda.pdf__7de0784fe6.txt,,,2121,diabetes_glp1_obesity; respiratory_allergy,clinical_efficacy_safety; comparative_class_review; pa_step_criteria; utilization_controls; public_manufacturer_input; final_implementation
group-c,Montana,https://medicaidprovider.mt.gov/docs/pharmacydur/2025/May2025PDLMM.pdf,"linked from capped seed: May 21, 2025",1,https://medicaidprovider.mt.gov/19dur,collected,200,application/pdf,raw/montana/montana__may2025pdlmm.pdf__782d17b96e.pdf,text/montana/montana__may2025pdlmm.pdf__782d17b96e.txt,,,6468,cns_behavioral_migraine; oud_pain,clinical_efficacy_safety; pa_step_criteria; public_manufacturer_input; final_implementation
group-c,Montana,https://medicaidprovider.mt.gov/docs/pharmacydur/2025/May2025DURMeetingAgenda.pdf,"linked from capped seed: May 21, 2025",1,https://medicaidprovider.mt.gov/19dur,collected,200,application/pdf,raw/montana/montana__may2025durmeetingagenda.pdf__bff7a7f440.pdf,text/montana/montana__may2025durmeetingagenda.pdf__bff7a7f440.txt,,,3754,cns_behavioral_migraine; oud_pain,clinical_efficacy_safety; comparative_class_review; public_manufacturer_input; final_implementation
group-c,Montana,https://medicaidprovider.mt.gov/docs/pharmacydur/2025/March2025PDLMM.pdf,"linked from capped seed: March 19, 2025",1,https://medicaidprovider.mt.gov/19dur,collected,200,application/pdf,raw/montana/montana__march2025pdlmm.pdf__83f2d0076d.pdf,text/montana/montana__march2025pdlmm.pdf__83f2d0076d.txt,,,6314,diabetes_glp1_obesity; immunology_biologics; cardio_renal_metabolic,pa_step_criteria; public_manufacturer_input; final_implementation
group-c,Montana,https://medicaidprovider.mt.gov/docs/pharmacydur/2025/MTMar2025DURMeetingAgenda03.19.25.pdf,"linked from capped seed: March 19, 2025",1,https://medicaidprovider.mt.gov/19dur,collected,200,application/pdf,raw/montana/montana__mtmar2025durmeetingagenda03.19.25.pdf__90b1bdc2de.pdf,text/montana/montana__mtmar2025durmeetingagenda03.19.25.pdf__90b1bdc2de.txt,,,4515,diabetes_glp1_obesity; immunology_biologics; cardio_renal_metabolic,clinical_efficacy_safety; comparative_class_review; public_manufacturer_input; final_implementation
group-c,Montana,https://medicaidprovider.mt.gov/docs/pharmacydur/2025/MTApr2025DURMeetingAgenda.pdf,"linked from capped seed: April 16, 2025",1,https://medicaidprovider.mt.gov/19dur,collected,200,application/pdf,raw/montana/montana__mtapr2025durmeetingagenda.pdf__ebab407342.pdf,text/montana/montana__mtapr2025durmeetingagenda.pdf__ebab407342.txt,,,4454,immunology_biologics; respiratory_allergy; infectious_disease,clinical_efficacy_safety; comparative_class_review; public_manufacturer_input; final_implementation
group-c,Montana,https://medicaidprovider.mt.gov/docs/pharmacydur/2025/June2025Agenda.pdf,"linked from capped seed: June 18, 2025",1,https://medicaidprovider.mt.gov/19dur,collected,200,application/pdf,raw/montana/montana__june2025agenda.pdf__3ecafe8049.pdf,text/montana/montana__june2025agenda.pdf__3ecafe8049.txt,,,2137,diabetes_glp1_obesity; immunology_biologics; oud_pain,clinical_efficacy_safety; comparative_class_review; pa_step_criteria; utilization_controls; public_manufacturer_input; final_implementation
group-c,Montana,https://medicaidprovider.mt.gov/docs/pharmacydur/2025/February2025Agenda.pdf,"linked from capped seed: February 12, 2025",1,https://medicaidprovider.mt.gov/19dur,collected,200,application/pdf,raw/montana/montana__february2025agenda.pdf__8bde3399b3.pdf,text/montana/montana__february2025agenda.pdf__8bde3399b3.txt,,,2152,diabetes_glp1_obesity; immunology_biologics; cns_behavioral_migraine,clinical_efficacy_safety; comparative_class_review; pa_step_criteria; utilization_controls; public_manufacturer_input; final_implementation
group-c,Nebraska,https://dhhs.ne.gov/Documents/Nov%202018%20DUR%20Minutes.pdf,"linked from capped seed: November 6, 2018",1,https://dhhs.ne.gov/Pages/Drug-Utilization-Review.aspx,collected,200,application/pdf,raw/nebraska/nebraska__nov-2018-dur-minutes.pdf__ccd38b3b8f.pdf,text/nebraska/nebraska__nov-2018-dur-minutes.pdf__ccd38b3b8f.txt,,,8312,oud_pain,pa_step_criteria; utilization_controls; public_manufacturer_input; final_implementation
group-c,Nebraska,https://dhhs.ne.gov/Documents/Nebraska%20Medicaid%20DUR%20Minutes%20September%202022.pdf,linked from capped seed: Minutes​,1,https://dhhs.ne.gov/Pages/Drug-Utilization-Review.aspx,collected,200,application/pdf,raw/nebraska/nebraska__nebraska-medicaid-dur-minutes-september-2022.pdf__d787ee657f.pdf,text/nebraska/nebraska__nebraska-medicaid-dur-minutes-september-2022.pdf__d787ee657f.txt,,,2893,respiratory_allergy,pa_step_criteria; utilization_controls; final_implementation
group-c,Nebraska,https://dhhs.ne.gov/Documents/Nebraska%20Medicaid%20DUR%20Minutes%20November%202022.pdf,linked from capped seed: Minutes,1,https://dhhs.ne.gov/Pages/Drug-Utilization-Review.aspx,collected,200,application/pdf,raw/nebraska/nebraska__nebraska-medicaid-dur-minutes-november-2022.pdf__8a8cce2473.pdf,text/nebraska/nebraska__nebraska-medicaid-dur-minutes-november-2022.pdf__8a8cce2473.txt,,,2907,diabetes_glp1_obesity; oud_pain,pa_step_criteria; utilization_controls; final_implementation
group-c,Nebraska,https://dhhs.ne.gov/Documents/Nebraska%20Medicaid%20DUR%20Minutes%20May%202022.pdf,linked from capped seed: Minutes,1,https://dhhs.ne.gov/Pages/Drug-Utilization-Review.aspx,collected,200,application/pdf,raw/nebraska/nebraska__nebraska-medicaid-dur-minutes-may-2022.pdf__5285e81f49.pdf,text/nebraska/nebraska__nebraska-medicaid-dur-minutes-may-2022.pdf__5285e81f49.txt,,,6525,cns_behavioral_migraine; oud_pain; respiratory_allergy,clinical_efficacy_safety; pa_step_criteria; utilization_controls; public_manufacturer_input; final_implementation
group-c,Nebraska,https://dhhs.ne.gov/Documents/Nebraska%20Medicaid%20DUR%20Board%20Meeting%20Agenda-July%202024.pdf,"linked from capped seed: July 9, 2024",1,https://dhhs.ne.gov/Pages/Drug-Utilization-Review.aspx,collected,200,application/pdf,raw/nebraska/nebraska__nebraska-medicaid-dur-board-meeting-agenda-july-2024.pdf__1ad25b63d2.pdf,text/nebraska/nebraska__nebraska-medicaid-dur-board-meeting-agenda-july-2024.pdf__1ad25b63d2.txt,,,1012,,utilization_controls
group-c,Nebraska,https://dhhs.ne.gov/Documents/Nebraska%20Medicaid%20DUR%20Board%20Meeting%20Agenda%20September%202025.pdf,"linked from capped seed: September 9, 2025",1,https://dhhs.ne.gov/Pages/Drug-Utilization-Review.aspx,collected,200,application/pdf,raw/nebraska/nebraska__nebraska-medicaid-dur-board-meeting-agenda-september-2025.pdf__3c3cd5b860.pdf,text/nebraska/nebraska__nebraska-medicaid-dur-board-meeting-agenda-september-2025.pdf__3c3cd5b860.txt,,,1247,diabetes_glp1_obesity,utilization_controls; cost_rebate; final_implementation
group-c,Nebraska,https://dhhs.ne.gov/Documents/Nebraska%20Medicaid%20DUR%20Board%20Meeting%20Agenda%20-%20November%2014%2C%202023.pdf,"linked from capped seed: November 14, 2023​​",1,https://dhhs.ne.gov/Pages/Drug-Utilization-Review.aspx,collected,200,application/pdf,raw/nebraska/nebraska__nebraska-medicaid-dur-board-meeting-agenda---november-14-2023.pdf__3b0973973c.pdf,text/nebraska/nebraska__nebraska-medicaid-dur-board-meeting-agenda---november-14-2023.pdf__3b0973973c.txt,,,1143,infectious_disease,utilization_controls
group-c,Nebraska,https://dhhs.ne.gov/Documents/Nebraska%20Medicaid%20DUR%20Board%20Meeting%20Agenda%20-%20Nov%202024.pdf,"linked from capped seed: November 12, 2024",1,https://dhhs.ne.gov/Pages/Drug-Utilization-Review.aspx,collected,200,application/pdf,raw/nebraska/nebraska__nebraska-medicaid-dur-board-meeting-agenda---nov-2024.pdf__fa3975199c.pdf,text/nebraska/nebraska__nebraska-medicaid-dur-board-meeting-agenda---nov-2024.pdf__fa3975199c.txt,,,1084,oud_pain,utilization_controls
group-c,Nebraska,https://dhhs.ne.gov/Documents/Nebraska%20Medicaid%20DUR%20Board%20Meeting%20Agenda%20-%20May%207%2C%202024.pdf,"linked from capped seed: May 7, 2024",1,https://dhhs.ne.gov/Pages/Drug-Utilization-Review.aspx,collected,200,application/pdf,raw/nebraska/nebraska__nebraska-medicaid-dur-board-meeting-agenda---may-7-2024.pdf__b227cac6a9.pdf,text/nebraska/nebraska__nebraska-medicaid-dur-board-meeting-agenda---may-7-2024.pdf__b227cac6a9.txt,,,1147,diabetes_glp1_obesity; oud_pain,utilization_controls
group-c,Nebraska,https://dhhs.ne.gov/Documents/Nebraska%20Medicaid%20DUR%20Board%20Meeting%20Agenda%20-%20May%202025.pdf,"linked from capped seed: May 13, 2025",1,https://dhhs.ne.gov/Pages/Drug-Utilization-Review.aspx,collected,200,application/pdf,raw/nebraska/nebraska__nebraska-medicaid-dur-board-meeting-agenda---may-2025.pdf__43cad85e87.pdf,text/nebraska/nebraska__nebraska-medicaid-dur-board-meeting-agenda---may-2025.pdf__43cad85e87.txt,,,1340,diabetes_glp1_obesity; cns_behavioral_migraine; oud_pain; infectious_disease,utilization_controls; final_implementation
group-c,Nebraska,https://dhhs.ne.gov/Documents/Nebraska%20Medicaid%20DUR%20Board%20Meeting%20Agenda%20-%20Jan%202025.pdf,"linked from capped seed: January 14, 2025",1,https://dhhs.ne.gov/Pages/Drug-Utilization-Review.aspx,collected,200,application/pdf,raw/nebraska/nebraska__nebraska-medicaid-dur-board-meeting-agenda---jan-2025.pdf__8d870a1cfd.pdf,text/nebraska/nebraska__nebraska-medicaid-dur-board-meeting-agenda---jan-2025.pdf__8d870a1cfd.txt,,,20014,immunology_biologics; cns_behavioral_migraine; oud_pain; respiratory_allergy,clinical_efficacy_safety; comparative_class_review; pa_step_criteria; utilization_controls; final_implementation
group-c,Nebraska,https://dhhs.ne.gov/Documents/Nebraska%20Medicaid%20DUR%20Board%20Meeting%20Agenda%20-%20February%2013%2C%202024.pdf,"linked from capped seed: February 13, 2024",1,https://dhhs.ne.gov/Pages/Drug-Utilization-Review.aspx,collected,200,application/pdf,raw/nebraska/nebraska__nebraska-medicaid-dur-board-meeting-agenda---february-13-2024.pdf__e2911acd17.pdf,text/nebraska/nebraska__nebraska-medicaid-dur-board-meeting-agenda---february-13-2024.pdf__e2911acd17.txt,,,1115,,utilization_controls
group-c,Nebraska,https://dhhs.ne.gov/Documents/NE%20Medicaid%20DUR%20July%202022%20Minutes.pdf,linked from capped seed: Minutes,1,https://dhhs.ne.gov/Pages/Drug-Utilization-Review.aspx,collected,200,application/pdf,raw/nebraska/nebraska__ne-medicaid-dur-july-2022-minutes.pdf__153aab6072.pdf,text/nebraska/nebraska__ne-medicaid-dur-july-2022-minutes.pdf__153aab6072.txt,,,8551,oud_pain; respiratory_allergy,comparative_class_review; pa_step_criteria; utilization_controls; cost_rebate; final_implementation
group-c,Nebraska,https://dhhs.ne.gov/Documents/NE%20Medicaid%20DUR%20Board%20Meeting%20Agenda%2011.15.22.pdf,"linked from capped seed: November 15, 2022",1,https://dhhs.ne.gov/Pages/Drug-Utilization-Review.aspx,collected,200,application/pdf,raw/nebraska/nebraska__ne-medicaid-dur-board-meeting-agenda-11.15.22.pdf__a21b470313.pdf,text/nebraska/nebraska__ne-medicaid-dur-board-meeting-agenda-11.15.22.pdf__a21b470313.txt,,,1458,cns_behavioral_migraine; respiratory_allergy,pa_step_criteria
group-c,Nebraska,https://dhhs.ne.gov/Documents/May%202019%20DUR%20Minutes.pdf,"linked from capped seed: May 14, 2019",1,https://dhhs.ne.gov/Pages/Drug-Utilization-Review.aspx,collected,200,application/pdf,raw/nebraska/nebraska__may-2019-dur-minutes.pdf__2055da3631.pdf,text/nebraska/nebraska__may-2019-dur-minutes.pdf__2055da3631.txt,,,7763,diabetes_glp1_obesity; cns_behavioral_migraine,clinical_efficacy_safety; pa_step_criteria; utilization_controls; final_implementation
group-c,Nebraska,https://dhhs.ne.gov/Documents/Mar%202019%20DUR%20Minutes.pdf,"linked from capped seed: March 12, 2019",1,https://dhhs.ne.gov/Pages/Drug-Utilization-Review.aspx,collected,200,application/pdf,raw/nebraska/nebraska__mar-2019-dur-minutes.pdf__639e55e2ac.pdf,text/nebraska/nebraska__mar-2019-dur-minutes.pdf__639e55e2ac.txt,,,7348,cns_behavioral_migraine; oud_pain; respiratory_allergy; cardio_renal_metabolic,clinical_efficacy_safety; comparative_class_review; utilization_controls; final_implementation
group-c,Nebraska,https://dhhs.ne.gov/Documents/July%202019%20DUR%20Minutes.pdf,"linked from capped seed: July 9, 2019",1,https://dhhs.ne.gov/Pages/Drug-Utilization-Review.aspx,collected,200,application/pdf,raw/nebraska/nebraska__july-2019-dur-minutes.pdf__9bbd8891c3.pdf,text/nebraska/nebraska__july-2019-dur-minutes.pdf__9bbd8891c3.txt,,,5355,infectious_disease,pa_step_criteria; utilization_controls; cost_rebate; final_implementation
group-c,Nebraska,https://dhhs.ne.gov/Documents/Jan%202019%20DUR%20Minutes.pdf,"linked from capped seed: January 8, 2019",1,https://dhhs.ne.gov/Pages/Drug-Utilization-Review.aspx,collected,200,application/pdf,raw/nebraska/nebraska__jan-2019-dur-minutes.pdf__379bccc980.pdf,text/nebraska/nebraska__jan-2019-dur-minutes.pdf__379bccc980.txt,,,9004,oud_pain,pa_step_criteria; utilization_controls; final_implementation
group-c,Nebraska,https://nebraska.fhsc.com/downloads/PDL/NE_PDL-20260501.pdf,linked from capped seed: Preferred Drug List,1,https://nebraska.fhsc.com/PDL/PDLlistings.asp,collected,200,application/pdf,raw/nebraska/nebraska__ne_pdl-20260501.pdf__9fd1fc7bc9.pdf,text/nebraska/nebraska__ne_pdl-20260501.pdf__9fd1fc7bc9.txt,,,204485,diabetes_glp1_obesity; immunology_biologics; oncology_rare_specialty; cns_behavioral_migraine; oud_pain; respiratory_allergy; infectious_disease; cardio_renal_metabolic,clinical_efficacy_safety; comparative_class_review; pa_step_criteria; utilization_controls; cost_rebate; public_manufacturer_input
group-c,Nebraska,https://nebraska.fhsc.com/downloads/PDL/NE_PDL-20260401.pdf,linked from capped seed: Preferred Drug List,1,https://nebraska.fhsc.com/PDL/PDLlistings.asp,collected,200,application/pdf,raw/nebraska/nebraska__ne_pdl-20260401.pdf__67a38d8489.pdf,text/nebraska/nebraska__ne_pdl-20260401.pdf__67a38d8489.txt,,,203659,diabetes_glp1_obesity; immunology_biologics; oncology_rare_specialty; cns_behavioral_migraine; oud_pain; respiratory_allergy; infectious_disease; cardio_renal_metabolic,clinical_efficacy_safety; comparative_class_review; pa_step_criteria; utilization_controls; cost_rebate; public_manufacturer_input
group-c,Nebraska,https://nebraska.fhsc.com/downloads/PDL/NE_PDL-20260302.pdf,linked from capped seed: Preferred Drug List,1,https://nebraska.fhsc.com/PDL/PDLlistings.asp,collected,200,application/pdf,raw/nebraska/nebraska__ne_pdl-20260302.pdf__9a0c17b6c2.pdf,text/nebraska/nebraska__ne_pdl-20260302.pdf__9a0c17b6c2.txt,,,204099,diabetes_glp1_obesity; immunology_biologics; oncology_rare_specialty; cns_behavioral_migraine; oud_pain; respiratory_allergy; infectious_disease; cardio_renal_metabolic,clinical_efficacy_safety; comparative_class_review; pa_step_criteria; utilization_controls; cost_rebate; public_manufacturer_input
group-c,Nebraska,https://nebraska.fhsc.com/downloads/PDL/NE_PDL-20260202.pdf,linked from capped seed: Preferred Drug List,1,https://nebraska.fhsc.com/PDL/PDLlistings.asp,collected,200,application/pdf,raw/nebraska/nebraska__ne_pdl-20260202.pdf__c03af86410.pdf,text/nebraska/nebraska__ne_pdl-20260202.pdf__c03af86410.txt,,,204050,diabetes_glp1_obesity; immunology_biologics; oncology_rare_specialty; cns_behavioral_migraine; oud_pain; respiratory_allergy; infectious_disease; cardio_renal_metabolic,clinical_efficacy_safety; comparative_class_review; pa_step_criteria; utilization_controls; cost_rebate; public_manufacturer_input
group-c,Nebraska,https://nebraska.fhsc.com/downloads/PDL/NE_PDL-20260116.pdf,linked from capped seed: Preferred Drug List,1,https://nebraska.fhsc.com/PDL/PDLlistings.asp,collected,200,application/pdf,raw/nebraska/nebraska__ne_pdl-20260116.pdf__cab54b5494.pdf,text/nebraska/nebraska__ne_pdl-20260116.pdf__cab54b5494.txt,,,203653,diabetes_glp1_obesity; immunology_biologics; oncology_rare_specialty; cns_behavioral_migraine; oud_pain; respiratory_allergy; infectious_disease; cardio_renal_metabolic,clinical_efficacy_safety; comparative_class_review; pa_step_criteria; utilization_controls; cost_rebate; public_manufacturer_input
group-c,Nebraska,https://nebraska.fhsc.com/downloads/PDL/NE_PDL-20260102.pdf,linked from capped seed: Preferred Drug List,1,https://nebraska.fhsc.com/PDL/PDLlistings.asp,collected,200,application/pdf,raw/nebraska/nebraska__ne_pdl-20260102.pdf__8316a9104c.pdf,text/nebraska/nebraska__ne_pdl-20260102.pdf__8316a9104c.txt,,,199900,diabetes_glp1_obesity; immunology_biologics; oncology_rare_specialty; cns_behavioral_migraine; oud_pain; respiratory_allergy; infectious_disease; cardio_renal_metabolic,clinical_efficacy_safety; comparative_class_review; pa_step_criteria; utilization_controls; cost_rebate; public_manufacturer_input
group-c,Nebraska,https://nebraska.fhsc.com/downloads/PDL/NE_PDL-20251201.pdf,linked from capped seed: Preferred Drug List,1,https://nebraska.fhsc.com/PDL/PDLlistings.asp,collected,200,application/pdf,raw/nebraska/nebraska__ne_pdl-20251201.pdf__29d35ba5d0.pdf,text/nebraska/nebraska__ne_pdl-20251201.pdf__29d35ba5d0.txt,,,199868,diabetes_glp1_obesity; immunology_biologics; oncology_rare_specialty; cns_behavioral_migraine; oud_pain; respiratory_allergy; infectious_disease; cardio_renal_metabolic,clinical_efficacy_safety; comparative_class_review; pa_step_criteria; utilization_controls; cost_rebate; public_manufacturer_input
group-c,Nebraska,https://nebraska.fhsc.com/downloads/PDL/NE_PDL-20251101.pdf,linked from capped seed: Preferred Drug List,1,https://nebraska.fhsc.com/PDL/PDLlistings.asp,collected,200,application/pdf,raw/nebraska/nebraska__ne_pdl-20251101.pdf__1546f9ed3d.pdf,text/nebraska/nebraska__ne_pdl-20251101.pdf__1546f9ed3d.txt,,,199366,diabetes_glp1_obesity; immunology_biologics; oncology_rare_specialty; cns_behavioral_migraine; oud_pain; respiratory_allergy; infectious_disease; cardio_renal_metabolic,clinical_efficacy_safety; comparative_class_review; pa_step_criteria; utilization_controls; cost_rebate; public_manufacturer_input
group-c,Nebraska,https://nebraska.fhsc.com/downloads/PDL/NE_PDL-20251001.pdf,linked from capped seed: Preferred Drug List,1,https://nebraska.fhsc.com/PDL/PDLlistings.asp,collected,200,application/pdf,raw/nebraska/nebraska__ne_pdl-20251001.pdf__660084629f.pdf,text/nebraska/nebraska__ne_pdl-20251001.pdf__660084629f.txt,,,199590,diabetes_glp1_obesity; immunology_biologics; oncology_rare_specialty; cns_behavioral_migraine; oud_pain; respiratory_allergy; infectious_disease; cardio_renal_metabolic,clinical_efficacy_safety; comparative_class_review; pa_step_criteria; utilization_controls; cost_rebate; public_manufacturer_input
group-c,Nebraska,https://nebraska.fhsc.com/downloads/PDL/NE_PDL-20250901.pdf,linked from capped seed: Preferred Drug List,1,https://nebraska.fhsc.com/PDL/PDLlistings.asp,collected,200,application/pdf,raw/nebraska/nebraska__ne_pdl-20250901.pdf__b609cdf525.pdf,text/nebraska/nebraska__ne_pdl-20250901.pdf__b609cdf525.txt,,,200398,diabetes_glp1_obesity; immunology_biologics; oncology_rare_specialty; cns_behavioral_migraine; oud_pain; respiratory_allergy; infectious_disease; cardio_renal_metabolic,clinical_efficacy_safety; comparative_class_review; pa_step_criteria; utilization_controls; cost_rebate; public_manufacturer_input
group-c,Nebraska,https://nebraska.fhsc.com/downloads/PDL/NE_PDL-20250801.pdf,linked from capped seed: Preferred Drug List,1,https://nebraska.fhsc.com/PDL/PDLlistings.asp,collected,200,application/pdf,raw/nebraska/nebraska__ne_pdl-20250801.pdf__1d0d8ea7f4.pdf,text/nebraska/nebraska__ne_pdl-20250801.pdf__1d0d8ea7f4.txt,,,199590,diabetes_glp1_obesity; immunology_biologics; oncology_rare_specialty; cns_behavioral_migraine; oud_pain; respiratory_allergy; infectious_disease; cardio_renal_metabolic,clinical_efficacy_safety; comparative_class_review; pa_step_criteria; utilization_controls; cost_rebate; public_manufacturer_input
group-c,Nebraska,https://nebraska.fhsc.com/downloads/PDL/NE_PDL-20250718.pdf,linked from capped seed: Preferred Drug List,1,https://nebraska.fhsc.com/PDL/PDLlistings.asp,collected,200,application/pdf,raw/nebraska/nebraska__ne_pdl-20250718.pdf__f2f39c4c45.pdf,text/nebraska/nebraska__ne_pdl-20250718.pdf__f2f39c4c45.txt,,,202707,diabetes_glp1_obesity; immunology_biologics; oncology_rare_specialty; cns_behavioral_migraine; oud_pain; respiratory_allergy; infectious_disease; cardio_renal_metabolic,clinical_efficacy_safety; comparative_class_review; pa_step_criteria; utilization_controls; cost_rebate; public_manufacturer_input
group-c,Nebraska,https://nebraska.fhsc.com/downloads/PDL/NE_PDL-20250701.pdf,linked from capped seed: Preferred Drug List,1,https://nebraska.fhsc.com/PDL/PDLlistings.asp,collected,200,application/pdf,raw/nebraska/nebraska__ne_pdl-20250701.pdf__f2984ea666.pdf,text/nebraska/nebraska__ne_pdl-20250701.pdf__f2984ea666.txt,,,199461,diabetes_glp1_obesity; immunology_biologics; oncology_rare_specialty; cns_behavioral_migraine; oud_pain; respiratory_allergy; infectious_disease; cardio_renal_metabolic,clinical_efficacy_safety; comparative_class_review; pa_step_criteria; utilization_controls; cost_rebate; public_manufacturer_input
group-c,Nebraska,https://nebraska.fhsc.com/downloads/PDL/NE_PDL-20250602.pdf,linked from capped seed: Preferred Drug List,1,https://nebraska.fhsc.com/PDL/PDLlistings.asp,collected,200,application/pdf,raw/nebraska/nebraska__ne_pdl-20250602.pdf__78b231b3c9.pdf,text/nebraska/nebraska__ne_pdl-20250602.pdf__78b231b3c9.txt,,,198769,diabetes_glp1_obesity; immunology_biologics; oncology_rare_specialty; cns_behavioral_migraine; oud_pain; respiratory_allergy; infectious_disease; cardio_renal_metabolic,clinical_efficacy_safety; comparative_class_review; pa_step_criteria; utilization_controls; cost_rebate; public_manufacturer_input
group-c,Nebraska,https://nebraska.fhsc.com/downloads/PDL/NE_PDL-20250501.pdf,linked from capped seed: Preferred Drug List,1,https://nebraska.fhsc.com/PDL/PDLlistings.asp,collected,200,application/pdf,raw/nebraska/nebraska__ne_pdl-20250501.pdf__2cb59f16e4.pdf,text/nebraska/nebraska__ne_pdl-20250501.pdf__2cb59f16e4.txt,,,198167,diabetes_glp1_obesity; immunology_biologics; oncology_rare_specialty; cns_behavioral_migraine; oud_pain; respiratory_allergy; infectious_disease; cardio_renal_metabolic,clinical_efficacy_safety; comparative_class_review; pa_step_criteria; utilization_controls; cost_rebate; public_manufacturer_input
group-c,Nebraska,https://nebraska.fhsc.com/downloads/PDL/NE_PDL-20250401.pdf,linked from capped seed: Preferred Drug List,1,https://nebraska.fhsc.com/PDL/PDLlistings.asp,collected,200,application/pdf,raw/nebraska/nebraska__ne_pdl-20250401.pdf__c6de7f891a.pdf,text/nebraska/nebraska__ne_pdl-20250401.pdf__c6de7f891a.txt,,,198248,diabetes_glp1_obesity; immunology_biologics; oncology_rare_specialty; cns_behavioral_migraine; oud_pain; respiratory_allergy; infectious_disease; cardio_renal_metabolic,clinical_efficacy_safety; comparative_class_review; pa_step_criteria; utilization_controls; cost_rebate; public_manufacturer_input
group-c,Nebraska,https://nebraska.fhsc.com/downloads/PDL/NE_PDL-20250306.pdf,linked from capped seed: Preferred Drug List,1,https://nebraska.fhsc.com/PDL/PDLlistings.asp,collected,200,application/pdf,raw/nebraska/nebraska__ne_pdl-20250306.pdf__f4c3f81ed6.pdf,text/nebraska/nebraska__ne_pdl-20250306.pdf__f4c3f81ed6.txt,,,197387,diabetes_glp1_obesity; immunology_biologics; oncology_rare_specialty; cns_behavioral_migraine; oud_pain; respiratory_allergy; infectious_disease; cardio_renal_metabolic,clinical_efficacy_safety; comparative_class_review; pa_step_criteria; utilization_controls; cost_rebate; public_manufacturer_input
group-c,Nebraska,https://nebraska.fhsc.com/downloads/PDL/NE_PDL-20250301.pdf,linked from capped seed: Preferred Drug List,1,https://nebraska.fhsc.com/PDL/PDLlistings.asp,collected,200,application/pdf,raw/nebraska/nebraska__ne_pdl-20250301.pdf__865dfb60b8.pdf,text/nebraska/nebraska__ne_pdl-20250301.pdf__865dfb60b8.txt,,,197308,diabetes_glp1_obesity; immunology_biologics; oncology_rare_specialty; cns_behavioral_migraine; oud_pain; respiratory_allergy; infectious_disease; cardio_renal_metabolic,clinical_efficacy_safety; comparative_class_review; pa_step_criteria; utilization_controls; cost_rebate; public_manufacturer_input
group-c,Nebraska,https://nebraska.fhsc.com/Downloads/PDL/NE_PDL-proposed.pdf,linked from capped seed: Proposed P & T PDL (May 2026),1,https://nebraska.fhsc.com/PDL/PTcommittee.asp,collected,200,application/pdf,raw/nebraska/nebraska__ne_pdl-proposed.pdf__94ef8484b2.pdf,text/nebraska/nebraska__ne_pdl-proposed.pdf__94ef8484b2.txt,,,116617,diabetes_glp1_obesity; immunology_biologics; oncology_rare_specialty; cns_behavioral_migraine; oud_pain; respiratory_allergy; infectious_disease; cardio_renal_metabolic,clinical_efficacy_safety; comparative_class_review; pa_step_criteria; utilization_controls; cost_rebate
group-c,Nebraska,https://nebraska.fhsc.com/Downloads/NEfaxform_MedicalNecessity.pdf,linked from capped seed: Documentation of Medical Necessity / PDL Exception Request,1,https://nebraska.fhsc.com/PDL/PTcommittee.asp,collected,200,application/pdf,raw/nebraska/nebraska__nefaxform_medicalnecessity.pdf__50461d1c02.pdf,text/nebraska/nebraska__nefaxform_medicalnecessity.pdf__50461d1c02.txt,,,2152,,clinical_efficacy_safety; pa_step_criteria; utilization_controls; final_implementation
group-c,Nebraska,https://nebraska.fhsc.com/Downloads/NE_PTminutes-20260513.pdf,linked from capped seed: Draft Minutes,1,https://nebraska.fhsc.com/PDL/PTcommittee.asp,collected,200,application/pdf,raw/nebraska/nebraska__ne_ptminutes-20260513.pdf__9199cacce4.pdf,text/nebraska/nebraska__ne_ptminutes-20260513.pdf__9199cacce4.txt,,,114428,diabetes_glp1_obesity; immunology_biologics; oncology_rare_specialty; cns_behavioral_migraine; oud_pain; respiratory_allergy; infectious_disease; cardio_renal_metabolic,clinical_efficacy_safety; comparative_class_review; pa_step_criteria; utilization_controls; cost_rebate; public_manufacturer_input; final_implementation
group-c,Nebraska,https://nebraska.fhsc.com/Downloads/NE_PTminutes-20251029.pdf,linked from capped seed: Draft Minutes,1,https://nebraska.fhsc.com/PDL/PTcommittee.asp,collected,200,application/pdf,raw/nebraska/nebraska__ne_ptminutes-20251029.pdf__baac5d8077.pdf,text/nebraska/nebraska__ne_ptminutes-20251029.pdf__baac5d8077.txt,,,89377,immunology_biologics; oncology_rare_specialty; cns_behavioral_migraine; oud_pain; respiratory_allergy; infectious_disease; cardio_renal_metabolic,clinical_efficacy_safety; comparative_class_review; pa_step_criteria; public_manufacturer_input; final_implementation
group-c,Nebraska,https://nebraska.fhsc.com/Downloads/NE_PTminutes-20250514.pdf,linked from capped seed: Minutes,1,https://nebraska.fhsc.com/PDL/PTcommittee.asp,collected,200,application/pdf,raw/nebraska/nebraska__ne_ptminutes-20250514.pdf__37db1c4144.pdf,text/nebraska/nebraska__ne_ptminutes-20250514.pdf__37db1c4144.txt,,,117682,diabetes_glp1_obesity; immunology_biologics; oncology_rare_specialty; cns_behavioral_migraine; oud_pain; respiratory_allergy; infectious_disease; cardio_renal_metabolic,clinical_efficacy_safety; comparative_class_review; pa_step_criteria; utilization_controls; cost_rebate; public_manufacturer_input; final_implementation
group-c,Nebraska,https://nebraska.fhsc.com/Downloads/NE_PTminutes-20241113.pdf,linked from capped seed: Minutes,1,https://nebraska.fhsc.com/PDL/PTcommittee.asp,collected,200,application/pdf,raw/nebraska/nebraska__ne_ptminutes-20241113.pdf__4264dde3b7.pdf,text/nebraska/nebraska__ne_ptminutes-20241113.pdf__4264dde3b7.txt,,,91662,immunology_biologics; oncology_rare_specialty; cns_behavioral_migraine; oud_pain; respiratory_allergy; infectious_disease; cardio_renal_metabolic,clinical_efficacy_safety; comparative_class_review; pa_step_criteria; public_manufacturer_input; final_implementation
group-c,Nebraska,https://nebraska.fhsc.com/Downloads/NE_PTminutes-20240508.pdf,linked from capped seed: Minutes,1,https://nebraska.fhsc.com/PDL/PTcommittee.asp,collected,200,application/pdf,raw/nebraska/nebraska__ne_ptminutes-20240508.pdf__0c355fe691.pdf,text/nebraska/nebraska__ne_ptminutes-20240508.pdf__0c355fe691.txt,,,121637,diabetes_glp1_obesity; immunology_biologics; oncology_rare_specialty; cns_behavioral_migraine; oud_pain; respiratory_allergy; infectious_disease; cardio_renal_metabolic,clinical_efficacy_safety; comparative_class_review; pa_step_criteria; utilization_controls; cost_rebate; public_manufacturer_input; final_implementation
group-c,Nebraska,https://nebraska.fhsc.com/Downloads/NE_PTminutes-20231115.pdf,linked from capped seed: Minutes,1,https://nebraska.fhsc.com/PDL/PTcommittee.asp,collected,200,application/pdf,raw/nebraska/nebraska__ne_ptminutes-20231115.pdf__8f88126b0e.pdf,text/nebraska/nebraska__ne_ptminutes-20231115.pdf__8f88126b0e.txt,,,96295,immunology_biologics; oncology_rare_specialty; cns_behavioral_migraine; oud_pain; respiratory_allergy; infectious_disease; cardio_renal_metabolic,clinical_efficacy_safety; comparative_class_review; pa_step_criteria; utilization_controls; public_manufacturer_input; final_implementation
group-c,Nebraska,https://nebraska.fhsc.com/Downloads/NE_PTminutes-20230510.pdf,linked from capped seed: Minutes,1,https://nebraska.fhsc.com/PDL/PTcommittee.asp,collected,200,application/pdf,raw/nebraska/nebraska__ne_ptminutes-20230510.pdf__a480f59b5f.pdf,text/nebraska/nebraska__ne_ptminutes-20230510.pdf__a480f59b5f.txt,,,124896,diabetes_glp1_obesity; immunology_biologics; oncology_rare_specialty; cns_behavioral_migraine; oud_pain; respiratory_allergy; infectious_disease; cardio_renal_metabolic,clinical_efficacy_safety; comparative_class_review; pa_step_criteria; utilization_controls; cost_rebate; public_manufacturer_input; final_implementation
group-c,Nebraska,https://nebraska.fhsc.com/Downloads/NE_PTminutes-20221116.pdf,linked from capped seed: Minutes,1,https://nebraska.fhsc.com/PDL/PTcommittee.asp,collected,200,application/pdf,raw/nebraska/nebraska__ne_ptminutes-20221116.pdf__82091f5b26.pdf,text/nebraska/nebraska__ne_ptminutes-20221116.pdf__82091f5b26.txt,,,93530,immunology_biologics; oncology_rare_specialty; cns_behavioral_migraine; oud_pain; respiratory_allergy; infectious_disease; cardio_renal_metabolic,clinical_efficacy_safety; comparative_class_review; pa_step_criteria; public_manufacturer_input; final_implementation
group-c,Nebraska,https://nebraska.fhsc.com/Downloads/NE_PTminutes-20220511.pdf,linked from capped seed: Minutes,1,https://nebraska.fhsc.com/PDL/PTcommittee.asp,collected,200,application/pdf,raw/nebraska/nebraska__ne_ptminutes-20220511.pdf__c10120bb1a.pdf,text/nebraska/nebraska__ne_ptminutes-20220511.pdf__c10120bb1a.txt,,,111350,diabetes_glp1_obesity; immunology_biologics; oncology_rare_specialty; cns_behavioral_migraine; oud_pain; respiratory_allergy; infectious_disease; cardio_renal_metabolic,clinical_efficacy_safety; comparative_class_review; pa_step_criteria; utilization_controls; cost_rebate; public_manufacturer_input; final_implementation
group-c,Nebraska,https://nebraska.fhsc.com/Downloads/NE_PTminutes-20211103.pdf,linked from capped seed: Minutes,1,https://nebraska.fhsc.com/PDL/PTcommittee.asp,collected,200,application/pdf,raw/nebraska/nebraska__ne_ptminutes-20211103.pdf__9511e1a547.pdf,text/nebraska/nebraska__ne_ptminutes-20211103.pdf__9511e1a547.txt,,,80847,immunology_biologics; oncology_rare_specialty; cns_behavioral_migraine; oud_pain; respiratory_allergy; infectious_disease; cardio_renal_metabolic,clinical_efficacy_safety; comparative_class_review; pa_step_criteria; utilization_controls; public_manufacturer_input; final_implementation
group-c,Nebraska,https://nebraska.fhsc.com/Downloads/NE_PTminutes-20210512.pdf,linked from capped seed: Minutes,1,https://nebraska.fhsc.com/PDL/PTcommittee.asp,collected,200,application/pdf,raw/nebraska/nebraska__ne_ptminutes-20210512.pdf__c618bea481.pdf,text/nebraska/nebraska__ne_ptminutes-20210512.pdf__c618bea481.txt,,,116399,diabetes_glp1_obesity; immunology_biologics; oncology_rare_specialty; cns_behavioral_migraine; oud_pain; respiratory_allergy; infectious_disease; cardio_renal_metabolic,clinical_efficacy_safety; comparative_class_review; pa_step_criteria; utilization_controls; cost_rebate; public_manufacturer_input; final_implementation
group-c,Nebraska,https://nebraska.fhsc.com/Downloads/NE_PTminutes-20201104.pdf,linked from capped seed: Minutes,1,https://nebraska.fhsc.com/PDL/PTcommittee.asp,collected,200,application/pdf,raw/nebraska/nebraska__ne_ptminutes-20201104.pdf__c6ae51e651.pdf,text/nebraska/nebraska__ne_ptminutes-20201104.pdf__c6ae51e651.txt,,,84773,immunology_biologics; oncology_rare_specialty; cns_behavioral_migraine; oud_pain; respiratory_allergy; infectious_disease; cardio_renal_metabolic,clinical_efficacy_safety; comparative_class_review; pa_step_criteria; public_manufacturer_input; final_implementation
group-c,Nebraska,https://nebraska.fhsc.com/Downloads/NE_PTminutes-20200513.pdf,linked from capped seed: Minutes,1,https://nebraska.fhsc.com/PDL/PTcommittee.asp,collected,200,application/pdf,raw/nebraska/nebraska__ne_ptminutes-20200513.pdf__f853982410.pdf,text/nebraska/nebraska__ne_ptminutes-20200513.pdf__f853982410.txt,,,104424,diabetes_glp1_obesity; immunology_biologics; oncology_rare_specialty; cns_behavioral_migraine; oud_pain; respiratory_allergy; infectious_disease; cardio_renal_metabolic,clinical_efficacy_safety; comparative_class_review; pa_step_criteria; utilization_controls; cost_rebate; public_manufacturer_input; final_implementation
group-c,Nebraska,https://nebraska.fhsc.com/Downloads/NE_PTminutes-20191113.pdf,linked from capped seed: Minutes,1,https://nebraska.fhsc.com/PDL/PTcommittee.asp,collected,200,application/pdf,raw/nebraska/nebraska__ne_ptminutes-20191113.pdf__789ba5c90b.pdf,text/nebraska/nebraska__ne_ptminutes-20191113.pdf__789ba5c90b.txt,,,77863,immunology_biologics; oncology_rare_specialty; cns_behavioral_migraine; oud_pain; respiratory_allergy; cardio_renal_metabolic,clinical_efficacy_safety; comparative_class_review; pa_step_criteria; public_manufacturer_input; final_implementation
group-c,Nebraska,https://nebraska.fhsc.com/Downloads/NE_PTminutes-20190515.pdf,linked from capped seed: Minutes,1,https://nebraska.fhsc.com/PDL/PTcommittee.asp,collected,200,application/pdf,raw/nebraska/nebraska__ne_ptminutes-20190515.pdf__dcc3c31474.pdf,text/nebraska/nebraska__ne_ptminutes-20190515.pdf__dcc3c31474.txt,,,100048,diabetes_glp1_obesity; immunology_biologics; oncology_rare_specialty; cns_behavioral_migraine; oud_pain; respiratory_allergy; infectious_disease; cardio_renal_metabolic,clinical_efficacy_safety; comparative_class_review; pa_step_criteria; utilization_controls; cost_rebate; public_manufacturer_input; final_implementation
group-c,Nebraska,https://nebraska.fhsc.com/Downloads/NE_PTminutes-20181107.pdf,linked from capped seed: Minutes,1,https://nebraska.fhsc.com/PDL/PTcommittee.asp,collected,200,application/pdf,raw/nebraska/nebraska__ne_ptminutes-20181107.pdf__52da6eb068.pdf,text/nebraska/nebraska__ne_ptminutes-20181107.pdf__52da6eb068.txt,,,71160,immunology_biologics; oncology_rare_specialty; cns_behavioral_migraine; oud_pain; respiratory_allergy; cardio_renal_metabolic,clinical_efficacy_safety; comparative_class_review; pa_step_criteria; utilization_controls; public_manufacturer_input; final_implementation
group-c,Nebraska,https://nebraskalegislature.gov/calendar/agenda.php,linked from capped seed: Agenda,1,https://nebraskalegislature.gov/laws/statutes.php?statute=68-953,collected,200,text/html; charset=UTF-8,raw/nebraska/nebraska__agenda.php__137b8c3832.html,text/nebraska/nebraska__agenda.php__137b8c3832.txt,"Nebraska Legislature - Agenda for May 28th, 2026 -",,1835,,cost_rebate; public_manufacturer_input
group-c,Nebraska,https://nebraskalegislature.gov/reports/committeesurvey_view.php,linked from capped seed: Occupational Board Reform Act Survey Results,1,https://nebraskalegislature.gov/laws/statutes.php?statute=68-953,collected,200,text/html; charset=UTF-8,raw/nebraska/nebraska__committeesurvey_view.php__dbde4d71e7.html,text/nebraska/nebraska__committeesurvey_view.php__dbde4d71e7.txt,Nebraska Legislature - Committee Surveys,,545402,diabetes_glp1_obesity; immunology_biologics; oncology_rare_specialty; oud_pain; respiratory_allergy; infectious_disease,clinical_efficacy_safety; pa_step_criteria; utilization_controls; cost_rebate; public_manufacturer_input; final_implementation
group-c,Nebraska,https://nebraskalegislature.gov/reports/committee.php,linked from capped seed: Committee,1,https://nebraskalegislature.gov/laws/statutes.php?statute=68-953,collected,200,text/html; charset=UTF-8,raw/nebraska/nebraska__committee.php__b1e4ffe82c.html,text/nebraska/nebraska__committee.php__b1e4ffe82c.txt,Nebraska Legislature - Reports,,4532,,clinical_efficacy_safety; cost_rebate; public_manufacturer_input
group-c,Nebraska,https://nebraskalegislature.gov/committees/standing-committees.php,linked from capped seed: Standing Committees,1,https://nebraskalegislature.gov/laws/statutes.php?statute=68-953,collected,200,text/html; charset=UTF-8,raw/nebraska/nebraska__standing-committees.php__95672e8351.html,text/nebraska/nebraska__standing-committees.php__95672e8351.txt,Nebraska Legislature - Committees,,4097,,cost_rebate; public_manufacturer_input
group-c,Nebraska,https://nebraskalegislature.gov/committees/select-committees.php,linked from capped seed: Select & Special Committees,1,https://nebraskalegislature.gov/laws/statutes.php?statute=68-953,collected,200,text/html; charset=UTF-8,raw/nebraska/nebraska__select-committees.php__3190309cad.html,text/nebraska/nebraska__select-committees.php__3190309cad.txt,Nebraska Legislature - Committees,,5727,,cost_rebate; public_manufacturer_input
group-c,Nebraska,https://nebraskalegislature.gov/committees/public-input.php,linked from capped seed: Public Input Options,1,https://nebraskalegislature.gov/laws/statutes.php?statute=68-953,collected,200,text/html; charset=UTF-8,raw/nebraska/nebraska__public-input.php__569bbf003c.html,text/nebraska/nebraska__public-input.php__569bbf003c.txt,Nebraska Legislature - Public Input Options,,11670,,clinical_efficacy_safety; cost_rebate; public_manufacturer_input
group-c,Nebraska,https://nebraskalegislature.gov/committees/compact-commissions.php,linked from capped seed: Compact Commissions,1,https://nebraskalegislature.gov/laws/statutes.php?statute=68-953,collected,200,text/html; charset=UTF-8,raw/nebraska/nebraska__compact-commissions.php__4078c8c97d.html,text/nebraska/nebraska__compact-commissions.php__4078c8c97d.txt,Nebraska Legislature - Committees,,3953,,cost_rebate; public_manufacturer_input
group-c,Nebraska,https://nebraskalegislature.gov/committees/committees.php,linked from capped seed: About Standing and Special Committees,1,https://nebraskalegislature.gov/laws/statutes.php?statute=68-953,collected,200,text/html; charset=UTF-8,raw/nebraska/nebraska__committees.php__9f76a36868.html,text/nebraska/nebraska__committees.php__9f76a36868.txt,Nebraska Legislature - Committees,,5155,,clinical_efficacy_safety; cost_rebate; public_manufacturer_input
group-c,Nebraska,https://nebraskalegislature.gov/calendar/hearings_range.php,linked from capped seed: Hearing Schedules,1,https://nebraskalegislature.gov/laws/statutes.php?statute=68-953,collected,200,text/html; charset=UTF-8,raw/nebraska/nebraska__hearings_range.php__8278a78369.html,text/nebraska/nebraska__hearings_range.php__8278a78369.txt,Nebraska Legislature - Hearings Scheduled,,4138,,cost_rebate; public_manufacturer_input
group-c,Nebraska,https://nebraskalegislature.gov/about/ada.php,linked from capped seed: Americans with Disabilities Act Notice,1,https://nebraskalegislature.gov/laws/statutes.php?statute=68-953,collected,200,text/html; charset=UTF-8,raw/nebraska/nebraska__ada.php__ec2985bbe7.html,text/nebraska/nebraska__ada.php__ec2985bbe7.txt,Nebraska Legislature - About the Legislature - ADA Notice,,6640,,clinical_efficacy_safety; cost_rebate; public_manufacturer_input
group-c,Nevada,https://www.nvha.nv.gov/working-together/public-meetings2/language-help/,linked from capped seed: Free Translation Help,1,https://dhcfp.nv.gov/boards/cpt/p_tmain/,collected,200,text/html; charset=utf-8,raw/nevada/nevada__language-help__5249f4e686.html,text/nevada/nevada__language-help__5249f4e686.txt,Language Help,,3855,,public_manufacturer_input
group-c,Nevada,https://www.nevadamedicaid.nv.gov/resources/update-my-address/,linked from capped seed: Update My Address Form,1,https://dhcfp.nv.gov/boards/cpt/p_tmain/,collected,200,text/html; charset=utf-8,raw/nevada/nevada__update-my-address__451b694b58.html,text/nevada/nevada__update-my-address__451b694b58.txt,Update My Address,,2436,,utilization_controls; final_implementation
group-c,Nevada,https://www.nevadamedicaid.nv.gov/resources/nevada-medicaid-update/,linked from capped seed: Get Medicaid Updates,1,https://dhcfp.nv.gov/boards/cpt/p_tmain/,collected,200,text/html; charset=utf-8,raw/nevada/nevada__nevada-medicaid-update__42d9f44a89.html,text/nevada/nevada__nevada-medicaid-update__42d9f44a89.txt,Email Notifications,,7215,,utilization_controls
group-c,Nevada,https://www.nevadamedicaid.nv.gov/public-notices/,linked from capped seed: Public Notices,1,https://dhcfp.nv.gov/boards/cpt/p_tmain/,collected,200,text/html; charset=utf-8,raw/nevada/nevada__public-notices__acc8f45389.html,text/nevada/nevada__public-notices__acc8f45389.txt,Public Notices,,4163,infectious_disease,public_manufacturer_input
group-c,Nevada,https://www.nevadamedicaid.nv.gov/providers/board-committees/,linked from capped seed: Boards/Committees,1,https://dhcfp.nv.gov/boards/cpt/p_tmain/,collected,200,text/html; charset=utf-8,raw/nevada/nevada__board-committees__79b7202c77.html,text/nevada/nevada__board-committees__79b7202c77.txt,Board/Committees,,1263,,utilization_controls
group-c,Nevada,https://www.nevadamedicaid.nv.gov/programs/rates/,linked from capped seed: Fee Schedules (Rates),1,https://dhcfp.nv.gov/boards/cpt/p_tmain/,collected,200,text/html; charset=utf-8,raw/nevada/nevada__rates__39db2bdc43.html,text/nevada/nevada__rates__39db2bdc43.txt,Rates,,7671,,clinical_efficacy_safety; cost_rebate; public_manufacturer_input; final_implementation
group-c,Nevada,https://www.nevadamedicaid.nv.gov/siteassets/content/public/adminsupport/meetingarchive/dur/2025/DUR_Minutes_04-17-25.pdf,linked from capped seed: DUR Minutes 04-17-25,1,https://www.nevadamedicaid.nv.gov/public-notices/meeting-archives/drug-use-review-board-meeting-archive/dur-archives-2025/,collected,200,application/pdf,raw/nevada/nevada__dur_minutes_04-17-25.pdf__655fb239c1.pdf,text/nevada/nevada__dur_minutes_04-17-25.pdf__655fb239c1.txt,,,24294,diabetes_glp1_obesity; immunology_biologics; oud_pain,clinical_efficacy_safety; pa_step_criteria; utilization_controls; cost_rebate; public_manufacturer_input; final_implementation
group-c,Nevada,https://www.nevadamedicaid.nv.gov/siteassets/content/public/adminsupport/meetingarchive/dur/2025/DUR_Minutes__07-31-25_Final.pdf,linked from capped seed: DUR Minutes 7/31/25,1,https://www.nevadamedicaid.nv.gov/public-notices/meeting-archives/drug-use-review-board-meeting-archive/dur-archives-2025/,collected,200,application/pdf,raw/nevada/nevada__dur_minutes__07-31-25_final.pdf__e05c4385ed.pdf,text/nevada/nevada__dur_minutes__07-31-25_final.pdf__e05c4385ed.txt,,,18670,immunology_biologics; oud_pain; respiratory_allergy,clinical_efficacy_safety; pa_step_criteria; utilization_controls; cost_rebate; public_manufacturer_input; final_implementation
group-c,Nevada,https://www.nevadamedicaid.nv.gov/siteassets/content/public/adminsupport/meetingarchive/dur/2025/DUR_Agenda_07_31_25_Final.pdf,linked from capped seed: DUR Agenda 07-31-25,1,https://www.nevadamedicaid.nv.gov/public-notices/meeting-archives/drug-use-review-board-meeting-archive/dur-archives-2025/,collected,200,application/pdf,raw/nevada/nevada__dur_agenda_07_31_25_final.pdf__d8d51f6d68.pdf,text/nevada/nevada__dur_agenda_07_31_25_final.pdf__d8d51f6d68.txt,,,18728,oud_pain; respiratory_allergy,clinical_efficacy_safety; pa_step_criteria; utilization_controls; public_manufacturer_input; final_implementation
group-c,Nevada,https://www.nevadamedicaid.nv.gov/siteassets/content/public/adminsupport/meetingarchive/dur/2025/DUR_Agenda_04-17-25.pdf,linked from capped seed: DUR Agenda 04-17-25,1,https://www.nevadamedicaid.nv.gov/public-notices/meeting-archives/drug-use-review-board-meeting-archive/dur-archives-2025/,collected,200,application/pdf,raw/nevada/nevada__dur_agenda_04-17-25.pdf__5f48aefc3c.pdf,text/nevada/nevada__dur_agenda_04-17-25.pdf__5f48aefc3c.txt,,,18576,diabetes_glp1_obesity; oud_pain,clinical_efficacy_safety; pa_step_criteria; utilization_controls; public_manufacturer_input; final_implementation
group-c,Nevada,https://www.nevadamedicaid.nv.gov/siteassets/content/public/adminsupport/meetingarchive/dur/2025/DUR_10-16-25_Minutes.pdf,linked from capped seed: DUR Minutes 10-16-25,1,https://www.nevadamedicaid.nv.gov/public-notices/meeting-archives/drug-use-review-board-meeting-archive/dur-archives-2025/,collected,200,application/pdf,raw/nevada/nevada__dur_10-16-25_minutes.pdf__71004d9b16.pdf,text/nevada/nevada__dur_10-16-25_minutes.pdf__71004d9b16.txt,,,22738,diabetes_glp1_obesity; cns_behavioral_migraine; oud_pain; respiratory_allergy,clinical_efficacy_safety; pa_step_criteria; utilization_controls; cost_rebate; public_manufacturer_input; final_implementation
group-c,Nevada,https://www.nevadamedicaid.nv.gov/siteassets/content/public/adminsupport/meetingarchive/dur/2025/DUR_10-16-25_Agenda.pdf,linked from capped seed: DUR Agenda 10-16-25,1,https://www.nevadamedicaid.nv.gov/public-notices/meeting-archives/drug-use-review-board-meeting-archive/dur-archives-2025/,collected,200,application/pdf,raw/nevada/nevada__dur_10-16-25_agenda.pdf__e8d1ebdfa9.pdf,text/nevada/nevada__dur_10-16-25_agenda.pdf__e8d1ebdfa9.txt,,,12114,cns_behavioral_migraine; oud_pain; respiratory_allergy,clinical_efficacy_safety; pa_step_criteria; utilization_controls; public_manufacturer_input; final_implementation
group-c,Nevada,https://www.nevadamedicaid.nv.gov/siteassets/content/public/adminsupport/meetingarchive/dur/2025/DUR_01_16_25_Minutes.pdf,linked from capped seed: DUR Minutes 01-16-25,1,https://www.nevadamedicaid.nv.gov/public-notices/meeting-archives/drug-use-review-board-meeting-archive/dur-archives-2025/,collected,200,application/pdf,raw/nevada/nevada__dur_01_16_25_minutes.pdf__234a2db8df.pdf,text/nevada/nevada__dur_01_16_25_minutes.pdf__234a2db8df.txt,,,25112,immunology_biologics; oud_pain; respiratory_allergy; infectious_disease,clinical_efficacy_safety; pa_step_criteria; utilization_controls; cost_rebate; public_manufacturer_input; final_implementation
group-c,Nevada,https://www.nevadamedicaid.nv.gov/siteassets/content/public/adminsupport/meetingarchive/dur/2025/DUR_01_16_25_Agenda.pdf,linked from capped seed: DUR Agenda 01-16-25,1,https://www.nevadamedicaid.nv.gov/public-notices/meeting-archives/drug-use-review-board-meeting-archive/dur-archives-2025/,collected,200,application/pdf,raw/nevada/nevada__dur_01_16_25_agenda.pdf__8bda9a9086.pdf,text/nevada/nevada__dur_01_16_25_agenda.pdf__8bda9a9086.txt,,,20411,oud_pain; respiratory_allergy,clinical_efficacy_safety; pa_step_criteria; utilization_controls; public_manufacturer_input; final_implementation
group-c,Nevada,https://www.nevadamedicaid.nv.gov/public-notices/meeting-archives/drug-use-review-board-meeting-archive/dur-archives-2024/,linked from capped seed: 2024 DUR Archives,1,https://www.nevadamedicaid.nv.gov/public-notices/meeting-archives/drug-use-review-board-meeting-archive/dur-archives-2025/,collected,200,text/html; charset=utf-8,raw/nevada/nevada__dur-archives-2024__5bff0af6e5.html,text/nevada/nevada__dur-archives-2024__5bff0af6e5.txt,2024 DUR Archives,,1808,oncology_rare_specialty,public_manufacturer_input
group-c,Nevada,https://www.nevadamedicaid.nv.gov/public-notices/meeting-archives/drug-use-review-board-meeting-archive/dur-archives-2023/,linked from capped seed: 2023 DUR Archives,1,https://www.nevadamedicaid.nv.gov/public-notices/meeting-archives/drug-use-review-board-meeting-archive/dur-archives-2025/,collected,200,text/html; charset=utf-8,raw/nevada/nevada__dur-archives-2023__80b320610e.html,text/nevada/nevada__dur-archives-2023__80b320610e.txt,2023 DUR Archives,,1746,,pa_step_criteria; public_manufacturer_input
group-c,Nevada,https://www.nevadamedicaid.nv.gov/public-notices/meeting-archives/drug-use-review-board-meeting-archive/dur-archives-2022/,linked from capped seed: 2022 DUR Archives,1,https://www.nevadamedicaid.nv.gov/public-notices/meeting-archives/drug-use-review-board-meeting-archive/dur-archives-2025/,collected,200,text/html; charset=utf-8,raw/nevada/nevada__dur-archives-2022__f9b11be846.html,text/nevada/nevada__dur-archives-2022__f9b11be846.txt,2022 DUR Archives,,2159,respiratory_allergy,public_manufacturer_input
group-c,Nevada,https://www.nevadamedicaid.nv.gov/public-notices/meeting-archives/drug-use-review-board-meeting-archive/dur-archives-2021/,linked from capped seed: 2021 DUR Archives,1,https://www.nevadamedicaid.nv.gov/public-notices/meeting-archives/drug-use-review-board-meeting-archive/dur-archives-2025/,collected,200,text/html; charset=utf-8,raw/nevada/nevada__dur-archives-2021__b32de99cab.html,text/nevada/nevada__dur-archives-2021__b32de99cab.txt,2021 DUR Archives,,1502,,
group-c,Nevada,https://www.nevadamedicaid.nv.gov/public-notices/meeting-archives/drug-use-review-board-meeting-archive/dur-archive-2026/,linked from capped seed: 2026 DUR Archive,1,https://www.nevadamedicaid.nv.gov/public-notices/meeting-archives/drug-use-review-board-meeting-archive/dur-archives-2025/,collected,200,text/html; charset=utf-8,raw/nevada/nevada__dur-archive-2026__d8e69f8dca.html,text/nevada/nevada__dur-archive-2026__d8e69f8dca.txt,2026 DUR Archive,,1310,,
group-c,Nevada,https://www.nevadamedicaid.nv.gov/public-notices/meeting-archives/drug-use-review-board-meeting-archive/,linked from capped seed: Drug Use Review Board - Meeting Archive,1,https://www.nevadamedicaid.nv.gov/public-notices/meeting-archives/drug-use-review-board-meeting-archive/dur-archives-2025/,collected,200,text/html; charset=utf-8,raw/nevada/nevada__drug-use-review-board-meeting-archive__4a39c3bab2.html,text/nevada/nevada__drug-use-review-board-meeting-archive__4a39c3bab2.txt,Drug Use Review Board - Meeting Archive,,1372,,
group-c,Nevada,https://www.nevadamedicaid.nv.gov/public-notices/meeting-archives/,linked from capped seed: Meeting Archives,1,https://www.nevadamedicaid.nv.gov/public-notices/meeting-archives/drug-use-review-board-meeting-archive/dur-archives-2025/,collected,200,text/html; charset=utf-8,raw/nevada/nevada__meeting-archives__f319ec452a.html,text/nevada/nevada__meeting-archives__f319ec452a.txt,Meeting Archives,,1605,,public_manufacturer_input
group-c,New Hampshire,https://nh.primetherapeutics.com/documents/51139/51633/CMS%20Rebate%20Participating%20Manufacturers/027f444b-e9d7-8b2e-4f25-ae87add78e3d,linked from capped seed: CMS Rebate Participating Manufacturers.pdf,1,https://nh.primetherapeutics.com/,collected,200,application/pdf,raw/new-hampshire/new-hampshire__027f444b-e9d7-8b2e-4f25-ae87add78e3d__a265539e72.pdf,text/new-hampshire/new-hampshire__027f444b-e9d7-8b2e-4f25-ae87add78e3d__a265539e72.txt,,,0,,
group-c,New Hampshire,https://nh.primetherapeutics.com/documents/51139/60698/Preferred%20Drug%20List%20-%20Effective%209.1.2024/2e143def-bbf1-3aaf-eb18-3b58438dfcf1,linked from capped seed: NHRx_PDL.pdf,1,https://nh.primetherapeutics.com/,collected,200,application/pdf,raw/new-hampshire/new-hampshire__2e143def-bbf1-3aaf-eb18-3b58438dfcf1__a55d878a80.pdf,text/new-hampshire/new-hampshire__2e143def-bbf1-3aaf-eb18-3b58438dfcf1__a55d878a80.txt,,,89258,diabetes_glp1_obesity; immunology_biologics; oncology_rare_specialty; cns_behavioral_migraine; oud_pain; respiratory_allergy; infectious_disease; cardio_renal_metabolic,clinical_efficacy_safety; comparative_class_review; pa_step_criteria; final_implementation
group-c,New Hampshire,https://nh.primetherapeutics.com/documents/51139/60698/Preferred%20Drug%20List%20-%20Effective%203.1.2024/27b90a0b-9f34-a966-2abf-3466cd22e635,linked from capped seed: NHRx_PDL_20240301..pdf,1,https://nh.primetherapeutics.com/,collected,200,application/pdf,raw/new-hampshire/new-hampshire__27b90a0b-9f34-a966-2abf-3466cd22e635__5d6b397230.pdf,text/new-hampshire/new-hampshire__27b90a0b-9f34-a966-2abf-3466cd22e635__5d6b397230.txt,,,90280,diabetes_glp1_obesity; immunology_biologics; cns_behavioral_migraine; oud_pain; respiratory_allergy; infectious_disease; cardio_renal_metabolic,clinical_efficacy_safety; comparative_class_review; pa_step_criteria; final_implementation
group-c,New Hampshire,https://nh.primetherapeutics.com/documents/51139/60698/Preferred%20Drug%20List%20-%20Effective%202.3.2025/b3dc20e2-b37f-ffd3-c521-67328e136ef1,linked from capped seed: NHRx_PDL 2.3.2025.pdf,1,https://nh.primetherapeutics.com/,collected,200,application/pdf,raw/new-hampshire/new-hampshire__b3dc20e2-b37f-ffd3-c521-67328e136ef1__1d6b035b91.pdf,text/new-hampshire/new-hampshire__b3dc20e2-b37f-ffd3-c521-67328e136ef1__1d6b035b91.txt,,,89705,diabetes_glp1_obesity; immunology_biologics; oncology_rare_specialty; cns_behavioral_migraine; oud_pain; respiratory_allergy; infectious_disease; cardio_renal_metabolic,clinical_efficacy_safety; comparative_class_review; pa_step_criteria; final_implementation
group-c,New Hampshire,https://nh.primetherapeutics.com/documents/51139/60698/Preferred%20Drug%20List%20-%20Effective%2010.1.2025/36df2256-8848-7e30-4d59-f436635c0115,linked from capped seed: NHRx_PDL (8).pdf,1,https://nh.primetherapeutics.com/,collected,200,application/pdf,raw/new-hampshire/new-hampshire__36df2256-8848-7e30-4d59-f436635c0115__03019b6c1f.pdf,text/new-hampshire/new-hampshire__36df2256-8848-7e30-4d59-f436635c0115__03019b6c1f.txt,,,93041,diabetes_glp1_obesity; immunology_biologics; oncology_rare_specialty; cns_behavioral_migraine; oud_pain; respiratory_allergy; infectious_disease; cardio_renal_metabolic,clinical_efficacy_safety; comparative_class_review; pa_step_criteria; final_implementation
group-c,New Hampshire,https://nh.primetherapeutics.com/documents/51139/60698/Notification%2012.15.2017%20PDL-Clinical%20PA%20Updates-Web%20Portal%20Info-Email/182af2ed-acc6-378d-84fc-0b5a95e17b37,linked from capped seed: Notification 12.15.2017 PDL-Clinical PA Updates-Web Portal Info-Email.pdf,1,https://nh.primetherapeutics.com/,collected,200,application/pdf,raw/new-hampshire/new-hampshire__182af2ed-acc6-378d-84fc-0b5a95e17b37__7bb15e2f42.pdf,text/new-hampshire/new-hampshire__182af2ed-acc6-378d-84fc-0b5a95e17b37__7bb15e2f42.txt,,,4186,immunology_biologics; oud_pain; respiratory_allergy; infectious_disease; cardio_renal_metabolic,clinical_efficacy_safety; comparative_class_review; pa_step_criteria; final_implementation
group-c,New Hampshire,https://nh.primetherapeutics.com/documents/51139/60698/Notification%2011.28.2018%20PDL-Clinical%20PA%20Updates-Web%20Portal%20Info-Email/3535c664-368c-7de3-6eb0-0450cc4e1150,linked from capped seed: Notification 11.28.2018 PDL-Clinical PA Updates-Web Portal Info-Email.pdf,1,https://nh.primetherapeutics.com/,collected,200,application/pdf,raw/new-hampshire/new-hampshire__3535c664-368c-7de3-6eb0-0450cc4e1150__fa4a058083.pdf,text/new-hampshire/new-hampshire__3535c664-368c-7de3-6eb0-0450cc4e1150__fa4a058083.txt,,,5041,diabetes_glp1_obesity; immunology_biologics; cns_behavioral_migraine; oud_pain; respiratory_allergy; infectious_disease; cardio_renal_metabolic,clinical_efficacy_safety; comparative_class_review; pa_step_criteria; final_implementation
group-c,New Hampshire,https://nh.primetherapeutics.com/documents/51139/60698/Notification%2009.01.2020%20PDL-Clinical%20PA%20Updates-Web%20Portal%20Info-Email/90565a9d-39fc-5c3a-c68f-a68005d107fc,linked from capped seed: Notification 09.01.2020 PDL-Clinical PA Updates-Web Portal Info-Email.pdf,1,https://nh.primetherapeutics.com/,collected,200,application/pdf,raw/new-hampshire/new-hampshire__90565a9d-39fc-5c3a-c68f-a68005d107fc__11f2292cd2.pdf,text/new-hampshire/new-hampshire__90565a9d-39fc-5c3a-c68f-a68005d107fc__11f2292cd2.txt,,,3153,diabetes_glp1_obesity; immunology_biologics; cns_behavioral_migraine; oud_pain; respiratory_allergy; infectious_disease; cardio_renal_metabolic,clinical_efficacy_safety; pa_step_criteria; final_implementation
group-c,New Hampshire,https://nh.primetherapeutics.com/documents/51139/60698/Notification%2008.24.2015%20PDL-Clinical%20PA%20Updates-Web%20Portal%20Info-Email/432eb6fe-bdb7-f874-a839-657af4622f0b,linked from capped seed: Notification 08.24.2015 PDL-Clinical PA Updates-Web Portal Info-Email.pdf,1,https://nh.primetherapeutics.com/,collected,200,application/pdf,raw/new-hampshire/new-hampshire__432eb6fe-bdb7-f874-a839-657af4622f0b__ff4ea19158.pdf,text/new-hampshire/new-hampshire__432eb6fe-bdb7-f874-a839-657af4622f0b__ff4ea19158.txt,,,6326,diabetes_glp1_obesity; immunology_biologics; oud_pain; respiratory_allergy; infectious_disease; cardio_renal_metabolic,clinical_efficacy_safety; comparative_class_review; pa_step_criteria; final_implementation
group-c,New Hampshire,https://nh.primetherapeutics.com/documents/51139/60698/Notification%2008.24.2015%20PDL%20Transition/5293ced0-9a62-d177-2a95-c95790f472c9,linked from capped seed: Notification 08.24.2015 PDL Transition.pdf,1,https://nh.primetherapeutics.com/,collected,200,application/pdf,raw/new-hampshire/new-hampshire__5293ced0-9a62-d177-2a95-c95790f472c9__86e6e291c8.pdf,text/new-hampshire/new-hampshire__5293ced0-9a62-d177-2a95-c95790f472c9__86e6e291c8.txt,,,2141,,clinical_efficacy_safety; pa_step_criteria; final_implementation
group-c,New Hampshire,https://nh.primetherapeutics.com/documents/51139/60698/Notification%2008.04.2013%20PDL-Clinical%20PA%20Updates-Web%20Portal%20Info-Email/4804f4fe-9271-ef07-98e0-912abb81303f,linked from capped seed: Notification 08.04.2013 PDL-Clinical PA Updates-Web Portal Info-Email.pdf,1,https://nh.primetherapeutics.com/,collected,200,application/pdf,raw/new-hampshire/new-hampshire__4804f4fe-9271-ef07-98e0-912abb81303f__e877d84223.pdf,text/new-hampshire/new-hampshire__4804f4fe-9271-ef07-98e0-912abb81303f__e877d84223.txt,,,5966,immunology_biologics; oud_pain; respiratory_allergy; cardio_renal_metabolic,clinical_efficacy_safety; comparative_class_review; pa_step_criteria; final_implementation
group-c,New Hampshire,https://nh.primetherapeutics.com/documents/51139/60698/Notification%2008.01.2022%20PDL-Clinical%20PA%20Updates-Web%20Portal%20Info-Email/0f4b7c37-8d12-e786-80a0-c1e3bdf68aef,linked from capped seed: Notification 08.01.2022 PDL-Clinical PA Updates-Web Portal Info-Email.pdf,1,https://nh.primetherapeutics.com/,collected,200,application/pdf,raw/new-hampshire/new-hampshire__0f4b7c37-8d12-e786-80a0-c1e3bdf68aef__e998f49ef0.pdf,text/new-hampshire/new-hampshire__0f4b7c37-8d12-e786-80a0-c1e3bdf68aef__e998f49ef0.txt,,,6784,diabetes_glp1_obesity; immunology_biologics; cns_behavioral_migraine; oud_pain; respiratory_allergy; infectious_disease; cardio_renal_metabolic,clinical_efficacy_safety; comparative_class_review; pa_step_criteria; utilization_controls; final_implementation
group-c,New Hampshire,https://nh.primetherapeutics.com/documents/51139/60698/Notification%2008.01.2019%20PDL%20and%20Changes%20to%20Pharmacy%20Carve%20Out/16c2857e-e88d-79f7-c818-5fd8f75cd444,linked from capped seed: Notification 08.01.2019 PDL and Changes to Pharmacy Carve Out.pdf,1,https://nh.primetherapeutics.com/,collected,200,application/pdf,raw/new-hampshire/new-hampshire__16c2857e-e88d-79f7-c818-5fd8f75cd444__920a3c5ff3.pdf,text/new-hampshire/new-hampshire__16c2857e-e88d-79f7-c818-5fd8f75cd444__920a3c5ff3.txt,,,3841,oncology_rare_specialty; infectious_disease,clinical_efficacy_safety; pa_step_criteria; final_implementation
group-c,New Hampshire,https://nh.primetherapeutics.com/documents/51139/60698/Notification%2008.01.2014%20PDL-Clinical%20PA%20Updates-Web%20Portal%20Info-Email/4a0a854e-35ad-75d1-e86c-ee059298cc0c,linked from capped seed: Notification 08.01.2014 PDL-Clinical PA Updates-Web Portal Info-Email.pdf,1,https://nh.primetherapeutics.com/,collected,200,application/pdf,raw/new-hampshire/new-hampshire__4a0a854e-35ad-75d1-e86c-ee059298cc0c__3d4c3f6c2b.pdf,text/new-hampshire/new-hampshire__4a0a854e-35ad-75d1-e86c-ee059298cc0c__3d4c3f6c2b.txt,,,8256,diabetes_glp1_obesity; immunology_biologics; cns_behavioral_migraine; oud_pain; respiratory_allergy; infectious_disease; cardio_renal_metabolic,clinical_efficacy_safety; comparative_class_review; pa_step_criteria; final_implementation
group-c,New Hampshire,https://nh.primetherapeutics.com/documents/51139/60698/Notification%2007.25.2012%20PDL-Clinical%20PA%20Updates-Web%20Portal%20Info-Email/6043e912-f54d-41dc-37a4-29ebc45cd168,linked from capped seed: Notification 07.25.2012 PDL-Clinical PA Updates-Web Portal Info-Email.pdf,1,https://nh.primetherapeutics.com/,collected,200,application/pdf,raw/new-hampshire/new-hampshire__6043e912-f54d-41dc-37a4-29ebc45cd168__83cd8e581b.pdf,text/new-hampshire/new-hampshire__6043e912-f54d-41dc-37a4-29ebc45cd168__83cd8e581b.txt,,,6194,diabetes_glp1_obesity; cns_behavioral_migraine; oud_pain; respiratory_allergy; infectious_disease; cardio_renal_metabolic,clinical_efficacy_safety; comparative_class_review; pa_step_criteria; final_implementation
group-c,New Hampshire,https://nh.primetherapeutics.com/documents/51139/60698/Notification%2007.20.2016%20PDL-Clinical%20PA%20Updates-Web%20Portal%20Info-Email/8712e0dc-adca-5b03-b5da-7c20a4eb4b64,linked from capped seed: Notification 07.20.2016 PDL-Clinical PA Updates-Web Portal Info-Email.pdf,1,https://nh.primetherapeutics.com/,collected,200,application/pdf,raw/new-hampshire/new-hampshire__8712e0dc-adca-5b03-b5da-7c20a4eb4b64__5f87305e1f.pdf,text/new-hampshire/new-hampshire__8712e0dc-adca-5b03-b5da-7c20a4eb4b64__5f87305e1f.txt,,,4366,cns_behavioral_migraine; oud_pain; respiratory_allergy; infectious_disease; cardio_renal_metabolic,clinical_efficacy_safety; comparative_class_review; pa_step_criteria; final_implementation
group-c,New Hampshire,https://nh.primetherapeutics.com/documents/51139/60698/Notification%2006.16.2017%20PDL-Clinical%20PA%20Updates-Web%20Portal%20Info-Email/01845d8f-6a9f-37c7-5bad-d535bbd31521,linked from capped seed: Notification 06.16.2017 PDL-Clinical PA Updates-Web Portal Info-Email.pdf,1,https://nh.primetherapeutics.com/,collected,200,application/pdf,raw/new-hampshire/new-hampshire__01845d8f-6a9f-37c7-5bad-d535bbd31521__c10a005f72.pdf,text/new-hampshire/new-hampshire__01845d8f-6a9f-37c7-5bad-d535bbd31521__c10a005f72.txt,,,8244,diabetes_glp1_obesity; cns_behavioral_migraine; oud_pain; respiratory_allergy; infectious_disease; cardio_renal_metabolic,clinical_efficacy_safety; comparative_class_review; pa_step_criteria; final_implementation
group-c,New Hampshire,https://nh.primetherapeutics.com/documents/51139/60698/Notification%2006.14.2019%20PDL-Clinical%20PA%20Updates-Web%20Portal%20Info-Email/e59b9f9c-a85f-31c3-2c94-0932768e863e,linked from capped seed: Notification 06.14.2019 PDL-Clinical PA Updates-Web Portal Info-Email.pdf,1,https://nh.primetherapeutics.com/,collected,200,application/pdf,raw/new-hampshire/new-hampshire__e59b9f9c-a85f-31c3-2c94-0932768e863e__ab700a3494.pdf,text/new-hampshire/new-hampshire__e59b9f9c-a85f-31c3-2c94-0932768e863e__ab700a3494.txt,,,8132,diabetes_glp1_obesity; immunology_biologics; cns_behavioral_migraine; oud_pain; respiratory_allergy; infectious_disease; cardio_renal_metabolic,clinical_efficacy_safety; comparative_class_review; pa_step_criteria; final_implementation
group-e,West Virginia,https://bms.wv.gov/members/prior-authorizations,linked from capped seed: Prior Authorizations,1,https://bms.wv.gov/pharmaceutical-and-therapeutics-pt-committee-meetings,collected,200,text/html; charset=UTF-8,raw/west-virginia/west-virginia__prior-authorizations__50a68c6d05.html,text/west-virginia/west-virginia__prior-authorizations__50a68c6d05.txt,Prior Authorizations | Bureau for Medical Services,,3431,,pa_step_criteria; utilization_controls; final_implementation
group-e,West Virginia,https://bms.wv.gov/media/40920/download?inline,linked from capped seed: Agenda,1,https://bms.wv.gov/pharmaceutical-and-therapeutics-pt-committee-meetings,collected,200,application/pdf,raw/west-virginia/west-virginia__download-6e9937e7__b9cca26a9d.pdf,text/west-virginia/west-virginia__download-6e9937e7__b9cca26a9d.txt,,,2947,immunology_biologics; oud_pain; cardio_renal_metabolic,comparative_class_review; final_implementation
group-e,West Virginia,https://bms.wv.gov/media/40763/download?inline,linked from capped seed: Agenda,1,https://bms.wv.gov/pharmaceutical-and-therapeutics-pt-committee-meetings,collected,200,application/pdf,raw/west-virginia/west-virginia__download-6e9937e7__dbbaf0a253.pdf,text/west-virginia/west-virginia__download-6e9937e7__dbbaf0a253.txt,,,6198,diabetes_glp1_obesity; immunology_biologics; cns_behavioral_migraine; oud_pain; respiratory_allergy; infectious_disease; cardio_renal_metabolic,comparative_class_review; pa_step_criteria; public_manufacturer_input; final_implementation
group-e,West Virginia,https://bms.wv.gov/media/39963/download?inline,linked from capped seed: Agenda,1,https://bms.wv.gov/pharmaceutical-and-therapeutics-pt-committee-meetings,collected,200,application/pdf,raw/west-virginia/west-virginia__download-6e9937e7__228a7f7215.pdf,text/west-virginia/west-virginia__download-6e9937e7__228a7f7215.txt,,,2436,diabetes_glp1_obesity,final_implementation
group-e,West Virginia,https://bms.wv.gov/media/39961/download?inline,linked from capped seed: Agenda,1,https://bms.wv.gov/pharmaceutical-and-therapeutics-pt-committee-meetings,collected,200,application/pdf,raw/west-virginia/west-virginia__download-6e9937e7__647f930e26.pdf,text/west-virginia/west-virginia__download-6e9937e7__647f930e26.txt,,,2568,diabetes_glp1_obesity; immunology_biologics,final_implementation
group-e,West Virginia,https://bms.wv.gov/media/39959/download?inline,linked from capped seed: Agenda,1,https://bms.wv.gov/pharmaceutical-and-therapeutics-pt-committee-meetings,collected,200,application/pdf,raw/west-virginia/west-virginia__download-6e9937e7__95224a3993.pdf,text/west-virginia/west-virginia__download-6e9937e7__95224a3993.txt,,,1523,,final_implementation
group-e,West Virginia,https://bms.wv.gov/media/39957/download?inline,linked from capped seed: Agenda,1,https://bms.wv.gov/pharmaceutical-and-therapeutics-pt-committee-meetings,collected,200,application/pdf,raw/west-virginia/west-virginia__download-6e9937e7__9059eca29f.pdf,text/west-virginia/west-virginia__download-6e9937e7__9059eca29f.txt,,,2683,diabetes_glp1_obesity; immunology_biologics,comparative_class_review; final_implementation
group-e,West Virginia,https://bms.wv.gov/resources/west-virginia-medicaid-beneficiary-advisory-council-bac,linked from capped seed: Beneficiary Advisory Council,1,https://bms.wv.gov/pharmaceutical-and-therapeutics-pt-committee-meetings,collected,200,text/html; charset=UTF-8,raw/west-virginia/west-virginia__west-virginia-medicaid-beneficiary-advisory-council-bac__cddfa06c80.html,text/west-virginia/west-virginia__west-virginia-medicaid-beneficiary-advisory-council-bac__cddfa06c80.txt,West Virginia Medicaid Beneficiary Advisory Council (BAC) | Bureau for Medical Services,,2076,,final_implementation
group-e,West Virginia,https://bms.wv.gov/resources/medical-services-fund-advisory-council,linked from capped seed: Medical Services Fund Advisory Council,1,https://bms.wv.gov/pharmaceutical-and-therapeutics-pt-committee-meetings,collected,200,text/html; charset=UTF-8,raw/west-virginia/west-virginia__medical-services-fund-advisory-council__3e5e7d9ab8.html,text/west-virginia/west-virginia__medical-services-fund-advisory-council__3e5e7d9ab8.txt,Medical Services Fund Advisory Council | Bureau for Medical Services,,3328,,final_implementation
group-e,West Virginia,https://bms.wv.gov/resources/division-policy-coordination-and-operations,linked from capped seed: Division of Policy and Coordination and Operation,1,https://bms.wv.gov/pharmaceutical-and-therapeutics-pt-committee-meetings,collected,200,text/html; charset=UTF-8,raw/west-virginia/west-virginia__division-policy-coordination-and-operations__89cdb5ca48.html,text/west-virginia/west-virginia__division-policy-coordination-and-operations__89cdb5ca48.txt,Division of Policy Coordination and Operations | Bureau for Medical Services,,8330,,clinical_efficacy_safety; pa_step_criteria; utilization_controls; cost_rebate; final_implementation
group-e,West Virginia,https://bms.wv.gov/public-notices,linked from capped seed: Public Notices,1,https://bms.wv.gov/pharmaceutical-and-therapeutics-pt-committee-meetings,collected,200,text/html; charset=UTF-8,raw/west-virginia/west-virginia__public-notices__c99187287d.html,text/west-virginia/west-virginia__public-notices__c99187287d.txt,Public Notices | Bureau for Medical Services,,2246,oud_pain,public_manufacturer_input; final_implementation
group-e,West Virginia,https://bms.wv.gov/providers/west-virginia-medicaid-physicians-fee-schedules,linked from capped seed: Fee Schedule,1,https://bms.wv.gov/pharmaceutical-and-therapeutics-pt-committee-meetings,collected,200,text/html; charset=UTF-8,raw/west-virginia/west-virginia__west-virginia-medicaid-physicians-fee-schedules__a727e6d1b0.html,text/west-virginia/west-virginia__west-virginia-medicaid-physicians-fee-schedules__a727e6d1b0.txt,West Virginia Medicaid Physician's Fee Schedules | Bureau for Medical Services,,2667,,clinical_efficacy_safety; final_implementation
group-e,West Virginia,https://bms.wv.gov/providers/policy-manuals,linked from capped seed: Policy Manuals,1,https://bms.wv.gov/pharmaceutical-and-therapeutics-pt-committee-meetings,collected,200,text/html; charset=UTF-8,raw/west-virginia/west-virginia__policy-manuals__4e2d2d760b.html,text/west-virginia/west-virginia__policy-manuals__4e2d2d760b.txt,Policy Manuals | Bureau for Medical Services,,6687,oud_pain; infectious_disease,clinical_efficacy_safety; final_implementation
group-e,West Virginia,https://bms.wv.gov/providers/pharmacy,linked from capped seed: Pharmacy,1,https://bms.wv.gov/pharmaceutical-and-therapeutics-pt-committee-meetings,collected,200,text/html; charset=UTF-8,raw/west-virginia/west-virginia__pharmacy__d107ec4612.html,text/west-virginia/west-virginia__pharmacy__d107ec4612.txt,Pharmacy | Bureau for Medical Services,,3605,oud_pain,clinical_efficacy_safety; pa_step_criteria; utilization_controls; final_implementation
group-e,West Virginia,https://bms.wv.gov/providers/healthcare-common-procedure-coding-system-hcpcsdrug-codes,linked from capped seed: HCPCS/Drug Codes,1,https://bms.wv.gov/pharmaceutical-and-therapeutics-pt-committee-meetings,collected,200,text/html; charset=UTF-8,raw/west-virginia/west-virginia__healthcare-common-procedure-coding-system-hcpcsdrug-codes__105d03b6a9.html,text/west-virginia/west-virginia__healthcare-common-procedure-coding-system-hcpcsdrug-codes__105d03b6a9.txt,Healthcare Common Procedure Coding System (HCPCS)/Drug Codes | Bureau for Medical Services,,2236,,cost_rebate; final_implementation
group-e,West Virginia,https://bms.wv.gov/media/40938/download?inline,linked from capped seed: Meeting Notes,1,https://bms.wv.gov/pharmaceutical-and-therapeutics-pt-committee-meetings,collected,200,application/pdf,raw/west-virginia/west-virginia__download-6e9937e7__a1bf628f47.pdf,text/west-virginia/west-virginia__download-6e9937e7__a1bf628f47.txt,,,13886,diabetes_glp1_obesity; immunology_biologics; cns_behavioral_migraine; oud_pain; respiratory_allergy; infectious_disease; cardio_renal_metabolic,clinical_efficacy_safety; comparative_class_review; pa_step_criteria; utilization_controls; cost_rebate; final_implementation
group-e,West Virginia,https://bms.wv.gov/media/40751/download?inline,linked from capped seed: Changes Only,1,https://bms.wv.gov/pharmaceutical-and-therapeutics-pt-committee-meetings,collected,200,application/pdf,raw/west-virginia/west-virginia__download-6e9937e7__aea963afc7.pdf,text/west-virginia/west-virginia__download-6e9937e7__aea963afc7.txt,,,142927,diabetes_glp1_obesity; immunology_biologics; oncology_rare_specialty; cns_behavioral_migraine; oud_pain; respiratory_allergy; infectious_disease; cardio_renal_metabolic,clinical_efficacy_safety; comparative_class_review; pa_step_criteria; utilization_controls; cost_rebate; public_manufacturer_input; final_implementation
group-e,West Virginia,https://bms.wv.gov/media/39986/download?inline,linked from capped seed: Changes Only,1,https://bms.wv.gov/pharmaceutical-and-therapeutics-pt-committee-meetings,collected,200,application/pdf,raw/west-virginia/west-virginia__download-6e9937e7__90b898e7ea.pdf,text/west-virginia/west-virginia__download-6e9937e7__90b898e7ea.txt,,,1411,diabetes_glp1_obesity,clinical_efficacy_safety; comparative_class_review; final_implementation
group-e,Wisconsin,https://www.forwardhealth.wi.gov/WIPortal/content/provider/medicaid/pharmacy/data_tables/pdfs/2026_MFR_Rebates_060126.pdf.spage,"linked from capped seed: Numeric Listing of Manufacturers That Have Signed 
Rebate Agreements",1,https://www.forwardhealth.wi.gov/WIPortal/content/provider/medicaid/pharmacy/resources.htm.spage,collected,200,application/pdf,raw/wisconsin/wisconsin__2026_mfr_rebates_060126.pdf.spage__a250fb1fc9.pdf,text/wisconsin/wisconsin__2026_mfr_rebates_060126.pdf.spage__a250fb1fc9.txt,,,36199,oncology_rare_specialty; respiratory_allergy,cost_rebate
group-e,Wisconsin,https://www.forwardhealth.wi.gov/WIPortal/content/provider/medicaid/pharmacy/data_tables/pdfs/2026_MFR_Rebates_050126.pdf.spage,linked from capped seed: Numeric Listing of Manufacturers That Have Signed Rebate Agreements,1,https://www.forwardhealth.wi.gov/WIPortal/content/provider/medicaid/pharmacy/resources.htm.spage,collected,200,application/pdf,raw/wisconsin/wisconsin__2026_mfr_rebates_050126.pdf.spage__f65f325025.pdf,text/wisconsin/wisconsin__2026_mfr_rebates_050126.pdf.spage__f65f325025.txt,,,35887,oncology_rare_specialty; respiratory_allergy,cost_rebate
group-e,Wisconsin,https://www.forwardhealth.wi.gov/WIPortal/content/provider/medicaid/pharmacy/pdl/pdfs/quickref06012026.pdf.spage,linked from capped seed: Preferred Drug List Quick Reference,1,https://www.forwardhealth.wi.gov/WIPortal/content/provider/medicaid/pharmacy/resources.htm.spage,collected,200,application/pdf,raw/wisconsin/wisconsin__quickref06012026.pdf.spage__a10ec5a78e.pdf,text/wisconsin/wisconsin__quickref06012026.pdf.spage__a10ec5a78e.txt,,,63921,diabetes_glp1_obesity; immunology_biologics; oncology_rare_specialty; cns_behavioral_migraine; oud_pain; respiratory_allergy; infectious_disease; cardio_renal_metabolic,clinical_efficacy_safety; comparative_class_review; pa_step_criteria; cost_rebate; public_manufacturer_input; final_implementation
group-e,Wisconsin,https://www.forwardhealth.wi.gov/WIPortal/content/provider/medicaid/pharmacy/pdl/pdfs/quickref05012026.pdf.spage,linked from capped seed: Preferred Drug List Quick Reference,1,https://www.forwardhealth.wi.gov/WIPortal/content/provider/medicaid/pharmacy/resources.htm.spage,collected,200,application/pdf,raw/wisconsin/wisconsin__quickref05012026.pdf.spage__231d605099.pdf,text/wisconsin/wisconsin__quickref05012026.pdf.spage__231d605099.txt,,,63868,diabetes_glp1_obesity; immunology_biologics; oncology_rare_specialty; cns_behavioral_migraine; oud_pain; respiratory_allergy; infectious_disease; cardio_renal_metabolic,clinical_efficacy_safety; comparative_class_review; pa_step_criteria; cost_rebate; public_manufacturer_input; final_implementation
group-e,Wisconsin,https://www.forwardhealth.wi.gov/WIPortal/content/provider/medicaid/pharmacy/pdl/pdfs/dsquickref051525.pdf.spage,linked from capped seed: Diabetic Supply List Quick Reference,1,https://www.forwardhealth.wi.gov/WIPortal/content/provider/medicaid/pharmacy/resources.htm.spage,collected,200,application/pdf,raw/wisconsin/wisconsin__dsquickref051525.pdf.spage__0e099db113.pdf,text/wisconsin/wisconsin__dsquickref051525.pdf.spage__0e099db113.txt,,,1593,diabetes_glp1_obesity,clinical_efficacy_safety; pa_step_criteria; public_manufacturer_input
group-e,Wisconsin,https://www.forwardhealth.wi.gov/WIPortal/content/provider/medicaid/pharmacy/pdl/archived_pdllists.htm.spage,linked from capped seed: PDL and Diabetic Supply Quick Reference,1,https://www.forwardhealth.wi.gov/WIPortal/content/provider/medicaid/pharmacy/resources.htm.spage,collected,200,text/html; charset=utf-8,raw/wisconsin/wisconsin__archived_pdllists.htm.spage__13e6ebb127.html,text/wisconsin/wisconsin__archived_pdllists.htm.spage__13e6ebb127.txt,Wisconsin Medicaid PDL Implementation Schedule,,17054,,clinical_efficacy_safety; final_implementation
group-e,Wisconsin,https://www.forwardhealth.wi.gov/WIPortal/content/provider/medicaid/pharmacy/data_tables/pdfs/SHCOaAAD050126.pdf.spage,"linked from capped seed: Select High Cost, Orphan, and Accelerated Approval Drugs",1,https://www.forwardhealth.wi.gov/WIPortal/content/provider/medicaid/pharmacy/resources.htm.spage,collected,200,application/pdf,raw/wisconsin/wisconsin__shcoaaad050126.pdf.spage__edd3b257e7.pdf,text/wisconsin/wisconsin__shcoaaad050126.pdf.spage__edd3b257e7.txt,,,18136,oncology_rare_specialty,clinical_efficacy_safety; pa_step_criteria; cost_rebate
group-e,Wisconsin,https://www.forwardhealth.wi.gov/WIPortal/content/provider/pac/mhda/index.htm.spage,linked from capped seed: Mental Health Drug Advisors Group,1,https://www.forwardhealth.wi.gov/WIPortal/content/provider/medicaid/pharmacy/resources.htm.spage,collected,200,text/html; charset=utf-8,raw/wisconsin/wisconsin__index.htm.spage__466b34dfd5.html,text/wisconsin/wisconsin__index.htm.spage__466b34dfd5.txt,Wisconsin Medicaid Mental Health Drug Advisors Group,,2704,,pa_step_criteria; public_manufacturer_input; final_implementation
group-e,Wisconsin,https://www.forwardhealth.wi.gov/WIPortal/content/provider/medicaid/pharmacy/eobs/Paid05102026.pdf.spage,linked from capped seed: EOBs on Paid Claims for April 2026,1,https://www.forwardhealth.wi.gov/WIPortal/content/provider/medicaid/pharmacy/resources.htm.spage,collected,200,application/pdf,raw/wisconsin/wisconsin__paid05102026.pdf.spage__60347a3ffb.pdf,text/wisconsin/wisconsin__paid05102026.pdf.spage__60347a3ffb.txt,,,1006,,utilization_controls; cost_rebate
group-e,Wisconsin,https://www.forwardhealth.wi.gov/WIPortal/content/provider/medicaid/pharmacy/eobs/Denied05102026.pdf.spage,linked from capped seed: EOBs on Denied Claims for April 2026,1,https://www.forwardhealth.wi.gov/WIPortal/content/provider/medicaid/pharmacy/resources.htm.spage,collected,200,application/pdf,raw/wisconsin/wisconsin__denied05102026.pdf.spage__630e384f01.pdf,text/wisconsin/wisconsin__denied05102026.pdf.spage__630e384f01.txt,,,1519,,comparative_class_review; pa_step_criteria; utilization_controls; cost_rebate
group-e,Wisconsin,https://www.forwardhealth.wi.gov/WIPortal/content/provider/medicaid/pharmacy/dur/meetings.htm.spage,linked from capped seed: Drug Utilization Review Board,1,https://www.forwardhealth.wi.gov/WIPortal/content/provider/medicaid/pharmacy/resources.htm.spage,collected,200,text/html; charset=utf-8,raw/wisconsin/wisconsin__meetings.htm.spage__f79cdaf667.html,text/wisconsin/wisconsin__meetings.htm.spage__f79cdaf667.txt,"Wisconsin Drug Utilization Review Board, Meeting Schedule",,1870,,clinical_efficacy_safety; utilization_controls; final_implementation
group-e,Wisconsin,https://www.forwardhealth.wi.gov/WIPortal/content/provider/medicaid/pharmacy/data_tables/pdfs/prospective120122.pdf.spage,linked from capped seed: Prospective Drug Utilization Review Alerts,1,https://www.forwardhealth.wi.gov/WIPortal/content/provider/medicaid/pharmacy/resources.htm.spage,collected,200,application/pdf,raw/wisconsin/wisconsin__prospective120122.pdf.spage__e18c8504fe.pdf,text/wisconsin/wisconsin__prospective120122.pdf.spage__e18c8504fe.txt,,,4192,,clinical_efficacy_safety; utilization_controls
group-e,Wisconsin,https://www.forwardhealth.wi.gov/WIPortal/content/provider/medicaid/pharmacy/data_tables/pdfs/dx060126.pdf.spage,linked from capped seed: Diagnosis Restricted Drugs,1,https://www.forwardhealth.wi.gov/WIPortal/content/provider/medicaid/pharmacy/resources.htm.spage,collected,200,application/pdf,raw/wisconsin/wisconsin__dx060126.pdf.spage__8fc59a1428.pdf,text/wisconsin/wisconsin__dx060126.pdf.spage__8fc59a1428.txt,,,33646,diabetes_glp1_obesity; cns_behavioral_migraine; oud_pain; infectious_disease; cardio_renal_metabolic,clinical_efficacy_safety; pa_step_criteria
group-e,Wisconsin,https://www.forwardhealth.wi.gov/WIPortal/content/provider/medicaid/pharmacy/data_tables/pdfs/dx050126.pdf.spage,linked from capped seed: Diagnosis Restricted Drugs,1,https://www.forwardhealth.wi.gov/WIPortal/content/provider/medicaid/pharmacy/resources.htm.spage,collected,200,application/pdf,raw/wisconsin/wisconsin__dx050126.pdf.spage__49c8f578a5.pdf,text/wisconsin/wisconsin__dx050126.pdf.spage__49c8f578a5.txt,,,32866,diabetes_glp1_obesity; cns_behavioral_migraine; oud_pain; infectious_disease; cardio_renal_metabolic,clinical_efficacy_safety; pa_step_criteria
group-e,Wisconsin,https://www.forwardhealth.wi.gov/WIPortal/content/provider/medicaid/pharmacy/data_tables/pdfs/State_and_Specialty_PDRR_060126.pdf.spage,"linked from capped seed: State and Specialty Pharmacy Drug 
Reimbursement Rates",1,https://www.forwardhealth.wi.gov/WIPortal/content/provider/medicaid/pharmacy/resources.htm.spage,collected,200,application/pdf,raw/wisconsin/wisconsin__state_and_specialty_pdrr_060126.pdf.spage__1957de7b87.pdf,text/wisconsin/wisconsin__state_and_specialty_pdrr_060126.pdf.spage__1957de7b87.txt,,,32275,immunology_biologics; oncology_rare_specialty; respiratory_allergy; infectious_disease; cardio_renal_metabolic,clinical_efficacy_safety; cost_rebate
group-e,Wisconsin,https://www.forwardhealth.wi.gov/WIPortal/content/provider/medicaid/pharmacy/data_tables/pdfs/State_and_Specialty_PDRR_050126.pdf.spage,"linked from capped seed: State and Specialty Pharmacy Drug 
Reimbursement Rates",1,https://www.forwardhealth.wi.gov/WIPortal/content/provider/medicaid/pharmacy/resources.htm.spage,collected,200,application/pdf,raw/wisconsin/wisconsin__state_and_specialty_pdrr_050126.pdf.spage__326828200a.pdf,text/wisconsin/wisconsin__state_and_specialty_pdrr_050126.pdf.spage__326828200a.txt,,,32151,immunology_biologics; oncology_rare_specialty; respiratory_allergy; infectious_disease; cardio_renal_metabolic,clinical_efficacy_safety; cost_rebate
group-e,Wisconsin,https://www.forwardhealth.wi.gov/WIPortal/content/provider/medicaid/pharmacy/data_tables/pdfs/OTC_HCOS040125.pdf.spage,"linked from capped seed: Covered by HealthCheck ""Other Services""",1,https://www.forwardhealth.wi.gov/WIPortal/content/provider/medicaid/pharmacy/resources.htm.spage,collected,200,application/pdf,raw/wisconsin/wisconsin__otc_hcos040125.pdf.spage__66efb14b2e.pdf,text/wisconsin/wisconsin__otc_hcos040125.pdf.spage__66efb14b2e.txt,,,2411,,clinical_efficacy_safety; pa_step_criteria
group-e,Wisconsin,https://www.forwardhealth.wi.gov/WIPortal/content/provider/pac/pdf/11112015Agenda.pdf.spage,linked from capped seed: Open Meeting Notice,1,https://www.forwardhealth.wi.gov/WIPortal/content/provider/pac/index.htm.spage,collected,200,application/pdf,raw/wisconsin/wisconsin__11112015agenda.pdf.spage__8a99443657.pdf,text/wisconsin/wisconsin__11112015agenda.pdf.spage__8a99443657.txt,,,2981,immunology_biologics; cns_behavioral_migraine; oud_pain; respiratory_allergy; infectious_disease,pa_step_criteria; cost_rebate; public_manufacturer_input; final_implementation
group-e,Wisconsin,https://www.forwardhealth.wi.gov/WIPortal/content/provider/pac/pdf/11082017Agenda.pdf.spage,linked from capped seed: Open Meeting Notice,1,https://www.forwardhealth.wi.gov/WIPortal/content/provider/pac/index.htm.spage,collected,200,application/pdf,raw/wisconsin/wisconsin__11082017agenda.pdf.spage__c902d8e105.pdf,text/wisconsin/wisconsin__11082017agenda.pdf.spage__c902d8e105.txt,,,2987,immunology_biologics; cns_behavioral_migraine; oud_pain; respiratory_allergy; infectious_disease,pa_step_criteria; cost_rebate; public_manufacturer_input; final_implementation
group-e,Wisconsin,https://www.forwardhealth.wi.gov/WIPortal/content/provider/pac/pdf/11072018Agenda.pdf.spage,linked from capped seed: Open Meeting Notice,1,https://www.forwardhealth.wi.gov/WIPortal/content/provider/pac/index.htm.spage,collected,200,application/pdf,raw/wisconsin/wisconsin__11072018agenda.pdf.spage__76089f81f7.pdf,text/wisconsin/wisconsin__11072018agenda.pdf.spage__76089f81f7.txt,,,1856,,comparative_class_review; pa_step_criteria; cost_rebate; public_manufacturer_input; final_implementation
group-e,Wisconsin,https://www.forwardhealth.wi.gov/WIPortal/content/provider/pac/pdf/110712Agenda.pdf.spage,linked from capped seed: Open Meeting Notice,1,https://www.forwardhealth.wi.gov/WIPortal/content/provider/pac/index.htm.spage,collected,200,application/pdf,raw/wisconsin/wisconsin__110712agenda.pdf.spage__fd8af20912.pdf,text/wisconsin/wisconsin__110712agenda.pdf.spage__fd8af20912.txt,,,2731,immunology_biologics; cns_behavioral_migraine; oud_pain; respiratory_allergy,pa_step_criteria; cost_rebate; public_manufacturer_input; final_implementation
group-e,Wisconsin,https://www.forwardhealth.wi.gov/WIPortal/content/provider/pac/pdf/11062024Agenda.pdf.spage,linked from capped seed: Open Meeting Notice,1,https://www.forwardhealth.wi.gov/WIPortal/content/provider/pac/index.htm.spage,collected,200,application/pdf,raw/wisconsin/wisconsin__11062024agenda.pdf.spage__3b84aa2915.pdf,text/wisconsin/wisconsin__11062024agenda.pdf.spage__3b84aa2915.txt,,,2052,,pa_step_criteria; cost_rebate; public_manufacturer_input; final_implementation
group-e,Wisconsin,https://www.forwardhealth.wi.gov/WIPortal/content/provider/pac/pdf/11062019Agenda.pdf.spage,linked from capped seed: Open Meeting Notice,1,https://www.forwardhealth.wi.gov/WIPortal/content/provider/pac/index.htm.spage,collected,200,application/pdf,raw/wisconsin/wisconsin__11062019agenda.pdf.spage__fab305ac0f.pdf,text/wisconsin/wisconsin__11062019agenda.pdf.spage__fab305ac0f.txt,,,1950,,pa_step_criteria; cost_rebate; public_manufacturer_input; final_implementation
group-e,Wisconsin,https://www.forwardhealth.wi.gov/WIPortal/content/provider/pac/pdf/11062013Agenda.pdf.spage,linked from capped seed: Open Meeting Notice,1,https://www.forwardhealth.wi.gov/WIPortal/content/provider/pac/index.htm.spage,collected,200,application/pdf,raw/wisconsin/wisconsin__11062013agenda.pdf.spage__366af086ba.pdf,text/wisconsin/wisconsin__11062013agenda.pdf.spage__366af086ba.txt,,,2850,immunology_biologics; cns_behavioral_migraine; oud_pain; respiratory_allergy,pa_step_criteria; cost_rebate; public_manufacturer_input; final_implementation
group-e,Wisconsin,https://www.forwardhealth.wi.gov/WIPortal/content/provider/pac/pdf/11052025Agenda.pdf.spage,linked from capped seed: Open Meeting Notice,1,https://www.forwardhealth.wi.gov/WIPortal/content/provider/pac/index.htm.spage,collected,200,application/pdf,raw/wisconsin/wisconsin__11052025agenda.pdf.spage__a1f8af205e.pdf,text/wisconsin/wisconsin__11052025agenda.pdf.spage__a1f8af205e.txt,,,2109,,pa_step_criteria; cost_rebate; public_manufacturer_input; final_implementation
group-e,Wisconsin,https://www.forwardhealth.wi.gov/WIPortal/content/provider/pac/pdf/11052014Agenda.pdf.spage,linked from capped seed: Open Meeting Notice,1,https://www.forwardhealth.wi.gov/WIPortal/content/provider/pac/index.htm.spage,collected,200,application/pdf,raw/wisconsin/wisconsin__11052014agenda.pdf.spage__211308705a.pdf,text/wisconsin/wisconsin__11052014agenda.pdf.spage__211308705a.txt,,,2894,immunology_biologics; cns_behavioral_migraine; oud_pain; respiratory_allergy,comparative_class_review; pa_step_criteria; cost_rebate; public_manufacturer_input; final_implementation
group-e,Wisconsin,https://www.forwardhealth.wi.gov/WIPortal/content/provider/pac/pdf/11042020Agenda.pdf.spage,linked from capped seed: Open Meeting Notice,1,https://www.forwardhealth.wi.gov/WIPortal/content/provider/pac/index.htm.spage,collected,200,application/pdf,raw/wisconsin/wisconsin__11042020agenda.pdf.spage__fd0f9d9a94.pdf,text/wisconsin/wisconsin__11042020agenda.pdf.spage__fd0f9d9a94.txt,,,2093,,pa_step_criteria; cost_rebate; public_manufacturer_input; final_implementation
group-e,Wisconsin,https://www.forwardhealth.wi.gov/WIPortal/content/provider/pac/pdf/11032021Agenda.pdf.spage,linked from capped seed: Open Meeting Notice,1,https://www.forwardhealth.wi.gov/WIPortal/content/provider/pac/index.htm.spage,collected,200,application/pdf,raw/wisconsin/wisconsin__11032021agenda.pdf.spage__3435a379a5.pdf,text/wisconsin/wisconsin__11032021agenda.pdf.spage__3435a379a5.txt,,,2136,,pa_step_criteria; cost_rebate; public_manufacturer_input; final_implementation
group-e,Wisconsin,https://www.forwardhealth.wi.gov/WIPortal/content/provider/pac/pdf/11022022Agenda.pdf.spage,linked from capped seed: Open Meeting Notice,1,https://www.forwardhealth.wi.gov/WIPortal/content/provider/pac/index.htm.spage,collected,200,application/pdf,raw/wisconsin/wisconsin__11022022agenda.pdf.spage__8551dfa746.pdf,text/wisconsin/wisconsin__11022022agenda.pdf.spage__8551dfa746.txt,,,2042,,pa_step_criteria; cost_rebate; public_manufacturer_input; final_implementation
group-e,Wisconsin,https://www.forwardhealth.wi.gov/WIPortal/content/provider/pac/pdf/11022016Agenda.pdf.spage,linked from capped seed: Open Meeting Notice,1,https://www.forwardhealth.wi.gov/WIPortal/content/provider/pac/index.htm.spage,collected,200,application/pdf,raw/wisconsin/wisconsin__11022016agenda.pdf.spage__1763b9359a.pdf,text/wisconsin/wisconsin__11022016agenda.pdf.spage__1763b9359a.txt,,,1695,,pa_step_criteria; cost_rebate; public_manufacturer_input; final_implementation
group-e,Wisconsin,https://www.forwardhealth.wi.gov/WIPortal/content/provider/pac/pdf/11012023Agenda.pdf.spage,linked from capped seed: Open Meeting Notice,1,https://www.forwardhealth.wi.gov/WIPortal/content/provider/pac/index.htm.spage,collected,200,application/pdf,raw/wisconsin/wisconsin__11012023agenda.pdf.spage__216a52dfc9.pdf,text/wisconsin/wisconsin__11012023agenda.pdf.spage__216a52dfc9.txt,,,2141,,pa_step_criteria; cost_rebate; public_manufacturer_input; final_implementation
group-e,Wisconsin,https://www.forwardhealth.wi.gov/WIPortal/content/provider/pac/pdf/051513Agenda.pdf.spage,linked from capped seed: Open Meeting Notice,1,https://www.forwardhealth.wi.gov/WIPortal/content/provider/pac/index.htm.spage,collected,200,application/pdf,raw/wisconsin/wisconsin__051513agenda.pdf.spage__ed2a3b0543.pdf,text/wisconsin/wisconsin__051513agenda.pdf.spage__ed2a3b0543.txt,,,3130,diabetes_glp1_obesity; immunology_biologics; oud_pain; infectious_disease; cardio_renal_metabolic,pa_step_criteria; cost_rebate; public_manufacturer_input; final_implementation
group-e,Wisconsin,https://www.forwardhealth.wi.gov/WIPortal/content/provider/pac/pdf/05142014Agenda.pdf.spage,linked from capped seed: Open Meeting Notice,1,https://www.forwardhealth.wi.gov/WIPortal/content/provider/pac/index.htm.spage,collected,200,application/pdf,raw/wisconsin/wisconsin__05142014agenda.pdf.spage__ee5ebbbe65.pdf,text/wisconsin/wisconsin__05142014agenda.pdf.spage__ee5ebbbe65.txt,,,3091,diabetes_glp1_obesity; immunology_biologics; oud_pain; infectious_disease; cardio_renal_metabolic,pa_step_criteria; cost_rebate; public_manufacturer_input; final_implementation
group-e,Wisconsin,https://www.forwardhealth.wi.gov/WIPortal/content/provider/pac/pdf/05132015Agenda.pdf.spage,linked from capped seed: Open Meeting Notice,1,https://www.forwardhealth.wi.gov/WIPortal/content/provider/pac/index.htm.spage,collected,200,application/pdf,raw/wisconsin/wisconsin__05132015agenda.pdf.spage__3afff2a036.pdf,text/wisconsin/wisconsin__05132015agenda.pdf.spage__3afff2a036.txt,,,3099,diabetes_glp1_obesity; immunology_biologics; oud_pain; infectious_disease; cardio_renal_metabolic,comparative_class_review; pa_step_criteria; cost_rebate; public_manufacturer_input; final_implementation
group-e,Wisconsin,https://www.forwardhealth.wi.gov/WIPortal/content/provider/pac/pdf/05112016Agenda.pdf.spage,linked from capped seed: Open Meeting Notice,1,https://www.forwardhealth.wi.gov/WIPortal/content/provider/pac/index.htm.spage,collected,200,application/pdf,raw/wisconsin/wisconsin__05112016agenda.pdf.spage__81c3642696.pdf,text/wisconsin/wisconsin__05112016agenda.pdf.spage__81c3642696.txt,,,3058,diabetes_glp1_obesity; immunology_biologics; oud_pain; infectious_disease; cardio_renal_metabolic,comparative_class_review; pa_step_criteria; cost_rebate; public_manufacturer_input; final_implementation
