420936901352608501237630460323540027032
352608501376304603235400270324209369012
376304603354002703242093690123526085012
354002703420936901235260850123763046032
420937501376305202235260910223540033022
376305202352609102235400330224209375012
352609102354003302242093750123763052022
354003302420937501237630520223526091022
552016401446951502244821830221127151022
446951502448218302211271510225520164012
448218302112715102255201640124469515022
112715102552016401244695150224482183022
552017001446952102244822370221127168022
446952102448223702211271680225520170012
448223702112716802255201700124469521022
112716802552017001244695210224482237022
552018701446956702244822890221304133022
446956702448228902213041330225520187012
448228902130413302255201870124469567022
130413302552018701244695670224482289022
552019301446959602244823550221304156022
446959602448235502213041560225520193012
448235502130415602255201930124469596022
130415602552019301244695960224482355022
552020101446961002244824150221304162022
446961002448241502213041620225520201012
448241502130416202255202010124469610022
130416202552020101244696100224482415022
5503183013763023022
3763023025503183012
605738901552374802155327990314162030041
552374802553279903141620300416057389011
553279903416203004160573890115523748021
416203004605738901155237480215532799031
55196520155197350113547762031
55197350135477620315519652011
35477620355196520115519735011
1300307013770661011
3770661011300307011
1300299013770678011
3770678011300299011
3521656011255191021
1255191023521656011
0178904011268466021
1268466020178904011
13076630113106880210518228031
13106880205182280311307663011
05182280313076630111310688021
4954601010038824021
0038824024954601011
55014740155313400115501267011
55313400155012670115501474011
55012670155014740115531340011
605740301552372502155328070314161036041
552372502553280703141610360416057403011
553280703416103604160574030115523725021
416103604605740301155237250215532807031
551966901551972901135477270311278594041
551972901354772703112785940415519669011
354772703127859404155196690115519729011
127859404551966901155197290113547727031
13076860113106940210787218031
13106940207872180311307686011
07872180313076860111310694021
553067101446953802244822200221285016042
446953802448222002212850160425530671012
448222002128501604255306710124469538022
128501604553067101244695380224482220022
42142640155197580213546691031
55197580235466910314214264011
35466910342142640115519758021
1343558010851270021
0851270021343558011
421424101551976402112721660311272114041
551976402127216603112721140414214241011
127216603127211404142142410115519764021
127211404421424101155197640211272166031
5519801011348981021
1348981025519801011
5519830011272290021
1272290025519830011
49534060144622520224210220022
44622520242102200224953406012
42102200249534060124462252022
552399001605409502255370060226055858042554055704260508030624456369072
605409502553700602260558580425540557042605080306244563690725523990012
553700602605585804255405570426050803062445636907255239900126054095022
605585804554055704260508030624456369072552399001260540950225537006022
554055704605080306244563690725523990012605409502255370060226055858042
605080306445636907255239900126054095022553700602260558580425540557042
445636907552399001260540950225537006022605585804255405570426050803062
55370640155116910213775983031
55116910237759830315537064011
37759830355370640115511691021
55370700155117160213776008031
55117160237760080315537070011
37760080355370700115511716021
4993110014993127011
4993127014993110011
5530576015530553011
5530553015530576011
553210901446306202242166710323931153042420726405239198730624209412072
446306202421667103239311530424207264052391987306242094120725532109012
421667103393115304242072640523919873062420941207255321090124463062022
393115304420726405239198730624209412072553210901244630620224216671032
420726405391987306242094120725532109012446306202242166710323931153042
391987306420941207255321090124463062022421667103239311530424207264052
420941207553210901244630620224216671032393115304242072640523919873062
4200836013759688022
3759688024200836012
4200859013759694022
3759694024200859012
3785361011302619022
1302619023785361012
3785384011302625022
1302625023785384012
3922220013759702022
3759702023922220012
4965243012452574022
2452574024965243012
4965266012452580022
2452580024965266012
4965272012452597022
2452597024965272012
5532115014966082022446307903242166880423931176052420727006237882180724209429082
4966082024463079032421668804239311760524207270062378821807242094290825532115012
4463079034216688042393117605242072700623788218072420942908255321150124966082022
4216688043931176052420727006237882180724209429082553211501249660820224463079032
3931176054207270062378821807242094290825532115012496608202244630790324216688042
4207270063788218072420942908255321150124966082022446307903242166880423931176052
3788218074209429082553211501249660820224463079032421668804239311760524207270062
4209429085532115012496608202244630790324216688042393117605242072700623788218072
4227290013514685021
3514685024227290011
5529509014955977011
4955977015529509011
5529515014955983011
4955983015529515011
39231360137599550223519027032446597703216468330521320178052
37599550235190270324465977032164683305213201780523923136012
35190270344659770321646833052132017805239231360123759955022
44659770316468330521320178052392313601237599550223519027032
16468330513201780523923136012375995502235190270324465977032
13201780539231360123759955022351902703244659770321646833052
4231564013548164012351894403217283010324465902032
3548164013518944032172830103244659020324231564012
3518944031728301032446590203242315640123548164012
1728301034465902032423156401235481640123518944032
4465902034231564012354816401235189440321728301032
4231570013548170012351895003217283180324465919032
3548170013518950032172831803244659190324231570012
3518950031728318032446591903242315700123548170012
1728318034465919032423157001235481700123518950032
4465919034231570012354817001235189500321728318032
35189670135481870124465925012
35481870144659250123518967012
44659250135189670123548187012
4231587013548193012351897303216468270324465931032
3548193013518973032164682703244659310324231587012
3518973031646827032446593103242315870123548193012
1646827034465931032423158701235481930123518973032
4465931034231587012354819301235189730321646827032
423159301354820101235189960324465948032
354820101351899603244659480324231593012
351899603446594803242315930123548201012
446594803423159301235482010123518996032
35190040124235900124465954032
24235900144659540323519004012
44659540335190040122423590012
3519010014465960012
4465960013519010012
39021630137599610124465983032
37599610144659830323902163012
44659830339021630123759961012
1346700013766843023
3766843021346700013
447148101247842101124369770114480652042
247842101243697701144806520424471481011
243697701448065204244714810112478421011
448065204447148101224784210122436977012
5532138014966099022446308503242166940423931182052420728706237882240724209435082
4966099024463085032421669404239311820524207287062378822407242094350825532138012
4463085034216694042393118205242072870623788224072420943508255321380124966099022
4216694043931182052420728706237882240724209435082553213801249660990224463085032
3931182054207287062378822407242094350825532138012496609902244630850324216694042
4207287063788224072420943508255321380124966099022446308503242166940423931182052
3788224074209435082553213801249660990224463085032421669404239311820524207287062
4209435085532138012496609902244630850324216694042393118205242072870623788224072
49872790149873160112438396031
49873160124383960314987279011
24383960349872790114987316011
49872850149873220112438404031
49873220124384040314987285011
24384040349872850114987322011
49872910149873390112438410031
49873390124384100314987291011
24384100349872910114987339011
3905724013773688023
3773688023905724013
49661070144630910224209441032
44630910242094410324966107012
42094410349661070124463091022
553214401496611302244631160324216702042393120705242072930624209458072
496611302446311603242167020423931207052420729306242094580725532144012
446311603421670204239312070524207293062420945807255321440124966113022
421670204393120705242072930624209458072553214401249661130224463116032
393120705420729306242094580725532144012496611302244631160324216702042
420729306420945807255321440124966113022446311603242167020423931207052
420945807553214401249661130224463116032421670204239312070524207293062
5532150014966136022421671903239312130424209464052
4966136024216719032393121304242094640525532150012
4216719033931213042420946405255321500124966136022
3931213044209464052553215001249661360224216719032
4209464055532150012496613602242167190323931213042
39021920144660140223500677032
44660140235006770323902192012
35006770339021920124466014022
4200842011278128022
1278128024200842012
39021860135482300124466008032
35482300144660080323902186012
44660080339021860123548230012
44770870142110300222427895032
42110300224278950324477087012
24278950344770870124211030022
49534120144622690224210237022
44622690242102370224953412012
42102370249534120124462269022
55202240144695730224482361022
44695730244823610225520224012
44823610255202240124469573022
55202300144696040224952559022
44696040249525590225520230012
49525590255202300124469604022
4221264014222186023
4222186024221264013
495130101496310301155090910124959946012496540901249654150122443687072
496310301550909101249599460124965409012496541501224436870724951301011
550909101495994601249654090124965415012244368707249513010124963103012
495994601496540901249654150122443687072495130101249631030125509091012
496540901496541501124436870724951301012496310301255090910124959946012
496541501244368707249513010124963103012550909101249599460124965409011
244368707495130101249631030125509091012495994601249654090124965415012
495197901497194702349609260234957485043
497194702496092602149574850434951979013
496092602495748504349519790134971947021
495748504495197901349719470234960926023
55276920155277000114201155032
55277000142011550325527692011
42011550355276920125527700012
5527717013536936022
3536936025527717012
6064691016060196012606797901260598040423783468052
6060196016067979012605980404237834680526064691012
6067979016059804042378346805260646910126060196012
6059804043783468052606469101260601960126067979012
3783468056064691012606019601260679790126059804042
2440111014953837021
4953837022440111011
55370350155116620213775954031
55116620237759540315537035011
37759540355370350115511662021
55370410155116790213775960031
55116790237759600315537041011
37759600355370410115511679021
55370580155116850213775977031
55116850237759770315537058011
37759770355370580115511685021
3757525012394948021
2394948023757525011
5502663012828335021
2828335025502663011
5502686012828341021
2828341025502686011
5502692012828358021
2828358025502692011
49623510155205720214981124031495758004144551340414220750041
55205720249811240314957580041445513404142207500414962351011
49811240349575800414455134041422075004149623510115520572021
49575800444551340414220750041496235101155205720214981124031
44551340442207500414962351011552057202149811240314957580041
42207500449623510115520572021498112403149575800414455134041
4454873012454780021
2454780024454873011
4477130014213052021
4213052024477130011
2449974013780553011
3780553012449974011
3925342013918974011
3918974013925342011
5531446015531423011
5531423015531446011
5527723013536942022
3536942025527723012
4953872012440105021
2440105024953872011
4965792013780501021
3780501024965792011
5527746013536959022
3536959025527746012
4965800013780518021
3780518024965800011
24763850135234020212425117031
35234020224251170312476385011
24251170324763850113523402021
2475902013542799011
3542799012475902011
24763910135169390210810265031
35169390208102650312476391011
08102650324763910113516939021
392434801354265801124758940313526872031
354265801247589403135268720313924348011
247589403352687203139243480113542658011
352687203392434801135426580112475894031
2476416013516945021
3516945022476416011
392435401354266401124758880313526889031
354266401247588803135268890313924354011
247588803352688903139243540113542664011
352688903392435401135426640112475888031
392436001354267001124758710313526895031
354267001247587103135268950313924360011
247587103352689503139243600113542670011
352689503392436001135426700112475871031
49534290144622750224210243022
44622750242102430224953429012
42102430249534290124462275022
6057857016057840011
6057840016057857011
60578860160578920116057863011
60578920160578630116057886011
60578630160578860116057892011
60679620160680390226057283022606620102260596260223764695062
60680390260572830226066201022605962602237646950626067962012
60572830260662010226059626022376469506260679620126068039022
60662010260596260223764695062606796201260680390226057283022
60596260237646950626067962012606803902260572830226066201022
37646950660679620126068039022605728302260662010226059626022
55322620155406690115521092011
55406690155210920115532262011
55210920155322620115540669011
4228941012470951021
2470951024228941011
42175580139098110113780576011391138601139099520513500312061390865106139093430613909604061
39098110137805760113911386011390995205135003120613908651061390934306139096040614217558011
37805760139113860113909952051350031206139086510613909343061390960406142175580113909811011
39113860139099520513500312061390865106139093430613909604061421755801139098110113780576011
39099520535003120613908651061390934306139096040614217558011390981101137805760113911386011
35003120639086510613909343061390960406142175580113909811011378057601139113860113909952051
39086510639093430613909604061421755801139098110113780576011391138601139099520513500312061
39093430639096040614217558011390981101137805760113911386011390995205135003120613908651061
39096040642175580113909811011378057601139113860113909952051350031206139086510613909343061
4992837012469528021
2469528024992837011
35421440139111790233911050033
39111790239110500313542144013
39110500335421440133911179021
3541587013907516021129559803155218670313542150031352668803135465440313921367031129468203137708621033922496103134575810312944171331331638143
3907516021295598031552186703135421500313526688031354654403139213670311294682031377086210339224961031345758103129441713313316381433541587011
1295598035521867031354215003135266880313546544031392136703112946820313770862103392249610313457581031294417133133163814335415870113907516021
5521867033542150031352668803135465440313921367031129468203137708621033922496103134575810312944171331331638143354158701139075160211295598031
3542150033526688031354654403139213670311294682031377086210339224961031345758103129441713313316381433541587011390751602112955980315521867031
3526688033546544031392136703112946820313770862103392249610313457581031294417133133163814335415870113907516021129559803155218670313542150031
3546544033921367031129468203137708621033922496103134575810312944171331331638143354158701139075160211295598031552186703135421500313526688031
3921367031294682031377086210339224961031345758103129441713313316381433541587011390751602112955980315521867031354215003135266880313546544031
1294682033770862103392249610313457581031294417133133163814335415870113907516021129559803155218670313542150031352668803135465440313921367031
3770862103922496101134575810112944171331331638143354158701339075160231295598033552186703335421500333526688033354654403339213670331294682033
3922496101345758101129441713313316381433541587013390751602312955980335521867033354215003335266880333546544033392136703312946820333770862101
1345758101294417133133163814335415870133907516023129559803355218670333542150033352668803335465440333921367033129468203337708621013922496101
1294417131331638143354158701339075160231295598033552186703335421500333526688033354654403339213670331294682033377086210339224961031345758103
1331638143541587013390751602312955980335521867033354215003335266880333546544033392136703312946820333770862103392249610313457581031294417133
0453701016054445023
6054445020453701013
247695901242708502339016660333900767033390163705339016140632443121073446630407313132670931341967103
242708502390166603339007670333901637053390161406324431210734466304073131326709313419671032476959013
390166603390076703139016370513901614061244312107344663040731313267091134196710124769590132427085023
390076703390163705139016140612443121073446630407313132670911341967101247695901324270850233901666031
390163705390161406124431210734466304073131326709113419671012476959013242708502339016660313900767031
390161406244312107344663040731313267091134196710124769590132427085023390166603139007670313901637051
244312107446630407113132670931341967103247695901324270850233901666033390076703339016370533901614063
446630407131326709313419671032476959013242708502339016660333900767033390163705339016140632443121071
131326709134196710124769590132427085023390166603139007670313901637051390161406124431210734466304073
134196710247695901324270850233901666031390076703139016370513901614061244312107344663040731313267091
24769880135076330213900810033
35076330239008100332476988011
39008100324769880133507633023
496466301495681802149562500212450641021
495681802495625002124506410214964663011
495625002245064102149646630114956818021
245064102496466301149568180214956250021
2474162011372867011
1372867012474162011
35134440124741790111372873011
24741790113728730113513444011
13728730135134440112474179011
1339019011284821021
1284821021339019011
1280266010202531011
0202531011280266011
12802720101954230110202554011
01954230102025540111280272011
02025540112802720110195423011
4950879012443150021
2443150024950879011
49658980149635920114962115011
49635920149621150114965898011
49621150149658980114963592011
552193301552874001149925180315525061041552154805155365090513521805071
552874001499251803155250610415521548051553650905135218050715521933011
499251803552506104155215480515536509051352180507155219330115528740011
552506104552154805155365090513521805071552193301155287400114992518031
552154805553650905135218050715521933011552874001149925180315525061041
553650905352180507155219330115528740011499251803155250610415521548051
352180507552193301155287400114992518031552506104155215480515536509051
552196201552876301149924640315525084041552156005155365210513514461071
552876301499246403155250840415521560051553652105135144610715521962011
499246403552508404155215600515536521051351446107155219620115528763011
552508404552156005155365210513514461071552196201155287630114992464031
552156005553652105135144610715521962011552876301149924640315525084041
553652105351446107155219620115528763011499246403155250840415521560051
351446107552196201155287630114992464031552508404155215600515536521051
4966550015511113021353631003112743430411273384041
5511113023536310031127434304112733840414966550011
3536310031274343041127338404149665500115511113021
1274343041273384041496655001155111130213536310031
1273384044966550011551111302135363100311274343041
4966567015511136021353632703112743660411273415041
5511136023536327031127436604112734150414966567011
3536327031274366041127341504149665670115511136021
1274366041273415041496656701155111360213536327031
1273415044966567011551113602135363270311274366041
4476685010713987021
0713987024476685011
247262501247685302124742450212470342041
247685302247424502124703420412472625011
247424502247034204124726250112476853021
247034204247262501124768530212474245021
1304446011266148011
1266148011304446011
12728350113044690211302281021
13044690213022810211272835011
13022810212728350111304469021
1322183011269649021
1269649021322183011
1309857014464771021114496503111448300410774026041
4464771021144965031114483004107740260411309857011
1144965031144830041077402604113098570114464771021
1144830040774026041130985701144647710211144965031
0774026041309857011446477102111449650311144830041
1276603014983519021
4983519021276603011
13372330113038950214983531031
13038950249835310311337233011
49835310313372330111303895021
0440325011278401021
1278401020440325011
2426418012424483021
2424483022426418011
24491350124264240112424508031
24264240124245080312449135011
24245080324491350112426424011
4467462012471123021247948403135004240413535902041
2471123022479484031350042404135359020414467462011
2479484033500424041353590204144674620112471123021
3500424043535902041446746201124711230212479484031
3535902044467462011247112302124794840313500424041
4467485012471146011350355203135042730413924101041
2471146013503552031350427304139241010414467485011
3503552033504273041392410104144674850112471146011
3504273043924101041446748501124711460113503552031
3924101044467485011247114601135035520313504273041
354673901350450501135015990112477031041354672205135014060511315579071
350450501350159901124770310413546722051350140605113155790713546739011
350159901247703104135467220513501406051131557907135467390113504505011
247703104354672205135014060511315579071354673901135045050113501599011
354672205350140605113155790713546739011350450501135015990112477031041
350140605131557907135467390113504505011350159901124770310413546722051
131557907354673901135045050113501599011247703104135467220513501406051
245581601125141901135409550312646835031
125141901354095503126468350312455816011
354095503264683503124558160111251419011
264683503245581601112514190113540955031
3538131012458884011
2458884013538131011
24558220135381540212458909021
35381540224589090212455822011
24589090224558220113538154021
243781801243877501124325770112431359011377847305124423630612433559061
243877501243257701124313590113778473051244236306124335590612437818011
243257701243135901137784730512442363061243355906124378180112438775011
243135901377847305124423630612433559061243781801124387750112432577011
377847305244236306124335590612437818011243877501124325770112431359011
244236306243355906124378180112438775011243257701124313590113778473051
243355906243781801124387750112432577011243135901137784730512442363061
2437830012438798011243260803124313710313778504051243357106124423920710981417081
2438798012432608031243137103137785040512433571061244239207109814170812437830011
2432608032431371031377850405124335710612442392071098141708124378300112438798011
2431371033778504051243357106124423920710981417081243783001124387980112432608031
3778504052433571061244239207109814170812437830011243879801124326080312431371031
2433571062442392071098141708124378300112438798011243260803124313710313778504051
2442392070981417081243783001124387980112432608031243137103137785040512433571061
0981417082437830011243879801124326080312431371031377850405124335710612442392071
37736590137748480214215559021
37748480242155590213773659011
42155590237736590113774848021
377364201377360702137748540314215565031
377360702377485403142155650313773642011
377485403421556503137736420113773607021
421556503377364201137736070213774854031
3914249014202663021420615802139268960214201965021
4202663024206158021392689602142019650213914249011
4206158023926896021420196502139142490114202663021
3926896024201965021391424901142026630214206158021
4201965023914249011420266302142061580213926896021
551886501422892901142294780314218351041421932705142195050512423408071
422892901422947803142183510414219327051421950505124234080715518865011
422947803421835104142193270514219505051242340807155188650114228929011
421835104421932705142195050512423408071551886501142289290114229478031
421932705421950505124234080715518865011422892901142294780314218351041
421950505242340807155188650114228929011422947803142183510414219327051
242340807551886501142289290114229478031421835104142193270514219505051
12039000155229090115522967011
55229090155229670111203900011
55229670112039000115522909011
12039170155229150115522973011
55229150155229730111203917011
55229730112039170115522915011
244661601552295002155230270211203923041
552295002552302702112039230412446616011
552302702120392304124466160115522950021
120392304244661601155229500215523027021
4227580012432643021
2432643024227580011
4454519014227605021445237703144557720412432689051
4227605024452377031445577204124326890514454519011
4452377034455772041243268905144545190114227605021
4455772042432689051445451901142276050214452377031
2432689054454519011422760502144523770314455772041
13376580113372100212444356021132293504113257730510785900061
13372100224443560211322935041132577305107859000611337658011
24443560213229350411325773051078590006113376580111337210021
13229350413257730510785900061133765801113372100212444356021
13257730507859000611337658011133721002124443560211322935041
07859000613376580111337210021244435602113229350411325773051
1325804012444385011132294101113376700114956793051
2444385011322941011133767001149567930511325804011
1322941011337670011495679305113258040112444385011
1337670014956793051132580401124443850111322941011
4956793051325804011244438501113229410111337670011
35416530135478220213548336021
35478220235483360213541653011
35483360235416530113547822021
3547851013548359021
3548359023547851011
352133701131565101137638560311286228041242193504112738750411253660041
131565101376385603112862280412421935041127387504112536600413521337011
376385603128622804124219350411273875041125366004135213370111315651011
128622804242193504112738750411253660041352133701113156510113763856031
242193504127387504112536600413521337011131565101137638560311286228041
127387504125366004135213370111315651011376385603112862280412421935041
125366004352133701113156510113763856031128622804124219350411273875041
35213140135175770213517407031
35175770235174070313521314011
35174070335213140113517577021
4482527011284100021
1284100024482527011
3526949014986191011
4986191013526949011
5543633011312492021
1312492025543633011
5543662011312517021
1312517025543662011
3768807011312405021
1312405023768807011
3768836011312428021
1312428023768836011
3768859011312440021
1312440023768859011
3768871011312463021
1312463023768871011
3538757013775457021
3775457023538757011
3538786013775492021
3775492023538786011
3538800013775569021
3775569023538800011
1242722012460088021
2460088021242722011
1242745012460119021
2460119021242745011
1242768012460148021
2460148021242768011
13076920124387000211349710021134270202113107020510715472051
24387000213497100211342702021131070205107154720511307692011
13497100213427020211310702051071547205113076920112438700021
13427020213107020510715472051130769201124387000211349710021
13107020507154720511307692011243870002113497100211342702021
07154720513076920112438700021134971002113427020211310702051
242194101351225501124218460111295517011
351225501242184601112955170112421941011
242184601129551701124219410113512255011
129551701242194101135122550112421846011
376672501351228401124218750111295546011
351228401242187501112955460113766725011
242187501129554601137667250113512284011
129554601376672501135122840112421875011
376675401351231501124219060111295569011
351231501242190601112955690113766754011
242190601129556901137667540113512315011
129556901376675401135123150112421906011
55325520144666520210038876031
44666520200388760315532552011
00388760355325520114466652021
5529521015529567011
5529567015529521011
4228728013932690021
3932690024228728011
2437296011252212021
1252212022437296011
2437310011252235021
1252235022437310011
5540037010004920021
0004920025540037011
24260450124341160212463224021
24341160224632240212426045011
24632240224260450112434116021
55052070155129630114961363031
55129630149613630315505207011
49613630355052070115512963011
377168901128496201113424700111269750011
128496201134247001112697500113771689011
134247001126975001137716890111284962011
126975001377168901112849620111342470011
1256552011257787011
1257787011256552011
5528007015533014021606496902155267580215527864021606450902155273210213529882081
5533014026064969021552675802155278640216064509021552732102135298820815528007011
6064969025526758021552786402160645090215527321021352988208155280070115533014021
5526758025527864021606450902155273210213529882081552800701155330140216064969021
5527864026064509021552732102135298820815528007011553301402160649690215526758021
6064509025527321021352988208155280070115533014021606496902155267580215527864021
5527321023529882081552800701155330140216064969021552675802155278640216064509021
3529882085528007011553301402160649690215526758021552786402160645090215527321021
6053115015533304021554300103155415680316056823051554072906160524810715541108081
5533304025543001031554156803160568230515540729061605248107155411080816053115011
5543001035541568031605682305155407290616052481071554110808160531150115533304021
5541568036056823051554072906160524810715541108081605311501155333040215543001031
6056823055540729061605248107155411080816053115011553330402155430010315541568031
5540729066052481071554110808160531150115533304021554300103155415680316056823051
6052481075541108081605311501155333040215543001031554156803160568230515540729061
5541108086053115011553330402155430010315541568031605682305155407290616052481071
6053121015533327021554276303155416050316056846051554074106160524980715541120081
5533327025542763031554160503160568460515540741061605249807155411200816053121011
5542763035541605031605684605155407410616052498071554112008160531210115533327021
5541605036056846051554074106160524980715541120081605312101155333270215542763031
6056846055540741061605249807155411200816053121011553332702155427630315541605031
5540741066052498071554112008160531210115533327021554276303155416050316056846051
6052498075541120081605312101155333270215542763031554160503160568460515540741061
5541120086053121011553332702155427630315541605031605684605155407410616052498071
6053138015533356021554279203155416400316056852051554076406160525060715541143081
5533356025542792031554164003160568520515540764061605250607155411430816053138011
5542792035541640031605685205155407640616052506071554114308160531380115533356021
5541640036056852051554076406160525060715541143081605313801155333560215542792031
6056852055540764061605250607155411430816053138011553335602155427920315541640031
5540764066052506071554114308160531380115533356021554279203155416400316056852051
6052506075541143081605313801155333560215542792031554164003160568520515540764061
5541143086053138011553335602155427920315541640031605685205155407640616052506071
6053144015533379021554281703155416920316056869051554078706160525120715541172081
5533379025542817031554169203160568690515540787061605251207155411720816053144011
5542817035541692031605686905155407870616052512071554117208160531440115533379021
5541692036056869051554078706160525120715541172081605314401155333790215542817031
6056869055540787061605251207155411720816053144011553337902155428170315541692031
5540787066052512071554117208160531440115533379021554281703155416920316056869051
6052512075541172081605314401155333790215542817031554169203160568690515540787061
5541172086053144011553337902155428170315541692031605686905155407870616052512071
4222312013931383011422048301124786160112426039011421076301124373910712427004071446398409113015311013775629101
3931383014220483011247861601124260390114210763011243739107124270040714463984091130153110137756291014222312011
4220483012478616011242603901142107630112437391071242700407144639840911301531101377562910142223120113931383011
2478616012426039011421076301124373910712427004071446398409113015311013775629101422231201139313830114220483011
2426039014210763011243739107124270040714463984091130153110137756291014222312011393138301142204830112478616011
4210763012437391071242700407144639840911301531101377562910142223120113931383011422048301124786160112426039011
2437391072427004071446398409113015311013775629101422231201139313830114220483011247861601124260390114210763011
2427004074463984091130153110137756291014222312011393138301142204830112478616011242603901142107630112437391071
4463984091301531101377562910142223120113931383011422048301124786160112426039011421076301124373910712427004071
1301531103775629101422231201139313830114220483011247861601124260390114210763011243739107124270040714463984091
3775629104222312011393138301142204830112478616011242603901142107630112437391071242700407144639840911301531101
42223060113446410210802917031
13446410208029170314222306011
08029170342223060111344641021
49659060149636000114962121011
49636000149621210114965906011
49621210149659060114963600011
552195601552875701149925240315525078041552155405155365150513514509071
552875701499252403155250780415521554051553651505135145090715521956011
499252403552507804155215540515536515051351450907155219560115528757011
552507804552155405155365150513514509071552195601155287570114992524031
552155405553651505135145090715521956011552875701149925240315525078041
553651505351450907155219560115528757011499252403155250780415521554051
351450907552195601155287570114992524031552507804155215540515536515051
552197901552878601149924700315525090041552157705155365380513514484071
552878601499247003155250900415521577051553653805135144840715521979011
499247003552509004155215770515536538051351448407155219790115528786011
552509004552157705155365380513514484071552197901155287860114992470031
552157705553653805135144840715521979011552878601149924700315525090041
553653805351448407155219790115528786011499247003155250900415521577051
351448407552197901155287860114992470031552509004155215770515536538051
4467479012471152021353592503135004300412479490041
2471152023535925031350043004124794900414467479011
3535925033500430041247949004144674790112471152021
3500430042479490041446747901124711520213535925031
2479490044467479011247115202135359250313500430041
3538148012458890011
2458890013538148011
24558390135381600212458915021
35381600224589150212455839011
24589150224558390113538160021
39142550113444920214202686021420610602139269040214201971021
13444920242026860214206106021392690402142019710213914255011
42026860242061060213926904021420197102139142550111344492021
42061060239269040214201971021391425501113444920214202686021
39269040242019710213914255011134449202142026860214206106021
42019710239142550111344492021420268602142061060213926904021
551887101422893501142294840314218368041421933305142195110512423414071
422893501422948403142183680414219333051421951105124234140715518871011
422948403421836804142193330514219511051242341407155188710114228935011
421836804421933305142195110512423414071551887101142289350114229484031
421933305421951105124234140715518871011422893501142294840314218368041
421951105242341407155188710114228935011422948403142183680414219333051
242341407551887101142289350114229484031421836804142193330514219511051
552292101552299601124480060312434808041
552299601244800603124348080415522921011
244800603243480804155229210115522996011
243480804552292101155229960112448006031
4454502014227597021445236003144557660412432672051
4227597024452360031445576604124326720514454502011
4452360034455766041243267205144545020114227597021
4455766042432672051445450201142275970214452360031
2432672054454502011422759702144523600314455766041
35416820135478450213548307031
35478450235483070313541682011
35483070335416820113547845021
55325690144666690214953518031
44666690249535180315532569011
49535180355325690114466669021
5529538015529573011
5529573015529538011
4228734013932709021
3932709024228734011
5528013015533020021606479702155255460215527835021552620902155258880213529899081
5533020026064797021552554602155278350215526209021552588802135298990815528013011
6064797025525546021552783502155262090215525888021352989908155280130115533020021
5525546025527835021552620902155258880213529899081552801301155330200216064797021
5527835025526209021552588802135298990815528013011553302002160647970215525546021
5526209025525888021352989908155280130115533020021606479702155255460215527835021
5525888023529899081552801301155330200216064797021552554602155278350215526209021
3529899085528013011553302002160647970215525546021552783502155262090215525888021
5541835015533310021554275703155415740316053575051554073506155425330715541114081
5533310025542757031554157403160535750515540735061554253307155411140815541835011
5542757035541574031605357505155407350615542533071554111408155418350115533310021
5541574036053575051554073506155425330715541114081554183501155333100215542757031
6053575055540735061554253307155411140815541835011553331002155427570315541574031
5540735065542533071554111408155418350115533310021554275703155415740316053575051
5542533075541114081554183501155333100215542757031554157403160535750515540735061
5541114085541835011553331002155427570315541574031605357505155407350615542533071
5541841015533333021554278603155416110316053581051554075806155425560715541137081
5533333025542786031554161103160535810515540758061554255607155411370815541841011
5542786035541611031605358105155407580615542556071554113708155418410115533333021
5541611036053581051554075806155425560715541137081554184101155333330215542786031
6053581055540758061554255607155411370815541841011553333302155427860315541611031
5540758065542556071554113708155418410115533333021554278603155416110316053581051
5542556075541137081554184101155333330215542786031554161103160535810515540758061
5541137085541841011553333302155427860315541611031605358105155407580615542556071
5541858015533362021554280003155416570316053598051554077006155425620715541166081
5533362025542800031554165703160535980515540770061554256207155411660815541858011
5542800035541657031605359805155407700615542562071554116608155418580115533362021
5541657036053598051554077006155425620715541166081554185801155333620215542800031
6053598055540770061554256207155411660815541858011553336202155428000315541657031
5540770065542562071554116608155418580115533362021554280003155416570316053598051
5542562075541166081554185801155333620215542800031554165703160535980515540770061
5541166085541858011553336202155428000315541657031605359805155407700615542562071
5541864015533385021554282303155417000316053606051554079306155425790715541189081
5533385025542823031554170003160536060515540793061554257907155411890815541864011
5542823035541700031605360605155407930615542579071554118908155418640115533385021
5541700036053606051554079306155425790715541189081554186401155333850215542823031
6053606055540793061554257907155411890815541864011553338502155428230315541700031
5540793065542579071554118908155418640115533385021554282303155417000316053606051
5542579075541189081554186401155333850215542823031554170003160536060515540793061
5541189085541864011553338502155428230315541700031605360605155407930615542579071
42061120139269100113914232011
39269100139142320114206112011
39142320142061120113926910011
245844701244658501155229380315523004031127311905124480120512434814071
244658501552293803155230040311273119051244801205124348140712458447011
552293803552300403112731190512448012051243481407124584470112446585011
552300403127311905124480120512434814071245844701124465850115522938031
127311905244801205124348140712458447011244658501155229380315523004031
244801205243481407124584470112446585011552293803155230040311273119051
243481407245844701124465850115522938031552300403112731190512448012051
245845301244659101155229440315523010031130513805124480290512434820071
244659101552294403155230100311305138051244802905124348200712458453011
552294403552301003113051380512448029051243482007124584530112446591011
552301003130513805124480290512434820071245845301124465910115522944031
130513805244802905124348200712458453011244659101155229440315523010031
244802905243482007124584530112446591011552294403155230100311305138051
243482007245845301124465910115522944031552301003113051380512448029051
2476505011307315021
1307315022476505011
1267426016054451023
6054451021267426013
07531880113044520211266154021
13044520212661540210753188011
12661540207531880111304452021
127284101126986202113044750311302298031
126986202130447503113022980311272841011
130447503130229803112728410111269862021
130229803127284101112698620211304475031
1322208011269655021
1269655021322208011
1315645014464788021130221703113029150411312204041
4464788021302217031130291504113122040411315645011
1302217031302915041131220404113156450114464788021
1302915041312204041131564501144647880211302217031
1312204041315645011446478802113022170311302915041
1276626014983525021
4983525021276626011
13372560113039030214983548031
13039030249835480311337256011
49835480313372560111303903021
0440331011278418021
1278418020440331011
243782401243878101124325830112431365041377849605124423860612433565061
243878101243258301124313650413778496051244238606124335650612437824011
243258301243136504137784960512442386061243356506124378240112438781011
243136504377849605124423860612433565061243782401124387810112432583011
377849605244238606124335650612437824011243878101124325830112431365041
244238606243356506124378240112438781011243258301124313650413778496051
243356506243782401124387810112432583011243136504137784960512442386061
2437847012438806011243261403124364340313778510051243358806124424000710981423081
2438806012432614031243643403137785100512433588061244240007109814230812437847011
2432614032436434031377851005124335880612442400071098142308124378470112438806011
2436434033778510051243358806124424000710981423081243784701124388060112432614031
3778510052433588061244240007109814230812437847011243880601124326140312436434031
2433588062442400071098142308124378470112438806011243261403124364340313778510051
2442400070981423081243784701124388060112432614031243643403137785100512433588061
0981423082437847011243880601124326140312436434031377851005124335880612442400071
3931408014210786021422050803142223290412478622041242963504137756350714463990071243712609124314830912427010091
4210786024220508031422232904124786220412429635041377563507144639900712437126091243148309124270100913931408011
4220508034222329041247862204124296350413775635071446399007124371260912431483091242701009139314080114210786021
4222329042478622041242963504137756350714463990071243712609124314830912427010091393140801142107860214220508031
2478622042429635041377563507144639900712437126091243148309124270100913931408011421078602142205080314222329041
2429635043775635071446399007124371260912431483091242701009139314080114210786021422050803142223290412478622041
3775635074463990071243712609124314830912427010091393140801142107860214220508031422232904124786220412429635041
4463990072437126091243148309124270100913931408011421078602142205080314222329041247862204124296350413775635071
2437126092431483091242701009139314080114210786021422050803142223290412478622041242963504137756350714463990071
2431483092427010091393140801142107860214220508031422232904124786220412429635041377563507144639900712437126091
2427010093931408011421078602142205080314222329041247862204124296350413775635071446399007124371260912431483091
242498001243544602124354170311265485041
243544602243541703112654850412424980011
243541703126548504124249800112435446021
126548504242498001124354460212435417031
2425005012432011021243546903124354230411265516051
2432011022435469031243542304112655160512425005011
2435469032435423041126551605124250050112432011021
2435423041265516051242500501124320110212435469031
1265516052425005011243201102124354690312435423041
35455910137773960112464347011354051804335456680533529698063
37773960124643470113540518043354566805335296980633545591011
24643470135405180433545668053352969806335455910113777396011
35405180435456680533529698063354559101337773960132464347013
35456680535296980633545591013377739601324643470133540518043
35296980635455910133777396013246434701335405180433545668053
35499560137774100112464353011354568004335405240533529706063
37774100124643530113545680043354052405335297060633549956011
24643530135456800433540524053352970606335499560113777410011
35456800435405240533529706063354995601337774100132464353013
35405240535297060633549956013377741001324643530133545680043
35297060635499560133777410013246435301335456800433540524053
5537650013930030021393248302124272570414200718051391380105142044030714465517081605143508339300821014206224101420249110139329681014202841141420691614139239001634456010173247116918335078921933780122203247105721312564922132463023213350109121324694392531318916253247446927335031382732463477273352248927335200713132442481313375706333324462663432450173343244077234324701643732426803383354587539335458524032420462413244441641313098864332452137433242576143324387524332469043433132753643313322244332469014433133581443324250284331267343533
3930030023932483021242725704142007180513913801051420440307144655170816051435083393008210142062241014202491101393296810142028411414206916141392390016344560101732471169183350789219337801222032471057213125649221324630232133501091213246943925313189162532474469273350313827324634772733522489273352007131324424813133757063333244626634324501733432440772343247016437324268033833545875393354585240324204624132444416413130988643324521374332425761433243875243324690434331327536433133222443324690144331335814433242502843312673435335537650011
3932483022427257041420071805139138010514204403071446551708160514350833930082101420622410142024911013932968101420284114142069161413923900163445601017324711691833507892193378012220324710572131256492213246302321335010912132469439253131891625324744692733503138273246347727335224892733520071313244248131337570633332446266343245017334324407723432470164373242680338335458753933545852403242046241324444164131309886433245213743324257614332438752433246904343313275364331332224433246901443313358144332425028433126734353355376500113930030021
2427257044200718051391380105142044030714465517081605143508339300821014206224101420249110139329681014202841141420691614139239001634456010173247116918335078921933780122203247105721312564922132463023213350109121324694392531318916253247446927335031382732463477273352248927335200713132442481313375706333324462663432450173343244077234324701643732426803383354587539335458524032420462413244441641313098864332452137433242576143324387524332469043433132753643313322244332469014433133581443324250284331267343533553765001139300300213932483021
4200718053913801051420440307144655170816051435083393008210142062241014202491101393296810142028411414206916141392390016344560101732471169183350789219337801222032471057213125649221324630232133501091213246943925313189162532474469273350313827324634772733522489273352007131324424813133757063333244626634324501733432440772343247016437324268033833545875393354585240324204624132444416413130988643324521374332425761433243875243324690434331327536433133222443324690144331335814433242502843312673435335537650011393003002139324830212427257041
3913801054204403071446551708160514350833930082101420622410142024911013932968101420284114142069161413923900163445601017324711691833507892193378012220324710572131256492213246302321335010912132469439253131891625324744692733503138273246347727335224892733520071313244248131337570633332446266343245017334324407723432470164373242680338335458753933545852403242046241324444164131309886433245213743324257614332438752433246904343313275364331332224433246901443313358144332425028433126734353355376500113930030021393248302124272570414200718051
4204403074465517081605143508339300821014206224101420249110139329681014202841141420691614139239001634456010173247116918335078921933780122203247105721312564922132463023213350109121324694392531318916253247446927335031382732463477273352248927335200713132442481313375706333324462663432450173343244077234324701643732426803383354587539335458524032420462413244441641313098864332452137433242576143324387524332469043433132753643313322244332469014433133581443324250284331267343533553765001139300300213932483021242725704142007180513913801051
4465517086051435083393008210142062241014202491101393296810142028411414206916141392390016344560101732471169183350789219337801222032471057213125649221324630232133501091213246943925313189162532474469273350313827324634772733522489273352007131324424813133757063333244626634324501733432440772343247016437324268033833545875393354585240324204624132444416413130988643324521374332425761433243875243324690434331327536433133222443324690144331335814433242502843312673435335537650011393003002139324830212427257041420071805139138010514204403071
6051435083930082103420622410342024911033932968103420284114342069161433923900161445601017124711691813507892191378012220124710572131256492213246302321135010912112469439251131891625124744692713503138271246347727135224892713520071313244248131337570633332446266343245017334324407723432470164373242680338335458753933545852403242046241324444164131309886433245213743324257614332438752433246904343313275364331332224433246901443313358144332425028433126734353355376500133930030023393248302324272570434200718053391380105342044030734465517083
3930082104206224101420249110139329681014202841141420691614139239001634456010173247116918335078921933780122203247105721312564922132463023213350109121324694392531318916253247446927335031382732463477273352248927335200713132442481313375706333324462663432450173343244077234324701643732426803383354587539335458524032420462413244441641313098864332452137433242576143324387524332469043433132753643313322244332469014433133581443324250284331267343533553765001139300300213932483021242725704142007180513913801051420440307144655170816051435083
4206224104202491101393296810142028411414206916141392390016344560101732471169183350789219337801222032471057213125649221324630232133501091213246943925313189162532474469273350313827324634772733522489273352007131324424813133757063333244626634324501733432440772343247016437324268033833545875393354585240324204624132444416413130988643324521374332425761433243875243324690434331327536433133222443324690144331335814433242502843312673435335537650011393003002139324830212427257041420071805139138010514204403071446551708160514350833930082101
4202491103932968101420284114142069161413923900163445601017324711691833507892193378012220324710572131256492213246302321335010912132469439253131891625324744692733503138273246347727335224892733520071313244248131337570633332446266343245017334324407723432470164373242680338335458753933545852403242046241324444164131309886433245213743324257614332438752433246904343313275364331332224433246901443313358144332425028433126734353355376500113930030021393248302124272570414200718051391380105142044030714465517081605143508339300821014206224101
3932968104202841141420691614139239001634456010173247116918335078921933780122203247105721312564922132463023213350109121324694392531318916253247446927335031382732463477273352248927335200713132442481313375706333324462663432450173343244077234324701643732426803383354587539335458524032420462413244441641313098864332452137433242576143324387524332469043433132753643313322244332469014433133581443324250284331267343533553765001139300300213932483021242725704142007180513913801051420440307144655170816051435083393008210142062241014202491101
4202841144206916141392390016344560101732471169183350789219337801222032471057213125649221324630232133501091213246943925313189162532474469273350313827324634772733522489273352007131324424813133757063333244626634324501733432440772343247016437324268033833545875393354585240324204624132444416413130988643324521374332425761433243875243324690434331327536433133222443324690144331335814433242502843312673435335537650011393003002139324830212427257041420071805139138010514204403071446551708160514350833930082101420622410142024911013932968101
4206916143923900163445601017324711691833507892193378012220324710572131256492213246302321335010912132469439253131891625324744692733503138273246347727335224892733520071313244248131337570633332446266343245017334324407723432470164373242680338335458753933545852403242046241324444164131309886433245213743324257614332438752433246904343313275364331332224433246901443313358144332425028433126734353355376500113930030021393248302124272570414200718051391380105142044030714465517081605143508339300821014206224101420249110139329681014202841141
3923900164456010171247116918135078921913780122201247105721312564922132463023211350109121124694392511318916251247446927135031382712463477271352248927135200713132442481313375706333324462663432450173343244077234324701643732426803383354587539335458524032420462413244441641313098864332452137433242576143324387524332469043433132753643313322244332469014433133581443324250284331267343533553765001339300300233932483023242725704342007180533913801053420440307344655170836051435081393008210342062241034202491103393296810342028411434206916143
4456010172471169181350789219137801222012471057213125649221324630232113501091211246943925113189162512474469271350313827124634772713522489271352007131324424813133757063333244626634324501733432440772343247016437324268033833545875393354585240324204624132444416413130988643324521374332425761433243875243324690434331327536433133222443324690144331335814433242502843312673435335537650013393003002339324830232427257043420071805339138010534204403073446551708360514350813930082103420622410342024911033932968103420284114342069161433923900161
2471169183507892191378012220124710572131256492213246302321135010912112469439251131891625124744692713503138271246347727135224892713520071313244248131337570633332446266343245017334324407723432470164373242680338335458753933545852403242046241324444164131309886433245213743324257614332438752433246904343313275364331332224433246901443313358144332425028433126734353355376500133930030023393248302324272570434200718053391380105342044030734465517083605143508139300821034206224103420249110339329681034202841143420691614339239001614456010171
3507892193780122201247105721312564922132463023211350109121124694392511318916251247446927135031382712463477271352248927135200713132442481313375706333324462663432450173343244077234324701643732426803383354587539335458524032420462413244441641313098864332452137433242576143324387524332469043433132753643313322244332469014433133581443324250284331267343533553765001339300300233932483023242725704342007180533913801053420440307344655170836051435081393008210342062241034202491103393296810342028411434206916143392390016144560101712471169181
3780122202471057213125649221324630232113501091211246943925113189162512474469271350313827124634772713522489271352007131324424813133757063333244626634324501733432440772343247016437324268033833545875393354585240324204624132444416413130988643324521374332425761433243875243324690434331327536433133222443324690144331335814433242502843312673435335537650013393003002339324830232427257043420071805339138010534204403073446551708360514350813930082103420622410342024911033932968103420284114342069161433923900161445601017124711691813507892191
2471057211256492211246302321335010912132469439253131891625324744692733503138273246347727335224892733520071311244248131137570633312446266341245017334124407723412470164371242680338335458753933545852403242046241324444164131309886433245213743324257614332438752433246904343313275364331332224433246901443313358144332425028433126734353355376500133930030023393248302324272570434200718053391380105342044030734465517083605143508339300821034206224103420249110339329681034202841143420691614339239001634456010173247116918335078921933780122203
1256492212463023213350109121324694392531318916253247446927335031382732463477273352248927335200713112442481311375706333124462663412450173341244077234124701643712426803383354587539335458524032420462413244441641313098864332452137433242576143324387524332469043433132753643313322244332469014433133581443324250284331267343533553765001339300300233932483023242725704342007180533913801053420440307344655170836051435083393008210342062241034202491103393296810342028411434206916143392390016344560101732471169183350789219337801222032471057211
2463023213501091211246943925113189162512474469271350313827124634772713522489271352007131324424813133757063333244626634324501733432440772343247016437324268033833545875393354585240324204624132444416413130988643324521374332425761433243875243324690434331327536433133222443324690144331335814433242502843312673435335537650013393003002339324830232427257043420071805339138010534204403073446551708360514350813930082103420622410342024911033932968103420284114342069161433923900161445601017124711691813507892191378012220124710572131256492213
3501091212469439251131891625124744692713503138271246347727135224892713520071313244248131337570633332446266343245017334324407723432470164373242680338335458753933545852403242046241324444164131309886433245213743324257614332438752433246904343313275364331332224433246901443313358144332425028433126734353355376500133930030023393248302324272570434200718053391380105342044030734465517083605143508139300821034206224103420249110339329681034202841143420691614339239001614456010171247116918135078921913780122201247105721312564922132463023211
2469439251318916251247446927135031382712463477271352248927135200713132442481313375706333324462663432450173343244077234324701643732426803383354587539335458524032420462413244441641313098864332452137433242576143324387524332469043433132753643313322244332469014433133581443324250284331267343533553765001339300300233932483023242725704342007180533913801053420440307344655170836051435081393008210342062241034202491103393296810342028411434206916143392390016144560101712471169181350789219137801222012471057213125649221324630232113501091211
1318916252474469271350313827124634772713522489271352007131324424813133757063333244626634324501733432440772343247016437324268033833545875393354585240324204624132444416413130988643324521374332425761433243875243324690434331327536433133222443324690144331335814433242502843312673435335537650013393003002339324830232427257043420071805339138010534204403073446551708360514350813930082103420622410342024911033932968103420284114342069161433923900161445601017124711691813507892191378012220124710572131256492213246302321135010912112469439251
2474469273503138271246347727135224892713520071313244248131337570633332446266343245017334324407723432470164373242680338335458753933545852403242046241324444164131309886433245213743324257614332438752433246904343313275364331332224433246901443313358144332425028433126734353355376500133930030023393248302324272570434200718053391380105342044030734465517083605143508139300821034206224103420249110339329681034202841143420691614339239001614456010171247116918135078921913780122201247105721312564922132463023211350109121124694392511318916251
3503138272463477271352248927135200713132442481313375706333324462663432450173343244077234324701643732426803383354587539335458524032420462413244441641313098864332452137433242576143324387524332469043433132753643313322244332469014433133581443324250284331267343533553765001339300300233932483023242725704342007180533913801053420440307344655170836051435081393008210342062241034202491103393296810342028411434206916143392390016144560101712471169181350789219137801222012471057213125649221324630232113501091211246943925113189162512474469271
2463477273522489271352007131324424813133757063333244626634324501733432440772343247016437324268033833545875393354585240324204624132444416413130988643324521374332425761433243875243324690434331327536433133222443324690144331335814433242502843312673435335537650013393003002339324830232427257043420071805339138010534204403073446551708360514350813930082103420622410342024911033932968103420284114342069161433923900161445601017124711691813507892191378012220124710572131256492213246302321135010912112469439251131891625124744692713503138271
3522489273520071313244248131337570633332446266343245017334324407723432470164373242680338335458753933545852403242046241324444164131309886433245213743324257614332438752433246904343313275364331332224433246901443313358144332425028433126734353355376500133930030023393248302324272570434200718053391380105342044030734465517083605143508139300821034206224103420249110339329681034202841143420691614339239001614456010171247116918135078921913780122201247105721312564922132463023211350109121124694392511318916251247446927135031382712463477271
3520071312442481311375706333124462663412450173341244077234124701643712426803383354587539335458524032420462413244441641313098864332452137433242576143324387524332469043433132753643313322244332469014433133581443324250284331267343533553765001339300300233932483023242725704342007180533913801053420440307344655170836051435083393008210342062241034202491103393296810342028411434206916143392390016344560101732471169183350789219337801222032471057211125649221124630232133501091213246943925313189162532474469273350313827324634772733522489273
2442481313757063331244626634124501733412440772341247016437124268033833545875393354585240324204624132444416413130988643324521374332425761433243875243324690434331327536433133222443324690144331335814433242502843312673435335537650013393003002339324830232427257043420071805339138010534204403073446551708360514350833930082103420622410342024911033932968103420284114342069161433923900163445601017324711691833507892193378012220324710572111256492211246302321335010912132469439253131891625324744692733503138273246347727335224892733520071311
3757063332446266341245017334124407723412470164371242680338335458753933545852403242046241324444164131309886433245213743324257614332438752433246904343313275364331332224433246901443313358144332425028433126734353355376500133930030023393248302324272570434200718053391380105342044030734465517083605143508339300821034206224103420249110339329681034202841143420691614339239001634456010173247116918335078921933780122203247105721112564922112463023213350109121324694392531318916253247446927335031382732463477273352248927335200713112442481311
2446266342450173341244077234124701643712426803383354587539335458524032420462413244441641313098864332452137433242576143324387524332469043433132753643313322244332469014433133581443324250284331267343533553765001339300300233932483023242725704342007180533913801053420440307344655170836051435083393008210342062241034202491103393296810342028411434206916143392390016344560101732471169183350789219337801222032471057211125649221124630232133501091213246943925313189162532474469273350313827324634772733522489273352007131124424813113757063331
2450173342440772341247016437124268033833545875393354585240324204624132444416413130988643324521374332425761433243875243324690434331327536433133222443324690144331335814433242502843312673435335537650013393003002339324830232427257043420071805339138010534204403073446551708360514350833930082103420622410342024911033932968103420284114342069161433923900163445601017324711691833507892193378012220324710572111256492211246302321335010912132469439253131891625324744692733503138273246347727335224892733520071311244248131137570633312446266341
2440772342470164371242680338335458753933545852403242046241324444164131309886433245213743324257614332438752433246904343313275364331332224433246901443313358144332425028433126734353355376500133930030023393248302324272570434200718053391380105342044030734465517083605143508339300821034206224103420249110339329681034202841143420691614339239001634456010173247116918335078921933780122203247105721112564922112463023213350109121324694392531318916253247446927335031382732463477273352248927335200713112442481311375706333124462663412450173341
2470164372426803383354587539335458524032420462413244441641313098864332452137433242576143324387524332469043433132753643313322244332469014433133581443324250284331267343533553765001339300300233932483023242725704342007180533913801053420440307344655170836051435083393008210342062241034202491103393296810342028411434206916143392390016344560101732471169183350789219337801222032471057211125649221124630232133501091213246943925313189162532474469273350313827324634772733522489273352007131124424813113757063331244626634124501733412440772341
2426803383545875391354585240124204624112444416411130988643324521374332425761433243875243324690434331327536433133222443324690144331335814433242502843312673435315537650013393003002339324830232427257043420071805339138010534204403073446551708360514350833930082103420622410342024911033932968103420284114342069161433923900163445601017324711691833507892193378012220324710572131256492213246302321335010912132469439253131891625324744692733503138273246347727335224892733520071313244248131337570633332446266343245017334324407723432470164373
3545875393545852401242046241124444164111309886433245213743324257614332438752433246904343313275364331332224433246901443313358144332425028433126734353155376500133930030023393248302324272570434200718053391380105342044030734465517083605143508339300821034206224103420249110339329681034202841143420691614339239001634456010173247116918335078921933780122203247105721312564922132463023213350109121324694392531318916253247446927335031382732463477273352248927335200713132442481313375706333324462663432450173343244077234324701643732426803381
3545852402420462411244441641113098864332452137433242576143324387524332469043433132753643313322244332469014433133581443324250284331267343531553765001339300300233932483023242725704342007180533913801053420440307344655170836051435083393008210342062241034202491103393296810342028411434206916143392390016344560101732471169183350789219337801222032471057213125649221324630232133501091213246943925313189162532474469273350313827324634772733522489273352007131324424813133757063333244626634324501733432440772343247016437324268033813545875391
2420462412444416411130988643324521374332425761433243875243324690434331327536433133222443324690144331335814433242502843312673435315537650013393003002339324830232427257043420071805339138010534204403073446551708360514350833930082103420622410342024911033932968103420284114342069161433923900163445601017324711691833507892193378012220324710572131256492213246302321335010912132469439253131891625324744692733503138273246347727335224892733520071313244248131337570633332446266343245017334324407723432470164373242680338135458753913545852401
2444416411309886433245213743324257614332438752433246904343313275364331332224433246901443313358144332425028433126734353155376500133930030023393248302324272570434200718053391380105342044030734465517083605143508339300821034206224103420249110339329681034202841143420691614339239001634456010173247116918335078921933780122203247105721312564922132463023213350109121324694392531318916253247446927335031382732463477273352248927335200713132442481313375706333324462663432450173343244077234324701643732426803381354587539135458524012420462411
1309886432452137431242576143124387524312469043431132753643113322244312469014431133581443124250284311267343533553765001339300300233932483023242725704342007180533913801053420440307344655170836051435083393008210342062241034202491103393296810342028411434206916143392390016344560101732471169183350789219337801222032471057213125649221324630232133501091213246943925313189162532474469273350313827324634772733522489273352007131324424813133757063333244626634324501733432440772343247016437324268033833545875393354585240324204624132444416413
2452137432425761431243875243124690434311327536431133222443124690144311335814431242502843112673435335537650013393003002339324830232427257043420071805339138010534204403073446551708360514350833930082103420622410342024911033932968103420284114342069161433923900163445601017324711691833507892193378012220324710572131256492213246302321335010912132469439253131891625324744692733503138273246347727335224892733520071313244248131337570633332446266343245017334324407723432470164373242680338335458753933545852403242046241324444164131309886431
2425761432438752431246904343113275364311332224431246901443113358144312425028431126734353355376500133930030023393248302324272570434200718053391380105342044030734465517083605143508339300821034206224103420249110339329681034202841143420691614339239001634456010173247116918335078921933780122203247105721312564922132463023213350109121324694392531318916253247446927335031382732463477273352248927335200713132442481313375706333324462663432450173343244077234324701643732426803383354587539335458524032420462413244441641313098864312452137431
2438752432469043431132753643113322244312469014431133581443124250284311267343533553765001339300300233932483023242725704342007180533913801053420440307344655170836051435083393008210342062241034202491103393296810342028411434206916143392390016344560101732471169183350789219337801222032471057213125649221324630232133501091213246943925313189162532474469273350313827324634772733522489273352007131324424813133757063333244626634324501733432440772343247016437324268033833545875393354585240324204624132444416413130988643124521374312425761431
2469043431327536431133222443124690144311335814431242502843112673435335537650013393003002339324830232427257043420071805339138010534204403073446551708360514350833930082103420622410342024911033932968103420284114342069161433923900163445601017324711691833507892193378012220324710572131256492213246302321335010912132469439253131891625324744692733503138273246347727335224892733520071313244248131337570633332446266343245017334324407723432470164373242680338335458753933545852403242046241324444164131309886431245213743124257614312438752431
1327536431332224431246901443113358144312425028431126734353355376500133930030023393248302324272570434200718053391380105342044030734465517083605143508339300821034206224103420249110339329681034202841143420691614339239001634456010173247116918335078921933780122203247105721312564922132463023213350109121324694392531318916253247446927335031382732463477273352248927335200713132442481313375706333324462663432450173343244077234324701643732426803383354587539335458524032420462413244441641313098864312452137431242576143124387524312469043431
1332224432469014431133581443124250284311267343533553765001339300300233932483023242725704342007180533913801053420440307344655170836051435083393008210342062241034202491103393296810342028411434206916143392390016344560101732471169183350789219337801222032471057213125649221324630232133501091213246943925313189162532474469273350313827324634772733522489273352007131324424813133757063333244626634324501733432440772343247016437324268033833545875393354585240324204624132444416413130988643124521374312425761431243875243124690434311327536431
2469014431335814431242502843112673435335537650013393003002339324830232427257043420071805339138010534204403073446551708360514350833930082103420622410342024911033932968103420284114342069161433923900163445601017324711691833507892193378012220324710572131256492213246302321335010912132469439253131891625324744692733503138273246347727335224892733520071313244248131337570633332446266343245017334324407723432470164373242680338335458753933545852403242046241324444164131309886431245213743124257614312438752431246904343113275364311332224431
1335814432425028431126734353355376500133930030023393248302324272570434200718053391380105342044030734465517083605143508339300821034206224103420249110339329681034202841143420691614339239001634456010173247116918335078921933780122203247105721312564922132463023213350109121324694392531318916253247446927335031382732463477273352248927335200713132442481313375706333324462663432450173343244077234324701643732426803383354587539335458524032420462413244441641313098864312452137431242576143124387524312469043431132753643113322244312469014431
2425028431267343533553765001339300300233932483023242725704342007180533913801053420440307344655170836051435083393008210342062241034202491103393296810342028411434206916143392390016344560101732471169183350789219337801222032471057213125649221324630232133501091213246943925313189162532474469273350313827324634772733522489273352007131324424813133757063333244626634324501733432440772343247016437324268033833545875393354585240324204624132444416413130988643124521374312425761431243875243124690434311327536431133222443124690144311335814431
1267343535537650013393003002339324830232427257043420071805339138010534204403073446551708360514350833930082103420622410342024911033932968103420284114342069161433923900163445601017324711691833507892193378012220324710572131256492213246302321335010912132469439253131891625324744692733503138273246347727335224892733520071313244248131337570633332446266343245017334324407723432470164373242680338135458753913545852401242046241124444164111309886433245213743324257614332438752433246904343313275364331332224433246901443313358144332425028433
553770401393005302139325140214465546041605145804342028700614206951061420657208139301070814206282081420254508142000030813913824081392392308344560331533507917163390244717324710631832463052183350111618324694512132474481223350315022324742802233522503223352009426337570922632474601283245337829324464962932440795293350714232324690723332437712333246902033324771893632421757373
393005302393251402144655460416051458043420287006142069510614206572081393010708142062820814202545081420000308139138240813923923083445603315335079171633902447173247106318324630521833501116183246945121324744812233503150223247428022335225032233520094263375709226324746012832453378293244649629324407952933507142323246907233324377123332469020333247718936324217573735537704011
393251402446554604160514580434202870061420695106142065720813930107081420628208142025450814200003081391382408139239230834456033153350791716339024471732471063183246305218335011161832469451213247448122335031502232474280223352250322335200942633757092263247460128324533782932446496293244079529335071423232469072333243771233324690203332477189363242175737355377040113930053021
446554604605145804342028700614206951061420657208139301070814206282081420254508142000030813913824081392392308344560331533507917163390244717324710631832463052183350111618324694512132474481223350315022324742802233522503223352009426337570922632474601283245337829324464962932440795293350714232324690723332437712333246902033324771893632421757373553770401139300530213932514021
605145804420287006342069510634206572083393010708342062820834202545083420000308339138240833923923081445603315135079171613902447171247106318324630521813501116181246945121124744812213503150221247428022135225032213520094263375709226324746012832453378293244649629324407952933507142323246907233324377123332469020333247718936324217573735537704013393005302339325140234465546043
420287006420695106142065720813930107081420628208142025450814200003081391382408139239230834456033153350791716339024471732471063183246305218335011161832469451213247448122335031502232474280223352250322335200942633757092263247460128324533782932446496293244079529335071423232469072333243771233324690203332477189363242175737355377040113930053021393251402144655460416051458043
420695106420657208139301070814206282081420254508142000030813913824081392392308344560331533507917163390244717324710631832463052183350111618324694512132474481223350315022324742802233522503223352009426337570922632474601283245337829324464962932440795293350714232324690723332437712333246902033324771893632421757373553770401139300530213932514021446554604160514580434202870061
420657208393010708142062820814202545081420000308139138240813923923083445603315335079171633902447173247106318324630521833501116183246945121324744812233503150223247428022335225032233520094263375709226324746012832453378293244649629324407952933507142323246907233324377123332469020333247718936324217573735537704011393005302139325140214465546041605145804342028700614206951061
393010708420628208142025450814200003081391382408139239230834456033153350791716339024471732471063183246305218335011161832469451213247448122335031502232474280223352250322335200942633757092263247460128324533782932446496293244079529335071423232469072333243771233324690203332477189363242175737355377040113930053021393251402144655460416051458043420287006142069510614206572081
420628208420254508142000030813913824081392392308344560331533507917163390244717324710631832463052183350111618324694512132474481223350315022324742802233522503223352009426337570922632474601283245337829324464962932440795293350714232324690723332437712333246902033324771893632421757373553770401139300530213932514021446554604160514580434202870061420695106142065720813930107081
420254508420000308139138240813923923083445603315335079171633902447173247106318324630521833501116183246945121324744812233503150223247428022335225032233520094263375709226324746012832453378293244649629324407952933507142323246907233324377123332469020333247718936324217573735537704011393005302139325140214465546041605145804342028700614206951061420657208139301070814206282081
420000308391382408139239230834456033153350791716339024471732471063183246305218335011161832469451213247448122335031502232474280223352250322335200942633757092263247460128324533782932446496293244079529335071423232469072333243771233324690203332477189363242175737355377040113930053021393251402144655460416051458043420287006142069510614206572081393010708142062820814202545081
391382408392392308344560331533507917163390244717324710631832463052183350111618324694512132474481223350315022324742802233522503223352009426337570922632474601283245337829324464962932440795293350714232324690723332437712333246902033324771893632421757373553770401139300530213932514021446554604160514580434202870061420695106142065720813930107081420628208142025450814200003081
392392308445603315135079171613902447171247106318324630521813501116181246945121124744812213503150221247428022135225032213520094263375709226324746012832453378293244649629324407952933507142323246907233324377123332469020333247718936324217573735537704013393005302339325140234465546043605145804142028700634206951063420657208339301070834206282083420254508342000030833913824083
445603315350791716139024471712471063183246305218135011161812469451211247448122135031502212474280221352250322135200942633757092263247460128324533782932446496293244079529335071423232469072333243771233324690203332477189363242175737355377040133930053023393251402344655460436051458041420287006342069510634206572083393010708342062820834202545083420000308339138240833923923081
350791716390244717124710631832463052181350111618124694512112474481221350315022124742802213522503221352009426337570922632474601283245337829324464962932440795293350714232324690723332437712333246902033324771893632421757373553770401339300530233932514023446554604360514580414202870063420695106342065720833930107083420628208342025450834200003083391382408339239230814456033151
390244717247106318324630521813501116181246945121124744812213503150221247428022135225032213520094263375709226324746012832453378293244649629324407952933507142323246907233324377123332469020333247718936324217573735537704013393005302339325140234465546043605145804142028700634206951063420657208339301070834206282083420254508342000030833913824083392392308144560331513507917161
247106318246305218335011161832469451213247448122335031502232474280223352250322335200942613757092261247460128124533782912446496291244079529135071423232469072333243771233324690203332477189363242175737355377040133930053023393251402344655460436051458043420287006342069510634206572083393010708342062820834202545083420000308339138240833923923083445603315335079171633902447173
246305218350111618124694512112474481221350315022124742802213522503221352009426337570922632474601283245337829324464962932440795293350714232324690723332437712333246902033324771893632421757373553770401339300530233932514023446554604360514580414202870063420695106342065720833930107083420628208342025450834200003083391382408339239230814456033151350791716139024471712471063183
350111618246945121124744812213503150221247428022135225032213520094263375709226324746012832453378293244649629324407952933507142323246907233324377123332469020333247718936324217573735537704013393005302339325140234465546043605145804142028700634206951063420657208339301070834206282083420254508342000030833913824083392392308144560331513507917161390244717124710631832463052181
246945121247448122135031502212474280221352250322135200942633757092263247460128324533782932446496293244079529335071423232469072333243771233324690203332477189363242175737355377040133930053023393251402344655460436051458041420287006342069510634206572083393010708342062820834202545083420000308339138240833923923081445603315135079171613902447171247106318324630521813501116181
247448122350315022124742802213522503221352009426337570922632474601283245337829324464962932440795293350714232324690723332437712333246902033324771893632421757373553770401339300530233932514023446554604360514580414202870063420695106342065720833930107083420628208342025450834200003083391382408339239230814456033151350791716139024471712471063183246305218135011161812469451211
350315022247428022135225032213520094263375709226324746012832453378293244649629324407952933507142323246907233324377123332469020333247718936324217573735537704013393005302339325140234465546043605145804142028700634206951063420657208339301070834206282083420254508342000030833913824083392392308144560331513507917161390244717124710631832463052181350111618124694512112474481221
247428022352250322135200942633757092263247460128324533782932446496293244079529335071423232469072333243771233324690203332477189363242175737355377040133930053023393251402344655460436051458041420287006342069510634206572083393010708342062820834202545083420000308339138240833923923081445603315135079171613902447171247106318324630521813501116181246945121124744812213503150221
352250322352009426337570922632474601283245337829324464962932440795293350714232324690723332437712333246902033324771893632421757373553770401339300530233932514023446554604360514580414202870063420695106342065720833930107083420628208342025450834200003083391382408339239230814456033151350791716139024471712471063183246305218135011161812469451211247448122135031502212474280221
352009426375709226124746012812453378291244649629124407952913507142323246907233324377123332469020333247718936324217573735537704013393005302339325140234465546043605145804342028700634206951063420657208339301070834206282083420254508342000030833913824083392392308344560331533507917163390244717324710631812463052183350111618324694512132474481223350315022324742802233522503223
375709226247460128124533782912446496291244079529135071423232469072333243771233324690203332477189363242175737355377040133930053023393251402344655460436051458043420287006342069510634206572083393010708342062820834202545083420000308339138240833923923083445603315335079171633902447173247106318124630521833501116183246945121324744812233503150223247428022335225032233520094261
247460128245337829124464962912440795291350714232324690723332437712333246902033324771893632421757373553770401339300530233932514023446554604360514580434202870063420695106342065720833930107083420628208342025450834200003083391382408339239230834456033153350791716339024471732471063181246305218335011161832469451213247448122335031502232474280223352250322335200942613757092261
245337829244649629124407952913507142323246907233324377123332469020333247718936324217573735537704013393005302339325140234465546043605145804342028700634206951063420657208339301070834206282083420254508342000030833913824083392392308344560331533507917163390244717324710631812463052183350111618324694512132474481223350315022324742802233522503223352009426137570922612474601281
244649629244079529135071423232469072333243771233324690203332477189363242175737355377040133930053023393251402344655460436051458043420287006342069510634206572083393010708342062820834202545083420000308339138240833923923083445603315335079171633902447173247106318124630521833501116183246945121324744812233503150223247428022335225032233520094261375709226124746012812453378291
244079529350714232324690723332437712333246902033324771893632421757373553770401339300530233932514023446554604360514580434202870063420695106342065720833930107083420628208342025450834200003083391382408339239230834456033153350791716339024471732471063181246305218335011161832469451213247448122335031502232474280223352250322335200942613757092261247460128124533782912446496291
350714232246907233324377123332469020333247718936324217573715537704013393005302339325140234465546043605145804342028700634206951063420657208339301070834206282083420254508342000030833913824083392392308344560331533507917163390244717324710631832463052183350111618324694512132474481223350315022324742802233522503223352009426337570922632474601283245337829324464962932440795293
246907233243771233124690203312477189361242175737355377040133930053023393251402344655460436051458043420287006342069510634206572083393010708342062820834202545083420000308339138240833923923083445603315335079171633902447173247106318324630521833501116183246945121324744812233503150223247428022335225032233520094263375709226324746012832453378293244649629324407952933507142323
243771233246902033124771893612421757373553770401339300530233932514023446554604360514580434202870063420695106342065720833930107083420628208342025450834200003083391382408339239230834456033153350791716339024471732471063183246305218335011161832469451213247448122335031502232474280223352250322335200942633757092263247460128324533782932446496293244079529335071423232469072331
246902033247718936124217573735537704013393005302339325140234465546043605145804342028700634206951063420657208339301070834206282083420254508342000030833913824083392392308344560331533507917163390244717324710631832463052183350111618324694512132474481223350315022324742802233522503223352009426337570922632474601283245337829324464962932440795293350714232324690723312437712331
247718936242175737355377040133930053023393251402344655460436051458043420287006342069510634206572083393010708342062820834202545083420000308339138240833923923083445603315335079171633902447173247106318324630521833501116183246945121324744812233503150223247428022335225032233520094263375709226324746012832453378293244649629324407952933507142323246907233124377123312469020331
242175737553770401339300530233932514023446554604360514580434202870063420695106342065720833930107083420628208342025450834200003083391382408339239230834456033153350791716339024471732471063183246305218335011161832469451213247448122335031502232474280223352250322335200942633757092263247460128324533782932446496293244079529335071423212469072333243771233324690203332477189363
553763801393246002144655000314204389041242723405142006930513931590051420281205142024790513932945051391384705142068850513757040133127322014324710401532446237163244074316324701581833507797193
393246002446550003142043890412427234051420069305139315900514202812051420247905139329450513913847051420688505137570401331273220143247104015324462371632440743163247015818335077971935537638011
446550003420438904124272340514200693051393159005142028120514202479051393294505139138470514206885051375704013312732201432471040153244623716324407431632470158183350779719355376380113932460021
420438904242723405142006930513931590051420281205142024790513932945051391384705142068850513757040133127322014324710401532446237163244074316324701581833507797193553763801139324600214465500031
242723405420069305139315900514202812051420247905139329450513913847051420688505137570401331273220143247104015324462371632440743163247015818335077971935537638011393246002144655000314204389041
420069305393159005142028120514202479051393294505139138470514206885051375704013312732201432471040153244623716324407431632470158183350779719355376380113932460021446550003142043890412427234051
393159005420281205142024790513932945051391384705142068850513757040133127322014324710401532446237163244074316324701581833507797193553763801139324600214465500031420438904124272340514200693051
420281205420247905139329450513913847051420688505137570401331273220143247104015324462371632440743163247015818335077971935537638011393246002144655000314204389041242723405142006930513931590051
420247905393294505139138470514206885051375704013312732201432471040153244623716324407431632470158183350779719355376380113932460021446550003142043890412427234051420069305139315900514202812051
393294505391384705142068850513757040133127322014324710401532446237163244074316324701581833507797193553763801139324600214465500031420438904124272340514200693051393159005142028120514202479051
391384705420688505137570401331273220143247104015324462371632440743163247015818335077971935537638011393246002144655000314204389041242723405142006930513931590051420281205142024790513932945051
420688505375704013312732201432471040153244623716324407431632470158183350779719355376380113932460021446550003142043890412427234051420069305139315900514202812051420247905139329450513913847051
375704013127322014124710401512446237161244074316124701581813507797193553763801339324600234465500033420438904324272340534200693053393159005342028120534202479053393294505339138470534206885053
127322014247104015124462371612440743161247015818135077971935537638013393246002344655000334204389043242723405342006930533931590053420281205342024790533932945053391384705342068850533757040131
247104015244623716124407431612470158181350779719355376380133932460023446550003342043890432427234053420069305339315900534202812053420247905339329450533913847053420688505337570401311273220141
244623716244074316124701581813507797193553763801339324600234465500033420438904324272340534200693053393159005342028120534202479053393294505339138470534206885053375704013112732201412471040151
244074316247015818135077971935537638013393246002344655000334204389043242723405342006930533931590053420281205342024790533932945053391384705342068850533757040131127322014124710401512446237161
247015818350779719355376380133932460023446550003342043890432427234053420069305339315900534202812053420247905339329450533913847053420688505337570401311273220141247104015124462371612440743161
350779719553763801339324600234465500033420438904324272340534200693053393159005342028120534202479053393294505339138470534206885053375704013312732201432471040153244623716324407431632470158183
5531050013501783021
3501783025531050011
354287101447582302124295690313546509041390331704135464780413545800071243648608335119130832456365083244421511312536771232428995133
447582302242956903135465090413903317041354647804135458000712436486083351191308324563650832444215113125367712324289951333542871011
242956903354650904139033170413546478041354580007124364860833511913083245636508324442151131253677123242899513335428710114475823021
354650904390331704135464780413545800071243648608335119130832456365083244421511312536771232428995133354287101144758230212429569031
390331704354647804135458000712436486083351191308324563650832444215113125367712324289951333542871011447582302124295690313546509041
354647804354580007124364860833511913083245636508324442151131253677123242899513335428710114475823021242956903135465090413903317041
354580007243648608335119130832456365083244421511312536771232428995133354287101144758230212429569031354650904139033170413546478041
243648608351191308124563650812444215111125367712124289951313542871013447582302324295690333546509043390331704335464780433545800073
351191308245636508124442151111253677121242899513135428710134475823023242956903335465090433903317043354647804335458000732436486081
245636508244421511112536771212428995131354287101344758230232429569033354650904339033170433546478043354580007324364860813511913081
244421511125367712124289951313542871013447582302324295690333546509043390331704335464780433545800073243648608135119130812456365081
125367712242899513135428710134475823023242956903335465090433903317043354647804335458000732436486081351191308124563650812444215111
242899513354287101344758230232429569033354650904339033170433546478043354580007324364860813511913081245636508124442151111253677121
39035990139031450113905919011390301001139099000113788767011244067707335453780732437497073
39031450139059190113903010011390990001137887670112440677073354537807324374970733903599011
39059190139030100113909900011378876701124406770733545378073243749707339035990113903145011
39030100139099000113788767011244067707335453780732437497073390359901139031450113905919011
39099000137887670112440677073354537807324374970733903599011390314501139059190113903010011
37887670124406770733545378073243749707339035990113903145011390591901139030100113909900011
24406770735453780712437497071390359901339031450133905919013390301001339099000133788767013
35453780724374970713903599013390314501339059190133903010013390990001337887670132440677071
24374970739035990133903145013390591901339030100133909900013378876701324406770713545378071
37597310137683800213546001031
37683800235460010313759731011
35460010337597310113768380021
551190001351723502137819080333545705043
351723502378190803335457050435511900011
378190803354570504355119000133517235023
354570504551190001335172350233781908033
55376730149557240214465523031420625304142025220413932997041420693907124464670833507811093
49557240244655230314206253041420252204139329970414206939071244646708335078110935537673011
44655230342062530414202522041393299704142069390712446467083350781109355376730114955724021
42062530442025220413932997041420693907124464670833507811093553767301149557240214465523031
42025220439329970414206939071244646708335078110935537673011495572402144655230314206253041
39329970442069390712446467083350781109355376730114955724021446552303142062530414202522041
42069390724464670833507811093553767301149557240214465523031420625304142025220413932997041
24464670835078110935537673013495572402344655230334206253043420252204339329970434206939073
35078110955376730134955724023446552303342062530434202522043393299704342069390732446467083
551223601376462002144686740313758097041448145605142253510613774179071378210908137571170914232670091605772211355337641136051872113605140611355129571133771181163
376462002446867403137580970414481456051422535106137741790713782109081375711709142326700916057722113553376411360518721136051406113551295711337711811635512236011
446867403375809704144814560514225351061377417907137821090813757117091423267009160577221135533764113605187211360514061135512957113377118116355122360113764620021
375809704448145605142253510613774179071378210908137571170914232670091605772211355337641136051872113605140611355129571133771181163551223601137646200214468674031
448145605422535106137741790713782109081375711709142326700916057722113553376411360518721136051406113551295711337711811635512236011376462002144686740313758097041
422535106377417907137821090813757117091423267009160577221135533764113605187211360514061135512957113377118116355122360113764620021446867403137580970414481456051
377417907378210908137571170914232670091605772211355337641136051872113605140611355129571133771181163551223601137646200214468674031375809704144814560514225351061
378210908375711709142326700916057722113553376411360518721136051406113551295711337711811635512236011376462002144686740313758097041448145605142253510613774179071
375711709423267009160577221135533764113605187211360514061135512957113377118116355122360113764620021446867403137580970414481456051422535106137741790713782109081
423267009605772211355337641136051872113605140611355129571133771181163551223601137646200214468674031375809704144814560514225351061377417907137821090813757117091
605772211553376411160518721116051406111551295711137711811615512236013376462002344686740333758097043448145605342253510633774179073378210908337571170934232670093
553376411605187211160514061115512957111377118116155122360133764620023446867403337580970434481456053422535106337741790733782109083375711709342326700936057722111
605187211605140611155129571113771181161551223601337646200234468674033375809704344814560534225351063377417907337821090833757117093423267009360577221115533764111
605140611551295711137711811615512236013376462002344686740333758097043448145605342253510633774179073378210908337571170934232670093605772211155337641116051872111
551295711377118116155122360133764620023446867403337580970434481456053422535106337741790733782109083375711709342326700936057722111553376411160518721116051406111
377118116551223601337646200234468674033375809704344814560534225351063377417907337821090833757117093423267009360577221115533764111605187211160514061115512957111
3930900013910889023
3910889023930900013
552807101552560602155279530215526273021552594802155331030616064863061420897308339179920933785823091
552560602552795302155262730215525948021553310306160648630614208973083391799209337858230915528071011
552795302552627302155259480215533103061606486306142089730833917992093378582309155280710115525606021
552627302552594802155331030616064863061420897308339179920933785823091552807101155256060215527953021
552594802553310306160648630614208973083391799209337858230915528071011552560602155279530215526273021
553310306606486306142089730833917992093378582309155280710115525606021552795302155262730215525948021
606486306420897308339179920933785823091552807101155256060215527953021552627302155259480215533103061
420897308391799209337858230935528071013552560602355279530235526273023552594802355331030636064863063
391799209378582309355280710135525606023552795302355262730235525948023553310306360648630634208973083
378582309552807101155256060215527953021552627302155259480215533103061606486306142089730833917992093
5513193012454082021422899302142125900214975158021421119402142280420714215430071421536407142130810714217340071
2454082024228993021421259002149751580214211194021422804207142154300714215364071421308107142173400715513193011
4228993024212590021497515802142111940214228042071421543007142153640714213081071421734007155131930112454082021
4212590024975158021421119402142280420714215430071421536407142130810714217340071551319301124540820214228993021
4975158024211194021422804207142154300714215364071421308107142173400715513193011245408202142289930214212590021
4211194024228042071421543007142153640714213081071421734007155131930112454082021422899302142125900214975158021
4228042074215430071421536407142130810714217340071551319301124540820214228993021421259002149751580214211194021
4215430074215364071421308107142173400715513193011245408202142289930214212590021497515802142111940214228042071
4215364074213081071421734007155131930112454082021422899302142125900214975158021421119402142280420714215430071
4213081074217340071551319301124540820214228993021421259002149751580214211194021422804207142154300714215364071
4217340075513193011245408202142289930214212590021497515802142111940214228042071421543007142153640714213081071
5513218012454099021422903002142126210214975187021421121902142280650714215453071421538707142131120714217363071
2454099024229030021421262102149751870214211219021422806507142154530714215387071421311207142173630715513218011
4229030024212621021497518702142112190214228065071421545307142153870714213112071421736307155132180112454099021
4212621024975187021421121902142280650714215453071421538707142131120714217363071551321801124540990214229030021
4975187024211219021422806507142154530714215387071421311207142173630715513218011245409902142290300214212621021
4211219024228065071421545307142153870714213112071421736307155132180112454099021422903002142126210214975187021
4228065074215453071421538707142131120714217363071551321801124540990214229030021421262102149751870214211219021
4215453074215387071421311207142173630715513218011245409902142290300214212621021497518702142112190214228065071
4215387074213112071421736307155132180112454099021422903002142126210214975187021421121902142280650714215453071
4213112074217363071551321801124540990214229030021421262102149751870214211219021422806507142154530714215387071
4217363075513218011245409902142290300214212621021497518702142112190214228065071421545307142153870714213112071
42290820149752180114211231031446204504142280880514213141051421739205142126500814227901091
49752180142112310314462045041422808805142131410514217392051421265008142279010914229082011
42112310344620450414228088051421314105142173920514212650081422790109142290820114975218011
44620450442280880514213141051421739205142126500814227901091422908201149752180114211231031
42280880542131410514217392051421265008142279010914229082011497521801142112310314462045041
42131410542173920514212650081422790109142290820114975218011421123103144620450414228088051
42173920542126500814227901091422908201149752180114211231031446204504142280880514213141051
42126500842279010914229082011497521801142112310314462045041422808805142131410514217392051
42279010942290820114975218011421123103144620450414228088051421314105142173920514212650081
6054468014983608021445342503149528320414211886051390117506142151860712461892071
4983608024453425031495283204142118860513901175061421518607124618920716054468011
4453425034952832041421188605139011750614215186071246189207160544680114983608021
4952832044211886051390117506142151860712461892071605446801149836080214453425031
4211886053901175061421518607124618920716054468011498360802144534250314952832041
3901175064215186071246189207160544680114983608021445342503149528320414211886051
4215186072461892071605446801149836080214453425031495283204142118860513901175061
2461892076054468011498360802144534250314952832041421188605139011750614215186071
6054480014983620021445344803149528550414211900051390118106142152000712461917071
4983620024453448031495285504142119000513901181061421520007124619170716054480011
4453448034952855041421190005139011810614215200071246191707160544800114983620021
4952855044211900051390118106142152000712461917071605448001149836200214453448031
4211900053901181061421520007124619170716054480011498362002144534480314952855041
3901181064215200071246191707160544800114983620021445344803149528550414211900051
4215200072461917071605448001149836200214453448031495285504142119000513901181061
2461917076054480011498362002144534480314952855041421190005139011810614215200071
4230895014450361021445199803142295500314221399031422957303142308430314232641031
4450361024451998031422955003142213990314229573031423084303142326410314230895011
4451998034229550031422139903142295730314230843031423264103142308950114450361021
4229550034221399031422957303142308430314232641031423089501144503610214451998031
4221399034229573031423084303142326410314230895011445036102144519980314229550031
4229573034230843031423264103142308950114450361021445199803142295500314221399031
4230843034232641031423089501144503610214451998031422955003142213990314229573031
4232641034230895011445036102144519980314229550031422139903142295730314230843031
5513454014983206021423270103142281190414963741041445688906142258070714215588071445181107142120870714220833111
4983206024232701031422811904149637410414456889061422580707142155880714451811071421208707142208331115513454011
4232701034228119041496374104144568890614225807071421558807144518110714212087071422083311155134540114983206021
4228119044963741041445688906142258070714215588071445181107142120870714220833111551345401149832060214232701031
4963741044456889061422580707142155880714451811071421208707142208331115513454011498320602142327010314228119041
4456889064225807071421558807144518110714212087071422083311155134540114983206021423270103142281190414963741041
4225807074215588071445181107142120870714220833111551345401149832060214232701031422811904149637410414456889061
4215588074451811071421208707142208331115513454011498320602142327010314228119041496374104144568890614225807071
4451811074212087071422083311155134540114983206021423270103142281190414963741041445688906142258070714215588071
4212087074220833111551345401149832060214232701031422811904149637410414456889061422580707142155880714451811071
4220833115513454011498320602142327010314228119041496374104144568890614225807071421558807144518110714212087071
5507577014983229021423271803142281310414963764041445690306142208620714212101071422583609142156190914451834091
4983229024232718031422813104149637640414456903061422086207142121010714225836091421561909144518340915507577011
4232718034228131041496376404144569030614220862071421210107142258360914215619091445183409155075770114983229021
4228131044963764041445690306142208620714212101071422583609142156190914451834091550757701149832290214232718031
4963764044456903061422086207142121010714225836091421561909144518340915507577011498322902142327180314228131041
4456903064220862071421210107142258360914215619091445183409155075770114983229021423271803142281310414963764041
4220862074212101071422583609142156190914451834091550757701149832290214232718031422813104149637640414456903061
4212101074225836091421561909144518340915507577011498322902142327180314228131041496376404144569030614220862071
4225836094215619091445183409155075770114983229021423271803142281310414963764041445690306142208620714212101071
4215619094451834091550757701149832290214232718031422813104149637640414456903061422086207142121010714225836091
4451834095507577011498322902142327180314228131041496376404144569030614220862071421210107142258360914215619091
4472084014478135021447399403144656120414482639051
4478135024473994031446561204144826390514472084011
4473994034465612041448263905144720840114478135021
4465612044482639051447208401144781350214473994031
4482639054472084011447813502144739940314465612041
4472109014478158021447401903144656350414482651051
4478158024474019031446563504144826510514472109011
4474019034465635041448265105144721090114478158021
4465635044482651051447210901144781580214474019031
4482651054472109011447815802144740190314465635041
49532920144798960212460007031
44798960224600070314953292011
24600070349532920114479896021
552325701551588402155226830213541908041
551588402552268302135419080415523257011
552268302354190804155232570115515884021
354190804552325701155158840215522683021
552328601551590902155227140213541937041
551590902552271402135419370415523286011
552271402354193704155232860115515909021
354193704552328601155159090215522714021
552330001551592102155227370213541972041
551592102552273702135419720415523300011
552273702354197204155233000115515921021
354197204552330001155159210215522737021
49563910149569070214480379021496226204137727140514956853061
49569070244803790214962262041377271405149568530614956391011
44803790249622620413772714051495685306149563910114956907021
49622620437727140514956853061495639101149569070214480379021
37727140549568530614956391011495690702144803790214962262041
49568530649563910114956907021448037902149622620413772714051
495642201448039102149622850313772720041
448039102496228503137727200414956422011
496228503377272004149564220114480391021
377272004495642201144803910214962285031
55032950155090270214993570031
55090270249935700315503295011
49935700355032950115509027021
55033260155090330214993587031
55090330249935870315503326011
49935870355033260115509033021
55033490155090560214993593031
55090560249935930315503349011
49935930355033490115509056021
552199101552880001149924930315525115041552160805155365670513762176071
552880001499249303155251150415521608051553656705137621760715521991011
499249303552511504155216080515536567051376217607155219910115528800011
552511504552160805155365670513762176071552199101155288000114992493031
552160805553656705137621760715521991011552880001149924930315525115041
553656705376217607155219910115528800011499249303155251150415521608051
376217607552199101155288000114992493031552511504155216080515536567051
5511314014967727021
4967727025511314011
5511337014967756021
4967756025511337011
5511366015508602021
5508602025511366011
5516263014973797021497377402149710830214987664051
4973797024973774021497108302149876640515516263011
4973774024971083021498766405155162630114973797021
4971083024987664051551626301149737970214973774021
4987664055516263011497379702149737740214971083021
55162920149876870114957404011
49876870149574040115516292011
49574040155162920114987687011
5519221014557165021
4557165025519221011
5519244014557171021
4557171025519244011
1298208010438274021
0438274021298208011
1294423011224144021
1224144021294423011
55082170135441140213786633031122912404135027420411294452041
35441140237866330311229124041350274204112944520415508217011
37866330312291240413502742041129445204155082170113544114021
12291240435027420411294452041550821701135441140213786633031
35027420412944520415508217011354411402137866330311229124041
12944520455082170113544114021378663303112291240413502742041
5508246013544108021350044703135003290313786662051
3544108023500447031350032903137866620515508246011
3500447033500329031378666205155082460113544108021
3500329033786662051550824601135441080213500447031
3786662055508246011354410802135004470313500329031
35270090135377980212423549031
35377980224235490313527009011
24235490335270090113537798021
1269431010721998021
0721998021269431011
5415102013771821021
3771821025415102011
5415125013771844021
3771844025415125011
5514502014200581021
4200581025514502011
498545801245512402124551300212440708041243785304124335130411145261041
245512402245513002124407080412437853041243351304111452610414985458011
245513002244070804124378530412433513041114526104149854580112455124021
244070804243785304124335130411145261041498545801124551240212455130021
243785304243351304111452610414985458011245512402124551300212440708041
243351304114526104149854580112455124021245513002124407080412437853041
114526104498545801124551240212455130021244070804124378530412433513041
352167901354518301135239740115542059011
354518301352397401155420590113521679011
352397401554205901135216790113545183011
554205901352167901135451830113523974011
13137350124387230111333382011125148304112764310510073016051
24387230113333820111251483041127643105100730160511313735011
13333820112514830411276431051007301605113137350112438723011
12514830412764310510073016051131373501124387230111333382011
12764310500730160511313735011243872301113333820111251483041
00730160513137350112438723011133338201112514830411276431051
13111100124258150110067091031
24258150100670910311311110011
00670910313111100112425815011
128700901017142802113111330212436581021
017142802131113302124365810211287009011
131113302243658102112870090110171428021
243658102128700901101714280211311133021
128292801243255401113258270110523732041
243255401132582701105237320411282928011
132582701052373204112829280112432554011
052373204128292801124325540111325827011
12547480112546880111282940031
12546880112829400311254748011
12829400312547480111254688011
1329038012420226021
2420226021329038011
3549850012467682021
2467682023549850011
129398401127754802112858030310207304041
127754802128580303102073040411293984011
128580303020730404112939840111277548021
020730404129398401112775480211285803031
3549873012467707021
2467707023549873011
129400901127756002112858320310207327041
127756002128583203102073270411294009011
128583203020732704112940090111277560021
020732704129400901112775600211285832031
243848501129394901112512470310614877041
129394901125124703106148770412438485011
125124703061487704124384850111293949011
061487704243848501112939490111251247031
129396101243851602112512760310508276031
243851602125127603105082760311293961011
125127603050827603112939610112438516021
050827603129396101124385160211251276031
1339114013539544021
3539544021339114011
39105240135481290112429486031242596204135397160412420396041246892504111300350412437445041
35481290124294860312425962041353971604124203960412468925041113003504124374450413910524011
24294860324259620413539716041242039604124689250411130035041243744504139105240113548129011
24259620435397160412420396041246892504111300350412437445041391052401135481290112429486031
35397160424203960412468925041113003504124374450413910524011354812901124294860312425962041
24203960424689250411130035041243744504139105240113548129011242948603124259620413539716041
24689250411300350412437445041391052401135481290112429486031242596204135397160412420396041
11300350424374450413910524011354812901124294860312425962041353971604124203960412468925041
24374450439105240113548129011242948603124259620413539716041242039604124689250411130035041
24295000139105470213548141021242599104135398110412420410041246894804111300580412437468041
39105470235481410212425991041353981104124204100412468948041113005804124374680412429500011
35481410224259910413539811041242041004124689480411130058041243746804124295000113910547021
24259910435398110412420410041246894804111300580412437468041242950001139105470213548141021
35398110424204100412468948041113005804124374680412429500011391054702135481410212425991041
24204100424689480411130058041243746804124295000113910547021354814102124259910413539811041
24689480411300580412437468041242950001139105470213548141021242599104135398110412420410041
11300580424374680412429500011391054702135481410212425991041353981104124204100412468948041
24374680424295000113910547021354814102124259910413539811041242041004124689480411130058041
55087660149649240213538912031352460804135227040513765252051352262105135446630813761515081
49649240235389120313524608041352270405137652520513522621051354466308137615150815508766011
35389120335246080413522704051376525205135226210513544663081376151508155087660114964924021
35246080435227040513765252051352262105135446630813761515081550876601149649240213538912031
35227040537652520513522621051354466308137615150815508766011496492402135389120313524608041
37652520535226210513544663081376151508155087660114964924021353891203135246080413522704051
35226210535446630813761515081550876601149649240213538912031352460804135227040513765252051
35446630837615150815508766011496492402135389120313524608041352270405137652520513522621051
37615150855087660114964924021353891203135246080413522704051376525205135226210513544663081
35445220135049070213505781031
35049070235057810313544522011
35057810335445220113504907021
423219601350576902135445450213504936021
350576902354454502135049360214232196011
354454502350493602142321960113505769021
350493602423219601135057690213544545021
4232210013544568021350495903135041260413505775051
3544568023504959031350412604135057750514232210011
3504959033504126041350577505142322100113544568021
3504126043505775051423221001135445680213504959031
3505775054232210011354456802135049590313504126041
1300980011338830021
1338830021300980011
35499620137774330112464376011
37774330124643760113549962011
24643760135499620113777433011
3758246013543304021
3543304023758246011
2422780011161432021
1161432022422780011
3921048013783540021
3783540023921048011
39123390139210600213783557031
39210600237835570313912339011
37835570339123390113921060021
496126801495836101149515540114958438041495852705149631550512478303071
495836101495155401149584380414958527051496315505124783030714961268011
495155401495843804149585270514963155051247830307149612680114958361011
495843804495852705149631550512478303071496126801149583610114951554011
495852705496315505124783030714961268011495836101149515540114958438041
496315505247830307149612680114958361011495155401149584380414958527051
247830307496126801149583610114951554011495843804149585270514963155051
49612800149584500214961647031
49584500249616470314961280011
49616470349612800114958450021
5514488014226824021392591603124790990413761225051247916506135021330613525861061350273606124765281012475859101
4226824023925916031247909904137612250512479165061350213306135258610613502736061247652810124758591015514488011
3925916032479099041376122505124791650613502133061352586106135027360612476528101247585910155144880114226824021
2479099043761225051247916506135021330613525861061350273606124765281012475859101551448801142268240213925916031
3761225052479165061350213306135258610613502736061247652810124758591015514488011422682402139259160312479099041
2479165063502133061352586106135027360612476528101247585910155144880114226824021392591603124790990413761225051
3502133063525861061350273606124765281012475859101551448801142268240213925916031247909904137612250512479165061
3525861063502736061247652810124758591015514488011422682402139259160312479099041376122505124791650613502133061
3502736062476528101247585910155144880114226824021392591603124790990413761225051247916506135021330613525861061
2476528102475859101551448801142268240213925916031247909904137612250512479165061350213306135258610613502736061
2475859105514488011422682402139259160312479099041376122505124791650613502133061352586106135027360612476528101
5531038013501754021
3501754025531038011
04585780112573270110045385031
12573270100453850310458578011
00453850304585780111257327011
0003599010633202021
0633202020003599011
2427547013508093021
3508093022427547011
1281550013508118021
3508118021281550011
0202318013508147021
3508147020202318011
1281573013508176021
3508176021281573011
1281604013508199021
3508199021281604011
4222335013543882021
3543882024222335011
4222358013538237021
3538237024222358011
4222370013538266021
3538266024222370011
4222393013538289021
3538289024222393011
4222418013538303021
3538303024222418011
4222430013538332021
3538332024222430011
2420031011309797011376386203107925150411099325051128572006110233970710520946081
1309797013763862031079251504110993250511285720061102339707105209460812420031011
3763862030792515041109932505112857200611023397071052094608124200310111309797011
0792515041099325051128572006110233970710520946081242003101113097970113763862031
1099325051285720061102339707105209460812420031011130979701137638620310792515041
1285720061023397071052094608124200310111309797011376386203107925150411099325051
1023397070520946081242003101113097970113763862031079251504110993250511285720061
0520946082420031011130979701137638620310792515041109932505112857200611023397071
1265663013521320021
3521320021265663011
09429660137590330111263227031
37590330112632270310942966011
12632270309429660113759033011
4482533011273510021128018302112810240210944712021
1273510021280183021128102402109447120214482533011
1280183021281024021094471202144825330111273510021
1281024020944712021448253301112735100211280183021
0944712024482533011127351002112801830211281024021
3526955014986216011
4986216013526955011
5505236010967481021
0967481025505236011
5505265010967506021
0967506025505265011
49890250149685370211314120031131187703112684200310510876031
49685370213141200311311877031126842003105108760314989025011
13141200313118770311268420031051087603149890250114968537021
13118770312684200310510876031498902501149685370211314120031
12684200305108760314989025011496853702113141200311311877031
05108760349890250114968537021131412003113118770311268420031
13427190124387170211307700031134972704113107190511289190051
24387170213077000311349727041131071905112891900511342719011
13077000313497270411310719051128919005113427190112438717021
13497270413107190511289190051134271901124387170211307700031
13107190512891900511342719011243871702113077000311349727041
12891900513427190112438717021130770003113497270411310719051
242195801351226101124218520111295523011
351226101242185201112955230112421958011
242185201129552301124219580113512261011
129552301242195801135122610112421852011
376673101351229001124218810111295552011
351229001242188101112955520113766731011
242188101129555201137667310113512290011
129555201376673101135122900112421881011
376676001351232101124219120111295575011
351232101242191201112955750113766760011
242191201129557501137667600113512321011
129557501376676001135123210112421912011
1287883010722130021
0722130021287883011
2465631011293197021
1293197022465631011
246748101247064902149812940214455275041246565405124729500611306971071
247064902498129402144552750412465654051247295006113069710712467481011
498129402445527504124656540512472950061130697107124674810112470649021
445527504246565405124729500611306971071246748101124706490214981294021
246565405247295006113069710712467481011247064902149812940214455275041
247295006130697107124674810112470649021498129402144552750412465654051
130697107246748101124706490214981294021445527504124656540512472950061
246749801247067802149813020214455281041246567705124729670611306959071
247067802498130202144552810412465677051247296706113069590712467498011
498130202445528104124656770512472967061130695907124674980112470678021
445528104246567705124729670611306959071246749801124706780214981302021
246567705247296706113069590712467498011247067802149813020214455281041
247296706130695907124674980112470678021498130202144552810412465677051
130695907246749801124706780214981302021445528104124656770512472967061
3904469013787325021
3787325023904469011
3904481013903814021378734802137846570213903205021
3903814023787348021378465702139032050213904481011
3787348023784657021390320502139044810113903814021
3784657023903205021390448101139038140213787348021
3903205023904481011390381402137873480213784657021
39038370139045290113784686011
39045290137846860113903837011
37846860139038370113904529011
4968336014961191011
4961191014968336011
4464854012467328021
2467328024464854011
4464860012467340021
2467340024464860011
4464877012467386021
2467386024464877011
3769333011316395021
1316395023769333011
3769362011316403021
1316403023769362011
496645501421454802142124200313927068041392875404142101310413540240071
421454802421242003139270680413928754041421013104135402400714966455011
421242003392706804139287540414210131041354024007149664550114214548021
392706804392875404142101310413540240071496645501142145480214212420031
392875404421013104135402400714966455011421454802142124200313927068041
421013104354024007149664550114214548021421242003139270680413928754041
354024007496645501142145480214212420031392706804139287540414210131041
3769385011344397011
1344397013769385011
496647801421455402142124430313927074041392876004142101480413540228071
421455402421244303139270740413928760041421014804135402280714966478011
421244303392707404139287600414210148041354022807149664780114214554021
392707404392876004142101480413540228071496647801142145540214212443031
392876004421014804135402280714966478011421455402142124430313927074041
421014804354022807149664780114214554021421244303139270740413928760041
354022807496647801142145540214212443031392707404139287600414210148041
3769416011316432011
1316432013769416011
421016001392709702142145770213928783021421247202149664900213540205021
392709702421457702139287830214212472021496649002135402050214210160011
421457702392878302142124720214966490021354020502142101600113927097021
392878302421247202149664900213540205021421016001139270970214214577021
421247202496649002135402050214210160011392709702142145770213928783021
496649002354020502142101600113927097021421457702139287830214212472021
354020502421016001139270970214214577021392878302142124720214966490021
421018301392711102142146080213928814021421252602149665210213540197021
392711102421460802139288140214212526021496652102135401970214210183011
421460802392881402142125260214966521021354019702142101830113927111021
392881402421252602149665210213540197021421018301139271110214214608021
421252602496652102135401970214210183011392711102142146080213928814021
496652102354019702142101830113927111021421460802139288140214212526021
354019702421018301139271110214214608021392881402142125260214966521021
4955894013916550021
3916550024955894011
4955902013916573021
3916573024955902011
4955919013916604021
3916604024955919011
4955925013916627021
3916627024955925011
44717710100694340212420605031
00694340224206050314471771011
24206050344717710110069434021
4973840014973811011420153403137840600313778579051390040205135393890713783913081378071908137832211013782138101
4973811014201534031378406003137785790513900402051353938907137839130813780719081378322110137821381014973840011
4201534033784060031377857905139004020513539389071378391308137807190813783221101378213810149738400114973811011
3784060033778579051390040205135393890713783913081378071908137832211013782138101497384001149738110114201534031
3778579053900402051353938907137839130813780719081378322110137821381014973840011497381101142015340313784060031
3900402053539389071378391308137807190813783221101378213810149738400114973811011420153403137840600313778579051
3539389073783913081378071908137832211013782138101497384001149738110114201534031378406003137785790513900402051
3783913083780719081378322110137821381014973840011497381101142015340313784060031377857905139004020513539389071
3780719083783221101378213810149738400114973811011420153403137840600313778579051390040205135393890713783913081
3783221103782138101497384001149738110114201534031378406003137785790513900402051353938907137839130813780719081
3782138104973840011497381101142015340313784060031377857905139004020513539389071378391308137807190813783221101
60501400137850070214972467031497242103142015570514221927061353939506137808080813783942091378073109137785910913784083091390044809137832441413782144141
37850070249724670314972421031420155705142219270613539395061378080808137839420913780731091377859109137840830913900448091378324414137821441416050140011
49724670349724210314201557051422192706135393950613780808081378394209137807310913778591091378408309139004480913783244141378214414160501400113785007021
49724210342015570514221927061353939506137808080813783942091378073109137785910913784083091390044809137832441413782144141605014001137850070214972467031
42015570542219270613539395061378080808137839420913780731091377859109137840830913900448091378324414137821441416050140011378500702149724670314972421031
42219270635393950613780808081378394209137807310913778591091378408309139004480913783244141378214414160501400113785007021497246703149724210314201557051
35393950637808080813783942091378073109137785910913784083091390044809137832441413782144141605014001137850070214972467031497242103142015570514221927061
37808080837839420913780731091377859109137840830913900448091378324414137821441416050140011378500702149724670314972421031420155705142219270613539395061
37839420937807310913778591091378408309139004480913783244141378214414160501400113785007021497246703149724210314201557051422192706135393950613780808081
37807310937785910913784083091390044809137832441413782144141605014001137850070214972467031497242103142015570514221927061353939506137808080813783942091
37785910937840830913900448091378324414137821441416050140011378500702149724670314972421031420155705142219270613539395061378080808137839420913780731091
37840830939004480913783244141378214414160501400113785007021497246703149724210314201557051422192706135393950613780808081378394209137807310913778591091
39004480937832441413782144141605014001137850070214972467031497242103142015570514221927061353939506137808080813783942091378073109137785910913784083091
37832441437821441416050140011378500702149724670314972421031420155705142219270613539395061378080808137839420913780731091377859109137840830913900448091
37821441460501400113785007021497246703149724210314201557051422192706135393950613780808081378394209137807310913778591091378408309139004480913783244141
60501630142015860213785036031378396504149724960413780754041377862204137841140414972444041390031304137832671113780820111422195611135394261113782167111
42015860237850360313783965041497249604137807540413778622041378411404149724440413900313041378326711137808201114221956111353942611137821671116050163011
37850360337839650414972496041378075404137786220413784114041497244404139003130413783267111378082011142219561113539426111378216711160501630114201586021
37839650449724960413780754041377862204137841140414972444041390031304137832671113780820111422195611135394261113782167111605016301142015860213785036031
49724960437807540413778622041378411404149724440413900313041378326711137808201114221956111353942611137821671116050163011420158602137850360313783965041
37807540437786220413784114041497244404139003130413783267111378082011142219561113539426111378216711160501630114201586021378503603137839650414972496041
37786220437841140414972444041390031304137832671113780820111422195611135394261113782167111605016301142015860213785036031378396504149724960413780754041
37841140449724440413900313041378326711137808201114221956111353942611137821671116050163011420158602137850360313783965041497249604137807540413778622041
49724440439003130413783267111378082011142219561113539426111378216711160501630114201586021378503603137839650414972496041378075404137786220413784114041
39003130437832671113780820111422195611135394261113782167111605016301142015860213785036031378396504149724960413780754041377862204137841140414972444041
37832671137808201114221956111353942611137821671116050163011420158602137850360313783965041497249604137807540413778622041378411404149724440413900313041
37808201142219561113539426111378216711160501630114201586021378503603137839650414972496041378075404137786220413784114041497244404139003130413783267111
42219561135394261113782167111605016301142015860213785036031378396504149724960413780754041377862204137841140414972444041390031304137832671113780820111
35394261137821671116050163011420158602137850360313783965041497249604137807540413778622041378411404149724440413900313041378326711137808201114221956111
37821671160501630114201586021378503603137839650414972496041378075404137786220413784114041497244404139003130413783267111378082011142219561113539426111
6050192014201600021378505903137839880413780777041377864504137841370413780843081422197908135394320813782173081
4201600023785059031378398804137807770413778645041378413704137808430814221979081353943208137821730816050192011
3785059033783988041378077704137786450413784137041378084308142219790813539432081378217308160501920114201600021
3783988043780777041377864504137841370413780843081422197908135394320813782173081605019201142016000213785059031
3780777043778645041378413704137808430814221979081353943208137821730816050192011420160002137850590313783988041
3778645043784137041378084308142219790813539432081378217308160501920114201600021378505903137839880413780777041
3784137043780843081422197908135394320813782173081605019201142016000213785059031378398804137807770413778645041
3780843084221979081353943208137821730816050192011420160002137850590313783988041378077704137786450413784137041
4221979083539432081378217308160501920114201600021378505903137839880413780777041377864504137841370413780843081
3539432083782173081605019201142016000213785059031378398804137807770413778645041378413704137808430814221979081
3782173086050192011420160002137850590313783988041378077704137786450413784137041378084308142219790813539432081
605021701422199102135394490213782196041
422199102353944902137821960416050217011
353944902378219604160502170114221991021
378219604605021701142219910213539449021
375696801353679302137612020213776764021351923402139264650613760326071353316807135434740911300313101
353679302376120202137767640213519234021392646506137603260713533168071354347409113003131013756968011
376120202377676402135192340213926465061376032607135331680713543474091130031310137569680113536793021
377676402351923402139264650613760326071353316807135434740911300313101375696801135367930213761202021
351923402392646506137603260713533168071354347409113003131013756968011353679302137612020213776764021
392646506376032607135331680713543474091130031310137569680113536793021376120202137767640213519234021
376032607353316807135434740911300313101375696801135367930213761202021377676402135192340213926465061
353316807354347409113003131013756968011353679302137612020213776764021351923402139264650613760326071
354347409130031310137569680113536793021376120202137767640213519234021392646506137603260713533168071
130031310375696801135367930213761202021377676402135192340213926465061376032607135331680713543474091
498740501422062602144651210214212236021
422062602446512102142122360214987405011
446512102421223602149874050114220626021
421223602498740501142206260214465121021
352351401353681801135434970113540659011353318001137767870113519932011
353681801354349701135406590113533180011377678701135199320113523514011
354349701354065901135331800113776787011351993201135235140113536818011
354065901353318001137767870113519932011352351401135368180113543497011
353318001377678701135199320113523514011353681801135434970113540659011
377678701351993201135235140113536818011354349701135406590113533180011
351993201352351401135368180113543497011354065901135331800113776787011
49874280144651440214220649031
44651440242206490314987428011
42206490349874280114465144021
35235430135368470113540688011353321101137768180113519949011
35368470135406880113533211011377681801135199490113523543011
35406880135332110113776818011351994901135235430113536847011
35332110137768180113519949011352354301135368470113540688011
37768180135199490113523543011353684701135406880113533211011
35199490135235430113536847011354068801135332110113776818011
35235720135368760113540702011353323401137768300113520533011
35368760135407020113533234011377683001135205330113523572011
35407020135332340113776830011352053301135235720113536876011
35332340137768300113520533011352357201135368760113540702011
37768300135205330113523572011353687601135407020113533234011
35205330135235720113536876011354070201135332340113776830011
4987492014212319021422070903144652100313521277051
4212319024220709031446521003135212770514987492011
4220709034465210031352127705149874920114212319021
4465210033521277051498749201142123190214220709031
3521277054987492011421231902142207090314465210031
35168850135159570113527630031
35159570135276300313516885011
35276300335168850113515957011
353786401350665101135154430313503747031350518903116151980613507745071
350665101351544303135037470313505189031161519806135077450713537864011
351544303350374703135051890311615198061350774507135378640113506651011
350374703350518903116151980613507745071353786401135066510113515443031
350518903161519806135077450713537864011350665101135154430313503747031
161519806350774507135378640113506651011351544303135037470313505189031
350774507353786401135066510113515443031350374703135051890311615198061
35378870135066680113515466011350624301135077510113505195011
35066680135154660113506243011350775101135051950113537887011
35154660135062430113507751011350519501135378870113506668011
35062430135077510113505195011353788701135066680113515466011
35077510135051950113537887011350666801135154660113506243011
35051950135378870113506668011351546601135062430113507751011
35379010135066740113515472011350626601135077680113505203011
35066740135154720113506266011350776801135052030113537901011
35154720135062660113507768011350520301135379010113506674011
35062660135077680113505203011353790101135066740113515472011
35077680135052030113537901011350667401135154720113506266011
35052030135379010113506674011351547201135062660113507768011
35379240135066800113515489011350627201135077740113505226011
35066800135154890113506272011350777401135052260113537924011
35154890135062720113507774011350522601135379240113506680011
35062720135077740113505226011353792401135066800113515489011
35077740135052260113537924011350668001135154890113506272011
35052260135379240113506680011351548901135062720113507774011
1325891010679345021
0679345021325891011
4960286013531376021
3531376024960286011
37577320155298280214960300021496050102142007760513547561061353139906135253290613776729061
55298280249603000214960501021420077605135475610613531399061352532906137767290613757732011
49603000249605010214200776051354756106135313990613525329061377672906137577320115529828021
49605010242007760513547561061353139906135253290613776729061375773201155298280214960300021
42007760535475610613531399061352532906137767290613757732011552982802149603000214960501021
35475610635313990613525329061377672906137577320115529828021496030002149605010214200776051
35313990635253290613776729061375773201155298280214960300021496050102142007760513547561061
35253290637767290613757732011552982802149603000214960501021420077605135475610613531399061
37767290637577320115529828021496030002149605010214200776051354756106135313990613525329061
37577490155298110214960323031496052403135314130514200799061354757807135253410713776741071
55298110249603230314960524031353141305142007990613547578071352534107137767410713757749011
49603230349605240313531413051420079906135475780713525341071377674107137577490115529811021
49605240335314130514200799061354757807135253410713776741071375774901155298110214960323031
35314130542007990613547578071352534107137767410713757749011552981102149603230314960524031
42007990635475780713525341071377674107137577490115529811021496032303149605240313531413051
35475780735253410713776741071375774901155298110214960323031496052403135314130514200799061
35253410737767410713757749011552981102149603230314960524031353141305142007990613547578071
37767410737577490115529811021496032303149605240313531413051420079906135475780713525341071
49605470149603520213905977031
49603520239059770314960547011
39059770349605470114960352021
6057082015167319021
5167319026057082011
6057107015075273021
5075273026057107011
4972556014215772021
4215772024972556011
4972562014215789021
4215789024972562011
4972579014215795021
4215795024972579011
4961096011330099021
1330099024961096011
4961854014951407021
4951407024961854011
4961877014951436021
4951436024961877011
4961908014951459021
4951459024961908011
4961920014951471021
4951471024961920011
4961943014951494021
4951494024961943011
3788520013788862021421450203144814620413902855041392975904144604250713903033081378778508124423571013785421101
3788862024214502031448146204139028550413929759041446042507139030330813787785081244235710137854211013788520011
4214502034481462041390285504139297590414460425071390303308137877850812442357101378542110137885200113788862021
4481462043902855041392975904144604250713903033081378778508124423571013785421101378852001137888620214214502031
3902855043929759041446042507139030330813787785081244235710137854211013788520011378886202142145020314481462041
3929759044460425071390303308137877850812442357101378542110137885200113788862021421450203144814620413902855041
4460425073903033081378778508124423571013785421101378852001137888620214214502031448146204139028550413929759041
3903033083787785081244235710137854211013788520011378886202142145020314481462041390285504139297590414460425071
3787785082442357101378542110137885200113788862021421450203144814620413902855041392975904144604250713903033081
2442357103785421101378852001137888620214214502031448146204139028550413929759041446042507139030330813787785081
3785421103788520011378886202142145020314481462041390285504139297590414460425071390303308137877850812442357101
390875701391274702139049890311320066041
391274702390498903113200660413908757011
390498903132006604139087570113912747021
132006604390875701139127470213904989031
3786461014210852021378652103139081250412463827051
4210852023786521031390812504124638270513786461011
3786521033908125041246382705137864610114210852021
3908125042463827051378646101142108520213786521031
2463827053786461011421085202137865210313908125041
55222750142006640213914189031393192804139307450513930136051244064807139214620713921717071
42006640239141890313931928041393074505139301360512440648071392146207139217170715522275011
39141890339319280413930745051393013605124406480713921462071392171707155222750114200664021
39319280439307450513930136051244064807139214620713921717071552227501142006640213914189031
39307450539301360512440648071392146207139217170715522275011420066402139141890313931928041
39301360524406480713921462071392171707155222750114200664021391418903139319280413930745051
24406480739214620713921717071552227501142006640213914189031393192804139307450513930136051
39214620739217170715522275011420066402139141890313931928041393074505139301360512440648071
39217170755222750114200664021391418903139319280413930745051393013605124406480713921462071
35239450139305210113921835011
39305210139218350113523945011
39218350135239450113930521011
55349300142006700214981466031393075104139319340513921491061
42006700249814660313930751041393193405139214910615534930011
49814660339307510413931934051392149106155349300114200670021
39307510439319340513921491061553493001142006700214981466031
39319340539214910615534930011420067002149814660313930751041
39214910655349300114200670021498146603139307510413931934051
3774050013916001011
3916001013774050011
3774104013916018011
3916018013774104011
24336540155249950110523577011
55249950105235770112433654011
05235770124336540115524995011
552502601353287801124336770311252614031
353287801243367703112526140315525026011
243367703125261403155250260113532878011
125261403552502601135328780112433677031
55250490135328900113504474031
35328900135044740315525049011
35044740355250490113532890011
3917242013906250011
3906250013917242011
605691201553678002160551370316057308031605701805160615110613759748071
553678002605513703160573080316057018051606151106137597480716056912011
605513703605730803160570180516061511061375974807160569120115536780021
605730803605701805160615110613759748071605691201155367800216055137031
605701805606151106137597480716056912011553678002160551370316057308031
606151106375974807160569120115536780021605513703160573080316057018051
375974807605691201155367800216055137031605730803160570180516061511061
605693501553680502160551660316057320031605703005160615340613759760071
553680502605516603160573200316057030051606153406137597600716056935011
605516603605732003160570300516061534061375976007160569350115536805021
605732003605703005160615340613759760071605693501155368050216055166031
605703005606153406137597600716056935011553680502160551660316057320031
606153406375976007160569350115536805021605516603160573200316057030051
375976007605693501155368050216055166031605732003160570300516061534061
605695801553682802160551890316057343031605705305160615570613929601071
553682802605518903160573430316057053051606155706139296010716056958011
605518903605734303160570530516061557061392960107160569580115536828021
605734303605705305160615570613929601071605695801155368280216055189031
605705305606155706139296010716056958011553682802160551890316057343031
606155706392960107160569580115536828021605518903160573430316057053051
392960107605695801155368280216055189031605734303160570530516061557061
4964812013540056021
3540056024964812011
55293430155109640214473072031
55109640244730720315529343011
44730720355293430115510964021
5528042015533066021606482802155255690215527887021552623802155259020213785786081
5533066026064828021552556902155278870215526238021552590202137857860815528042011
6064828025525569021552788702155262380215525902021378578608155280420115533066021
5525569025527887021552623802155259020213785786081552804201155330660216064828021
5527887025526238021552590202137857860815528042011553306602160648280215525569021
5526238025525902021378578608155280420115533066021606482802155255690215527887021
5525902023785786081552804201155330660216064828021552556902155278870215526238021
3785786085528042011553306602160648280215525569021552788702155262380215525902021
6062841015518552011552174901155409130415513164041605147004139257090715521465081
5518552015521749011554091304155131640416051470041392570907155214650816062841011
5521749015540913041551316404160514700413925709071552146508160628410115518552011
5540913045513164041605147004139257090715521465081606284101155185520115521749011
5513164046051470041392570907155214650816062841011551855201155217490115540913041
6051470043925709071552146508160628410115518552011552174901155409130415513164041
3925709075521465081606284101155185520115521749011554091304155131640416051470041
5521465086062841011551855201155217490115540913041551316404160514700413925709071
4223665014979334011447873803142131930414214927041
4979334014478738031421319304142149270414223665011
4478738034213193041421492704142236650114979334011
4213193044214927041422366501149793340114478738031
4214927044223665011497933401144787380314213193041
42237250149793860114478773031422174904142132530514214991061
49793860144787730314221749041421325305142149910614223725011
44787730342217490414213253051421499106142237250114979386011
42217490442132530514214991061422372501149793860114478773031
42132530542149910614223725011497938601144787730314221749041
42149910642237250114979386011447877303142217490414213253051
42237600149794230114221784031447882704142133070514215045061
49794230142217840314478827041421330705142150450614223760011
42217840344788270414213307051421504506142237600114979423011
44788270442133070514215045061422376001149794230114221784031
42133070542150450614223760011497942301142217840314478827041
42150450642237600114979423011422178403144788270414213307051
42218210142238140214213359021421510502144788790214979475021
42238140242133590214215105021447887902149794750214221821011
42133590242151050214478879021497947502142218210114223814021
42151050244788790214979475021422182101142238140214213359021
44788790249794750214221821011422381402142133590214215105021
49794750242218210114223814021421335902142151050214478879021
6059342015505549011554354403160631250316060977051550480506155020020716051731081550063508149939720815507206081
5505549015543544031606312503160609770515504805061550200207160517310815500635081499397208155072060816059342011
5543544036063125031606097705155048050615502002071605173108155006350814993972081550720608160593420115505549011
6063125036060977051550480506155020020716051731081550063508149939720815507206081605934201155055490115543544031
6060977055504805061550200207160517310815500635081499397208155072060816059342011550554901155435440316063125031
5504805065502002071605173108155006350814993972081550720608160593420115505549011554354403160631250316060977051
5502002076051731081550063508149939720815507206081605934201155055490115543544031606312503160609770515504805061
6051731085500635081499397208155072060816059342011550554901155435440316063125031606097705155048050615502002071
5500635084993972081550720608160593420115505549011554354403160631250316060977051550480506155020020716051731081
4993972085507206081605934201155055490115543544031606312503160609770515504805061550200207160517310815500635081
5507206086059342011550554901155435440316063125031606097705155048050615502002071605173108155006350814993972081
5528527015520419021605416102155404800415534396051
5520419026054161021554048004155343960515528527011
6054161025540480041553439605155285270115520419021
5540480045534396051552852701155204190216054161021
5534396055528527011552041902160541610215540480041
4217529014472196011
4472196014217529011
1310895011259042011
1259042011310895011
13109260106789720111259065011
06789720112590650111310926011
12590650113109260110678972011
24204330124438420111281202011
24438420112812020112420433011
12812020124204330112443842011
5542384014450065021
4450065025542384011
5542421014450088021
4450088025542421011
5542467014450102021
4450102025542467011
5542409016072035021
6072035025542409011
5542444016072058021
6072058025542444011
5542496016072070021
6072070025542496011
55425100160720870214450125021
60720870244501250215542510011
44501250255425100116072087021
6052676013776913021
3776913026052676011
3910501014962374021
4962374023910501011
5505213013545390021
3545390025505213011
5505259013545415021
3545415025505259011
391429001391522002137790760213780582041
391522002377907602137805820413914290011
377907602378058204139142900113915220021
378058204391429001139152200213779076021
3768523013926519021
3926519023768523011
3768569013926548021
3926548023768569011
3768581013926560011
3926560013768581011
390876301391275302139049950311320072041
391275302390499503113200720413908763011
390499503132007204139087630113912753021
132007204390876301139127530213904995031
42006580155349240214981443031393191104139214560513930739061
55349240249814430313931911041392145605139307390614200658011
49814430339319110413921456051393073906142006580115534924021
39319110439214560513930739061420065801155349240214981443031
39214560539307390614200658011553492402149814430313931911041
39307390642006580115534924021498144303139319110413921456051
5528059015533072021606483402155255750215527893021552624402155259190213785792081
5533072026064834021552557502155278930215526244021552591902137857920815528059011
6064834025525575021552789302155262440215525919021378579208155280590115533072021
5525575025527893021552624402155259190213785792081552805901155330720216064834021
5527893025526244021552591902137857920815528059011553307202160648340215525575021
5526244025525919021378579208155280590115533072021606483402155255750215527893021
5525919023785792081552805901155330720216064834021552557502155278930215526244021
3785792085528059011553307202160648340215525575021552789302155262440215525919021
422367101422168902142149330314213201041
422168902421493303142132010414223671011
421493303421320104142236710114221689021
421320104422367101142216890214214933031
42237020149793570114478750031422172604142132300514214979061
49793570144787500314221726041421323005142149790614223702011
44787500342217260414213230051421497906142237020114979357011
42217260442132300514214979061422370201149793570114478750031
42132300542149790614223702011497935701144787500314221726041
42149790642237020114979357011447875003142217260414213230051
42237480149794000114221761031447880404142132820514215022061
49794000142217610314478804041421328205142150220614223748011
42217610344788040414213282051421502206142237480114979400011
44788040442132820514215022061422374801149794000114221761031
42132820542150220614223748011497940001142217610314478804041
42150220642237480114979400011422176103144788040414213282051
42218090142237830214215068021447885602149794520214213336061
42237830242150680214478856021497945202142133360614221809011
42150680244788560214979452021421333606142218090114223783021
44788560249794520214213336061422180901142237830214215068021
49794520242133360614221809011422378302142150680214478856021
42133360642218090114223783021421506802144788560214979452021
4217535014472204021
4472204024217535011
3914309013915237021378016803135216850413779082051
3915237023780168031352168504137790820513914309011
3780168033521685041377908205139143090113915237021
3521685043779082051391430901139152370213780168031
3779082053914309011391523702137801680313521685041
4987440014212265021422066103144651670313521248051
4212265024220661031446516703135212480514987440011
4220661034465167031352124805149874400114212265021
4465167033521248051498744001142122650214220661031
3521248054987440011421226502142206610314465167031
4987463014220684021446519602142122940213521260051
4220684024465196021421229402135212600514987463011
4465196024212294021352126005149874630114220684021
4212294023521260051498746301142206840214465196021
3521260054987463011422068402144651960214212294021
5528065015533089021606484002155255810215527901021552625002155259250213785800081
5533089026064840021552558102155279010215526250021552592502137858000815528065011
6064840025525581021552790102155262500215525925021378580008155280650115533089021
5525581025527901021552625002155259250213785800081552806501155330890216064840021
5527901025526250021552592502137858000815528065011553308902160648400215525581021
5526250025525925021378580008155280650115533089021606484002155255810215527901021
5525925023785800081552806501155330890216064840021552558102155279010215526250021
3785800085528065011553308902160648400215525581021552790102155262500215525925021
4217512014472173021
4472173024217512011
3541564013542167021353239303139074850413520326051352548205135398860511328458051552178405135165200513541794051353922505135266650513921344051351625305113284350513546521171354631418335463721932469907203
3542167023532393031390748504135203260513525482051353988605113284580515521784051351652005135417940513539225051352666505139213440513516253051132843505135465211713546314183354637219324699072033541564011
3532393033907485041352032605135254820513539886051132845805155217840513516520051354179405135392250513526665051392134405135162530511328435051354652117135463141833546372193246990720335415640113542167021
3907485043520326051352548205135398860511328458051552178405135165200513541794051353922505135266650513921344051351625305113284350513546521171354631418335463721932469907203354156401135421670213532393031
3520326053525482051353988605113284580515521784051351652005135417940513539225051352666505139213440513516253051132843505135465211713546314183354637219324699072033541564011354216702135323930313907485041
3525482053539886051132845805155217840513516520051354179405135392250513526665051392134405135162530511328435051354652117135463141833546372193246990720335415640113542167021353239303139074850413520326051
3539886051328458051552178405135165200513541794051353922505135266650513921344051351625305113284350513546521171354631418335463721932469907203354156401135421670213532393031390748504135203260513525482051
1328458055521784051351652005135417940513539225051352666505139213440513516253051132843505135465211713546314183354637219324699072033541564011354216702135323930313907485041352032605135254820513539886051
5521784053516520051354179405135392250513526665051392134405135162530511328435051354652117135463141833546372193246990720335415640113542167021353239303139074850413520326051352548205135398860511328458051
3516520053541794051353922505135266650513921344051351625305113284350513546521171354631418335463721932469907203354156401135421670213532393031390748504135203260513525482051353988605113284580515521784051
3541794053539225051352666505139213440513516253051132843505135465211713546314183354637219324699072033541564011354216702135323930313907485041352032605135254820513539886051132845805155217840513516520051
3539225053526665051392134405135162530511328435051354652117135463141833546372193246990720335415640113542167021353239303139074850413520326051352548205135398860511328458051552178405135165200513541794051
3526665053921344051351625305113284350513546521171354631418335463721932469907203354156401135421670213532393031390748504135203260513525482051353988605113284580515521784051351652005135417940513539225051
3921344053516253051132843505135465211713546314183354637219324699072033541564011354216702135323930313907485041352032605135254820513539886051132845805155217840513516520051354179405135392250513526665051
3516253051328435051354652117135463141833546372193246990720335415640113542167021353239303139074850413520326051352548205135398860511328458051552178405135165200513541794051353922505135266650513921344051
1328435053546521171354631418335463721932469907203354156401135421670213532393031390748504135203260513525482051353988605113284580515521784051351652005135417940513539225051352666505139213440513516253051
3546521173546314183354637219324699072033541564011354216702135323930313907485041352032605135254820513539886051132845805155217840513516520051354179405135392250513526665051392134405135162530511328435051
3546314183546372191246990720135415640133542167023353239303339074850433520326053352548205335398860531328458053552178405335165200533541794053353922505335266650533921344053351625305313284350533546521173
3546372192469907201354156401335421670233532393033390748504335203260533525482053353988605313284580535521784053351652005335417940533539225053352666505339213440533516253053132843505335465211733546314181
2469907203541564013354216702335323930333907485043352032605335254820533539886053132845805355217840533516520053354179405335392250533526665053392134405335162530531328435053354652117335463141813546372191
3541593013542204021390752203135465500413520355051352551305135399170511292631051552179005135165660513541819051353925405135266940513921373051351629905135324180511292507051496249218337658551834455737203378222721337708792233904386223354431522339225042233904328223376234822335444272231345764223375601730312847323132443948313351880331324440433132452539313350268231312859213732474647373246131439335463433933519470393246994239335464033932478355393133161545339112164533911096453
3542204023907522031354655004135203550513525513051353991705112926310515521790051351656605135418190513539254051352669405139213730513516299051353241805112925070514962492183376585518344557372033782227213377087922339043862233544315223392250422339043282233762348223354442722313457642233756017303128473231324439483133518803313244404331324525393133502682313128592137324746473732461314393354634339335194703932469942393354640339324783553931331615453391121645339110964533541593011
3907522033546550041352035505135255130513539917051129263105155217900513516566051354181905135392540513526694051392137305135162990513532418051129250705149624921833765855183445573720337822272133770879223390438622335443152233922504223390432822337623482233544427223134576422337560173031284732313244394831335188033132444043313245253931335026823131285921373247464737324613143933546343393351947039324699423933546403393247835539313316154533911216453391109645335415930113542204021
3546550043520355051352551305135399170511292631051552179005135165660513541819051353925405135266940513921373051351629905135324180511292507051496249218337658551834455737203378222721337708792233904386223354431522339225042233904328223376234822335444272231345764223375601730312847323132443948313351880331324440433132452539313350268231312859213732474647373246131439335463433933519470393246994239335464033932478355393133161545339112164533911096453354159301135422040213907522031
3520355053525513051353991705112926310515521790051351656605135418190513539254051352669405139213730513516299051353241805112925070514962492183376585518344557372033782227213377087922339043862233544315223392250422339043282233762348223354442722313457642233756017303128473231324439483133518803313244404331324525393133502682313128592137324746473732461314393354634339335194703932469942393354640339324783553931331615453391121645339110964533541593011354220402139075220313546550041
3525513053539917051129263105155217900513516566051354181905135392540513526694051392137305135162990513532418051129250705149624921833765855183445573720337822272133770879223390438622335443152233922504223390432822337623482233544427223134576422337560173031284732313244394831335188033132444043313245253931335026823131285921373247464737324613143933546343393351947039324699423933546403393247835539313316154533911216453391109645335415930113542204021390752203135465500413520355051
3539917051292631051552179005135165660513541819051353925405135266940513921373051351629905135324180511292507051496249218337658551834455737203378222721337708792233904386223354431522339225042233904328223376234822335444272231345764223375601730312847323132443948313351880331324440433132452539313350268231312859213732474647373246131439335463433933519470393246994239335464033932478355393133161545339112164533911096453354159301135422040213907522031354655004135203550513525513051
1292631055521790051351656605135418190513539254051352669405139213730513516299051353241805112925070514962492183376585518344557372033782227213377087922339043862233544315223392250422339043282233762348223354442722313457642233756017303128473231324439483133518803313244404331324525393133502682313128592137324746473732461314393354634339335194703932469942393354640339324783553931331615453391121645339110964533541593011354220402139075220313546550041352035505135255130513539917051
5521790053516566051354181905135392540513526694051392137305135162990513532418051129250705149624921833765855183445573720337822272133770879223390438622335443152233922504223390432822337623482233544427223134576422337560173031284732313244394831335188033132444043313245253931335026823131285921373247464737324613143933546343393351947039324699423933546403393247835539313316154533911216453391109645335415930113542204021390752203135465500413520355051352551305135399170511292631051
3516566053541819051353925405135266940513921373051351629905135324180511292507051496249218337658551834455737203378222721337708792233904386223354431522339225042233904328223376234822335444272231345764223375601730312847323132443948313351880331324440433132452539313350268231312859213732474647373246131439335463433933519470393246994239335464033932478355393133161545339112164533911096453354159301135422040213907522031354655004135203550513525513051353991705112926310515521790051
3541819053539254051352669405139213730513516299051353241805112925070514962492183376585518344557372033782227213377087922339043862233544315223392250422339043282233762348223354442722313457642233756017303128473231324439483133518803313244404331324525393133502682313128592137324746473732461314393354634339335194703932469942393354640339324783553931331615453391121645339110964533541593011354220402139075220313546550041352035505135255130513539917051129263105155217900513516566051
3539254053526694051392137305135162990513532418051129250705149624921833765855183445573720337822272133770879223390438622335443152233922504223390432822337623482233544427223134576422337560173031284732313244394831335188033132444043313245253931335026823131285921373247464737324613143933546343393351947039324699423933546403393247835539313316154533911216453391109645335415930113542204021390752203135465500413520355051352551305135399170511292631051552179005135165660513541819051
3526694053921373051351629905135324180511292507051496249218337658551834455737203378222721337708792233904386223354431522339225042233904328223376234822335444272231345764223375601730312847323132443948313351880331324440433132452539313350268231312859213732474647373246131439335463433933519470393246994239335464033932478355393133161545339112164533911096453354159301135422040213907522031354655004135203550513525513051353991705112926310515521790051351656605135418190513539254051
3921373053516299051353241805112925070514962492183376585518344557372033782227213377087922339043862233544315223392250422339043282233762348223354442722313457642233756017303128473231324439483133518803313244404331324525393133502682313128592137324746473732461314393354634339335194703932469942393354640339324783553931331615453391121645339110964533541593011354220402139075220313546550041352035505135255130513539917051129263105155217900513516566051354181905135392540513526694051
3516299053532418051129250705149624921833765855183445573720337822272133770879223390438622335443152233922504223390432822337623482233544427223134576422337560173031284732313244394831335188033132444043313245253931335026823131285921373247464737324613143933546343393351947039324699423933546403393247835539313316154533911216453391109645335415930113542204021390752203135465500413520355051352551305135399170511292631051552179005135165660513541819051353925405135266940513921373051
3532418051292507051496249218337658551834455737203378222721337708792233904386223354431522339225042233904328223376234822335444272231345764223375601730312847323132443948313351880331324440433132452539313350268231312859213732474647373246131439335463433933519470393246994239335464033932478355393133161545339112164533911096453354159301135422040213907522031354655004135203550513525513051353991705112926310515521790051351656605135418190513539254051352669405139213730513516299051
1292507054962492183376585518344557372033782227213377087922339043862233544315223392250422339043282233762348223354442722313457642233756017303128473231324439483133518803313244404331324525393133502682313128592137324746473732461314393354634339335194703932469942393354640339324783553931331615453391121645339110964533541593011354220402139075220313546550041352035505135255130513539917051129263105155217900513516566051354181905135392540513526694051392137305135162990513532418051
4962492183765855181445573720137822272113770879221390438622135443152213922504221390432822137623482213544427221134576422137560173031284732313244394831335188033132444043313245253931335026823131285921373247464737324613143933546343393351947039324699423933546403393247835539313316154533911216453391109645335415930133542204023390752203335465500433520355053352551305335399170531292631053552179005335165660533541819053353925405335266940533921373053351629905335324180531292507053
3765855184455737201378222721137708792213904386221354431522139225042213904328221376234822135444272211345764221375601730312847323132443948313351880331324440433132452539313350268231312859213732474647373246131439335463433933519470393246994239335464033932478355393133161545339112164533911096453354159301335422040233907522033354655004335203550533525513053353991705312926310535521790053351656605335418190533539254053352669405339213730533516299053353241805312925070534962492181
4455737203782227211377087922139043862213544315221392250422139043282213762348221354442722113457642213756017303128473231324439483133518803313244404331324525393133502682313128592137324746473732461314393354634339335194703932469942393354640339324783553931331615453391121645339110964533541593013354220402339075220333546550043352035505335255130533539917053129263105355217900533516566053354181905335392540533526694053392137305335162990533532418053129250705349624921813765855181
3782227213770879221390438622135443152213922504221390432822137623482213544427221134576422137560173031284732313244394831335188033132444043313245253931335026823131285921373247464737324613143933546343393351947039324699423933546403393247835539313316154533911216453391109645335415930133542204023390752203335465500433520355053352551305335399170531292631053552179005335165660533541819053353925405335266940533921373053351629905335324180531292507053496249218137658551814455737201
3770879223904386221354431522139225042213904328221376234822135444272211345764221375601730312847323132443948313351880331324440433132452539313350268231312859213732474647373246131439335463433933519470393246994239335464033932478355393133161545339112164533911096453354159301335422040233907522033354655004335203550533525513053353991705312926310535521790053351656605335418190533539254053352669405339213730533516299053353241805312925070534962492181376585518144557372013782227211
3904386223544315221392250422139043282213762348221354442722113457642213756017303128473231324439483133518803313244404331324525393133502682313128592137324746473732461314393354634339335194703932469942393354640339324783553931331615453391121645339110964533541593013354220402339075220333546550043352035505335255130533539917053129263105355217900533516566053354181905335392540533526694053392137305335162990533532418053129250705349624921813765855181445573720137822272113770879221
3544315223922504221390432822137623482213544427221134576422137560173031284732313244394831335188033132444043313245253931335026823131285921373247464737324613143933546343393351947039324699423933546403393247835539313316154533911216453391109645335415930133542204023390752203335465500433520355053352551305335399170531292631053552179005335165660533541819053353925405335266940533921373053351629905335324180531292507053496249218137658551814455737201378222721137708792213904386221
3922504223904328221376234822135444272211345764221375601730312847323132443948313351880331324440433132452539313350268231312859213732474647373246131439335463433933519470393246994239335464033932478355393133161545339112164533911096453354159301335422040233907522033354655004335203550533525513053353991705312926310535521790053351656605335418190533539254053352669405339213730533516299053353241805312925070534962492181376585518144557372013782227211377087922139043862213544315221
3904328223762348221354442722113457642213756017303128473231324439483133518803313244404331324525393133502682313128592137324746473732461314393354634339335194703932469942393354640339324783553931331615453391121645339110964533541593013354220402339075220333546550043352035505335255130533539917053129263105355217900533516566053354181905335392540533526694053392137305335162990533532418053129250705349624921813765855181445573720137822272113770879221390438622135443152213922504221
3762348223544427221134576422137560173031284732313244394831335188033132444043313245253931335026823131285921373247464737324613143933546343393351947039324699423933546403393247835539313316154533911216453391109645335415930133542204023390752203335465500433520355053352551305335399170531292631053552179005335165660533541819053353925405335266940533921373053351629905335324180531292507053496249218137658551814455737201378222721137708792213904386221354431522139225042213904328221
3544427221345764221375601730312847323132443948313351880331324440433132452539313350268231312859213732474647373246131439335463433933519470393246994239335464033932478355393133161545339112164533911096453354159301335422040233907522033354655004335203550533525513053353991705312926310535521790053351656605335418190533539254053352669405339213730533516299053353241805312925070534962492181376585518144557372013782227211377087922139043862213544315221392250422139043282213762348221
1345764223756017303128473231324439483133518803313244404331324525393133502682313128592137324746473732461314393354634339335194703932469942393354640339324783553931331615453391121645339110964533541593013354220402339075220333546550043352035505335255130533539917053129263105355217900533516566053354181905335392540533526694053392137305335162990533532418053129250705349624921813765855181445573720137822272113770879221390438622135443152213922504221390432822137623482213544427221
3756017301284732311244394831135188033112444043311245253931135026823111285921373247464737324613143933546343393351947039324699423933546403393247835539313316154533911216453391109645335415930133542204023390752203335465500433520355053352551305335399170531292631053552179005335165660533541819053353925405335266940533921373053351629905335324180531292507053496249218337658551834455737203378222721337708792233904386223354431522339225042233904328223376234822335444272231345764223
1284732312443948311351880331124440433112452539311350268231112859213732474647373246131439335463433933519470393246994239335464033932478355393133161545339112164533911096453354159301335422040233907522033354655004335203550533525513053353991705312926310535521790053351656605335418190533539254053352669405339213730533516299053353241805312925070534962492183376585518344557372033782227213377087922339043862233544315223392250422339043282233762348223354442722313457642233756017301
2443948313518803311244404331124525393113502682311128592137324746473732461314393354634339335194703932469942393354640339324783553931331615453391121645339110964533541593013354220402339075220333546550043352035505335255130533539917053129263105355217900533516566053354181905335392540533526694053392137305335162990533532418053129250705349624921833765855183445573720337822272133770879223390438622335443152233922504223390432822337623482233544427223134576422337560173011284732311
3518803312444043311245253931135026823111285921373247464737324613143933546343393351947039324699423933546403393247835539313316154533911216453391109645335415930133542204023390752203335465500433520355053352551305335399170531292631053552179005335165660533541819053353925405335266940533921373053351629905335324180531292507053496249218337658551834455737203378222721337708792233904386223354431522339225042233904328223376234822335444272231345764223375601730112847323112443948311
2444043312452539311350268231112859213732474647373246131439335463433933519470393246994239335464033932478355393133161545339112164533911096453354159301335422040233907522033354655004335203550533525513053353991705312926310535521790053351656605335418190533539254053352669405339213730533516299053353241805312925070534962492183376585518344557372033782227213377087922339043862233544315223392250422339043282233762348223354442722313457642233756017301128473231124439483113518803311
2452539313502682311128592137324746473732461314393354634339335194703932469942393354640339324783553931331615453391121645339110964533541593013354220402339075220333546550043352035505335255130533539917053129263105355217900533516566053354181905335392540533526694053392137305335162990533532418053129250705349624921833765855183445573720337822272133770879223390438622335443152233922504223390432822337623482233544427223134576422337560173011284732311244394831135188033112444043311
3502682311285921373247464737324613143933546343393351947039324699423933546403393247835539313316154533911216453391109645335415930133542204023390752203335465500433520355053352551305335399170531292631053552179005335165660533541819053353925405335266940533921373053351629905335324180531292507053496249218337658551834455737203378222721337708792233904386223354431522339225042233904328223376234822335444272231345764223375601730112847323112443948311351880331124440433112452539311
1285921372474647371246131439135463433913519470391246994239135464033912478355391133161545339112164533911096453354159301335422040233907522033354655004335203550533525513053353991705312926310535521790053351656605335418190533539254053352669405339213730533516299053353241805312925070534962492183376585518344557372033782227213377087922339043862233544315223392250422339043282233762348223354442722313457642233756017303128473231324439483133518803313244404331324525393133502682313
2474647372461314391354634339135194703912469942391354640339124783553911331615453391121645339110964533541593013354220402339075220333546550043352035505335255130533539917053129263105355217900533516566053354181905335392540533526694053392137305335162990533532418053129250705349624921833765855183445573720337822272133770879223390438622335443152233922504223390432822337623482233544427223134576422337560173031284732313244394831335188033132444043313245253931335026823131285921371
2461314393546343391351947039124699423913546403391247835539113316154533911216453391109645335415930133542204023390752203335465500433520355053352551305335399170531292631053552179005335165660533541819053353925405335266940533921373053351629905335324180531292507053496249218337658551834455737203378222721337708792233904386223354431522339225042233904328223376234822335444272231345764223375601730312847323132443948313351880331324440433132452539313350268231312859213712474647371
3546343393519470391246994239135464033912478355391133161545339112164533911096453354159301335422040233907522033354655004335203550533525513053353991705312926310535521790053351656605335418190533539254053352669405339213730533516299053353241805312925070534962492183376585518344557372033782227213377087922339043862233544315223392250422339043282233762348223354442722313457642233756017303128473231324439483133518803313244404331324525393133502682313128592137124746473712461314391
3519470392469942391354640339124783553911331615453391121645339110964533541593013354220402339075220333546550043352035505335255130533539917053129263105355217900533516566053354181905335392540533526694053392137305335162990533532418053129250705349624921833765855183445573720337822272133770879223390438622335443152233922504223390432822337623482233544427223134576422337560173031284732313244394831335188033132444043313245253931335026823131285921371247464737124613143913546343391
2469942393546403391247835539113316154533911216453391109645335415930133542204023390752203335465500433520355053352551305335399170531292631053552179005335165660533541819053353925405335266940533921373053351629905335324180531292507053496249218337658551834455737203378222721337708792233904386223354431522339225042233904328223376234822335444272231345764223375601730312847323132443948313351880331324440433132452539313350268231312859213712474647371246131439135463433913519470391
3546403392478355391133161545339112164533911096453354159301335422040233907522033354655004335203550533525513053353991705312926310535521790053351656605335418190533539254053352669405339213730533516299053353241805312925070534962492183376585518344557372033782227213377087922339043862233544315223392250422339043282233762348223354442722313457642233756017303128473231324439483133518803313244404331324525393133502682313128592137124746473712461314391354634339135194703912469942391
2478355391331615453391121645339110964533541593013354220402339075220333546550043352035505335255130533539917053129263105355217900533516566053354181905335392540533526694053392137305335162990533532418053129250705349624921833765855183445573720337822272133770879223390438622335443152233922504223390432822337623482233544427223134576422337560173031284732313244394831335188033132444043313245253931335026823131285921371247464737124613143913546343391351947039124699423913546403391
1331615453911216451391109645135415930133542204023390752203335465500433520355053352551305335399170531292631053552179005335165660533541819053353925405335266940533921373053351629905335324180531292507053496249218337658551834455737203378222721337708792233904386223354431522339225042233904328223376234822335444272231345764223375601730312847323132443948313351880331324440433132452539313350268231312859213732474647373246131439335463433933519470393246994239335464033932478355393
3911216453911096451354159301335422040233907522033354655004335203550533525513053353991705312926310535521790053351656605335418190533539254053352669405339213730533516299053353241805312925070534962492183376585518344557372033782227213377087922339043862233544315223392250422339043282233762348223354442722313457642233756017303128473231324439483133518803313244404331324525393133502682313128592137324746473732461314393354634339335194703932469942393354640339324783553931331615451
3911096453541593013354220402339075220333546550043352035505335255130533539917053129263105355217900533516566053354181905335392540533526694053392137305335162990533532418053129250705349624921833765855183445573720337822272133770879223390438622335443152233922504223390432822337623482233544427223134576422337560173031284732313244394831335188033132444043313245253931335026823131285921373247464737324613143933546343393351947039324699423933546403393247835539313316154513911216451
37560460149625170233765884023445574304335443380533782262063244396007124440720713518832071246512807135027070713904400123392252712335444561433770916153390434015337623541531345793153
49625170237658840214455743041354433805137822620612443960073244407207335188320732465128073350270707339044001213922527121354445614137709161513904340151376235415113457931513756046013
37658840244557430413544338051378226206124439600732444072073351883207324651280733502707073390440012139225271213544456141377091615139043401513762354151134579315137560460134962517021
44557430435443380513782262061244396007324440720733518832073246512807335027070733904400121392252712135444561413770916151390434015137623541511345793151375604601349625170213765884021
35443380537822620612443960073244407207335188320732465128073350270707339044001213922527121354445614137709161513904340151376235415113457931513756046013496251702137658840214455743041
37822620624439600732444072073351883207324651280733502707073390440012139225271213544456141377091615139043401513762354151134579315137560460134962517021376588402144557430413544338051
24439600724440720713518832071246512807135027070713904400123392252712335444561433770916153390434015337623541531345793153375604601149625170233765884023445574304335443380533782262063
24440720735188320712465128071350270707139044001233922527123354445614337709161533904340153376235415313457931533756046011496251702337658840234455743043354433805337822620632443960071
35188320724651280713502707071390440012339225271233544456143377091615339043401533762354153134579315337560460114962517023376588402344557430433544338053378226206324439600712444072071
24651280735027070713904400123392252712335444561433770916153390434015337623541531345793153375604601149625170233765884023445574304335443380533782262063244396007124440720713518832071
35027070739044001233922527123354445614337709161533904340153376235415313457931533756046011496251702337658840234455743043354433805337822620632443960071244407207135188320712465128071
39044001239225271213544456141377091615139043401513762354151134579315137560460134962517021376588402144557430413544338051378226206124439600732444072073351883207324651280733502707073
39225271235444561413770916151390434015137623541511345793151375604601349625170213765884021445574304135443380513782262061244396007324440720733518832073246512807335027070733904400121
35444561437709161513904340151376235415113457931513756046013496251702137658840214455743041354433805137822620612443960073244407207335188320732465128073350270707339044001213922527121
37709161539043401513762354151134579315137560460134962517021376588402144557430413544338051378226206124439600732444072073351883207324651280733502707073390440012139225271213544456141
39043401537623541511345793151375604601349625170213765884021445574304135443380513782262061244396007324440720733518832073246512807335027070733904400121392252712135444561413770916151
37623541513457931513756046013496251702137658840214455743041354433805137822620612443960073244407207335188320732465128073350270707339044001213922527121354445614137709161513904340151
13457931537560460134962517021376588402144557430413544338051378226206124439600732444072073351883207324651280733502707073390440012139225271213544456141377091615139043401513762354151
0658509010633219021
0633219020658509011
1240835011273740021
1273740021240835011
1040817011273763021
1273763021040817011
1040846011273792021
1273792021040846011
1457115011273817021
1273817021457115011
5543656011312500021
1312500025543656011
5543679011312523021
1312523025543679011
3768813011312411021
1312411023768813011
3768842011312434021
1312434023768842011
3768865011312457021
1312457023768865011
3768888011312486021
1312486023768888011
3538763013775463021
3775463023538763011
3538792013775500021
3775500023538792011
3538817013775575021
3775575023538817011
242499701243545202124355290211265491041
243545202243552902112654910412424997011
243552902126549104124249970112435452021
126549104242499701124354520212435529021
2425011012432028021243547503124355350411265522051
2432028022435475031243553504112655220512425011011
2435475032435535041126552205124250110112432028021
2435535041265522051242501101124320280212435475031
1265522052425011011243202802124354750312435535041
354157001447665602135310340313907491041351653705135203320613525499061353989206135407250613539231061352667106135465380613921350061351627606113284641515521850151132844115135463201833528500183354638920335194582133549991223247834923324629112431285915253246991325312900172732443931273244403727324651112733518789313391125132339110673331331609343
447665602353103403139074910413516537051352033206135254990613539892061354072506135392310613526671061354653806139213500613516276061132846415155218501511328441151354632018335285001833546389203351945821335499912232478349233246291124312859152532469913253129001727324439312732444037273246511127335187893133911251323391106733313316093433541570011
353103403390749104135165370513520332061352549906135398920613540725061353923106135266710613546538061392135006135162760611328464151552185015113284411513546320183352850018335463892033519458213354999122324783492332462911243128591525324699132531290017273244393127324440372732465111273351878931339112513233911067333133160934335415700114476656021
390749104351653705135203320613525499061353989206135407250613539231061352667106135465380613921350061351627606113284641515521850151132844115135463201833528500183354638920335194582133549991223247834923324629112431285915253246991325312900172732443931273244403727324651112733518789313391125132339110673331331609343354157001144766560213531034031
351653705352033206135254990613539892061354072506135392310613526671061354653806139213500613516276061132846415155218501511328441151354632018335285001833546389203351945821335499912232478349233246291124312859152532469913253129001727324439312732444037273246511127335187893133911251323391106733313316093433541570011447665602135310340313907491041
352033206352549906135398920613540725061353923106135266710613546538061392135006135162760611328464151552185015113284411513546320183352850018335463892033519458213354999122324783492332462911243128591525324699132531290017273244393127324440372732465111273351878931339112513233911067333133160934335415700114476656021353103403139074910413516537051
352549906353989206135407250613539231061352667106135465380613921350061351627606113284641515521850151132844115135463201833528500183354638920335194582133549991223247834923324629112431285915253246991325312900172732443931273244403727324651112733518789313391125132339110673331331609343354157001144766560213531034031390749104135165370513520332061
353989206354072506135392310613526671061354653806139213500613516276061132846415155218501511328441151354632018335285001833546389203351945821335499912232478349233246291124312859152532469913253129001727324439312732444037273246511127335187893133911251323391106733313316093433541570011447665602135310340313907491041351653705135203320613525499061
354072506353923106135266710613546538061392135006135162760611328464151552185015113284411513546320183352850018335463892033519458213354999122324783492332462911243128591525324699132531290017273244393127324440372732465111273351878931339112513233911067333133160934335415700114476656021353103403139074910413516537051352033206135254990613539892061
353923106352667106135465380613921350061351627606113284641515521850151132844115135463201833528500183354638920335194582133549991223247834923324629112431285915253246991325312900172732443931273244403727324651112733518789313391125132339110673331331609343354157001144766560213531034031390749104135165370513520332061352549906135398920613540725061
352667106354653806139213500613516276061132846415155218501511328441151354632018335285001833546389203351945821335499912232478349233246291124312859152532469913253129001727324439312732444037273246511127335187893133911251323391106733313316093433541570011447665602135310340313907491041351653705135203320613525499061353989206135407250613539231061
354653806392135006135162760611328464151552185015113284411513546320183352850018335463892033519458213354999122324783492332462911243128591525324699132531290017273244393127324440372732465111273351878931339112513233911067333133160934335415700114476656021353103403139074910413516537051352033206135254990613539892061354072506135392310613526671061
392135006351627606113284641515521850151132844115135463201833528500183354638920335194582133549991223247834923324629112431285915253246991325312900172732443931273244403727324651112733518789313391125132339110673331331609343354157001144766560213531034031390749104135165370513520332061352549906135398920613540725061353923106135266710613546538061
351627606132846415155218501511328441151354632018335285001833546389203351945821335499912232478349233246291124312859152532469913253129001727324439312732444037273246511127335187893133911251323391106733313316093433541570011447665602135310340313907491041351653705135203320613525499061353989206135407250613539231061352667106135465380613921350061
132846415552185015113284411513546320183352850018335463892033519458213354999122324783492332462911243128591525324699132531290017273244393127324440372732465111273351878931339112513233911067333133160934335415700114476656021353103403139074910413516537051352033206135254990613539892061354072506135392310613526671061354653806139213500613516276061
552185015132844115135463201833528500183354638920335194582133549991223247834923324629112431285915253246991325312900172732443931273244403727324651112733518789313391125132339110673331331609343354157001144766560213531034031390749104135165370513520332061352549906135398920613540725061353923106135266710613546538061392135006135162760611328464151
132844115354632018335285001833546389203351945821335499912232478349233246291124312859152532469913253129001727324439312732444037273246511127335187893133911251323391106733313316093433541570011447665602135310340313907491041351653705135203320613525499061353989206135407250613539231061352667106135465380613921350061351627606113284641515521850151
354632018352850018135463892013519458211354999122324783492312462911241128591525124699132511290017273244393127324440372732465111273351878931339112513233911067333133160934335415700134476656023353103403339074910433516537053352033206335254990633539892063354072506335392310633526671063354653806339213500633516276063132846415355218501531328441153
352850018354638920135194582113549991223247834923124629112411285915251246991325112900172732443931273244403727324651112733518789313391125132339110673331331609343354157001344766560233531034033390749104335165370533520332063352549906335398920633540725063353923106335266710633546538063392135006335162760631328464153552185015313284411533546320181
354638920351945821135499912232478349231246291124112859152512469913251129001727324439312732444037273246511127335187893133911251323391106733313316093433541570013447665602335310340333907491043351653705335203320633525499063353989206335407250633539231063352667106335465380633921350063351627606313284641535521850153132844115335463201813528500181
351945821354999122324783492312462911241128591525124699132511290017273244393127324440372732465111273351878931339112513233911067333133160934335415700134476656023353103403339074910433516537053352033206335254990633539892063354072506335392310633526671063354653806339213500633516276063132846415355218501531328441153354632018135285001813546389201
354999122247834923324629112431285915253246991325312900172712443931271244403727124651112713518789311391125132339110673331331609343354157001344766560233531034033390749104335165370533520332063352549906335398920633540725063353923106335266710633546538063392135006335162760631328464153552185015313284411533546320183352850018335463892033519458213
247834923246291124112859152512469913251129001727324439312732444037273246511127335187893133911251323391106733313316093433541570013447665602335310340333907491043351653705335203320633525499063353989206335407250633539231063352667106335465380633921350063351627606313284641535521850153132844115335463201813528500181354638920135194582113549991223
246291124128591525124699132511290017273244393127324440372732465111273351878931339112513233911067333133160934335415700134476656023353103403339074910433516537053352033206335254990633539892063354072506335392310633526671063354653806339213500633516276063132846415355218501531328441153354632018135285001813546389201351945821135499912232478349231
128591525246991325112900172732443931273244403727324651112733518789313391125132339110673331331609343354157001344766560233531034033390749104335165370533520332063352549906335398920633540725063353923106335266710633546538063392135006335162760631328464153552185015313284411533546320181352850018135463892013519458211354999122324783492312462911241
246991325129001727324439312732444037273246511127335187893133911251323391106733313316093433541570013447665602335310340333907491043351653705335203320633525499063353989206335407250633539231063352667106335465380633921350063351627606313284641535521850153132844115335463201813528500181354638920135194582113549991223247834923124629112411285915251
129001727244393127124440372712465111271351878931139112513233911067333133160934335415700134476656023353103403339074910433516537053352033206335254990633539892063354072506335392310633526671063354653806339213500633516276063132846415355218501531328441153354632018335285001833546389203351945821335499912212478349233246291124312859152532469913253
244393127244403727124651112713518789311391125132339110673331331609343354157001344766560233531034033390749104335165370533520332063352549906335398920633540725063353923106335266710633546538063392135006335162760631328464153552185015313284411533546320183352850018335463892033519458213354999122124783492332462911243128591525324699132531290017271
244403727246511127135187893113911251323391106733313316093433541570013447665602335310340333907491043351653705335203320633525499063353989206335407250633539231063352667106335465380633921350063351627606313284641535521850153132844115335463201833528500183354638920335194582133549991221247834923324629112431285915253246991325312900172712443931271
246511127351878931139112513233911067333133160934335415700134476656023353103403339074910433516537053352033206335254990633539892063354072506335392310633526671063354653806339213500633516276063132846415355218501531328441153354632018335285001833546389203351945821335499912212478349233246291124312859152532469913253129001727124439312712444037271
351878931391125132339110673331331609343354157001344766560233531034033390749104335165370533520332063352549906335398920633540725063353923106335266710633546538063392135006335162760631328464153552185015313284411533546320183352850018335463892033519458213354999122124783492332462911243128591525324699132531290017271244393127124440372712465111271
391125132391106733113316093413541570013447665602335310340333907491043351653705335203320633525499063353989206335407250633539231063352667106335465380633921350063351627606313284641535521850153132844115335463201833528500183354638920335194582133549991223247834923324629112431285915253246991325312900172732443931273244403727324651112733518789313
391106733133160934135415700134476656023353103403339074910433516537053352033206335254990633539892063354072506335392310633526671063354653806339213500633516276063132846415355218501531328441153354632018335285001833546389203351945821335499912232478349233246291124312859152532469913253129001727324439312732444037273246511127335187893133911251321
133160934354157001344766560233531034033390749104335165370533520332063352549906335398920633540725063353923106335266710633546538063392135006335162760631328464153552185015313284411533546320183352850018335463892033519458213354999122324783492332462911243128591525324699132531290017273244393127324440372732465111273351878931339112513213911067331
354160101447666202135310400313907539041351657205135203610613525536061353992306135392600613921396061129264811112925131115521873131354073113135267021313546567131351630713149625001833765861183378223320342184282133770885223390439222335443212233922510223390433422337616792233544433223499038229335463663033528517303354642632335194873332443954333244406633324525453333502699333351882638324783613932466263403246995941339112224233911104433
447666202353104003139075390413516572051352036106135255360613539923061353926006139213960611292648111129251311155218731313540731131352670213135465671313516307131496250018337658611833782233203421842821337708852233904392223354432122339225102233904334223376167922335444332234990382293354636630335285173033546426323351948733324439543332444066333245254533335026993333518826383247836139324662634032469959413391122242339111044333541601011
353104003390753904135165720513520361061352553606135399230613539260061392139606112926481111292513111552187313135407311313526702131354656713135163071314962500183376586118337822332034218428213377088522339043922233544321223392251022339043342233761679223354443322349903822933546366303352851730335464263233519487333244395433324440663332452545333350269933335188263832478361393246626340324699594133911222423391110443335416010114476662021
390753904351657205135203610613525536061353992306135392600613921396061129264811112925131115521873131354073113135267021313546567131351630713149625001833765861183378223320342184282133770885223390439222335443212233922510223390433422337616792233544433223499038229335463663033528517303354642632335194873332443954333244406633324525453333502699333351882638324783613932466263403246995941339112224233911104433354160101144766620213531040031
351657205352036106135255360613539923061353926006139213960611292648111129251311155218731313540731131352670213135465671313516307131496250018337658611833782233203421842821337708852233904392223354432122339225102233904334223376167922335444332234990382293354636630335285173033546426323351948733324439543332444066333245254533335026993333518826383247836139324662634032469959413391122242339111044333541601011447666202135310400313907539041
352036106352553606135399230613539260061392139606112926481111292513111552187313135407311313526702131354656713135163071314962500183376586118337822332034218428213377088522339043922233544321223392251022339043342233761679223354443322349903822933546366303352851730335464263233519487333244395433324440663332452545333350269933335188263832478361393246626340324699594133911222423391110443335416010114476662021353104003139075390413516572051
352553606353992306135392600613921396061129264811112925131115521873131354073113135267021313546567131351630713149625001833765861183378223320342184282133770885223390439222335443212233922510223390433422337616792233544433223499038229335463663033528517303354642632335194873332443954333244406633324525453333502699333351882638324783613932466263403246995941339112224233911104433354160101144766620213531040031390753904135165720513520361061
353992306353926006139213960611292648111129251311155218731313540731131352670213135465671313516307131496250018337658611833782233203421842821337708852233904392223354432122339225102233904334223376167922335444332234990382293354636630335285173033546426323351948733324439543332444066333245254533335026993333518826383247836139324662634032469959413391122242339111044333541601011447666202135310400313907539041351657205135203610613525536061
353926006392139606112926481111292513111552187313135407311313526702131354656713135163071314962500183376586118337822332034218428213377088522339043922233544321223392251022339043342233761679223354443322349903822933546366303352851730335464263233519487333244395433324440663332452545333350269933335188263832478361393246626340324699594133911222423391110443335416010114476662021353104003139075390413516572051352036106135255360613539923061
392139606129264811112925131115521873131354073113135267021313546567131351630713149625001833765861183378223320342184282133770885223390439222335443212233922510223390433422337616792233544433223499038229335463663033528517303354642632335194873332443954333244406633324525453333502699333351882638324783613932466263403246995941339112224233911104433354160101144766620213531040031390753904135165720513520361061352553606135399230613539260061
129264811129251311155218731313540731131352670213135465671313516307131496250018337658611833782233203421842821337708852233904392223354432122339225102233904334223376167922335444332234990382293354636630335285173033546426323351948733324439543332444066333245254533335026993333518826383247836139324662634032469959413391122242339111044333541601011447666202135310400313907539041351657205135203610613525536061353992306135392600613921396061
129251311552187313135407311313526702131354656713135163071314962500183376586118337822332034218428213377088522339043922233544321223392251022339043342233761679223354443322349903822933546366303352851730335464263233519487333244395433324440663332452545333350269933335188263832478361393246626340324699594133911222423391110443335416010114476662021353104003139075390413516572051352036106135255360613539923061353926006139213960611292648111
552187313354073113135267021313546567131351630713149625001833765861183378223320342184282133770885223390439222335443212233922510223390433422337616792233544433223499038229335463663033528517303354642632335194873332443954333244406633324525453333502699333351882638324783613932466263403246995941339112224233911104433354160101144766620213531040031390753904135165720513520361061352553606135399230613539260061392139606112926481111292513111
354073113352670213135465671313516307131496250018337658611833782233203421842821337708852233904392223354432122339225102233904334223376167922335444332234990382293354636630335285173033546426323351948733324439543332444066333245254533335026993333518826383247836139324662634032469959413391122242339111044333541601011447666202135310400313907539041351657205135203610613525536061353992306135392600613921396061129264811112925131115521873131
352670213354656713135163071314962500183376586118337822332034218428213377088522339043922233544321223392251022339043342233761679223354443322349903822933546366303352851730335464263233519487333244395433324440663332452545333350269933335188263832478361393246626340324699594133911222423391110443335416010114476662021353104003139075390413516572051352036106135255360613539923061353926006139213960611292648111129251311155218731313540731131
354656713351630713149625001833765861183378223320342184282133770885223390439222335443212233922510223390433422337616792233544433223499038229335463663033528517303354642632335194873332443954333244406633324525453333502699333351882638324783613932466263403246995941339112224233911104433354160101144766620213531040031390753904135165720513520361061352553606135399230613539260061392139606112926481111292513111552187313135407311313526702131
351630713496250018337658611833782233203421842821337708852233904392223354432122339225102233904334223376167922335444332234990382293354636630335285173033546426323351948733324439543332444066333245254533335026993333518826383247836139324662634032469959413391122242339111044333541601011447666202135310400313907539041351657205135203610613525536061353992306135392600613921396061129264811112925131115521873131354073113135267021313546567131
496250018376586118137822332014218428211377088522139043922213544321221392251022139043342213761679221354443322149903822933546366303352851730335464263233519487333244395433324440663332452545333350269933335188263832478361393246626340324699594133911222423391110443335416010134476662023353104003339075390433516572053352036106335255360633539923063353926006339213960631292648113129251311355218731333540731133352670213335465671333516307133
376586118378223320142184282113770885221390439222135443212213922510221390433422137616792213544433221499038229335463663033528517303354642632335194873332443954333244406633324525453333502699333351882638324783613932466263403246995941339112224233911104433354160101344766620233531040033390753904335165720533520361063352553606335399230633539260063392139606312926481131292513113552187313335407311333526702133354656713335163071334962500181
378223320421842821137708852213904392221354432122139225102213904334221376167922135444332214990382293354636630335285173033546426323351948733324439543332444066333245254533335026993333518826383247836139324662634032469959413391122242339111044333541601013447666202335310400333907539043351657205335203610633525536063353992306335392600633921396063129264811312925131135521873133354073113335267021333546567133351630713349625001813765861181
421842821377088522139043922213544321221392251022139043342213761679221354443322149903822933546366303352851730335464263233519487333244395433324440663332452545333350269933335188263832478361393246626340324699594133911222423391110443335416010134476662023353104003339075390433516572053352036106335255360633539923063353926006339213960631292648113129251311355218731333540731133352670213335465671333516307133496250018137658611813782233201
377088522390439222135443212213922510221390433422137616792213544433221499038229335463663033528517303354642632335194873332443954333244406633324525453333502699333351882638324783613932466263403246995941339112224233911104433354160101344766620233531040033390753904335165720533520361063352553606335399230633539260063392139606312926481131292513113552187313335407311333526702133354656713335163071334962500181376586118137822332014218428211
390439222354432122139225102213904334221376167922135444332214990382293354636630335285173033546426323351948733324439543332444066333245254533335026993333518826383247836139324662634032469959413391122242339111044333541601013447666202335310400333907539043351657205335203610633525536063353992306335392600633921396063129264811312925131135521873133354073113335267021333546567133351630713349625001813765861181378223320142184282113770885221
354432122392251022139043342213761679221354443322149903822933546366303352851730335464263233519487333244395433324440663332452545333350269933335188263832478361393246626340324699594133911222423391110443335416010134476662023353104003339075390433516572053352036106335255360633539923063353926006339213960631292648113129251311355218731333540731133352670213335465671333516307133496250018137658611813782233201421842821137708852213904392221
392251022390433422137616792213544433221499038229335463663033528517303354642632335194873332443954333244406633324525453333502699333351882638324783613932466263403246995941339112224233911104433354160101344766620233531040033390753904335165720533520361063352553606335399230633539260063392139606312926481131292513113552187313335407311333526702133354656713335163071334962500181376586118137822332014218428211377088522139043922213544321221
390433422376167922135444332214990382293354636630335285173033546426323351948733324439543332444066333245254533335026993333518826383247836139324662634032469959413391122242339111044333541601013447666202335310400333907539043351657205335203610633525536063353992306335392600633921396063129264811312925131135521873133354073113335267021333546567133351630713349625001813765861181378223320142184282113770885221390439222135443212213922510221
376167922354443322149903822933546366303352851730335464263233519487333244395433324440663332452545333350269933335188263832478361393246626340324699594133911222423391110443335416010134476662023353104003339075390433516572053352036106335255360633539923063353926006339213960631292648113129251311355218731333540731133352670213335465671333516307133496250018137658611813782233201421842821137708852213904392221354432122139225102213904334221
354443322499038229335463663033528517303354642632335194873332443954333244406633324525453333502699333351882638324783613932466263403246995941339112224233911104433354160101344766620233531040033390753904335165720533520361063352553606335399230633539260063392139606312926481131292513113552187313335407311333526702133354656713335163071334962500181376586118137822332014218428211377088522139043922213544321221392251022139043342213761679221
499038229354636630335285173033546426323351948733324439543312444066331245254533135026993313518826381247836139324662634032469959413391122242339111044333541601013447666202335310400333907539043351657205335203610633525536063353992306335392600633921396063129264811312925131135521873133354073113335267021333546567133351630713349625001833765861183378223320342184282133770885223390439222335443212233922510223390433422337616792233544433223
354636630352851730135464263213519487331244395433324440663332452545333350269933335188263832478361391246626340124699594113911222423391110443335416010134476662023353104003339075390433516572053352036106335255360633539923063353926006339213960631292648113129251311355218731333540731133352670213335465671333516307133496250018337658611833782233203421842821337708852233904392223354432122339225102233904334223376167922335444332234990382293
352851730354642632135194873312443954333244406633324525453333502699333351882638324783613912466263401246995941139112224233911104433354160101344766620233531040033390753904335165720533520361063352553606335399230633539260063392139606312926481131292513113552187313335407311333526702133354656713335163071334962500183376586118337822332034218428213377088522339043922233544321223392251022339043342233761679223354443322349903822933546366301
354642632351948733124439543332444066333245254533335026993333518826383247836139124662634012469959411391122242339111044333541601013447666202335310400333907539043351657205335203610633525536063353992306335392600633921396063129264811312925131135521873133354073113335267021333546567133351630713349625001833765861183378223320342184282133770885223390439222335443212233922510223390433422337616792233544433223499038229335463663013528517301
351948733244395433324440663332452545333350269933335188263832478361391246626340124699594113911222423391110443335416010134476662023353104003339075390433516572053352036106335255360633539923063353926006339213960631292648113129251311355218731333540731133352670213335465671333516307133496250018337658611833782233203421842821337708852233904392223354432122339225102233904334223376167922335444332234990382293354636630135285173013546426321
244395433244406633124525453313502699331351882638124783613932466263403246995941339112224233911104433354160101344766620233531040033390753904335165720533520361063352553606335399230633539260063392139606312926481131292513113552187313335407311333526702133354656713335163071334962500183376586118337822332034218428213377088522339043922233544321223392251022339043342233761679223354443322349903822913546366303352851730335464263233519487333
244406633245254533135026993313518826381247836139324662634032469959413391122242339111044333541601013447666202335310400333907539043351657205335203610633525536063353992306335392600633921396063129264811312925131135521873133354073113335267021333546567133351630713349625001833765861183378223320342184282133770885223390439222335443212233922510223390433422337616792233544433223499038229135463663033528517303354642632335194873332443954331
245254533350269933135188263812478361393246626340324699594133911222423391110443335416010134476662023353104003339075390433516572053352036106335255360633539923063353926006339213960631292648113129251311355218731333540731133352670213335465671333516307133496250018337658611833782233203421842821337708852233904392223354432122339225102233904334223376167922335444332234990382291354636630335285173033546426323351948733324439543312444066331
350269933351882638124783613932466263403246995941339112224233911104433354160101344766620233531040033390753904335165720533520361063352553606335399230633539260063392139606312926481131292513113552187313335407311333526702133354656713335163071334962500183376586118337822332034218428213377088522339043922233544321223392251022339043342233761679223354443322349903822913546366303352851730335464263233519487333244395433124440663312452545331
351882638247836139324662634032469959413391122242339111044333541601013447666202335310400333907539043351657205335203610633525536063353992306335392600633921396063129264811312925131135521873133354073113335267021333546567133351630713349625001833765861183378223320342184282133770885223390439222335443212233922510223390433422337616792233544433223499038229135463663033528517303354642632335194873332443954331244406633124525453313502699331
247836139246626340124699594113911222423391110443335416010134476662023353104003339075390433516572053352036106335255360633539923063353926006339213960631292648113129251311355218731333540731133352670213335465671333516307133496250018337658611833782233203421842821337708852233904392223354432122339225102233904334223376167922335444332234990382293354636630135285173013546426321351948733124439543332444066333245254533335026993333518826383
246626340246995941139112224233911104433354160101344766620233531040033390753904335165720533520361063352553606335399230633539260063392139606312926481131292513113552187313335407311333526702133354656713335163071334962500183376586118337822332034218428213377088522339043922233544321223392251022339043342233761679223354443322349903822933546366301352851730135464263213519487331244395433324440663332452545333350269933335188263832478361391
246995941391122242339111044333541601013447666202335310400333907539043351657205335203610633525536063353992306335392600633921396063129264811312925131135521873133354073113335267021333546567133351630713349625001833765861183378223320342184282133770885223390439222335443212233922510223390433422337616792233544433223499038229335463663013528517301354642632135194873312443954333244406633324525453333502699333351882638324783613912466263401
391122242391110443135416010134476662023353104003339075390433516572053352036106335255360633539923063353926006339213960631292648113129251311355218731333540731133352670213335465671333516307133496250018337658611833782233203421842821337708852233904392223354432122339225102233904334223376167922335444332234990382293354636630335285173033546426323351948733324439543332444066333245254533335026993333518826383247836139324662634032469959413
391110443354160101344766620233531040033390753904335165720533520361063352553606335399230633539260063392139606312926481131292513113552187313335407311333526702133354656713335163071334962500183376586118337822332034218428213377088522339043922233544321223392251022339043342233761679223354443322349903822933546366303352851730335464263233519487333244395433324440663332452545333350269933335188263832478361393246626340324699594133911222421
498547001243604902113027890333544887041376851705124407200612454521061245454406124378820911145284101
243604902130278903335448870413768517051244072006124545210612454544061243788209111452841014985470011
130278903354488704337685170532440720063245452106324545440632437882093114528410349854700132436049023
354488704376851705124407200612454521061245454406124378820911145284101498547001124360490211302789033
376851705244072006124545210612454544061243788209111452841014985470011243604902113027890333544887041
244072006245452106124545440612437882091114528410149854700112436049021130278903335448870413768517051
245452106245454406124378820911145284101498547001124360490211302789033354488704137685170512440720061
245454406243788209111452841014985470011243604902113027890333544887041376851705124407200612454521061
243788209114528410149854700112436049021130278903335448870413768517051244072006124545210612454544061
114528410498547001124360490211302789033354488704137685170512440720061245452106124545440612437882091
244499401391825301135405300314975974041246122505326468410632434518071243370808124508650831341884103125308011113065281112439993131134662814313480011532437416163129360717309557561731329802193
391825301354053003149759740412461225053264684106324345180712433708081245086508313418841031253080111130652811124399931311346628143134800115324374161631293607173095575617313298021932444994011
354053003497597404124612250532646841063243451807124337080812450865083134188410312530801111306528111243999313113466281431348001153243741616312936071730955756173132980219324449940113918253011
497597404246122505326468410632434518071243370808124508650831341884103125308011113065281112439993131134662814313480011532437416163129360717309557561731329802193244499401139182530113540530031
246122505264684106124345180732433708083245086508313418841011253080113130652811324399931331346628141134800115124374161611293607171095575617113298021932444994013391825301335405300334975974043
264684106243451807324337080832450865083134188410112530801131306528113243999313313466281411348001151243741616112936071710955756171132980219324449940133918253013354053003349759740432461225051
243451807243370808124508650831341884103125308011113065281112439993131134662814313480011532437416163129360717309557561731329802193244499401139182530113540530031497597404124612250532646841063
243370808245086508313418841031253080111130652811124399931311346628143134800115324374161631293607173095575617313298021932444994011391825301135405300314975974041246122505326468410632434518071
245086508134188410312530801131306528113243999313313466281431348001153243741616312936071730955756173132980219324449940133918253013354053003349759740432461225053264684106324345180732433708083
134188410125308011313065281132439993133134662814113480011512437416161129360717109557561711329802193244499401339182530133540530033497597404324612250512646841061243451807324337080832450865083
125308011130652811124399931311346628143134800115324374161631293607173095575617313298021932444994011391825301135405300314975974041246122505326468410632434518071243370808124508650831341884103
130652811243999313113466281431348001153243741616312936071730955756173132980219324449940113918253011354053003149759740412461225053264684106324345180712433708081245086508313418841031253080111
243999313134662814313480011532437416163129360717309557561731329802193244499401139182530113540530031497597404124612250532646841063243451807124337080812450865083134188410312530801111306528111
134662814134800115124374161611293607171095575617113298021932444994013391825301335405300334975974043246122505126468410612434518073243370808324508650831341884101125308011313065281132439993133
134800115243741616112936071710955756171132980219324449940133918253013354053003349759740432461225051264684106124345180732433708083245086508313418841011253080113130652811324399931331346628141
243741616129360717109557561711329802193244499401339182530133540530033497597404324612250512646841061243451807324337080832450865083134188410112530801131306528113243999313313466281411348001151
129360717095575617113298021932444994013391825301335405300334975974043246122505126468410612434518073243370808324508650831341884101125308011313065281132439993133134662814113480011512437416161
095575617132980219324449940133918253013354053003349759740432461225051264684106124345180732433708083245086508313418841011253080113130652811324399931331346628141134800115124374161611293607171
132980219244499401339182530133540530033497597404324612250532646841063243451807324337080832450865083134188410312530801131306528113243999313313466281431348001153243741616312936071730955756173
245087101354561601137774040312450813041245462704124445860612460208071245984307124605560712445002103391827610335456741231282093123354054714349759801533520125163247209716326468581831341890193244001620324337142031253097223130653422324345302231346634253134801826324374222731293613283095576228312600683031329819303
354561601377740403124508130412454627041244458606124602080712459843071246055607124450021033918276103354567412312820931233540547143497598015335201251632472097163264685818313418901932440016203243371420312530972231306534223243453022313466342531348018263243742227312936132830955762283126006830313298193032450871011
377740403245081304124546270412444586061246020807124598430712460556071244500210339182761033545674123128209312335405471434975980153352012516324720971632646858183134189019324400162032433714203125309722313065342232434530223134663425313480182632437422273129361328309557622831260068303132981930324508710113545616011
245081304245462704124445860612460208071245984307124605560712445002103391827610335456741231282093123354054714349759801533520125163247209716326468581831341890193244001620324337142031253097223130653422324345302231346634253134801826324374222731293613283095576228312600683031329819303245087101135456160113777404031
245462704244458606124602080712459843071246055607124450021033918276103354567412312820931233540547143497598015335201251632472097163264685818313418901932440016203243371420312530972231306534223243453022313466342531348018263243742227312936132830955762283126006830313298193032450871011354561601137774040312450813041
244458606246020807124598430712460556071244500210339182761033545674123128209312335405471434975980153352012516324720971632646858183134189019324400162032433714203125309722313065342232434530223134663425313480182632437422273129361328309557622831260068303132981930324508710113545616011377740403124508130412454627041
246020807245984307124605560712445002103391827610335456741231282093123354054714349759801533520125163247209716326468581831341890193244001620324337142031253097223130653422324345302231346634253134801826324374222731293613283095576228312600683031329819303245087101135456160113777404031245081304124546270412444586061
245984307246055607124450021033918276103354567412312820931233540547143497598015335201251632472097163264685818313418901932440016203243371420312530972231306534223243453022313466342531348018263243742227312936132830955762283126006830313298193032450871011354561601137774040312450813041245462704124445860612460208071
246055607244500210339182761033545674123128209312335405471434975980153352012516324720971632646858183134189019324400162032433714203125309722313065342232434530223134663425313480182632437422273129361328309557622831260068303132981930324508710113545616011377740403124508130412454627041244458606124602080712459843071
244500210391827610135456741231282093123354054714149759801513520125163247209716326468581831341890193244001620124337142011253097221130653422124345302211346634253134801826324374222731293613283095576228312600683031329819303245087101335456160133777404033245081304324546270432444586063246020807324598430732460556073
391827610354567412312820931233540547141497598015135201251632472097163264685818313418901932440016201243371420112530972211306534221243453022113466342531348018263243742227312936132830955762283126006830313298193032450871013354561601337774040332450813043245462704324445860632460208073245984307324605560732445002101
354567412128209312135405471434975980153352012516324720971632646858183134189019324400162032433714203125309722313065342232434530223134663425313480182632437422273129361328309557622831260068303132981930324508710133545616013377740403324508130432454627043244458606324602080732459843073246055607324450021033918276103
128209312354054714349759801533520125163247209716326468581831341890193244001620324337142031253097223130653422324345302231346634253134801826324374222731293613283095576228312600683031329819303245087101335456160133777404033245081304324546270432444586063246020807324598430732460556073244500210339182761033545674121
354054714497598015135201251632472097163264685818313418901932440016201243371420112530972211306534221243453022113466342531348018263243742227312936132830955762283126006830313298193032450871013354561601337774040332450813043245462704324445860632460208073245984307324605560732445002101391827610135456741231282093123
497598015352012516324720971632646858183134189019324400162012433714201125309722113065342212434530221134663425313480182632437422273129361328309557622831260068303132981930324508710133545616013377740403324508130432454627043244458606324602080732459843073246055607324450021013918276101354567412312820931233540547141
352012516247209716126468581811341890191244001620324337142031253097223130653422324345302231346634251134801826124374222711293613281095576228112600683031329819303245087101335456160133777404033245081304324546270432444586063246020807324598430732460556073244500210339182761033545674123128209312335405471434975980153
247209716264685818113418901912440016203243371420312530972231306534223243453022313466342511348018261243742227112936132810955762281126006830313298193032450871013354561601337774040332450813043245462704324445860632460208073245984307324605560732445002103391827610335456741231282093123354054714349759801533520125161
264685818134189019124400162032433714203125309722313065342232434530223134663425113480182612437422271129361328109557622811260068303132981930324508710133545616013377740403324508130432454627043244458606324602080732459843073246055607324450021033918276103354567412312820931233540547143497598015335201251612472097161
134189019244001620324337142031253097223130653422324345302231346634251134801826124374222711293613281095576228112600683031329819303245087101335456160133777404033245081304324546270432444586063246020807324598430732460556073244500210339182761033545674123128209312335405471434975980153352012516124720971612646858181
244001620243371420112530972211306534221243453022113466342531348018263243742227312936132830955762283126006830313298193032450871013354561601337774040332450813043245462704324445860632460208073245984307324605560732445002101391827610135456741231282093123354054714149759801513520125163247209716326468581831341890193
243371420125309722113065342212434530221134663425313480182632437422273129361328309557622831260068303132981930324508710133545616013377740403324508130432454627043244458606324602080732459843073246055607324450021013918276101354567412312820931233540547141497598015135201251632472097163264685818313418901932440016201
125309722130653422124345302211346634253134801826324374222731293613283095576228312600683031329819303245087101335456160133777404033245081304324546270432444586063246020807324598430732460556073244500210139182761013545674123128209312335405471414975980151352012516324720971632646858183134189019324400162012433714201
130653422243453022113466342531348018263243742227312936132830955762283126006830313298193032450871013354561601337774040332450813043245462704324445860632460208073245984307324605560732445002101391827610135456741231282093123354054714149759801513520125163247209716326468581831341890193244001620124337142011253097221
243453022134663425313480182632437422273129361328309557622831260068303132981930324508710133545616013377740403324508130432454627043244458606324602080732459843073246055607324450021013918276101354567412312820931233540547141497598015135201251632472097163264685818313418901932440016201243371420112530972211306534221
134663425134801826124374222711293613281095576228112600683031329819303245087101335456160133777404033245081304324546270432444586063246020807324598430732460556073244500210339182761033545674123128209312335405471434975980153352012516124720971612646858181134189019124400162032433714203125309722313065342232434530223
134801826243742227112936132810955762281126006830313298193032450871013354561601337774040332450813043245462704324445860632460208073245984307324605560732445002103391827610335456741231282093123354054714349759801533520125161247209716126468581811341890191244001620324337142031253097223130653422324345302231346634251
243742227129361328109557622811260068303132981930324508710133545616013377740403324508130432454627043244458606324602080732459843073246055607324450021033918276103354567412312820931233540547143497598015335201251612472097161264685818113418901912440016203243371420312530972231306534223243453022313466342511348018261
129361328095576228112600683031329819303245087101335456160133777404033245081304324546270432444586063246020807324598430732460556073244500210339182761033545674123128209312335405471434975980153352012516124720971612646858181134189019124400162032433714203125309722313065342232434530223134663425113480182612437422271
095576228126006830313298193032450871013354561601337774040332450813043245462704324445860632460208073245984307324605560732445002103391827610335456741231282093123354054714349759801533520125161247209716126468581811341890191244001620324337142031253097223130653422324345302231346634251134801826124374222711293613281
126006830132981930324508710133545616013377740403324508130432454627043244458606324602080732459843073246055607324450021033918276103354567412312820931233540547143497598015335201251632472097163264685818313418901932440016203243371420312530972231306534223243453022313466342531348018263243742227312936132830955762283
132981930245087101335456160133777404033245081304324546270432444586063246020807324598430732460556073244500210339182761033545674123128209312335405471434975980153352012516324720971632646858183134189019324400162032433714203125309722313065342232434530223134663425313480182632437422273129361328309557622831260068303
245088801354562201137774270312450836041245463305124445920612460214071245986607124605620713545697103128192310335201311232472105123264686414324450191533918282153354055317313419091834975997193134664020313480242132434553213243372023312936362430955779243243743926324400222731253105283130654028313298253031260074313
354562201377742703124508360412454633051244459206124602140712459866071246056207135456971031281923103352013112324721051232646864143244501915339182821533540553173134190918349759971931346640203134802421324345532132433720233129363624309557792432437439263244002227312531052831306540283132982530312600743132450888011
377742703245083604124546330512444592061246021407124598660712460562071354569710312819231033520131123247210512326468641432445019153391828215335405531731341909183497599719313466402031348024213243455321324337202331293636243095577924324374392632440022273125310528313065402831329825303126007431324508880113545622011
245083604245463305124445920612460214071245986607124605620713545697103128192310335201311232472105123264686414324450191533918282153354055317313419091834975997193134664020313480242132434553213243372023312936362430955779243243743926324400222731253105283130654028313298253031260074313245088801135456220113777427031
245463305244459206124602140712459866071246056207135456971031281923103352013112324721051232646864143244501915339182821533540553173134190918349759971931346640203134802421324345532132433720233129363624309557792432437439263244002227312531052831306540283132982530312600743132450888011354562201137774270312450836041
244459206246021407124598660712460562071354569710312819231033520131123247210512326468641432445019153391828215335405531731341909183497599719313466402031348024213243455321324337202331293636243095577924324374392632440022273125310528313065402831329825303126007431324508880113545622011377742703124508360412454633051
246021407245986607124605620713545697103128192310335201311232472105123264686414324450191533918282153354055317313419091834975997193134664020313480242132434553213243372023312936362430955779243243743926324400222731253105283130654028313298253031260074313245088801135456220113777427031245083604124546330512444592061
245986607246056207135456971031281923103352013112324721051232646864143244501915339182821533540553173134190918349759971931346640203134802421324345532132433720233129363624309557792432437439263244002227312531052831306540283132982530312600743132450888011354562201137774270312450836041245463305124445920612460214071
246056207354569710312819231033520131123247210512326468641432445019153391828215335405531731341909183497599719313466402031348024213243455321324337202331293636243095577924324374392632440022273125310528313065402831329825303126007431324508880113545622011377742703124508360412454633051244459206124602140712459866071
354569710128192310135201311232472105123264686414324450191533918282153354055317313419091834975997193134664020313480242132434553213243372023312936362430955779243243743926324400222731253105283130654028313298253031260074313245088801335456220133777427033245083604324546330532444592063246021407324598660732460562073
128192310352013112324721051232646864143244501915339182821533540553173134190918349759971931346640203134802421324345532132433720233129363624309557792432437439263244002227312531052831306540283132982530312600743132450888013354562201337774270332450836043245463305324445920632460214073245986607324605620733545697101
352013112247210512126468641412445019153391828215335405531731341909181497599719313466402011348024211243455321324337202331293636241095577924124374392612440022273125310528313065402831329825303126007431324508880133545622013377742703324508360432454633053244459206324602140732459866073246056207335456971031281923103
247210512264686414124450191533918282153354055317313419091814975997193134664020113480242112434553213243372023312936362410955779241243743926124400222731253105283130654028313298253031260074313245088801335456220133777427033245083604324546330532444592063246021407324598660732460562073354569710312819231033520131121
264686414244501915339182821533540553173134190918149759971931346640201134802421124345532132433720233129363624109557792412437439261244002227312531052831306540283132982530312600743132450888013354562201337774270332450836043245463305324445920632460214073245986607324605620733545697103128192310335201311212472105121
244501915391828215135405531711341909183497599719113466402031348024213243455321124337202311293636243095577924324374392632440022271125310528113065402811329825303126007431324508880133545622013377742703324508360432454633053244459206324602140732459866073246056207335456971031281923103352013112324721051232646864143
391828215354055317113419091834975997191134664020313480242132434553211243372023112936362430955779243243743926324400222711253105281130654028113298253031260074313245088801335456220133777427033245083604324546330532444592063246021407324598660732460562073354569710312819231033520131123247210512326468641432445019151
354055317134190918349759971911346640203134802421324345532112433720231129363624309557792432437439263244002227112531052811306540281132982530312600743132450888013354562201337774270332450836043245463305324445920632460214073245986607324605620733545697103128192310335201311232472105123264686414324450191513918282151
134190918497599719313466402011348024211243455321324337202331293636241095577924124374392612440022273125310528313065402831329825303126007431324508880133545622013377742703324508360432454633053244459206324602140732459866073246056207335456971031281923103352013112124721051212646864141244501915339182821533540553173
497599719134664020313480242132434553211243372023112936362430955779243243743926324400222711253105281130654028113298253031260074313245088801335456220133777427033245083604324546330532444592063246021407324598660732460562073354569710312819231033520131123247210512326468641432445019151391828215135405531711341909183
134664020134802421124345532132433720233129363624109557792412437439261244002227312531052831306540283132982530312600743132450888013354562201337774270332450836043245463305324445920632460214073245986607324605620733545697103128192310335201311212472105121264686414124450191533918282153354055317313419091814975997193
134802421243455321324337202331293636241095577924124374392612440022273125310528313065402831329825303126007431324508880133545622013377742703324508360432454633053244459206324602140732459866073246056207335456971031281923103352013112124721051212646864141244501915339182821533540553173134190918149759971931346640201
243455321243372023112936362430955779243243743926324400222711253105281130654028113298253031260074313245088801335456220133777427033245083604324546330532444592063246021407324598660732460562073354569710312819231033520131123247210512326468641432445019151391828215135405531711341909183497599719113466402031348024213
243372023129363624309557792432437439263244002227112531052811306540281132982530312600743132450888013354562201337774270332450836043245463305324445920632460214073245986607324605620733545697103128192310335201311232472105123264686414324450191513918282151354055317113419091834975997191134664020313480242132434553211
129363624095577924124374392612440022273125310528313065402831329825303126007431324508880133545622013377742703324508360432454633053244459206324602140732459866073246056207335456971031281923103352013112124721051212646864141244501915339182821533540553173134190918149759971931346640201134802421124345532132433720233
095577924243743926124400222731253105283130654028313298253031260074313245088801335456220133777427033245083604324546330532444592063246021407324598660732460562073354569710312819231033520131121247210512126468641412445019153391828215335405531731341909181497599719313466402011348024211243455321324337202331293636241
243743926244002227312531052831306540283132982530312600743132450888013354562201337774270332450836043245463305324445920632460214073245986607324605620733545697103128192310335201311212472105121264686414124450191533918282153354055317313419091814975997193134664020113480242112434553213243372023312936362410955779241
244002227125310528113065402811329825303126007431324508880133545622013377742703324508360432454633053244459206324602140732459866073246056207335456971031281923103352013112324721051232646864143244501915139182821513540553171134190918349759971911346640203134802421324345532112433720231129363624309557792432437439263
125310528130654028113298253031260074313245088801335456220133777427033245083604324546330532444592063246021407324598660732460562073354569710312819231033520131123247210512326468641432445019151391828215135405531711341909183497599719113466402031348024213243455321124337202311293636243095577924324374392632440022271
130654028132982530312600743132450888013354562201337774270332450836043245463305324445920632460214073245986607324605620733545697103128192310335201311232472105123264686414324450191513918282151354055317113419091834975997191134664020313480242132434553211243372023112936362430955779243243743926324400222711253105281
132982530126007431324508880133545622013377742703324508360432454633053244459206324602140732459866073246056207335456971031281923103352013112324721051232646864143244501915339182821533540553173134190918349759971931346640203134802421324345532132433720233129363624309557792432437439263244002227312531052831306540283
126007431245088801335456220133777427033245083604324546330532444592063246021407324598660732460562073354569710312819231033520131123247210512326468641432445019153391828215335405531731341909183497599719313466402031348024213243455321324337202331293636243095577924324374392632440022273125310528313065402831329825303
55299460137603780213912374031375616404135490110513543327061552401507355329190833902401093378609909337887150933916395123390651113337859701433917779153390237015337829311533786892153131870919339143731933924437213393185122339253942333770224243378360025337705722633770603273378316128324345012931342754303
37603780239123740313756164041354901105135433270615524015073553291908339024010933786099093378871509339163951233906511133378597014339177791533902370153378293115337868921531318709193391437319339244372133931851223392539423337702242433783600253377057226337706032733783161283243450129313427543035529946011
39123740337561640413549011051354332706155240150735532919083390240109337860990933788715093391639512339065111333785970143391777915339023701533782931153378689215313187091933914373193392443721339318512233925394233377022424337836002533770572263377060327337831612832434501293134275430355299460113760378021
37561640435490110513543327061552401507355329190833902401093378609909337887150933916395123390651113337859701433917779153390237015337829311533786892153131870919339143731933924437213393185122339253942333770224243378360025337705722633770603273378316128324345012931342754303552994601137603780213912374031
35490110535433270615524015073553291908339024010933786099093378871509339163951233906511133378597014339177791533902370153378293115337868921531318709193391437319339244372133931851223392539423337702242433783600253377057226337706032733783161283243450129313427543035529946011376037802139123740313756164041
35433270655240150735532919083390240109337860990933788715093391639512339065111333785970143391777915339023701533782931153378689215313187091933914373193392443721339318512233925394233377022424337836002533770572263377060327337831612832434501293134275430355299460113760378021391237403137561640413549011051
55240150755329190813902401091378609909137887150913916395123390651113137859701413917779151390237015137829311513786892151131870919139143731933924437213393185122339253942333770224243378360025337705722633770603273378316128324345012931342754303552994601337603780233912374033375616404335490110533543327063
55329190839024010913786099091378871509139163951233906511131378597014139177791513902370151378293115137868921511318709191391437319339244372133931851223392539423337702242433783600253377057226337706032733783161283243450129313427543035529946013376037802339123740333756164043354901105335433270635524015071
39024010937860990913788715091391639512339065111313785970141391777915139023701513782931151378689215113187091913914373193392443721339318512233925394233377022424337836002533770572263377060327337831612832434501293134275430355299460133760378023391237403337561640433549011053354332706355240150715532919081
37860990937887150913916395123390651113137859701413917779151390237015137829311513786892151131870919139143731933924437213393185122339253942333770224243378360025337705722633770603273378316128324345012931342754303552994601337603780233912374033375616404335490110533543327063552401507155329190813902401091
37887150939163951233906511131378597014139177791513902370151378293115137868921511318709191391437319339244372133931851223392539423337702242433783600253377057226337706032733783161283243450129313427543035529946013376037802339123740333756164043354901105335433270635524015071553291908139024010913786099091
39163951239065111333785970143391777915339023701533782931153378689215313187091933914373193392443721339318512233925394233377022424337836002533770572263377060327337831612832434501293134275430355299460133760378023391237403337561640433549011053354332706355240150735532919083390240109337860990933788715093
39065111337859701413917779151390237015137829311513786892151131870919139143731933924437213393185122339253942333770224243378360025337705722633770603273378316128324345012931342754303552994601337603780233912374033375616404335490110533543327063552401507155329190813902401091378609909137887150913916395123
37859701439177791513902370151378293115137868921511318709191391437319339244372133931851223392539423337702242433783600253377057226337706032733783161283243450129313427543035529946013376037802339123740333756164043354901105335433270635524015071553291908139024010913786099091378871509139163951233906511131
39177791539023701513782931151378689215113187091913914373193392443721339318512233925394233377022424337836002533770572263377060327337831612832434501293134275430355299460133760378023391237403337561640433549011053354332706355240150715532919081390240109137860990913788715091391639512339065111313785970141
39023701537829311513786892151131870919139143731933924437213393185122339253942333770224243378360025337705722633770603273378316128324345012931342754303552994601337603780233912374033375616404335490110533543327063552401507155329190813902401091378609909137887150913916395123390651113137859701413917779151
37829311537868921511318709191391437319339244372133931851223392539423337702242433783600253377057226337706032733783161283243450129313427543035529946013376037802339123740333756164043354901105335433270635524015071553291908139024010913786099091378871509139163951233906511131378597014139177791513902370151
37868921513187091913914373193392443721339318512233925394233377022424337836002533770572263377060327337831612832434501293134275430355299460133760378023391237403337561640433549011053354332706355240150715532919081390240109137860990913788715091391639512339065111313785970141391777915139023701513782931151
13187091939143731933924437213393185122339253942333770224243378360025337705722633770603273378316128324345012931342754303552994601337603780233912374033375616404335490110533543327063552401507155329190813902401091378609909137887150913916395123390651113137859701413917779151390237015137829311513786892151
39143731939244372113931851221392539423137702242433783600253377057226337706032733783161283243450129313427543035529946013376037802339123740333756164043354901105335433270635524015073553291908339024010933786099093378871509339163951233906511133378597014339177791533902370153378293115337868921531318709193
39244372139318512213925394231377022424337836002533770572263377060327337831612832434501293134275430355299460133760378023391237403337561640433549011053354332706355240150735532919083390240109337860990933788715093391639512339065111333785970143391777915339023701533782931153378689215313187091933914373191
39318512239253942313770224243378360025337705722633770603273378316128324345012931342754303552994601337603780233912374033375616404335490110533543327063552401507355329190833902401093378609909337887150933916395123390651113337859701433917779153390237015337829311533786892153131870919339143731913924437211
39253942337702242433783600253377057226337706032733783161283243450129313427543035529946013376037802339123740333756164043354901105335433270635524015073553291908339024010933786099093378871509339163951233906511133378597014339177791533902370153378293115337868921531318709193391437319139244372113931851221
37702242437836002513770572261377060327137831612812434501291134275430355299460133760378023391237403337561640433549011053354332706355240150735532919083390240109337860990933788715093391639512339065111333785970143391777915339023701533782931153378689215313187091933914373193392443721339318512233925394233
37836002537705722613770603271378316128124345012911342754303552994601337603780233912374033375616404335490110533543327063552401507355329190833902401093378609909337887150933916395123390651113337859701433917779153390237015337829311533786892153131870919339143731933924437213393185122339253942333770224241
37705722637706032713783161281243450129113427543035529946013376037802339123740333756164043354901105335433270635524015073553291908339024010933786099093378871509339163951233906511133378597014339177791533902370153378293115337868921531318709193391437319339244372133931851223392539423337702242413783600251
37706032737831612812434501291134275430355299460133760378023391237403337561640433549011053354332706355240150735532919083390240109337860990933788715093391639512339065111333785970143391777915339023701533782931153378689215313187091933914373193392443721339318512233925394233377022424137836002513770572261
37831612824345012911342754303552994601337603780233912374033375616404335490110533543327063552401507355329190833902401093378609909337887150933916395123390651113337859701433917779153390237015337829311533786892153131870919339143731933924437213393185122339253942333770224241378360025137705722613770603271
24345012913427543035529946013376037802339123740333756164043354901105335433270635524015073553291908339024010933786099093378871509339163951233906511133378597014339177791533902370153378293115337868921531318709193391437319339244372133931851223392539423337702242413783600251377057226137706032713783161281
13427543055299460133760378023391237403337561640433549011053354332706355240150735532919083390240109337860990933788715093391639512339065111333785970143391777915339023701533782931153378689215313187091933914373193392443721339318512233925394233377022424337836002533770572263377060327337831612832434501293
55299520139123800213756193031354335604155240210535532894063390241807337861070733788678073391640310339065341133785987123391778513339023871333782954133378690013313187211733914479173392446619339318682033925402213377023022337836812333770589243377062625337831842632430236273
39123800237561930313543356041552402105355328940633902418073378610707337886780733916403103390653411337859871233917785133390238713337829541333786900133131872117339144791733924466193393186820339254022133770230223378368123337705892433770626253378318426324302362735529952011
37561930335433560415524021053553289406339024180733786107073378867807339164031033906534113378598712339177851333902387133378295413337869001331318721173391447917339244661933931868203392540221337702302233783681233377058924337706262533783184263243023627355299520113912380021
35433560455240210535532894063390241807337861070733788678073391640310339065341133785987123391778513339023871333782954133378690013313187211733914479173392446619339318682033925402213377023022337836812333770589243377062625337831842632430236273552995201139123800213756193031
55240210555328940613902418071378610707137886780713916403103390653411137859871213917785131390238713137829541313786900131131872117139144791733924466193393186820339254022133770230223378368123337705892433770626253378318426324302362735529952013391238002337561930333543356043
55328940639024180713786107071378867807139164031033906534111378598712139177851313902387131378295413137869001311318721171391447917339244661933931868203392540221337702302233783681233377058924337706262533783184263243023627355299520133912380023375619303335433560435524021051
39024180737861070713788678071391640310339065341113785987121391778513139023871313782954131378690013113187211713914479173392446619339318682033925402213377023022337836812333770589243377062625337831842632430236273552995201339123800233756193033354335604355240210515532894061
37861070737886780713916403103390653411137859871213917785131390238713137829541313786900131131872117139144791733924466193393186820339254022133770230223378368123337705892433770626253378318426324302362735529952013391238002337561930333543356043552402105155328940613902418071
37886780739164031033906534111378598712139177851313902387131378295413137869001311318721171391447917339244661933931868203392540221337702302233783681233377058924337706262533783184263243023627355299520133912380023375619303335433560435524021051553289406139024180713786107071
39164031039065341133785987123391778513339023871333782954133378690013313187211733914479173392446619339318682033925402213377023022337836812333770589243377062625337831842632430236273552995201339123800233756193033354335604355240210535532894063390241807337861070733788678073
39065341137859871213917785131390238713137829541313786900131131872117139144791733924466193393186820339254022133770230223378368123337705892433770626253378318426324302362735529952013391238002337561930333543356043552402105155328940613902418071378610707137886780713916403103
37859871239177851313902387131378295413137869001311318721171391447917339244661933931868203392540221337702302233783681233377058924337706262533783184263243023627355299520133912380023375619303335433560435524021051553289406139024180713786107071378867807139164031033906534111
39177851339023871313782954131378690013113187211713914479173392446619339318682033925402213377023022337836812333770589243377062625337831842632430236273552995201339123800233756193033354335604355240210515532894061390241807137861070713788678071391640310339065341113785987121
39023871337829541313786900131131872117139144791733924466193393186820339254022133770230223378368123337705892433770626253378318426324302362735529952013391238002337561930333543356043552402105155328940613902418071378610707137886780713916403103390653411137859871213917785131
37829541337869001311318721171391447917339244661933931868203392540221337702302233783681233377058924337706262533783184263243023627355299520133912380023375619303335433560435524021051553289406139024180713786107071378867807139164031033906534111378598712139177851313902387131
37869001313187211713914479173392446619339318682033925402213377023022337836812333770589243377062625337831842632430236273552995201339123800233756193033354335604355240210515532894061390241807137861070713788678071391640310339065341113785987121391778513139023871313782954131
13187211739144791733924466193393186820339254022133770230223378368123337705892433770626253378318426324302362735529952013391238002337561930333543356043552402105155328940613902418071378610707137886780713916403103390653411137859871213917785131390238713137829541313786900131
39144791739244661913931868201392540221137702302233783681233377058924337706262533783184263243023627355299520133912380023375619303335433560435524021053553289406339024180733786107073378867807339164031033906534113378598712339177851333902387133378295413337869001331318721173
39244661939318682013925402211377023022337836812333770589243377062625337831842632430236273552995201339123800233756193033354335604355240210535532894063390241807337861070733788678073391640310339065341133785987123391778513339023871333782954133378690013313187211733914479171
39318682039254022113770230223378368123337705892433770626253378318426324302362735529952013391238002337561930333543356043552402105355328940633902418073378610707337886780733916403103390653411337859871233917785133390238713337829541333786900133131872117339144791713924466191
39254022137702302233783681233377058924337706262533783184263243023627355299520133912380023375619303335433560435524021053553289406339024180733786107073378867807339164031033906534113378598712339177851333902387133378295413337869001331318721173391447917139244661913931868201
37702302237836812313770589241377062625137831842612430236271552995201339123800233756193033354335604355240210535532894063390241807337861070733788678073391640310339065341133785987123391778513339023871333782954133378690013313187211733914479173392446619339318682033925402213
37836812337705892413770626251378318426124302362715529952013391238002337561930333543356043552402105355328940633902418073378610707337886780733916403103390653411337859871233917785133390238713337829541333786900133131872117339144791733924466193393186820339254022133770230221
37705892437706262513783184261243023627155299520133912380023375619303335433560435524021053553289406339024180733786107073378867807339164031033906534113378598712339177851333902387133378295413337869001331318721173391447917339244661933931868203392540221337702302213783681231
37706262537831842612430236271552995201339123800233756193033354335604355240210535532894063390241807337861070733788678073391640310339065341133785987123391778513339023871333782954133378690013313187211733914479173392446619339318682033925402213377023022137836812313770589241
37831842624302362715529952013391238002337561930333543356043552402105355328940633902418073378610707337886780733916403103390653411337859871233917785133390238713337829541333786900133131872117339144791733924466193393186820339254022133770230221378368123137705892413770626251
24302362755299520133912380023375619303335433560435524021053553289406339024180733786107073378867807339164031033906534113378598712339177851333902387133378295413337869001331318721173391447917339244661933931868203392540221337702302213783681231377058924137706262513783184261
37561350155240090233916389033378608204337887090433906497063378596407337829190833786886093131868410337702181133783149123
55240090239163890333786082041378870904139064970613785964071378291908137868860911318684101377021811337831491233756135013
39163890337860820433788709043390649706337859640733782919083378688609313186841033770218113378314912337561350135524009023
37860820437887090413906497061378596407137829190813786886091131868410137702181133783149123375613501355240090213916389033
37887090439064970613785964071378291908137868860911318684101377021811337831491233756135013552400902139163890333786082041
39064970637859640713782919081378688609113186841013770218113378314912337561350135524009021391638903337860820413788709041
37859640737829190813786886091131868410137702181133783149123375613501355240090213916389033378608204137887090413906497061
37829190837868860911318684101377021811337831491233756135013552400902139163890333786082041378870904139064970613785964071
37868860913186841013770218113378314912337561350135524009021391638903337860820413788709041390649706137859640713782919081
13186841037702181133783149123375613501355240090213916389033378608204137887090413906497061378596407137829190813786886091
37702181137831491213756135013552400902339163890333786082043378870904339064970633785964073378291908337868860931318684103
37831491237561350135524009023391638903337860820433788709043390649706337859640733782919083378688609313186841033770218111
247696501242709102339016430333901672033390077303339016200632464577073446631007313132730931341973093
242709102390164303339016720333900773033390162006324645770734466310073131327309313419730932476965013
390164303390167203139007730313901620061246457707344663100731313273091134197309124769650132427091023
390167203390077303139016200612464577073446631007313132730911341973091247696501324270910233901643031
390077303390162006124645770734466310073131327309113419730912476965013242709102339016430313901672031
390162006246457707344663100731313273091134197309124769650132427091023390164303139016720313900773031
246457707446631007113132730931341973093247696501324270910233901643033390167203339007730333901620063
446631007131327309313419730932476965013242709102339016430333901672033390077303339016200632464577071
131327309134197309124769650132427091023390164303139016720313900773031390162006124645770734466310073
134197309247696501324270910233901643031390167203139007730313901620061246457707344663100731313273091
55376670142044260213930047031391381803139325080514207086061420072407139300990714206230071420285807142025160713932974071420692207124272631416051441153392391716344560271732471175173352008819324606511933517293213375708622335079002332474475243350314424324634832433522495243246304624324694452433500996243378013931313189223132446272333245020433324519423332440789363125650036313098923831335820383245214340324462204132469066413246153841324250344432426826453354588146324466394733545869483245347349324615675032461550503244258752312673665331298438543
42044260239300470313913818031393250805142070860614200724071393009907142062300714202858071420251607139329740714206922071242726314160514411533923917163445602717324711751733520088193246065119335172932133757086223350790023324744752433503144243246348324335224952432463046243246944524335009962433780139313131892231324462723332450204333245194233324407893631256500363130989238313358203832452143403244622041324690664132461538413242503444324268264533545881463244663947335458694832453473493246156750324615505032442587523126736653312984385435537667011
39300470339138180313932508051420708606142007240713930099071420623007142028580714202516071393297407142069220712427263141605144115339239171634456027173247117517335200881932460651193351729321337570862233507900233247447524335031442432463483243352249524324630462432469445243350099624337801393131318922313244627233324502043332451942333244078936312565003631309892383133582038324521434032446220413246906641324615384132425034443242682645335458814632446639473354586948324534734932461567503246155050324425875231267366533129843854355376670114204426021
39138180339325080514207086061420072407139300990714206230071420285807142025160713932974071420692207124272631416051441153392391716344560271732471175173352008819324606511933517293213375708622335079002332474475243350314424324634832433522495243246304624324694452433500996243378013931313189223132446272333245020433324519423332440789363125650036313098923831335820383245214340324462204132469066413246153841324250344432426826453354588146324466394733545869483245347349324615675032461550503244258752312673665331298438543553766701142044260213930047031
39325080542070860614200724071393009907142062300714202858071420251607139329740714206922071242726314160514411533923917163445602717324711751733520088193246065119335172932133757086223350790023324744752433503144243246348324335224952432463046243246944524335009962433780139313131892231324462723332450204333245194233324407893631256500363130989238313358203832452143403244622041324690664132461538413242503444324268264533545881463244663947335458694832453473493246156750324615505032442587523126736653312984385435537667011420442602139300470313913818031
42070860642007240713930099071420623007142028580714202516071393297407142069220712427263141605144115339239171634456027173247117517335200881932460651193351729321337570862233507900233247447524335031442432463483243352249524324630462432469445243350099624337801393131318922313244627233324502043332451942333244078936312565003631309892383133582038324521434032446220413246906641324615384132425034443242682645335458814632446639473354586948324534734932461567503246155050324425875231267366533129843854355376670114204426021393004703139138180313932508051
42007240739300990714206230071420285807142025160713932974071420692207124272631416051441153392391716344560271732471175173352008819324606511933517293213375708622335079002332474475243350314424324634832433522495243246304624324694452433500996243378013931313189223132446272333245020433324519423332440789363125650036313098923831335820383245214340324462204132469066413246153841324250344432426826453354588146324466394733545869483245347349324615675032461550503244258752312673665331298438543553766701142044260213930047031391381803139325080514207086061
39300990742062300714202858071420251607139329740714206922071242726314160514411533923917163445602717324711751733520088193246065119335172932133757086223350790023324744752433503144243246348324335224952432463046243246944524335009962433780139313131892231324462723332450204333245194233324407893631256500363130989238313358203832452143403244622041324690664132461538413242503444324268264533545881463244663947335458694832453473493246156750324615505032442587523126736653312984385435537667011420442602139300470313913818031393250805142070860614200724071
42062300742028580714202516071393297407142069220712427263141605144115339239171634456027173247117517335200881932460651193351729321337570862233507900233247447524335031442432463483243352249524324630462432469445243350099624337801393131318922313244627233324502043332451942333244078936312565003631309892383133582038324521434032446220413246906641324615384132425034443242682645335458814632446639473354586948324534734932461567503246155050324425875231267366533129843854355376670114204426021393004703139138180313932508051420708606142007240713930099071
42028580742025160713932974071420692207124272631416051441153392391716344560271732471175173352008819324606511933517293213375708622335079002332474475243350314424324634832433522495243246304624324694452433500996243378013931313189223132446272333245020433324519423332440789363125650036313098923831335820383245214340324462204132469066413246153841324250344432426826453354588146324466394733545869483245347349324615675032461550503244258752312673665331298438543553766701142044260213930047031391381803139325080514207086061420072407139300990714206230071
42025160739329740714206922071242726314160514411533923917163445602717324711751733520088193246065119335172932133757086223350790023324744752433503144243246348324335224952432463046243246944524335009962433780139313131892231324462723332450204333245194233324407893631256500363130989238313358203832452143403244622041324690664132461538413242503444324268264533545881463244663947335458694832453473493246156750324615505032442587523126736653312984385435537667011420442602139300470313913818031393250805142070860614200724071393009907142062300714202858071
39329740742069220712427263141605144115339239171634456027173247117517335200881932460651193351729321337570862233507900233247447524335031442432463483243352249524324630462432469445243350099624337801393131318922313244627233324502043332451942333244078936312565003631309892383133582038324521434032446220413246906641324615384132425034443242682645335458814632446639473354586948324534734932461567503246155050324425875231267366533129843854355376670114204426021393004703139138180313932508051420708606142007240713930099071420623007142028580714202516071
42069220724272631416051441153392391716344560271732471175173352008819324606511933517293213375708622335079002332474475243350314424324634832433522495243246304624324694452433500996243378013931313189223132446272333245020433324519423332440789363125650036313098923831335820383245214340324462204132469066413246153841324250344432426826453354588146324466394733545869483245347349324615675032461550503244258752312673665331298438543553766701142044260213930047031391381803139325080514207086061420072407139300990714206230071420285807142025160713932974071
24272631460514411533923917163445602717324711751733520088193246065119335172932133757086223350790023324744752433503144243246348324335224952432463046243246944524335009962433780139313131892231324462723332450204333245194233324407893631256500363130989238313358203832452143403244622041324690664132461538413242503444324268264533545881463244663947335458694832453473493246156750324615505032442587523126736653312984385435537667011420442602139300470313913818031393250805142070860614200724071393009907142062300714202858071420251607139329740714206922071
60514411539239171614456027171247117517135200881932460651193351729321337570862233507900231247447524135031442412463483241352249524124630462412469445241350099624137801393111318922311244627233324502043332451942333244078936312565003631309892383133582038324521434032446220413246906641324615384132425034443242682645335458814632446639473354586948324534734932461567503246155050324425875231267366533129843854355376670134204426023393004703339138180333932508053420708606342007240733930099073420623007342028580734202516073393297407342069220732427263143
39239171644560271712471175171352008819324606511933517293213375708622335079002312474475241350314424124634832413522495241246304624124694452413500996241378013931113189223112446272333245020433324519423332440789363125650036313098923831335820383245214340324462204132469066413246153841324250344432426826453354588146324466394733545869483245347349324615675032461550503244258752312673665331298438543553766701342044260233930047033391381803339325080534207086063420072407339300990734206230073420285807342025160733932974073420692207324272631436051441151
44560271724711751713520088193246065119335172932133757086223350790023124744752413503144241246348324135224952412463046241246944524135009962413780139311131892231124462723332450204333245194233324407893631256500363130989238313358203832452143403244622041324690664132461538413242503444324268264533545881463244663947335458694832453473493246156750324615505032442587523126736653312984385435537667013420442602339300470333913818033393250805342070860634200724073393009907342062300734202858073420251607339329740734206922073242726314360514411513923917161
24711751735200881932460651193351729321337570862233507900231247447524135031442412463483241352249524124630462412469445241350099624137801393111318922311244627233324502043332451942333244078936312565003631309892383133582038324521434032446220413246906641324615384132425034443242682645335458814632446639473354586948324534734932461567503246155050324425875231267366533129843854355376670134204426023393004703339138180333932508053420708606342007240733930099073420623007342028580734202516073393297407342069220732427263143605144115139239171614456027171
35200881924606511913517293211375708622135079002332474475243350314424324634832433522495243246304624324694452433500996243378013931313189223132446272331245020433124519423312440789361125650036113098923831335820383245214340324462204132469066413246153841324250344432426826453354588146324466394733545869483245347349324615675032461550503244258752312673665331298438543553766701342044260233930047033391381803339325080534207086063420072407339300990734206230073420285807342025160733932974073420692207324272631436051441153392391716344560271732471175173
24606511935172932113757086221350790023324744752433503144243246348324335224952432463046243246944524335009962433780139313131892231324462723312450204331245194233124407893611256500361130989238313358203832452143403244622041324690664132461538413242503444324268264533545881463244663947335458694832453473493246156750324615505032442587523126736653312984385435537667013420442602339300470333913818033393250805342070860634200724073393009907342062300734202858073420251607339329740734206922073242726314360514411533923917163445602717324711751733520088191
35172932137570862213507900233247447524335031442432463483243352249524324630462432469445243350099624337801393131318922313244627233124502043312451942331244078936112565003611309892383133582038324521434032446220413246906641324615384132425034443242682645335458814632446639473354586948324534734932461567503246155050324425875231267366533129843854355376670134204426023393004703339138180333932508053420708606342007240733930099073420623007342028580734202516073393297407342069220732427263143605144115339239171634456027173247117517335200881912460651191
37570862235079002332474475243350314424324634832433522495243246304624324694452433500996243378013931313189223132446272331245020433124519423312440789361125650036113098923831335820383245214340324462204132469066413246153841324250344432426826453354588146324466394733545869483245347349324615675032461550503244258752312673665331298438543553766701342044260233930047033391381803339325080534207086063420072407339300990734206230073420285807342025160733932974073420692207324272631436051441153392391716344560271732471175173352008819124606511913517293211
35079002324744752413503144241246348324135224952412463046241246944524135009962413780139311131892231124462723332450204333245194233324407893631256500363130989238313358203832452143403244622041324690664132461538413242503444324268264533545881463244663947335458694832453473493246156750324615505032442587523126736653312984385435537667013420442602339300470333913818033393250805342070860634200724073393009907342062300734202858073420251607339329740734206922073242726314360514411513923917161445602717124711751713520088193246065119335172932133757086223
24744752435031442412463483241352249524124630462412469445241350099624137801393111318922311244627233324502043332451942333244078936312565003631309892383133582038324521434032446220413246906641324615384132425034443242682645335458814632446639473354586948324534734932461567503246155050324425875231267366533129843854355376670134204426023393004703339138180333932508053420708606342007240733930099073420623007342028580734202516073393297407342069220732427263143605144115139239171614456027171247117517135200881932460651193351729321337570862233507900231
35031442424634832413522495241246304624124694452413500996241378013931113189223112446272333245020433324519423332440789363125650036313098923831335820383245214340324462204132469066413246153841324250344432426826453354588146324466394733545869483245347349324615675032461550503244258752312673665331298438543553766701342044260233930047033391381803339325080534207086063420072407339300990734206230073420285807342025160733932974073420692207324272631436051441151392391716144560271712471175171352008819324606511933517293213375708622335079002312474475241
24634832435224952412463046241246944524135009962413780139311131892231124462723332450204333245194233324407893631256500363130989238313358203832452143403244622041324690664132461538413242503444324268264533545881463244663947335458694832453473493246156750324615505032442587523126736653312984385435537667013420442602339300470333913818033393250805342070860634200724073393009907342062300734202858073420251607339329740734206922073242726314360514411513923917161445602717124711751713520088193246065119335172932133757086223350790023124744752413503144241
35224952424630462412469445241350099624137801393111318922311244627233324502043332451942333244078936312565003631309892383133582038324521434032446220413246906641324615384132425034443242682645335458814632446639473354586948324534734932461567503246155050324425875231267366533129843854355376670134204426023393004703339138180333932508053420708606342007240733930099073420623007342028580734202516073393297407342069220732427263143605144115139239171614456027171247117517135200881932460651193351729321337570862233507900231247447524135031442412463483241
24630462424694452413500996241378013931113189223112446272333245020433324519423332440789363125650036313098923831335820383245214340324462204132469066413246153841324250344432426826453354588146324466394733545869483245347349324615675032461550503244258752312673665331298438543553766701342044260233930047033391381803339325080534207086063420072407339300990734206230073420285807342025160733932974073420692207324272631436051441151392391716144560271712471175171352008819324606511933517293213375708622335079002312474475241350314424124634832413522495241
24694452435009962413780139311131892231124462723332450204333245194233324407893631256500363130989238313358203832452143403244622041324690664132461538413242503444324268264533545881463244663947335458694832453473493246156750324615505032442587523126736653312984385435537667013420442602339300470333913818033393250805342070860634200724073393009907342062300734202858073420251607339329740734206922073242726314360514411513923917161445602717124711751713520088193246065119335172932133757086223350790023124744752413503144241246348324135224952412463046241
35009962437801393111318922311244627233324502043332451942333244078936312565003631309892383133582038324521434032446220413246906641324615384132425034443242682645335458814632446639473354586948324534734932461567503246155050324425875231267366533129843854355376670134204426023393004703339138180333932508053420708606342007240733930099073420623007342028580734202516073393297407342069220732427263143605144115139239171614456027171247117517135200881932460651193351729321337570862233507900231247447524135031442412463483241352249524124630462412469445241
37801393113189223112446272333245020433324519423332440789363125650036313098923831335820383245214340324462204132469066413246153841324250344432426826453354588146324466394733545869483245347349324615675032461550503244258752312673665331298438543553766701342044260233930047033391381803339325080534207086063420072407339300990734206230073420285807342025160733932974073420692207324272631436051441151392391716144560271712471175171352008819324606511933517293213375708622335079002312474475241350314424124634832413522495241246304624124694452413500996241
13189223124462723332450204333245194233324407893631256500363130989238313358203832452143403244622041324690664132461538413242503444324268264533545881463244663947335458694832453473493246156750324615505032442587523126736653312984385435537667013420442602339300470333913818033393250805342070860634200724073393009907342062300734202858073420251607339329740734206922073242726314360514411513923917161445602717124711751713520088193246065119335172932133757086223350790023124744752413503144241246348324135224952412463046241246944524135009962413780139311
24462723324502043312451942331244078936112565003611309892383133582038324521434032446220413246906641324615384132425034443242682645335458814632446639473354586948324534734932461567503246155050324425875231267366533129843854355376670134204426023393004703339138180333932508053420708606342007240733930099073420623007342028580734202516073393297407342069220732427263143605144115339239171634456027173247117517335200881912460651191351729321137570862213507900233247447524335031442432463483243352249524324630462432469445243350099624337801393131318922313
24502043324519423312440789361125650036113098923831335820383245214340324462204132469066413246153841324250344432426826453354588146324466394733545869483245347349324615675032461550503244258752312673665331298438543553766701342044260233930047033391381803339325080534207086063420072407339300990734206230073420285807342025160733932974073420692207324272631436051441153392391716344560271732471175173352008819124606511913517293211375708622135079002332474475243350314424324634832433522495243246304624324694452433500996243378013931313189223132446272331
24519423324407893611256500361130989238313358203832452143403244622041324690664132461538413242503444324268264533545881463244663947335458694832453473493246156750324615505032442587523126736653312984385435537667013420442602339300470333913818033393250805342070860634200724073393009907342062300734202858073420251607339329740734206922073242726314360514411533923917163445602717324711751733520088191246065119135172932113757086221350790023324744752433503144243246348324335224952432463046243246944524335009962433780139313131892231324462723312450204331
24407893612565003611309892383133582038324521434032446220413246906641324615384132425034443242682645335458814632446639473354586948324534734932461567503246155050324425875231267366533129843854355376670134204426023393004703339138180333932508053420708606342007240733930099073420623007342028580734202516073393297407342069220732427263143605144115339239171634456027173247117517335200881912460651191351729321137570862213507900233247447524335031442432463483243352249524324630462432469445243350099624337801393131318922313244627233124502043312451942331
12565003613098923831335820383245214340324462204132469066413246153841324250344432426826453354588146324466394733545869483245347349324615675032461550503244258752312673665331298438543553766701342044260233930047033391381803339325080534207086063420072407339300990734206230073420285807342025160733932974073420692207324272631436051441153392391716344560271732471175173352008819124606511913517293211375708622135079002332474475243350314424324634832433522495243246304624324694452433500996243378013931313189223132446272331245020433124519423312440789361
13098923813358203812452143401244622041124690664112461538411242503444124268264533545881463244663947335458694832453473493246156750124615505012442587521126736653312984385435537667013420442602339300470333913818033393250805342070860634200724073393009907342062300734202858073420251607339329740734206922073242726314360514411533923917163445602717324711751733520088193246065119335172932133757086223350790023324744752433503144243246348324335224952432463046243246944524335009962433780139313131892231324462723332450204333245194233324407893631256500363
13358203824521434012446220411246906641124615384112425034441242682645335458814632446639473354586948324534734932461567501246155050124425875211267366533129843854355376670134204426023393004703339138180333932508053420708606342007240733930099073420623007342028580734202516073393297407342069220732427263143605144115339239171634456027173247117517335200881932460651193351729321337570862233507900233247447524335031442432463483243352249524324630462432469445243350099624337801393131318922313244627233324502043332451942333244078936312565003631309892381
24521434024462204112469066411246153841124250344412426826453354588146324466394733545869483245347349324615675012461550501244258752112673665331298438543553766701342044260233930047033391381803339325080534207086063420072407339300990734206230073420285807342025160733932974073420692207324272631436051441153392391716344560271732471175173352008819324606511933517293213375708622335079002332474475243350314424324634832433522495243246304624324694452433500996243378013931313189223132446272333245020433324519423332440789363125650036313098923811335820381
24462204124690664112461538411242503444124268264533545881463244663947335458694832453473493246156750124615505012442587521126736653312984385435537667013420442602339300470333913818033393250805342070860634200724073393009907342062300734202858073420251607339329740734206922073242726314360514411533923917163445602717324711751733520088193246065119335172932133757086223350790023324744752433503144243246348324335224952432463046243246944524335009962433780139313131892231324462723332450204333245194233324407893631256500363130989238113358203812452143401
24690664124615384112425034441242682645335458814632446639473354586948324534734932461567501246155050124425875211267366533129843854355376670134204426023393004703339138180333932508053420708606342007240733930099073420623007342028580734202516073393297407342069220732427263143605144115339239171634456027173247117517335200881932460651193351729321337570862233507900233247447524335031442432463483243352249524324630462432469445243350099624337801393131318922313244627233324502043332451942333244078936312565003631309892381133582038124521434012446220411
24615384124250344412426826453354588146324466394733545869483245347349324615675012461550501244258752112673665331298438543553766701342044260233930047033391381803339325080534207086063420072407339300990734206230073420285807342025160733932974073420692207324272631436051441153392391716344560271732471175173352008819324606511933517293213375708622335079002332474475243350314424324634832433522495243246304624324694452433500996243378013931313189223132446272333245020433324519423332440789363125650036313098923811335820381245214340124462204112469066411
24250344424268264533545881463244663947335458694832453473493246156750124615505012442587521126736653312984385435537667013420442602339300470333913818033393250805342070860634200724073393009907342062300734202858073420251607339329740734206922073242726314360514411533923917163445602717324711751733520088193246065119335172932133757086223350790023324744752433503144243246348324335224952432463046243246944524335009962433780139313131892231324462723332450204333245194233324407893631256500363130989238113358203812452143401244622041124690664112461538411
24268264535458814612446639471354586948124534734912461567503246155050324425875231267366531129843854355376670134204426023393004703339138180333932508053420708606342007240733930099073420623007342028580734202516073393297407342069220732427263143605144115339239171634456027173247117517335200881932460651193351729321337570862233507900233247447524335031442432463483243352249524324630462432469445243350099624337801393131318922313244627233324502043332451942333244078936312565003631309892383133582038324521434032446220413246906641324615384132425034443
35458814624466394713545869481245347349124615675032461550503244258752312673665311298438543553766701342044260233930047033391381803339325080534207086063420072407339300990734206230073420285807342025160733932974073420692207324272631436051441153392391716344560271732471175173352008819324606511933517293213375708622335079002332474475243350314424324634832433522495243246304624324694452433500996243378013931313189223132446272333245020433324519423332440789363125650036313098923831335820383245214340324462204132469066413246153841324250344432426826451
24466394735458694812453473491246156750324615505032442587523126736653112984385435537667013420442602339300470333913818033393250805342070860634200724073393009907342062300734202858073420251607339329740734206922073242726314360514411533923917163445602717324711751733520088193246065119335172932133757086223350790023324744752433503144243246348324335224952432463046243246944524335009962433780139313131892231324462723332450204333245194233324407893631256500363130989238313358203832452143403244622041324690664132461538413242503444324268264513545881461
35458694824534734912461567503246155050324425875231267366531129843854355376670134204426023393004703339138180333932508053420708606342007240733930099073420623007342028580734202516073393297407342069220732427263143605144115339239171634456027173247117517335200881932460651193351729321337570862233507900233247447524335031442432463483243352249524324630462432469445243350099624337801393131318922313244627233324502043332451942333244078936312565003631309892383133582038324521434032446220413246906641324615384132425034443242682645135458814612446639471
24534734924615675032461550503244258752312673665311298438543553766701342044260233930047033391381803339325080534207086063420072407339300990734206230073420285807342025160733932974073420692207324272631436051441153392391716344560271732471175173352008819324606511933517293213375708622335079002332474475243350314424324634832433522495243246304624324694452433500996243378013931313189223132446272333245020433324519423332440789363125650036313098923831335820383245214340324462204132469066413246153841324250344432426826451354588146124466394713545869481
24615675024615505012442587521126736653312984385435537667013420442602339300470333913818033393250805342070860634200724073393009907342062300734202858073420251607339329740734206922073242726314360514411533923917163445602717324711751733520088193246065119335172932133757086223350790023324744752433503144243246348324335224952432463046243246944524335009962433780139313131892231324462723332450204333245194233324407893631256500363130989238113358203812452143401244622041124690664112461538411242503444124268264533545881463244663947335458694832453473493
24615505024425875211267366533129843854355376670134204426023393004703339138180333932508053420708606342007240733930099073420623007342028580734202516073393297407342069220732427263143605144115339239171634456027173247117517335200881932460651193351729321337570862233507900233247447524335031442432463483243352249524324630462432469445243350099624337801393131318922313244627233324502043332451942333244078936312565003631309892381133582038124521434012446220411246906641124615384112425034441242682645335458814632446639473354586948324534734932461567501
24425875212673665331298438543553766701342044260233930047033391381803339325080534207086063420072407339300990734206230073420285807342025160733932974073420692207324272631436051441153392391716344560271732471175173352008819324606511933517293213375708622335079002332474475243350314424324634832433522495243246304624324694452433500996243378013931313189223132446272333245020433324519423332440789363125650036313098923811335820381245214340124462204112469066411246153841124250344412426826453354588146324466394733545869483245347349324615675012461550501
12673665312984385435537667013420442602339300470333913818033393250805342070860634200724073393009907342062300734202858073420251607339329740734206922073242726314360514411533923917163445602717324711751733520088193246065119335172932133757086223350790023324744752433503144243246348324335224952432463046243246944524335009962433780139313131892231324462723332450204333245194233324407893631256500363130989238313358203832452143403244622041324690664132461538413242503444324268264513545881461244663947135458694812453473491246156750324615505032442587523
12984385455376670134204426023393004703339138180333932508053420708606342007240733930099073420623007342028580734202516073393297407342069220732427263143605144115339239171634456027173247117517335200881932460651193351729321337570862233507900233247447524335031442432463483243352249524324630462432469445243350099624337801393131318922313244627233324502043332451942333244078936312565003631309892383133582038324521434032446220413246906641324615384132425034443242682645335458814632446639473354586948324534734932461567503246155050324425875231267366533
553771001393007602139138300213932520041420658905142071230514202551071420696807160514640933930113101420629910142028871014200026101392394614344560561533520102163246067416337571001833507923193247449820335225262133780145223245338423324465042332474618233350316723324742972332463069233246946823324408033033501010313246908932324377293232461544323247719535335071593632453496373
393007602391383002139325200414206589051420712305142025510714206968071605146409339301131014206299101420288710142000261013923946143445605615335201021632460674163375710018335079231932474498203352252621337801452232453384233244650423324746182333503167233247429723324630692332469468233244080330335010103132469089323243772932324615443232477195353350715936324534963735537710011
391383002393252004142065890514207123051420255107142069680716051464093393011310142062991014202887101420002610139239461434456056153352010216324606741633757100183350792319324744982033522526213378014522324533842332446504233247461823335031672332474297233246306923324694682332440803303350101031324690893232437729323246154432324771953533507159363245349637355377100113930076021
393252004420658905142071230514202551071420696807160514640933930113101420629910142028871014200026101392394614344560561533520102163246067416337571001833507923193247449820335225262133780145223245338423324465042332474618233350316723324742972332463069233246946823324408033033501010313246908932324377293232461544323247719535335071593632453496373553771001139300760213913830021
420658905420712305142025510714206968071605146409339301131014206299101420288710142000261013923946143445605615335201021632460674163375710018335079231932474498203352252621337801452232453384233244650423324746182333503167233247429723324630692332469468233244080330335010103132469089323243772932324615443232477195353350715936324534963735537710011393007602139138300213932520041
420712305420255107142069680716051464093393011310142062991014202887101420002610139239461434456056153352010216324606741633757100183350792319324744982033522526213378014522324533842332446504233247461823335031672332474297233246306923324694682332440803303350101031324690893232437729323246154432324771953533507159363245349637355377100113930076021391383002139325200414206589051
420255107420696807160514640933930113101420629910142028871014200026101392394614344560561533520102163246067416337571001833507923193247449820335225262133780145223245338423324465042332474618233350316723324742972332463069233246946823324408033033501010313246908932324377293232461544323247719535335071593632453496373553771001139300760213913830021393252004142065890514207123051
420696807605146409339301131014206299101420288710142000261013923946143445605615335201021632460674163375710018335079231932474498203352252621337801452232453384233244650423324746182333503167233247429723324630692332469468233244080330335010103132469089323243772932324615443232477195353350715936324534963735537710011393007602139138300213932520041420658905142071230514202551071
605146409393011310342062991034202887103420002610339239461414456056151352010216324606741633757100183350792319124744982013522526211378014522124533842332446504233247461823335031672312474297231246306923124694682312440803303350101031124690893232437729323246154432324771953533507159363245349637355377100133930076023391383002339325200434206589053420712305342025510734206968073
393011310420629910142028871014200026101392394614344560561533520102163246067416337571001833507923193247449820335225262133780145223245338423324465042332474618233350316723324742972332463069233246946823324408033033501010313246908932324377293232461544323247719535335071593632453496373553771001139300760213913830021393252004142065890514207123051420255107142069680716051464093
420629910420288710142000261013923946143445605615335201021632460674163375710018335079231932474498203352252621337801452232453384233244650423324746182333503167233247429723324630692332469468233244080330335010103132469089323243772932324615443232477195353350715936324534963735537710011393007602139138300213932520041420658905142071230514202551071420696807160514640933930113101
420288710420002610139239461434456056153352010216324606741633757100183350792319324744982033522526213378014522324533842332446504233247461823335031672332474297233246306923324694682332440803303350101031324690893232437729323246154432324771953533507159363245349637355377100113930076021391383002139325200414206589051420712305142025510714206968071605146409339301131014206299101
420002610392394614344560561533520102163246067416337571001833507923193247449820335225262133780145223245338423324465042332474618233350316723324742972332463069233246946823324408033033501010313246908932324377293232461544323247719535335071593632453496373553771001139300760213913830021393252004142065890514207123051420255107142069680716051464093393011310142062991014202887101
392394614445605615135201021632460674163375710018335079231912474498201352252621137801452212453384233244650423324746182333503167231247429723124630692312469468231244080330335010103112469089323243772932324615443232477195353350715936324534963735537710013393007602339138300233932520043420658905342071230534202551073420696807360514640913930113103420629910342028871034200026103
445605615352010216324606741633757100183350792319124744982013522526211378014522124533842332446504233247461823335031672312474297231246306923124694682312440803303350101031124690893232437729323246154432324771953533507159363245349637355377100133930076023391383002339325200434206589053420712305342025510734206968073605146409139301131034206299103420288710342000261033923946141
352010216246067416137571001813507923193247449820335225262133780145223245338423124465042312474618231350316723324742972332463069233246946823324408033013501010313246908932324377293232461544323247719535335071593632453496373553771001339300760233913830023393252004342065890534207123053420255107342069680736051464093393011310342062991034202887103420002610339239461434456056153
246067416375710018135079231932474498203352252621337801452232453384231244650423124746182313503167233247429723324630692332469468233244080330135010103132469089323243772932324615443232477195353350715936324534963735537710013393007602339138300233932520043420658905342071230534202551073420696807360514640933930113103420629910342028871034200026103392394614344560561533520102161
375710018350792319324744982033522526213378014522324533842312446504231247461823135031672332474297233246306923324694682332440803301350101031324690893232437729323246154432324771953533507159363245349637355377100133930076023391383002339325200434206589053420712305342025510734206968073605146409339301131034206299103420288710342000261033923946143445605615335201021612460674161
350792319247449820135225262113780145221245338423324465042332474618233350316723124742972312463069231246946823124408033033501010311246908932324377293232461544323247719535335071593632453496373553771001339300760233913830023393252004342065890534207123053420255107342069680736051464091393011310342062991034202887103420002610339239461414456056151352010216324606741633757100183
247449820352252621137801452212453384233244650423324746182333503167231247429723124630692312469468231244080330335010103112469089323243772932324615443232477195353350715936324534963735537710013393007602339138300233932520043420658905342071230534202551073420696807360514640913930113103420629910342028871034200026103392394614144560561513520102163246067416337571001833507923191
352252621378014522124533842332446504233247461823335031672312474297231246306923124694682312440803303350101031124690893232437729323246154432324771953533507159363245349637355377100133930076023391383002339325200434206589053420712305342025510734206968073605146409139301131034206299103420288710342000261033923946141445605615135201021632460674163375710018335079231912474498201
378014522245338423324465042332474618233350316723124742972312463069231246946823124408033033501010311246908932324377293232461544323247719535335071593632453496373553771001339300760233913830023393252004342065890534207123053420255107342069680736051464091393011310342062991034202887103420002610339239461414456056151352010216324606741633757100183350792319124744982013522526211
245338423244650423124746182313503167233247429723324630692332469468233244080330135010103132469089323243772932324615443232477195353350715936324534963735537710013393007602339138300233932520043420658905342071230534202551073420696807360514640933930113103420629910342028871034200026103392394614344560561533520102161246067416137571001813507923193247449820335225262133780145223
244650423247461823135031672332474297233246306923324694682332440803301350101031324690893232437729323246154432324771953533507159363245349637355377100133930076023391383002339325200434206589053420712305342025510734206968073605146409339301131034206299103420288710342000261033923946143445605615335201021612460674161375710018135079231932474498203352252621337801452232453384231
247461823350316723324742972332463069233246946823324408033013501010313246908932324377293232461544323247719535335071593632453496373553771001339300760233913830023393252004342065890534207123053420255107342069680736051464093393011310342062991034202887103420002610339239461434456056153352010216124606741613757100181350792319324744982033522526213378014522324533842312446504231
350316723247429723124630692312469468231244080330335010103112469089323243772932324615443232477195353350715936324534963735537710013393007602339138300233932520043420658905342071230534202551073420696807360514640913930113103420629910342028871034200026103392394614144560561513520102163246067416337571001833507923191247449820135225262113780145221245338423324465042332474618233
247429723246306923124694682312440803303350101031124690893232437729323246154432324771953533507159363245349637355377100133930076023391383002339325200434206589053420712305342025510734206968073605146409139301131034206299103420288710342000261033923946141445605615135201021632460674163375710018335079231912474498201352252621137801452212453384233244650423324746182333503167231
246306923246946823124408033033501010311246908932324377293232461544323247719535335071593632453496373553771001339300760233913830023393252004342065890534207123053420255107342069680736051464091393011310342062991034202887103420002610339239461414456056151352010216324606741633757100183350792319124744982013522526211378014522124533842332446504233247461823335031672312474297231
246946823244080330335010103112469089323243772932324615443232477195353350715936324534963735537710013393007602339138300233932520043420658905342071230534202551073420696807360514640913930113103420629910342028871034200026103392394614144560561513520102163246067416337571001833507923191247449820135225262113780145221245338423324465042332474618233350316723124742972312463069231
244080330350101031324690893232437729323246154432324771953533507159363245349637355377100133930076023391383002339325200434206589053420712305342025510734206968073605146409339301131034206299103420288710342000261033923946143445605615335201021612460674161375710018135079231932474498203352252621337801452232453384231244650423124746182313503167233247429723324630692332469468233
350101031246908932324377293232461544323247719535335071593632453496373553771001339300760233913830023393252004342065890534207123053420255107342069680736051464091393011310342062991034202887103420002610339239461414456056151352010216324606741633757100183350792319124744982013522526211378014522124533842332446504233247461823335031672312474297231246306923124694682312440803303
246908932243772932124615443212477195351350715936324534963735537710013393007602339138300233932520043420658905342071230534202551073420696807360514640933930113103420629910342028871034200026103392394614344560561533520102163246067416337571001833507923193247449820335225262133780145223245338423324465042332474618233350316723324742972332463069233246946823324408033033501010313
243772932246154432124771953513507159363245349637355377100133930076023391383002339325200434206589053420712305342025510734206968073605146409339301131034206299103420288710342000261033923946143445605615335201021632460674163375710018335079231932474498203352252621337801452232453384233244650423324746182333503167233247429723324630692332469468233244080330335010103132469089321
246154432247719535135071593632453496373553771001339300760233913830023393252004342065890534207123053420255107342069680736051464093393011310342062991034202887103420002610339239461434456056153352010216324606741633757100183350792319324744982033522526213378014522324533842332446504233247461823335031672332474297233246306923324694682332440803303350101031324690893212437729321
247719535350715936324534963735537710013393007602339138300233932520043420658905342071230534202551073420696807360514640933930113103420629910342028871034200026103392394614344560561533520102163246067416337571001833507923193247449820335225262133780145223245338423324465042332474618233350316723324742972332463069233246946823324408033033501010313246908932124377293212461544321
350715936245349637155377100133930076023391383002339325200434206589053420712305342025510734206968073605146409339301131034206299103420288710342000261033923946143445605615335201021632460674163375710018335079231932474498203352252621337801452232453384233244650423324746182333503167233247429723324630692332469468233244080330335010103132469089323243772932324615443232477195353
245349637553771001339300760233913830023393252004342065890534207123053420255107342069680736051464093393011310342062991034202887103420002610339239461434456056153352010216324606741633757100183350792319324744982033522526213378014522324533842332446504233247461823335031672332474297233246306923324694682332440803303350101031324690893232437729323246154432324771953533507159361
5537644014204395021393247703139138530314200701051420705705124272400713931609071420282907142024850713932951071420689107124606391333757057143244076615312732371532446243173245193617312984091933507805203
4204395023932477031391385303142007010514207057051242724007139316090714202829071420248507139329510714206891071246063913337570571432440766153127323715324462431732451936173129840919335078052035537644011
3932477033913853031420070105142070570512427240071393160907142028290714202485071393295107142068910712460639133375705714324407661531273237153244624317324519361731298409193350780520355376440114204395021
3913853034200701051420705705124272400713931609071420282907142024850713932951071420689107124606391333757057143244076615312732371532446243173245193617312984091933507805203553764401142043950213932477031
4200701054207057051242724007139316090714202829071420248507139329510714206891071246063913337570571432440766153127323715324462431732451936173129840919335078052035537644011420439502139324770313913853031
4207057052427240071393160907142028290714202485071393295107142068910712460639133375705714324407661531273237153244624317324519361731298409193350780520355376440114204395021393247703139138530314200701051
2427240073931609071420282907142024850713932951071420689107124606391333757057143244076615312732371532446243173245193617312984091933507805203553764401142043950213932477031391385303142007010514207057051
3931609074202829071420248507139329510714206891071246063913337570571432440766153127323715324462431732451936173129840919335078052035537644011420439502139324770313913853031420070105142070570512427240071
4202829074202485071393295107142068910712460639133375705714324407661531273237153244624317324519361731298409193350780520355376440114204395021393247703139138530314200701051420705705124272400713931609071
4202485073932951071420689107124606391333757057143244076615312732371532446243173245193617312984091933507805203553764401142043950213932477031391385303142007010514207057051242724007139316090714202829071
3932951074206891071246063913337570571432440766153127323715324462431732451936173129840919335078052035537644011420439502139324770313913853031420070105142070570512427240071393160907142028290714202485071
4206891072460639133375705714324407661531273237153244624317324519361731298409193350780520355376440114204395021393247703139138530314200701051420705705124272400713931609071420282907142024850713932951071
2460639133757057141244076615112732371512446243171245193617112984091933507805203553764401342043950233932477033391385303342007010534207057053242724007339316090734202829073420248507339329510734206891073
3757057142440766151127323715124462431712451936171129840919335078052035537644013420439502339324770333913853033420070105342070570532427240073393160907342028290734202485073393295107342068910732460639131
2440766151273237151244624317124519361711298409193350780520355376440134204395023393247703339138530334200701053420705705324272400733931609073420282907342024850733932951073420689107324606391313757057141
1273237152446243171245193617112984091933507805203553764401342043950233932477033391385303342007010534207057053242724007339316090734202829073420248507339329510734206891073246063913137570571412440766151
2446243172451936171129840919335078052035537644013420439502339324770333913853033420070105342070570532427240073393160907342028290734202485073393295107342068910732460639131375705714124407661511273237151
2451936171298409193350780520355376440134204395023393247703339138530334200701053420705705324272400733931609073420282907342024850733932951073420689107324606391313757057141244076615112732371512446243171
1298409193507805203553764401342043950233932477033391385303342007010534207057053242724007339316090734202829073420248507339329510734206891073246063913337570571432440766153127323715324462431732451936173
3507805205537644013420439502339324770333913853033420070105342070570532427240073393160907342028290734202485073393295107342068910732460639133375705714324407661531273237153244624317324519361731298409193
1323432011253364021
1253364021323432011
39276190124726830221287096032
24726830212870960313927619012
12870960339276190122472683021
39276250124727140221287104032
24727140212871040313927625012
12871040339276250122472714021
24727370139276310121287110031
39276310112871100322472737012
12871100324727370113927631012
5531067013501808021
3501808025531067011
353840901421464302124427880313909691031421463705355091160633909685073354573408324782720833538065083
421464302244278803139096910314214637053550911606339096850733545734083247827208335380650833538409011
244278803390969103142146370535509116063390968507335457340832478272083353806508335384090114214643021
390969103421463705355091160633909685073354573408324782720833538065083353840901142146430212442788031
421463705550911606139096850713545734081247827208135380650813538409013421464302324427880333909691033
550911606390968507135457340812478272081353806508135384090134214643023244278803339096910334214637051
390968507354573408124782720813538065081353840901342146430232442788033390969103342146370515509116061
354573408247827208135380650813538409013421464302324427880333909691033421463705155091160613909685071
247827208353806508135384090134214643023244278803339096910334214637051550911606139096850713545734081
353806508353840901342146430232442788033390969103342146370515509116061390968507135457340812478272081
4468786015512905023498161503344779630414473540051446415605144759640714473586071446082709149640190914973863113446565812344563981333764436143
5512905024981615031447796304344735400534464156053447596407344735860734460827093496401909349738631114465658121445639813137644361434468786013
4981615034477963043447354005344641560534475964073447358607344608270934964019093497386311144656581214456398131376443614344687860135512905021
4477963044473540051446415605144759640714473586071446082709149640190914973863113446565812344563981333764436143446878601155129050234981615033
4473540054464156051447596407144735860714460827091496401909149738631134465658123445639813337644361434468786011551290502349816150334477963041
4464156054475964071447358607144608270914964019091497386311344656581234456398133376443614344687860115512905023498161503344779630414473540051
4475964074473586071446082709149640190914973863113446565812344563981333764436143446878601155129050234981615033447796304144735400514464156051
4473586074460827091496401909149738631134465658123445639813337644361434468786011551290502349816150334477963041447354005144641560514475964071
4460827094964019091497386311344656581234456398133376443614344687860115512905023498161503344779630414473540051446415605144759640714473586071
4964019094973863113446565812344563981333764436143446878601155129050234981615033447796304144735400514464156051447596407144735860714460827091
4973863114465658121445639813137644361434468786013551290502149816150314477963043447354005344641560534475964073447358607344608270934964019093
4465658124456398131376443614344687860135512905021498161503144779630434473540053446415605344759640734473586073446082709349640190934973863111
4456398133764436143446878601355129050214981615031447796304344735400534464156053447596407344735860734460827093496401909349738631114465658121
3764436144468786013551290502349816150334477963043447354005344641560534475964073447358607344608270934964019093497386311344656581234456398133
4957321015512911023498163803344779860414473557051446416205144759700714473592071446083309149640250914973886113446567012344564061333764471143
5512911024981638031447798604344735570534464162053447597007344735920734460833093496402509349738861114465670121445640613137644711434957321013
4981638034477986043447355705344641620534475970073447359207344608330934964025093497388611144656701214456406131376447114349573210135512911021
4477986044473557051446416205144759700714473592071446083309149640250914973886113446567012344564061333764471143495732101155129110234981638033
4473557054464162051447597007144735920714460833091496402509149738861134465670123445640613337644711434957321011551291102349816380334477986041
4464162054475970071447359207144608330914964025091497388611344656701234456406133376447114349573210115512911023498163803344779860414473557051
4475970074473592071446083309149640250914973886113446567012344564061333764471143495732101155129110234981638033447798604144735570514464162051
4473592074460833091496402509149738861134465670123445640613337644711434957321011551291102349816380334477986041447355705144641620514475970071
4460833094964025091497388611344656701234456406133376447114349573210115512911023498163803344779860414473557051446416205144759700714473592071
4964025094973886113446567012344564061333764471143495732101155129110234981638033447798604144735570514464162051447597007144735920714460833091
4973886114465670121445640613137644711434957321013551291102149816380314477986043447355705344641620534475970073447359207344608330934964025093
4465670124456406131376447114349573210135512911021498163803144779860434473557053446416205344759700734473592073446083309349640250934973886111
4456406133764471143495732101355129110214981638031447798604344735570534464162053447597007344735920734460833093496402509349738861114465670121
3764471144957321013551291102349816380334477986043447355705344641620534475970073447359207344608330934964025093497388611344656701234456406133
4468800015512928023498164403344779920414473563051446417905144759870714473600071446085609149640310914973892113446568712344564121333764494143
5512928024981644031447799204344735630534464179053447598707344736000734460856093496403109349738921114465687121445641213137644941434468800013
4981644034477992043447356305344641790534475987073447360007344608560934964031093497389211144656871214456412131376449414344688000135512928021
4477992044473563051446417905144759870714473600071446085609149640310914973892113446568712344564121333764494143446880001155129280234981644033
4473563054464179051447598707144736000714460856091496403109149738921134465687123445641213337644941434468800011551292802349816440334477992041
4464179054475987071447360007144608560914964031091497389211344656871234456412133376449414344688000115512928023498164403344779920414473563051
4475987074473600071446085609149640310914973892113446568712344564121333764494143446880001155129280234981644033447799204144735630514464179051
4473600074460856091496403109149738921134465687123445641213337644941434468800011551292802349816440334477992041447356305144641790514475987071
4460856094964031091497389211344656871234456412133376449414344688000115512928023498164403344779920414473563051446417905144759870714473600071
4964031094973892113446568712344564121333764494143446880001155129280234981644033447799204144735630514464179051447598707144736000714460856091
4973892114465687121445641213137644941434468800013551292802149816440314477992043447356305344641790534475987073447360007344608560934964031093
4465687124456412131376449414344688000135512928021498164403144779920434473563053446417905344759870734473600073446085609349640310934973892111
4456412133764494143446880001355129280214981644031447799204344735630534464179053447598707344736000734460856093496403109349738921114465687121
3764494144468800013551292802349816440334477992043447356305344641790534475987073447360007344608560934964031093497389211344656871234456412133
4990399014962523023376589002337822790434218434053354434406324439770712444089071246513407135027130713904417113392253311335188491113544462143390435715337617161633770922173
4962523023765890021378227904142184340513544344061244397707324440890732465134073350271307339044171113922533111351884911335444621413904357151376171616137709221714990399013
3765890023782279041421843405135443440612443977073244408907324651340733502713073390441711139225331113518849113354446214139043571513761716161377092217149903990134962523021
3782279044218434051354434406124439770732444089073246513407335027130733904417111392253311135188491133544462141390435715137617161613770922171499039901349625230213765890021
4218434053544344061244397707324440890732465134073350271307339044171113922533111351884911335444621413904357151376171616137709221714990399013496252302137658900213782279041
3544344062443977073244408907324651340733502713073390441711139225331113518849113354446214139043571513761716161377092217149903990134962523021376589002137822790414218434051
2443977072444089071246513407135027130713904417113392253311335188491113544462143390435715337617161633770922173499039901149625230233765890023378227904342184340533544344063
2444089072465134071350271307139044171133922533113351884911135444621433904357153376171616337709221734990399011496252302337658900233782279043421843405335443440632443977071
2465134073502713071390441711339225331133518849111354446214339043571533761716163377092217349903990114962523023376589002337822790434218434053354434406324439770712444089071
3502713073904417113392253311335188491113544462143390435715337617161633770922173499039901149625230233765890023378227904342184340533544344063244397707124440890712465134071
3904417113922533111351884911335444621413904357151376171616137709221714990399013496252302137658900213782279041421843405135443440612443977073244408907324651340733502713073
3922533113518849113354446214139043571513761716161377092217149903990134962523021376589002137822790414218434051354434406124439770732444089073246513407335027130733904417111
3518849113544462143390435715337617161633770922173499039901149625230233765890023378227904342184340533544344063244397707124440890712465134071350271307139044171133922533113
3544462143904357151376171616137709221714990399013496252302137658900213782279041421843405135443440612443977073244408907324651340733502713073390441711139225331113518849113
3904357153761716161377092217149903990134962523021376589002137822790414218434051354434406124439770732444089073246513407335027130733904417111392253311135188491133544462141
3761716163770922171499039901349625230213765890021378227904142184340513544344061244397707324440890732465134073350271307339044171113922533111351884911335444621413904357151
3770922174990399013496252302137658900213782279041421843405135443440612443977073244408907324651340733502713073390441711139225331113518849113354446214139043571513761716161
354288801447584602135465150313903323031354581705135464610512429575071243649208335119360932444221093245637111324290031231253683123
447584602354651503139033230313545817051354646105124295750712436492083351193609324442210932456371113242900312312536831233542888011
354651503390332303135458170513546461051242957507124364920833511936093244422109324563711132429003123125368312335428880114475846021
390332303354581705135464610512429575071243649208335119360932444221093245637111324290031231253683123354288801144758460213546515031
354581705354646105124295750712436492083351193609324442210932456371113242900312312536831233542888011447584602135465150313903323031
354646105242957507124364920833511936093244422109324563711132429003123125368312335428880114475846021354651503139033230313545817051
242957507243649208335119360932444221093245637111324290031231253683123354288801144758460213546515031390332303135458170513546461051
243649208351193609124442210912456371111242900312112536831213542888013447584602335465150333903323033354581705335464610532429575073
351193609244422109124563711112429003121125368312135428880134475846023354651503339033230333545817053354646105324295750732436492081
244422109245637111124290031211253683121354288801344758460233546515033390332303335458170533546461053242957507324364920813511936091
245637111242900312112536831213542888013447584602335465150333903323033354581705335464610532429575073243649208135119360912444221091
242900312125368312135428880134475846023354651503339033230333545817053354646105324295750732436492081351193609124442210912456371111
125368312354288801344758460233546515033390332303335458170533546461053242957507324364920813511936091244422109124563711112429003121
39031510139099170113905925031378877303139030270513903607061243750507324406830833545384083
39099170139059250313788773031390302705139036070612437505073244068308335453840833903151011
39059250337887730313903027051390360706124375050732440683083354538408339031510113909917011
37887730339030270513903607061243750507324406830833545384083390315101139099170113905925031
39030270539036070612437505073244068308335453840833903151011390991701139059250313788773031
39036070624375050732440683083354538408339031510113909917011390592503137887730313903027051
24375050724406830813545384081390315101339099170133905925033378877303339030270533903607063
24406830835453840813903151013390991701339059250333788773033390302705339036070632437505071
35453840839031510133909917013390592503337887730333903027053390360706324375050712440683081
445669401446664602144644230215518960043551287405335111900634969821063353763408335000510933509939103350744911335019261233500890133
446664602446442302155189600435512874053351119006349698210633537634083350005109335099391033507449113350192612335008901334456694011
446442302551896004355128740533511190063496982106335376340833500051093350993910335074491133501926123350089013344566940114466646021
551896004551287405135111900614969821061353763408135000510913509939101350744911135019261213500890131445669401344666460234464423023
551287405351119006149698210613537634081350005109135099391013507449111350192612135008901314456694013446664602344644230235518960041
351119006496982106135376340813500051091350993910135074491113501926121350089013144566940134466646023446442302355189600415512874051
496982106353763408135000510913509939101350744911135019261213500890131445669401344666460234464423023551896004155128740513511190061
353763408350005109135099391013507449111350192612135008901314456694013446664602344644230235518960041551287405135111900614969821061
350005109350993910135074491113501926121350089013144566940134466646023446442302355189600415512874051351119006149698210613537634081
350993910350744911135019261213500890131445669401344666460234464423023551896004155128740513511190061496982106135376340813500051091
350744911350192612135008901314456694013446664602344644230235518960041551287405135111900614969821061353763408135000510913509939101
350192612350089013144566940134466646023446442302355189600415512874051351119006149698210613537634081350005109135099391013507449111
350089013445669401344666460234464423023551896004155128740513511190061496982106135376340813500051091350993910135074491113501926121
376145501421593802135200590313515006041391057605112589820613528032071422520407135414810713538527071245015007135150290712465476071446175507135150410713761946163376108217337582751731312776193354601820324394672131284235223
421593802352005903135150060413910576051125898206135280320714225204071354148107135385270712450150071351502907124654760714461755071351504107137619461633761082173375827517313127761933546018203243946721312842352233761455011
352005903351500604139105760511258982061352803207142252040713541481071353852707124501500713515029071246547607144617550713515041071376194616337610821733758275173131277619335460182032439467213128423522337614550114215938021
351500604391057605112589820613528032071422520407135414810713538527071245015007135150290712465476071446175507135150410713761946163376108217337582751731312776193354601820324394672131284235223376145501142159380213520059031
391057605125898206135280320714225204071354148107135385270712450150071351502907124654760714461755071351504107137619461633761082173375827517313127761933546018203243946721312842352233761455011421593802135200590313515006041
125898206352803207142252040713541481071353852707124501500713515029071246547607144617550713515041071376194616337610821733758275173131277619335460182032439467213128423522337614550114215938021352005903135150060413910576051
352803207422520407135414810713538527071245015007135150290712465476071446175507135150410713761946163376108217337582751731312776193354601820324394672131284235223376145501142159380213520059031351500604139105760511258982061
422520407354148107135385270712450150071351502907124654760714461755071351504107137619461633761082173375827517313127761933546018203243946721312842352233761455011421593802135200590313515006041391057605112589820613528032071
354148107353852707124501500713515029071246547607144617550713515041071376194616337610821733758275173131277619335460182032439467213128423522337614550114215938021352005903135150060413910576051125898206135280320714225204071
353852707245015007135150290712465476071446175507135150410713761946163376108217337582751731312776193354601820324394672131284235223376145501142159380213520059031351500604139105760511258982061352803207142252040713541481071
245015007351502907124654760714461755071351504107137619461633761082173375827517313127761933546018203243946721312842352233761455011421593802135200590313515006041391057605112589820613528032071422520407135414810713538527071
351502907246547607144617550713515041071376194616337610821733758275173131277619335460182032439467213128423522337614550114215938021352005903135150060413910576051125898206135280320714225204071354148107135385270712450150071
246547607446175507135150410713761946163376108217337582751731312776193354601820324394672131284235223376145501142159380213520059031351500604139105760511258982061352803207142252040713541481071353852707124501500713515029071
446175507351504107137619461633761082173375827517313127761933546018203243946721312842352233761455011421593802135200590313515006041391057605112589820613528032071422520407135414810713538527071245015007135150290712465476071
351504107376194616337610821733758275173131277619335460182032439467213128423522337614550114215938021352005903135150060413910576051125898206135280320714225204071354148107135385270712450150071351502907124654760714461755071
376194616376108217137582751711312776191354601820124394672131284235223376145501342159380233520059033351500604339105760531258982063352803207342252040733541481073353852707324501500733515029073246547607344617550733515041073
376108217375827517113127761913546018201243946721312842352233761455013421593802335200590333515006043391057605312589820633528032073422520407335414810733538527073245015007335150290732465476073446175507335150410733761946161
375827517131277619135460182012439467213128423522337614550134215938023352005903335150060433910576053125898206335280320734225204073354148107335385270732450150073351502907324654760734461755073351504107337619461613761082171
131277619354601820124394672131284235223376145501342159380233520059033351500604339105760531258982063352803207342252040733541481073353852707324501500733515029073246547607344617550733515041073376194616137610821713758275171
354601820243946721312842352233761455013421593802335200590333515006043391057605312589820633528032073422520407335414810733538527073245015007335150290732465476073446175507335150410733761946161376108217137582751711312776191
243946721128423522137614550134215938023352005903335150060433910576053125898206335280320734225204073354148107335385270732450150073351502907324654760734461755073351504107337619461633761082173375827517313127761933546018203
128423522376145501342159380233520059033351500604339105760531258982063352803207342252040733541481073353852707324501500733515029073246547607344617550733515041073376194616337610821733758275173131277619335460182032439467211
3761461014215921021352006503135150120413910582051352805506142252100612457100061353853306124501670613515035061246548206144617610613515058061376196915337610991633758281163354480618335460301932443919203
4215921023520065031351501204139105820513528055061422521006124571000613538533061245016706135150350612465482061446176106135150580613761969153376109916337582811633544806183354603019324439192033761461011
3520065033515012041391058205135280550614225210061245710006135385330612450167061351503506124654820614461761061351505806137619691533761099163375828116335448061833546030193244391920337614610114215921021
3515012043910582051352805506142252100612457100061353853306124501670613515035061246548206144617610613515058061376196915337610991633758281163354480618335460301932443919203376146101142159210213520065031
3910582053528055061422521006124571000613538533061245016706135150350612465482061446176106135150580613761969153376109916337582811633544806183354603019324439192033761461011421592102135200650313515012041
3528055064225210061245710006135385330612450167061351503506124654820614461761061351505806137619691533761099163375828116335448061833546030193244391920337614610114215921021352006503135150120413910582051
4225210062457100061353853306124501670613515035061246548206144617610613515058061376196915337610991633758281163354480618335460301932443919203376146101142159210213520065031351501204139105820513528055061
2457100063538533061245016706135150350612465482061446176106135150580613761969153376109916337582811633544806183354603019324439192033761461011421592102135200650313515012041391058205135280550614225210061
3538533062450167061351503506124654820614461761061351505806137619691533761099163375828116335448061833546030193244391920337614610114215921021352006503135150120413910582051352805506142252100612457100061
2450167063515035061246548206144617610613515058061376196915337610991633758281163354480618335460301932443919203376146101142159210213520065031351501204139105820513528055061422521006124571000613538533061
3515035062465482061446176106135150580613761969153376109916337582811633544806183354603019324439192033761461011421592102135200650313515012041391058205135280550614225210061245710006135385330612450167061
2465482064461761061351505806137619691533761099163375828116335448061833546030193244391920337614610114215921021352006503135150120413910582051352805506142252100612457100061353853306124501670613515035061
4461761063515058061376196915337610991633758281163354480618335460301932443919203376146101142159210213520065031351501204139105820513528055061422521006124571000613538533061245016706135150350612465482061
3515058063761969153376109916337582811633544806183354603019324439192033761461011421592102135200650313515012041391058205135280550614225210061245710006135385330612450167061351503506124654820614461761061
3761969153761099161375828116135448061813546030191244391920337614610134215921023352006503335150120433910582053352805506342252100632457100063353853306324501670633515035063246548206344617610633515058063
3761099163758281161354480618135460301912443919203376146101342159210233520065033351501204339105820533528055063422521006324571000633538533063245016706335150350632465482063446176106335150580633761969151
3758281163544806181354603019124439192033761461013421592102335200650333515012043391058205335280550634225210063245710006335385330632450167063351503506324654820634461761063351505806337619691513761099161
3544806183546030191244391920337614610134215921023352006503335150120433910582053352805506342252100632457100063353853306324501670633515035063246548206344617610633515058063376196915137610991613758281161
3546030192443919203376146101342159210233520065033351501204339105820533528055063422521006324571000633538533063245016706335150350632465482063446176106335150580633761969151376109916137582811613544806181
2443919203761461013421592102335200650333515012043391058205335280550634225210063245710006335385330632450167063351503506324654820634461761063351505806337619691533761099163375828116335448061833546030193
2450894012450842011
2450842012450894011
35076560124769940213900827033
24769940239008270333507656011
39008270335076560132476994023
5524038015532902021423228503137861130313788684031378599306139177910713902393071390655707137829770713786917071246756412137836981333770632143
5532902024232285031378611303137886840313785993061391779107139023930713906557071378297707137869170712467564121378369813337706321435524038011
4232285033786113031378868403137859930613917791071390239307139065570713782977071378691707124675641213783698133377063214355240380115532902021
3786113033788684031378599306139177910713902393071390655707137829770713786917071246756412137836981333770632143552403801155329020214232285031
3788684033785993061391779107139023930713906557071378297707137869170712467564121378369813337706321435524038011553290202142322850313786113031
3785993063917791071390239307139065570713782977071378691707124675641213783698133377063214355240380115532902021423228503137861130313788684031
3917791073902393071390655707137829770713786917071246756412137836981333770632143552403801155329020214232285031378611303137886840313785993061
3902393073906557071378297707137869170712467564121378369813337706321435524038011553290202142322850313786113031378868403137859930613917791071
3906557073782977071378691707124675641213783698133377063214355240380115532902021423228503137861130313788684031378599306139177910713902393071
3782977073786917071246756412137836981333770632143552403801155329020214232285031378611303137886840313785993061391779107139023930713906557071
3786917072467564121378369813337706321435524038011553290202142322850313786113031378868403137859930613917791071390239307139065570713782977071
2467564123783698133377063214355240380115532902021423228503137861130313788684031378599306139177910713902393071390655707137829770713786917071
3783698133770632141552403801355329020234232285033378611303337886840333785993063391779107339023930733906557073378297707337869170732467564123
3770632145524038013553290202342322850333786113033378868403337859930633917791073390239307339065570733782977073378691707324675641233783698131
5543573015507152021550997802155103320415500888041551068006155072350615507086061551101806155119171033517241113378188312339295121333545711143
5507152025509978021551033204155008880415510680061550723506155070860615511018061551191710335172411133781883123392951213335457111435543573011
5509978025510332041550088804155106800615507235061550708606155110180615511917103351724111337818831233929512133354571114355435730115507152021
5510332045500888041551068006155072350615507086061551101806155119171033517241113378188312339295121333545711143554357301155071520215509978021
5500888045510680061550723506155070860615511018061551191710335172411133781883123392951213335457111435543573011550715202155099780215510332041
5510680065507235061550708606155110180615511917103351724111337818831233929512133354571114355435730115507152021550997802155103320415500888041
5507235065507086061551101806155119171033517241113378188312339295121333545711143554357301155071520215509978021551033204155008880415510680061
5507086065511018061551191710335172411133781883123392951213335457111435543573011550715202155099780215510332041550088804155106800615507235061
5511018065511917103351724111337818831233929512133354571114355435730115507152021550997802155103320415500888041551068006155072350615507086061
5511917103517241111378188312339295121333545711143554357301355071520235509978023551033204355008880435510680063550723506355070860635511018063
3517241113781883123392951213335457111435543573013550715202355099780235510332043550088804355106800635507235063550708606355110180635511917101
3781883123929512133354571114355435730135507152023550997802355103320435500888043551068006355072350635507086063551101806355119171033517241113
3929512133545711143554357301355071520235509978023551033204355008880435510680063550723506355070860635511018063551191710335172411133781883123
3545711145543573013550715202355099780235510332043550088804355106800635507235063550708606355110180635511917103351724111337818831233929512133
551001301554142702355099840335513230043550090205355160910635507241063550779006339068820933929529103
554142702550998403155132300415500902051551609106155072410615507790061390688209339295291035510013013
550998403551323004155009020515516091061550724106155077900613906882093392952910355100130135541427021
551323004550090205155160910615507241061550779006139068820933929529103551001301355414270215509984031
550090205551609106155072410615507790061390688209339295291035510013013554142702155099840315513230041
551609106550724106155077900613906882093392952910355100130135541427021550998403155132300415500902051
550724106550779006139068820933929529103551001301355414270215509984031551323004155009020515516091061
550779006390688209339295291035510013013554142702155099840315513230041550090205155160910615507241061
390688209392952910355100130135541427023550998403355132300435500902053551609106355072410635507790063
392952910551001301355414270235509984033551323004355009020535516091063550724106355077900633906882093
551004201554143302355099900335513247043550092505355160850635507258063550780906339068530933929535103
554143302550999003155132470415500925051551608506155072580615507809061390685309339295351035510042013
550999003551324704155009250515516085061550725806155078090613906853093392953510355100420135541433021
551324704550092505155160850615507258061550780906139068530933929535103551004201355414330215509990031
550092505551608506155072580615507809061390685309339295351035510042013554143302155099900315513247041
551608506550725806155078090613906853093392953510355100420135541433021550999003155132470415500925051
550725806550780906139068530933929535103551004201355414330215509990031551324704155009250515516085061
550780906390685309339295351035510042013554143302155099900315513247041550092505155160850615507258061
390685309392953510355100420135541433023550999003355132470435500925053551608506355072580635507809063
392953510551004201355414330235509990033551324704355009250535516085063550725806355078090633906853093
497151601498597801149748450314975253031446581305355094350534459161053446328605324368940533929498103
498597801497484503149752530314465813053550943505344591610534463286053243689405339294981034971516011
497484503497525303144658130535509435053445916105344632860532436894053392949810349715160114985978011
497525303446581305355094350534459161053446328605324368940533929498103497151601149859780114974845031
446581305550943505144591610514463286051243689405139294981034971516013498597801349748450334975253033
550943505445916105144632860512436894051392949810349715160134985978013497484503349752530334465813051
445916105446328605124368940513929498103497151601349859780134974845033497525303344658130515509435051
446328605243689405139294981034971516013498597801349748450334975253033446581305155094350514459161051
243689405392949810349715160134985978013497484503349752530334465813051550943505144591610514463286051
392949810497151601349859780134974845033497525303344658130535509435053445916105344632860532436894053
55376960149557300214207100031420253904142069450414206276061393300506124464730833507828093
49557300242071000314202539041420694504142062760613933005061244647308335078280935537696011
42071000342025390414206945041420627606139330050612446473083350782809355376960114955730021
42025390442069450414206276061393300506124464730833507828093553769601149557300214207100031
42069450442062760613933005061244647308335078280935537696011495573002142071000314202539041
42062760639330050612446473083350782809355376960114955730021420710003142025390414206945041
39330050624464730833507828093553769601149557300214207100031420253904142069450414206276061
24464730835078280935537696013495573002342071000334202539043420694504342062760633933005063
35078280955376960134955730023420710003342025390434206945043420627606339330050632446473083
551221301376463702144686800213927855041377418505137571230613758105061378211506142253680614232687061448250411335383781234961251133605771614355337701436051889143605141214355129401433771198193
376463702446868002139278550413774185051375712306137581050613782115061422536806142326870614482504113353837812349612511336057716143553377014360518891436051412143551294014337711981935512213011
446868002392785504137741850513757123061375810506137821150614225368061423268706144825041133538378123496125113360577161435533770143605188914360514121435512940143377119819355122130113764637021
392785504377418505137571230613758105061378211506142253680614232687061448250411335383781234961251133605771614355337701436051889143605141214355129401433771198193551221301137646370214468680021
377418505375712306137581050613782115061422536806142326870614482504113353837812349612511336057716143553377014360518891436051412143551294014337711981935512213011376463702144686800213927855041
375712306375810506137821150614225368061423268706144825041133538378123496125113360577161435533770143605188914360514121435512940143377119819355122130113764637021446868002139278550413774185051
375810506378211506142253680614232687061448250411335383781234961251133605771614355337701436051889143605141214355129401433771198193551221301137646370214468680021392785504137741850513757123061
378211506422536806142326870614482504113353837812349612511336057716143553377014360518891436051412143551294014337711981935512213011376463702144686800213927855041377418505137571230613758105061
422536806423268706144825041133538378123496125113360577161435533770143605188914360514121435512940143377119819355122130113764637021446868002139278550413774185051375712306137581050613782115061
423268706448250411335383781234961251133605771614355337701436051889143605141214355129401433771198193551221301137646370214468680021392785504137741850513757123061375810506137821150614225368061
448250411353837812149612511316057716143553377014360518891436051412143551294014337711981935512213013376463702344686800233927855043377418505337571230633758105063378211506342253680634232687063
353837812496125113160577161435533770143605188914360514121435512940143377119819355122130133764637023446868002339278550433774185053375712306337581050633782115063422536806342326870634482504111
496125113605771614355337701436051889143605141214355129401433771198193551221301337646370234468680023392785504337741850533757123063375810506337821150634225368063423268706344825041113538378121
605771614553377014160518891416051412141551294014137711981915512213013376463702344686800233927855043377418505337571230633758105063378211506342253680634232687063448250411335383781234961251133
553377014605188914160514121415512940141377119819155122130133764637023446868002339278550433774185053375712306337581050633782115063422536806342326870634482504113353837812349612511336057716141
605188914605141214155129401413771198191551221301337646370234468680023392785504337741850533757123063375810506337821150634225368063423268706344825041133538378123496125113360577161415533770141
605141214551294014137711981915512213013376463702344686800233927855043377418505337571230633758105063378211506342253680634232687063448250411335383781234961251133605771614155337701416051889141
551294014377119819155122130133764637023446868002339278550433774185053375712306337581050633782115063422536806342326870634482504113353837812349612511336057716141553377014160518891416051412141
377119819551221301337646370234468680023392785504337741850533757123063375810506337821150634225368063423268706344825041133538378123496125113360577161415533770141605188914160514121415512940141
3930892013910895023
3910895023930892013
4211975014200210023
4200210024211975013
4211998014200233023
4200233024211998013
37615960113109900233511971023354644904337815060533547696063245809707339212030733538094073352623410324414061132446622113247211111324293801131322740153125661215312635231731306557173245262817324537342032454716203245078220349765772031289942243
13109900235119710213546449043378150605335476960632458097073392120307335380940733526234103244140611324466221132472111113242938011313227401531256612153126352317313065571732452628173245373420324547162032450782203497657720312899422433761596013
35119710235464490433781506053354769606324580970733921203073353809407335262341032441406113244662211324721111132429380113132274015312566121531263523173130655717324526281732453734203245471620324507822034976577203128994224337615960131310990021
35464490437815060513547696061245809707339212030733538094073352623410324414061112446622111247211111124293801111322740151125661215112635231731306557173245262817324537342032454716203245078220349765772031289942243376159601313109900233511971023
37815060535476960612458097073392120307335380940733526234103244140611124466221112472111111242938011113227401511256612151126352317313065571732452628173245373420324547162032450782203497657720312899422433761596013131099002335119710233546449041
35476960624580970733921203073353809407335262341032441406111244662211124721111112429380111132274015112566121511263523173130655717324526281732453734203245471620324507822034976577203128994224337615960131310990023351197102335464490413781506051
24580970739212030713538094071352623410124414061132446622113247211111324293801131322740153125661215312635231711306557171245262817124537342012454716201245078220149765772011289942243376159601313109900233511971023354644904337815060533547696063
39212030735380940713526234101244140611324466221132472111113242938011313227401531256612153126352317113065571712452628171245373420124547162012450782201497657720112899422433761596013131099002335119710233546449043378150605335476960632458097071
35380940735262341012441406113244662211324721111132429380113132274015312566121531263523171130655717124526281712453734201245471620124507822014976577201128994224337615960131310990023351197102335464490433781506053354769606324580970713921203071
35262341024414061132446622113247211111324293801131322740153125661215312635231711306557171245262817124537342012454716201245078220149765772011289942243376159601313109900233511971023354644904337815060533547696063245809707139212030713538094071
24414061124466221112472111111242938011113227401511256612151126352317313065571732452628173245373420324547162032450782203497657720312899422433761596013131099002335119710233546449041378150605135476960612458097073392120307335380940733526234103
24466221124721111112429380111132274015112566121511263523173130655717324526281732453734203245471620324507822034976577203128994224337615960131310990023351197102335464490413781506051354769606124580970733921203073353809407335262341032441406111
24721111124293801111322740151125661215112635231731306557173245262817324537342032454716203245078220349765772031289942243376159601313109900233511971023354644904137815060513547696061245809707339212030733538094073352623410324414061112446622111
24293801113227401511256612151126352317313065571732452628173245373420324547162032450782203497657720312899422433761596013131099002335119710233546449041378150605135476960612458097073392120307335380940733526234103244140611124466221112472111111
13227401512566121511263523173130655717324526281732453734203245471620324507822034976577203128994224337615960131310990023351197102335464490413781506051354769606124580970733921203073353809407335262341032441406111244662211124721111112429380111
12566121512635231731306557173245262817324537342032454716203245078220349765772031289942243376159601313109900233511971023354644904137815060513547696061245809707339212030733538094073352623410324414061112446622111247211111124293801111322740151
12635231713065571712452628171245373420124547162012450782201497657720112899422433761596013131099002335119710233546449043378150605335476960632458097071392120307135380940713526234101244140611324466221132472111113242938011313227401531256612153
13065571724526281712453734201245471620124507822014976577201128994224337615960131310990023351197102335464490433781506053354769606324580970713921203071353809407135262341012441406113244662211324721111132429380113132274015312566121531263523171
24526281724537342012454716201245078220149765772011289942243376159601313109900233511971023354644904337815060533547696063245809707139212030713538094071352623410124414061132446622113247211111324293801131322740153125661215312635231711306557171
24537342024547162012450782201497657720112899422433761596013131099002335119710233546449043378150605335476960632458097071392120307135380940713526234101244140611324466221132472111113242938011313227401531256612153126352317113065571712452628171
24547162024507822014976577201128994224337615960131310990023351197102335464490433781506053354769606324580970713921203071353809407135262341012441406113244662211324721111132429380113132274015312566121531263523171130655717124526281712453734201
24507822049765772011289942243376159601313109900233511971023354644904337815060533547696063245809707139212030713538094071352623410124414061132446622113247211111324293801131322740153125661215312635231711306557171245262817124537342012454716201
49765772012899422433761596013131099002335119710233546449043378150605335476960632458097071392120307135380940713526234101244140611324466221132472111113242938011313227401531256612153126352317113065571712452628171245373420124547162012450782201
12899422437615960131310990023351197102335464490433781506053354769606324580970733921203073353809407335262341032441406113244662211324721111132429380113132274015312566121531263523173130655717324526281732453734203245471620324507822034976577203
44632280135180450212460243031245989503124518300312451818031246059103124721630311282354091376185710335381021031253111123131037512324526341232453740153245472215324507761534975922153
35180450224602430312459895031245183003124518180312460591031247216303112823540913761857103353810210312531111231310375123245263412324537401532454722153245077615349759221534463228011
24602430324598950312451830031245181803124605910312472163031128235409137618571033538102103125311112313103751232452634123245374015324547221532450776153497592215344632280113518045021
24598950324518300312451818031246059103124721630311282354091376185710335381021031253111123131037512324526341232453740153245472215324507761534975922153446322801135180450212460243031
24518300324518180312460591031247216303112823540913761857103353810210312531111231310375123245263412324537401532454722153245077615349759221534463228011351804502124602430312459895031
24518180324605910312472163031128235409137618571033538102103125311112313103751232452634123245374015324547221532450776153497592215344632280113518045021246024303124598950312451830031
24605910324721630311282354091376185710335381021031253111123131037512324526341232453740153245472215324507761534975922153446322801135180450212460243031245989503124518300312451818031
24721630312823540913761857103353810210312531111231310375123245263412324537401532454722153245077615349759221534463228011351804502124602430312459895031245183003124518180312460591031
12823540937618571033538102103125311112313103751232452634123245374015324547221532450776153497592215344632280113518045021246024303124598950312451830031245181803124605910312472163031
37618571035381021011253111121131037512124526341212453740151245472215124507761514975922151446322801335180450232460243033245989503324518300332451818033246059103324721630331282354093
35381021012531111211310375121245263412124537401512454722151245077615149759221514463228013351804502324602430332459895033245183003324518180332460591033247216303312823540933761857101
12531111213103751212452634121245374015124547221512450776151497592215144632280133518045023246024303324598950332451830033245181803324605910332472163033128235409337618571013538102101
13103751224526341212453740151245472215124507761514975922151446322801335180450232460243033245989503324518300332451818033246059103324721630331282354093376185710135381021011253111121
24526341224537401512454722151245077615149759221514463228013351804502324602430332459895033245183003324518180332460591033247216303312823540933761857101353810210112531111211310375121
24537401524547221512450776151497592215144632280133518045023246024303324598950332451830033245181803324605910332472163033128235409337618571013538102101125311112113103751212452634121
24547221524507761514975922151446322801335180450232460243033245989503324518300332451818033246059103324721630331282354093376185710135381021011253111121131037512124526341212453740151
24507761549759221514463228013351804502324602430332459895033245183003324518180332460591033247216303312823540933761857101353810210112531111211310375121245263412124537401512454722151
49759221544632280133518045023246024303324598950332451830033245181803324605910332472163033128235409337618571013538102101125311112113103751212452634121245374015124547221512450776151
446321101245180102124602370312451824031351803903124605850312472157031245808008339211950833538088083352622811324537281232454691123245079912349765831231292789163
245180102246023703124518240313518039031246058503124721570312458080083392119508335380880833526228113245372812324546911232450799123497658312312927891634463211011
246023703245182403135180390312460585031247215703124580800833921195083353808808335262281132453728123245469112324507991234976583123129278916344632110112451801021
245182403351803903124605850312472157031245808008339211950833538088083352622811324537281232454691123245079912349765831231292789163446321101124518010212460237031
351803903246058503124721570312458080083392119508335380880833526228113245372812324546911232450799123497658312312927891634463211011245180102124602370312451824031
246058503247215703124580800833921195083353808808335262281132453728123245469112324507991234976583123129278916344632110112451801021246023703124518240313518039031
247215703245808008339211950833538088083352622811324537281232454691123245079912349765831231292789163446321101124518010212460237031245182403135180390312460585031
245808008392119508135380880813526228111245372812124546911212450799121497658312112927891614463211013245180102324602370332451824033351803903324605850332472157033
392119508353808808135262281112453728121245469112124507991214976583121129278916144632110132451801023246023703324518240333518039033246058503324721570332458080081
353808808352622811124537281212454691121245079912149765831211292789161446321101324518010232460237033245182403335180390332460585033247215703324580800813921195081
352622811245372812124546911212450799121497658312112927891614463211013245180102324602370332451824033351803903324605850332472157033245808008139211950813538088081
245372812245469112124507991214976583121129278916144632110132451801023246023703324518240333518039033246058503324721570332458080081392119508135380880813526228111
245469112245079912149765831211292789161446321101324518010232460237033245182403335180390332460585033247215703324580800813921195081353808808135262281112453728121
245079912497658312112927891614463211013245180102324602370332451824033351803903324605850332472157033245808008139211950813538088081352622811124537281212454691121
497658312129278916144632110132451801023246023703324518240333518039033246058503324721570332458080081392119508135380880813526228111245372812124546911212450799121
129278916446321101324518010232460237033245182403335180390332460585033247215703324580800813921195081353808808135262281112453728121245469112124507991214976583121
55299690137581340213549057031375839304135486550413902358063378685706337887380634201474093550498110344544421133906416123390924813339037481433786923143391440416335481061733918141183390242418342069971833930337213390316822337836752233769617243376968125337772902633770247273132038528339014652932460527303
37581340235490570313758393041354865504139023580633786857063378873806342014740935504981103445444211339064161233909248133390374814337869231433914404163354810617339181411833902424183420699718339303372133903168223378367522337696172433769681253377729026337702472731320385283390146529324605273035529969011
35490570337583930413548655041390235806337868570633788738063420147409355049811034454442113390641612339092481333903748143378692314339144041633548106173391814118339024241834206997183393033721339031682233783675223376961724337696812533777290263377024727313203852833901465293246052730355299690113758134021
37583930435486550413902358063378685706337887380634201474093550498110344544421133906416123390924813339037481433786923143391440416335481061733918141183390242418342069971833930337213390316822337836752233769617243376968125337772902633770247273132038528339014652932460527303552996901137581340213549057031
35486550439023580633786857063378873806342014740935504981103445444211339064161233909248133390374814337869231433914404163354810617339181411833902424183420699718339303372133903168223378367522337696172433769681253377729026337702472731320385283390146529324605273035529969011375813402135490570313758393041
39023580637868570613788738061420147409355049811034454442113390641612139092481313903748141378692314139144041633548106171391814118139024241814206997183393033721339031682233783675223376961724337696812533777290263377024727313203852833901465293246052730355299690133758134023354905703337583930433548655043
37868570637887380614201474093550498110344544421133906416121390924813139037481413786923141391440416335481061713918141181390242418142069971833930337213390316822337836752233769617243376968125337772902633770247273132038528339014652932460527303552996901337581340233549057033375839304335486550433902358061
37887380642014740935504981103445444211339064161213909248131390374814137869231413914404163354810617139181411813902424181420699718339303372133903168223378367522337696172433769681253377729026337702472731320385283390146529324605273035529969013375813402335490570333758393043354865504339023580613786857061
42014740955049811034454442113390641612339092481333903748143378692314339144041633548106173391814118339024241834206997183393033721339031682233783675223376961724337696812533777290263377024727313203852833901465293246052730355299690133758134023354905703337583930433548655043390235806337868570633788738063
55049811044544421113906416123390924813339037481433786923143391440416135481061733918141183390242418342069971813930337211390316822337836752233769617243376968125337772902633770247273132038528339014652932460527303552996901337581340233549057033375839304335486550433902358063378685706337887380634201474093
44544421139064161233909248133390374814337869231433914404161354810617339181411833902424183420699718139303372113903168223378367522337696172433769681253377729026337702472731320385283390146529324605273035529969013375813402335490570333758393043354865504339023580633786857063378873806342014740935504981101
39064161239092481313903748141378692314139144041633548106171391814118139024241814206997183393033721339031682233783675223376961724337696812533777290263377024727313203852833901465293246052730355299690133758134023354905703337583930433548655043390235806137868570613788738061420147409355049811034454442113
39092481339037481413786923141391440416335481061713918141181390242418142069971833930337213390316822337836752233769617243376968125337772902633770247273132038528339014652932460527303552996901337581340233549057033375839304335486550433902358061378685706137887380614201474093550498110344544421133906416121
39037481437869231413914404163354810617139181411813902424181420699718339303372133903168223378367522337696172433769681253377729026337702472731320385283390146529324605273035529969013375813402335490570333758393043354865504339023580613786857061378873806142014740935504981103445444211339064161213909248131
37869231439144041633548106171391814118139024241814206997183393033721339031682233783675223376961724337696812533777290263377024727313203852833901465293246052730355299690133758134023354905703337583930433548655043390235806137868570613788738061420147409355049811034454442113390641612139092481313903748141
39144041635481061733918141183390242418342069971813930337211390316822337836752233769617243376968125337772902633770247273132038528339014652932460527303552996901337581340233549057033375839304335486550433902358063378685706337887380634201474093550498110144544421113906416123390924813339037481433786923143
35481061739181411813902424181420699718339303372133903168223378367522337696172433769681253377729026337702472731320385283390146529324605273035529969013375813402335490570333758393043354865504339023580613786857061378873806142014740935504981103445444211339064161213909248131390374814137869231413914404163
39181411839024241814206997183393033721339031682233783675223376961724337696812533777290263377024727313203852833901465293246052730355299690133758134023354905703337583930433548655043390235806137868570613788738061420147409355049811034454442113390641612139092481313903748141378692314139144041633548106171
39024241842069971833930337213390316822337836752233769617243376968125337772902633770247273132038528339014652932460527303552996901337581340233549057033375839304335486550433902358061378685706137887380614201474093550498110344544421133906416121390924813139037481413786923141391440416335481061713918141181
42069971839303372113903168223378367522337696172433769681253377729026337702472731320385283390146529324605273035529969013375813402335490570333758393043354865504339023580633786857063378873806342014740935504981101445444211139064161233909248133390374814337869231433914404161354810617339181411833902424183
39303372139031682233783675223376961724337696812533777290263377024727313203852833901465293246052730355299690133758134023354905703337583930433548655043390235806337868570633788738063420147409355049811014454442111390641612339092481333903748143378692314339144041613548106173391814118339024241834206997181
39031682237836752213769617241376968125137772902613770247271132038528139014652912460527303552996901337581340233549057033375839304335486550433902358063378685706337887380634201474093550498110344544421133906416123390924813339037481433786923143391440416335481061733918141183390242418342069971833930337213
37836752237696172413769681251377729026137702472711320385281390146529124605273035529969013375813402335490570333758393043354865504339023580633786857063378873806342014740935504981103445444211339064161233909248133390374814337869231433914404163354810617339181411833902424183420699718339303372133903168221
37696172437696812513777290261377024727113203852813901465291246052730355299690133758134023354905703337583930433548655043390235806337868570633788738063420147409355049811034454442113390641612339092481333903748143378692314339144041633548106173391814118339024241834206997183393033721339031682213783675221
37696812537772902613770247271132038528139014652912460527303552996901337581340233549057033375839304335486550433902358063378685706337887380634201474093550498110344544421133906416123390924813339037481433786923143391440416335481061733918141183390242418342069971833930337213390316822137836752213769617241
37772902637702472711320385281390146529124605273035529969013375813402335490570333758393043354865504339023580633786857063378873806342014740935504981103445444211339064161233909248133390374814337869231433914404163354810617339181411833902424183420699718339303372133903168221378367522137696172413769681251
37702472713203852813901465291246052730355299690133758134023354905703337583930433548655043390235806337868570633788738063420147409355049811034454442113390641612339092481333903748143378692314339144041633548106173391814118339024241834206997183393033721339031682213783675221376961724137696812513777290261
13203852839014652912460527303552996901337581340233549057033375839304335486550433902358063378685706337887380634201474093550498110344544421133906416123390924813339037481433786923143391440416335481061733918141183390242418342069971833930337213390316822137836752213769617241376968125137772902613770247271
39014652924605273035529969013375813402335490570333758393043354865504339023580633786857063378873806342014740935504981103445444211339064161233909248133390374814337869231433914404163354810617339181411833902424183420699718339303372133903168221378367522137696172413769681251377729026137702472711320385281
24605273055299690133758134023354905703337583930433548655043390235806337868570633788738063420147409355049811034454442113390641612339092481333903748143378692314339144041633548106173391814118339024241834206997183393033721339031682233783675223376961724337696812533777290263377024727313203852833901465293
55299750137746990213902364033378686303337887210334201468063550499807344544590833906439093390925410339037541133786946113391442713342036391433548112153391815816339024301634207005163393034319339031742033783712203376964622337697062333777315243377025325324506642633901471273
37746990239023640333786863033378872103342014680635504998073445445908339064390933909254103390375411337869461133914427133420363914335481121533918158163390243016342070051633930343193390317420337837122033769646223376970623337773152433770253253245066426339014712735529975011
39023640337868630313788721031420146806355049980734454459083390643909139092541013903754111378694611139144271334203639143354811215139181581613902430161420700516339303431933903174203378371220337696462233769706233377731524337702532532450664263390147127355299750133774699023
37868630337887210314201468063550499807344544590833906439091390925410139037541113786946111391442713342036391433548112151391815816139024301614207005163393034319339031742033783712203376964622337697062333777315243377025325324506642633901471273552997501337746990233902364031
37887210342014680635504998073445445908339064390913909254101390375411137869461113914427133420363914335481121513918158161390243016142070051633930343193390317420337837122033769646223376970623337773152433770253253245066426339014712735529975013377469902339023640313786863031
42014680655049980734454459083390643909339092541033903754113378694611339144271334203639143354811215339181581633902430163420700516339303431933903174203378371220337696462233769706233377731524337702532532450664263390147127355299750133774699023390236403337868630333788721033
55049980744544590813906439093390925410339037541133786946113391442713142036391413548112153391815816339024301634207005161393034319139031742033783712203376964622337697062333777315243377025325324506642633901471273552997501337746990233902364033378686303337887210334201468063
44544590839064390933909254103390375411337869461133914427131420363914135481121533918158163390243016342070051613930343191390317420337837122033769646223376970623337773152433770253253245066426339014712735529975013377469902339023640333786863033378872103342014680635504998071
39064390939092541013903754111378694611139144271334203639143354811215139181581613902430161420700516339303431933903174203378371220337696462233769706233377731524337702532532450664263390147127355299750133774699023390236403137868630313788721031420146806355049980734454459083
39092541039037541113786946111391442713342036391433548112151391815816139024301614207005163393034319339031742033783712203376964622337697062333777315243377025325324506642633901471273552997501337746990233902364031378686303137887210314201468063550499807344544590833906439091
39037541137869461113914427133420363914335481121513918158161390243016142070051633930343193390317420337837122033769646223376970623337773152433770253253245066426339014712735529975013377469902339023640313786863031378872103142014680635504998073445445908339064390913909254101
37869461139144271334203639143354811215139181581613902430161420700516339303431933903174203378371220337696462233769706233377731524337702532532450664263390147127355299750133774699023390236403137868630313788721031420146806355049980734454459083390643909139092541013903754111
39144271342036391413548112153391815816339024301634207005161393034319139031742033783712203376964622337697062333777315243377025325324506642633901471273552997501337746990233902364033378686303337887210334201468063550499807144544590813906439093390925410339037541133786946113
42036391435481121533918158163390243016342070051613930343191390317420337837122033769646223376970623337773152433770253253245066426339014712735529975013377469902339023640333786863033378872103342014680635504998071445445908139064390933909254103390375411337869461133914427131
35481121539181581613902430161420700516339303431933903174203378371220337696462233769706233377731524337702532532450664263390147127355299750133774699023390236403137868630313788721031420146806355049980734454459083390643909139092541013903754111378694611139144271334203639143
39181581639024301614207005163393034319339031742033783712203376964622337697062333777315243377025325324506642633901471273552997501337746990233902364031378686303137887210314201468063550499807344544590833906439091390925410139037541113786946111391442713342036391433548112151
39024301642070051633930343193390317420337837122033769646223376970623337773152433770253253245066426339014712735529975013377469902339023640313786863031378872103142014680635504998073445445908339064390913909254101390375411137869461113914427133420363914335481121513918158161
42070051639303431913903174203378371220337696462233769706233377731524337702532532450664263390147127355299750133774699023390236403337868630333788721033420146806355049980714454459081390643909339092541033903754113378694611339144271314203639141354811215339181581633902430163
39303431939031742033783712203376964622337697062333777315243377025325324506642633901471273552997501337746990233902364033378686303337887210334201468063550499807144544590813906439093390925410339037541133786946113391442713142036391413548112153391815816339024301634207005161
39031742037837122013769646221376970623137773152413770253251245066426139014712715529975013377469902339023640333786863033378872103342014680635504998073445445908339064390933909254103390375411337869461133914427133420363914335481121533918158163390243016342070051633930343193
37837122037696462213769706231377731524137702532512450664261390147127155299750133774699023390236403337868630333788721033420146806355049980734454459083390643909339092541033903754113378694611339144271334203639143354811215339181581633902430163420700516339303431933903174201
37696462237697062313777315241377025325124506642613901471271552997501337746990233902364033378686303337887210334201468063550499807344544590833906439093390925410339037541133786946113391442713342036391433548112153391815816339024301634207005163393034319339031742013783712201
37697062337773152413770253251245066426139014712715529975013377469902339023640333786863033378872103342014680635504998073445445908339064390933909254103390375411337869461133914427133420363914335481121533918158163390243016342070051633930343193390317420137837122013769646221
37773152437702532512450664261390147127155299750133774699023390236403337868630333788721033420146806355049980734454459083390643909339092541033903754113378694611339144271334203639143354811215339181581633902430163420700516339303431933903174201378371220137696462213769706231
37702532524506642613901471271552997501337746990233902364033378686303337887210334201468063550499807344544590833906439093390925410339037541133786946113391442713342036391433548112153391815816339024301634207005163393034319339031742013783712201376964622137697062313777315241
24506642639014712715529975013377469902339023640333786863033378872103342014680635504998073445445908339064390933909254103390375411337869461133914427133420363914335481121533918158163390243016342070051633930343193390317420137837122013769646221376970623137773152413770253251
39014712755299750133774699023390236403337868630333788721033420146806355049980734454459083390643909339092541033903754113378694611339144271334203639143354811215339181581633902430163420700516339303431933903174201378371220137696462213769706231377731524137702532512450664261
552998101375815702137584010313548678031420145105355050060634454465073391445608342036450934207011103393036611339031801233783735123376966914337697291533777338163377027617339014881832463678193
375815702375840103135486780314201451053550500606344544650733914456083420364509342070111033930366113390318012337837351233769669143376972915337773381633770276173390148818324636781935529981011
375840103354867803142014510535505006063445446507339144560834203645093420701110339303661133903180123378373512337696691433769729153377733816337702761733901488183246367819355299810113758157021
354867803420145105355050060634454465073391445608342036450934207011103393036611339031801233783735123376966914337697291533777338163377027617339014881832463678193552998101137581570213758401031
420145105550500606344544650733914456083420364509342070111033930366113390318012337837351233769669143376972915337773381633770276173390148818324636781935529981013375815702337584010333548678033
550500606445446507139144560814203645091420701110139303661113903180123378373512337696691433769729153377733816337702761733901488183246367819355299810133758157023375840103335486780334201451053
445446507391445608142036450914207011101393036611139031801233783735123376966914337697291533777338163377027617339014881832463678193552998101337581570233758401033354867803342014510535505006061
391445608420364509142070111013930366111390318012337837351233769669143376972915337773381633770276173390148818324636781935529981013375815702337584010333548678033420145105355050060614454465071
420364509420701110139303661113903180123378373512337696691433769729153377733816337702761733901488183246367819355299810133758157023375840103335486780334201451053550500606144544650713914456081
420701110393036611139031801233783735123376966914337697291533777338163377027617339014881832463678193552998101337581570233758401033354867803342014510535505006061445446507139144560814203645091
393036611390318012337837351233769669143376972915337773381633770276173390148818324636781935529981013375815702337584010333548678033420145105355050060614454465071391445608142036450914207011101
390318012378373512137696691413769729151377733816137702761713901488181246367819155299810133758157023375840103335486780334201451053550500606344544650733914456083420364509342070111033930366113
378373512376966914137697291513777338161377027617139014881812463678191552998101337581570233758401033354867803342014510535505006063445446507339144560834203645093420701110339303661133903180121
376966914376972915137773381613770276171390148818124636781915529981013375815702337584010333548678033420145105355050060634454465073391445608342036450934207011103393036611339031801213783735121
376972915377733816137702761713901488181246367819155299810133758157023375840103335486780334201451053550500606344544650733914456083420364509342070111033930366113390318012137837351213769669141
377733816377027617139014881812463678191552998101337581570233758401033354867803342014510535505006063445446507339144560834203645093420701110339303661133903180121378373512137696691413769729151
377027617390148818124636781915529981013375815702337584010333548678033420145105355050060634454465073391445608342036450934207011103393036611339031801213783735121376966914137697291513777338161
390148818246367819155299810133758157023375840103335486780334201451053550500606344544650733914456083420364509342070111033930366113390318012137837351213769669141376972915137773381613770276171
246367819552998101337581570233758401033354867803342014510535505006063445446507339144560834203645093420701110339303661133903180121378373512137696691413769729151377733816137702761713901488181
392447201392045101142016230313909840041392449504135432670613918164071390645107137837580933769741103
392045101420162303139098400413924495041354326706139181640713906451071378375809337697411033924472011
420162303390984004139244950413543267061391816407139064510713783758093376974110339244720113920451011
390984004392449504135432670613918164071390645107137837580933769741103392447201139204510114201623031
392449504354326706139181640713906451071378375809337697411033924472011392045101142016230313909840041
354326706391816407139064510713783758093376974110339244720113920451011420162303139098400413924495041
391816407390645107137837580933769741103392447201139204510114201623031390984004139244950413543267061
390645107378375809337697411033924472011392045101142016230313909840041392449504135432670613918164071
378375809376974110139244720133920451013420162303339098400433924495043354326706339181640733906451073
376974110392447201339204510134201623033390984004339244950433543267063391816407339064510733783758091
392448901392047401142016460313909857041392450304139181700613906474061378377008337697640933901494103
392047401420164603139098570413924503041391817006139064740613783770083376976409339014941033924489011
420164603390985704139245030413918170061390647406137837700833769764093390149410339244890113920474011
390985704392450304139181700613906474061378377008337697640933901494103392448901139204740114201646031
392450304391817006139064740613783770083376976409339014941033924489011392047401142016460313909857041
391817006390647406137837700833769764093390149410339244890113920474011420164603139098570413924503041
390647406378377008337697640933901494103392448901139204740114201646031390985704139245030413918170061
378377008376976409139014941013924489013392047401342016460333909857043392450304339181700633906474063
376976409390149410139244890133920474013420164603339098570433924503043391817006339064740633783770081
390149410392448901339204740134201646033390985704339245030433918170063390647406337837700813769764091
55322850155274560114965059033496533204349573380434981963063496811206355163520635527427061
55274560149650590334965332043495733804349819630634968112063551635206355274270615532285011
49650590349653320414957338041498196306149681120615516352061552742706355322850135527456013
49653320449573380414981963061496811206155163520615527427063553228501355274560134965059031
49573380449819630614968112061551635206155274270635532285013552745601349650590314965332041
49819630649681120615516352061552742706355322850135527456013496505903149653320414957338041
49681120655163520615527427063553228501355274560134965059031496533204149573380414981963061
55163520655274270635532285013552745601349650590314965332041495733804149819630614968112061
55274270655322850115527456011496505903349653320434957338043498196306349681120635516352063
4965071014957344021551637503149681290414965355051
4957344025516375031496812904149653550514965071011
5516375034968129041496535505149650710114957344021
4968129044965355051496507101149573440215516375031
4965355054965071011495734402155163750314968129041
5532291015527462011496506503349573500435516369053552743305149681350734965349083
5527462014965065033495735004355163690535527433051496813507349653490835532291011
4965065034957350041551636905155274330534968135071496534908155322910135527462013
4957350045516369051552743305349681350714965349081553229101355274620134965065031
5516369055527433053496813507149653490815532291013552746201349650650314957350041
5527433054968135073496534908355322910115527462011496506503349573500435516369053
4968135074965349081553229101355274620134965065031495735004155163690515527433053
4965349085532291013552746201349650650314957350041551636905155274330534968135071
4965088014957367021551638103149681410414965361051
4957367025516381031496814104149653610514965088011
5516381034968141041496536105149650880114957367021
4968141044965361051496508801149573670215516381031
4965361054965088011495736702155163810314968141041
55193100142287110234203088031
42287110242030880335519310013
42030880355193100114228711023
55193040142287050234214034033420307103139302020533541506063
42287050242140340334203071033393020205335415060635519304013
42140340342030710333930202051354150606155193040134228705023
42030710339302020533541506063551930401142287050234214034033
39302020535415060615519304013422870502342140340314203071033
35415060655193040134228705023421403403142030710333930202051
55192960142286970234214028033420306503139301880533541498063
42286970242140280334203065033393018805335414980635519296013
42140280342030650333930188051354149806155192960134228697023
42030650339301880533541498063551929601142286970234214028033
39301880535414980615519296013422869702342140280314203065033
35414980655192960134228697023421402803142030650333930188051
552808801552561202155279760215526296021552595402155331260616064886061420899608339180000933785846091
552561202552797602155262960215525954021553312606160648860614208996083391800009337858460915528088011
552797602552629602155259540215533126061606488606142089960833918000093378584609155280880115525612021
552629602552595402155331260616064886061420899608339180000933785846091552808801155256120215527976021
552595402553312606160648860614208996083391800009337858460915528088011552561202155279760215526296021
553312606606488606142089960833918000093378584609155280880115525612021552797602155262960215525954021
606488606420899608339180000933785846091552808801155256120215527976021552629602155259540215533126061
420899608391800009337858460935528088013552561202355279760235526296023552595402355331260636064886063
391800009378584609355280880135525612023552797602355262960235525954023553312606360648860634208996083
378584609552808801155256120215527976021552629602155259540215533126061606488606142089960833918000093
4218316014456004023
4456004024218316013
49816210144656640213764459033
44656640237644590334981621011
37644590349816210134465664023
35201540124620410214213997031246046704124612020512467021061
24620410242139970312460467041246120205124670210613520154011
42139970324604670412461202051246702106135201540112462041021
24604670424612020512467021061352015401124620410214213997031
24612020524670210613520154011246204102142139970312460467041
24670210635201540112462041021421399703124604670412461202051
60554270149610150116055479011551889404135415350532440909063352016007342300270813905262091377804209124408610933759895123377267712339124051413904104141390477116139047361613901896161390706016137779991613523738213244344021324353922132425212213244374721324352452132452605213243526821312658582131350038303
49610150160554790115518894041354153505324409090633520160073423002708139052620913778042091244086109337598951233772677123391240514139041041413904771161390473616139018961613907060161377799916135237382132443440213243539221324252122132443747213243524521324526052132435268213126585821313500383036055427011
60554790155188940413541535053244090906335201600734230027081390526209137780420912440861093375989512337726771233912405141390410414139047711613904736161390189616139070601613777999161352373821324434402132435392213242521221324437472132435245213245260521324352682131265858213135003830360554270114961015011
55188940435415350532440909063352016007342300270813905262091377804209124408610933759895123377267712339124051413904104141390477116139047361613901896161390706016137779991613523738213244344021324353922132425212213244374721324352452132452605213243526821312658582131350038303605542701149610150116055479011
35415350524409090613520160071423002708339052620933778042093244086109137598951213772677121391240514339041041433904771163390473616339018961633907060163377799916335237382112443440211243539221124252122112443747211243524521124526052112435268211126585821113500383036055427013496101501360554790135518894043
24409090635201600714230027083390526209337780420932440861091375989512137726771213912405143390410414339047711633904736163390189616339070601633777999163352373821124434402112435392211242521221124437472112435245211245260521124352682111265858211135003830360554270134961015013605547901355188940433541535051
35201600742300270833905262093377804209324408610913759895121377267712139124051433904104143390477116339047361633901896163390706016337779991633523738211244344021124353922112425212211244374721124352452112452605211243526821112658582111350038303605542701349610150136055479013551889404335415350512440909061
42300270839052620913778042091244086109337598951233772677123391240514139041041413904771161390473616139018961613907060161377799916135237382132443440213243539221324252122132443747213243524521324526052132435268213126585821313500383036055427011496101501160554790115518894041354153505324409090633520160073
39052620937780420912440861093375989512337726771233912405141390410414139047711613904736161390189616139070601613777999161352373821324434402132435392213242521221324437472132435245213245260521324352682131265858213135003830360554270114961015011605547901155188940413541535053244090906335201600734230027081
37780420924408610933759895123377267712339124051413904104141390477116139047361613901896161390706016137779991613523738213244344021324353922132425212213244374721324352452132452605213243526821312658582131350038303605542701149610150116055479011551889404135415350532440909063352016007342300270813905262091
24408610937598951213772677121391240514339041041433904771163390473616339018961633907060163377799916335237382112443440211243539221124252122112443747211243524521124526052112435268211126585821113500383036055427013496101501360554790135518894043354153505124409090613520160071423002708339052620933778042093
37598951237726771213912405143390410414339047711633904736163390189616339070601633777999163352373821124434402112435392211242521221124437472112435245211245260521124352682111265858211135003830360554270134961015013605547901355188940433541535051244090906135201600714230027083390526209337780420932440861091
37726771239124051433904104143390477116339047361633901896163390706016337779991633523738211244344021124353922112425212211244374721124352452112452605211243526821112658582111350038303605542701349610150136055479013551889404335415350512440909061352016007142300270833905262093377804209324408610913759895121
39124051439041041413904771161390473616139018961613907060161377799916135237382132443440213243539221324252122132443747213243524521324526052132435268213126585821313500383036055427011496101501160554790115518894041354153505324409090633520160073423002708139052620913778042091244086109337598951233772677123
39041041439047711613904736161390189616139070601613777999161352373821324434402132435392213242521221324437472132435245213245260521324352682131265858213135003830360554270114961015011605547901155188940413541535053244090906335201600734230027081390526209137780420912440861093375989512337726771233912405141
39047711639047361613901896161390706016137779991613523738213244344021324353922132425212213244374721324352452132452605213243526821312658582131350038303605542701149610150116055479011551889404135415350532440909063352016007342300270813905262091377804209124408610933759895123377267712339124051413904104141
39047361639018961613907060161377799916135237382132443440213243539221324252122132443747213243524521324526052132435268213126585821313500383036055427011496101501160554790115518894041354153505324409090633520160073423002708139052620913778042091244086109337598951233772677123391240514139041041413904771161
39018961639070601613777999161352373821324434402132435392213242521221324437472132435245213245260521324352682131265858213135003830360554270114961015011605547901155188940413541535053244090906335201600734230027081390526209137780420912440861093375989512337726771233912405141390410414139047711613904736161
39070601637779991613523738213244344021324353922132425212213244374721324352452132452605213243526821312658582131350038303605542701149610150116055479011551889404135415350532440909063352016007342300270813905262091377804209124408610933759895123377267712339124051413904104141390477116139047361613901896161
37779991635237382132443440213243539221324252122132443747213243524521324526052132435268213126585821313500383036055427011496101501160554790115518894041354153505324409090633520160073423002708139052620913778042091244086109337598951233772677123391240514139041041413904771161390473616139018961613907060161
35237382124434402112435392211242521221124437472112435245211245260521124352682111265858211135003830360554270134961015013605547901355188940433541535051244090906135201600714230027083390526209337780420932440861091375989512137726771213912405143390410414339047711633904736163390189616339070601633777999163
24434402124353922112425212211244374721124352452112452605211243526821112658582111350038303605542701349610150136055479013551889404335415350512440909061352016007142300270833905262093377804209324408610913759895121377267712139124051433904104143390477116339047361633901896163390706016337779991633523738211
24353922124252122112443747211243524521124526052112435268211126585821113500383036055427013496101501360554790135518894043354153505124409090613520160071423002708339052620933778042093244086109137598951213772677121391240514339041041433904771163390473616339018961633907060163377799916335237382112443440211
24252122124437472112435245211245260521124352682111265858211135003830360554270134961015013605547901355188940433541535051244090906135201600714230027083390526209337780420932440861091375989512137726771213912405143390410414339047711633904736163390189616339070601633777999163352373821124434402112435392211
24437472124352452112452605211243526821112658582111350038303605542701349610150136055479013551889404335415350512440909061352016007142300270833905262093377804209324408610913759895121377267712139124051433904104143390477116339047361633901896163390706016337779991633523738211244344021124353922112425212211
24352452124526052112435268211126585821113500383036055427013496101501360554790135518894043354153505124409090613520160071423002708339052620933778042093244086109137598951213772677121391240514339041041433904771163390473616339018961633907060163377799916335237382112443440211243539221124252122112443747211
24526052124352682111265858211135003830360554270134961015013605547901355188940433541535051244090906135201600714230027083390526209337780420932440861091375989512137726771213912405143390410414339047711633904736163390189616339070601633777999163352373821124434402112435392211242521221124437472112435245211
24352682112658582111350038303605542701349610150136055479013551889404335415350512440909061352016007142300270833905262093377804209324408610913759895121377267712139124051433904104143390477116339047361633901896163390706016337779991633523738211244344021124353922112425212211244374721124352452112452605211
12658582113500383036055427013496101501360554790135518894043354153505124409090613520160071423002708339052620933778042093244086109137598951213772677121391240514339041041433904771163390473616339018961633907060163377799916335237382112443440211243539221124252122112443747211243524521124526052112435268211
13500383060554270134961015013605547901355188940433541535053244090906335201600734230027083390526209337780420932440861093375989512337726771233912405143390410414339047711633904736163390189616339070601633777999163352373821324434402132435392213242521221324437472132435245213245260521324352682131265858213
605543301496102101160554850115518902041354154105349674370632440915063352017708342300330914474367103390527911137780591112440878113375990314337726831434481634163391241117139041101713904788191390474219139019041913907083191377800719135237442432443457243243540024324252352432443753243243525124324526112432435274243446731532344743963334477621343
496102101605548501155189020413541541053496743706324409150633520177083423003309144743671033905279111377805911124408781133759903143377268314344816341633912411171390411017139047881913904742191390190419139070831913778007191352374424324434572432435400243242523524324437532432435251243245261124324352742434467315323447439633344776213436055433011
605548501551890204135415410534967437063244091506335201770834230033091447436710339052791113778059111244087811337599031433772683143448163416339124111713904110171390478819139047421913901904191390708319137780071913523744243244345724324354002432425235243244375324324352512432452611243243527424344673153234474396333447762134360554330114961021011
551890204354154105349674370632440915063352017708342300330914474367103390527911137780591112440878113375990314337726831434481634163391241117139041101713904788191390474219139019041913907083191377800719135237442432443457243243540024324252352432443753243243525124324526112432435274243446731532344743963334477621343605543301149610210116055485011
354154105496743706324409150613520177081423003309344743671033905279113377805911324408781113759903141377268314144816341633912411173390411017339047881933904742193390190419339070831933778007193352374424124434572412435400241242523524124437532412435251241245261124124352742414467315323447439633344776213436055433013496102101360554850135518902043
496743706244091506335201770834230033093447436710139052791133778059113244087811337599031433772683143448163416139124111733904110173390478819339047421933901904193390708319337780071933523744243244345724324354002432425235243244375324324352512432452611243243527424344673153214474396331447762134160554330134961021013605548501355189020433541541053
244091506352017708142300330934474367103390527911337780591132440878111375990314137726831414481634163391241117339041101733904788193390474219339019041933907083193377800719335237442412443457241243540024124252352412443753241243525124124526112412435274241446731532344743963334477621343605543301349610210136055485013551890204335415410514967437063
352017708423003309344743671033905279113377805911324408781113759903141377268314144816341633912411173390411017339047881933904742193390190419339070831933778007193352374424124434572412435400241242523524124437532412435251241245261124124352742414467315323447439633344776213436055433013496102101360554850135518902043354154105149674370632440915061
423003309447436710339052791113778059111244087811337599031433772683143448163416339124111713904110171390478819139047421913901904191390708319137780071913523744243244345724324354002432425235243244375324324352512432452611243243527424344673153234474396333447762134360554330114961021011605548501155189020413541541053496743706324409150633520177083
447436710390527911337780591132440878113375990314337726831434481634161391241117339041101733904788193390474219339019041933907083193377800719335237442432443457243243540024324252352432443753243243525124324526112432435274243446731532144743963314477621341605543301349610210136055485013551890204335415410534967437061244091506335201770834230033093
390527911377805911124408781133759903143377268314344816341633912411171390411017139047881913904742191390190419139070831913778007191352374424324434572432435400243242523524324437532432435251243245261124324352742434467315323447439633344776213436055433011496102101160554850115518902041354154105349674370632440915063352017708342300330914474367103
377805911244087811337599031433772683143448163416339124111713904110171390478819139047421913901904191390708319137780071913523744243244345724324354002432425235243244375324324352512432452611243243527424344673153234474396333447762134360554330114961021011605548501155189020413541541053496743706324409150633520177083423003309144743671033905279111
244087811375990314137726831414481634163391241117339041101733904788193390474219339019041933907083193377800719335237442412443457241243540024124252352412443753241243525124124526112412435274241446731532344743963334477621343605543301349610210136055485013551890204335415410514967437063244091506135201770814230033093447436710339052791133778059113
375990314377268314144816341633912411173390411017339047881933904742193390190419339070831933778007193352374424124434572412435400241242523524124437532412435251241245261124124352742414467315323447439633344776213436055433013496102101360554850135518902043354154105149674370632440915061352017708142300330934474367103390527911337780591132440878111
377268314448163416339124111733904110173390478819339047421933901904193390708319337780071933523744241244345724124354002412425235241244375324124352512412452611241243527424144673153234474396333447762134360554330134961021013605548501355189020433541541051496743706324409150613520177081423003309344743671033905279113377805911324408781113759903141
448163416391241117339041101733904788193390474219339019041933907083193377800719335237442432443457243243540024324252352432443753243243525124324526112432435274243446731532144743963314477621341605543301349610210136055485013551890204335415410534967437061244091506335201770834230033093447436710139052791133778059113244087811337599031433772683143
391241117390411017139047881913904742191390190419139070831913778007191352374424324434572432435400243242523524324437532432435251243245261124324352742434467315323447439633344776213436055433011496102101160554850115518902041354154105349674370632440915063352017708342300330914474367103390527911137780591112440878113375990314337726831434481634163
390411017390478819139047421913901904191390708319137780071913523744243244345724324354002432425235243244375324324352512432452611243243527424344673153234474396333447762134360554330114961021011605548501155189020413541541053496743706324409150633520177083423003309144743671033905279111377805911124408781133759903143377268314344816341633912411171
390478819390474219139019041913907083191377800719135237442432443457243243540024324252352432443753243243525124324526112432435274243446731532344743963334477621343605543301149610210116055485011551890204135415410534967437063244091506335201770834230033091447436710339052791113778059111244087811337599031433772683143448163416339124111713904110171
390474219390190419139070831913778007191352374424324434572432435400243242523524324437532432435251243245261124324352742434467315323447439633344776213436055433011496102101160554850115518902041354154105349674370632440915063352017708342300330914474367103390527911137780591112440878113375990314337726831434481634163391241117139041101713904788191
390190419390708319137780071913523744243244345724324354002432425235243244375324324352512432452611243243527424344673153234474396333447762134360554330114961021011605548501155189020413541541053496743706324409150633520177083423003309144743671033905279111377805911124408781133759903143377268314344816341633912411171390411017139047881913904742191
390708319377800719135237442432443457243243540024324252352432443753243243525124324526112432435274243446731532344743963334477621343605543301149610210116055485011551890204135415410534967437063244091506335201770834230033091447436710339052791113778059111244087811337599031433772683143448163416339124111713904110171390478819139047421913901904191
377800719352374424324434572432435400243242523524324437532432435251243245261124324352742434467315323447439633344776213436055433011496102101160554850115518902041354154105349674370632440915063352017708342300330914474367103390527911137780591112440878113375990314337726831434481634163391241117139041101713904788191390474219139019041913907083191
352374424244345724124354002412425235241244375324124352512412452611241243527424144673153234474396333447762134360554330134961021013605548501355189020433541541051496743706324409150613520177081423003309344743671033905279113377805911324408781113759903141377268314144816341633912411173390411017339047881933904742193390190419339070831933778007193
244345724243540024124252352412443753241243525124124526112412435274241446731532344743963334477621343605543301349610210136055485013551890204335415410514967437063244091506135201770814230033093447436710339052791133778059113244087811137599031413772683141448163416339124111733904110173390478819339047421933901904193390708319337780071933523744241
243540024242523524124437532412435251241245261124124352742414467315323447439633344776213436055433013496102101360554850135518902043354154105149674370632440915061352017708142300330934474367103390527911337780591132440878111375990314137726831414481634163391241117339041101733904788193390474219339019041933907083193377800719335237442412443457241
242523524244375324124352512412452611241243527424144673153234474396333447762134360554330134961021013605548501355189020433541541051496743706324409150613520177081423003309344743671033905279113377805911324408781113759903141377268314144816341633912411173390411017339047881933904742193390190419339070831933778007193352374424124434572412435400241
244375324243525124124526112412435274241446731532344743963334477621343605543301349610210136055485013551890204335415410514967437063244091506135201770814230033093447436710339052791133778059113244087811137599031413772683141448163416339124111733904110173390478819339047421933901904193390708319337780071933523744241244345724124354002412425235241
243525124245261124124352742414467315323447439633344776213436055433013496102101360554850135518902043354154105149674370632440915061352017708142300330934474367103390527911337780591132440878111375990314137726831414481634163391241117339041101733904788193390474219339019041933907083193377800719335237442412443457241243540024124252352412443753241
245261124243527424144673153234474396333447762134360554330134961021013605548501355189020433541541051496743706324409150613520177081423003309344743671033905279113377805911324408781113759903141377268314144816341633912411173390411017339047881933904742193390190419339070831933778007193352374424124434572412435400241242523524124437532412435251241
243527424446731532344743963334477621343605543301349610210136055485013551890204335415410514967437063244091506135201770814230033093447436710339052791133778059113244087811137599031413772683141448163416339124111733904110173390478819339047421933901904193390708319337780071933523744241244345724124354002412425235241244375324124352512412452611241
446731532447439633144776213416055433013496102101360554850135518902043354154105349674370612440915063352017708342300330934474367101390527911337780591132440878113375990314337726831434481634161391241117339041101733904788193390474219339019041933907083193377800719335237442432443457243243540024324252352432443753243243525124324526112432435274243
447439633447762134160554330134961021013605548501355189020433541541053496743706124409150633520177083423003309344743671013905279113377805911324408781133759903143377268314344816341613912411173390411017339047881933904742193390190419339070831933778007193352374424324434572432435400243242523524324437532432435251243245261124324352742434467315321
447762134605543301349610210136055485013551890204335415410534967437061244091506335201770834230033093447436710139052791133778059113244087811337599031433772683143448163416139124111733904110173390478819339047421933901904193390708319337780071933523744243244345724324354002432425235243244375324324352512432452611243243527424344673153214474396331
60554560149610380116055491011551891904149674430534466132063423005607144678640734454784073390528510137780651013520183123377270812344816401434470961153391243416139041271613904794181390475918139019101813907137181377801318144709262333517502243352515724335187202633511706263352155026344673212934464392303447248631324352803234477638323
49610380160554910115518919041496744305344661320634230056071446786407344547840733905285101377806510135201831233772708123448164014344709611533912434161390412716139047941813904759181390191018139071371813778013181447092623335175022433525157243351872026335117062633521550263446732129344643923034472486313243528032344776383236055456011
60554910155189190414967443053446613206342300560714467864073445478407339052851013778065101352018312337727081234481640143447096115339124341613904127161390479418139047591813901910181390713718137780131814470926233351750224335251572433518720263351170626335215502634467321293446439230344724863132435280323447763832360554560114961038011
55189190449674430534466132063423005607144678640734454784073390528510137780651013520183123377270812344816401434470961153391243416139041271613904794181390475918139019101813907137181377801318144709262333517502243352515724335187202633511706263352155026344673212934464392303447248631324352803234477638323605545601149610380116055491011
49674430544661320614230056073446786407144547840713905285103377806510335201831233772708123448164014144709611513912434163390412716339047941833904759183390191018339071371833778013183447092623135175022433525157243351872026335117062633521550263446732129144643923014472486311243528032144776383216055456013496103801360554910135518919043
44661320642300560734467864071445478407139052851033778065103352018312337727081234481640141447096115139124341633904127163390479418339047591833901910183390713718337780131834470926231351750224335251572433518720263351170626335215502634467321291446439230144724863112435280321447763832160554560134961038013605549101355189190434967443051
42300560744678640734454784073390528510137780651013520183123377270812344816401434470961153391243416139041271613904794181390475918139019101813907137181377801318144709262333517502243352515724335187202633511706263352155026344673212934464392303447248631324352803234477638323605545601149610380116055491011551891904149674430534466132063
44678640744547840713905285103377806510335201831233772708123448164014144709611513912434163390412716339047941833904759183390191018339071371833778013183447092623135175022433525157243351872026335117062633521550263446732129144643923014472486311243528032144776383216055456013496103801360554910135518919043496744305144661320614230056073
44547840739052851033778065103352018312337727081234481640141447096115139124341633904127163390479418339047591833901910183390713718337780131834470926231351750224335251572433518720263351170626335215502634467321291446439230144724863112435280321447763832160554560134961038013605549101355189190434967443051446613206142300560734467864071
39052851037780651013520183123377270812344816401434470961153391243416139041271613904794181390475918139019101813907137181377801318144709262333517502243352515724335187202633511706263352155026344673212934464392303447248631324352803234477638323605545601149610380116055491011551891904149674430534466132063423005607144678640734454784073
37780651035201831233772708123448164014344709611533912434161390412716139047941813904759181390191018139071371813778013181447092623335175022433525157243351872026335117062633521550263446732129344643923034472486313243528032344776383236055456011496103801160554910115518919041496744305344661320634230056071446786407344547840733905285101
35201831237727081214481640143447096115339124341633904127163390479418339047591833901910183390713718337780131834470926233351750224135251572413518720261351170626135215502614467321293446439230344724863132435280323447763832360554560134961038013605549101355189190434967443053446613206342300560734467864073445478407339052851033778065103
37727081244816401434470961153391243416339041271633904794183390475918339019101833907137183377801318344709262333517502241352515724135187202613511706261352155026144673212934464392303447248631324352803234477638323605545601349610380136055491013551891904349674430534466132063423005607344678640734454784073390528510337780651033520183121
44816401444709611513912434163390412716339047941833904759183390191018339071371833778013183447092623135175022433525157243351872026335117062633521550263446732129144643923014472486311243528032144776383216055456013496103801360554910135518919043496744305144661320614230056073446786407144547840713905285103377806510335201831233772708123
44709611539124341633904127163390479418339047591833901910183390713718337780131834470926231351750224335251572433518720263351170626335215502634467321291446439230144724863112435280321447763832160554560134961038013605549101355189190434967443051446613206142300560734467864071445478407139052851033778065103352018312337727081234481640141
39124341639041271613904794181390475918139019101813907137181377801318144709262333517502243352515724335187202633511706263352155026344673212934464392303447248631324352803234477638323605545601149610380116055491011551891904149674430534466132063423005607144678640734454784073390528510137780651013520183123377270812344816401434470961153
39041271639047941813904759181390191018139071371813778013181447092623335175022433525157243351872026335117062633521550263446732129344643923034472486313243528032344776383236055456011496103801160554910115518919041496744305344661320634230056071446786407344547840733905285101377806510135201831233772708123448164014344709611533912434161
39047941839047591813901910181390713718137780131814470926233351750224335251572433518720263351170626335215502634467321293446439230344724863132435280323447763832360554560114961038011605549101155189190414967443053446613206342300560714467864073445478407339052851013778065101352018312337727081234481640143447096115339124341613904127161
39047591839019101813907137181377801318144709262333517502243352515724335187202633511706263352155026344673212934464392303447248631324352803234477638323605545601149610380116055491011551891904149674430534466132063423005607144678640734454784073390528510137780651013520183123377270812344816401434470961153391243416139041271613904794181
39019101839071371813778013181447092623335175022433525157243351872026335117062633521550263446732129344643923034472486313243528032344776383236055456011496103801160554910115518919041496744305344661320634230056071446786407344547840733905285101377806510135201831233772708123448164014344709611533912434161390412716139047941813904759181
39071371837780131814470926233351750224335251572433518720263351170626335215502634467321293446439230344724863132435280323447763832360554560114961038011605549101155189190414967443053446613206342300560714467864073445478407339052851013778065101352018312337727081234481640143447096115339124341613904127161390479418139047591813901910181
37780131844709262333517502243352515724335187202633511706263352155026344673212934464392303447248631324352803234477638323605545601149610380116055491011551891904149674430534466132063423005607144678640734454784073390528510137780651013520183123377270812344816401434470961153391243416139041271613904794181390475918139019101813907137181
44709262335175022433525157243351872026335117062633521550263446732129144643923014472486311243528032144776383216055456013496103801360554910135518919043496744305144661320614230056073446786407144547840713905285103377806510335201831233772708123448164014144709611513912434163390412716339047941833904759183390191018339071371833778013183
35175022435251572413518720261351170626135215502614467321293446439230344724863132435280323447763832360554560134961038013605549101355189190434967443053446613206342300560734467864073445478407339052851033778065103352018312137727081214481640143447096115339124341633904127163390479418339047591833901910183390713718337780131834470926233
35251572435187202613511706261352155026144673212934464392303447248631324352803234477638323605545601349610380136055491013551891904349674430534466132063423005607344678640734454784073390528510337780651033520183121377270812144816401434470961153391243416339041271633904794183390475918339019101833907137183377801318344709262333517502241
35187202635117062613521550261446732129344643923034472486313243528032344776383236055456013496103801360554910135518919043496744305344661320634230056073446786407344547840733905285103377806510335201831213772708121448164014344709611533912434163390412716339047941833904759183390191018339071371833778013183447092623335175022413525157241
35117062635215502614467321293446439230344724863132435280323447763832360554560134961038013605549101355189190434967443053446613206342300560734467864073445478407339052851033778065103352018312137727081214481640143447096115339124341633904127163390479418339047591833901910183390713718337780131834470926233351750224135251572413518720261
35215502644673212934464392303447248631324352803234477638323605545601349610380136055491013551891904349674430534466132063423005607344678640734454784073390528510337780651033520183121377270812144816401434470961153391243416339041271633904794183390475918339019101833907137183377801318344709262333517502241352515724135187202613511706261
44673212944643923014472486311243528032144776383216055456013496103801360554910135518919043496744305144661320614230056073446786407144547840713905285103377806510335201831233772708123448164014144709611513912434163390412716339047941833904759183390191018339071371833778013183447092623135175022433525157243351872026335117062633521550263
44643923044724863112435280321447763832160554560134961038013605549101355189190434967443051446613206142300560734467864071445478407139052851033778065103352018312337727081234481640141447096115139124341633904127163390479418339047591833901910183390713718337780131834470926231351750224335251572433518720263351170626335215502634467321291
44724863124352803214477638321605545601349610380136055491013551891904349674430514466132061423005607344678640714454784071390528510337780651033520183123377270812344816401414470961151391243416339041271633904794183390475918339019101833907137183377801318344709262313517502243352515724335187202633511706263352155026344673212914464392301
24352803244776383216055456013496103801360554910135518919043496744305144661320614230056073446786407144547840713905285103377806510335201831233772708123448164014144709611513912434163390412716339047941833904759183390191018339071371833778013183447092623135175022433525157243351872026335117062633521550263446732129144643923014472486311
44776383260554560134961038013605549101355189190434967443051446613206142300560734467864071445478407139052851033778065103352018312337727081234481640141447096115139124341633904127163390479418339047591833901910183390713718337780131834470926231351750224335251572433518720263351170626335215502634467321291446439230144724863112435280321
4477644013907166023
3907166024477644013
60554620149610440116055516011551892504149674660534230062061446787006344547900634466149093390529110137780711014481657123447097813339041331413904802151390476515139019271513778036151447093219344673382034464400213447250022324352972334477650233
49610440160555160115518925041496746605342300620614467870063445479006344661490933905291101377807110144816571234470978133390413314139048021513904765151390192715137780361514470932193446733820344644002134472500223243529723344776502336055462011
60555160155189250414967466053423006206144678700634454790063446614909339052911013778071101448165712344709781333904133141390480215139047651513901927151377803615144709321934467338203446440021344725002232435297233447765023360554620114961044011
55189250449674660534230062061446787006344547900634466149093390529110137780711014481657123447097813339041331413904802151390476515139019271513778036151447093219344673382034464400213447250022324352972334477650233605546201149610440116055516011
49674660542300620634467870061445479006144661490913905291103377807110344816571214470978131390413314339048021533904765153390192715337780361534470932191446733820144644002114472500221243529723144776502316055462013496104401360555160135518925043
42300620644678700634454790063446614909339052911013778071101448165712344709781333904133141390480215139047651513901927151377803615144709321934467338203446440021344725002232435297233447765023360554620114961044011605551601155189250414967466053
44678700644547900614466149091390529110337780711034481657121447097813139041331433904802153390476515339019271533778036153447093219144673382014464400211447250022124352972314477650231605546201349610440136055516013551892504349674660514230062063
44547900644661490913905291103377807110344816571214470978131390413314339048021533904765153390192715337780361534470932191446733820144644002114472500221243529723144776502316055462013496104401360555160135518925043496746605142300620634467870061
44661490939052911033778071103448165712144709781313904133143390480215339047651533901927153377803615344709321914467338201446440021144725002212435297231447765023160554620134961044013605551601355189250434967466051423006206344678700614454790061
39052911037780711014481657123447097813339041331413904802151390476515139019271513778036151447093219344673382034464400213447250022324352972334477650233605546201149610440116055516011551892504149674660534230062061446787006344547900634466149093
37780711044816571234470978133390413314139048021513904765151390192715137780361514470932193446733820344644002134472500223243529723344776502336055462011496104401160555160115518925041496746605342300620614467870063445479006344661490933905291101
44816571244709781313904133143390480215339047651533901927153377803615344709321914467338201446440021144725002212435297231447765023160554620134961044013605551601355189250434967466051423006206344678700614454790061446614909139052911033778071103
44709781339041331433904802153390476515339019271533778036153447093219144673382014464400211447250022124352972314477650231605546201349610440136055516013551892504349674660514230062063446787006144547900614466149091390529110337780711034481657121
39041331439048021513904765151390192715137780361514470932193446733820344644002134472500223243529723344776502336055462011496104401160555160115518925041496746605342300620614467870063445479006344661490933905291101377807110144816571234470978133
39048021539047651513901927151377803615144709321934467338203446440021344725002232435297233447765023360554620114961044011605551601155189250414967466053423006206144678700634454790063446614909339052911013778071101448165712344709781333904133141
39047651539019271513778036151447093219344673382034464400213447250022324352972334477650233605546201149610440116055516011551892504149674660534230062061446787006344547900634466149093390529110137780711014481657123447097813339041331413904802151
39019271537780361514470932193446733820344644002134472500223243529723344776502336055462011496104401160555160115518925041496746605342300620614467870063445479006344661490933905291101377807110144816571234470978133390413314139048021513904765151
37780361544709321934467338203446440021344725002232435297233447765023360554620114961044011605551601155189250414967466053423006206144678700634454790063446614909339052911013778071101448165712344709781333904133141390480215139047651513901927151
44709321944673382014464400211447250022124352972314477650231605546201349610440136055516013551892504349674660514230062063446787006144547900614466149091390529110337780711034481657121447097813139041331433904802153390476515339019271533778036153
44673382044644002114472500221243529723144776502316055462013496104401360555160135518925043496746605142300620634467870061445479006144661490913905291103377807110344816571214470978131390413314339048021533904765153390192715337780361534470932191
44644002144725002212435297231447765023160554620134961044013605551601355189250434967466051423006206344678700614454790061446614909139052911033778071103448165712144709781313904133143390480215339047651533901927153377803615344709321914467338201
44725002224352972314477650231605546201349610440136055516013551892504349674660514230062063446787006144547900614466149091390529110337780711034481657121447097813139041331433904802153390476515339019271533778036153447093219144673382014464400211
24352972344776502316055462013496104401360555160135518925043496746605142300620634467870061445479006144661490913905291103377807110344816571214470978131390413314339048021533904765153390192715337780361534470932191446733820144644002114472500221
44776502360554620134961044013605551601355189250434967466051423006206344678700614454790061446614909139052911033778071103448165712144709781313904133143390480215339047651533901927153377803615344709321914467338201446440021144725002212435297231
606032201553367502160564960215534798041499009205349674950535533623071496905708344546430834462714103495672910355014971214982744131
553367502605649602155347980414990092053496749505355336230714969057083445464308344627141034956729103550149712149827441316060322011
605649602553479804149900920534967495053553362307149690570834454643083446271410349567291035501497121498274413160603220115533675021
553479804499009205349674950535533623071496905708344546430834462714103495672910355014971214982744131606032201155336750216056496021
499009205496749505155336230734969057081445464308144627141014956729101550149712349827441336060322013553367502360564960235534798043
496749505553362307349690570814454643081446271410149567291015501497123498274413360603220135533675023605649602355347980434990092051
553362307496905708344546430834462714103495672910355014971214982744131606032201155336750216056496021553479804149900920534967495053
496905708445464308144627141014956729101550149712349827441336060322013553367502360564960235534798043499009205149674950515533623073
445464308446271410149567291015501497123498274413360603220135533675023605649602355347980434990092051496749505155336230734969057081
446271410495672910155014971234982744133606032201355336750236056496023553479804349900920514967495051553362307349690570814454643081
495672910550149712349827441336060322013553367502360564960235534798043499009205149674950515533623073496905708144546430814462714101
550149712498274413160603220115533675021605649602155347980414990092053496749505355336230714969057083445464308344627141034956729103
498274413606032201155336750216056496021553479804149900920534967495053553362307149690570834454643083446271410349567291035501497121
60603390155336810216056504021553480604149901000534967503053553364607155207500734969086093495673510355015051114967609123498275012149691811234953783123
55336810260565040215534806041499010005349675030535533646071552075007349690860934956735103550150511149676091234982750121496918112349537831236060339011
60565040255348060414990100053496750305355336460715520750073496908609349567351035501505111496760912349827501214969181123495378312360603390115533681021
55348060449901000534967503053553364607155207500734969086093495673510355015051114967609123498275012149691811234953783123606033901155336810216056504021
49901000549675030515533646073552075007349690860914956735101550150511349676091234982750123496918112349537831236060339013553368102360565040235534806043
49675030555336460735520750073496908609149567351015501505113496760912349827501234969181123495378312360603390135533681023605650402355348060434990100051
55336460755207500734969086093495673510355015051114967609123498275012149691811234953783123606033901155336810216056504021553480604149901000534967503053
55207500749690860934956735103550150511349676091214982750123496918112149537831216060339013553368102360565040235534806043499010005349675030535533646073
49690860949567351015501505113496760912349827501234969181123495378312360603390135533681023605650402355348060434990100051496750305155336460735520750073
49567351055015051134967609123498275012349691811234953783123606033901355336810236056504023553480604349901000514967503051553364607355207500734969086091
55015051149676091234982750121496918112349537831236060339011553368102160565040215534806041499010005349675030535533646071552075007349690860934956735103
49676091249827501234969181121495378312160603390135533681023605650402355348060434990100053496750305355336460735520750071496908609349567351035501505113
49827501249691811234953783123606033901155336810216056504021553480604149901000534967503053553364607155207500734969086093495673510355015051114967609123
49691811249537831216060339013553368102360565040235534806043499010005349675030535533646073552075007149690860934956735103550150511349676091214982750123
49537831260603390135533681023605650402355348060434990100053496750305355336460735520750071496908609349567351035501505113496760912149827501234969181121
60603450155336980216056510021553481204149901170534967526053553365207155207670734969063093550151110149688791134967615123498276712149691981234953808123
55336980260565100215534812041499011705349675260535533652071552076707349690630935501511101496887911349676151234982767121496919812349538081236060345011
60565100255348120414990117053496752605355336520715520767073496906309355015111014968879113496761512349827671214969198123495380812360603450115533698021
55348120449901170534967526053553365207155207670734969063093550151110149688791134967615123498276712149691981234953808123606034501155336980216056510021
49901170549675260515533652073552076707349690630915501511103496887911349676151234982767123496919812349538081236060345013553369802360565100235534812043
49675260555336520735520767073496906309155015111034968879113496761512349827671234969198123495380812360603450135533698023605651002355348120434990117051
55336520755207670734969063093550151110149688791134967615123498276712149691981234953808123606034501155336980216056510021553481204149901170534967526053
55207670749690630935501511103496887911149676151214982767123496919812149538081216060345013553369802360565100235534812043499011705349675260535533652073
49690630955015111034968879113496761512349827671234969198123495380812360603450135533698023605651002355348120434990117051496752605155336520735520767073
55015111049688791134967615123498276712149691981234953808123606034501155336980216056510021553481204149901170534967526053553365207155207670734969063093
49688791149676151214982767123496919812149538081216060345013553369802360565100235534812043499011705349675260535533652073552076707149690630935501511103
49676151249827671234969198121495380812160603450135533698023605651002355348120434990117053496752605355336520735520767071496906309355015111034968879111
49827671249691981234953808123606034501155336980216056510021553481204149901170534967526053553365207155207670734969063093550151110149688791134967615123
49691981249538081216060345013553369802360565100235534812043499011705349675260535533652073552076707149690630935501511103496887911149676151214982767123
49538081260603450135533698023605651002355348120434990117053496752605355336520735520767071496906309355015111034968879111496761512149827671234969198121
60603510155337060216056527021553482904155336690515520773053550152807149688620834967621093498277309149692060934953814093
55337060260565270215534829041553366905155207730535501528071496886208349676210934982773091496920609349538140936060351011
60565270255348290415533669051552077305355015280714968862083496762109349827730914969206093495381409360603510115533706021
55348290455336690515520773053550152807149688620834967621093498277309149692060934953814093606035101155337060216056527021
55336690555207730535501528071496886208349676210934982773091496920609349538140936060351011553370602160565270215534829041
55207730555015280734968862081496762109149827730934969206091495381409160603510135533706023605652702355348290435533669053
55015280749688620834967621093498277309149692060934953814093606035101155337060216056527021553482904155336690515520773053
49688620849676210914982773093496920609149538140916060351013553370602360565270235534829043553366905355207730515501528073
49676210949827730934969206091495381409160603510135533706023605652702355348290435533669053552077305155015280734968862081
49827730949692060934953814093606035101155337060216056527021553482904155336690515520773053550152807149688620834967621093
49692060949538140916060351013553370602360565270235534829043553366905355207730515501528073496886208149676210914982773093
49538140960603510135533706023605652702355348290435533669053552077305155015280734968862081496762109149827730934969206091
4470659014455973023
4455973024470659013
44824670144765150114956623033496366904349518150534207689063378836507342278290833924377093
44765150149566230334963669043495181505342076890633788365073422782908339243770934482467011
49566230349636690434951815053420768906337883650734227829083392437709344824670134476515013
49636690449518150534207689063378836507342278290833924377093448246701344765150134956623033
49518150542076890633788365073422782908339243770934482467013447651501349566230334963669043
42076890637883650734227829083392437709344824670134476515013495662303349636690434951815053
37883650742278290833924377093448246701344765150134956623033496366904349518150534207689063
42278290839243770934482467013447651501349566230334963669043495181505342076890633788365073
39243770944824670134476515013495662303349636690434951815053420768906337883650734227829083
55206260149532570235500701033
49532570255007010335520626013
55007010355206260134953257023
498292201446418502349691000334463820043
446418502496910003344638200434982922013
496910003446382004349829220134464185023
446382004498292201344641850234969100033
4982891014463808023
4463808024982891013
5519592015514732022
5514732025519592012
5513201014228059021421544702142153700214212609021421309802142173570212447366081422900108149751640814211202081
4228059024215447021421537002142126090214213098021421735702124473660814229001081497516408142112020815513201011
4215447024215370021421260902142130980214217357021244736608142290010814975164081421120208155132010114228059021
4215370024212609021421309802142173570212447366081422900108149751640814211202081551320101142280590214215447021
4212609024213098021421735702124473660814229001081497516408142112020815513201011422805902142154470214215370021
4213098024217357021244736608142290010814975164081421120208155132010114228059021421544702142153700214212609021
4217357022447366081422900108149751640814211202081551320101142280590214215447021421537002142126090214213098021
2447366084229001081497516408142112020815513201011422805902142154470214215370021421260902142130980214217357021
4229001084975164081421120208155132010114228059021421544702142153700214212609021421309802142173570212447366081
4975164084211202081551320101142280590214215447021421537002142126090214213098021421735702124473660814229001081
4211202085513201011422805902142154470214215370021421260902142130980214217357021244736608142290010814975164081
5513224014228071021421547602142153930214212638021421310602142173860212447389081422904708149751930814211225081
4228071024215476021421539302142126380214213106021421738602124473890814229047081497519308142112250815513224011
4215476024215393021421263802142131060214217386021244738908142290470814975193081421122508155132240114228071021
4215393024212638021421310602142173860212447389081422904708149751930814211225081551322401142280710214215476021
4212638024213106021421738602124473890814229047081497519308142112250815513224011422807102142154760214215393021
4213106024217386021244738908142290470814975193081421122508155132240114228071021421547602142153930214212638021
4217386022447389081422904708149751930814211225081551322401142280710214215476021421539302142126380214213106021
2447389084229047081497519308142112250815513224011422807102142154760214215393021421263802142131060214217386021
4229047084975193081421122508155132240114228071021421547602142153930214212638021421310602142173860212447389081
4975193084211225081551322401142280710214215476021421539302142126380214213106021421738602124473890814229047081
4211225085513224011422807102142154760214215393021421263802142131060214217386021244738908142290470814975193081
42290990149752240114211248031421548204142280940514213158051421266707142154010814217400081
49752240142112480314215482041422809405142131580514212667071421540108142174000814229099011
42112480342154820414228094051421315805142126670714215401081421740008142290990114975224011
42154820442280940514213158051421266707142154010814217400081422909901149752240114211248031
42280940542131580514212667071421540108142174000814229099011497522401142112480314215482041
42131580542126670714215401081421740008142290990114975224011421124803142154820414228094051
42126670742154010814217400081422909901149752240114211248031421548204142280940514213158051
42154010842174000814229099011497522401142112480314215482041422809405142131580514212667071
42174000842290990114975224011421124803142154820414228094051421315805142126670714215401081
6054474014983614021445343103149528490414211892051378844806142151920712461900071
4983614024453431031495284904142118920513788448061421519207124619000716054474011
4453431034952849041421189205137884480614215192071246190007160544740114983614021
4952849044211892051378844806142151920712461900071605447401149836140214453431031
4211892053788448061421519207124619000716054474011498361402144534310314952849041
3788448064215192071246190007160544740114983614021445343103149528490414211892051
4215192072461900071605447401149836140214453431031495284904142118920513788448061
2461900076054474011498361402144534310314952849041421189205137884480614215192071
6054497014983637021445345403149528610414211917051378846006142152170712461923071
4983637024453454031495286104142119170513788460061421521707124619230716054497011
4453454034952861041421191705137884600614215217071246192307160544970114983637021
4952861044211917051378846006142152170712461923071605449701149836370214453454031
4211917053788460061421521707124619230716054497011498363702144534540314952861041
3788460064215217071246192307160544970114983637021445345403149528610414211917051
4215217072461923071605449701149836370214453454031495286104142119170513788460061
2461923076054497011498363702144534540314952861041421191705137884600614215217071
4230903014452006021422956702144503780214221407021422959602142308660214232658021
4452006024229567021445037802142214070214229596021423086602142326580214230903011
4229567024450378021422140702142295960214230866021423265802142309030114452006021
4450378024221407021422959602142308660214232658021423090301144520060214229567021
4221407024229596021423086602142326580214230903011445200602142295670214450378021
4229596024230866021423265802142309030114452006021422956702144503780214221407021
4230866024232658021423090301144520060214229567021445037802142214070214229596021
4232658024230903011445200602142295670214450378021422140702142295960214230866021
5507502014983212021421207003142208040414228125041496375804144568950714225813081422085608142155940814451828081
4983212024212070031422080404142281250414963758041445689507142258130814220856081421559408144518280815507502011
4212070034220804041422812504149637580414456895071422581308142208560814215594081445182808155075020114983212021
4220804044228125041496375804144568950714225813081422085608142155940814451828081550750201149832120214212070031
4228125044963758041445689507142258130814220856081421559408144518280815507502011498321202142120700314220804041
4963758044456895071422581308142208560814215594081445182808155075020114983212021421207003142208040414228125041
4456895074225813081422085608142155940814451828081550750201149832120214212070031422080404142281250414963758041
4225813084220856081421559408144518280815507502011498321202142120700314220804041422812504149637580414456895071
4220856084215594081445182808155075020114983212021421207003142208040414228125041496375804144568950714225813081
4215594084451828081550750201149832120214212070031422080404142281250414963758041445689507142258130814220856081
4451828085507502011498321202142120700314220804041422812504149637580414456895071422581308142208560814215594081
5507519014983235021421209302142258420414220827041445692604142281480414220879041421562504149637700414451840041
4983235024212093021422584204142208270414456926041422814804142208790414215625041496377004144518400415507519011
4212093024225842041422082704144569260414228148041422087904142156250414963770041445184004155075190114983235021
4225842044220827041445692604142281480414220879041421562504149637700414451840041550751901149832350214212093021
4220827044456926041422814804142208790414215625041496377004144518400415507519011498323502142120930214225842041
4456926044228148041422087904142156250414963770041445184004155075190114983235021421209302142258420414220827041
4228148044220879041421562504149637700414451840041550751901149832350214212093021422584204142208270414456926041
4220879044215625041496377004144518400415507519011498323502142120930214225842041422082704144569260414228148041
4215625044963770041445184004155075190114983235021421209302142258420414220827041445692604142281480414220879041
4963770044451840041550751901149832350214212093021422584204142208270414456926041422814804142208790414215625041
4451840045507519011498323502142120930214225842041422082704144569260414228148041422087904142156250414963770041
4478141014472090021446562903144740020314482645051
4472090024465629031447400203144826450514478141011
4465629034474002031448264505144781410114472090021
4474002034482645051447814101144720900214465629031
4482645054478141011447209002144656290314474002031
4478164014472115021446564103144740250314482668051
4472115024465641031447402503144826680514478164011
4465641034474025031448266805144781640114472115021
4474025034482668051447816401144721150214465641031
4482668054478164011447211502144656410314474025031
49533000144799100212615160031
44799100226151600314953300011
26151600349533000114479910021
552326301551589002155227080213541914041
551589002552270802135419140415523263011
552270802354191404155232630115515890021
354191404552326301155158900215522708021
552329201551591502155227200213541943041
551591502552272002135419430415523292011
552272002354194304155232920115515915021
354194304552329201155159150215522720021
552331701551593802155227430213541989041
551593802552274302135419890415523317011
552274302354198904155233170115515938021
354198904552331701155159380215522743021
49621380149682530214974466031
49682530249744660314962138011
49744660349621380114968253021
49621440149744720214968276021
49744720249682760214962144011
49682760249621440114974472021
49621500149744890214968282021
49744890249682820214962150011
49682820249621500114974489021
4471280013500223021
3500223024471280011
4471297013500246021
3500246024471297011
3537746015536923021
5536923023537746011
497152201498598401149748510314975276031
498598401497485103149752760314971522011
497485103497527603149715220114985984011
497527603497152201149859840114974851031
4957456013534742021
3534742024957456011
49574620144785720213916372021
44785720239163720214957462011
39163720249574620114478572021
49866530149912980115506075031550338404155114490515504219061550761407149914470815500210091392667210149910451115502858111
49912980155060750315503384041551144905155042190615507614071499144708155002100913926672101499104511155028581114986653011
55060750355033840415511449051550421906155076140714991447081550021009139266721014991045111550285811149866530114991298011
55033840455114490515504219061550761407149914470815500210091392667210149910451115502858111498665301149912980115506075031
55114490555042190615507614071499144708155002100913926672101499104511155028581114986653011499129801155060750315503384041
55042190655076140714991447081550021009139266721014991045111550285811149866530114991298011550607503155033840415511449051
55076140749914470815500210091392667210149910451115502858111498665301149912980115506075031550338404155114490515504219061
49914470855002100913926672101499104511155028581114986653011499129801155060750315503384041551144905155042190615507614071
55002100939266721014991045111550285811149866530114991298011550607503155033840415511449051550421906155076140714991447081
39266721049910451115502858111498665301149912980115506075031550338404155114490515504219061550761407149914470815500210091
49910451155028581114986653011499129801155060750315503384041551144905155042190615507614071499144708155002100913926672101
55028581149866530114991298011550607503155033840415511449051550421906155076140714991447081550021009139266721014991045111
49866760149913060115506081031550339004155114550515504225061550762007149914530815500227091350982710149910681115502870111
49913060155060810315503390041551145505155042250615507620071499145308155002270913509827101499106811155028701114986676011
55060810355033900415511455051550422506155076200714991453081550022709135098271014991068111550287011149866760114991306011
55033900455114550515504225061550762007149914530815500227091350982710149910681115502870111498667601149913060115506081031
55114550555042250615507620071499145308155002270913509827101499106811155028701114986676011499130601155060810315503390041
55042250655076200714991453081550022709135098271014991068111550287011149866760114991306011550608103155033900415511455051
55076200749914530815500227091350982710149910681115502870111498667601149913060115506081031550339004155114550515504225061
49914530855002270913509827101499106811155028701114986676011499130601155060810315503390041551145505155042250615507620071
55002270935098271014991068111550287011149866760114991306011550608103155033900415511455051550422506155076200714991453081
35098271049910681115502870111498667601149913060115506081031550339004155114550515504225061550762007149914530815500227091
49910681155028701114986676011499130601155060810315503390041551145505155042250615507620071499145308155002270913509827101
55028701149866760114991306011550608103155033900415511455051550422506155076200714991453081550022709135098271014991068111
49866820149913120115506098031550340904155114610515504231061550763707149914760815500233091421340210149910801115502893111
49913120155060980315503409041551146105155042310615507637071499147608155002330914213402101499108011155028931114986682011
55060980355034090415511461051550423106155076370714991476081550023309142134021014991080111550289311149866820114991312011
55034090455114610515504231061550763707149914760815500233091421340210149910801115502893111498668201149913120115506098031
55114610555042310615507637071499147608155002330914213402101499108011155028931114986682011499131201155060980315503409041
55042310655076370714991476081550023309142134021014991080111550289311149866820114991312011550609803155034090415511461051
55076370749914760815500233091421340210149910801115502893111498668201149913120115506098031550340904155114610515504231061
49914760855002330914213402101499108011155028931114986682011499131201155060980315503409041551146105155042310615507637071
55002330942134021014991080111550289311149866820114991312011550609803155034090415511461051550423106155076370714991476081
42134021049910801115502893111498668201149913120115506098031550340904155114610515504231061550763707149914760815500233091
49910801155028931114986682011499131201155060980315503409041551146105155042310615507637071499147608155002330914213402101
55028931149866820114991312011550609803155034090415511461051550423106155076370714991476081550023309142134021014991080111
49866990149913290115506106031550341504155114780515504248061550764307149914820815500256091350983310149911051115502918111
49913290155061060315503415041551147805155042480615507643071499148208155002560913509833101499110511155029181114986699011
55061060355034150415511478051550424806155076430714991482081550025609135098331014991105111550291811149866990114991329011
55034150455114780515504248061550764307149914820815500256091350983310149911051115502918111498669901149913290115506106031
55114780555042480615507643071499148208155002560913509833101499110511155029181114986699011499132901155061060315503415041
55042480655076430714991482081550025609135098331014991105111550291811149866990114991329011550610603155034150415511478051
55076430749914820815500256091350983310149911051115502918111498669901149913290115506106031550341504155114780515504248061
49914820855002560913509833101499110511155029181114986699011499132901155061060315503415041551147805155042480615507643071
55002560935098331014991105111550291811149866990114991329011550610603155034150415511478051550424806155076430714991482081
35098331049911051115502918111498669901149913290115506106031550341504155114780515504248061550764307149914820815500256091
49911051155029181114986699011499132901155061060315503415041551147805155042480615507643071499148208155002560913509833101
55029181149866990114991329011550610603155034150415511478051550424806155076430714991482081550025609135098331014991105111
49867070149913350115506112031550342104155114840515504254061550766607149914990815500262091350985610149911281115502930111
49913350155061120315503421041551148405155042540615507666071499149908155002620913509856101499112811155029301114986707011
55061120355034210415511484051550425406155076660714991499081550026209135098561014991128111550293011149867070114991335011
55034210455114840515504254061550766607149914990815500262091350985610149911281115502930111498670701149913350115506112031
55114840555042540615507666071499149908155002620913509856101499112811155029301114986707011499133501155061120315503421041
55042540655076660714991499081550026209135098561014991128111550293011149867070114991335011550611203155034210415511484051
55076660749914990815500262091350985610149911281115502930111498670701149913350115506112031550342104155114840515504254061
49914990855002620913509856101499112811155029301114986707011499133501155061120315503421041551148405155042540615507666071
55002620935098561014991128111550293011149867070114991335011550611203155034210415511484051550425406155076660714991499081
35098561049911281115502930111498670701149913350115506112031550342104155114840515504254061550766607149914990815500262091
49911281155029301114986707011499133501155061120315503421041551148405155042540615507666071499149908155002620913509856101
55029301149867070114991335011550611203155034210415511484051550425406155076660714991499081550026209135098561014991128111
49867130149913410115506129031550343804155114900515504260061550767207149915070815500279091421341910149911401115502953111
49913410155061290315503438041551149005155042600615507672071499150708155002790914213419101499114011155029531114986713011
55061290355034380415511490051550426006155076720714991507081550027909142134191014991140111550295311149867130114991341011
55034380455114900515504260061550767207149915070815500279091421341910149911401115502953111498671301149913410115506129031
55114900555042600615507672071499150708155002790914213419101499114011155029531114986713011499134101155061290315503438041
55042600655076720714991507081550027909142134191014991140111550295311149867130114991341011550612903155034380415511490051
55076720749915070815500279091421341910149911401115502953111498671301149913410115506129031550343804155114900515504260061
49915070855002790914213419101499114011155029531114986713011499134101155061290315503438041551149005155042600615507672071
55002790942134191014991140111550295311149867130114991341011550612903155034380415511490051550426006155076720714991507081
42134191049911401115502953111498671301149913410115506129031550343804155114900515504260061550767207149915070815500279091
49911401155029531114986713011499134101155061290315503438041551149005155042600615507672071499150708155002790914213419101
55029531149867130114991341011550612903155034380415511490051550426006155076720714991507081550027909142134191014991140111
49867360149913580115506135031550344404155115090515504277061550768907149915130815500285091350986210149911631115502982111
49913580155061350315503444041551150905155042770615507689071499151308155002850913509862101499116311155029821114986736011
55061350355034440415511509051550427706155076890714991513081550028509135098621014991163111550298211149867360114991358011
55034440455115090515504277061550768907149915130815500285091350986210149911631115502982111498673601149913580115506135031
55115090555042770615507689071499151308155002850913509862101499116311155029821114986736011499135801155061350315503444041
55042770655076890714991513081550028509135098621014991163111550298211149867360114991358011550613503155034440415511509051
55076890749915130815500285091350986210149911631115502982111498673601149913580115506135031550344404155115090515504277061
49915130855002850913509862101499116311155029821114986736011499135801155061350315503444041551150905155042770615507689071
55002850935098621014991163111550298211149867360114991358011550613503155034440415511509051550427706155076890714991513081
35098621049911631115502982111498673601149913580115506135031550344404155115090515504277061550768907149915130815500285091
49911631155029821114986736011499135801155061350315503444041551150905155042770615507689071499151308155002850913509862101
55029821149867360114991358011550613503155034440415511509051550427706155076890714991513081550028509135098621014991163111
49564160149569130214962279031448038503149568760513761395061
49569130249622790314480385031495687605137613950614956416011
49622790344803850314956876051376139506149564160114956913021
44803850349568760513761395061495641601149569130214962279031
49568760537613950614956416011495691302149622790314480385031
37613950649564160114956913021496227903144803850314956876051
495643901496229102144804160213761426041
496229102448041602137614260414956439011
448041602376142604149564390114962291021
376142604495643901149622910214480416021
55033550155090620214993601031
55090620249936010315503355011
49936010355033550115509062021
5543550015523866021550995502155103030415500842041551066806155072120615523872061
5523866025509955021551030304155008420415510668061550721206155238720615543550011
5509955025510303041550084204155106680615507212061552387206155435500115523866021
5510303045500842041551066806155072120615523872061554355001155238660215509955021
5500842045510668061550721206155238720615543550011552386602155099550215510303041
5510668065507212061552387206155435500115523866021550995502155103030415500842041
5507212065523872061554355001155238660215509955021551030304155008420415510668061
5523872065543550011552386602155099550215510303041550084204155106680615507212061
55435670155071460215509961021551032604155008650415510674061550722906155070630615511001061
55071460255099610215510326041550086504155106740615507229061550706306155110010615543567011
55099610255103260415500865041551067406155072290615507063061551100106155435670115507146021
55103260455008650415510674061550722906155070630615511001061554356701155071460215509961021
55008650455106740615507229061550706306155110010615543567011550714602155099610215510326041
55106740655072290615507063061551100106155435670115507146021550996102155103260415500865041
55072290655070630615511001061554356701155071460215509961021551032604155008650415510674061
55070630655110010615543567011550714602155099610215510326041550086504155106740615507229061
55110010655435670115507146021550996102155103260415500865041551067406155072290615507063061
4230582011288339021
1288339024230582011
37755980139278780211344859031
39278780213448590313775598011
13448590337755980113927878021
37756060139278840211304972031
39278840213049720313775606011
13049720337756060113927884021
37756120139278900211304995031
39278900213049950313775612011
13049950337756120113927890021
552198501552879201149924870315525109041553654405155215830613514478071
552879201499248703155251090415536544051552158306135144780715521985011
499248703552510904155365440515521583061351447807155219850115528792011
552510904553654405155215830613514478071552198501155287920114992487031
553654405552158306135144780715521985011552879201149924870315525109041
552158306351447807155219850115528792011499248703155251090415536544051
351447807552198501155287920114992487031552510904155365440515521583061
552201601552881701149925010315525121041553657305155216140613537628071
552881701499250103155251210415536573051552161406135376280715522016011
499250103552512104155365730515521614061353762807155220160115528817011
552512104553657305155216140613537628071552201601155288170114992501031
553657305552161406135376280715522016011552881701149925010315525121041
552161406353762807155220160115528817011499250103155251210415536573051
353762807552201601155288170114992501031552512104155365730515521614061
5511343014967762021
4967762025511343011
5511372014967779021
4967779025511372011
5511395014967785021
4967785025511395011
4973805015516286011497378001149710770114987670051
5516286014973780011497107701149876700514973805011
4973780014971077011498767005149738050115516286011
4971077014987670051497380501155162860114973780011
4987670054973805011551628601149737800114971077011
55163000149574100114987693031
49574100149876930315516300011
49876930355163000114957410011
5519238015531073021
5531073025519238011
5519273014353557021
4353557025519273011
44824960135383550214961239031
35383550249612390314482496011
49612390344824960113538355021
1298214010438386021
0438386021298214011
1263167011298237011
1298237011263167011
5527545011252689021
1252689025527545011
55082230135415120213786656031122913004135027590411294469041
35415120237866560311229130041350275904112944690415508223011
37866560312291300413502759041129446904155082230113541512021
12291300435027590411294469041550822301135415120213786656031
35027590412944690415508223011354151202137866560311229130041
12944690455082230113541512021378665603112291300413502759041
5508252013541529021350045303135003350313786679051
3541529023500453031350033503137866790515508252011
3500453033500335031378667905155082520113541529021
3500335033786679051550825201135415290213500453031
3786679055508252011354152902135004530313500335031
35270150124235550213537806021
24235550235378060213527015011
35378060235270150112423555021
2475279012475204011
2475204012475279011
24752850124752100112474423031
24752100124744230312475285011
24744230324752850112475210011
24752910124752270212474452031
24752270224744520312475291011
24744520324752910112475227021
2475316012475233011
2475233012475316011
3909484014983703021
4983703023909484011
3909490014983726021
4983726023909490011
3909509014983732021
4983732023909509011
5517044010593767021
0593767025517044011
5517067010593796021
0593796025517067011
1181222010169644021
0169644021181222011
4210757015512466011
5512466014210757011
24548050124426010111290141031
24426010112901410312454805011
12901410324548050112442601011
4478106010750787021
0750787024478106011
1269448010722006021
0722006021269448011
5415119013771838021
3771838025415119011
3771850015415131011
5415131013771850011
2478881012477019021
2477019022478881011
2478898012477025021
2477025022478898011
55145190124207230214200598021
24207230242005980215514519011
42005980255145190112420723021
498546401244071402111452780212454515041243787604124545380413768500041
244071402114527802124545150412437876041245453804137685000414985464011
114527802245451504124378760412454538041376850004149854640112440714021
245451504243787604124545380413768500041498546401124407140211145278021
243787604245453804137685000414985464011244071402111452780212454515041
245453804376850004149854640112440714021114527802124545150412437876041
376850004498546401124407140211145278021245451504124378760412454538041
2440737013537539011
3537539012440737011
49770160149817620210726582031
49817620207265820314977016011
07265820349770160114981762021
49770390149817850211078613031
49817850210786130314977039011
10786130349770390114981785021
44609510144548150214462068031446419104144669360512475598061
44548150244620680314464191041446693605124755980614460951011
44620680344641910414466936051247559806144609510114454815021
44641910444669360512475598061446095101144548150214462068031
44669360524755980614460951011445481502144620680314464191041
24755980644609510114454815021446206803144641910414466936051
4465807015509429011445917801144632920112436842011
5509429014459178011446329201124368420114465807011
4459178014463292011243684201144658070115509429011
4463292012436842011446580701155094290114459178011
2436842014465807011550942901144591780114463292011
352163301352398001135452080315542065041
352398001354520803155420650413521633011
354520803554206504135216330113523980011
554206504352163301135239800113545208031
1313758012423236011
2423236011313758011
13111270124258210110067116031
24258210100671160311311127011
00671160313111270112425821011
128701501243659802101714340311311156031
243659802017143403113111560311287015011
017143403131115603112870150112436598021
131115603128701501124365980210171434031
243256001132583301112829340310523749041
132583301128293403105237490412432560011
128293403052374904124325600111325833011
052374904243256001113258330111282934031
12547540112546940111282957031
12546940112829570311254754011
12829570312547540111254694011
1293642011192326021
1192326021293642011
1329044012420232021
2420232021329044011
3758447012467699021
2467699023758447011
129399001127755402112858260210207310041
127755402128582602102073100411293990011
128582602020731004112939900111277554021
020731004129399001112775540211285826021
3758453012467713021
2467713023758453011
129401501127757702112858490210207333041
127757702128584902102073330411294015011
128584902020733304112940150111277577021
020733304129401501112775770211285849021
129395501243849102112512530310614883041
243849102125125303106148830411293955011
125125303061488304112939550112438491021
061488304129395501124384910211251253031
37567210124294920212425985031242040403111300410312437451031
24294920224259850312420404031113004103124374510313756721011
24259850324204040311130041031243745103137567210112429492021
24204040311300410312437451031375672101124294920212425985031
11300410324374510313756721011242949202124259850312420404031
24374510337567210112429492021242598503124204040311130041031
37567440124295170212426022031242042703111300640312437474031
24295170224260220312420427031113006403124374740313756744011
24260220324204270311130064031243747403137567440112429517021
24204270311300640312437474031375674401124295170212426022031
11300640324374740313756744011242951702124260220312420427031
24374740337567440112429517021242602203124204270311130064031
550877201496493002135389290313524614041352601005113384800613544686071376152107135227100713522638071
496493002353892903135246140413526010051133848006135446860713761521071352271007135226380715508772011
353892903352461404135260100511338480061354468607137615210713522710071352263807155087720114964930021
352461404352601005113384800613544686071376152107135227100713522638071550877201149649300213538929031
352601005133848006135446860713761521071352271007135226380715508772011496493002135389290313524614041
133848006354468607137615210713522710071352263807155087720114964930021353892903135246140413526010051
354468607376152107135227100713522638071550877201149649300213538929031352461404135260100511338480061
376152107352271007135226380715508772011496493002135389290313524614041352601005113384800613544686071
352271007352263807155087720114964930021353892903135246140413526010051133848006135446860713761521071
352263807550877201149649300213538929031352461404135260100511338480061354468607137615210713522710071
2460680012446556021354453903135049130412446438051350408906124491930711306451081
2446556023544539031350491304124464380513504089061244919307113064510812460680011
3544539033504913041244643805135040890612449193071130645108124606800112446556021
3504913042446438051350408906124491930711306451081246068001124465560213544539031
2446438053504089061244919307113064510812460680011244655602135445390313504913041
3504089062449193071130645108124606800112446556021354453903135049130412446438051
2449193071306451081246068001124465560213544539031350491304124464380513504089061
1306451082460680011244655602135445390313504913041244643805135040890612449193071
42322040124465620112460697031354455104135049420511306468061244923007135041030712446444071
24465620124606970313544551041350494205113064680612449230071350410307124464440714232204011
24606970335445510413504942051130646806124492300713504103071244644407142322040112446562011
35445510435049420511306468061244923007135041030712446444071423220401124465620112460697031
35049420513064680612449230071350410307124464440714232204011244656201124606970313544551041
13064680624492300713504103071244644407142322040112446562011246069703135445510413504942051
24492300735041030712446444071423220401124465620112460697031354455104135049420511306468061
35041030724464440714232204011244656201124606970313544551041350494205113064680612449230071
24464440742322040112446562011246069703135445510413504942051130646806124492300713504103071
4232227012446579011246070503135445740413505002051350413206124464500712449282081
2446579012460705031354457404135050020513504132061244645007124492820814232227011
2460705033544574041350500205135041320612446450071244928208142322270112446579011
3544574043505002051350413206124464500712449282081423222701124465790112460705031
3505002053504132061244645007124492820814232227011244657901124607050313544574041
3504132062446450071244928208142322270112446579011246070503135445740413505002051
2446450072449282081423222701124465790112460705031354457404135050020513504132061
2449282084232227011244657901124607050313544574041350500205135041320612446450071
1282992010455901021
0455901021282992011
1300997011338847021
1338847021300997011
24509020135456390113777456031245085904124602200512459872051246057905124546560512422165091
35456390137774560312450859041246022005124598720512460579051245465605124221650912450902011
37774560324508590412460220051245987205124605790512454656051242216509124509020113545639011
24508590424602200512459872051246057905124546560512422165091245090201135456390113777456031
24602200524598720512460579051245465605124221650912450902011354563901137774560312450859041
24598720524605790512454656051242216509124509020113545639011377745603124508590412460220051
24605790524546560512422165091245090201135456390113777456031245085904124602200512459872051
24546560524221650912450902011354563901137774560312450859041246022005124598720512460579051
24221650924509020113545639011377745603124508590412460220051245987205124605790512454656051
2458944014213980021246045003124611940412467009051
4213980022460450031246119404124670090512458944011
2460450032461194041246700905124589440114213980021
2461194042467009051245894401142139800212460450031
2467009052458944011421398002124604500312461194041
49674720144548090214466155031448166304144709490514467887051447098405144673440814472523091446441710144776731012435305121
44548090244661550314481663041447094905144678870514470984051446734408144725230914464417101447767310124353051214967472011
44661550344816630414470949051446788705144709840514467344081447252309144644171014477673101243530512149674720114454809021
44816630444709490514467887051447098405144673440814472523091446441710144776731012435305121496747201144548090214466155031
44709490544678870514470984051446734408144725230914464417101447767310124353051214967472011445480902144661550314481663041
44678870544709840514467344081447252309144644171014477673101243530512149674720114454809021446615503144816630414470949051
44709840544673440814472523091446441710144776731012435305121496747201144548090214466155031448166304144709490514467887051
44673440844725230914464417101447767310124353051214967472011445480902144661550314481663041447094905144678870514470984051
44725230944644171014477673101243530512149674720114454809021446615503144816630414470949051446788705144709840514467344081
44644171044776731012435305121496747201144548090214466155031448166304144709490514467887051447098405144673440814472523091
44776731024353051214967472011445480902144661550314481663041447094905144678870514470984051446734408144725230914464417101
24353051249674720114454809021446615503144816630414470949051446788705144709840514467344081447252309144644171014477673101
4482473015510757021445837403155317590415537727051445462005144755620714473505081446669809144755560914474597091
5510757024458374031553175904155377270514454620051447556207144735050814466698091447555609144745970914482473011
4458374035531759041553772705144546200514475562071447350508144666980914475556091447459709144824730115510757021
5531759045537727051445462005144755620714473505081446669809144755560914474597091448247301155107570214458374031
5537727054454620051447556207144735050814466698091447555609144745970914482473011551075702144583740315531759041
4454620054475562071447350508144666980914475556091447459709144824730115510757021445837403155317590415537727051
4475562074473505081446669809144755560914474597091448247301155107570214458374031553175904155377270514454620051
4473505084466698091447555609144745970914482473011551075702144583740315531759041553772705144546200514475562071
4466698094475556091447459709144824730115510757021445837403155317590415537727051445462005144755620714473505081
4475556094474597091448247301155107570214458374031553175904155377270514454620051447556207144735050814466698091
4474597094482473011551075702144583740315531759041553772705144546200514475562071447350508144666980914475556091
247263101247687602124742510212470359041
247687602247425102124703590412472631011
247425102247035904124726310112476876021
247035904247263101124768760212474251021
3914284011325218021
1325218023914284011
2422797011115679021
1115679022422797011
3921054012467831021
2467831023921054011
39123450139210770212467848031
39210770224678480313912345011
24678480339123450113921077021
496127401495837801149515600114958533041495844405149631610612472832071
495837801495156001149585330414958444051496316106124728320714961274011
495156001495853304149584440514963161061247283207149612740114958378011
495853304495844405149631610612472832071496127401149583780114951560011
495844405496316106124728320714961274011495837801149515600114958533041
496316106247283207149612740114958378011495156001149585330414958444051
247283207496127401149583780114951560011495853304149584440514963161061
496129701495838401149515830114958556041495846705149631780612472849071
495838401495158301149585560414958467051496317806124728490714961297011
495158301495855604149584670514963178061247284907149612970114958384011
495855604495846705149631780612472849071496129701149583840114951583011
495846705496317806124728490714961297011495838401149515830114958556041
496317806247284907149612970114958384011495158301149585560414958467051
247284907496129701149583840114951583011495855604149584670514963178061
55144940124776050214226830031392592204137612310513775256051247586507135257200812478823081247845010135021621012475144101
24776050242268300313925922041376123105137752560512475865071352572008124788230812478450101350216210124751441015514494011
42268300339259220413761231051377525605124758650713525720081247882308124784501013502162101247514410155144940112477605021
39259220437612310513775256051247586507135257200812478823081247845010135021621012475144101551449401124776050214226830031
37612310537752560512475865071352572008124788230812478450101350216210124751441015514494011247760502142268300313925922041
37752560524758650713525720081247882308124784501013502162101247514410155144940112477605021422683003139259220413761231051
24758650735257200812478823081247845010135021621012475144101551449401124776050214226830031392592204137612310513775256051
35257200824788230812478450101350216210124751441015514494011247760502142268300313925922041376123105137752560512475865071
24788230824784501013502162101247514410155144940112477605021422683003139259220413761231051377525605124758650713525720081
24784501035021621012475144101551449401124776050214226830031392592204137612310513775256051247586507135257200812478823081
35021621024751441015514494011247760502142268300313925922041376123105137752560512475865071352572008124788230812478450101
24751441055144940112477605021422683003139259220413761231051377525605124758650713525720081247882308124784501013502162101
5531044013501760021
3501760025531044011
04585840112573330210461310031
12573330204613100310458584011
04613100304585840111257333021
2476511011708824021
1708824022476511011
1325796011338729011243235301124443790111337664011
1338729012432353011244437901113376640111325796011
2432353012444379011133766401113257960111338729011
2444379011337664011132579601113387290112432353011
1337664011325796011133872901124323530112444379011
35416760135478390213548313031
35478390235483130313541676011
35483130335416760113547839021
44548380160542150214213566021447872104144548670514209671061
60542150242135660214478721041445486705142096710614454838011
42135660244787210414454867051420967106144548380116054215021
44787210444548670514209671061445483801160542150214213566021
44548670542096710614454838011605421502142135660214478721041
42096710644548380116054215021421356602144787210414454867051
4482042013760527021
3760527024482042011
4963014014454821021446208003144644980312441369051
4454821024462080031446449803124413690514963014011
4462080034464498031244136905149630140114454821021
4464498032441369051496301401144548210214462080031
2441369054963014011445482102144620800314464498031
4472428013762615021
3762615024472428011
4222341013543899021
3543899024222341011
4222364013538243021
3538243024222364011
4222387013538272021
3538272024222387011
4222424013538326021
3538326024222424011
39209420139286590213925603031
39286590239256030313920942011
39256030339209420113928659021
392095901392562602139286650311320480041
392562602392866503113204800413920959011
392866503132048004139209590113925626021
132048004392095901139256260213928665031
55372880124256200211334803021
24256200213348030215537288011
13348030255372880112425620021
133879301096741702112972550212472186021
096741702129725502124721860211338793011
129725502247218602113387930110967417021
247218602133879301109674170211297255021
3541630013525298021353775203135101730413514018051351205406135110430711302714071
3525298023537752031351017304135140180513512054061351104307113027140713541630011
3537752033510173041351401805135120540613511043071130271407135416300113525298021
3510173043514018051351205406135110430711302714071354163001135252980213537752031
3514018053512054061351104307113027140713541630011352529802135377520313510173041
3512054063511043071130271407135416300113525298021353775203135101730413514018051
3511043071302714071354163001135252980213537752031351017304135140180513512054061
1302714073541630011352529802135377520313510173041351401805135120540613511043071
3541647013514024021353776902135120770213511072021351019602135320160211313528021
3514024023537769021351207702135110720213510196021353201602113135280213541647011
3537769023512077021351107202135101960213532016021131352802135416470113514024021
3512077023511072021351019602135320160211313528021354164701135140240213537769021
3511072023510196021353201602113135280213541647011351402402135377690213512077021
3510196023532016021131352802135416470113514024021353776902135120770213511072021
3532016021313528021354164701135140240213537769021351207702135110720213510196021
1313528023541647011351402402135377690213512077021351107202135101960213532016021
3762621014959076021377389503137604090314959923051376160406137621990613761509061376163306137584180611302720061
4959076023773895031376040903149599230513761604061376219906137615090613761633061375841806113027200613762621011
3773895033760409031495992305137616040613762199061376150906137616330613758418061130272006137626210114959076021
3760409034959923051376160406137621990613761509061376163306137584180611302720061376262101149590760213773895031
4959923053761604061376219906137615090613761633061375841806113027200613762621011495907602137738950313760409031
3761604063762199061376150906137616330613758418061130272006137626210114959076021377389503137604090314959923051
3762199063761509061376163306137584180611302720061376262101149590760213773895031376040903149599230513761604061
3761509063761633061375841806113027200613762621011495907602137738950313760409031495992305137616040613762199061
3761633063758418061130272006137626210114959076021377389503137604090314959923051376160406137621990613761509061
3758418061302720061376262101149590760213773895031376040903149599230513761604061376219906137615090613761633061
1302720063762621011495907602137738950313760409031495992305137616040613762199061376150906137616330613758418061
3769215014959053021377632703113092250413788141041377723204137768530413779366041377777504137835340413778332041
4959053023776327031130922504137881410413777232041377685304137793660413777775041378353404137783320413769215011
3776327031309225041378814104137772320413776853041377936604137777750413783534041377833204137692150114959053021
1309225043788141041377723204137768530413779366041377777504137835340413778332041376921501149590530213776327031
3788141043777232041377685304137793660413777775041378353404137783320413769215011495905302137763270311309225041
3777232043776853041377936604137777750413783534041377833204137692150114959053021377632703113092250413788141041
3776853043779366041377777504137835340413778332041376921501149590530213776327031130922504137881410413777232041
3779366043777775041378353404137783320413769215011495905302137763270311309225041378814104137772320413776853041
3777775043783534041377833204137692150114959053021377632703113092250413788141041377723204137768530413779366041
3783534043778332041376921501149590530213776327031130922504137881410413777232041377685304137793660413777775041
3778332043769215011495905302137763270311309225041378814104137772320413776853041377936604137777750413783534041
39018500137648090211340494031
37648090213404940313901850011
13404940339018500113764809021
376699001376218202137726540313910079041
376218202377265403139100790413766990011
377265403391007904137669900113762182021
391007904376699001137621820213772654031
4987397010193186011
0193186014987397011
2420048011309805011376387903110993310410792521041128573706110234050710520952071
1309805013763879031109933104107925210411285737061102340507105209520712420048011
3763879031099331041079252104112857370611023405071052095207124200480111309805011
1099331040792521041128573706110234050710520952071242004801113098050113763879031
0792521041285737061102340507105209520712420048011130980501137638790311099331041
1285737061023405071052095207124200480111309805011376387903110993310410792521041
1023405070520952071242004801113098050113763879031109933104107925210411285737061
0520952072420048011130980501137638790311099331041079252104112857370611023405071
242005401351758302135174130211240640041
351758302351741302112406400412420054011
351741302124064004124200540113517583021
124064004242005401135175830213517413021
2420077013763885021079254402106149430411265686051102343405112634860511099354051
3763885020792544021061494304112656860511023434051126348605110993540512420077011
0792544020614943041126568605110234340511263486051109935405124200770113763885021
0614943041265686051102343405112634860511099354051242007701137638850210792544021
1265686051023434051126348605110993540512420077011376388502107925440210614943041
1023434051263486051109935405124200770113763885021079254402106149430411265686051
1263486051099354051242007701137638850210792544021061494304112656860511023434051
1099354052420077011376388502107925440210614943041126568605110234340511263486051
09429720137677880211263233031
37677880212632330310942972011
12632330309429720113767788021
448255601128020802112810300210722242041
128020802128103002107222420414482556011
128103002072224204144825560111280208021
072224204448255601112802080211281030021
5505242013545409021
3545409025505242011
55052710109675120213545421021
09675120235454210215505271011
35454210255052710110967512021
49890310149685430211300632031131414304112684370510073476061
49685430213006320311314143041126843705100734760614989031011
13006320313141430411268437051007347606149890310114968543021
13141430412684370510073476061498903101149685430211300632031
12684370500734760614989031011496854302113006320311314143041
00734760649890310114968543021130063203113141430411268437051
4479844014989048011496856603144798380413772217051107852405112842640511311883051131416609112684431010178873111
4989048014968566031447983804137722170511078524051128426405113118830511314166091126844310101788731114479844011
4968566034479838041377221705110785240511284264051131188305113141660911268443101017887311144798440114989048011
4479838043772217051107852405112842640511311883051131416609112684431010178873111447984401149890480114968566031
3772217051078524051128426405113118830511314166091126844310101788731114479844011498904801149685660314479838041
1078524051284264051131188305113141660911268443101017887311144798440114989048011496856603144798380413772217051
1284264051311883051131416609112684431010178873111447984401149890480114968566031447983804137722170511078524051
1311883051314166091126844310101788731114479844011498904801149685660314479838041377221705110785240511284264051
1314166091268443101017887311144798440114989048011496856603144798380413772217051107852405112842640511311883051
1268443100178873111447984401149890480114968566031447983804137722170511078524051128426405113118830511314166091
0178873114479844011498904801149685660314479838041377221705110785240511284264051131188305113141660911268443101
3782440013912291011
3912291013782440011
3903487013775486021
3775486023903487011
3903493013775517021
3775517023903493011
3903501013775581021
3775581023903501011
351227801243413902124219640311329989041
243413902242196403113299890413512278011
242196403132998904135122780112434139021
132998904351227801124341390212421964031
376674801351230901124341450111329995011
351230901243414501113299950113766748011
243414501132999501137667480113512309011
132999501376674801135123090112434145011
37667770135123380111330001011
35123380113300010113766777011
13300010137667770113512338011
55325750144666750214209725031
44666750242097250315532575011
42097250355325750114466675021
5529544015529596011
5529596015529544011
0055828010722147021
0722147020055828011
0614860010851382021
0851382020614860011
1275673012428222021
2428222021275673011
1275710012428245021
2428245021275710011
247110001247071502149813190214455298041247204505124729730611306988071
247071502498131902144552980412472045051247297306113069880712471100011
498131902445529804124720450512472973061130698807124711000112470715021
445529804247204505124729730611306988071247110001124707150214981319021
247204505247297306113069880712471100011247071502149813190214455298041
247297306130698807124711000112470715021498131902144552980412472045051
130698807247110001124707150214981319021445529804124720450512472973061
130696501247205102124707440212473010021445530602149813250212471117021
247205102247074402124730100214455306021498132502124711170211306965011
247074402247301002144553060214981325021247111702113069650112472051021
247301002445530602149813250212471117021130696501124720510212470744021
445530602498132502124711170211306965011247205102124707440212473010021
498132502247111702113069650112472051021247074402124730100214455306021
247111702130696501124720510212470744021247301002144553060214981325021
3543014013533441021354202603135434220413544137051
3533441023542026031354342204135441370513543014011
3542026033543422041354413705135430140113533441021
3543422043544137051354301401135334410213542026031
3544137053543014011353344102135420260313543422041
3543037013533458021354203203135434450413544166051
3533458023542032031354344504135441660513543037011
3542032033543445041354416605135430370113533458021
3543445043544166051354303701135334580213542032031
3544166053543037011353345802135420320313543445041
3533464013543451011354204901135441890113543066011
3543451013542049011354418901135430660113533464011
3542049013544189011354306601135334640113543451011
3544189013543066011353346401135434510113542049011
3543066013533464011354345101135420490113544189011
3539840013543468011354205501135442260113543089011
3543468013542055011354422601135430890113539840011
3542055013544226011354308901135398400113543468011
3544226013543089011353984001135434680113542055011
3543089013539840011354346801135420550113544226011
3904498014981549021390382003139032570313787354031390311603137813570313903211031
4981549023903820031390325703137873540313903116031378135703139032110313904498011
3903820033903257031378735403139031160313781357031390321103139044980114981549021
3903257033787354031390311603137813570313903211031390449801149815490213903820031
3787354033903116031378135703139032110313904498011498154902139038200313903257031
3903116033781357031390321103139044980114981549021390382003139032570313787354031
3781357033903211031390449801149815490213903820031390325703137873540313903116031
3903211033904498011498154902139038200313903257031378735403139031160313781357031
3903843013903286011390453501139031390113784692011378138601139032340114981561011
3903286013904535011390313901137846920113781386011390323401149815610113903843011
3904535013903139011378469201137813860113903234011498156101139038430113903286011
3903139013784692011378138601139032340114981561011390384301139032860113904535011
3784692013781386011390323401149815610113903843011390328601139045350113903139011
3781386013903234011498156101139038430113903286011390453501139031390113784692011
3903234014981561011390384301139032860113904535011390313901137846920113781386011
4981561013903843011390328601139045350113903139011378469201137813860113903234011
4968342014961216011
4961216014968342011
4464883012467400021
2467400024464883011
3769422011316426021
1316426023769422011
3769439011344405011
1344405013769439011
496646101421456002142124660313927080041392877704142101540413540234071
421456002421246603139270800413928777041421015404135402340714966461011
421246603392708004139287770414210154041354023407149664610114214560021
392708004392877704142101540413540234071496646101142145600214212466031
392877704421015404135402340714966461011421456002142124660313927080041
421015404354023407149664610114214560021421246603139270800413928777041
354023407496646101142145600214212466031392708004139287770414210154041
3769445011316449011
1316449013769445011
421017701392710502142145830213928808021421248902149664840213540211021
392710502421458302139288080214212489021496648402135402110214210177011
421458302392880802142124890214966484021354021102142101770113927105021
392880802421248902149664840213540211021421017701139271050214214583021
421248902496648402135402110214210177011392710502142145830213928808021
496648402354021102142101770113927105021421458302139288080214212489021
354021102421017701139271050214214583021392880802142124890214966484021
421020801392712802142146140213928820021421253202149665150213540180021
392712802421461402139288200214212532021496651502135401800214210208011
421461402392882002142125320214966515021354018002142102080113927128021
392882002421253202149665150213540180021421020801139271280214214614021
421253202496651502135401800214210208011392712802142146140213928820021
496651502354018002142102080113927128021421461402139288200214212532021
354018002421020801139271280214214614021392882002142125320214966515021
421021401392714002142146200213928837021421256102149665380213540174021
392714002421462002139288370214212561021496653802135401740214210214011
421462002392883702142125610214966538021354017402142102140113927140021
392883702421256102149665380213540174021421021401139271400214214620021
421256102496653802135401740214210214011392714002142146200213928837021
496653802354017402142102140113927140021421462002139288370214212561021
354017402421021401139271400214214620021392883702142125610214966538021
495585901495593101139145390313916567041
495593101391453903139165670414955859011
391453903391656704149558590114955931011
391656704495585901149559310113914539031
495586501391455101149559480113916596041
391455101495594801139165960414955865011
495594801391659604149558650113914551011
391659604495586501139145510114955948011
495587101391457401149559540113916610041
391457401495595401139166100414955871011
495595401391661004149558710113914574011
391661004495587101139145740114955954011
495588801391459701149559600113916633041
391459701495596001139166330414955888011
495596001391663304149558880113914597011
391663304495588801139145970114955960011
44717940112531400212420628031
12531400224206280314471794011
24206280344717940111253140021
49738570142015400113778585011497382801139004190513784077061378393607137832380813780725081353254208137815580811301703081
42015400137785850114973828011390041905137840770613783936071378323808137807250813532542081378155808113017030814973857011
37785850149738280113900419051378407706137839360713783238081378072508135325420813781558081130170308149738570114201540011
49738280139004190513784077061378393607137832380813780725081353254208137815580811301703081497385701142015400113778585011
39004190537840770613783936071378323808137807250813532542081378155808113017030814973857011420154001137785850114973828011
37840770637839360713783238081378072508135325420813781558081130170308149738570114201540011377858501149738280113900419051
37839360737832380813780725081353254208137815580811301703081497385701142015400113778585011497382801139004190513784077061
37832380837807250813532542081378155808113017030814973857011420154001137785850114973828011390041905137840770613783936071
37807250835325420813781558081130170308149738570114201540011377858501149738280113900419051378407706137839360713783238081
35325420837815580811301703081497385701142015400113778585011497382801139004190513784077061378393607137832380813780725081
37815580813017030814973857011420154001137785850114973828011390041905137840770613783936071378323808137807250813532542081
13017030849738570114201540011377858501149738280113900419051378407706137839360713783238081378072508135325420813781558081
6050157013785013021497247303142015630313778616031497243803139004540714221933081353256508137832501013780748101378086610137815641011301732101130172610137839591613784108161
3785013024972473031420156303137786160314972438031390045407142219330813532565081378325010137807481013780866101378156410113017321011301726101378395916137841081616050157011
4972473034201563031377861603149724380313900454071422193308135325650813783250101378074810137808661013781564101130173210113017261013783959161378410816160501570113785013021
4201563033778616031497243803139004540714221933081353256508137832501013780748101378086610137815641011301732101130172610137839591613784108161605015701137850130214972473031
3778616034972438031390045407142219330813532565081378325010137807481013780866101378156410113017321011301726101378395916137841081616050157011378501302149724730314201563031
4972438033900454071422193308135325650813783250101378074810137808661013781564101130173210113017261013783959161378410816160501570113785013021497247303142015630313778616031
3900454074221933081353256508137832501013780748101378086610137815641011301732101130172610137839591613784108161605015701137850130214972473031420156303137786160314972438031
4221933083532565081378325010137807481013780866101378156410113017321011301726101378395916137841081616050157011378501302149724730314201563031377861603149724380313900454071
3532565083783250101378074810137808661013781564101130173210113017261013783959161378410816160501570113785013021497247303142015630313778616031497243803139004540714221933081
3783250103780748101378086610137815641011301732101130172610137839591613784108161605015701137850130214972473031420156303137786160314972438031390045407142219330813532565081
3780748103780866101378156410113017321011301726101378395916137841081616050157011378501302149724730314201563031377861603149724380313900454071422193308135325650813783250101
3780866103781564101130173210113017261013783959161378410816160501570113785013021497247303142015630313778616031497243803139004540714221933081353256508137832501013780748101
3781564101301732101130172610137839591613784108161605015701137850130214972473031420156303137786160314972438031390045407142219330813532565081378325010137807481013780866101
1301732101301726101378395916137841081616050157011378501302149724730314201563031377861603149724380313900454071422193308135325650813783250101378074810137808661013781564101
1301726103783959161378410816160501570113785013021497247303142015630313778616031497243803139004540714221933081353256508137832501013780748101378086610137815641011301732101
3783959163784108161605015701137850130214972473031420156303137786160314972438031390045407142219330813532565081378325010137807481013780866101378156410113017321011301726101
3784108166050157011378501302149724730314201563031377861603149724380313900454071422193308135325650813783250101378074810137808661013781564101130173210113017261013783959161
60501860142015920213785042031497250404149724500413783273061378076006137808370614221962061353260206137815870613783971121377863912137841201213900336121
42015920237850420314972504041497245004137832730613780760061378083706142219620613532602061378158706137839711213778639121378412012139003361216050186011
37850420349725040414972450041378327306137807600613780837061422196206135326020613781587061378397112137786391213784120121390033612160501860114201592021
49725040449724500413783273061378076006137808370614221962061353260206137815870613783971121377863912137841201213900336121605018601142015920213785042031
49724500437832730613780760061378083706142219620613532602061378158706137839711213778639121378412012139003361216050186011420159202137850420314972504041
37832730637807600613780837061422196206135326020613781587061378397112137786391213784120121390033612160501860114201592021378504203149725040414972450041
37807600637808370614221962061353260206137815870613783971121377863912137841201213900336121605018601142015920213785042031497250404149724500413783273061
37808370642219620613532602061378158706137839711213778639121378412012139003361216050186011420159202137850420314972504041497245004137832730613780760061
42219620635326020613781587061378397112137786391213784120121390033612160501860114201592021378504203149725040414972450041378327306137807600613780837061
35326020637815870613783971121377863912137841201213900336121605018601142015920213785042031497250404149724500413783273061378076006137808370614221962061
37815870637839711213778639121378412012139003361216050186011420159202137850420314972504041497245004137832730613780760061378083706142219620613532602061
37839711237786391213784120121390033612160501860114201592021378504203149725040414972450041378327306137807600613780837061422196206135326020613781587061
37786391237841201213900336121605018601142015920213785042031497250404149724500413783273061378076006137808370614221962061353260206137815870613783971121
37841201239003361216050186011420159202137850420314972504041497245004137832730613780760061378083706142219620613532602061378158706137839711213778639121
39003361260501860114201592021378504203149725040414972450041378327306137807600613780837061422196206135326020613781587061378397112137786391213784120121
6050200014201617021378506503137807830413780814041422198504135326250413781593041378399409137786510913784143091
4201617023785065031378078304137808140414221985041353262504137815930413783994091377865109137841430916050200011
3785065033780783041378081404142219850413532625041378159304137839940913778651091378414309160502000114201617021
3780783043780814041422198504135326250413781593041378399409137786510913784143091605020001142016170213785065031
3780814044221985041353262504137815930413783994091377865109137841430916050200011420161702137850650313780783041
4221985043532625041378159304137839940913778651091378414309160502000114201617021378506503137807830413780814041
3532625043781593041378399409137786510913784143091605020001142016170213785065031378078304137808140414221985041
3781593043783994091377865109137841430916050200011420161702137850650313780783041378081404142219850413532625041
3783994093778651091378414309160502000114201617021378506503137807830413780814041422198504135326250413781593041
3778651093784143091605020001142016170213785065031378078304137808140414221985041353262504137815930413783994091
3784143096050200011420161702137850650313780783041378081404142219850413532625041378159304137839940913778651091
605022301422201602135326480213781601041
422201602353264802137816010416050223011
353264802378160104160502230114222016021
378160104605022301142220160213532648021
353680101375697401135434800313540642031351924003139264710613776770071353317408135235080912427435101
375697401354348003135406420313519240031392647106137767700713533174081352350809124274351013536801011
354348003354064203135192400313926471061377677007135331740813523508091242743510135368010113756974011
354064203351924003139264710613776770071353317408135235080912427435101353680101137569740113543480031
351924003392647106137767700713533174081352350809124274351013536801011375697401135434800313540642031
392647106377677007135331740813523508091242743510135368010113756974011354348003135406420313519240031
377677007353317408135235080912427435101353680101137569740113543480031354064203135192400313926471061
353317408352350809124274351013536801011375697401135434800313540642031351924003139264710613776770071
352350809242743510135368010113756974011354348003135406420313519240031392647106137767700713533174081
242743510353680101137569740113543480031354064203135192400313926471061377677007135331740813523508091
498741101446513802142122420314220632041
446513802421224203142206320414987411011
421224203422063204149874110114465138021
422063204498741101144651380214212242031
352352001354066501139265250113536824041376854604135435050413533197041377679304135192630411346953041
354066501392652501135368240413768546041354350504135331970413776793041351926304113469530413523520011
392652501353682404137685460413543505041353319704137767930413519263041134695304135235200113540665011
353682404376854604135435050413533197041377679304135192630411346953041352352001135406650113926525011
376854604354350504135331970413776793041351926304113469530413523520011354066501139265250113536824041
354350504353319704137767930413519263041134695304135235200113540665011392652501135368240413768546041
353319704377679304135192630411346953041352352001135406650113926525011353682404137685460413543505041
377679304351926304113469530413523520011354066501139265250113536824041376854604135435050413533197041
351926304134695304135235200113540665011392652501135368240413768546041354350504135331970413776793041
134695304352352001135406650113926525011353682404137685460413543505041353319704137767930413519263041
42206550149874340214465150031
49874340244651500314220655011
44651500342206550114987434021
35235660135406940113926554011353685304137685750413533228041377682404135192920411300282041
35406940139265540113536853041376857504135332280413776824041351929204113002820413523566011
39265540135368530413768575041353322804137768240413519292041130028204135235660113540694011
35368530437685750413533228041377682404135192920411300282041352356601135406940113926554011
37685750435332280413776824041351929204113002820413523566011354069401139265540113536853041
35332280437768240413519292041130028204135235660113540694011392655401135368530413768575041
37768240435192920411300282041352356601135406940113926554011353685304137685750413533228041
35192920413002820413523566011354069401139265540113536853041376857504135332280413776824041
13002820435235660113540694011392655401135368530413768575041353322804137768240413519292041
35235890135407190113926577011353688204137685980413533240041377684704135193000412427441041
35407190139265770113536882041376859804135332400413776847041351930004124274410413523589011
39265770135368820413768598041353324004137768470413519300041242744104135235890113540719011
35368820437685980413533240041377684704135193000412427441041352358901135407190113926577011
37685980435332400413776847041351930004124274410413523589011354071901139265770113536882041
35332400437768470413519300041242744104135235890113540719011392657701135368820413768598041
37768470435193000412427441041352358901135407190113926577011353688204137685980413533240041
35193000424274410413523589011354071901139265770113536882041376859804135332400413776847041
24274410435235890113540719011392657701135368820413768598041353324004137768470413519300041
4465227014220715021498750002142123250213521283051
4220715024987500021421232502135212830514465227011
4987500024212325021352128305144652270114220715021
4212325023521283051446522701142207150214987500021
3521283054465227011422071502149875000214212325021
4973946011346315021
1346315024973946011
4973981011346338021
1346338024973981011
35168910135159630113527647031
35159630135276470313516891011
35276470335168910113515963011
35378700135019780113523098031351515304135056570513503753061247533906113167220813527676081
35019780135230980313515153041350565705135037530612475339061131672208135276760813537870011
35230980335151530413505657051350375306124753390611316722081352767608135378700113501978011
35151530435056570513503753061247533906113167220813527676081353787001135019780113523098031
35056570535037530612475339061131672208135276760813537870011350197801135230980313515153041
35037530624753390611316722081352767608135378700113501978011352309803135151530413505657051
24753390613167220813527676081353787001135019780113523098031351515304135056570513503753061
13167220835276760813537870011350197801135230980313515153041350565705135037530612475339061
35276760835378700113501978011352309803135151530413505657051350375306124753390611316722081
1615206013537893011350198401135151760113503776011350568601124753450113527707011
3537893013501984011351517601135037760113505686011247534501135277070111615206011
3501984013515176011350377601135056860112475345011352770701116152060113537893011
3515176013503776011350568601124753450113527707011161520601135378930113501984011
3503776013505686011247534501135277070111615206011353789301135019840113515176011
3505686012475345011352770701116152060113537893011350198401135151760113503776011
2475345013527707011161520601135378930113501984011351517601135037760113505686011
3527707011615206011353789301135019840113515176011350377601135056860112475345011
161521201353791801135019900113515182011350378201135057000112475351011
353791801350199001135151820113503782011350570001124753510111615212011
350199001351518201135037820113505700011247535101116152120113537918011
351518201350378201135057000112475351011161521201135379180113501990011
350378201350570001124753510111615212011353791801135019900113515182011
350570001247535101116152120113537918011350199001135151820113503782011
247535101161521201135379180113501990011351518201135037820113505700011
161522901353793001135020090113515199011350379901135057230112475368011
353793001350200901135151990113503799011350572301124753680111615229011
350200901351519901135037990113505723011247536801116152290113537930011
351519901350379901135057230112475368011161522901135379300113502009011
350379901350572301124753680111615229011353793001135020090113515199011
350572301247536801116152290113537930011350200901135151990113503799011
247536801161522901135379300113502009011351519901135037990113505723011
2437304011252229021
1252229022437304011
2437327011252241021
1252241022437327011
5540043011338592021
1338592025540043011
1325916010722325021
0722325021325916011
3541185015523205021247118103135346820412468658051
5523205022471181031353468204124686580513541185011
2471181033534682041246865805135411850115523205021
3534682042468658051354118501155232050212471181031
2468658053541185011552320502124711810313534682041
35411910155232340215523211021245887804124711980513507946061351223207124686640812462213081
55232340255232110212458878041247119805135079460613512232071246866408124622130813541191011
55232110224588780412471198051350794606135122320712468664081246221308135411910115523234021
24588780424711980513507946061351223207124686640812462213081354119101155232340215523211021
24711980535079460613512232071246866408124622130813541191011552323402155232110212458878041
35079460635122320712468664081246221308135411910115523234021552321102124588780412471198051
35122320724686640812462213081354119101155232340215523211021245887804124711980513507946061
24686640824622130813541191011552323402155232110212458878041247119805135079460613512232071
24622130835411910115523234021552321102124588780412471198051350794606135122320712468664081
354121601552324002155232280213507952041351224905124686700612462236061
552324002552322802135079520413512249051246867006124622360613541216011
552322802350795204135122490512468670061246223606135412160115523240021
350795204351224905124686700612462236061354121601155232400215523228021
351224905246867006124622360613541216011552324002155232280213507952041
246867006246223606135412160115523240021552322802135079520413512249051
246223606354121601155232400215523228021350795204135122490512468670061
4960292013531382021
3531382024960292011
35416180155298340214960317031496051803142007820511346108061353140706135253350613776735061
55298340249603170314960518031420078205113461080613531407061352533506137767350613541618011
49603170349605180314200782051134610806135314070613525335061377673506135416180115529834021
49605180342007820511346108061353140706135253350613776735061354161801155298340214960317031
42007820513461080613531407061352533506137767350613541618011552983402149603170314960518031
13461080635314070613525335061377673506135416180115529834021496031703149605180314200782051
35314070635253350613776735061354161801155298340214960317031496051803142007820511346108061
35253350637767350613541618011552983402149603170314960518031420078205113461080613531407061
37767350635416180115529834021496031703149605180314200782051134610806135314070613525335061
35416240155298050214960346031496053003113461200513531436051420080705135253580513776758051
55298050249603460314960530031134612005135314360514200807051352535805137767580513541624011
49603460349605300311346120051353143605142008070513525358051377675805135416240115529805021
49605300313461200513531436051420080705135253580513776758051354162401155298050214960346031
13461200535314360514200807051352535805137767580513541624011552980502149603460314960530031
35314360542008070513525358051377675805135416240115529805021496034603149605300311346120051
42008070535253580513776758051354162401155298050214960346031496053003113461200513531436051
35253580537767580513541624011552980502149603460314960530031134612005135314360514200807051
37767580535416240115529805021496034603149605300311346120051353143605142008070513525358051
49605530149603690213905983031
49603690239059830314960553011
39059830349605530114960369021
6057099015167377021
5167377026057099011
6057113015075296021
5075296026057113011
4951175013786159021
3786159024951175011
49511810124378990213786165031
24378990237861650314951181011
37861650349511810112437899021
49511980124379070213786171031
24379070237861710314951198011
37861710349511980112437907021
49512060135339780213786188031
35339780237861880314951206011
37861880349512060113533978021
4961073011331578021
1331578024961073011
4961860014951413021
4951413024961860011
4961883014951442021
4951442024961883011
4961914014951465021
4951465024961914011
4961937014951488021
4951488024961937011
4961966014951502021
4951502024961966011
4961972014951525021
4951525024961972011
3788537013788879011421451903139080360413902861041392976504137877910713785148081378543809139030560911312894111
3788879014214519031390803604139028610413929765041378779107137851480813785438091390305609113128941113788537011
4214519033908036041390286104139297650413787791071378514808137854380913903056091131289411137885370113788879011
3908036043902861041392976504137877910713785148081378543809139030560911312894111378853701137888790114214519031
3902861043929765041378779107137851480813785438091390305609113128941113788537011378887901142145190313908036041
3929765043787791071378514808137854380913903056091131289411137885370113788879011421451903139080360413902861041
3787791073785148081378543809139030560911312894111378853701137888790114214519031390803604139028610413929765041
3785148083785438091390305609113128941113788537011378887901142145190313908036041390286104139297650413787791071
3785438093903056091131289411137885370113788879011421451903139080360413902861041392976504137877910713785148081
3903056091312894111378853701137888790114214519031390803604139028610413929765041378779107137851480813785438091
1312894113788537011378887901142145190313908036041390286104139297650413787791071378514808137854380913903056091
3788543013788827011421452503139080420413902890041392977104137878160713785160081131290209137854440913903079091
3788827014214525031390804204139028900413929771041378781607137851600811312902091378544409139030790913788543011
4214525033908042041390289004139297710413787816071378516008113129020913785444091390307909137885430113788827011
3908042043902890041392977104137878160713785160081131290209137854440913903079091378854301137888270114214525031
3902890043929771041378781607137851600811312902091378544409139030790913788543011378882701142145250313908042041
3929771043787816071378516008113129020913785444091390307909137885430113788827011421452503139080420413902890041
3787816073785160081131290209137854440913903079091378854301137888270114214525031390804204139028900413929771041
3785160081312902091378544409139030790913788543011378882701142145250313908042041390289004139297710413787816071
1312902093785444091390307909137885430113788827011421452503139080420413902890041392977104137878160713785160081
3785444093903079091378854301137888270114214525031390804204139028900413929771041378781607137851600811312902091
3903079093788543011378882701142145250313908042041390289004139297710413787816071378516008113129020913785444091
390880001391277602139050030311320089041
391277602390500303113200890413908800011
390500303132008904139088000113912776021
132008904390880001139127760213905003031
390882301391278202139050260311320095041
391278202390502603113200950413908823011
390502603132009504139088230113912782021
132009504390882301139127820213905026031
390885201391279902139050320311320103041
391279902390503203113201030413908852011
390503203132010304139088520113912799021
132010304390885201139127990213905032031
3786478014210869021391948803124638330413908131051
4210869023919488031246383304139081310513786478011
3919488032463833041390813105137864780114210869021
2463833043908131051378647801142108690213919488031
3908131053786478011421086902139194880312463833041
3786490014210875021390814803139194940412463856051
4210875023908148031391949404124638560513786490011
3908148033919494041246385605137864900114210875021
3919494042463856051378649001142108750213908148031
2463856053786490011421087502139081480313919494041
3786515014210881021391950203124638620413908154051
4210881023919502031246386204139081540513786515011
3919502032463862041390815405137865150114210881021
2463862043908154051378651501142108810213919502031
3908154053786515011421088102139195020312463862041
42006870155222810213914195031393076804139319400513930142061352393907139215160713921723071
55222810239141950313930768041393194005139301420613523939071392151607139217230714200687011
39141950339307680413931940051393014206135239390713921516071392172307142006870115522281021
39307680439319400513930142061352393907139215160713921723071420068701155222810213914195031
39319400539301420613523939071392151607139217230714200687011552228102139141950313930768041
39301420635239390713921516071392172307142006870115522281021391419503139307680413931940051
35239390739215160713921723071420068701155222810213914195031393076804139319400513930142061
39215160739217230714200687011552228102139141950313930768041393194005139301420613523939071
39217230742006870115522281021391419503139307680413931940051393014206135239390713921516071
4450326013525708021
3525708024450326011
3774067013905138011
3905138013774067011
3774110013905150021
3905150023774110011
24336600155250030110065525031
55250030100655250312433660011
00655250324336600115525003011
243368301552503201135328840111252620041
552503201353288401112526200412433683011
353288401125262004124336830115525032011
125262004243368301155250320113532884011
55250550135329090113504480031
35329090135044800315525055011
35044800355250550113532909011
391550401130253602139006320213917087041
130253602390063202139170870413915504011
390063202391708704139155040111302536021
391708704391550401113025360213900632021
39203100139172940113906238011390024704139061550513908496061390931407124231300813916521091
39172940139062380113900247041390615505139084960613909314071242313008139165210913920310011
39062380139002470413906155051390849606139093140712423130081391652109139203100113917294011
39002470439061550513908496061390931407124231300813916521091392031001139172940113906238011
39061550539084960613909314071242313008139165210913920310011391729401139062380113900247041
39084960639093140712423130081391652109139203100113917294011390623801139002470413906155051
39093140724231300813916521091392031001139172940113906238011390024704139061550513908496061
24231300839165210913920310011391729401139062380113900247041390615505139084960613909314071
39165210939203100113917294011390623801139002470413906155051390849606139093140712423130081
132942301391679702139203270213906244021391727105139002760513906178071390850408139093200913916538101
391679702392032702139062440213917271051390027605139061780713908504081390932009139165381011329423011
392032702390624402139172710513900276051390617807139085040813909320091391653810113294230113916797021
390624402391727105139002760513906178071390850408139093200913916538101132942301139167970213920327021
391727105390027605139061780713908504081390932009139165381011329423011391679702139203270213906244021
390027605390617807139085040813909320091391653810113294230113916797021392032702139062440213917271051
390617807390850408139093200913916538101132942301139167970213920327021390624402139172710513900276051
390850408390932009139165381011329423011391679702139203270213906244021391727105139002760513906178071
390932009391653810113294230113916797021392032702139062440213917271051390027605139061780713908504081
391653810132942301139167970213920327021390624402139172710513900276051390617807139085040813909320091
391680501392033301139172590113900224011390612605113294460613908473071390930807139062670913916544101
392033301391725901139002240113906126051132944606139084730713909308071390626709139165441013916805011
391725901390022401139061260511329446061390847307139093080713906267091391654410139168050113920333011
390022401390612605113294460613908473071390930807139062670913916544101391680501139203330113917259011
390612605132944606139084730713909308071390626709139165441013916805011392033301139172590113900224011
132944606390847307139093080713906267091391654410139168050113920333011391725901139002240113906126051
390847307390930807139062670913916544101391680501139203330113917259011390022401139061260511329446061
390930807390626709139165441013916805011392033301139172590113900224011390612605113294460613908473071
390626709391654410139168050113920333011391725901139002240113906126051132944606139084730713909308071
391654410391680501139203330113917259011390022401139061260511329446061390847307139093080713906267091
0455663012442624021
2442624020455663011
420617001420857102135446920314218374031
420857102354469203142183740314206170011
354469203421837403142061700114208571021
421837403420617001142085710213544692031
605692901553679702160551430316057314031605702405160615280613759754071
553679702605514303160573140316057024051606152806137597540716056929011
605514303605731403160570240516061528061375975407160569290115536797021
605731403605702405160615280613759754071605692901155367970216055143031
605702405606152806137597540716056929011553679702160551430316057314031
606152806375975407160569290115536797021605514303160573140316057024051
375975407605692901155367970216055143031605731403160570240516061528061
605694101553681102160551720316057337031605704705160615400613759777071
553681102605517203160573370316057047051606154006137597770716056941011
605517203605733703160570470516061540061375977707160569410115536811021
605733703605704705160615400613759777071605694101155368110216055172031
605704705606154006137597770716056941011553681102160551720316057337031
606154006375977707160569410115536811021605517203160573370316057047051
375977707605694101155368110216055172031605733703160570470516061540061
605696401553683402160551950316057366031605707605160615630613929618071
553683402605519503160573660316057076051606156306139296180716056964011
605519503605736603160570760516061563061392961807160569640115536834021
605736603605707605160615630613929618071605696401155368340216055195031
605707605606156306139296180716056964011553683402160551950316057366031
606156306392961807160569640115536834021605519503160573660316057076051
392961807605696401155368340216055195031605736603160570760516061563061
4964829013756810021
3756810024964829011
55293660155109700214473095031
55109700244730950315529366011
44730950355293660115510970021
5508890014990896021550858803155083580415507175051550782106155064540715507169081550505808155084991015510527111
4990896025508588031550835804155071750515507821061550645407155071690815505058081550849910155105271115508890011
5508588035508358041550717505155078210615506454071550716908155050580815508499101551052711155088900114990896021
5508358045507175051550782106155064540715507169081550505808155084991015510527111550889001149908960215508588031
5507175055507821061550645407155071690815505058081550849910155105271115508890011499089602155085880315508358041
5507821065506454071550716908155050580815508499101551052711155088900114990896021550858803155083580415507175051
5506454075507169081550505808155084991015510527111550889001149908960215508588031550835804155071750515507821061
5507169085505058081550849910155105271115508890011499089602155085880315508358041550717505155078210615506454071
5505058085508499101551052711155088900114990896021550858803155083580415507175051550782106155064540715507169081
5508499105510527111550889001149908960215508588031550835804155071750515507821061550645407155071690815505058081
5510527115508890011499089602155085880315508358041550717505155078210615506454071550716908155050580815508499101
55078380155064600215508507021
55064600255085070215507838011
55085070255078380115506460021
4976235013542279021
3542279024976235011
4976241013542285021
3542285024976241011
5528036015533037021606480502155255520215527858021552621502155258940213529907081
5533037026064805021552555202155278580215526215021552589402135299070815528036011
6064805025525552021552785802155262150215525894021352990708155280360115533037021
5525552025527858021552621502155258940213529907081552803601155330370216064805021
5527858025526215021552589402135299070815528036011553303702160648050215525552021
5526215025525894021352990708155280360115533037021606480502155255520215527858021
5525894023529907081552803601155330370216064805021552555202155278580215526215021
3529907085528036011553303702160648050215525552021552785802155262150215525894021
6062858015518569011552175501155409360415513170041605148704139257150715521471081
5518569015521755011554093604155131700416051487041392571507155214710816062858011
5521755015540936041551317004160514870413925715071552147108160628580115518569011
5540936045513170041605148704139257150715521471081606285801155185690115521755011
5513170046051487041392571507155214710816062858011551856901155217550115540936041
6051487043925715071552147108160628580115518569011552175501155409360415513170041
3925715075521471081606285801155185690115521755011554093604155131700416051487041
5521471086062858011551856901155217550115540936041551317004160514870413925715071
445838001447930101142276570114465351011446028201144556830614451573071
447930101422765701144653510114460282011445568306144515730714458380011
422765701446535101144602820114455683061445157307144583800114479301011
446535101446028201144556830614451573071445838001144793010114227657011
446028201445568306144515730714458380011447930101142276570114465351011
445568306445157307144583800114479301011422765701144653510114460282011
445157307445838001144793010114227657011446535101144602820114455683061
445840501447891601142276860114459155011446030701144557080612450606071
447891601422768601144591550114460307011445570806124506060714458405011
422768601445915501144603070114455708061245060607144584050114478916011
445915501446030701144557080612450606071445840501144789160114227686011
446030701445570806124506060714458405011447891601142276860114459155011
445570806245060607144584050114478916011422768601144591550114460307011
245060607445840501144789160114227686011445915501144603070114455708061
553325001499120002155774770314993564041
499120002557747703149935640415533250011
557747703499356404155332500114991200021
499356404553325001149912000215577477031
553326701557764902149912170314993535041
557764902499121703149935350415533267011
499121703499353504155332670115577649021
499353504553326701155776490214991217031
553327301557765502149912230314993558041
557765502499122303149935580415533273011
499122303499355804155332730115577655021
499355804553327301155776550214991223031
35440770149571080114956238011
49571080149562380113544077011
49562380135440770114957108011
35440830149571140114956244011
49571140149562440113544083011
49562440135440830114957114011
6053807015536863011
5536863016053807011
6053813015536886011
5536886016053813011
6053836015536892011
5536892016053836011
6053842015536900011
5536900016053842011
6052794014985524011
4985524016052794011
244720201352931001135226440113788253011352272705124351910511287481071
352931001352264401137882530113522727051243519105112874810712447202011
352264401378825301135227270512435191051128748107124472020113529310011
378825301352272705124351910511287481071244720201135293100113522644011
352272705243519105112874810712447202011352931001135226440113788253011
243519105128748107124472020113529310011352264401137882530113522727051
128748107244720201135293100113522644011378825301135227270512435191051
35293270135226500113788276011352275604124352160411287498041
35226500137882760113522756041243521604112874980413529327011
37882760135227560412435216041128749804135293270113522650011
35227560424352160411287498041352932701135226500113788276011
24352160412874980413529327011352265001137882760113522756041
12874980435293270113522650011378827601135227560412435216041
5537733013788282021246263803124601770311330917031
3788282022462638031246017703113309170315537733011
2462638032460177031133091703155377330113788282021
2460177031330917031553773301137882820212462638031
1330917035537733011378828202124626380312460177031
553775601246018302137882990211330923021
246018302378829902113309230215537756011
378829902133092302155377560112460183021
133092302553775601124601830213788299021
42284440149793400114221695031447874404142132180514214956061
49793400142216950314478744041421321805142149560614228444011
42216950344787440414213218051421495606142284440114979340011
44787440442132180514214956061422844401149793400114221695031
42132180542149560614228444011497934001142216950314478744041
42149560642284440114979340011422169503144787440414213218051
42239900142132760114215016011447879601142217550114979392011
42132760142150160114478796011422175501149793920114223990011
42150160144787960114221755011497939201142239900114213276011
44787960142217550114979392011422399001142132760114215016011
42217550149793920114223990011421327601142150160114478796011
49793920142239900114213276011421501601144787960114221755011
42240380142133130114215051011447883301142217900114979446011
42133130142150510114478833011422179001149794460114224038011
42150510144788330114221790011497944601142240380114213313011
44788330142217900114979446011422403801142133130114215051011
42217900149794460114224038011421331301142150510114478833011
49794460142240380114213313011421505101144788330114221790011
42240730142133650114215111011447888501142218380114979481011
42133650142151110114478885011422183801149794810114224073011
42151110144788850114221838011497948101142240730114213365011
44788850142218380114979481011422407301142133650114215111011
42218380149794810114224073011421336501142151110114478885011
49794810142240730114213365011421511101144788850114221838011
1297367014475065011
4475065011297367011
1320706014475071011
4475071011320706011
6060983015543538021606311902160592530415505555041550481106155020190715506069081605174809155006410914993989111
5543538026063119021605925304155055550415504811061550201907155060690816051748091550064109149939891116060983011
6063119026059253041550555504155048110615502019071550606908160517480915500641091499398911160609830115543538021
6059253045505555041550481106155020190715506069081605174809155006410914993989111606098301155435380216063119021
5505555045504811061550201907155060690816051748091550064109149939891116060983011554353802160631190216059253041
5504811065502019071550606908160517480915500641091499398911160609830115543538021606311902160592530415505555041
5502019075506069081605174809155006410914993989111606098301155435380216063119021605925304155055550415504811061
5506069086051748091550064109149939891116060983011554353802160631190216059253041550555504155048110615502019071
6051748095500641091499398911160609830115543538021606311902160592530415505555041550481106155020190715506069081
5500641094993989111606098301155435380216063119021605925304155055550415504811061550201907155060690816051748091
4993989116060983011554353802160631190216059253041550555504155048110615502019071550606908160517480915500641091
5534404015528533021552042503160541780315540497051
5528533025520425031605417803155404970515534404011
5520425036054178031554049705155344040115528533021
6054178035540497051553440401155285330215520425031
5540497055534404011552853302155204250316054178031
49900860149674890114969040031445463703144626830514956712051
49674890149690400314454637031446268305149567120514990086011
49690400344546370314462683051495671205149900860114967489011
44546370344626830514956712051499008601149674890114969040031
44626830549567120514990086011496748901149690400314454637031
49567120549900860114967489011496904003144546370314462683051
44668180144588650114965591011
44588650149655910114466818011
49655910144668180114458865011
6063131014968661021446357602144689700414460483051
4968661024463576021446897004144604830516063131011
4463576024468970041446048305160631310114968661021
4468970044460483051606313101149686610214463576021
4460483056063131011496866102144635760214468970041
4957373014981986021
4981986024957373011
4217541014472210021
4472210024217541011
55336170149676380214969212021
49676380249692120215533617011
49692120255336170114967638021
13109030112590590110678966031
12590590106789660311310903011
06789660313109030111259059011
1254671010659029021
0659029021254671011
5542390015539815021421159602144500710214225919051
5539815024211596021445007102142259190515542390011
4211596024450071021422591905155423900115539815021
4450071024225919051554239001155398150214211596021
4225919055542390011553981502142115960214450071021
5542438015539838021421160402144500940214225925051
5539838024211604021445009402142259250515542438011
4211604024450094021422592505155424380115539838021
4450094024225925051554243801155398380214211604021
4225925055542438011553983802142116040214450094021
5542473015539850021421161002144501190214225931051
5539850024211610021445011902142259310515542473011
4211610024450119021422593105155424730115539850021
4450119024225931051554247301155398500214211610021
4225931055542473011553985002142116100214450119021
5542415015539821021
5539821025542415011
5542450015539844021
5539844025542450011
5542504015539867021
5539867025542504011
55425270155398730214450131021
55398730244501310215542527011
44501310255425270115539873021
49746380149558420214952080031
49558420249520800314974638011
49520800349746380114955842021
6052682013776936021
3776936026052682011
5519327014203094021
4203094025519327011
5519333014203102021
4203102025519333011
55238950149763180214961305031
49763180249613050315523895011
49613050355238950114976318021
55239030149763240214961311031
49763240249613110315523903011
49613110355239030114976324021
55239260149763300214961328031
49763300249613280315523926011
49613280355239260114976330021
55239320149763470214961334031
49763470249613340315523932011
49613340355239320114976347021
3519317014481686021
4481686023519317011
3519323014481692021
4481692023519323011
3519346014481717021
4481717023519346011
5519267014353540021
4353540025519267011
4977022014981779021
4981779024977022011
4977045014981791021
4981791024977045011
49639880149777430113757620031
49777430137576200314963988011
37576200349639880114977743011
0003582010045416021
0045416020003582011
4464127012456514021
2456514024464127011
4464133012456520021
2456520024464133011
55325810144666810210122281021
44666810201222810215532581011
01222810255325810114466681021
5529550015529604011
5529604015529550011
0614854010851376021
0851376020614854011
498460201498155501139274300314211099031445829103139285470313927298031392726903142041420313918810031
498155501392743003142110990314458291031392854703139272980313927269031420414203139188100314984602011
392743003421109903144582910313928547031392729803139272690314204142031391881003149846020114981555011
421109903445829103139285470313927298031392726903142041420313918810031498460201149815550113927430031
445829103392854703139272980313927269031420414203139188100314984602011498155501139274300314211099031
392854703392729803139272690314204142031391881003149846020114981555011392743003142110990314458291031
392729803392726903142041420313918810031498460201149815550113927430031421109903144582910313928547031
392726903420414203139188100314984602011498155501139274300314211099031445829103139285470313927298031
420414203391881003149846020114981555011392743003142110990314458291031392854703139272980313927269031
391881003498460201149815550113927430031421109903144582910313928547031392729803139272690314204142031
392744701421111301144583160114984625011392857601139273060113927275011420415901149815780113918827011
421111301445831601149846250113928576011392730601139272750114204159011498157801139188270113927447011
445831601498462501139285760113927306011392727501142041590114981578011391882701139274470114211113011
498462501392857601139273060113927275011420415901149815780113918827011392744701142111130114458316011
392857601392730601139272750114204159011498157801139188270113927447011421111301144583160114984625011
392730601392727501142041590114981578011391882701139274470114211113011445831601149846250113928576011
392727501420415901149815780113918827011392744701142111130114458316011498462501139285760113927306011
420415901498157801139188270113927447011421111301144583160114984625011392857601139273060113927275011
498157801391882701139274470114211113011445831601149846250113928576011392730601139272750114204159011
391882701392744701142111130114458316011498462501139285760113927306011392727501142041590114981578011
3914321013915243021377909903137801740313520697051
3915243023779099031378017403135206970513914321011
3779099033780174031352069705139143210113915243021
3780174033520697051391432101139152430213779099031
3520697053914321011391524302137790990313780174031
3780180013915266021377910702135206800413914338041
3915266023779107021352068004139143380413780180011
3779107023520680041391433804137801800113915266021
3520680043914338041378018001139152660213779107021
3914338043780180011391526602137791070213520680041
35235370135406710113926531011353683004137685520413533205041377680104135192860411300371041
35406710139265310113536830041376855204135332050413776801041351928604113003710413523537011
39265310135368300413768552041353320504137768010413519286041130037104135235370113540671011
35368300437685520413533205041377680104135192860411300371041352353701135406710113926531011
37685520435332050413776801041351928604113003710413523537011354067101139265310113536830041
35332050437768010413519286041130037104135235370113540671011392653101135368300413768552041
37768010435192860411300371041352353701135406710113926531011353683004137685520413533205041
35192860413003710413523537011354067101139265310113536830041376855204135332050413776801041
13003710435235370113540671011392653101135368300413768552041353320504137768010413519286041
4458411014227692011
4227692014458411011
422369401422170302142149620314213224041
422170302421496203142132240414223694011
421496203421322404142236940114221703021
421322404422369401142217030214214962031
42237190149793630214221732031447876704142132470514214985061
49793630242217320314478767041421324705142149850614223719011
42217320344787670414213247051421498506142237190114979363021
44787670442132470514214985061422371901149793630214221732031
42132470542149850614223719011497936302142217320314478767041
42149850642237190114979363021422173203144787670414213247051
42237540142132990114221778011421503904144788100414979417041
42132990142217780114215039041447881004149794170414223754011
42217780142150390414478810041497941704142237540114213299011
42150390444788100414979417041422375401142132990114221778011
44788100449794170414223754011421329901142217780114215039041
49794170442237540114213299011422177801142150390414478810041
42133420142218150114224044031421507403144788620314979469031
42218150142240440314215074031447886203149794690314213342011
42240440342150740314478862031497946903142133420114221815011
42150740344788620314979469031421334201142218150114224044031
44788620349794690314213342011422181501142240440314215074031
49794690342133420114221815011422404403142150740314478862031
24204560124438590111281219011
24438590112812190112420456011
12812190124204560112443859011
5519250014353534021
4353534025519250011
3910518013539567021
3539567023910518011
3910530013756715011353980503124753800311339143031
3756715013539805031247538003113391430313910530011
3539805032475380031133914303139105300113756715011
2475380031339143031391053001137567150113539805031
1339143033910530011375671501135398050312475380031
3910553013756738011353982803124753970311339172031
3756738013539828031247539703113391720313910553011
3539828032475397031133917203139105530113756738011
2475397031339172031391055301137567380113539828031
1339172033910553011375673801135398280312475397031
4465173014220678021421227102149874570413523632051
4220678024212271021498745704135236320514465173011
4212271024987457041352363205144651730114220678021
4987457043523632051446517301142206780214212271021
3523632054465173011422067802142122710214987457041
4465204014220690021498748602142123020213521308051
4220690024987486021421230202135213080514465204011
4987486024212302021352130805144652040114220690021
4212302023521308051446520401142206900214987486021
3521308054465204011422069002149874860214212302021
4458397014227663011
4227663014458397011
13333990113137410212438746021127645404112515080410031130061
13137410224387460211276454041125150804100311300611333399011
24387460212764540411251508041003113006113333990111313741021
12764540412515080410031130061133339901113137410212438746021
12515080400311300611333399011131374102124387460211276454041
00311300613333990111313741021243874602112764540411251508041
243852201125128201112939780110508282011
125128201129397801105082820112438522011
129397801050828201124385220111251282011
050828201243852201112512820111293978011
2420060011240657021
1240657022420060011
061496601242008302137638910310792550031109936005112634920611023440071
242008302376389103107925500311099360051126349206110234400710614966011
376389103079255003110993600511263492061102344007106149660112420083021
079255003109936005112634920611023440071061496601124200830213763891031
109936005126349206110234400710614966011242008302137638910310792550031
126349206102344007106149660112420083021376389103107925500311099360051
102344007061496601124200830213763891031079255003110993600511263492061
1254659010632378021
0632378021254659011
1224150011294446021
1294446021224150011
5517050010593773021
0593773025517050011
5517073010593804021
0593804025517073011
24548110124327550111290158031
24327550112901580312454811011
12901580324548110112432755011
1281567013508124021
3508124021281567011
0202324013508153021
3508153020202324011
1281596013508182021
3508182021281596011
1281610013508213021
3508213021281610011
1342659010637743021
0637743021342659011
5540712011253499021
1253499025540712011
4965881012473211021
2473211024965881011
2463796011297077021
1297077022463796011
1279292013515986021
3515986021279292011
1342671011310731021130771702124386860210715489021
1310731021307717021243868602107154890211342671011
1307717022438686021071548902113426710111310731021
2438686020715489021134267101113107310211307717021
0715489021342671011131073102113077170212438686021
3771703011342464011
1342464013771703011
1351322011254843021
1254843021351322011
4200121013761107011
3761107014200121011
24587660144750420211323567031
44750420213235670312458766011
13235670324587660114475042021
2463773011275549021
1275549022463773011
1279300013515992021
3515992021279300011
4482071014467999021
4467999024482071011
3761113014200138021
4200138023761113011
4467829014209381021
4209381024467829011
1286352012448360021
2448360021286352011
1286375012448377021
2448377021286375011
1349621011254866021
1254866021349621011
24587720144750590211323573031
44750590213235730312458772011
13235730324587720114475059021
1286429011286398011
1286398011286429011
1289528011307723011243869201113151310111342688011
1307723012438692011131513101113426880111289528011
2438692011315131011134268801112895280111307723011
1315131011342688011128952801113077230112438692011
1342688011289528011130772301124386920111315131011
4203409013762118021
3762118024203409011
2466240011287073021
1287073022466240011
5515849014967791021
4967791025515849011
1286435011286406011
1286406011286435011
1314491012465430021
2465430021314491011
5510579010039841021
0039841025510579011
1342694011329943021
1329943021342694011
4467835011310659021
1310659024467835011
421924401495129302139073960313781392031
495129302390739603137813920314219244011
390739603378139203142192440114951293021
378139203421924401149512930213907396031
4203415013762124021
3762124024203415011
1286441011286412011
1286412011286441011
1276230013773748021
3773748021276230011
4457050012458588021
2458588024457050011
5514152011341602021
1341602025514152011
4201480011265717021
1265717024201480011
1323395011263500021
1263500021323395011
4201505011265746021
1265746024201505011
4201528016056591021
6056591024201528011
5503970010523614021
0523614025503970011
4481203012441435021
2441435024481203011
0049064010049093021
0049093020049064011
42081920139255720213931621021
39255720239316210214208192011
39316210242081920113925572021
3918661012452864021
2452864023918661011
5520402013924762021
3924762025520402011
38310900137852430214207726033421206403313032050511337428063
37852430242077260334212064033130320505113374280633831090011
42077260342120640311303205053133742806138310900133785243023
42120640313032050531337428061383109001337852430234207726031
13032050513374280633831090011378524302142077260334212064033
13374280638310900133785243023420772603142120640311303205053
49538890139078290234967207033390012904339044230433778757063242807307335022160812479308093
39078290249672070313900129041390442304137787570612428073071350221608324793080934953889013
49672070339001290413904423041377875706124280730713502216083247930809349538890133907829021
39001290439044230413778757061242807307135022160832479308093495388901339078290214967207031
39044230437787570612428073071350221608324793080934953889013390782902149672070313900129041
37787570624280730713502216083247930809349538890133907829021496720703139001290413904423041
24280730735022160832479308093495388901339078290214967207031390012904139044230413778757061
35022160824793080934953889011390782902349672070333900129043390442304337787570632428073073
24793080949538890133907829023496720703339001290433904423043377875706324280730733502216083
2427978014462424023391264103339024530334200606053392620606339016080633900112063390150209313132960933914516111
4462424023912641033390245303342006060533926206063390160806339001120633901502093131329609339145161132427978013
3912641033902453031420060605139262060613901608061390011206139015020911313296091391451611324279780134462424023
3902453034200606051392620606139016080613900112061390150209113132960913914516113242797801344624240233912641031
4200606053926206061390160806139001120613901502091131329609139145161132427978013446242402339126410313902453031
3926206063901608061390011206139015020911313296091391451611324279780134462424023391264103139024530314200606051
3901608063900112061390150209113132960913914516113242797801344624240233912641031390245303142006060513926206061
3900112063901502091131329609139145161132427978013446242402339126410313902453031420060605139262060613901608061
3901502091313296091391451611324279780134462424023391264103139024530314200606051392620606139016080613900112061
1313296093914516113242797801344624240233912641031390245303142006060513926206061390160806139001120613901502091
3914516112427978011446242402339126410333902453033420060605339262060633901608063390011206339015020931313296093
35418480139253070211325023031
39253070213250230313541848011
13250230335418480113925307021
0523726011326560021
1326560020523726011
4469225013764293021
3764293024469225011
378053001550210802137835110313787638031
550210802378351103137876380313780530011
378351103378763803137805300115502108021
378763803378053001155021080213783511031
49835830142211000233925313033
42211000239253130334983583013
39253130349835830134221100023
60576620155051010234953671031421092904339193010513545160063
55051010249536710334210929043391930105335451600636057662013
49536710342109290433919301051354516006360576620115505101023
42109290439193010533545160063605766201355051010234953671033
39193010535451600636057662011550510102349536710314210929043
35451600660576620135505101023495367103342109290433919301053
605006801421601001160576850113508288041
421601001605768501135082880416050068011
605768501350828804160500680114216010011
350828804605006801142160100116057685011
55022320142034730214477093031392425904142035910413515213061
42034730244770930313924259041420359104135152130615502232011
44770930339242590414203591041351521306155022320114203473021
39242590442035910413515213061550223201142034730214477093031
42035910435152130615502232011420347302144770930313924259041
35152130655022320114203473021447709303139242590414203591041
3762667013513705021390890603135175190412475109051
3513705023908906031351751904124751090513762667011
3908906033517519041247510905137626670113513705021
3517519042475109051376266701135137050213908906031
2475109053762667011351370502139089060313517519041
3513757013533926011376267301135137110411299308051353312205135190910513785326051
3533926013762673011351371104112993080513533122051351909105137853260513513757011
3762673013513711041129930805135331220513519091051378532605135137570113533926011
3513711041299308051353312205135190910513785326051351375701135339260113762673011
1299308053533122051351909105137853260513513757011353392601137626730113513711041
3533122053519091051378532605135137570113533926011376267301135137110411299308051
3519091053785326051351375701135339260113762673011351371104112993080513533122051
3785326053513757011353392601137626730113513711041129930805135331220513519091051
3531229013531270011
3531270013531229011
129931401351376301135331390113513728011376269601135191160113785332011
351376301353313901135137280113762696011351911601137853320111299314011
353313901351372801137626960113519116011378533201112993140113513763011
351372801376269601135191160113785332011129931401135137630113533139011
376269601351911601137853320111299314011351376301135331390113513728011
351911601378533201112993140113513763011353313901135137280113762696011
378533201129931401135137630113533139011351372801137626960113519116011
129932001351378601135331450113513734011376270401135191220113785349011
351378601353314501135137340113762704011351912201137853490111299320011
353314501351373401137627040113519122011378534901112993200113513786011
351373401376270401135191220113785349011129932001135137860113533145011
376270401351912201137853490111299320011351378601135331450113513734011
351912201378534901112993200113513786011353314501135137340113762704011
378534901129932001135137860113533145011351373401137627040113519122011
129933701351379201135331510113513740011376265001135191390113785355011
351379201353315101135137400113762650011351913901137853550111299337011
353315101351374001137626500113519139011378535501112993370113513792011
351374001376265001135191390113785355011129933701135137920113533151011
376265001351913901137853550111299337011351379201135331510113513740011
351913901378535501112993370113513792011353315101135137400113762650011
378535501129933701135137920113533151011351374001137626500113519139011
3531235013531287011
3531287013531235011
4450645014468941011446619001124712120113927743051
4468941014466190011247121201139277430514450645011
4466190012471212011392774305144506450114468941011
2471212013927743051445064501144689410114466190011
3927743054450645011446894101144661900112471212011
4468958014466215011247123501144506510413927772051
4466215012471235011445065104139277720514468958011
2471235014450651041392777205144689580114466215011
4450651043927772051446895801144662150112471235011
3927772054468958011446621501124712350114450651041
446896401446623801124712580313927795041
446623801247125803139277950414468964011
247125803392779504144689640114466238011
392779504446896401144662380112471258031
49569590149549720214458150031
49549720244581500314956959011
44581500349569590114954972021
4955032014470547011495696501149549890414458167051
4470547014956965011495498904144581670514955032011
4956965014954989041445816705149550320114470547011
4954989044458167051495503201144705470114956965011
4458167054955032011447054701149569650114954989041
495504901495499501149569710114458173011
495499501495697101144581730114955049011
495697101445817301149550490114954995011
445817301495504901149549950114956971011
495505501495500301149569880114458196011
495500301495698801144581960114955055011
495698801445819601149550550114955003011
445819601495505501149550030114956988011
495506101495502601149569940114458204011
495502601495699401144582040114955061011
495699401445820401149550610114955026011
445820401495506101149550260114956994011
4466209013927766021
3927766024466209011
4466221013927789021
3927789024466221011
4466244013927803021
3927803024466244011
55022490142034960214477101031420361604139242650513515236061
42034960244771010314203616041392426505135152360615502249011
44771010342036160413924265051351523606155022490114203496021
42036160439242650513515236061550224901142034960214477101031
39242650535152360615502249011420349602144771010314203616041
35152360655022490114203496021447710103142036160413924265051
55022550142035040214477124031420362204139242710513515242061
42035040244771240314203622041392427105135152420615502255011
44771240342036220413924271051351524206155022550114203504021
42036220439242710513515242061550225501142035040214477124031
39242710535152420615502255011420350402144771240314203622041
35152420655022550114203504021447712403142036220413924271051
5502261014478052021445738603142232050413920735051
4478052024457386031422320504139207350515502261011
4457386034223205041392073505155022610114478052021
4223205043920735051550226101144780520214457386031
3920735055502261011447805202144573860314223205041
495779801243035402124241640214205868043391596405339159580533911676053
243035402242416402142058680433915964053391595805339116760534957798011
242416402420586804339159640533915958053391167605349577980112430354021
420586804391596405339159580533911676053495779801324303540232424164023
391596405391595805139116760534957798013243035402324241640234205868043
391595805391167605349577980132430354023242416402342058680433915964051
391167605495779801324303540232424164023420586804339159640533915958053
42097190144785890114208252033420995503339306910534228680063
44785890142082520334209955033393069105342286800634209719011
42082520342099550313930691053422868006342097190134478589013
42099550339306910534228680063420971901344785890134208252031
39306910542286800634209719013447858901342082520334209955033
42286800642097190134478589013420825203342099550333930691053
13152080124739550212473949031
24739550224739490311315208011
24739490313152080112473955021
35035980135036060111310808031
35036060113108080313503598011
13108080335035980113503606011
4451975011257149021
1257149024451975011
42108980142233170111330509011
42233170113305090114210898011
13305090142108980114223317011
550602301421090602142233230211330515021
421090602422332302113305150215506023011
422332302133051502155060230114210906021
133051502550602301142109060214223323021
4214293011351026021
1351026024214293011
4214287011351003021
1351003024214287011
606130401552308502160548240213510115041
552308502605482402135101150416061304011
605482402351011504160613040115523085021
351011504606130401155230850216054824021
2463655012463649021
2463649022463655011
376175101128936202313032630321328872043
128936202130326303313288720433761751013
130326303132887204337617510121289362023
132887204376175101312893620231303263033
4967420014970221022495467602249647460424960263052495778106239280620733756483082
4970221024954676021496474604249602630524957781062392806207337564830824967420012
4954676024964746042496026305249577810623928062073375648308249674200124970221021
4964746044960263052495778106239280620733756483082496742001249702210224954676022
4960263054957781062392806207337564830824967420012497022102249546760224964746042
4957781063928062073375648308249674200124970221022495467602249647460424960263052
3928062073756483083496742001349702210234954676023496474604349602630534957781063
3756483084967420012497022102249546760224964746042496026305249577810623928062073
3507538013779225023271545302342054200434205443043377371906324245950633539691063
3779225022715453021420542004342054430433773719062242459506235396910623507538013
2715453024205420043420544304337737190622424595062353969106235075380133779225021
4205420044205443041377371906324245950633539691063350753801337792250232715453023
4205443043773719063242459506335396910633507538013377922502327154530234205420041
3773719062424595061353969106135075380133779225022271545302242054200434205443043
2424595063539691061350753801337792250222715453022420542004342054430433773719061
3539691063507538013377922502227154530224205420043420544304337737190612424595061
49926590149926650114950721032495068403249545580324954541032422616103242261550324951732032495172603249624110324962405032550276903255027520324462246153446222315335447231532472447153448067519344806691935514643213354590622335449182333544930233
49926650149507210324950684032495455803249545410324226161032422615503249517320324951726032496241103249624050325502769032550275203244622461534462223153354472315324724471534480675193448066919355146432133545906223354491823335449302334992659011
49507210349506840314954558032495454103242261610324226155032495173203249517260324962411032496240503255027690325502752032446224615344622231533544723153247244715344806751934480669193551464321335459062233544918233354493023349926590124992665012
49506840349545580324954541032422616103242261550324951732032495172603249624110324962405032550276903255027520324462246153446222315335447231532472447153448067519344806691935514643213354590622335449182333544930233499265901249926650124950721031
49545580349545410314226161032422615503249517320324951726032496241103249624050325502769032550275203244622461534462223153354472315324724471534480675193448066919355146432133545906223354491823335449302334992659012499266501249507210324950684032
49545410342261610324226155032495173203249517260324962411032496240503255027690325502752032446224615344622231533544723153247244715344806751934480669193551464321335459062233544918233354493023349926590124992665012495072103249506840324954558031
42261610342261550314951732032495172603249624110324962405032550276903255027520324462246153446222315335447231532472447153448067519344806691935514643213354590622335449182333544930233499265901249926650124950721032495068403249545580324954541032
42261550349517320324951726032496241103249624050325502769032550275203244622461534462223153354472315324724471534480675193448066919355146432133545906223354491823335449302334992659012499266501249507210324950684032495455803249545410324226161031
49517320349517260314962411032496240503255027690325502752032446224615344622231533544723153247244715344806751934480669193551464321335459062233544918233354493023349926590124992665012495072103249506840324954558032495454103242261610324226155032
49517260349624110324962405032550276903255027520324462246153446222315335447231532472447153448067519344806691935514643213354590622335449182333544930233499265901249926650124950721032495068403249545580324954541032422616103242261550324951732031
49624110349624050315502769032550275203244622461534462223153354472315324724471534480675193448066919355146432133545906223354491823335449302334992659012499266501249507210324950684032495455803249545410324226161032422615503249517320324951726032
49624050355027690325502752032446224615344622231533544723153247244715344806751934480669193551464321335459062233544918233354493023349926590124992665012495072103249506840324954558032495454103242261610324226155032495173203249517260324962411031
55027690355027520314462246153446222315335447231532472447153448067519344806691935514643213354590622335449182333544930233499265901249926650124950721032495068403249545580324954541032422616103242261550324951732032495172603249624110324962405032
55027520344622461534462223153354472315324724471534480675193448066919355146432133545906223354491823335449302334992659012499266501249507210324950684032495455803249545410324226161032422615503249517320324951726032496241103249624050325502769031
44622461544622231513544723152247244715244806751924480669192551464321335459062233544918233354493023349926590134992665013495072103349506840334954558033495454103342261610334226155033495173203349517260334962411033496240503355027690335502752033
44622231535447231522472447152448067519244806691925514643213354590622335449182333544930233499265901349926650134950721033495068403349545580334954541033422616103342261550334951732033495172603349624110334962405033550276903355027520334462246151
35447231524724471514480675192448066919255146432133545906223354491823335449302334992659013499266501349507210334950684033495455803349545410334226161033422615503349517320334951726033496241103349624050335502769033550275203344622461524462223152
24724471544806751924480669192551464321335459062233544918233354493023349926590134992665013495072103349506840334954558033495454103342261610334226155033495173203349517260334962411033496240503355027690335502752033446224615244622231523544723151
44806751944806691915514643213354590622335449182333544930233499265901349926650134950721033495068403349545580334954541033422616103342261550334951732033495172603349624110334962405033550276903355027520334462246152446222315235447231522472447152
44806691955146432133545906223354491823335449302334992659013499266501349507210334950684033495455803349545410334226161033422615503349517320334951726033496241103349624050335502769033550275203344622461524462223152354472315224724471524480675191
55146432135459062233544918233354493023349926590134992665013495072103349506840334954558033495454103342261610334226155033495173203349517260334962411033496240503355027690335502752033446224615344622231533544723153247244715344806751934480669193
35459062235449182333544930233499265901349926650134950721033495068403349545580334954541033422616103342261550334951732033495172603349624110334962405033550276903355027520334462246153446222315335447231532472447153448067519344806691935514643213
35449182335449302314992659013499266501349507210334950684033495455803349545410334226161033422615503349517320334951726033496241103349624050335502769033550275203344622461534462223153354472315324724471534480675193448066919355146432133545906223
35449302349926590134992665013495072103349506840334954558033495454103342261610334226155033495173203349517260334962411033496240503355027690335502752033446224615344622231533544723153247244715344806751934480669193551464321335459062233544918231
60588970155239780226054126032553698103160558640526064314052554056305260508260825526445092376023709249544231136063467113447483511355217321434955262143550035116355003451634989568183498955118344722332034453201213445319321342046272334204604233
55239780260541260325536981032605586405260643140525540563052605082608255264450923760237092495442311360634671134474835113552173214349552621435500351163550034516349895681834989551183447223320344532012134453193213420462723342046042336058897012
60541260355369810326055864052606431405255405630526050826082552644509237602370924954423113606346711344748351135521732143495526214355003511635500345163498956818349895511834472233203445320121344531932134204627233420460423360588970125523978022
55369810360558640526064314052554056305260508260825526445092376023709249544231136063467113447483511355217321434955262143550035116355003451634989568183498955118344722332034453201213445319321342046272334204604233605889701155239780226054126032
60558640560643140525540563052605082608255264450923760237092495442311360634671134474835113552173214349552621435500351163550034516349895681834989551183447223320344532012134453193213420462723342046042336058897012552397802260541260325536981032
60643140555405630516050826082552644509237602370924954423113606346711344748351135521732143495526214355003511635500345163498956818349895511834472233203445320121344531932134204627233420460423360588970125523978022605412603255369810326055864052
55405630560508260825526445092376023709249544231136063467113447483511355217321434955262143550035116355003451634989568183498955118344722332034453201213445319321342046272334204604233605889701255239780226054126032553698103260558640526064314051
60508260855264450923760237092495442311360634671134474835113552173214349552621435500351163550034516349895681834989551183447223320344532012134453193213420462723342046042336058897012552397802260541260325536981032605586405260643140525540563052
55264450937602370914954423113606346711344748351135521732143495526214355003511635500345163498956818349895511834472233203445320121344531932134204627233420460423360588970125523978022605412603255369810326055864052606431405255405630526050826082
37602370949544231136063467113447483511355217321434955262143550035116355003451634989568183498955118344722332034453201213445319321342046272334204604233605889701255239780226054126032553698103260558640526064314052554056305260508260825526445091
49544231160634671114474835111552173214349552621435500351163550034516349895681834989551183447223320344532012134453193213420462723342046042336058897013552397802360541260335536981033605586405360643140535540563053605082608355264450933760237093
60634671144748351115521732143495526214355003511635500345163498956818349895511834472233203445320121344531932134204627233420460423360588970135523978023605412603355369810336055864053606431405355405630536050826083552644509337602370934954423111
44748351155217321434955262143550035116355003451634989568183498955118344722332034453201213445319321342046272334204604233605889701355239780236054126033553698103360558640536064314053554056305360508260835526445093376023709349544231116063467111
55217321449552621415500351163550034516349895681834989551183447223320344532012134453193213420462723342046042336058897013552397802360541260335536981033605586405360643140535540563053605082608355264450933760237093495442311360634671134474835113
49552621455003511635500345163498956818349895511834472233203445320121344531932134204627233420460423360588970135523978023605412603355369810336055864053606431405355405630536050826083552644509337602370934954423113606346711344748351135521732141
55003511655003451614989568183498955118344722332034453201213445319321342046272334204604233605889701355239780236054126033553698103360558640536064314053554056305360508260835526445093376023709349544231136063467113447483511355217321434955262143
55003451649895681834989551183447223320344532012134453193213420462723342046042336058897013552397802360541260335536981033605586405360643140535540563053605082608355264450933760237093495442311360634671134474835113552173214349552621435500351161
49895681849895511814472233203445320121344531932134204627233420460423360588970135523978023605412603355369810336055864053606431405355405630536050826083552644509337602370934954423113606346711344748351135521732143495526214355003511635500345163
49895511844722332034453201213445319321342046272334204604233605889701355239780236054126033553698103360558640536064314053554056305360508260835526445093376023709349544231136063467113447483511355217321434955262143550035116355003451634989568181
44722332044532012134453193213420462723342046042336058897013552397802360541260335536981033605586405360643140535540563053605082608355264450933760237093495442311360634671134474835113552173214349552621435500351163550034516349895681834989551183
44532012144531932114204627233420460423360588970135523978023605412603355369810336055864053606431405355405630536050826083552644509337602370934954423113606346711344748351135521732143495526214355003511635500345163498956818349895511834472233203
44531932142046272334204604233605889701355239780236054126033553698103360558640536064314053554056305360508260835526445093376023709349544231136063467113447483511355217321434955262143550035116355003451634989568183498955118344722332034453201211
42046272342046042316058897013552397802360541260335536981033605586405360643140535540563053605082608355264450933760237093495442311360634671134474835113552173214349552621435500351163550034516349895681834989551183447223320344532012134453193213
42046042360588970135523978023605412603355369810336055864053606431405355405630536050826083552644509337602370934954423113606346711344748351135521732143495526214355003511635500345163498956818349895511834472233203445320121344531932134204627231
6058905015523984022605410303255369980316055870052606432005255405860526050832082552643909237602430925518575113
5523984026054103032553699803260558700526064320052554058605260508320825526439092376024309255185751136058905012
6054103035536998032605587005260643200525540586052605083208255264390923760243092551857511360589050125523984022
5536998036055870052606432005255405860526050832082552643909237602430925518575113605890501155239840226054103032
6055870056064320052554058605260508320825526439092376024309255185751136058905012552398402260541030325536998032
6064320055540586051605083208255264390923760243092551857511360589050125523984022605410303255369980326055870052
5540586056050832082552643909237602430925518575113605890501255239840226054103032553699803260558700526064320051
6050832085526439092376024309255185751136058905012552398402260541030325536998032605587005260643200525540586052
5526439093760243091551857511360589050125523984022605410303255369980326055870052606432005255405860526050832082
3760243095518575113605890501255239840226054103032553699803260558700526064320052554058605260508320825526439091
5518575116058905013552398402360541030335536998033605587005360643200535540586053605083208355264390933760243093
6052854014968106013
4968106016052854013
6056438015541806023
5541806026056438013
