state,url,manifest_status,http_status,content_type,source_role,error_or_gap_reason,raw_path,text_path
South Dakota,http://atg.sd.gov/legal/opengovernment/authorityboardcommission.aspx,collected,200,text/html; charset=utf-8,linked from https://boardsandcommissions.sd.gov/Meetings.aspx?BoardID=204,,raw/south-dakota/south-dakota__authorityboardcommission-aspx__9f0029ba19.html,text/south-dakota/south-dakota__authorityboardcommission-aspx__9f0029ba19.txt
South Dakota,https://bfm.sd.gov/budget/boardcompensation.pdf,collected,200,application/pdf,linked from https://boardsandcommissions.sd.gov/Meetings.aspx?BoardID=204,,raw/south-dakota/south-dakota__boardcompensation-pdf__027707bde6.pdf,text/south-dakota/south-dakota__boardcompensation-pdf__027707bde6.txt
South Dakota,https://boardsandcommissions.sd.gov/,collected,200,text/html; charset=utf-8,linked from https://boardsandcommissions.sd.gov/Meetings.aspx?BoardID=204,,raw/south-dakota/south-dakota__boardsandcommissions-sd-gov__0cc1a80fba.html,text/south-dakota/south-dakota__boardsandcommissions-sd-gov__0cc1a80fba.txt
South Dakota,https://boardsandcommissions.sd.gov/FinancialInformation.aspx?BoardID=204,collected,200,text/html; charset=utf-8,linked from https://boardsandcommissions.sd.gov/Meetings.aspx?BoardID=204,,raw/south-dakota/south-dakota__financialinformation-aspx__f9d8f361df.html,text/south-dakota/south-dakota__financialinformation-aspx__f9d8f361df.txt
South Dakota,https://boardsandcommissions.sd.gov/Information.aspx?BoardID=204,collected,200,text/html; charset=utf-8,seed,,raw/south-dakota/south-dakota__information-aspx__31e084e539.html,text/south-dakota/south-dakota__information-aspx__31e084e539.txt
South Dakota,https://boardsandcommissions.sd.gov/Meetings.aspx?BoardID=204,collected,200,text/html; charset=utf-8,seed,,raw/south-dakota/south-dakota__meetings-aspx__6b9a63e8c7.html,text/south-dakota/south-dakota__meetings-aspx__6b9a63e8c7.txt
South Dakota,https://boardsandcommissions.sd.gov/SearchResults.aspx?Letter=A,collected,200,text/html; charset=utf-8,linked from https://boardsandcommissions.sd.gov/Meetings.aspx?BoardID=204,,raw/south-dakota/south-dakota__searchresults-aspx__7a2674916b.html,text/south-dakota/south-dakota__searchresults-aspx__7a2674916b.txt
South Dakota,https://boardsandcommissions.sd.gov/SearchResults.aspx?Letter=ALL,collected,200,text/html; charset=utf-8,linked from https://boardsandcommissions.sd.gov/Meetings.aspx?BoardID=204,,raw/south-dakota/south-dakota__searchresults-aspx__f5995990b4.html,text/south-dakota/south-dakota__searchresults-aspx__f5995990b4.txt
South Dakota,https://boardsandcommissions.sd.gov/SearchResults.aspx?Letter=B,collected,200,text/html; charset=utf-8,linked from https://boardsandcommissions.sd.gov/Meetings.aspx?BoardID=204,,raw/south-dakota/south-dakota__searchresults-aspx__aa60c50152.html,text/south-dakota/south-dakota__searchresults-aspx__aa60c50152.txt
South Dakota,https://boardsandcommissions.sd.gov/SearchResults.aspx?Letter=C,collected,200,text/html; charset=utf-8,linked from https://boardsandcommissions.sd.gov/Meetings.aspx?BoardID=204,,raw/south-dakota/south-dakota__searchresults-aspx__ac4ae3ca13.html,text/south-dakota/south-dakota__searchresults-aspx__ac4ae3ca13.txt
South Dakota,https://boardsandcommissions.sd.gov/SearchResults.aspx?Letter=D,collected,200,text/html; charset=utf-8,linked from https://boardsandcommissions.sd.gov/Meetings.aspx?BoardID=204,,raw/south-dakota/south-dakota__searchresults-aspx__d5f04f1e39.html,text/south-dakota/south-dakota__searchresults-aspx__d5f04f1e39.txt
South Dakota,https://boardsandcommissions.sd.gov/SearchResults.aspx?Letter=E,collected,200,text/html; charset=utf-8,linked from https://boardsandcommissions.sd.gov/Meetings.aspx?BoardID=204,,raw/south-dakota/south-dakota__searchresults-aspx__8ba9e5f54c.html,text/south-dakota/south-dakota__searchresults-aspx__8ba9e5f54c.txt
South Dakota,https://boardsandcommissions.sd.gov/SearchResults.aspx?Letter=F,collected,200,text/html; charset=utf-8,linked from https://boardsandcommissions.sd.gov/Meetings.aspx?BoardID=204,,raw/south-dakota/south-dakota__searchresults-aspx__e3701dfd0b.html,text/south-dakota/south-dakota__searchresults-aspx__e3701dfd0b.txt
South Dakota,https://boardsandcommissions.sd.gov/SearchResults.aspx?Letter=G,collected,200,text/html; charset=utf-8,linked from https://boardsandcommissions.sd.gov/Meetings.aspx?BoardID=204,,raw/south-dakota/south-dakota__searchresults-aspx__e6f608a5e4.html,text/south-dakota/south-dakota__searchresults-aspx__e6f608a5e4.txt
South Dakota,https://boardsandcommissions.sd.gov/SearchResults.aspx?Letter=H,collected,200,text/html; charset=utf-8,linked from https://boardsandcommissions.sd.gov/Meetings.aspx?BoardID=204,,raw/south-dakota/south-dakota__searchresults-aspx__93b77915bd.html,text/south-dakota/south-dakota__searchresults-aspx__93b77915bd.txt
South Dakota,https://boardsandcommissions.sd.gov/SearchResults.aspx?Letter=I,collected,200,text/html; charset=utf-8,linked from https://boardsandcommissions.sd.gov/Meetings.aspx?BoardID=204,,raw/south-dakota/south-dakota__searchresults-aspx__2784e34db9.html,text/south-dakota/south-dakota__searchresults-aspx__2784e34db9.txt
South Dakota,https://boardsandcommissions.sd.gov/SearchResults.aspx?Letter=J,collected,200,text/html; charset=utf-8,linked from https://boardsandcommissions.sd.gov/Meetings.aspx?BoardID=204,,raw/south-dakota/south-dakota__searchresults-aspx__529ecb5d4d.html,text/south-dakota/south-dakota__searchresults-aspx__529ecb5d4d.txt
South Dakota,https://boardsandcommissions.sd.gov/SearchResults.aspx?Letter=L,collected,200,text/html; charset=utf-8,linked from https://boardsandcommissions.sd.gov/Meetings.aspx?BoardID=204,,raw/south-dakota/south-dakota__searchresults-aspx__b88ce9fe18.html,text/south-dakota/south-dakota__searchresults-aspx__b88ce9fe18.txt
South Dakota,https://boardsandcommissions.sd.gov/SearchResults.aspx?Letter=M,collected,200,text/html; charset=utf-8,linked from https://boardsandcommissions.sd.gov/Meetings.aspx?BoardID=204,,raw/south-dakota/south-dakota__searchresults-aspx__8a8f67aa76.html,text/south-dakota/south-dakota__searchresults-aspx__8a8f67aa76.txt
South Dakota,https://boardsandcommissions.sd.gov/SearchResults.aspx?Letter=N,collected,200,text/html; charset=utf-8,linked from https://boardsandcommissions.sd.gov/Meetings.aspx?BoardID=204,,raw/south-dakota/south-dakota__searchresults-aspx__e6d8612f78.html,text/south-dakota/south-dakota__searchresults-aspx__e6d8612f78.txt
South Dakota,https://boardsandcommissions.sd.gov/SearchResults.aspx?Letter=O,collected,200,text/html; charset=utf-8,linked from https://boardsandcommissions.sd.gov/Meetings.aspx?BoardID=204,,raw/south-dakota/south-dakota__searchresults-aspx__5b3d519e96.html,text/south-dakota/south-dakota__searchresults-aspx__5b3d519e96.txt
South Dakota,https://boardsandcommissions.sd.gov/SearchResults.aspx?Letter=P,collected,200,text/html; charset=utf-8,linked from https://boardsandcommissions.sd.gov/Meetings.aspx?BoardID=204,,raw/south-dakota/south-dakota__searchresults-aspx__4a098ac834.html,text/south-dakota/south-dakota__searchresults-aspx__4a098ac834.txt
South Dakota,https://boardsandcommissions.sd.gov/SearchResults.aspx?Letter=Q,collected,200,text/html; charset=utf-8,linked from https://boardsandcommissions.sd.gov/Meetings.aspx?BoardID=204,,raw/south-dakota/south-dakota__searchresults-aspx__489a6a9f84.html,text/south-dakota/south-dakota__searchresults-aspx__489a6a9f84.txt
South Dakota,https://boardsandcommissions.sd.gov/SearchResults.aspx?Letter=R,collected,200,text/html; charset=utf-8,linked from https://boardsandcommissions.sd.gov/Meetings.aspx?BoardID=204,,raw/south-dakota/south-dakota__searchresults-aspx__92099cbc0f.html,text/south-dakota/south-dakota__searchresults-aspx__92099cbc0f.txt
South Dakota,https://boardsandcommissions.sd.gov/SearchResults.aspx?Letter=S,collected,200,text/html; charset=utf-8,linked from https://boardsandcommissions.sd.gov/Meetings.aspx?BoardID=204,,raw/south-dakota/south-dakota__searchresults-aspx__a16b23f6f7.html,text/south-dakota/south-dakota__searchresults-aspx__a16b23f6f7.txt
South Dakota,https://boardsandcommissions.sd.gov/SearchResults.aspx?Letter=T,collected,200,text/html; charset=utf-8,linked from https://boardsandcommissions.sd.gov/Meetings.aspx?BoardID=204,,raw/south-dakota/south-dakota__searchresults-aspx__d8b9eaeea3.html,text/south-dakota/south-dakota__searchresults-aspx__d8b9eaeea3.txt
South Dakota,https://boardsandcommissions.sd.gov/SearchResults.aspx?Letter=U,collected,200,text/html; charset=utf-8,linked from https://boardsandcommissions.sd.gov/Meetings.aspx?BoardID=204,,raw/south-dakota/south-dakota__searchresults-aspx__087fd5f742.html,text/south-dakota/south-dakota__searchresults-aspx__087fd5f742.txt
South Dakota,https://boardsandcommissions.sd.gov/SearchResults.aspx?Letter=V,collected,200,text/html; charset=utf-8,linked from https://boardsandcommissions.sd.gov/Meetings.aspx?BoardID=204,,raw/south-dakota/south-dakota__searchresults-aspx__71e2a3bbee.html,text/south-dakota/south-dakota__searchresults-aspx__71e2a3bbee.txt
South Dakota,https://boardsandcommissions.sd.gov/SearchResults.aspx?Letter=W,collected,200,text/html; charset=utf-8,linked from https://boardsandcommissions.sd.gov/Meetings.aspx?BoardID=204,,raw/south-dakota/south-dakota__searchresults-aspx__aefd8a0ee1.html,text/south-dakota/south-dakota__searchresults-aspx__aefd8a0ee1.txt
South Dakota,https://boardsandcommissions.sd.gov/bcuploads/SDM_2025.3.pdf,collected,200,application/pdf,seed,,raw/south-dakota/south-dakota__sdm-2025-3-pdf__a2f110efe9.pdf,text/south-dakota/south-dakota__sdm-2025-3-pdf__a2f110efe9.txt
South Dakota,https://boardsandcommissions.sd.gov/bcuploads/SDM_3.2026_Materials.pdf,collected,200,application/pdf,linked from https://boardsandcommissions.sd.gov/Meetings.aspx?BoardID=204,,raw/south-dakota/south-dakota__sdm-3-2026-materials-pdf__ab8c471a37.pdf,text/south-dakota/south-dakota__sdm-3-2026-materials-pdf__ab8c471a37.txt
South Dakota,https://boardsandcommissions.sd.gov/bcuploads/SDM_Agenda_2026.3.pdf,collected,200,application/pdf,linked from https://boardsandcommissions.sd.gov/Meetings.aspx?BoardID=204,,raw/south-dakota/south-dakota__sdm-agenda-2026-3-pdf__de0834a5da.pdf,text/south-dakota/south-dakota__sdm-agenda-2026-3-pdf__de0834a5da.txt
South Dakota,https://boardsandcommissions.sd.gov/bcuploads/SDM_PTMinutes_2026.3%20DRAFT.pdf,collected,200,application/pdf,linked from https://boardsandcommissions.sd.gov/Meetings.aspx?BoardID=204,,raw/south-dakota/south-dakota__sdm-ptminutes-2026-3-draft-pdf__ebb75e3980.pdf,text/south-dakota/south-dakota__sdm-ptminutes-2026-3-draft-pdf__ebb75e3980.txt
South Dakota,https://boardsandcommissions.sd.gov/boardmembers.aspx?BoardID=204,collected,200,text/html; charset=utf-8,seed,,raw/south-dakota/south-dakota__boardmembers-aspx__64588efab2.html,text/south-dakota/south-dakota__boardmembers-aspx__64588efab2.txt
South Dakota,https://boardsandcommissions.sd.gov/information/BCMeetingGuidelinesSD.pdf,collected,200,application/pdf,linked from https://boardsandcommissions.sd.gov/Meetings.aspx?BoardID=204,,raw/south-dakota/south-dakota__bcmeetingguidelinessd-pdf__e5196951bf.pdf,text/south-dakota/south-dakota__bcmeetingguidelinessd-pdf__e5196951bf.txt
South Dakota,https://boardsandcommissions.sd.gov/publicdocuments.aspx?BoardID=204,collected,200,text/html; charset=utf-8,linked from https://boardsandcommissions.sd.gov/Meetings.aspx?BoardID=204,,raw/south-dakota/south-dakota__publicdocuments-aspx__10e622dbdd.html,text/south-dakota/south-dakota__publicdocuments-aspx__10e622dbdd.txt
Tennessee,https://www.tn.gov/tenncare/members-applicants/pharmacy.html,blocked_or_failed,,None,seed,URLError: <urlopen error [WinError 10054] An existing connection was forcibly closed by the remote host>,raw/tennessee/tennessee__pharmacy-html__427f42bdb9.error.txt,text/tennessee/tennessee__pharmacy-html__427f42bdb9.error.txt
Tennessee,https://capitol.tn.gov/Archives/Joint/committees/gov-opps/jud/Division%20of%20TennCare%20Performance%20Audit.pdf,collected,200,application/pdf,seed,,raw/tennessee/tennessee__division-of-tenncare-performance-audit-pdf__9837b60d66.pdf,text/tennessee/tennessee__division-of-tenncare-performance-audit-pdf__9837b60d66.txt
Tennessee,https://www.tn.gov/content/dam/tn/tenncare/documents2/Optum3186500600.pdf,collected,200,application/pdf,seed,,raw/tennessee/tennessee__optum3186500600-pdf__ec76e812cd.pdf,text/tennessee/tennessee__optum3186500600-pdf__ec76e812cd.txt
Tennessee,https://www.tn.gov/content/dam/tn/tenncare/documents2/ben15001.pdf,collected,200,application/pdf,seed,,raw/tennessee/tennessee__ben15001-pdf__b14ce931ca.pdf,text/tennessee/tennessee__ben15001-pdf__b14ce931ca.txt
Tennessee,https://contenthub-aem.optumrx.com/content/dam/contenthub/onboarding/assets/Tenncare/DUR-Schedule-2025.pdf,collected,200,application/pdf,"seed from meeting-dates-2025-06-2026-05.csv: Tuesday, July 29, 2025",,raw/tennessee/tennessee__dur-schedule-2025-pdf__52b0e91ff1.pdf,text/tennessee/tennessee__dur-schedule-2025-pdf__52b0e91ff1.txt
Tennessee,https://contenthub-aem.optumrx.com/content/dam/contenthub/onboarding/assets/Tenncare/DUR-Schedule-2026.pdf,collected,200,application/pdf,"seed from meeting-dates-2025-06-2026-05.csv: Tuesday, January 27, 2026",,raw/tennessee/tennessee__dur-schedule-2026-pdf__1ce8f12349.pdf,text/tennessee/tennessee__dur-schedule-2026-pdf__1ce8f12349.txt
Tennessee,https://contenthub-aem.optumrx.com/content/dam/contenthub/onboarding/assets/Tenncare/PAC-Meeting-Schedule-2025.pdf,collected,200,application/pdf,"seed from meeting-dates-2025-06-2026-05.csv: Thursday, August 28, 2025",,raw/tennessee/tennessee__pac-meeting-schedule-2025-pdf__8d380ea7cd.pdf,text/tennessee/tennessee__pac-meeting-schedule-2025-pdf__8d380ea7cd.txt
Tennessee,https://contenthub-aem.optumrx.com/content/dam/contenthub/onboarding/assets/Tenncare/PAC-Meeting-Schedule-2026.pdf,collected,200,application/pdf,"seed from meeting-dates-2025-06-2026-05.csv: Thursday, February 12, 2026",,raw/tennessee/tennessee__pac-meeting-schedule-2026-pdf__ffe485a4e6.pdf,text/tennessee/tennessee__pac-meeting-schedule-2026-pdf__ffe485a4e6.txt
Tennessee,https://contenthub-aem.optumrx.com/content/dam/contenthub/onboarding/assets/Tenncare/PAC-Minutes-11-06-2025.pdf,collected,200,application/pdf,"seed from meeting-dates-2025-06-2026-05.csv: TennCare Pharmacy Advisory Committee (PAC) Meeting Minutes - November 6, 2025",,raw/tennessee/tennessee__pac-minutes-11-06-2025-pdf__642aad241a.pdf,text/tennessee/tennessee__pac-minutes-11-06-2025-pdf__642aad241a.txt
Texas,https://www.txvendordrug.com/sites/default/files/docs/2023-0126-preferred-drug-list.pdf,blocked_or_failed,404,text/html; charset=UTF-8,seed,HTTP 404,raw/texas/texas__2023-0126-preferred-drug-list-pdf__a0db26946f.error.txt,text/texas/texas__2023-0126-preferred-drug-list-pdf__a0db26946f.error.txt
Texas,https://www.txvendordrug.com/sites/default/files/docs/2024-0426-preferred-drug-list-recommendations.pdf,blocked_or_failed,404,text/html; charset=UTF-8,seed,HTTP 404,raw/texas/texas__2024-0426-preferred-drug-list-recommendations-pdf__65405a8948.error.txt,text/texas/texas__2024-0426-preferred-drug-list-recommendations-pdf__65405a8948.error.txt
Texas,https://www.txvendordrug.com/sites/default/files/docs/2024-0726-preferred-drug-list-decisions.pdf,blocked_or_failed,404,text/html; charset=UTF-8,seed,HTTP 404,raw/texas/texas__2024-0726-preferred-drug-list-decisions-pdf__011824aa47.error.txt,text/texas/texas__2024-0726-preferred-drug-list-decisions-pdf__011824aa47.error.txt
Texas,http://public.tmhp.com/FeeSchedules/Default.aspx,collected,200,text/html; charset=utf-8,linked from https://www.tmhp.com/news/2025-07-09-agenda-july-25-2025-dur-board-meeting-now-available,,raw/texas/texas__default-aspx__3ec6184393.html,text/texas/texas__default-aspx__3ec6184393.txt
Texas,https://texas.public.law/statutes/information-about-updates,collected,200,text/html; charset=utf-8,linked from https://texas.public.law/statutes/tex._gov%27t_code_section_531.0736,,raw/texas/texas__information-about-updates__ebb966f224.html,text/texas/texas__information-about-updates__ebb966f224.txt
Texas,https://texas.public.law/statutes/tex._gov%27t_code_section_531.0736,collected,200,text/html; charset=utf-8,seed,,raw/texas/texas__tex-gov-t-code-section-531-0736__b3e1bafd57.html,text/texas/texas__tex-gov-t-code-section-531-0736__b3e1bafd57.txt
Texas,https://texas.public.law/statutes/tex._gov't_code_section_531.0045,collected,200,text/html; charset=utf-8,linked from https://texas.public.law/statutes/tex._gov%27t_code_section_531.0736,,raw/texas/texas__tex-gov-t-code-section-531-0045__df17886f89.html,text/texas/texas__tex-gov-t-code-section-531-0045__df17886f89.txt
Texas,https://texas.public.law/statutes/tex._gov't_code_section_531.00551,collected,200,text/html; charset=utf-8,linked from https://texas.public.law/statutes/tex._gov%27t_code_section_531.0736,,raw/texas/texas__tex-gov-t-code-section-531-00551__1978a3f24f.html,text/texas/texas__tex-gov-t-code-section-531-00551__1978a3f24f.txt
Texas,https://texas.public.law/statutes/tex._gov't_code_section_531.0083,collected,200,text/html; charset=utf-8,linked from https://texas.public.law/statutes/tex._gov%27t_code_section_531.0736,,raw/texas/texas__tex-gov-t-code-section-531-0083__306cc03fd7.html,text/texas/texas__tex-gov-t-code-section-531-0083__306cc03fd7.txt
Texas,https://texas.public.law/statutes/tex._gov't_code_section_531.012,collected,200,text/html; charset=utf-8,linked from https://texas.public.law/statutes/tex._gov%27t_code_section_531.0736,,raw/texas/texas__tex-gov-t-code-section-531-012__381dc26a06.html,text/texas/texas__tex-gov-t-code-section-531-012__381dc26a06.txt
Texas,https://texas.public.law/statutes/tex._gov't_code_section_531.0121,collected,200,text/html; charset=utf-8,linked from https://texas.public.law/statutes/tex._gov%27t_code_section_531.0736,,raw/texas/texas__tex-gov-t-code-section-531-0121__ce6dfa5f12.html,text/texas/texas__tex-gov-t-code-section-531-0121__ce6dfa5f12.txt
Texas,https://texas.public.law/statutes/tex._gov't_code_section_531.0161,collected,200,text/html; charset=utf-8,linked from https://texas.public.law/statutes/tex._gov%27t_code_section_531.0736,,raw/texas/texas__tex-gov-t-code-section-531-0161__c17364f77a.html,text/texas/texas__tex-gov-t-code-section-531-0161__c17364f77a.txt
Texas,https://texas.public.law/statutes/tex._gov't_code_section_531.0163,collected,200,text/html; charset=utf-8,linked from https://texas.public.law/statutes/tex._gov%27t_code_section_531.0736,,raw/texas/texas__tex-gov-t-code-section-531-0163__2d87074399.html,text/texas/texas__tex-gov-t-code-section-531-0163__2d87074399.txt
Texas,https://texas.public.law/statutes/tex._gov't_code_section_531.0165,collected,200,text/html; charset=utf-8,linked from https://texas.public.law/statutes/tex._gov%27t_code_section_531.0736,,raw/texas/texas__tex-gov-t-code-section-531-0165__8783eebdae.html,text/texas/texas__tex-gov-t-code-section-531-0165__8783eebdae.txt
Texas,https://texas.public.law/statutes/tex._gov't_code_section_531.019,collected,200,text/html; charset=utf-8,linked from https://texas.public.law/statutes/tex._gov%27t_code_section_531.0736,,raw/texas/texas__tex-gov-t-code-section-531-019__ae39832808.html,text/texas/texas__tex-gov-t-code-section-531-019__ae39832808.txt
Texas,https://texas.public.law/statutes/tex._gov't_code_section_531.0224,collected,200,text/html; charset=utf-8,linked from https://texas.public.law/statutes/tex._gov%27t_code_section_531.0736,,raw/texas/texas__tex-gov-t-code-section-531-0224__32acb39708.html,text/texas/texas__tex-gov-t-code-section-531-0224__32acb39708.txt
Texas,https://texas.public.law/statutes/tex._gov't_code_section_531.023,collected,200,text/html; charset=utf-8,linked from https://texas.public.law/statutes/tex._gov%27t_code_section_531.0736,,raw/texas/texas__tex-gov-t-code-section-531-023__12bca1c08e.html,text/texas/texas__tex-gov-t-code-section-531-023__12bca1c08e.txt
Texas,https://texas.public.law/statutes/tex._gov't_code_section_531.024162,collected,200,text/html; charset=utf-8,linked from https://texas.public.law/statutes/tex._gov%27t_code_section_531.0736,,raw/texas/texas__tex-gov-t-code-section-531-024162__e6213ee979.html,text/texas/texas__tex-gov-t-code-section-531-024162__e6213ee979.txt
Texas,https://texas.public.law/statutes/tex._gov't_code_section_531.024163,collected,200,text/html; charset=utf-8,linked from https://texas.public.law/statutes/tex._gov%27t_code_section_531.0736,,raw/texas/texas__tex-gov-t-code-section-531-024163__20f81af61e.html,text/texas/texas__tex-gov-t-code-section-531-024163__20f81af61e.txt
Texas,https://texas.public.law/statutes/tex._gov't_code_section_531.024164,collected,200,text/html; charset=utf-8,linked from https://texas.public.law/statutes/tex._gov%27t_code_section_531.0736,,raw/texas/texas__tex-gov-t-code-section-531-024164__5b4dcd4644.html,text/texas/texas__tex-gov-t-code-section-531-024164__5b4dcd4644.txt
Texas,https://texas.public.law/statutes/tex._gov't_code_section_531.02447,collected,200,text/html; charset=utf-8,linked from https://texas.public.law/statutes/tex._gov%27t_code_section_531.0736,,raw/texas/texas__tex-gov-t-code-section-531-02447__531b4ee96e.html,text/texas/texas__tex-gov-t-code-section-531-02447__531b4ee96e.txt
Texas,https://texas.public.law/statutes/tex._gov't_code_section_531.02485,collected,200,text/html; charset=utf-8,linked from https://texas.public.law/statutes/tex._gov%27t_code_section_531.0736,,raw/texas/texas__tex-gov-t-code-section-531-02485__bd8c7d68c9.html,text/texas/texas__tex-gov-t-code-section-531-02485__bd8c7d68c9.txt
Texas,https://texas.public.law/statutes/tex._gov't_code_section_531.031,collected,200,text/html; charset=utf-8,linked from https://texas.public.law/statutes/tex._gov%27t_code_section_531.0736,,raw/texas/texas__tex-gov-t-code-section-531-031__61f17884d9.html,text/texas/texas__tex-gov-t-code-section-531-031__61f17884d9.txt
Texas,https://texas.public.law/statutes/tex._gov't_code_section_531.037,collected,200,text/html; charset=utf-8,linked from https://texas.public.law/statutes/tex._gov%27t_code_section_531.0736,,raw/texas/texas__tex-gov-t-code-section-531-037__9f805434f9.html,text/texas/texas__tex-gov-t-code-section-531-037__9f805434f9.txt
Texas,https://texas.public.law/statutes/tex._gov't_code_section_531.0515,collected,200,text/html; charset=utf-8,linked from https://texas.public.law/statutes/tex._gov%27t_code_section_531.0736,,raw/texas/texas__tex-gov-t-code-section-531-0515__3057779b58.html,text/texas/texas__tex-gov-t-code-section-531-0515__3057779b58.txt
Texas,https://texas.public.law/statutes/tex._gov't_code_section_531.055,collected,200,text/html; charset=utf-8,linked from https://texas.public.law/statutes/tex._gov%27t_code_section_531.0736,,raw/texas/texas__tex-gov-t-code-section-531-055__66963e87a8.html,text/texas/texas__tex-gov-t-code-section-531-055__66963e87a8.txt
Texas,https://texas.public.law/statutes/tex._gov't_code_section_531.056,collected,200,text/html; charset=utf-8,linked from https://texas.public.law/statutes/tex._gov%27t_code_section_531.0736,,raw/texas/texas__tex-gov-t-code-section-531-056__d386610d9f.html,text/texas/texas__tex-gov-t-code-section-531-056__d386610d9f.txt
Texas,https://texas.public.law/statutes/tex._gov't_code_section_531.0585,collected,200,text/html; charset=utf-8,linked from https://texas.public.law/statutes/tex._gov%27t_code_section_531.0736,,raw/texas/texas__tex-gov-t-code-section-531-0585__3fed0cdb28.html,text/texas/texas__tex-gov-t-code-section-531-0585__3fed0cdb28.txt
Texas,https://texas.public.law/statutes/tex._gov't_code_section_531.069,collected,200,text/html; charset=utf-8,linked from https://texas.public.law/statutes/tex._gov%27t_code_section_531.0736,,raw/texas/texas__tex-gov-t-code-section-531-069__43d9d9c8ac.html,text/texas/texas__tex-gov-t-code-section-531-069__43d9d9c8ac.txt
Texas,https://texas.public.law/statutes/tex._gov't_code_section_531.0691,collected,200,text/html; charset=utf-8,linked from https://texas.public.law/statutes/tex._gov%27t_code_section_531.0736,,raw/texas/texas__tex-gov-t-code-section-531-0691__8044450abe.html,text/texas/texas__tex-gov-t-code-section-531-0691__8044450abe.txt
Texas,https://texas.public.law/statutes/tex._gov't_code_section_531.0693,collected,200,text/html; charset=utf-8,linked from https://texas.public.law/statutes/tex._gov%27t_code_section_531.0736,,raw/texas/texas__tex-gov-t-code-section-531-0693__b7694e02cc.html,text/texas/texas__tex-gov-t-code-section-531-0693__b7694e02cc.txt
Texas,https://texas.public.law/statutes/tex._gov't_code_section_531.070,collected,200,text/html; charset=utf-8,linked from https://texas.public.law/statutes/tex._gov%27t_code_section_531.0736,,raw/texas/texas__tex-gov-t-code-section-531-070__04c4fe2522.html,text/texas/texas__tex-gov-t-code-section-531-070__04c4fe2522.txt
Texas,https://texas.public.law/statutes/tex._gov't_code_section_531.071,collected,200,text/html; charset=utf-8,linked from https://texas.public.law/statutes/tex._gov%27t_code_section_531.0736,,raw/texas/texas__tex-gov-t-code-section-531-071__f0664026cb.html,text/texas/texas__tex-gov-t-code-section-531-071__f0664026cb.txt
Texas,https://texas.public.law/statutes/tex._gov't_code_section_531.072,collected,200,text/html; charset=utf-8,linked from https://texas.public.law/statutes/tex._gov%27t_code_section_531.0736,,raw/texas/texas__tex-gov-t-code-section-531-072__bee674052d.html,text/texas/texas__tex-gov-t-code-section-531-072__bee674052d.txt
Texas,https://texas.public.law/statutes/tex._gov't_code_section_531.073,collected,200,text/html; charset=utf-8,linked from https://texas.public.law/statutes/tex._gov%27t_code_section_531.0736,,raw/texas/texas__tex-gov-t-code-section-531-073__90cbeb1fca.html,text/texas/texas__tex-gov-t-code-section-531-073__90cbeb1fca.txt
Texas,https://texas.public.law/statutes/tex._gov't_code_section_531.0735,collected,200,text/html; charset=utf-8,linked from https://texas.public.law/statutes/tex._gov%27t_code_section_531.0736,,raw/texas/texas__tex-gov-t-code-section-531-0735__2c57802817.html,text/texas/texas__tex-gov-t-code-section-531-0735__2c57802817.txt
Texas,https://texas.public.law/statutes/tex._gov't_code_section_531.0736,collected,200,text/html; charset=utf-8,linked from https://texas.public.law/statutes/tex._gov%27t_code_section_531.0736,,raw/texas/texas__tex-gov-t-code-section-531-0736__7143dce323.html,text/texas/texas__tex-gov-t-code-section-531-0736__7143dce323.txt
Texas,https://texas.public.law/statutes/tex._gov't_code_section_531.0737,collected,200,text/html; charset=utf-8,linked from https://texas.public.law/statutes/tex._gov%27t_code_section_531.0736,,raw/texas/texas__tex-gov-t-code-section-531-0737__e98286efd1.html,text/texas/texas__tex-gov-t-code-section-531-0737__e98286efd1.txt
Texas,https://texas.public.law/statutes/tex._gov't_code_section_531.0741,collected,200,text/html; charset=utf-8,linked from https://texas.public.law/statutes/tex._gov%27t_code_section_531.0736,,raw/texas/texas__tex-gov-t-code-section-531-0741__6fb012a058.html,text/texas/texas__tex-gov-t-code-section-531-0741__6fb012a058.txt
Texas,https://texas.public.law/statutes/tex._gov't_code_section_531.075,collected,200,text/html; charset=utf-8,linked from https://texas.public.law/statutes/tex._gov%27t_code_section_531.0736,,raw/texas/texas__tex-gov-t-code-section-531-075__247b0f28f0.html,text/texas/texas__tex-gov-t-code-section-531-075__247b0f28f0.txt
Texas,https://texas.public.law/statutes/tex._gov't_code_section_531.076,collected,200,text/html; charset=utf-8,linked from https://texas.public.law/statutes/tex._gov%27t_code_section_531.0736,,raw/texas/texas__tex-gov-t-code-section-531-076__165d9477c9.html,text/texas/texas__tex-gov-t-code-section-531-076__165d9477c9.txt
Texas,https://texas.public.law/statutes/tex._gov't_code_section_531.084,collected,200,text/html; charset=utf-8,linked from https://texas.public.law/statutes/tex._gov%27t_code_section_531.0736,,raw/texas/texas__tex-gov-t-code-section-531-084__26837b80ed.html,text/texas/texas__tex-gov-t-code-section-531-084__26837b80ed.txt
Texas,https://texas.public.law/statutes/tex._gov't_code_section_531.0843,collected,200,text/html; charset=utf-8,linked from https://texas.public.law/statutes/tex._gov%27t_code_section_531.0736,,raw/texas/texas__tex-gov-t-code-section-531-0843__788d603d59.html,text/texas/texas__tex-gov-t-code-section-531-0843__788d603d59.txt
Texas,https://texas.public.law/statutes/tex._gov't_code_section_531.090,collected,200,text/html; charset=utf-8,linked from https://texas.public.law/statutes/tex._gov%27t_code_section_531.0736,,raw/texas/texas__tex-gov-t-code-section-531-090__170953c623.html,text/texas/texas__tex-gov-t-code-section-531-090__170953c623.txt
Texas,https://texas.public.law/statutes/tex._gov't_code_section_531.099,collected,200,text/html; charset=utf-8,linked from https://texas.public.law/statutes/tex._gov%27t_code_section_531.0736,,raw/texas/texas__tex-gov-t-code-section-531-099__0952d84e68.html,text/texas/texas__tex-gov-t-code-section-531-099__0952d84e68.txt
Texas,https://texas.public.law/statutes/tex._gov't_code_section_531.0998,collected,200,text/html; charset=utf-8,linked from https://texas.public.law/statutes/tex._gov%27t_code_section_531.0736,,raw/texas/texas__tex-gov-t-code-section-531-0998__82f5aa9898.html,text/texas/texas__tex-gov-t-code-section-531-0998__82f5aa9898.txt
Texas,https://texas.public.law/statutes/tex._gov't_code_section_531.1024,collected,200,text/html; charset=utf-8,linked from https://texas.public.law/statutes/tex._gov%27t_code_section_531.0736,,raw/texas/texas__tex-gov-t-code-section-531-1024__2b8e5ee11c.html,text/texas/texas__tex-gov-t-code-section-531-1024__2b8e5ee11c.txt
Texas,https://texas.public.law/statutes/tex._gov't_code_section_531.109,collected,200,text/html; charset=utf-8,linked from https://texas.public.law/statutes/tex._gov%27t_code_section_531.0736,,raw/texas/texas__tex-gov-t-code-section-531-109__fdac696df3.html,text/texas/texas__tex-gov-t-code-section-531-109__fdac696df3.txt
Texas,https://texas.public.law/statutes/tex._gov't_code_section_531.120,collected,200,text/html; charset=utf-8,linked from https://texas.public.law/statutes/tex._gov%27t_code_section_531.0736,,raw/texas/texas__tex-gov-t-code-section-531-120__8357a2e1cb.html,text/texas/texas__tex-gov-t-code-section-531-120__8357a2e1cb.txt
Texas,https://texas.public.law/statutes/tex._gov't_code_section_531.1202,collected,200,text/html; charset=utf-8,linked from https://texas.public.law/statutes/tex._gov%27t_code_section_531.0736,,raw/texas/texas__tex-gov-t-code-section-531-1202__098c81128b.html,text/texas/texas__tex-gov-t-code-section-531-1202__098c81128b.txt
Texas,https://texas.public.law/statutes/tex._gov't_code_section_531.152,collected,200,text/html; charset=utf-8,linked from https://texas.public.law/statutes/tex._gov%27t_code_section_531.0736,,raw/texas/texas__tex-gov-t-code-section-531-152__b46f424bae.html,text/texas/texas__tex-gov-t-code-section-531-152__b46f424bae.txt
Texas,https://texas.public.law/statutes/tex._gov't_code_section_531.171,collected,200,text/html; charset=utf-8,linked from https://texas.public.law/statutes/tex._gov%27t_code_section_531.0736,,raw/texas/texas__tex-gov-t-code-section-531-171__747bce50d9.html,text/texas/texas__tex-gov-t-code-section-531-171__747bce50d9.txt
Texas,https://texas.public.law/statutes/tex._gov't_code_section_531.202,collected,200,text/html; charset=utf-8,linked from https://texas.public.law/statutes/tex._gov%27t_code_section_531.0736,,raw/texas/texas__tex-gov-t-code-section-531-202__d7d1cac4bf.html,text/texas/texas__tex-gov-t-code-section-531-202__d7d1cac4bf.txt
Texas,https://texas.public.law/statutes/tex._gov't_code_section_531.424,collected,200,text/html; charset=utf-8,linked from https://texas.public.law/statutes/tex._gov%27t_code_section_531.0736,,raw/texas/texas__tex-gov-t-code-section-531-424__00e3e5a0a6.html,text/texas/texas__tex-gov-t-code-section-531-424__00e3e5a0a6.txt
Texas,https://texas.public.law/statutes/tex._gov't_code_section_531.475,collected,200,text/html; charset=utf-8,linked from https://texas.public.law/statutes/tex._gov%27t_code_section_531.0736,,raw/texas/texas__tex-gov-t-code-section-531-475__3d09047084.html,text/texas/texas__tex-gov-t-code-section-531-475__3d09047084.txt
Texas,https://texas.public.law/statutes/tex._gov't_code_section_531.477,collected,200,text/html; charset=utf-8,linked from https://texas.public.law/statutes/tex._gov%27t_code_section_531.0736,,raw/texas/texas__tex-gov-t-code-section-531-477__474b11c850.html,text/texas/texas__tex-gov-t-code-section-531-477__474b11c850.txt
Texas,https://texas.public.law/statutes/tex._gov't_code_section_531.496,collected,200,text/html; charset=utf-8,linked from https://texas.public.law/statutes/tex._gov%27t_code_section_531.0736,,raw/texas/texas__tex-gov-t-code-section-531-496__e69984981d.html,text/texas/texas__tex-gov-t-code-section-531-496__e69984981d.txt
Texas,https://texas.public.law/statutes/tex._gov't_code_section_531.506,collected,200,text/html; charset=utf-8,linked from https://texas.public.law/statutes/tex._gov%27t_code_section_531.0736,,raw/texas/texas__tex-gov-t-code-section-531-506__c628748ce0.html,text/texas/texas__tex-gov-t-code-section-531-506__c628748ce0.txt
Texas,https://texas.public.law/statutes/tex._gov't_code_section_531.507,collected,200,text/html; charset=utf-8,linked from https://texas.public.law/statutes/tex._gov%27t_code_section_531.0736,,raw/texas/texas__tex-gov-t-code-section-531-507__96fc3d3715.html,text/texas/texas__tex-gov-t-code-section-531-507__96fc3d3715.txt
Texas,https://texas.public.law/statutes/tex._gov't_code_section_531.851,collected,200,text/html; charset=utf-8,linked from https://texas.public.law/statutes/tex._gov%27t_code_section_531.0736,,raw/texas/texas__tex-gov-t-code-section-531-851__e62def6d3a.html,text/texas/texas__tex-gov-t-code-section-531-851__e62def6d3a.txt
Texas,https://texas.public.law/statutes/tex._gov't_code_section_531.853,collected,200,text/html; charset=utf-8,linked from https://texas.public.law/statutes/tex._gov%27t_code_section_531.0736,,raw/texas/texas__tex-gov-t-code-section-531-853__2390fc44be.html,text/texas/texas__tex-gov-t-code-section-531-853__2390fc44be.txt
Texas,https://texas.public.law/statutes/tex._gov't_code_section_531.855,collected,200,text/html; charset=utf-8,linked from https://texas.public.law/statutes/tex._gov%27t_code_section_531.0736,,raw/texas/texas__tex-gov-t-code-section-531-855__6ed6bed636.html,text/texas/texas__tex-gov-t-code-section-531-855__6ed6bed636.txt
Texas,https://texas.public.law/statutes/tex._gov't_code_section_531.952,collected,200,text/html; charset=utf-8,linked from https://texas.public.law/statutes/tex._gov%27t_code_section_531.0736,,raw/texas/texas__tex-gov-t-code-section-531-952__a5251c4a0d.html,text/texas/texas__tex-gov-t-code-section-531-952__a5251c4a0d.txt
Texas,https://texas.public.law/statutes/tex._gov't_code_section_531.953,collected,200,text/html; charset=utf-8,linked from https://texas.public.law/statutes/tex._gov%27t_code_section_531.0736,,raw/texas/texas__tex-gov-t-code-section-531-953__cd2cfdf546.html,text/texas/texas__tex-gov-t-code-section-531-953__cd2cfdf546.txt
Texas,https://texas.public.law/statutes/tex._gov't_code_title_10_subtitle_c_chapter_2110,collected,200,text/html; charset=utf-8,linked from https://texas.public.law/statutes/tex._gov%27t_code_section_531.0736,,raw/texas/texas__tex-gov-t-code-title-10-subtitle-c-chapter-2110__9567f1e074.html,text/texas/texas__tex-gov-t-code-title-10-subtitle-c-chapter-2110__9567f1e074.txt
Texas,https://www.public.law/privacy-policy,collected,200,text/html; charset=utf-8,linked from https://texas.public.law/statutes/tex._gov%27t_code_section_531.0736,,raw/texas/texas__privacy-policy__2d5b426a99.html,text/texas/texas__privacy-policy__2d5b426a99.txt
Texas,https://www.tmhp.com/news/2025-07-09-agenda-july-25-2025-dur-board-meeting-now-available,collected,200,text/html; charset=UTF-8,seed,,raw/texas/texas__2025-07-09-agenda-july-25-2025-dur-board-meeting-now-available__776136304d.html,text/texas/texas__2025-07-09-agenda-july-25-2025-dur-board-meeting-now-available__776136304d.txt
Texas,https://www.tmhp.com/news/2025-10-14-agenda-october-24-2025-dur-board-meeting-now-available,collected,200,text/html; charset=UTF-8,seed,,raw/texas/texas__2025-10-14-agenda-october-24-2025-dur-board-meeting-now-available__acb4f7b938.html,text/texas/texas__2025-10-14-agenda-october-24-2025-dur-board-meeting-now-available__acb4f7b938.txt
Texas,https://www.tmhp.com/news/2026-01-13-agenda-january-23-2026-texas-dur-board-meeting-now-available,collected,200,text/html; charset=UTF-8,seed,,raw/texas/texas__2026-01-13-agenda-january-23-2026-texas-dur-board-meeting-now-available__bbfc96eab4.html,text/texas/texas__2026-01-13-agenda-january-23-2026-texas-dur-board-meeting-now-available__bbfc96eab4.txt
Texas,https://www.tmhp.com/news/2026-04-08-agenda-april-24-2026-dur-board-meeting-now-available,collected,200,text/html; charset=UTF-8,seed,,raw/texas/texas__2026-04-08-agenda-april-24-2026-dur-board-meeting-now-available__0e5959d035.html,text/texas/texas__2026-04-08-agenda-april-24-2026-dur-board-meeting-now-available__0e5959d035.txt
Texas,https://www.tmhp.com/programs/vendor-drug-program,collected,200,text/html; charset=UTF-8,linked from https://www.tmhp.com/news/2025-07-09-agenda-july-25-2025-dur-board-meeting-now-available,,raw/texas/texas__vendor-drug-program__420a8c95b2.html,text/texas/texas__vendor-drug-program__420a8c95b2.txt
Texas,https://www.tmhp.com/resources/rate-and-code-updates,collected,200,text/html; charset=UTF-8,linked from https://www.tmhp.com/news/2025-07-09-agenda-july-25-2025-dur-board-meeting-now-available,,raw/texas/texas__rate-and-code-updates__beb7a69676.html,text/texas/texas__rate-and-code-updates__beb7a69676.txt
Texas,https://www.tmhp.com/topics/prior-authorization,collected,200,text/html; charset=UTF-8,linked from https://www.tmhp.com/news/2025-07-09-agenda-july-25-2025-dur-board-meeting-now-available,,raw/texas/texas__prior-authorization__a2701e51fa.html,text/texas/texas__prior-authorization__a2701e51fa.txt
Utah,https://medicaid.utah.gov/pharmacy-program/drug-utilization-review-board/?folder=pharmacy/drugutilization/files/DUR Annual Reports/,blocked_or_failed,,None,linked from https://medicaid.utah.gov/pharmacy-program/drug-utilization-review-board/,InvalidURL: URL can't contain control characters. '/pharmacy-program/drug-utilization-review-board/?folder=pharmacy/drugutilization/files/DUR Annual Reports/' (found at least ' '),raw/utah/utah__drug-utilization-review-board__a57d96bd23.error.txt,text/utah/utah__drug-utilization-review-board__a57d96bd23.error.txt
Utah,https://medicaid.utah.gov/pharmacy-program/drug-utilization-review-board/?folder=pharmacy/drugutilization/files/DUR Board Minutes/,blocked_or_failed,,None,linked from https://medicaid.utah.gov/pharmacy-program/drug-utilization-review-board/,InvalidURL: URL can't contain control characters. '/pharmacy-program/drug-utilization-review-board/?folder=pharmacy/drugutilization/files/DUR Board Minutes/' (found at least ' '),raw/utah/utah__drug-utilization-review-board__e8e23ff4bd.error.txt,text/utah/utah__drug-utilization-review-board__e8e23ff4bd.error.txt
Utah,https://medicaid.utah.gov/pharmacy-program/preferred-drug-list/?folder=pharmacy/PDL/files/PDL Archive/,blocked_or_failed,,None,linked from https://medicaid.utah.gov/pharmacy-program/preferred-drug-list/,InvalidURL: URL can't contain control characters. '/pharmacy-program/preferred-drug-list/?folder=pharmacy/PDL/files/PDL Archive/' (found at least ' '),raw/utah/utah__preferred-drug-list__2ae49a6bec.error.txt,text/utah/utah__preferred-drug-list__2ae49a6bec.error.txt
Utah,https://medicaid.utah.gov/wp-json/oembed/1.0/embed?url=https%3A%2F%2Fmedicaid.utah.gov%2Fpharmacy-program%2Fdrug-utilization-review-board%2F,blocked_or_failed,400,application/json; charset=UTF-8,linked from https://medicaid.utah.gov/pharmacy-program/drug-utilization-review-board/,HTTP 400,raw/utah/utah__embed__cb43695b67.error.txt,text/utah/utah__embed__cb43695b67.error.txt
Utah,https://medicaid.utah.gov/wp-json/oembed/1.0/embed?url=https%3A%2F%2Fmedicaid.utah.gov%2Fpharmacy-program%2Fdrug-utilization-review-board%2F&format=xml,blocked_or_failed,400,application/json; charset=UTF-8,linked from https://medicaid.utah.gov/pharmacy-program/drug-utilization-review-board/,HTTP 400,raw/utah/utah__embed__84cd9f5894.error.txt,text/utah/utah__embed__84cd9f5894.error.txt
Utah,https://medicaid.utah.gov/wp-json/oembed/1.0/embed?url=https%3A%2F%2Fmedicaid.utah.gov%2Fpharmacy-program%2Fpreferred-drug-list%2F,blocked_or_failed,400,application/json; charset=UTF-8,linked from https://medicaid.utah.gov/pharmacy-program/preferred-drug-list/,HTTP 400,raw/utah/utah__embed__cdef686f2c.error.txt,text/utah/utah__embed__cdef686f2c.error.txt
Utah,https://medicaid.utah.gov/wp-json/oembed/1.0/embed?url=https%3A%2F%2Fmedicaid.utah.gov%2Fpharmacy-program%2Fpreferred-drug-list%2F&format=xml,blocked_or_failed,400,application/json; charset=UTF-8,linked from https://medicaid.utah.gov/pharmacy-program/preferred-drug-list/,HTTP 400,raw/utah/utah__embed__e84c5b78e3.error.txt,text/utah/utah__embed__e84c5b78e3.error.txt
Utah,https://medicaid.utah.gov/wp-json/oembed/1.0/embed?url=https%3A%2F%2Fmedicaid.utah.gov%2Fpharmacy-program%2Fpt-committee%2F,blocked_or_failed,400,application/json; charset=UTF-8,linked from https://medicaid.utah.gov/pharmacy-program/pt-committee/,HTTP 400,raw/utah/utah__embed__1145c33d22.error.txt,text/utah/utah__embed__1145c33d22.error.txt
Utah,https://medicaid.utah.gov/wp-json/oembed/1.0/embed?url=https%3A%2F%2Fmedicaid.utah.gov%2Fpharmacy-program%2Fpt-committee%2F&format=xml,blocked_or_failed,400,application/json; charset=UTF-8,linked from https://medicaid.utah.gov/pharmacy-program/pt-committee/,HTTP 400,raw/utah/utah__embed__ef33f2ff51.error.txt,text/utah/utah__embed__ef33f2ff51.error.txt
Utah,https://medicaid-documents.dhhs.utah.gov/Documents/pdfs/MemberGuide2025.pdf,collected,200,application/pdf,linked from https://medicaid.utah.gov/pharmacy-program/pt-committee/,,raw/utah/utah__memberguide2025-pdf__7c41c2f4b3.pdf,text/utah/utah__memberguide2025-pdf__7c41c2f4b3.txt
Utah,https://medicaid-documents.dhhs.utah.gov/pharmacy%2FPDL%2Ffiles%2FUtah+Medicaid+PDL+%2805-01-26%29.pdf,collected,200,application/pdf,linked from https://medicaid.utah.gov/pharmacy-program/preferred-drug-list/,,raw/utah/utah__pharmacy-pdl-files-utah-medicaid-pdl-05-01-26-pdf__0b7efde374.pdf,text/utah/utah__pharmacy-pdl-files-utah-medicaid-pdl-05-01-26-pdf__0b7efde374.txt
Utah,https://medicaid-documents.dhhs.utah.gov/pharmacy%2Fdrugutilization%2Ffiles%2FDUR+By-Laws.pdf,collected,200,application/pdf,linked from https://medicaid.utah.gov/pharmacy-program/drug-utilization-review-board/,,raw/utah/utah__pharmacy-drugutilization-files-dur-by-laws-pdf__a844788b0d.pdf,text/utah/utah__pharmacy-drugutilization-files-dur-by-laws-pdf__a844788b0d.txt
Utah,https://medicaid-documents.dhhs.utah.gov/pharmacy%2Fptcommittee%2Ffiles%2FP%26T+Committee+By-Laws.pdf,collected,200,application/pdf,linked from https://medicaid.utah.gov/pharmacy-program/pt-committee/,,raw/utah/utah__pharmacy-ptcommittee-files-p-t-committee-by-laws-pdf__8d551770af.pdf,text/utah/utah__pharmacy-ptcommittee-files-p-t-committee-by-laws-pdf__8d551770af.txt
Utah,https://medicaid.utah.gov/boards-and-committees/,collected,200,text/html; charset=UTF-8,linked from https://medicaid.utah.gov/pharmacy-program/pt-committee/,,raw/utah/utah__boards-and-committees__89488f57f1.html,text/utah/utah__boards-and-committees__89488f57f1.txt
Utah,https://medicaid.utah.gov/coverage-and-reimbursement/,collected,200,text/html; charset=UTF-8,linked from https://medicaid.utah.gov/pharmacy-program/pt-committee/,,raw/utah/utah__coverage-and-reimbursement__f26ee32658.html,text/utah/utah__coverage-and-reimbursement__f26ee32658.txt
Utah,https://medicaid.utah.gov/meet-the-new-medicaid-director/,collected,200,text/html; charset=UTF-8,linked from https://medicaid.utah.gov/pharmacy-program/pt-committee/,,raw/utah/utah__meet-the-new-medicaid-director__f51879ee3b.html,text/utah/utah__meet-the-new-medicaid-director__f51879ee3b.txt
Utah,https://medicaid.utah.gov/nondiscrimination-policy/,collected,200,text/html; charset=UTF-8,linked from https://medicaid.utah.gov/pharmacy-program/pt-committee/,,raw/utah/utah__nondiscrimination-policy__39e9544f54.html,text/utah/utah__nondiscrimination-policy__39e9544f54.txt
Utah,https://medicaid.utah.gov/pharmacy-program/,collected,200,text/html; charset=UTF-8,linked from https://medicaid.utah.gov/pharmacy-program/pt-committee/,,raw/utah/utah__pharmacy-program__714048f1d9.html,text/utah/utah__pharmacy-program__714048f1d9.txt
Utah,https://medicaid.utah.gov/pharmacy-program/drug-utilization-review-board/,collected,200,text/html; charset=UTF-8,seed,,raw/utah/utah__drug-utilization-review-board__57d62e4d98.html,text/utah/utah__drug-utilization-review-board__57d62e4d98.txt
Utah,https://medicaid.utah.gov/pharmacy-program/drug-utilization-review-board/?folder=pharmacy/drugutilization/files/DUR,collected,200,text/html; charset=UTF-8,linked from https://medicaid.utah.gov/pharmacy-program/drug-utilization-review-board/,,raw/utah/utah__drug-utilization-review-board__03c7777e9b.html,text/utah/utah__drug-utilization-review-board__03c7777e9b.txt
Utah,https://medicaid.utah.gov/pharmacy-program/drug-utilization-review-dur-program/,collected,200,text/html; charset=UTF-8,linked from https://medicaid.utah.gov/pharmacy-program/pt-committee/,,raw/utah/utah__drug-utilization-review-dur-program__3ea92566bb.html,text/utah/utah__drug-utilization-review-dur-program__3ea92566bb.txt
Utah,https://medicaid.utah.gov/pharmacy-program/medication-therapy-management-services/,collected,200,text/html; charset=UTF-8,linked from https://medicaid.utah.gov/pharmacy-program/pt-committee/,,raw/utah/utah__medication-therapy-management-services__6742affa28.html,text/utah/utah__medication-therapy-management-services__6742affa28.txt
Utah,https://medicaid.utah.gov/pharmacy-program/preferred-drug-list/,collected,200,text/html; charset=UTF-8,seed,,raw/utah/utah__preferred-drug-list__2472d9f78c.html,text/utah/utah__preferred-drug-list__2472d9f78c.txt
Utah,https://medicaid.utah.gov/pharmacy-program/preferred-drug-list/?folder=pharmacy/PDL/files/PDL,collected,200,text/html; charset=UTF-8,linked from https://medicaid.utah.gov/pharmacy-program/preferred-drug-list/,,raw/utah/utah__preferred-drug-list__8bf161a5f7.html,text/utah/utah__preferred-drug-list__8bf161a5f7.txt
Utah,https://medicaid.utah.gov/pharmacy-program/pt-committee/,collected,200,text/html; charset=UTF-8,seed,,raw/utah/utah__pt-committee__9286cac2cc.html,text/utah/utah__pt-committee__9286cac2cc.txt
Utah,https://medicaid.utah.gov/pharmacy-program/pt-committee/?folder=pharmacy/ptcommittee/files/Minutes/,collected,200,text/html; charset=UTF-8,linked from https://medicaid.utah.gov/pharmacy-program/pt-committee/,,raw/utah/utah__pt-committee__87636fd6be.html,text/utah/utah__pt-committee__87636fd6be.txt
Utah,https://medicaid.utah.gov/pharmacy-program/resource-library/,collected,200,text/html; charset=UTF-8,linked from https://medicaid.utah.gov/pharmacy-program/pt-committee/,,raw/utah/utah__resource-library__bac8b3e6ef.html,text/utah/utah__resource-library__bac8b3e6ef.txt
Utah,https://medicaid.utah.gov/pharmacy/preferred-drug-list,collected,200,text/html; charset=UTF-8,linked from https://medicaid.utah.gov/pharmacy-program/pt-committee/,,raw/utah/utah__preferred-drug-list__693007f05e.html,text/utah/utah__preferred-drug-list__693007f05e.txt
Utah,https://medicaid.utah.gov/pharmacy/prior-authorization,collected,200,text/html; charset=UTF-8,linked from https://medicaid.utah.gov/pharmacy-program/pt-committee/,,raw/utah/utah__prior-authorization__16e57129e0.html,text/utah/utah__prior-authorization__16e57129e0.txt
Utah,https://medicaid.utah.gov/pharmacy/pt-committee,collected,200,text/html; charset=UTF-8,linked from https://www.utah.gov/pmn/sitemap/publicbody/1041.html,,raw/utah/utah__pt-committee__b2eef7981d.html,text/utah/utah__pt-committee__b2eef7981d.txt
Utah,https://medicaid.utah.gov/pharmacy/ptcommittee/files/P%26T%20Committee%20By-Laws.pdf,collected,200,application/pdf,seed,,raw/utah/utah__p-t-committee-by-laws-pdf__fac6491957.pdf,text/utah/utah__p-t-committee-by-laws-pdf__fac6491957.txt
Utah,https://medicaid.utah.gov/prior-authorization/,collected,200,text/html; charset=UTF-8,linked from https://medicaid.utah.gov/pharmacy-program/pt-committee/,,raw/utah/utah__prior-authorization__4d4e60e410.html,text/utah/utah__prior-authorization__4d4e60e410.txt
Utah,https://medicaid.utah.gov/wp-content/themes/pro/cornerstone/assets/js/site/cs-classic.7.8.8.js?ver=7.8.8,collected,200,application/javascript,linked from https://medicaid.utah.gov/pharmacy-program/pt-committee/,,raw/utah/utah__cs-classic-7-8-8-js__9c4af0c41b.bin,text/utah/utah__cs-classic-7-8-8-js__9c4af0c41b.txt
Utah,https://www.utah.gov/pmn/,collected,200,text/html;charset=UTF-8,linked from https://www.utah.gov/pmn/sitemap/publicbody/1041.html,,raw/utah/utah__pmn__28a8ae097b.html,text/utah/utah__pmn__28a8ae097b.txt
Utah,https://www.utah.gov/pmn/index.html,collected,200,text/html;charset=UTF-8,linked from https://medicaid.utah.gov/pharmacy-program/pt-committee/,,raw/utah/utah__index-html__78bd9854e8.html,text/utah/utah__index-html__78bd9854e8.txt
Utah,https://www.utah.gov/pmn/sitemap/notice/1020441.html,collected,200,text/html;charset=UTF-8,seed,,raw/utah/utah__1020441-html__79eb98f218.html,text/utah/utah__1020441-html__79eb98f218.txt
Utah,https://www.utah.gov/pmn/sitemap/notice/1034949.html,collected,200,text/html;charset=UTF-8,seed,,raw/utah/utah__1034949-html__1146f5e27d.html,text/utah/utah__1034949-html__1146f5e27d.txt
Utah,https://www.utah.gov/pmn/sitemap/notice/1057969.html,collected,200,text/html;charset=UTF-8,seed,,raw/utah/utah__1057969-html__bbe7a31316.html,text/utah/utah__1057969-html__bbe7a31316.txt
Utah,https://www.utah.gov/pmn/sitemap/notice/1078513.html,collected,200,text/html;charset=UTF-8,linked from https://www.utah.gov/pmn/sitemap/publicbody/1041.html,,raw/utah/utah__1078513-html__88bab7a775.html,text/utah/utah__1078513-html__88bab7a775.txt
Utah,https://www.utah.gov/pmn/sitemap/noticehistory/244733.html,collected,200,text/html;charset=UTF-8,linked from https://www.utah.gov/pmn/sitemap/notice/1020441.html,,raw/utah/utah__244733-html__66b4966889.html,text/utah/utah__244733-html__66b4966889.txt
Utah,https://www.utah.gov/pmn/sitemap/noticehistory/260927.html,collected,200,text/html;charset=UTF-8,linked from https://www.utah.gov/pmn/sitemap/notice/1034949.html,,raw/utah/utah__260927-html__c6d4bd57b3.html,text/utah/utah__260927-html__c6d4bd57b3.txt
Utah,https://www.utah.gov/pmn/sitemap/noticehistory/261377.html,collected,200,text/html;charset=UTF-8,linked from https://www.utah.gov/pmn/sitemap/notice/1034949.html,,raw/utah/utah__261377-html__2f921ece2e.html,text/utah/utah__261377-html__2f921ece2e.txt
Utah,https://www.utah.gov/pmn/sitemap/noticeical/1020441.ics,collected,200,text/calendar;charset=UTF-8,linked from https://www.utah.gov/pmn/sitemap/notice/1020441.html,,raw/utah/utah__1020441-ics__15a441f2d8.txt,text/utah/utah__1020441-ics__15a441f2d8.txt
Utah,https://www.utah.gov/pmn/sitemap/noticeical/1034949.ics,collected,200,text/calendar;charset=UTF-8,linked from https://www.utah.gov/pmn/sitemap/notice/1034949.html,,raw/utah/utah__1034949-ics__12e32c932d.txt,text/utah/utah__1034949-ics__12e32c932d.txt
Utah,https://www.utah.gov/pmn/sitemap/noticeical/1057969.ics,collected,200,text/calendar;charset=UTF-8,linked from https://www.utah.gov/pmn/sitemap/notice/1057969.html,,raw/utah/utah__1057969-ics__16736b275b.txt,text/utah/utah__1057969-ics__16736b275b.txt
Utah,https://www.utah.gov/pmn/sitemap/publicbody/1041.html,collected,200,text/html;charset=UTF-8,seed,,raw/utah/utah__1041-html__ae11ad429d.html,text/utah/utah__1041-html__ae11ad429d.txt
Vermont,https://dvha.vermont.gov/advisory-boards/drug-utilization-review-board,blocked_or_failed,403,text/html,seed,HTTP 403,raw/vermont/vermont__drug-utilization-review-board__a6128fa813.error.txt,text/vermont/vermont__drug-utilization-review-board__a6128fa813.error.txt
Vermont,https://dvha.vermont.gov/sites/dvha/files/documents/DrugUtilizationReviewBoardPoliciesAndProcedures_20250203.pdf,blocked_or_failed,403,text/html,seed,HTTP 403,raw/vermont/vermont__drugutilizationreviewboardpoliciesandprocedures-20250203-pdf__28610d3c74.error.txt,text/vermont/vermont__drugutilizationreviewboardpoliciesandprocedures-20250203-pdf__28610d3c74.error.txt
Vermont,https://dvha.vermont.gov/sites/dvha/files/documents/PharmacyNewsletterDecember2024.pdf,blocked_or_failed,403,text/html,seed,HTTP 403,raw/vermont/vermont__pharmacynewsletterdecember2024-pdf__0da3e6b1a5.error.txt,text/vermont/vermont__pharmacynewsletterdecember2024-pdf__0da3e6b1a5.error.txt
Vermont,https://legislature.vermont.gov/Documents/2026/Docs/CALENDAR/hc260528.pdf?20260527080005,collected,200,application/pdf,linked from https://legislature.vermont.gov/statutes/section/33/019/01999,,raw/vermont/vermont__hc260528-pdf__d7285cd473.pdf,text/vermont/vermont__hc260528-pdf__d7285cd473.txt
Vermont,https://legislature.vermont.gov/Documents/2026/Docs/CALENDAR/sc260528.pdf?20260527065804,collected,200,application/pdf,linked from https://legislature.vermont.gov/statutes/section/33/019/01999,,raw/vermont/vermont__sc260528-pdf__77fd818c36.pdf,text/vermont/vermont__sc260528-pdf__77fd818c36.txt
Vermont,https://legislature.vermont.gov/Documents/2026/Docs/JOURNAL/hj260527.pdf?20260527070004,collected,200,application/pdf,linked from https://legislature.vermont.gov/statutes/section/33/019/01999,,raw/vermont/vermont__hj260527-pdf__6040dc1007.pdf,text/vermont/vermont__hj260527-pdf__6040dc1007.txt
Vermont,https://legislature.vermont.gov/Documents/2026/Docs/JOURNAL/sj260527.pdf?20260527065804,collected,200,application/pdf,linked from https://legislature.vermont.gov/statutes/section/33/019/01999,,raw/vermont/vermont__sj260527-pdf__327dabc267.pdf,text/vermont/vermont__sj260527-pdf__327dabc267.txt
Vermont,https://legislature.vermont.gov/assets/All-Senate-Documents/Joint-Rules.pdf,collected,200,application/pdf,linked from https://legislature.vermont.gov/statutes/section/33/019/01999,,raw/vermont/vermont__joint-rules-pdf__e35dffcca6.pdf,text/vermont/vermont__joint-rules-pdf__e35dffcca6.txt
Vermont,https://legislature.vermont.gov/assets/All-Senate-Documents/Senate-Rules.pdf,collected,200,application/pdf,linked from https://legislature.vermont.gov/statutes/section/33/019/01999,,raw/vermont/vermont__senate-rules-pdf__73c0f1ce8c.pdf,text/vermont/vermont__senate-rules-pdf__73c0f1ce8c.txt
Vermont,https://legislature.vermont.gov/assets/All-SgtArms-Documents/Legislative-Calendar.pdf,collected,200,application/pdf,linked from https://legislature.vermont.gov/statutes/section/33/019/01999,,raw/vermont/vermont__legislative-calendar-pdf__ec34cd3768.pdf,text/vermont/vermont__legislative-calendar-pdf__ec34cd3768.txt
Vermont,https://legislature.vermont.gov/assets/Legislative-Reports/DVHA-Pharmacy-Best-Practices-Cost-Control-2025.pdf,collected,200,application/pdf,seed,,raw/vermont/vermont__dvha-pharmacy-best-practices-cost-control-2025-pdf__52d1f498a1.pdf,text/vermont/vermont__dvha-pharmacy-best-practices-cost-control-2025-pdf__52d1f498a1.txt
Vermont,https://legislature.vermont.gov/assets/Legislative-Reports/PRA-Exemption-List-by-Subject-2020.pdf,collected,200,application/pdf,linked from https://legislature.vermont.gov/statutes/section/33/019/01999,,raw/vermont/vermont__pra-exemption-list-by-subject-2020-pdf__eb01ed7a80.pdf,text/vermont/vermont__pra-exemption-list-by-subject-2020-pdf__eb01ed7a80.txt
Vermont,https://legislature.vermont.gov/assets/Legislative-Reports/PRA-Exemption-List-in-Order-2020.pdf,collected,200,application/pdf,linked from https://legislature.vermont.gov/statutes/section/33/019/01999,,raw/vermont/vermont__pra-exemption-list-in-order-2020-pdf__4e96330f6a.pdf,text/vermont/vermont__pra-exemption-list-in-order-2020-pdf__4e96330f6a.txt
Vermont,https://legislature.vermont.gov/assets/Legislative-Reports/PRA-Exemptions-Subject-to-1-VSA-317d2.pdf,collected,200,application/pdf,linked from https://legislature.vermont.gov/statutes/section/33/019/01999,,raw/vermont/vermont__pra-exemptions-subject-to-1-vsa-317d2-pdf__94fc28eecd.pdf,text/vermont/vermont__pra-exemptions-subject-to-1-vsa-317d2-pdf__94fc28eecd.txt
Vermont,https://legislature.vermont.gov/assets/Rules/House-Rules.pdf,collected,200,application/pdf,linked from https://legislature.vermont.gov/statutes/section/33/019/01999,,raw/vermont/vermont__house-rules-pdf__37844bc492.pdf,text/vermont/vermont__house-rules-pdf__37844bc492.txt
Vermont,https://legislature.vermont.gov/bill/bills-in-out-committee/2026,collected,200,text/html; charset=utf-8,linked from https://legislature.vermont.gov/statutes/section/33/019/01999,,raw/vermont/vermont__2026__6b04fdf24a.html,text/vermont/vermont__2026__6b04fdf24a.txt
Vermont,https://legislature.vermont.gov/committee/,collected,200,text/html; charset=utf-8,linked from https://legislature.vermont.gov/statutes/section/33/019/01999,,raw/vermont/vermont__committee__0c7d2a4863.html,text/vermont/vermont__committee__0c7d2a4863.txt
Vermont,https://legislature.vermont.gov/committee/committeesofconference/2026,collected,200,text/html; charset=utf-8,linked from https://legislature.vermont.gov/statutes/section/33/019/01999,,raw/vermont/vermont__2026__30ca9e5c58.html,text/vermont/vermont__2026__30ca9e5c58.txt
Vermont,https://legislature.vermont.gov/committee/detail/2026/10,collected,200,text/html; charset=utf-8,linked from https://legislature.vermont.gov/statutes/section/33/019/01999,,raw/vermont/vermont__10__7eeb198749.html,text/vermont/vermont__10__7eeb198749.txt
Vermont,https://legislature.vermont.gov/committee/detail/2026/11,collected,200,text/html; charset=utf-8,linked from https://legislature.vermont.gov/statutes/section/33/019/01999,,raw/vermont/vermont__11__d3f73604bf.html,text/vermont/vermont__11__d3f73604bf.txt
Vermont,https://legislature.vermont.gov/committee/detail/2026/12,collected,200,text/html; charset=utf-8,linked from https://legislature.vermont.gov/statutes/section/33/019/01999,,raw/vermont/vermont__12__83f998eda5.html,text/vermont/vermont__12__83f998eda5.txt
Vermont,https://legislature.vermont.gov/committee/detail/2026/13,collected,200,text/html; charset=utf-8,linked from https://legislature.vermont.gov/statutes/section/33/019/01999,,raw/vermont/vermont__13__98d2b308a3.html,text/vermont/vermont__13__98d2b308a3.txt
Vermont,https://legislature.vermont.gov/committee/detail/2026/14,collected,200,text/html; charset=utf-8,linked from https://legislature.vermont.gov/statutes/section/33/019/01999,,raw/vermont/vermont__14__c6270b60fa.html,text/vermont/vermont__14__c6270b60fa.txt
Vermont,https://legislature.vermont.gov/committee/detail/2026/15,collected,200,text/html; charset=utf-8,linked from https://legislature.vermont.gov/statutes/section/33/019/01999,,raw/vermont/vermont__15__948f5abcaa.html,text/vermont/vermont__15__948f5abcaa.txt
Vermont,https://legislature.vermont.gov/committee/detail/2026/16,collected,200,text/html; charset=utf-8,linked from https://legislature.vermont.gov/statutes/section/33/019/01999,,raw/vermont/vermont__16__135bb66c34.html,text/vermont/vermont__16__135bb66c34.txt
Vermont,https://legislature.vermont.gov/committee/detail/2026/17,collected,200,text/html; charset=utf-8,linked from https://legislature.vermont.gov/statutes/section/33/019/01999,,raw/vermont/vermont__17__ce8a18f3fe.html,text/vermont/vermont__17__ce8a18f3fe.txt
Vermont,https://legislature.vermont.gov/committee/detail/2026/18,collected,200,text/html; charset=utf-8,linked from https://legislature.vermont.gov/statutes/section/33/019/01999,,raw/vermont/vermont__18__1c61fc4085.html,text/vermont/vermont__18__1c61fc4085.txt
Vermont,https://legislature.vermont.gov/committee/detail/2026/19,collected,200,text/html; charset=utf-8,linked from https://legislature.vermont.gov/statutes/section/33/019/01999,,raw/vermont/vermont__19__aecffe830a.html,text/vermont/vermont__19__aecffe830a.txt
Vermont,https://legislature.vermont.gov/committee/detail/2026/20,collected,200,text/html; charset=utf-8,linked from https://legislature.vermont.gov/statutes/section/33/019/01999,,raw/vermont/vermont__20__7df9174ac5.html,text/vermont/vermont__20__7df9174ac5.txt
Vermont,https://legislature.vermont.gov/committee/detail/2026/21,collected,200,text/html; charset=utf-8,linked from https://legislature.vermont.gov/statutes/section/33/019/01999,,raw/vermont/vermont__21__2d2ea0c783.html,text/vermont/vermont__21__2d2ea0c783.txt
Vermont,https://legislature.vermont.gov/committee/detail/2026/22,collected,200,text/html; charset=utf-8,linked from https://legislature.vermont.gov/statutes/section/33/019/01999,,raw/vermont/vermont__22__703cd10baa.html,text/vermont/vermont__22__703cd10baa.txt
Vermont,https://legislature.vermont.gov/committee/detail/2026/23,collected,200,text/html; charset=utf-8,linked from https://legislature.vermont.gov/statutes/section/33/019/01999,,raw/vermont/vermont__23__65fa8e7e6c.html,text/vermont/vermont__23__65fa8e7e6c.txt
Vermont,https://legislature.vermont.gov/committee/detail/2026/24,collected,200,text/html; charset=utf-8,linked from https://legislature.vermont.gov/statutes/section/33/019/01999,,raw/vermont/vermont__24__68938dea6d.html,text/vermont/vermont__24__68938dea6d.txt
Vermont,https://legislature.vermont.gov/committee/detail/2026/25,collected,200,text/html; charset=utf-8,linked from https://legislature.vermont.gov/statutes/section/33/019/01999,,raw/vermont/vermont__25__afeaf0be02.html,text/vermont/vermont__25__afeaf0be02.txt
Vermont,https://legislature.vermont.gov/committee/detail/2026/26,collected,200,text/html; charset=utf-8,linked from https://legislature.vermont.gov/statutes/section/33/019/01999,,raw/vermont/vermont__26__7cac203dbd.html,text/vermont/vermont__26__7cac203dbd.txt
Vermont,https://legislature.vermont.gov/committee/detail/2026/27,collected,200,text/html; charset=utf-8,linked from https://legislature.vermont.gov/statutes/section/33/019/01999,,raw/vermont/vermont__27__8f69be9b25.html,text/vermont/vermont__27__8f69be9b25.txt
Vermont,https://legislature.vermont.gov/committee/detail/2026/28,collected,200,text/html; charset=utf-8,linked from https://legislature.vermont.gov/statutes/section/33/019/01999,,raw/vermont/vermont__28__f74762cee9.html,text/vermont/vermont__28__f74762cee9.txt
Vermont,https://legislature.vermont.gov/committee/detail/2026/29,collected,200,text/html; charset=utf-8,linked from https://legislature.vermont.gov/statutes/section/33/019/01999,,raw/vermont/vermont__29__504cb9db2c.html,text/vermont/vermont__29__504cb9db2c.txt
Vermont,https://legislature.vermont.gov/committee/detail/2026/30,collected,200,text/html; charset=utf-8,linked from https://legislature.vermont.gov/statutes/section/33/019/01999,,raw/vermont/vermont__30__169f1b57cf.html,text/vermont/vermont__30__169f1b57cf.txt
Vermont,https://legislature.vermont.gov/committee/detail/2026/31,collected,200,text/html; charset=utf-8,linked from https://legislature.vermont.gov/statutes/section/33/019/01999,,raw/vermont/vermont__31__1a18d4996a.html,text/vermont/vermont__31__1a18d4996a.txt
Vermont,https://legislature.vermont.gov/committee/detail/2026/32,collected,200,text/html; charset=utf-8,linked from https://legislature.vermont.gov/statutes/section/33/019/01999,,raw/vermont/vermont__32__5d759de318.html,text/vermont/vermont__32__5d759de318.txt
Vermont,https://legislature.vermont.gov/committee/detail/2026/324,collected,200,text/html; charset=utf-8,linked from https://legislature.vermont.gov/statutes/section/33/019/01999,,raw/vermont/vermont__324__1ae725de4e.html,text/vermont/vermont__324__1ae725de4e.txt
Vermont,https://legislature.vermont.gov/committee/detail/2026/326,collected,200,text/html; charset=utf-8,linked from https://legislature.vermont.gov/statutes/section/33/019/01999,,raw/vermont/vermont__326__443d252c98.html,text/vermont/vermont__326__443d252c98.txt
Vermont,https://legislature.vermont.gov/committee/detail/2026/335,collected,200,text/html; charset=utf-8,linked from https://legislature.vermont.gov/statutes/section/33/019/01999,,raw/vermont/vermont__335__c7ee182af9.html,text/vermont/vermont__335__c7ee182af9.txt
Vermont,https://legislature.vermont.gov/committee/detail/2026/340,collected,200,text/html; charset=utf-8,linked from https://legislature.vermont.gov/statutes/section/33/019/01999,,raw/vermont/vermont__340__7384d72a4a.html,text/vermont/vermont__340__7384d72a4a.txt
Vermont,https://legislature.vermont.gov/committee/detail/2026/346,collected,200,text/html; charset=utf-8,linked from https://legislature.vermont.gov/statutes/section/33/019/01999,,raw/vermont/vermont__346__54b2140b7d.html,text/vermont/vermont__346__54b2140b7d.txt
Vermont,https://legislature.vermont.gov/committee/detail/2026/39,collected,200,text/html; charset=utf-8,linked from https://legislature.vermont.gov/statutes/section/33/019/01999,,raw/vermont/vermont__39__bc2ba772be.html,text/vermont/vermont__39__bc2ba772be.txt
Vermont,https://legislature.vermont.gov/committee/detail/2026/48,collected,200,text/html; charset=utf-8,linked from https://legislature.vermont.gov/statutes/section/33/019/01999,,raw/vermont/vermont__48__b58b017666.html,text/vermont/vermont__48__b58b017666.txt
Vermont,https://legislature.vermont.gov/committee/detail/2026/49,collected,200,text/html; charset=utf-8,linked from https://legislature.vermont.gov/statutes/section/33/019/01999,,raw/vermont/vermont__49__f950e69305.html,text/vermont/vermont__49__f950e69305.txt
Vermont,https://legislature.vermont.gov/committee/detail/2026/8,collected,200,text/html; charset=utf-8,linked from https://legislature.vermont.gov/statutes/section/33/019/01999,,raw/vermont/vermont__8__49af5ae2e7.html,text/vermont/vermont__8__49af5ae2e7.txt
Vermont,https://legislature.vermont.gov/committee/detail/2026/9,collected,200,text/html; charset=utf-8,linked from https://legislature.vermont.gov/statutes/section/33/019/01999,,raw/vermont/vermont__9__06ec51e397.html,text/vermont/vermont__9__06ec51e397.txt
Vermont,https://legislature.vermont.gov/committee/list/2026/,collected,200,text/html; charset=utf-8,linked from https://legislature.vermont.gov/statutes/section/33/019/01999,,raw/vermont/vermont__2026__650fc5cd37.html,text/vermont/vermont__2026__650fc5cd37.txt
Vermont,https://legislature.vermont.gov/committee/list/2026/House-Standing,collected,200,text/html; charset=utf-8,linked from https://legislature.vermont.gov/statutes/section/33/019/01999,,raw/vermont/vermont__house-standing__854fb69c53.html,text/vermont/vermont__house-standing__854fb69c53.txt
Vermont,https://legislature.vermont.gov/committee/list/2026/Joint-Committee,collected,200,text/html; charset=utf-8,linked from https://legislature.vermont.gov/statutes/section/33/019/01999,,raw/vermont/vermont__joint-committee__e401688b6b.html,text/vermont/vermont__joint-committee__e401688b6b.txt
Vermont,https://legislature.vermont.gov/committee/list/2026/Other-Committee,collected,200,text/html; charset=utf-8,linked from https://legislature.vermont.gov/statutes/section/33/019/01999,,raw/vermont/vermont__other-committee__f8bf6f10ea.html,text/vermont/vermont__other-committee__f8bf6f10ea.txt
Vermont,https://legislature.vermont.gov/committee/list/2026/Senate-Standing,collected,200,text/html; charset=utf-8,linked from https://legislature.vermont.gov/statutes/section/33/019/01999,,raw/vermont/vermont__senate-standing__2e4c85e4f4.html,text/vermont/vermont__senate-standing__2e4c85e4f4.txt
Vermont,https://legislature.vermont.gov/committee/meetings/2026,collected,200,text/html; charset=utf-8,linked from https://legislature.vermont.gov/statutes/section/33/019/01999,,raw/vermont/vermont__2026__55283c5179.html,text/vermont/vermont__2026__55283c5179.txt
Vermont,https://legislature.vermont.gov/committee/streaming/,collected,200,text/html; charset=utf-8,linked from https://legislature.vermont.gov/statutes/section/33/019/01999,,raw/vermont/vermont__streaming__fb91efcdbb.html,text/vermont/vermont__streaming__fb91efcdbb.txt
Vermont,https://legislature.vermont.gov/committee/weeklyAgendas/2026,collected,200,text/html; charset=utf-8,linked from https://legislature.vermont.gov/statutes/section/33/019/01999,,raw/vermont/vermont__2026__93c7b2fd42.html,text/vermont/vermont__2026__93c7b2fd42.txt
Vermont,https://legislature.vermont.gov/home/noteworthy/scheduled-committee-meetings/,collected,200,text/html; charset=utf-8,linked from https://legislature.vermont.gov/statutes/section/33/019/01999,,raw/vermont/vermont__scheduled-committee-meetings__ee4662b83b.html,text/vermont/vermont__scheduled-committee-meetings__ee4662b83b.txt
Vermont,https://legislature.vermont.gov/statutes/section/33/019/01999,collected,200,text/html; charset=utf-8,seed,,raw/vermont/vermont__01999__33792ec330.html,text/vermont/vermont__01999__33792ec330.txt
Vermont,https://legislature.vermont.gov/the-state-house/civic-education/about-legislative-committees/,collected,200,text/html; charset=utf-8,linked from https://legislature.vermont.gov/statutes/section/33/019/01999,,raw/vermont/vermont__about-legislative-committees__ec82c67c8b.html,text/vermont/vermont__about-legislative-committees__ec82c67c8b.txt
Virginia,https://www.dmas.virginia.gov/about-us/board-of-medical-assistance-services/,blocked_or_failed,404,text/html; charset=utf-8,linked from https://www.dmas.virginia.gov/about-us/boards-and-public-meetings/2024-boards-and-public-meetings/,HTTP 404,raw/virginia/virginia__board-of-medical-assistance-services__386ccf7148.error.txt,text/virginia/virginia__board-of-medical-assistance-services__386ccf7148.error.txt
Virginia,https://dmas.virginia.gov/media/3606/dmas-upd_notice-of-privacy-practices_01-14-2020_hhs_template-for-healthcareplans.pdf,collected,200,application/pdf,linked from https://vamedicaid.dmas.virginia.gov/bulletin/virginia-medicaid-drug-utilization-review-board-approved-updates-and-preferred-drug-list,,raw/virginia/virginia__dmas-upd-notice-of-privacy-practices-01-14-2020-hhs-template-for-healthcareplans-pdf__c13380fbc8.pdf,text/virginia/virginia__dmas-upd-notice-of-privacy-practices-01-14-2020-hhs-template-for-healthcareplans-pdf__c13380fbc8.txt
Virginia,https://dmas.virginia.gov/non-discrimination-notice/,collected,200,text/html; charset=utf-8,linked from https://vamedicaid.dmas.virginia.gov/bulletin/virginia-medicaid-drug-utilization-review-board-approved-updates-and-preferred-drug-list,,raw/virginia/virginia__non-discrimination-notice__d10c2a3357.html,text/virginia/virginia__non-discrimination-notice__d10c2a3357.txt
Virginia,https://townhall.virginia.gov/,collected,200,text/html;charset=UTF-8,linked from https://www.dmas.virginia.gov/about-us/boards-and-public-meetings/2024-boards-and-public-meetings/,,raw/virginia/virginia__townhall-virginia-gov__b6dd3d7a05.html,text/virginia/virginia__townhall-virginia-gov__b6dd3d7a05.txt
Virginia,https://townhall.virginia.gov/L/ListBoards.cfm,collected,200,text/html;charset=UTF-8,linked from https://townhall.virginia.gov/l/Meetings.cfm?AgencyNumber=602&time=Past,,raw/virginia/virginia__listboards-cfm__1608cd4cc2.html,text/virginia/virginia__listboards-cfm__1608cd4cc2.txt
Virginia,https://townhall.virginia.gov/L/Meetings.cfm?AgencyNumber=602,collected,200,text/html;charset=UTF-8,linked from https://www.dmas.virginia.gov/about-us/boards-and-public-meetings/2024-boards-and-public-meetings/,,raw/virginia/virginia__meetings-cfm__aa99a52288.html,text/virginia/virginia__meetings-cfm__aa99a52288.txt
Virginia,https://townhall.virginia.gov/L/generalnotice.cfm,collected,200,text/html;charset=UTF-8,linked from https://townhall.virginia.gov/l/Meetings.cfm?AgencyNumber=602&time=Past,,raw/virginia/virginia__generalnotice-cfm__7c27c7e689.html,text/virginia/virginia__generalnotice-cfm__7c27c7e689.txt
Virginia,https://townhall.virginia.gov/L/meetings.cfm?time=today,collected,200,text/html;charset=UTF-8,linked from https://townhall.virginia.gov/l/Meetings.cfm?AgencyNumber=602&time=Past,,raw/virginia/virginia__meetings-cfm__7dfe214c3e.html,text/virginia/virginia__meetings-cfm__7dfe214c3e.txt
Virginia,https://townhall.virginia.gov/L/previews.cfm,collected,200,text/html;charset=UTF-8,linked from https://townhall.virginia.gov/l/Meetings.cfm?AgencyNumber=602&time=Past,,raw/virginia/virginia__previews-cfm__04910ab8ef.html,text/virginia/virginia__previews-cfm__04910ab8ef.txt
Virginia,https://townhall.virginia.gov/l/GetFile.cfm?File=64%5C1422%5C2952%5CText_DMAS_2952_v1.pdf,collected,200,application/pdf;charset=UTF-8,seed,,raw/virginia/virginia__getfile-cfm__08d0d458ea.pdf,text/virginia/virginia__getfile-cfm__08d0d458ea.txt
Virginia,https://townhall.virginia.gov/l/GetFile.cfm?File=Meeting\64\40248\Agenda_DMAS_40248_v3.pdf,collected,200,application/pdf;charset=UTF-8,linked from https://townhall.virginia.gov/l/Meetings.cfm?AgencyNumber=602&time=Past,,raw/virginia/virginia__getfile-cfm__ad4a89e58c.pdf,text/virginia/virginia__getfile-cfm__ad4a89e58c.txt
Virginia,https://townhall.virginia.gov/l/GetFile.cfm?File=Meeting\64\40248\Minutes_DMAS_40248_v1.pdf,collected,200,application/pdf;charset=UTF-8,linked from https://townhall.virginia.gov/l/Meetings.cfm?AgencyNumber=602&time=Past,,raw/virginia/virginia__getfile-cfm__92ce0c571c.pdf,text/virginia/virginia__getfile-cfm__92ce0c571c.txt
Virginia,https://townhall.virginia.gov/l/GetFile.cfm?File=Meeting\64\40249\Agenda_DMAS_40249_v2.pdf,collected,200,application/pdf;charset=UTF-8,linked from https://townhall.virginia.gov/l/Meetings.cfm?AgencyNumber=602&time=Past,,raw/virginia/virginia__getfile-cfm__1ec720442a.pdf,text/virginia/virginia__getfile-cfm__1ec720442a.txt
Virginia,https://townhall.virginia.gov/l/GetFile.cfm?File=Meeting\64\40249\Minutes_DMAS_40249_v1.pdf,collected,200,application/pdf;charset=UTF-8,linked from https://townhall.virginia.gov/l/Meetings.cfm?AgencyNumber=602&time=Past,,raw/virginia/virginia__getfile-cfm__67cb80e990.pdf,text/virginia/virginia__getfile-cfm__67cb80e990.txt
Virginia,https://townhall.virginia.gov/l/GetFile.cfm?File=Meeting\64\40335\Agenda_DMAS_40335_v1.pdf,collected,200,application/pdf;charset=UTF-8,linked from https://townhall.virginia.gov/l/Meetings.cfm?AgencyNumber=602&time=Past,,raw/virginia/virginia__getfile-cfm__2ed6e7dc4a.pdf,text/virginia/virginia__getfile-cfm__2ed6e7dc4a.txt
Virginia,https://townhall.virginia.gov/l/GetFile.cfm?File=Meeting\64\40428\Agenda_DMAS_40428_v1.pdf,collected,200,application/pdf;charset=UTF-8,linked from https://townhall.virginia.gov/l/Meetings.cfm?AgencyNumber=602&time=Past,,raw/virginia/virginia__getfile-cfm__ed9b8b7355.pdf,text/virginia/virginia__getfile-cfm__ed9b8b7355.txt
Virginia,https://townhall.virginia.gov/l/GetFile.cfm?File=Meeting\64\40428\Minutes_DMAS_40428_v1.pdf,collected,200,application/pdf;charset=UTF-8,linked from https://townhall.virginia.gov/l/Meetings.cfm?AgencyNumber=602&time=Past,,raw/virginia/virginia__getfile-cfm__6e2c5abd2e.pdf,text/virginia/virginia__getfile-cfm__6e2c5abd2e.txt
Virginia,https://townhall.virginia.gov/l/GetFile.cfm?File=Meeting\64\40429\Agenda_DMAS_40429_v1.pdf,collected,200,application/pdf;charset=UTF-8,linked from https://townhall.virginia.gov/l/Meetings.cfm?AgencyNumber=602&time=Past,,raw/virginia/virginia__getfile-cfm__052fee1471.pdf,text/virginia/virginia__getfile-cfm__052fee1471.txt
Virginia,https://townhall.virginia.gov/l/GetFile.cfm?File=Meeting\64\40430\Agenda_DMAS_40430_v2.pdf,collected,200,application/pdf;charset=UTF-8,linked from https://townhall.virginia.gov/l/Meetings.cfm?AgencyNumber=602&time=Past,,raw/virginia/virginia__getfile-cfm__2dc1dbc89f.pdf,text/virginia/virginia__getfile-cfm__2dc1dbc89f.txt
Virginia,https://townhall.virginia.gov/l/GetFile.cfm?File=Meeting\64\40430\Minutes_DMAS_40430_v2.pdf,collected,200,application/pdf;charset=UTF-8,linked from https://townhall.virginia.gov/l/Meetings.cfm?AgencyNumber=602&time=Past,,raw/virginia/virginia__getfile-cfm__5d44d9d6bd.pdf,text/virginia/virginia__getfile-cfm__5d44d9d6bd.txt
Virginia,https://townhall.virginia.gov/l/GetFile.cfm?File=Meeting\64\40432\Agenda_DMAS_40432_v2.pdf,collected,200,application/pdf;charset=UTF-8,linked from https://townhall.virginia.gov/l/Meetings.cfm?AgencyNumber=602&time=Past,,raw/virginia/virginia__getfile-cfm__2d764d46c9.pdf,text/virginia/virginia__getfile-cfm__2d764d46c9.txt
Virginia,https://townhall.virginia.gov/l/GetFile.cfm?File=Meeting\64\40432\Minutes_DMAS_40432_v1.pdf,collected,200,application/pdf;charset=UTF-8,linked from https://townhall.virginia.gov/l/Meetings.cfm?AgencyNumber=602&time=Past,,raw/virginia/virginia__getfile-cfm__8fc56808e9.pdf,text/virginia/virginia__getfile-cfm__8fc56808e9.txt
Virginia,https://townhall.virginia.gov/l/GetFile.cfm?File=Meeting\64\40435\Agenda_DMAS_40435_v1.pdf,collected,200,application/pdf;charset=UTF-8,linked from https://townhall.virginia.gov/l/Meetings.cfm?AgencyNumber=602&time=Past,,raw/virginia/virginia__getfile-cfm__0a7134f3dd.pdf,text/virginia/virginia__getfile-cfm__0a7134f3dd.txt
Virginia,https://townhall.virginia.gov/l/GetFile.cfm?File=Meeting\64\40436\Agenda_DMAS_40436_v4.pdf,collected,200,application/pdf;charset=UTF-8,linked from https://townhall.virginia.gov/l/Meetings.cfm?AgencyNumber=602&time=Past,,raw/virginia/virginia__getfile-cfm__0c6821ea3c.pdf,text/virginia/virginia__getfile-cfm__0c6821ea3c.txt
Virginia,https://townhall.virginia.gov/l/GetFile.cfm?File=Meeting\64\40436\Minutes_DMAS_40436_v1.pdf,collected,200,application/pdf;charset=UTF-8,linked from https://townhall.virginia.gov/l/Meetings.cfm?AgencyNumber=602&time=Past,,raw/virginia/virginia__getfile-cfm__7731cf8fb0.pdf,text/virginia/virginia__getfile-cfm__7731cf8fb0.txt
Virginia,https://townhall.virginia.gov/l/GetFile.cfm?File=Meeting\64\40439\Agenda_DMAS_40439_v5.pdf,collected,200,application/pdf;charset=UTF-8,linked from https://townhall.virginia.gov/l/Meetings.cfm?AgencyNumber=602&time=Past,,raw/virginia/virginia__getfile-cfm__f620d28594.pdf,text/virginia/virginia__getfile-cfm__f620d28594.txt
Virginia,https://townhall.virginia.gov/l/GetFile.cfm?File=Meeting\64\40439\Minutes_DMAS_40439_v2.pdf,collected,200,application/pdf;charset=UTF-8,linked from https://townhall.virginia.gov/l/Meetings.cfm?AgencyNumber=602&time=Past,,raw/virginia/virginia__getfile-cfm__2ecf9e7765.pdf,text/virginia/virginia__getfile-cfm__2ecf9e7765.txt
Virginia,https://townhall.virginia.gov/l/GetFile.cfm?File=Meeting\64\40440\Agenda_DMAS_40440_v2.pdf,collected,200,application/pdf;charset=UTF-8,linked from https://townhall.virginia.gov/l/Meetings.cfm?AgencyNumber=602&time=Past,,raw/virginia/virginia__getfile-cfm__2b679010d2.pdf,text/virginia/virginia__getfile-cfm__2b679010d2.txt
Virginia,https://townhall.virginia.gov/l/GetFile.cfm?File=Meeting\64\40440\Minutes_DMAS_40440_v2.pdf,collected,200,application/pdf;charset=UTF-8,linked from https://townhall.virginia.gov/l/Meetings.cfm?AgencyNumber=602&time=Past,,raw/virginia/virginia__getfile-cfm__31a2715c25.pdf,text/virginia/virginia__getfile-cfm__31a2715c25.txt
Virginia,https://townhall.virginia.gov/l/GetFile.cfm?File=Meeting\64\40443\Agenda_DMAS_40443_v1.pdf,collected,200,application/pdf;charset=UTF-8,linked from https://townhall.virginia.gov/l/Meetings.cfm?AgencyNumber=602&time=Past,,raw/virginia/virginia__getfile-cfm__dfa88ee7a2.pdf,text/virginia/virginia__getfile-cfm__dfa88ee7a2.txt
Virginia,https://townhall.virginia.gov/l/GetFile.cfm?File=Meeting\64\40443\Minutes_DMAS_40443_v2.pdf,collected,200,application/pdf;charset=UTF-8,linked from https://townhall.virginia.gov/l/Meetings.cfm?AgencyNumber=602&time=Past,,raw/virginia/virginia__getfile-cfm__fe229e5956.pdf,text/virginia/virginia__getfile-cfm__fe229e5956.txt
Virginia,https://townhall.virginia.gov/l/GetFile.cfm?File=Meeting\64\40444\Agenda_DMAS_40444_v2.pdf,collected,200,application/pdf;charset=UTF-8,linked from https://townhall.virginia.gov/l/Meetings.cfm?AgencyNumber=602&time=Past,,raw/virginia/virginia__getfile-cfm__610fa4da42.pdf,text/virginia/virginia__getfile-cfm__610fa4da42.txt
Virginia,https://townhall.virginia.gov/l/GetFile.cfm?File=Meeting\64\40444\Minutes_DMAS_40444_v1.pdf,collected,200,application/pdf;charset=UTF-8,linked from https://townhall.virginia.gov/l/Meetings.cfm?AgencyNumber=602&time=Past,,raw/virginia/virginia__getfile-cfm__610edb3881.pdf,text/virginia/virginia__getfile-cfm__610edb3881.txt
Virginia,https://townhall.virginia.gov/l/GetFile.cfm?File=Meeting\64\40447\Agenda_DMAS_40447_v1.pdf,collected,200,application/pdf;charset=UTF-8,linked from https://townhall.virginia.gov/l/Meetings.cfm?AgencyNumber=602&time=Past,,raw/virginia/virginia__getfile-cfm__a323c13faf.pdf,text/virginia/virginia__getfile-cfm__a323c13faf.txt
Virginia,https://townhall.virginia.gov/l/GetFile.cfm?File=Meeting\64\40447\Minutes_DMAS_40447_v1.pdf,collected,200,application/pdf;charset=UTF-8,linked from https://townhall.virginia.gov/l/Meetings.cfm?AgencyNumber=602&time=Past,,raw/virginia/virginia__getfile-cfm__3bfa064b78.pdf,text/virginia/virginia__getfile-cfm__3bfa064b78.txt
Virginia,https://townhall.virginia.gov/l/GetFile.cfm?File=Meeting\64\41825\Agenda_DMAS_41825_v1.pdf,collected,200,application/pdf;charset=UTF-8,linked from https://townhall.virginia.gov/l/Meetings.cfm?AgencyNumber=602&time=Past,,raw/virginia/virginia__getfile-cfm__f4be871bfe.pdf,text/virginia/virginia__getfile-cfm__f4be871bfe.txt
Virginia,https://townhall.virginia.gov/l/GetFile.cfm?File=Meeting\64\41826\Agenda_DMAS_new_v1.pdf,collected,200,application/pdf;charset=UTF-8,linked from https://townhall.virginia.gov/l/Meetings.cfm?AgencyNumber=602&time=Past,,raw/virginia/virginia__getfile-cfm__7e7f8e5c2a.pdf,text/virginia/virginia__getfile-cfm__7e7f8e5c2a.txt
Virginia,https://townhall.virginia.gov/l/GetFile.cfm?File=Meeting\64\41883\Agenda_DMAS_41883_v1.pdf,collected,200,application/pdf;charset=UTF-8,linked from https://townhall.virginia.gov/l/Meetings.cfm?AgencyNumber=602&time=Past,,raw/virginia/virginia__getfile-cfm__b3fda5606f.pdf,text/virginia/virginia__getfile-cfm__b3fda5606f.txt
Virginia,https://townhall.virginia.gov/l/GetFile.cfm?File=Meeting\64\41883\Minutes_DMAS_41883_v1.pdf,collected,200,application/pdf;charset=UTF-8,linked from https://townhall.virginia.gov/l/Meetings.cfm?AgencyNumber=602&time=Past,,raw/virginia/virginia__getfile-cfm__010bc92f7d.pdf,text/virginia/virginia__getfile-cfm__010bc92f7d.txt
Virginia,https://townhall.virginia.gov/l/GetFile.cfm?File=Meeting\64\42099\Agenda_DMAS_42099_v5.pdf,collected,200,application/pdf;charset=UTF-8,linked from https://townhall.virginia.gov/l/Meetings.cfm?AgencyNumber=602&time=Past,,raw/virginia/virginia__getfile-cfm__8e67b201e4.pdf,text/virginia/virginia__getfile-cfm__8e67b201e4.txt
Virginia,https://townhall.virginia.gov/l/GetFile.cfm?File=Meeting\64\42174\Agenda_DMAS_42174_v3.pdf,collected,200,application/pdf;charset=UTF-8,linked from https://townhall.virginia.gov/l/Meetings.cfm?AgencyNumber=602&time=Past,,raw/virginia/virginia__getfile-cfm__e3e6471e37.pdf,text/virginia/virginia__getfile-cfm__e3e6471e37.txt
Virginia,https://townhall.virginia.gov/l/GetFile.cfm?File=Meeting\64\42175\Agenda_DMAS_42175_v1.pdf,collected,200,application/pdf;charset=UTF-8,linked from https://townhall.virginia.gov/l/Meetings.cfm?AgencyNumber=602&time=Past,,raw/virginia/virginia__getfile-cfm__4ed3a1e065.pdf,text/virginia/virginia__getfile-cfm__4ed3a1e065.txt
Virginia,https://townhall.virginia.gov/l/GetFile.cfm?File=Meeting\64\42263\Agenda_DMAS_42263_v4.pdf,collected,200,application/pdf;charset=UTF-8,linked from https://townhall.virginia.gov/l/Meetings.cfm?AgencyNumber=602&time=Past,,raw/virginia/virginia__getfile-cfm__ac9122174c.pdf,text/virginia/virginia__getfile-cfm__ac9122174c.txt
Virginia,https://townhall.virginia.gov/l/GetFile.cfm?File=Meeting\64\42263\Minutes_DMAS_42263_v1.pdf,collected,200,application/pdf;charset=UTF-8,linked from https://townhall.virginia.gov/l/Meetings.cfm?AgencyNumber=602&time=Past,,raw/virginia/virginia__getfile-cfm__d6283b6baf.pdf,text/virginia/virginia__getfile-cfm__d6283b6baf.txt
Virginia,https://townhall.virginia.gov/l/GetFile.cfm?File=Meeting\64\42267\Agenda_DMAS_42267_v1.pdf,collected,200,application/pdf;charset=UTF-8,linked from https://townhall.virginia.gov/l/Meetings.cfm?AgencyNumber=602&time=Past,,raw/virginia/virginia__getfile-cfm__f8bad09d5b.pdf,text/virginia/virginia__getfile-cfm__f8bad09d5b.txt
Virginia,https://townhall.virginia.gov/l/GetFile.cfm?File=Meeting\64\42267\Minutes_DMAS_42267_v2.pdf,collected,200,application/pdf;charset=UTF-8,linked from https://townhall.virginia.gov/l/Meetings.cfm?AgencyNumber=602&time=Past,,raw/virginia/virginia__getfile-cfm__f9e7cd5dee.pdf,text/virginia/virginia__getfile-cfm__f9e7cd5dee.txt
Virginia,https://townhall.virginia.gov/l/GetFile.cfm?File=Meeting\64\42272\Agenda_DMAS_42272_v1.pdf,collected,200,application/pdf;charset=UTF-8,linked from https://townhall.virginia.gov/l/Meetings.cfm?AgencyNumber=602&time=Past,,raw/virginia/virginia__getfile-cfm__c02f2accb3.pdf,text/virginia/virginia__getfile-cfm__c02f2accb3.txt
Virginia,https://townhall.virginia.gov/l/GetFile.cfm?File=Meeting\64\42272\Minutes_DMAS_42272_v1.pdf,collected,200,application/pdf;charset=UTF-8,linked from https://townhall.virginia.gov/l/Meetings.cfm?AgencyNumber=602&time=Past,,raw/virginia/virginia__getfile-cfm__1cb54e1acd.pdf,text/virginia/virginia__getfile-cfm__1cb54e1acd.txt
Virginia,https://townhall.virginia.gov/l/GetFile.cfm?File=Meeting\64\42378\Agenda_DMAS_42378_v2.pdf,collected,200,application/pdf;charset=UTF-8,linked from https://townhall.virginia.gov/l/Meetings.cfm?AgencyNumber=602&time=Past,,raw/virginia/virginia__getfile-cfm__98379657b2.pdf,text/virginia/virginia__getfile-cfm__98379657b2.txt
Virginia,https://townhall.virginia.gov/l/GetFile.cfm?File=Meeting\64\42378\Minutes_DMAS_42378_v1.pdf,collected,200,application/pdf;charset=UTF-8,linked from https://townhall.virginia.gov/l/Meetings.cfm?AgencyNumber=602&time=Past,,raw/virginia/virginia__getfile-cfm__60f3189f33.pdf,text/virginia/virginia__getfile-cfm__60f3189f33.txt
Virginia,https://townhall.virginia.gov/l/GetFile.cfm?File=Meeting\64\42418\Agenda_DMAS_42418_v1.pdf,collected,200,application/pdf;charset=UTF-8,linked from https://townhall.virginia.gov/l/Meetings.cfm?AgencyNumber=602&time=Past,,raw/virginia/virginia__getfile-cfm__f1a0473687.pdf,text/virginia/virginia__getfile-cfm__f1a0473687.txt
Virginia,https://townhall.virginia.gov/l/GetFile.cfm?File=Meeting\64\42511\Agenda_DMAS_new_v1.pdf,collected,200,application/pdf;charset=UTF-8,linked from https://townhall.virginia.gov/l/Meetings.cfm?AgencyNumber=602&time=Past,,raw/virginia/virginia__getfile-cfm__435ca44477.pdf,text/virginia/virginia__getfile-cfm__435ca44477.txt
Virginia,https://townhall.virginia.gov/l/GetFile.cfm?File=Meeting\64\42511\Minutes_DMAS_42511_v1.pdf,collected,200,application/pdf;charset=UTF-8,linked from https://townhall.virginia.gov/l/Meetings.cfm?AgencyNumber=602&time=Past,,raw/virginia/virginia__getfile-cfm__c3bf300441.pdf,text/virginia/virginia__getfile-cfm__c3bf300441.txt
Virginia,https://townhall.virginia.gov/l/GetFile.cfm?File=Meeting\64\42685\Agenda_DMAS_42685_v4.pdf,collected,200,application/pdf;charset=UTF-8,linked from https://townhall.virginia.gov/l/Meetings.cfm?AgencyNumber=602&time=Past,,raw/virginia/virginia__getfile-cfm__0501ec0e3d.pdf,text/virginia/virginia__getfile-cfm__0501ec0e3d.txt
Virginia,https://townhall.virginia.gov/l/GetFile.cfm?File=Meeting\64\42685\Minutes_DMAS_42685_v1.pdf,collected,200,application/pdf;charset=UTF-8,linked from https://townhall.virginia.gov/l/Meetings.cfm?AgencyNumber=602&time=Past,,raw/virginia/virginia__getfile-cfm__089e6687b0.pdf,text/virginia/virginia__getfile-cfm__089e6687b0.txt
Virginia,https://townhall.virginia.gov/l/GetFile.cfm?File=Meeting\64\42862\Agenda_DMAS_42862_v1.pdf,collected,200,application/pdf;charset=UTF-8,linked from https://townhall.virginia.gov/l/Meetings.cfm?AgencyNumber=602&time=Past,,raw/virginia/virginia__getfile-cfm__cfea8d03fa.pdf,text/virginia/virginia__getfile-cfm__cfea8d03fa.txt
Virginia,https://townhall.virginia.gov/l/GetFile.cfm?File=Meeting\64\42862\Minutes_DMAS_42862_v1.pdf,collected,200,application/pdf;charset=UTF-8,linked from https://townhall.virginia.gov/l/Meetings.cfm?AgencyNumber=602&time=Past,,raw/virginia/virginia__getfile-cfm__7a5c312b17.pdf,text/virginia/virginia__getfile-cfm__7a5c312b17.txt
Virginia,https://townhall.virginia.gov/l/GetFile.cfm?File=Meeting\64\42931\Agenda_DMAS_42931_v2.pdf,collected,200,application/pdf;charset=UTF-8,linked from https://townhall.virginia.gov/l/Meetings.cfm?AgencyNumber=602&time=Past,,raw/virginia/virginia__getfile-cfm__319429675e.pdf,text/virginia/virginia__getfile-cfm__319429675e.txt
Virginia,https://townhall.virginia.gov/l/GetFile.cfm?File=Meeting\64\43153\Agenda_DMAS_43153_v1.pdf,collected,200,application/pdf;charset=UTF-8,linked from https://townhall.virginia.gov/l/Meetings.cfm?AgencyNumber=602&time=Past,,raw/virginia/virginia__getfile-cfm__3c2271ac29.pdf,text/virginia/virginia__getfile-cfm__3c2271ac29.txt
Virginia,https://townhall.virginia.gov/l/GetFile.cfm?File=Meeting\64\43188\Agenda_DMAS_43188_v4.pdf,collected,200,application/pdf;charset=UTF-8,linked from https://townhall.virginia.gov/l/Meetings.cfm?AgencyNumber=602&time=Past,,raw/virginia/virginia__getfile-cfm__f4ba9ea5d9.pdf,text/virginia/virginia__getfile-cfm__f4ba9ea5d9.txt
Virginia,https://townhall.virginia.gov/l/GetFile.cfm?File=Meeting\64\43281\Agenda_DMAS_43281_v1.pdf,collected,200,application/pdf;charset=UTF-8,linked from https://townhall.virginia.gov/l/Meetings.cfm?AgencyNumber=602&time=Past,,raw/virginia/virginia__getfile-cfm__e34cd1cb2b.pdf,text/virginia/virginia__getfile-cfm__e34cd1cb2b.txt
Virginia,https://townhall.virginia.gov/l/GetFile.cfm?File=Meeting\64\43281\Minutes_DMAS_43281_v1.pdf,collected,200,application/pdf;charset=UTF-8,linked from https://townhall.virginia.gov/l/Meetings.cfm?AgencyNumber=602&time=Past,,raw/virginia/virginia__getfile-cfm__b0de21bc16.pdf,text/virginia/virginia__getfile-cfm__b0de21bc16.txt
Virginia,https://townhall.virginia.gov/l/Meetings.cfm?AgencyNumber=602&time=Past,collected,200,text/html;charset=UTF-8,seed,,raw/virginia/virginia__meetings-cfm__b9f5c5b1bf.html,text/virginia/virginia__meetings-cfm__b9f5c5b1bf.txt
Virginia,https://townhall.virginia.gov/l/ViewMeeting.cfm?MeetingID=40248,collected,200,text/html;charset=UTF-8,linked from https://townhall.virginia.gov/l/Meetings.cfm?AgencyNumber=602&time=Past,,raw/virginia/virginia__viewmeeting-cfm__21be8015c4.html,text/virginia/virginia__viewmeeting-cfm__21be8015c4.txt
Virginia,https://townhall.virginia.gov/l/ViewMeeting.cfm?MeetingID=40249,collected,200,text/html;charset=UTF-8,linked from https://townhall.virginia.gov/l/Meetings.cfm?AgencyNumber=602&time=Past,,raw/virginia/virginia__viewmeeting-cfm__d300ec1f7d.html,text/virginia/virginia__viewmeeting-cfm__d300ec1f7d.txt
Virginia,https://townhall.virginia.gov/l/ViewMeeting.cfm?MeetingID=40335,collected,200,text/html;charset=UTF-8,linked from https://townhall.virginia.gov/l/Meetings.cfm?AgencyNumber=602&time=Past,,raw/virginia/virginia__viewmeeting-cfm__97323ad2be.html,text/virginia/virginia__viewmeeting-cfm__97323ad2be.txt
Virginia,https://townhall.virginia.gov/l/ViewMeeting.cfm?MeetingID=40337,collected,200,text/html;charset=UTF-8,linked from https://townhall.virginia.gov/l/Meetings.cfm?AgencyNumber=602&time=Past,,raw/virginia/virginia__viewmeeting-cfm__3ff0725cdc.html,text/virginia/virginia__viewmeeting-cfm__3ff0725cdc.txt
Virginia,https://townhall.virginia.gov/l/ViewMeeting.cfm?MeetingID=40428,collected,200,text/html;charset=UTF-8,linked from https://townhall.virginia.gov/l/Meetings.cfm?AgencyNumber=602&time=Past,,raw/virginia/virginia__viewmeeting-cfm__b00bd9e0e9.html,text/virginia/virginia__viewmeeting-cfm__b00bd9e0e9.txt
Virginia,https://townhall.virginia.gov/l/ViewMeeting.cfm?MeetingID=40429,collected,200,text/html;charset=UTF-8,linked from https://townhall.virginia.gov/l/Meetings.cfm?AgencyNumber=602&time=Past,,raw/virginia/virginia__viewmeeting-cfm__6fa0065f02.html,text/virginia/virginia__viewmeeting-cfm__6fa0065f02.txt
Virginia,https://townhall.virginia.gov/l/ViewMeeting.cfm?MeetingID=40430,collected,200,text/html;charset=UTF-8,linked from https://townhall.virginia.gov/l/Meetings.cfm?AgencyNumber=602&time=Past,,raw/virginia/virginia__viewmeeting-cfm__efd35652d3.html,text/virginia/virginia__viewmeeting-cfm__efd35652d3.txt
Virginia,https://townhall.virginia.gov/l/ViewMeeting.cfm?MeetingID=40431,collected,200,text/html;charset=UTF-8,linked from https://townhall.virginia.gov/l/Meetings.cfm?AgencyNumber=602&time=Past,,raw/virginia/virginia__viewmeeting-cfm__416ad58d45.html,text/virginia/virginia__viewmeeting-cfm__416ad58d45.txt
Virginia,https://townhall.virginia.gov/l/ViewMeeting.cfm?MeetingID=40432,collected,200,text/html;charset=UTF-8,linked from https://townhall.virginia.gov/l/Meetings.cfm?AgencyNumber=602&time=Past,,raw/virginia/virginia__viewmeeting-cfm__40e8a5e18e.html,text/virginia/virginia__viewmeeting-cfm__40e8a5e18e.txt
Virginia,https://townhall.virginia.gov/l/ViewMeeting.cfm?MeetingID=40435,collected,200,text/html;charset=UTF-8,linked from https://townhall.virginia.gov/l/Meetings.cfm?AgencyNumber=602&time=Past,,raw/virginia/virginia__viewmeeting-cfm__bff1115fcf.html,text/virginia/virginia__viewmeeting-cfm__bff1115fcf.txt
Virginia,https://townhall.virginia.gov/l/ViewMeeting.cfm?MeetingID=40436,collected,200,text/html;charset=UTF-8,linked from https://townhall.virginia.gov/l/Meetings.cfm?AgencyNumber=602&time=Past,,raw/virginia/virginia__viewmeeting-cfm__960deef850.html,text/virginia/virginia__viewmeeting-cfm__960deef850.txt
Virginia,https://townhall.virginia.gov/l/ViewMeeting.cfm?MeetingID=40439,collected,200,text/html;charset=UTF-8,linked from https://townhall.virginia.gov/l/Meetings.cfm?AgencyNumber=602&time=Past,,raw/virginia/virginia__viewmeeting-cfm__b4edb10ea4.html,text/virginia/virginia__viewmeeting-cfm__b4edb10ea4.txt
Virginia,https://townhall.virginia.gov/l/ViewMeeting.cfm?MeetingID=40440,collected,200,text/html;charset=UTF-8,linked from https://townhall.virginia.gov/l/Meetings.cfm?AgencyNumber=602&time=Past,,raw/virginia/virginia__viewmeeting-cfm__82acc006e2.html,text/virginia/virginia__viewmeeting-cfm__82acc006e2.txt
Virginia,https://townhall.virginia.gov/l/ViewMeeting.cfm?MeetingID=40443,collected,200,text/html;charset=UTF-8,linked from https://townhall.virginia.gov/l/Meetings.cfm?AgencyNumber=602&time=Past,,raw/virginia/virginia__viewmeeting-cfm__f64778621b.html,text/virginia/virginia__viewmeeting-cfm__f64778621b.txt
Virginia,https://townhall.virginia.gov/l/ViewMeeting.cfm?MeetingID=40444,collected,200,text/html;charset=UTF-8,linked from https://townhall.virginia.gov/l/Meetings.cfm?AgencyNumber=602&time=Past,,raw/virginia/virginia__viewmeeting-cfm__89a5bba45b.html,text/virginia/virginia__viewmeeting-cfm__89a5bba45b.txt
Virginia,https://townhall.virginia.gov/l/ViewMeeting.cfm?MeetingID=40447,collected,200,text/html;charset=UTF-8,linked from https://townhall.virginia.gov/l/Meetings.cfm?AgencyNumber=602&time=Past,,raw/virginia/virginia__viewmeeting-cfm__05d0ab5dd8.html,text/virginia/virginia__viewmeeting-cfm__05d0ab5dd8.txt
Virginia,https://townhall.virginia.gov/l/ViewMeeting.cfm?MeetingID=40448,collected,200,text/html;charset=UTF-8,linked from https://townhall.virginia.gov/l/Meetings.cfm?AgencyNumber=602&time=Past,,raw/virginia/virginia__viewmeeting-cfm__58485c286b.html,text/virginia/virginia__viewmeeting-cfm__58485c286b.txt
Virginia,https://townhall.virginia.gov/l/ViewMeeting.cfm?MeetingID=40451,collected,200,text/html;charset=UTF-8,linked from https://townhall.virginia.gov/l/Meetings.cfm?AgencyNumber=602&time=Past,,raw/virginia/virginia__viewmeeting-cfm__ae7dc04453.html,text/virginia/virginia__viewmeeting-cfm__ae7dc04453.txt
Virginia,https://townhall.virginia.gov/l/ViewMeeting.cfm?MeetingID=40452,collected,200,text/html;charset=UTF-8,linked from https://townhall.virginia.gov/l/Meetings.cfm?AgencyNumber=602&time=Past,,raw/virginia/virginia__viewmeeting-cfm__232ce7b52c.html,text/virginia/virginia__viewmeeting-cfm__232ce7b52c.txt
Virginia,https://townhall.virginia.gov/l/ViewMeeting.cfm?MeetingID=40453,collected,200,text/html;charset=UTF-8,linked from https://townhall.virginia.gov/l/Meetings.cfm?AgencyNumber=602&time=Past,,raw/virginia/virginia__viewmeeting-cfm__8b3f7e58e8.html,text/virginia/virginia__viewmeeting-cfm__8b3f7e58e8.txt
Virginia,https://townhall.virginia.gov/l/ViewMeeting.cfm?MeetingID=41825,collected,200,text/html;charset=UTF-8,linked from https://townhall.virginia.gov/l/Meetings.cfm?AgencyNumber=602&time=Past,,raw/virginia/virginia__viewmeeting-cfm__fbe4f42696.html,text/virginia/virginia__viewmeeting-cfm__fbe4f42696.txt
Virginia,https://townhall.virginia.gov/l/ViewMeeting.cfm?MeetingID=41826,collected,200,text/html;charset=UTF-8,linked from https://townhall.virginia.gov/l/Meetings.cfm?AgencyNumber=602&time=Past,,raw/virginia/virginia__viewmeeting-cfm__b0069aef9e.html,text/virginia/virginia__viewmeeting-cfm__b0069aef9e.txt
Virginia,https://townhall.virginia.gov/l/ViewMeeting.cfm?MeetingID=41883,collected,200,text/html;charset=UTF-8,linked from https://townhall.virginia.gov/l/Meetings.cfm?AgencyNumber=602&time=Past,,raw/virginia/virginia__viewmeeting-cfm__49548a7f16.html,text/virginia/virginia__viewmeeting-cfm__49548a7f16.txt
Virginia,https://townhall.virginia.gov/l/ViewMeeting.cfm?MeetingID=42099,collected,200,text/html;charset=UTF-8,linked from https://townhall.virginia.gov/l/Meetings.cfm?AgencyNumber=602&time=Past,,raw/virginia/virginia__viewmeeting-cfm__368c7cdf69.html,text/virginia/virginia__viewmeeting-cfm__368c7cdf69.txt
Virginia,https://townhall.virginia.gov/l/ViewMeeting.cfm?MeetingID=42174,collected,200,text/html;charset=UTF-8,linked from https://townhall.virginia.gov/l/Meetings.cfm?AgencyNumber=602&time=Past,,raw/virginia/virginia__viewmeeting-cfm__4d6dd9fba2.html,text/virginia/virginia__viewmeeting-cfm__4d6dd9fba2.txt
Virginia,https://townhall.virginia.gov/l/ViewMeeting.cfm?MeetingID=42175,collected,200,text/html;charset=UTF-8,linked from https://townhall.virginia.gov/l/Meetings.cfm?AgencyNumber=602&time=Past,,raw/virginia/virginia__viewmeeting-cfm__3e3b9b9bc3.html,text/virginia/virginia__viewmeeting-cfm__3e3b9b9bc3.txt
Virginia,https://townhall.virginia.gov/l/ViewMeeting.cfm?MeetingID=42263,collected,200,text/html;charset=UTF-8,linked from https://townhall.virginia.gov/l/Meetings.cfm?AgencyNumber=602&time=Past,,raw/virginia/virginia__viewmeeting-cfm__f6302a6bde.html,text/virginia/virginia__viewmeeting-cfm__f6302a6bde.txt
Virginia,https://townhall.virginia.gov/l/ViewMeeting.cfm?MeetingID=42267,collected,200,text/html;charset=UTF-8,linked from https://townhall.virginia.gov/l/Meetings.cfm?AgencyNumber=602&time=Past,,raw/virginia/virginia__viewmeeting-cfm__83401f58ef.html,text/virginia/virginia__viewmeeting-cfm__83401f58ef.txt
Virginia,https://townhall.virginia.gov/l/ViewMeeting.cfm?MeetingID=42272,collected,200,text/html;charset=UTF-8,linked from https://townhall.virginia.gov/l/Meetings.cfm?AgencyNumber=602&time=Past,,raw/virginia/virginia__viewmeeting-cfm__d63fa377fb.html,text/virginia/virginia__viewmeeting-cfm__d63fa377fb.txt
Virginia,https://townhall.virginia.gov/l/ViewMeeting.cfm?MeetingID=42378,collected,200,text/html;charset=UTF-8,linked from https://townhall.virginia.gov/l/Meetings.cfm?AgencyNumber=602&time=Past,,raw/virginia/virginia__viewmeeting-cfm__696f500f23.html,text/virginia/virginia__viewmeeting-cfm__696f500f23.txt
Virginia,https://townhall.virginia.gov/l/ViewMeeting.cfm?MeetingID=42418,collected,200,text/html;charset=UTF-8,linked from https://townhall.virginia.gov/l/Meetings.cfm?AgencyNumber=602&time=Past,,raw/virginia/virginia__viewmeeting-cfm__a8ec16506f.html,text/virginia/virginia__viewmeeting-cfm__a8ec16506f.txt
Virginia,https://townhall.virginia.gov/l/ViewMeeting.cfm?MeetingID=42511,collected,200,text/html;charset=UTF-8,linked from https://townhall.virginia.gov/l/Meetings.cfm?AgencyNumber=602&time=Past,,raw/virginia/virginia__viewmeeting-cfm__ace9338173.html,text/virginia/virginia__viewmeeting-cfm__ace9338173.txt
Virginia,https://townhall.virginia.gov/l/ViewMeeting.cfm?MeetingID=42685,collected,200,text/html;charset=UTF-8,linked from https://townhall.virginia.gov/l/Meetings.cfm?AgencyNumber=602&time=Past,,raw/virginia/virginia__viewmeeting-cfm__db803d4b22.html,text/virginia/virginia__viewmeeting-cfm__db803d4b22.txt
Virginia,https://townhall.virginia.gov/l/ViewMeeting.cfm?MeetingID=42862,collected,200,text/html;charset=UTF-8,linked from https://townhall.virginia.gov/l/Meetings.cfm?AgencyNumber=602&time=Past,,raw/virginia/virginia__viewmeeting-cfm__ee322bf1a0.html,text/virginia/virginia__viewmeeting-cfm__ee322bf1a0.txt
Virginia,https://townhall.virginia.gov/l/ViewMeeting.cfm?MeetingID=42864,collected,200,text/html;charset=UTF-8,linked from https://townhall.virginia.gov/l/Meetings.cfm?AgencyNumber=602&time=Past,,raw/virginia/virginia__viewmeeting-cfm__3e2901ea28.html,text/virginia/virginia__viewmeeting-cfm__3e2901ea28.txt
Virginia,https://townhall.virginia.gov/l/ViewMeeting.cfm?MeetingID=42931,collected,200,text/html;charset=UTF-8,linked from https://townhall.virginia.gov/l/Meetings.cfm?AgencyNumber=602&time=Past,,raw/virginia/virginia__viewmeeting-cfm__dfb38960c1.html,text/virginia/virginia__viewmeeting-cfm__dfb38960c1.txt
Virginia,https://townhall.virginia.gov/l/ViewMeeting.cfm?MeetingID=43153,collected,200,text/html;charset=UTF-8,linked from https://townhall.virginia.gov/l/Meetings.cfm?AgencyNumber=602&time=Past,,raw/virginia/virginia__viewmeeting-cfm__709ec7a012.html,text/virginia/virginia__viewmeeting-cfm__709ec7a012.txt
Virginia,https://townhall.virginia.gov/l/ViewMeeting.cfm?MeetingID=43188,collected,200,text/html;charset=UTF-8,linked from https://townhall.virginia.gov/l/Meetings.cfm?AgencyNumber=602&time=Past,,raw/virginia/virginia__viewmeeting-cfm__28ca160d1e.html,text/virginia/virginia__viewmeeting-cfm__28ca160d1e.txt
Virginia,https://townhall.virginia.gov/l/ViewMeeting.cfm?MeetingID=43281,collected,200,text/html;charset=UTF-8,linked from https://townhall.virginia.gov/l/Meetings.cfm?AgencyNumber=602&time=Past,,raw/virginia/virginia__viewmeeting-cfm__2fb4ba904f.html,text/virginia/virginia__viewmeeting-cfm__2fb4ba904f.txt
Virginia,https://vamedicaid.dmas.virginia.gov/bulletin/drug-utilization-review-dur-meeting-pharmacy-and-therapeutics-pt-meeting-and-prescription,collected,200,text/html; charset=UTF-8,seed,,raw/virginia/virginia__drug-utilization-review-dur-meeting-pharmacy-and-therapeutics-pt-meeting-and-prescription__0ef4a1e53a.html,text/virginia/virginia__drug-utilization-review-dur-meeting-pharmacy-and-therapeutics-pt-meeting-and-prescription__0ef4a1e53a.txt
Virginia,https://vamedicaid.dmas.virginia.gov/bulletin/virginia-medicaid-drug-utilization-review-board-approved-updates-and-preferred-drug-list,collected,200,text/html; charset=UTF-8,seed,,raw/virginia/virginia__virginia-medicaid-drug-utilization-review-board-approved-updates-and-preferred-drug-list__177675a5b5.html,text/virginia/virginia__virginia-medicaid-drug-utilization-review-board-approved-updates-and-preferred-drug-list__177675a5b5.txt
Virginia,https://vamedicaid.dmas.virginia.gov/provider/library,collected,200,text/html; charset=UTF-8,linked from https://vamedicaid.dmas.virginia.gov/bulletin/virginia-medicaid-drug-utilization-review-board-approved-updates-and-preferred-drug-list,,raw/virginia/virginia__library__7f9bbea023.html,text/virginia/virginia__library__7f9bbea023.txt
Virginia,https://vamedicaid.dmas.virginia.gov/status,collected,200,text/html; charset=UTF-8,linked from https://vamedicaid.dmas.virginia.gov/bulletin/virginia-medicaid-drug-utilization-review-board-approved-updates-and-preferred-drug-list,,raw/virginia/virginia__status__d66d76e2ce.html,text/virginia/virginia__status__d66d76e2ce.txt
Virginia,https://vamedicaid.dmas.virginia.gov/vamed/download-pdf-bulletin/21830,collected,200,application/pdf,linked from https://vamedicaid.dmas.virginia.gov/bulletin/drug-utilization-review-dur-meeting-pharmacy-and-therapeutics-pt-meeting-and-prescription,,raw/virginia/virginia__21830__70cc622a05.pdf,text/virginia/virginia__21830__70cc622a05.txt
Virginia,https://vamedicaid.dmas.virginia.gov/vamed/download-pdf-bulletin/22458,collected,200,application/pdf,linked from https://vamedicaid.dmas.virginia.gov/bulletin/virginia-medicaid-drug-utilization-review-board-approved-updates-and-preferred-drug-list,,raw/virginia/virginia__22458__9f868480d2.pdf,text/virginia/virginia__22458__9f868480d2.txt
Virginia,https://www.dmas.virginia.gov/about-us/boards-and-public-meetings/,collected,200,text/html; charset=utf-8,linked from https://www.dmas.virginia.gov/about-us/boards-and-public-meetings/2024-boards-and-public-meetings/,,raw/virginia/virginia__boards-and-public-meetings__38108f1616.html,text/virginia/virginia__boards-and-public-meetings__38108f1616.txt
Virginia,https://www.dmas.virginia.gov/about-us/boards-and-public-meetings/2024-boards-and-public-meetings/,collected,200,text/html; charset=utf-8,seed,,raw/virginia/virginia__2024-boards-and-public-meetings__57e8f7c9e1.html,text/virginia/virginia__2024-boards-and-public-meetings__57e8f7c9e1.txt
Virginia,https://www.dmas.virginia.gov/about-us/boards-and-public-meetings/chip-advisory-committee/,collected,200,text/html; charset=utf-8,linked from https://www.dmas.virginia.gov/about-us/boards-and-public-meetings/2024-boards-and-public-meetings/,,raw/virginia/virginia__chip-advisory-committee__e72533c18b.html,text/virginia/virginia__chip-advisory-committee__e72533c18b.txt
Virginia,https://www.dmas.virginia.gov/about-us/boards-and-public-meetings/member-advisory-committee/,collected,200,text/html; charset=utf-8,linked from https://www.dmas.virginia.gov/about-us/boards-and-public-meetings/2024-boards-and-public-meetings/,,raw/virginia/virginia__member-advisory-committee__719f2b8ba6.html,text/virginia/virginia__member-advisory-committee__719f2b8ba6.txt
Virginia,https://www.dmas.virginia.gov/about-us/boards-and-public-meetings/upcoming-meetings/,collected,200,text/html; charset=utf-8,linked from https://www.dmas.virginia.gov/about-us/boards-and-public-meetings/2024-boards-and-public-meetings/,,raw/virginia/virginia__upcoming-meetings__2dc39320af.html,text/virginia/virginia__upcoming-meetings__2dc39320af.txt
Virginia,https://www.dmas.virginia.gov/for-members/renew-coverage-report-a-change/,collected,200,text/html; charset=utf-8,linked from https://www.dmas.virginia.gov/about-us/boards-and-public-meetings/2024-boards-and-public-meetings/,,raw/virginia/virginia__renew-coverage-report-a-change__5863cbca36.html,text/virginia/virginia__renew-coverage-report-a-change__5863cbca36.txt
Virginia,https://www.dmas.virginia.gov/for-providers/provider-memos-communications/,collected,200,text/html; charset=utf-8,linked from https://www.dmas.virginia.gov/about-us/boards-and-public-meetings/2024-boards-and-public-meetings/,,raw/virginia/virginia__provider-memos-communications__89003c3599.html,text/virginia/virginia__provider-memos-communications__89003c3599.txt
Virginia,https://www.dmas.virginia.gov/media/xvrb21qo/language-taglines-for-dmas-website-5-2024_revised.pdf,collected,200,application/pdf,linked from https://www.dmas.virginia.gov/about-us/boards-and-public-meetings/2024-boards-and-public-meetings/,,raw/virginia/virginia__language-taglines-for-dmas-website-5-2024-revised-pdf__9ab67fe815.pdf,text/virginia/virginia__language-taglines-for-dmas-website-5-2024-revised-pdf__9ab67fe815.txt
Virginia,https://www.dmas.virginia.gov/news-updates/,collected,200,text/html; charset=utf-8,linked from https://www.dmas.virginia.gov/about-us/boards-and-public-meetings/2024-boards-and-public-meetings/,,raw/virginia/virginia__news-updates__4a9db1a20a.html,text/virginia/virginia__news-updates__4a9db1a20a.txt
Virginia,https://www.dmas.virginia.gov/news-updates/new-federal-requirements/,collected,200,text/html; charset=utf-8,linked from https://www.dmas.virginia.gov/about-us/boards-and-public-meetings/2024-boards-and-public-meetings/,,raw/virginia/virginia__new-federal-requirements__bc7beae002.html,text/virginia/virginia__new-federal-requirements__bc7beae002.txt
Virginia,https://www.dmas.virginia.gov/news-updates/press-releases/,collected,200,text/html; charset=utf-8,linked from https://www.dmas.virginia.gov/about-us/boards-and-public-meetings/2024-boards-and-public-meetings/,,raw/virginia/virginia__press-releases__c49df4e3b4.html,text/virginia/virginia__press-releases__c49df4e3b4.txt
Virginia,https://www.dmas.virginia.gov/news-updates/state-declared-emergencies/,collected,200,text/html; charset=utf-8,linked from https://www.dmas.virginia.gov/about-us/boards-and-public-meetings/2024-boards-and-public-meetings/,,raw/virginia/virginia__state-declared-emergencies__414f25cc71.html,text/virginia/virginia__state-declared-emergencies__414f25cc71.txt
Virginia,https://www.dmas.virginia.gov/non-discrimination-notice/,collected,200,text/html; charset=utf-8,linked from https://www.dmas.virginia.gov/about-us/boards-and-public-meetings/2024-boards-and-public-meetings/,,raw/virginia/virginia__non-discrimination-notice__16abf7de94.html,text/virginia/virginia__non-discrimination-notice__16abf7de94.txt
Washington,https://app.leg.wa.gov/WAC/default.aspx?cite=182-530-4100,collected,200,text/html; charset=utf-8,seed,,raw/washington/washington__default-aspx__1036b4d23f.html,text/washington/washington__default-aspx__1036b4d23f.txt
Washington,https://www.hca.wa.gov/about-hca/programs-and-initiatives/prescription-drug-program/meetings-and-materials,collected,200,text/html; charset=UTF-8,seed,,raw/washington/washington__meetings-and-materials__b198ccb000.html,text/washington/washington__meetings-and-materials__b198ccb000.txt
Washington,https://www.hca.wa.gov/about-hca/programs-and-initiatives/prescription-drug-program/participants,collected,200,text/html; charset=UTF-8,seed,,raw/washington/washington__participants__355c45d3ea.html,text/washington/washington__participants__355c45d3ea.txt
Washington,https://www.hca.wa.gov/about-hca/programs-and-initiatives/prescription-drug-program/related-laws-and-rules,collected,200,text/html; charset=UTF-8,seed,,raw/washington/washington__related-laws-and-rules__68b3cff2bc.html,text/washington/washington__related-laws-and-rules__68b3cff2bc.txt
Washington,https://www.hca.wa.gov/about-hca/programs-and-initiatives/public-employees-benefits-board-pebb-program,collected,200,text/html; charset=UTF-8,linked from https://www.hca.wa.gov/about-hca/programs-and-initiatives/prescription-drug-program/meetings-and-materials,,raw/washington/washington__public-employees-benefits-board-pebb-program__cbfbd36fc0.html,text/washington/washington__public-employees-benefits-board-pebb-program__cbfbd36fc0.txt
Washington,https://www.hca.wa.gov/about-hca/programs-and-initiatives/school-employees-benefits-board-sebb-program,collected,200,text/html; charset=UTF-8,linked from https://www.hca.wa.gov/about-hca/programs-and-initiatives/prescription-drug-program/meetings-and-materials,,raw/washington/washington__school-employees-benefits-board-sebb-program__621fe4420c.html,text/washington/washington__school-employees-benefits-board-sebb-program__621fe4420c.txt
Washington,https://www.hca.wa.gov/assets/program/pt-dur-topic-agenda-2025-08-13.pdf,collected,200,application/pdf,seed,,raw/washington/washington__pt-dur-topic-agenda-2025-08-13-pdf__b89aebb27d.pdf,text/washington/washington__pt-dur-topic-agenda-2025-08-13-pdf__b89aebb27d.txt
Washington,https://www.hca.wa.gov/assets/program/pt-dur-topic-agenda-2025-10-15.pdf,collected,200,application/pdf,seed,,raw/washington/washington__pt-dur-topic-agenda-2025-10-15-pdf__69094a1a29.pdf,text/washington/washington__pt-dur-topic-agenda-2025-10-15-pdf__69094a1a29.txt
Washington,https://www.hca.wa.gov/employee-retiree-benefits/pebb-continuation-coverage/benefits-while-traveling,collected,200,text/html; charset=UTF-8,linked from https://www.hca.wa.gov/about-hca/programs-and-initiatives/prescription-drug-program/meetings-and-materials,,raw/washington/washington__benefits-while-traveling__bc4651070d.html,text/washington/washington__benefits-while-traveling__bc4651070d.txt
Washington,https://www.hca.wa.gov/employee-retiree-benefits/pebb-continuation-coverage/dental-plans-and-benefits,collected,200,text/html; charset=UTF-8,linked from https://www.hca.wa.gov/about-hca/programs-and-initiatives/prescription-drug-program/meetings-and-materials,,raw/washington/washington__dental-plans-and-benefits__268ffcb9b2.html,text/washington/washington__dental-plans-and-benefits__268ffcb9b2.txt
Washington,https://www.hca.wa.gov/employee-retiree-benefits/pebb-continuation-coverage/find-pebb-plan-provider,collected,200,text/html; charset=UTF-8,linked from https://www.hca.wa.gov/about-hca/programs-and-initiatives/prescription-drug-program/meetings-and-materials,,raw/washington/washington__find-pebb-plan-provider__972583afbc.html,text/washington/washington__find-pebb-plan-provider__972583afbc.txt
Washington,https://www.hca.wa.gov/employee-retiree-benefits/pebb-continuation-coverage/life-add-home-auto-ltd-fsa-benefits,collected,200,text/html; charset=UTF-8,linked from https://www.hca.wa.gov/about-hca/programs-and-initiatives/prescription-drug-program/meetings-and-materials,,raw/washington/washington__life-add-home-auto-ltd-fsa-benefits__80e3ea5180.html,text/washington/washington__life-add-home-auto-ltd-fsa-benefits__80e3ea5180.txt
Washington,https://www.hca.wa.gov/employee-retiree-benefits/pebb-continuation-coverage/medical-plans-and-benefits,collected,200,text/html; charset=UTF-8,linked from https://www.hca.wa.gov/about-hca/programs-and-initiatives/prescription-drug-program/meetings-and-materials,,raw/washington/washington__medical-plans-and-benefits__808376ed88.html,text/washington/washington__medical-plans-and-benefits__808376ed88.txt
Washington,https://www.hca.wa.gov/employee-retiree-benefits/pebb-continuation-coverage/monthly-premiums,collected,200,text/html; charset=UTF-8,linked from https://www.hca.wa.gov/about-hca/programs-and-initiatives/prescription-drug-program/meetings-and-materials,,raw/washington/washington__monthly-premiums__129680aba3.html,text/washington/washington__monthly-premiums__129680aba3.txt
Washington,https://www.hca.wa.gov/employee-retiree-benefits/pebb-continuation-coverage/vision-plans-and-benefits-non-medicare,collected,200,text/html; charset=UTF-8,linked from https://www.hca.wa.gov/about-hca/programs-and-initiatives/prescription-drug-program/meetings-and-materials,,raw/washington/washington__vision-plans-and-benefits-non-medicare__248e5bde2a.html,text/washington/washington__vision-plans-and-benefits-non-medicare__248e5bde2a.txt
Washington,https://www.hca.wa.gov/employee-retiree-benefits/public-employees/change-my-coverage,collected,200,text/html; charset=UTF-8,linked from https://www.hca.wa.gov/about-hca/programs-and-initiatives/prescription-drug-program/meetings-and-materials,,raw/washington/washington__change-my-coverage__7f293cb6ad.html,text/washington/washington__change-my-coverage__7f293cb6ad.txt
Washington,https://www.hca.wa.gov/employee-retiree-benefits/public-employees/waive-my-medical-coverage,collected,200,text/html; charset=UTF-8,linked from https://www.hca.wa.gov/about-hca/programs-and-initiatives/prescription-drug-program/meetings-and-materials,,raw/washington/washington__waive-my-medical-coverage__273d5561f5.html,text/washington/washington__waive-my-medical-coverage__273d5561f5.txt
Washington,https://www.hca.wa.gov/employee-retiree-benefits/retirees/change-coverage,collected,200,text/html; charset=UTF-8,linked from https://www.hca.wa.gov/about-hca/programs-and-initiatives/prescription-drug-program/meetings-and-materials,,raw/washington/washington__change-coverage__7652b6d570.html,text/washington/washington__change-coverage__7652b6d570.txt
Washington,https://www.hca.wa.gov/employee-retiree-benefits/retirees/defer-coverage,collected,200,text/html; charset=UTF-8,linked from https://www.hca.wa.gov/about-hca/programs-and-initiatives/prescription-drug-program/meetings-and-materials,,raw/washington/washington__defer-coverage__b1261547ce.html,text/washington/washington__defer-coverage__b1261547ce.txt
Washington,https://www.hca.wa.gov/employee-retiree-benefits/retirees/retiree-coverage-options,collected,200,text/html; charset=UTF-8,linked from https://www.hca.wa.gov/about-hca/programs-and-initiatives/prescription-drug-program/meetings-and-materials,,raw/washington/washington__retiree-coverage-options__fd640a67eb.html,text/washington/washington__retiree-coverage-options__fd640a67eb.txt
Washington,https://www.hca.wa.gov/employee-retiree-benefits/school-employees/change-my-coverage,collected,200,text/html; charset=UTF-8,linked from https://www.hca.wa.gov/about-hca/programs-and-initiatives/prescription-drug-program/meetings-and-materials,,raw/washington/washington__change-my-coverage__823b654f8e.html,text/washington/washington__change-my-coverage__823b654f8e.txt
Washington,https://www.hca.wa.gov/employee-retiree-benefits/school-employees/waiving-medical-coverage,collected,200,text/html; charset=UTF-8,linked from https://www.hca.wa.gov/about-hca/programs-and-initiatives/prescription-drug-program/meetings-and-materials,,raw/washington/washington__waiving-medical-coverage__4dd3775681.html,text/washington/washington__waiving-medical-coverage__4dd3775681.txt
Washington,https://www.hca.wa.gov/free-or-low-cost-health-care/apple-health-account-logins,collected,200,text/html; charset=UTF-8,linked from https://www.hca.wa.gov/about-hca/programs-and-initiatives/prescription-drug-program/meetings-and-materials,,raw/washington/washington__apple-health-account-logins__a018a61854.html,text/washington/washington__apple-health-account-logins__a018a61854.txt
Washington,https://www.hca.wa.gov/free-or-low-cost-health-care/apple-health-you,collected,200,text/html; charset=UTF-8,linked from https://www.hca.wa.gov/about-hca/programs-and-initiatives/prescription-drug-program/meetings-and-materials,,raw/washington/washington__apple-health-you__984d639576.html,text/washington/washington__apple-health-you__984d639576.txt
Washington,https://www.hca.wa.gov/free-or-low-cost-health-care/apply-or-renew-coverage,collected,200,text/html; charset=UTF-8,linked from https://www.hca.wa.gov/about-hca/programs-and-initiatives/prescription-drug-program/meetings-and-materials,,raw/washington/washington__apply-or-renew-coverage__9acbbea17b.html,text/washington/washington__apply-or-renew-coverage__9acbbea17b.txt
Washington,https://www.hca.wa.gov/free-or-low-cost-health-care/changes-coming-apple-health,collected,200,text/html; charset=UTF-8,linked from https://www.hca.wa.gov/about-hca/programs-and-initiatives/prescription-drug-program/meetings-and-materials,,raw/washington/washington__changes-coming-apple-health__05f0c10a49.html,text/washington/washington__changes-coming-apple-health__05f0c10a49.txt
Washington,https://www.hca.wa.gov/free-or-low-cost-health-care/contact-washington-apple-health-medicaid,collected,200,text/html; charset=UTF-8,linked from https://www.hca.wa.gov/about-hca/programs-and-initiatives/prescription-drug-program/meetings-and-materials,,raw/washington/washington__contact-washington-apple-health-medicaid__a49bebc9b1.html,text/washington/washington__contact-washington-apple-health-medicaid__a49bebc9b1.txt
Washington,https://www.hca.wa.gov/free-or-low-cost-health-care/forms-and-publications,collected,200,text/html; charset=UTF-8,linked from https://www.hca.wa.gov/about-hca/programs-and-initiatives/prescription-drug-program/meetings-and-materials,,raw/washington/washington__forms-and-publications__94680f71bf.html,text/washington/washington__forms-and-publications__94680f71bf.txt
Washington,https://www.hca.wa.gov/free-or-low-cost-health-care/get-help-paying-prescriptions,collected,200,text/html; charset=UTF-8,linked from https://www.hca.wa.gov/about-hca/programs-and-initiatives/prescription-drug-program/meetings-and-materials,,raw/washington/washington__get-help-paying-prescriptions__ea32925bb4.html,text/washington/washington__get-help-paying-prescriptions__ea32925bb4.txt
Washington,https://www.hca.wa.gov/free-or-low-cost-health-care/i-help-others-apply-access-apple-health/general-requirements-apply-all-apple-health-programs,collected,200,text/html; charset=UTF-8,linked from https://www.hca.wa.gov/about-hca/programs-and-initiatives/prescription-drug-program/meetings-and-materials,,raw/washington/washington__general-requirements-apply-all-apple-health-programs__6f61d01f4e.html,text/washington/washington__general-requirements-apply-all-apple-health-programs__6f61d01f4e.txt
Washington,https://www.hca.wa.gov/free-or-low-cost-health-care/i-help-others-apply-and-access-apple-health/apple-health-eligibility-manual-overview,collected,200,text/html; charset=UTF-8,linked from https://www.hca.wa.gov/about-hca/programs-and-initiatives/prescription-drug-program/meetings-and-materials,,raw/washington/washington__apple-health-eligibility-manual-overview__e44579f40b.html,text/washington/washington__apple-health-eligibility-manual-overview__e44579f40b.txt
Washington,https://www.hca.wa.gov/free-or-low-cost-health-care/i-help-others-apply-and-access-apple-health/apple-health-medicaid-manual-revision-log,collected,200,text/html; charset=UTF-8,linked from https://www.hca.wa.gov/about-hca/programs-and-initiatives/prescription-drug-program/meetings-and-materials,,raw/washington/washington__apple-health-medicaid-manual-revision-log__8838dd47cd.html,text/washington/washington__apple-health-medicaid-manual-revision-log__8838dd47cd.txt
Washington,https://www.hca.wa.gov/free-or-low-cost-health-care/i-help-others-apply-and-access-apple-health/apple-health-medicaid-manual-wac-index,collected,200,text/html; charset=UTF-8,linked from https://www.hca.wa.gov/about-hca/programs-and-initiatives/prescription-drug-program/meetings-and-materials,,raw/washington/washington__apple-health-medicaid-manual-wac-index__56cf14a160.html,text/washington/washington__apple-health-medicaid-manual-wac-index__56cf14a160.txt
Washington,https://www.hca.wa.gov/free-or-low-cost-health-care/i-help-others-apply-and-access-apple-health/apple-health-medicare-connect,collected,200,text/html; charset=UTF-8,linked from https://www.hca.wa.gov/about-hca/programs-and-initiatives/prescription-drug-program/meetings-and-materials,,raw/washington/washington__apple-health-medicare-connect__399945106c.html,text/washington/washington__apple-health-medicare-connect__399945106c.txt
Washington,https://www.hca.wa.gov/free-or-low-cost-health-care/i-help-others-apply-and-access-apple-health/apple-health-outreach-toolkit,collected,200,text/html; charset=UTF-8,linked from https://www.hca.wa.gov/about-hca/programs-and-initiatives/prescription-drug-program/meetings-and-materials,,raw/washington/washington__apple-health-outreach-toolkit__de58fc816e.html,text/washington/washington__apple-health-outreach-toolkit__de58fc816e.txt
Washington,https://www.hca.wa.gov/free-or-low-cost-health-care/i-help-others-apply-and-access-apple-health/classic-non-magi-based-programs-manual,collected,200,text/html; charset=UTF-8,linked from https://www.hca.wa.gov/about-hca/programs-and-initiatives/prescription-drug-program/meetings-and-materials,,raw/washington/washington__classic-non-magi-based-programs-manual__bac72cbdc8.html,text/washington/washington__classic-non-magi-based-programs-manual__bac72cbdc8.txt
Washington,https://www.hca.wa.gov/free-or-low-cost-health-care/i-help-others-apply-and-access-apple-health/cofa-outreach-toolkit,collected,200,text/html; charset=UTF-8,linked from https://www.hca.wa.gov/about-hca/programs-and-initiatives/prescription-drug-program/meetings-and-materials,,raw/washington/washington__cofa-outreach-toolkit__f9227153d2.html,text/washington/washington__cofa-outreach-toolkit__f9227153d2.txt
Washington,https://www.hca.wa.gov/free-or-low-cost-health-care/i-help-others-apply-and-access-apple-health/community-based-training,collected,200,text/html; charset=UTF-8,linked from https://www.hca.wa.gov/about-hca/programs-and-initiatives/prescription-drug-program/meetings-and-materials,,raw/washington/washington__community-based-training__a28efe92c8.html,text/washington/washington__community-based-training__a28efe92c8.txt
Washington,https://www.hca.wa.gov/free-or-low-cost-health-care/i-help-others-apply-and-access-apple-health/coordination-benefits,collected,200,text/html; charset=UTF-8,linked from https://www.hca.wa.gov/about-hca/programs-and-initiatives/prescription-drug-program/meetings-and-materials,,raw/washington/washington__coordination-benefits__4ba0816a08.html,text/washington/washington__coordination-benefits__4ba0816a08.txt
Washington,https://www.hca.wa.gov/free-or-low-cost-health-care/i-help-others-apply-and-access-apple-health/hospital-presumptive-eligibility,collected,200,text/html; charset=UTF-8,linked from https://www.hca.wa.gov/about-hca/programs-and-initiatives/prescription-drug-program/meetings-and-materials,,raw/washington/washington__hospital-presumptive-eligibility__489a038f98.html,text/washington/washington__hospital-presumptive-eligibility__489a038f98.txt
Washington,https://www.hca.wa.gov/free-or-low-cost-health-care/i-help-others-apply-and-access-apple-health/introduction-overview,collected,200,text/html; charset=UTF-8,linked from https://www.hca.wa.gov/about-hca/programs-and-initiatives/prescription-drug-program/meetings-and-materials,,raw/washington/washington__introduction-overview__1c18124d6c.html,text/washington/washington__introduction-overview__1c18124d6c.txt
Washington,https://www.hca.wa.gov/free-or-low-cost-health-care/i-help-others-apply-and-access-apple-health/long-term-services-and-supports-manual,collected,200,text/html; charset=UTF-8,linked from https://www.hca.wa.gov/about-hca/programs-and-initiatives/prescription-drug-program/meetings-and-materials,,raw/washington/washington__long-term-services-and-supports-manual__6e429df3aa.html,text/washington/washington__long-term-services-and-supports-manual__6e429df3aa.txt
Washington,https://www.hca.wa.gov/free-or-low-cost-health-care/i-help-others-apply-and-access-apple-health/medicaid-suspension,collected,200,text/html; charset=UTF-8,linked from https://www.hca.wa.gov/about-hca/programs-and-initiatives/prescription-drug-program/meetings-and-materials,,raw/washington/washington__medicaid-suspension__99861aeff3.html,text/washington/washington__medicaid-suspension__99861aeff3.txt
Washington,https://www.hca.wa.gov/free-or-low-cost-health-care/i-help-others-apply-and-access-apple-health/modified-adjusted-gross-income-magi-based-programs-manual,collected,200,text/html; charset=UTF-8,linked from https://www.hca.wa.gov/about-hca/programs-and-initiatives/prescription-drug-program/meetings-and-materials,,raw/washington/washington__modified-adjusted-gross-income-magi-based-programs-manual__fec1a41d4e.html,text/washington/washington__modified-adjusted-gross-income-magi-based-programs-manual__fec1a41d4e.txt
Washington,https://www.hca.wa.gov/free-or-low-cost-health-care/i-help-others-apply-and-access-apple-health/patient-review-and-coordination,collected,200,text/html; charset=UTF-8,linked from https://www.hca.wa.gov/about-hca/programs-and-initiatives/prescription-drug-program/meetings-and-materials,,raw/washington/washington__patient-review-and-coordination__d788a76464.html,text/washington/washington__patient-review-and-coordination__d788a76464.txt
Washington,https://www.hca.wa.gov/free-or-low-cost-health-care/i-help-others-apply-and-access-apple-health/premium-payment-program,collected,200,text/html; charset=UTF-8,linked from https://www.hca.wa.gov/about-hca/programs-and-initiatives/prescription-drug-program/meetings-and-materials,,raw/washington/washington__premium-payment-program__e0f46f0346.html,text/washington/washington__premium-payment-program__e0f46f0346.txt
Washington,https://www.hca.wa.gov/free-or-low-cost-health-care/i-help-others-apply-and-access-apple-health/program-standard-income-and-resources,collected,200,text/html; charset=UTF-8,linked from https://www.hca.wa.gov/about-hca/programs-and-initiatives/prescription-drug-program/meetings-and-materials,,raw/washington/washington__program-standard-income-and-resources__cc0cebef61.html,text/washington/washington__program-standard-income-and-resources__cc0cebef61.txt
Washington,https://www.hca.wa.gov/free-or-low-cost-health-care/i-help-others-apply-and-access-apple-health/reference-guides,collected,200,text/html; charset=UTF-8,linked from https://www.hca.wa.gov/about-hca/programs-and-initiatives/prescription-drug-program/meetings-and-materials,,raw/washington/washington__reference-guides__bbe89b7351.html,text/washington/washington__reference-guides__bbe89b7351.txt
Washington,https://www.hca.wa.gov/free-or-low-cost-health-care/i-help-others-apply-and-access-apple-health/supporting-clients-changes-apple-health,collected,200,text/html; charset=UTF-8,linked from https://www.hca.wa.gov/about-hca/programs-and-initiatives/prescription-drug-program/meetings-and-materials,,raw/washington/washington__supporting-clients-changes-apple-health__ff740cfafe.html,text/washington/washington__supporting-clients-changes-apple-health__ff740cfafe.txt
Washington,https://www.hca.wa.gov/free-or-low-cost-health-care/i-help-others-apply-and-access-apple-health/training-and-education-overview,collected,200,text/html; charset=UTF-8,linked from https://www.hca.wa.gov/about-hca/programs-and-initiatives/prescription-drug-program/meetings-and-materials,,raw/washington/washington__training-and-education-overview__e5b9898daa.html,text/washington/washington__training-and-education-overview__e5b9898daa.txt
Washington,https://www.hca.wa.gov/free-or-low-cost-health-care/i-help-others-apply-and-access-apple-health/webinars-video-and-presentations,collected,200,text/html; charset=UTF-8,linked from https://www.hca.wa.gov/about-hca/programs-and-initiatives/prescription-drug-program/meetings-and-materials,,raw/washington/washington__webinars-video-and-presentations__d4e7899876.html,text/washington/washington__webinars-video-and-presentations__d4e7899876.txt
Washington,https://www.hca.wa.gov/free-or-low-cost-health-care/i-need-behavioral-health-support/acute-mental-health-care,collected,200,text/html; charset=UTF-8,linked from https://www.hca.wa.gov/about-hca/programs-and-initiatives/prescription-drug-program/meetings-and-materials,,raw/washington/washington__acute-mental-health-care__9183d06d3c.html,text/washington/washington__acute-mental-health-care__9183d06d3c.txt
Washington,https://www.hca.wa.gov/free-or-low-cost-health-care/i-need-behavioral-health-support/alcohol-use-treatment,collected,200,text/html; charset=UTF-8,linked from https://www.hca.wa.gov/about-hca/programs-and-initiatives/prescription-drug-program/meetings-and-materials,,raw/washington/washington__alcohol-use-treatment__076f219d9a.html,text/washington/washington__alcohol-use-treatment__076f219d9a.txt
Washington,https://www.hca.wa.gov/free-or-low-cost-health-care/i-need-behavioral-health-support/american-indians-and-alaska-natives-ai,collected,200,text/html; charset=UTF-8,linked from https://www.hca.wa.gov/about-hca/programs-and-initiatives/prescription-drug-program/meetings-and-materials,,raw/washington/washington__american-indians-and-alaska-natives-ai__9bf363c8df.html,text/washington/washington__american-indians-and-alaska-natives-ai__9bf363c8df.txt
Washington,https://www.hca.wa.gov/free-or-low-cost-health-care/i-need-behavioral-health-support/behavioral-health-facility-complaints,collected,200,text/html; charset=UTF-8,linked from https://www.hca.wa.gov/about-hca/programs-and-initiatives/prescription-drug-program/meetings-and-materials,,raw/washington/washington__behavioral-health-facility-complaints__5225c27d09.html,text/washington/washington__behavioral-health-facility-complaints__5225c27d09.txt
Washington,https://www.hca.wa.gov/free-or-low-cost-health-care/i-need-behavioral-health-support/client-rights,collected,200,text/html; charset=UTF-8,linked from https://www.hca.wa.gov/about-hca/programs-and-initiatives/prescription-drug-program/meetings-and-materials,,raw/washington/washington__client-rights__774d54b4dd.html,text/washington/washington__client-rights__774d54b4dd.txt
Washington,https://www.hca.wa.gov/free-or-low-cost-health-care/i-need-behavioral-health-support/early-signs-psychosis,collected,200,text/html; charset=UTF-8,linked from https://www.hca.wa.gov/about-hca/programs-and-initiatives/prescription-drug-program/meetings-and-materials,,raw/washington/washington__early-signs-psychosis__8483759fd0.html,text/washington/washington__early-signs-psychosis__8483759fd0.txt
Washington,https://www.hca.wa.gov/free-or-low-cost-health-care/i-need-behavioral-health-support/family-initiated-treatment-fit,collected,200,text/html; charset=UTF-8,linked from https://www.hca.wa.gov/about-hca/programs-and-initiatives/prescription-drug-program/meetings-and-materials,,raw/washington/washington__family-initiated-treatment-fit__3ecd99a105.html,text/washington/washington__family-initiated-treatment-fit__3ecd99a105.txt
Washington,https://www.hca.wa.gov/free-or-low-cost-health-care/i-need-behavioral-health-support/mental-health-advance-directives,collected,200,text/html; charset=UTF-8,linked from https://www.hca.wa.gov/about-hca/programs-and-initiatives/prescription-drug-program/meetings-and-materials,,raw/washington/washington__mental-health-advance-directives__bc20bb871a.html,text/washington/washington__mental-health-advance-directives__bc20bb871a.txt
Washington,https://www.hca.wa.gov/free-or-low-cost-health-care/i-need-behavioral-health-support/mental-health-crisis-lines,collected,200,text/html; charset=UTF-8,linked from https://www.hca.wa.gov/about-hca/programs-and-initiatives/prescription-drug-program/meetings-and-materials,,raw/washington/washington__mental-health-crisis-lines__9e9246d8b0.html,text/washington/washington__mental-health-crisis-lines__9e9246d8b0.txt
Washington,https://www.hca.wa.gov/free-or-low-cost-health-care/i-need-behavioral-health-support/mental-health-services,collected,200,text/html; charset=UTF-8,linked from https://www.hca.wa.gov/about-hca/programs-and-initiatives/prescription-drug-program/meetings-and-materials,,raw/washington/washington__mental-health-services__c29c8c01a6.html,text/washington/washington__mental-health-services__c29c8c01a6.txt
Washington,https://www.hca.wa.gov/free-or-low-cost-health-care/i-need-behavioral-health-support/ombuds-services,collected,200,text/html; charset=UTF-8,linked from https://www.hca.wa.gov/about-hca/programs-and-initiatives/prescription-drug-program/meetings-and-materials,,raw/washington/washington__ombuds-services__115c55607d.html,text/washington/washington__ombuds-services__115c55607d.txt
Washington,https://www.hca.wa.gov/free-or-low-cost-health-care/i-need-behavioral-health-support/opioid-use-treatment,collected,200,text/html; charset=UTF-8,linked from https://www.hca.wa.gov/about-hca/programs-and-initiatives/prescription-drug-program/meetings-and-materials,,raw/washington/washington__opioid-use-treatment__88ca5d5db7.html,text/washington/washington__opioid-use-treatment__88ca5d5db7.txt
Washington,https://www.hca.wa.gov/free-or-low-cost-health-care/i-need-behavioral-health-support/peer-support-and-counseling,collected,200,text/html; charset=UTF-8,linked from https://www.hca.wa.gov/about-hca/programs-and-initiatives/prescription-drug-program/meetings-and-materials,,raw/washington/washington__peer-support-and-counseling__d126ee2309.html,text/washington/washington__peer-support-and-counseling__d126ee2309.txt
Washington,https://www.hca.wa.gov/free-or-low-cost-health-care/i-need-behavioral-health-support/prenatal-child-and-young-adult-behavioral-health-services,collected,200,text/html; charset=UTF-8,linked from https://www.hca.wa.gov/about-hca/programs-and-initiatives/prescription-drug-program/meetings-and-materials,,raw/washington/washington__prenatal-child-and-young-adult-behavioral-health-services__f94941d03f.html,text/washington/washington__prenatal-child-and-young-adult-behavioral-health-services__f94941d03f.txt
Washington,https://www.hca.wa.gov/free-or-low-cost-health-care/i-need-behavioral-health-support/problem-gambling,collected,200,text/html; charset=UTF-8,linked from https://www.hca.wa.gov/about-hca/programs-and-initiatives/prescription-drug-program/meetings-and-materials,,raw/washington/washington__problem-gambling__26a8a00e22.html,text/washington/washington__problem-gambling__26a8a00e22.txt
Washington,https://www.hca.wa.gov/free-or-low-cost-health-care/i-need-behavioral-health-support/recovery-residences,collected,200,text/html; charset=UTF-8,linked from https://www.hca.wa.gov/about-hca/programs-and-initiatives/prescription-drug-program/meetings-and-materials,,raw/washington/washington__recovery-residences__61ebc0d27c.html,text/washington/washington__recovery-residences__61ebc0d27c.txt
Washington,https://www.hca.wa.gov/free-or-low-cost-health-care/i-need-behavioral-health-support/services-older-adults-55,collected,200,text/html; charset=UTF-8,linked from https://www.hca.wa.gov/about-hca/programs-and-initiatives/prescription-drug-program/meetings-and-materials,,raw/washington/washington__services-older-adults-55__cb962efaf7.html,text/washington/washington__services-older-adults-55__cb962efaf7.txt
Washington,https://www.hca.wa.gov/free-or-low-cost-health-care/i-need-behavioral-health-support/substance-use-disorder-prevention-and-mental-health-promotion,collected,200,text/html; charset=UTF-8,linked from https://www.hca.wa.gov/about-hca/programs-and-initiatives/prescription-drug-program/meetings-and-materials,,raw/washington/washington__substance-use-disorder-prevention-and-mental-health-promotion__8eda575fb0.html,text/washington/washington__substance-use-disorder-prevention-and-mental-health-promotion__8eda575fb0.txt
Washington,https://www.hca.wa.gov/free-or-low-cost-health-care/i-need-behavioral-health-support/substance-use-treatment,collected,200,text/html; charset=UTF-8,linked from https://www.hca.wa.gov/about-hca/programs-and-initiatives/prescription-drug-program/meetings-and-materials,,raw/washington/washington__substance-use-treatment__e5feb32199.html,text/washington/washington__substance-use-treatment__e5feb32199.txt
Washington,https://www.hca.wa.gov/free-or-low-cost-health-care/i-need-behavioral-health-support/what-recovery-support,collected,200,text/html; charset=UTF-8,linked from https://www.hca.wa.gov/about-hca/programs-and-initiatives/prescription-drug-program/meetings-and-materials,,raw/washington/washington__what-recovery-support__a387c330dc.html,text/washington/washington__what-recovery-support__a387c330dc.txt
Washington,https://www.hca.wa.gov/free-or-low-cost-health-care/i-need-behavioral-health-support/wraparound-intensive-services-wise,collected,200,text/html; charset=UTF-8,linked from https://www.hca.wa.gov/about-hca/programs-and-initiatives/prescription-drug-program/meetings-and-materials,,raw/washington/washington__wraparound-intensive-services-wise__fa91943b50.html,text/washington/washington__wraparound-intensive-services-wise__fa91943b50.txt
Washington,https://www.hca.wa.gov/free-or-low-cost-health-care/i-need-behavioral-health-support/youth-and-young-adult-substance-use-treatment,collected,200,text/html; charset=UTF-8,linked from https://www.hca.wa.gov/about-hca/programs-and-initiatives/prescription-drug-program/meetings-and-materials,,raw/washington/washington__youth-and-young-adult-substance-use-treatment__906f089d44.html,text/washington/washington__youth-and-young-adult-substance-use-treatment__906f089d44.txt
Washington,https://www.hca.wa.gov/free-or-low-cost-health-care/i-need-medical-dental-or-vision-care/1095-b-tax-form,collected,200,text/html; charset=UTF-8,linked from https://www.hca.wa.gov/about-hca/programs-and-initiatives/prescription-drug-program/meetings-and-materials,,raw/washington/washington__1095-b-tax-form__348d5f6a73.html,text/washington/washington__1095-b-tax-form__348d5f6a73.txt
Washington,https://www.hca.wa.gov/free-or-low-cost-health-care/i-need-medical-dental-or-vision-care/after-pregnancy-coverage,collected,200,text/html; charset=UTF-8,linked from https://www.hca.wa.gov/about-hca/programs-and-initiatives/prescription-drug-program/meetings-and-materials,,raw/washington/washington__after-pregnancy-coverage__b362ada4ec.html,text/washington/washington__after-pregnancy-coverage__b362ada4ec.txt
Washington,https://www.hca.wa.gov/free-or-low-cost-health-care/i-need-medical-dental-or-vision-care/age-65-and-older-or-medicare-eligible,collected,200,text/html; charset=UTF-8,linked from https://www.hca.wa.gov/about-hca/programs-and-initiatives/prescription-drug-program/meetings-and-materials,,raw/washington/washington__age-65-and-older-or-medicare-eligible__759e7f1b96.html,text/washington/washington__age-65-and-older-or-medicare-eligible__759e7f1b96.txt
Washington,https://www.hca.wa.gov/free-or-low-cost-health-care/i-need-medical-dental-or-vision-care/aged-blind-or-disabled,collected,200,text/html; charset=UTF-8,linked from https://www.hca.wa.gov/about-hca/programs-and-initiatives/prescription-drug-program/meetings-and-materials,,raw/washington/washington__aged-blind-or-disabled__63249581b2.html,text/washington/washington__aged-blind-or-disabled__63249581b2.txt
Washington,https://www.hca.wa.gov/free-or-low-cost-health-care/i-need-medical-dental-or-vision-care/american-indians-and-alaska-natives-ai,collected,200,text/html; charset=UTF-8,linked from https://www.hca.wa.gov/about-hca/programs-and-initiatives/prescription-drug-program/meetings-and-materials,,raw/washington/washington__american-indians-and-alaska-natives-ai__c4b572d260.html,text/washington/washington__american-indians-and-alaska-natives-ai__c4b572d260.txt
Washington,https://www.hca.wa.gov/free-or-low-cost-health-care/i-need-medical-dental-or-vision-care/apple-health-client-booklets,collected,200,text/html; charset=UTF-8,linked from https://www.hca.wa.gov/about-hca/programs-and-initiatives/prescription-drug-program/meetings-and-materials,,raw/washington/washington__apple-health-client-booklets__846ec10424.html,text/washington/washington__apple-health-client-booklets__846ec10424.txt
Washington,https://www.hca.wa.gov/free-or-low-cost-health-care/i-need-medical-dental-or-vision-care/apple-health-coverage-without-managed-care,collected,200,text/html; charset=UTF-8,linked from https://www.hca.wa.gov/about-hca/programs-and-initiatives/prescription-drug-program/meetings-and-materials,,raw/washington/washington__apple-health-coverage-without-managed-care__042b16f3d1.html,text/washington/washington__apple-health-coverage-without-managed-care__042b16f3d1.txt
Washington,https://www.hca.wa.gov/free-or-low-cost-health-care/i-need-medical-dental-or-vision-care/apple-health-expansion,collected,200,text/html; charset=UTF-8,linked from https://www.hca.wa.gov/about-hca/programs-and-initiatives/prescription-drug-program/meetings-and-materials,,raw/washington/washington__apple-health-expansion__05ab98ed40.html,text/washington/washington__apple-health-expansion__05ab98ed40.txt
Washington,https://www.hca.wa.gov/free-or-low-cost-health-care/i-need-medical-dental-or-vision-care/apple-health-managed-care,collected,200,text/html; charset=UTF-8,linked from https://www.hca.wa.gov/about-hca/programs-and-initiatives/prescription-drug-program/meetings-and-materials,,raw/washington/washington__apple-health-managed-care__e6d3304452.html,text/washington/washington__apple-health-managed-care__e6d3304452.txt
Washington,https://www.hca.wa.gov/free-or-low-cost-health-care/i-need-medical-dental-or-vision-care/apple-health-medicare-connect,collected,200,text/html; charset=UTF-8,linked from https://www.hca.wa.gov/about-hca/programs-and-initiatives/prescription-drug-program/meetings-and-materials,,raw/washington/washington__apple-health-medicare-connect__1fdd0f6af8.html,text/washington/washington__apple-health-medicare-connect__1fdd0f6af8.txt
Washington,https://www.hca.wa.gov/free-or-low-cost-health-care/i-need-medical-dental-or-vision-care/apple-health-workers-disabilities-hwd,collected,200,text/html; charset=UTF-8,linked from https://www.hca.wa.gov/about-hca/programs-and-initiatives/prescription-drug-program/meetings-and-materials,,raw/washington/washington__apple-health-workers-disabilities-hwd__8ac38466da.html,text/washington/washington__apple-health-workers-disabilities-hwd__8ac38466da.txt
Washington,https://www.hca.wa.gov/free-or-low-cost-health-care/i-need-medical-dental-or-vision-care/benefits-and-services,collected,200,text/html; charset=UTF-8,linked from https://www.hca.wa.gov/about-hca/programs-and-initiatives/prescription-drug-program/meetings-and-materials,,raw/washington/washington__benefits-and-services__badba8dce9.html,text/washington/washington__benefits-and-services__badba8dce9.txt
Washington,https://www.hca.wa.gov/free-or-low-cost-health-care/i-need-medical-dental-or-vision-care/can-i-get-vision-care,collected,200,text/html; charset=UTF-8,linked from https://www.hca.wa.gov/about-hca/programs-and-initiatives/prescription-drug-program/meetings-and-materials,,raw/washington/washington__can-i-get-vision-care__6099308997.html,text/washington/washington__can-i-get-vision-care__6099308997.txt
Washington,https://www.hca.wa.gov/free-or-low-cost-health-care/i-need-medical-dental-or-vision-care/cancel-my-coverage,collected,200,text/html; charset=UTF-8,linked from https://www.hca.wa.gov/about-hca/programs-and-initiatives/prescription-drug-program/meetings-and-materials,,raw/washington/washington__cancel-my-coverage__8915d4426a.html,text/washington/washington__cancel-my-coverage__8915d4426a.txt
Washington,https://www.hca.wa.gov/free-or-low-cost-health-care/i-need-medical-dental-or-vision-care/change-my-health-plan,collected,200,text/html; charset=UTF-8,linked from https://www.hca.wa.gov/about-hca/programs-and-initiatives/prescription-drug-program/meetings-and-materials,,raw/washington/washington__change-my-health-plan__4fd8d95783.html,text/washington/washington__change-my-health-plan__4fd8d95783.txt
Washington,https://www.hca.wa.gov/free-or-low-cost-health-care/i-need-medical-dental-or-vision-care/children,collected,200,text/html; charset=UTF-8,linked from https://www.hca.wa.gov/about-hca/programs-and-initiatives/prescription-drug-program/meetings-and-materials,,raw/washington/washington__children__c37c5359c4.html,text/washington/washington__children__c37c5359c4.txt
Washington,https://www.hca.wa.gov/free-or-low-cost-health-care/i-need-medical-dental-or-vision-care/cofa-islander-programs,collected,200,text/html; charset=UTF-8,linked from https://www.hca.wa.gov/about-hca/programs-and-initiatives/prescription-drug-program/meetings-and-materials,,raw/washington/washington__cofa-islander-programs__949192b152.html,text/washington/washington__cofa-islander-programs__949192b152.txt
Washington,https://www.hca.wa.gov/free-or-low-cost-health-care/i-need-medical-dental-or-vision-care/eligibility-overview,collected,200,text/html; charset=UTF-8,linked from https://www.hca.wa.gov/about-hca/programs-and-initiatives/prescription-drug-program/meetings-and-materials,,raw/washington/washington__eligibility-overview__84c5d90a90.html,text/washington/washington__eligibility-overview__84c5d90a90.txt
Washington,https://www.hca.wa.gov/free-or-low-cost-health-care/i-need-medical-dental-or-vision-care/enrollment-next-steps,collected,200,text/html; charset=UTF-8,linked from https://www.hca.wa.gov/about-hca/programs-and-initiatives/prescription-drug-program/meetings-and-materials,,raw/washington/washington__enrollment-next-steps__72da3f2624.html,text/washington/washington__enrollment-next-steps__72da3f2624.txt
Washington,https://www.hca.wa.gov/free-or-low-cost-health-care/i-need-medical-dental-or-vision-care/family-planning-only,collected,200,text/html; charset=UTF-8,linked from https://www.hca.wa.gov/about-hca/programs-and-initiatives/prescription-drug-program/meetings-and-materials,,raw/washington/washington__family-planning-only__f2548bb3bc.html,text/washington/washington__family-planning-only__f2548bb3bc.txt
Washington,https://www.hca.wa.gov/free-or-low-cost-health-care/i-need-medical-dental-or-vision-care/find-provider,collected,200,text/html; charset=UTF-8,linked from https://www.hca.wa.gov/about-hca/programs-and-initiatives/prescription-drug-program/meetings-and-materials,,raw/washington/washington__find-provider__ea4f5a7275.html,text/washington/washington__find-provider__ea4f5a7275.txt
Washington,https://www.hca.wa.gov/free-or-low-cost-health-care/i-need-medical-dental-or-vision-care/foster-care,collected,200,text/html; charset=UTF-8,linked from https://www.hca.wa.gov/about-hca/programs-and-initiatives/prescription-drug-program/meetings-and-materials,,raw/washington/washington__foster-care__04ab5810f5.html,text/washington/washington__foster-care__04ab5810f5.txt
Washington,https://www.hca.wa.gov/free-or-low-cost-health-care/i-need-medical-dental-or-vision-care/how-do-i-get-dental-care,collected,200,text/html; charset=UTF-8,linked from https://www.hca.wa.gov/about-hca/programs-and-initiatives/prescription-drug-program/meetings-and-materials,,raw/washington/washington__how-do-i-get-dental-care__2bf257c88c.html,text/washington/washington__how-do-i-get-dental-care__2bf257c88c.txt
Washington,https://www.hca.wa.gov/free-or-low-cost-health-care/i-need-medical-dental-or-vision-care/how-do-i-use-my-coverage,collected,200,text/html; charset=UTF-8,linked from https://www.hca.wa.gov/about-hca/programs-and-initiatives/prescription-drug-program/meetings-and-materials,,raw/washington/washington__how-do-i-use-my-coverage__db3b727643.html,text/washington/washington__how-do-i-use-my-coverage__db3b727643.txt
Washington,https://www.hca.wa.gov/free-or-low-cost-health-care/i-need-medical-dental-or-vision-care/individual-adults,collected,200,text/html; charset=UTF-8,linked from https://www.hca.wa.gov/about-hca/programs-and-initiatives/prescription-drug-program/meetings-and-materials,,raw/washington/washington__individual-adults__f85fc72a9d.html,text/washington/washington__individual-adults__f85fc72a9d.txt
Washington,https://www.hca.wa.gov/free-or-low-cost-health-care/i-need-medical-dental-or-vision-care/long-term-care-and-hospice,collected,200,text/html; charset=UTF-8,linked from https://www.hca.wa.gov/about-hca/programs-and-initiatives/prescription-drug-program/meetings-and-materials,,raw/washington/washington__long-term-care-and-hospice__f1a39305ef.html,text/washington/washington__long-term-care-and-hospice__f1a39305ef.txt
Washington,https://www.hca.wa.gov/free-or-low-cost-health-care/i-need-medical-dental-or-vision-care/make-my-first-appointment,collected,200,text/html; charset=UTF-8,linked from https://www.hca.wa.gov/about-hca/programs-and-initiatives/prescription-drug-program/meetings-and-materials,,raw/washington/washington__make-my-first-appointment__9105e7b7e4.html,text/washington/washington__make-my-first-appointment__9105e7b7e4.txt
Washington,https://www.hca.wa.gov/free-or-low-cost-health-care/i-need-medical-dental-or-vision-care/medically-intensive-childrens-program-micp,collected,200,text/html; charset=UTF-8,linked from https://www.hca.wa.gov/about-hca/programs-and-initiatives/prescription-drug-program/meetings-and-materials,,raw/washington/washington__medically-intensive-childrens-program-micp__b8563f24cc.html,text/washington/washington__medically-intensive-childrens-program-micp__b8563f24cc.txt
Washington,https://www.hca.wa.gov/free-or-low-cost-health-care/i-need-medical-dental-or-vision-care/medicare-savings-program,collected,200,text/html; charset=UTF-8,linked from https://www.hca.wa.gov/about-hca/programs-and-initiatives/prescription-drug-program/meetings-and-materials,,raw/washington/washington__medicare-savings-program__8f6ffc360c.html,text/washington/washington__medicare-savings-program__8f6ffc360c.txt
Washington,https://www.hca.wa.gov/free-or-low-cost-health-care/i-need-medical-dental-or-vision-care/noncitizens,collected,200,text/html; charset=UTF-8,linked from https://www.hca.wa.gov/about-hca/programs-and-initiatives/prescription-drug-program/meetings-and-materials,,raw/washington/washington__noncitizens__7d22014433.html,text/washington/washington__noncitizens__7d22014433.txt
Washington,https://www.hca.wa.gov/free-or-low-cost-health-care/i-need-medical-dental-or-vision-care/parents-and-caretakers,collected,200,text/html; charset=UTF-8,linked from https://www.hca.wa.gov/about-hca/programs-and-initiatives/prescription-drug-program/meetings-and-materials,,raw/washington/washington__parents-and-caretakers__5949e8f989.html,text/washington/washington__parents-and-caretakers__5949e8f989.txt
Washington,https://www.hca.wa.gov/free-or-low-cost-health-care/i-need-medical-dental-or-vision-care/pay-my-apple-health-premium,collected,200,text/html; charset=UTF-8,linked from https://www.hca.wa.gov/about-hca/programs-and-initiatives/prescription-drug-program/meetings-and-materials,,raw/washington/washington__pay-my-apple-health-premium__3e21692a50.html,text/washington/washington__pay-my-apple-health-premium__3e21692a50.txt
Washington,https://www.hca.wa.gov/free-or-low-cost-health-care/i-need-medical-dental-or-vision-care/pregnant-individuals,collected,200,text/html; charset=UTF-8,linked from https://www.hca.wa.gov/about-hca/programs-and-initiatives/prescription-drug-program/meetings-and-materials,,raw/washington/washington__pregnant-individuals__fe2572b076.html,text/washington/washington__pregnant-individuals__fe2572b076.txt
Washington,https://www.hca.wa.gov/free-or-low-cost-health-care/i-need-medical-dental-or-vision-care/replace-my-services-card,collected,200,text/html; charset=UTF-8,linked from https://www.hca.wa.gov/about-hca/programs-and-initiatives/prescription-drug-program/meetings-and-materials,,raw/washington/washington__replace-my-services-card__7ce064df83.html,text/washington/washington__replace-my-services-card__7ce064df83.txt
Washington,https://www.hca.wa.gov/free-or-low-cost-health-care/i-need-medical-dental-or-vision-care/transportation-services-nonemergency,collected,200,text/html; charset=UTF-8,linked from https://www.hca.wa.gov/about-hca/programs-and-initiatives/prescription-drug-program/meetings-and-materials,,raw/washington/washington__transportation-services-nonemergency__56c3e03c33.html,text/washington/washington__transportation-services-nonemergency__56c3e03c33.txt
Washington,https://www.hca.wa.gov/free-or-low-cost-health-care/i-need-medical-dental-or-vision-care/update-my-income-or-address-report-change,collected,200,text/html; charset=UTF-8,linked from https://www.hca.wa.gov/about-hca/programs-and-initiatives/prescription-drug-program/meetings-and-materials,,raw/washington/washington__update-my-income-or-address-report-change__d8856769d0.html,text/washington/washington__update-my-income-or-address-report-change__d8856769d0.txt
Washington,https://www.hca.wa.gov/free-or-low-cost-health-care/i-need-medical-dental-or-vision-care/veterans-and-family-members,collected,200,text/html; charset=UTF-8,linked from https://www.hca.wa.gov/about-hca/programs-and-initiatives/prescription-drug-program/meetings-and-materials,,raw/washington/washington__veterans-and-family-members__fef85059f3.html,text/washington/washington__veterans-and-family-members__fef85059f3.txt
Washington,https://www.hca.wa.gov/free-or-low-cost-health-care/i-need-medical-dental-or-vision-care/what-are-my-basic-covered-services,collected,200,text/html; charset=UTF-8,linked from https://www.hca.wa.gov/about-hca/programs-and-initiatives/prescription-drug-program/meetings-and-materials,,raw/washington/washington__what-are-my-basic-covered-services__074b7548b0.html,text/washington/washington__what-are-my-basic-covered-services__074b7548b0.txt
Washington,https://www.hca.wa.gov/free-or-low-cost-health-care/news,collected,200,text/html; charset=UTF-8,linked from https://www.hca.wa.gov/about-hca/programs-and-initiatives/prescription-drug-program/meetings-and-materials,,raw/washington/washington__news__47eb8c1698.html,text/washington/washington__news__47eb8c1698.txt
Washington,https://www.hca.wa.gov/free-or-low-cost-health-care/submit-my-verification,collected,200,text/html; charset=UTF-8,linked from https://www.hca.wa.gov/about-hca/programs-and-initiatives/prescription-drug-program/meetings-and-materials,,raw/washington/washington__submit-my-verification__128880ffb6.html,text/washington/washington__submit-my-verification__128880ffb6.txt
West Virginia,https://bms.wv.gov/pharmaceutical-and-therapeutics-pt-committee-meetings,collected,200,text/html; charset=UTF-8,"seed from meeting-dates-2025-06-2026-05.csv: August 27, 2025",,raw/west-virginia/west-virginia__pharmaceutical-and-therapeutics-pt-committee-meetings__f40009f7ba.html,text/west-virginia/west-virginia__pharmaceutical-and-therapeutics-pt-committee-meetings__f40009f7ba.txt
West Virginia,https://dhhr.wv.gov/bms/BMS%20Pharmacy/Pages/Preferred-Drug-List.aspx,blocked_or_failed,404,text/html; charset=utf-8,seed from state-monitoring-matrix.md: PDL and coverage,HTTP 404,,
West Virginia,https://dhhr.wv.gov/bms/BMS%20Pharmacy/PharmTheraComm/Pages/default.aspx,blocked_or_failed,404,text/html; charset=utf-8,seed from state-monitoring-matrix.md: BMS P&T Committee,HTTP 404,,
West Virginia,https://dhhr.wv.gov/bms/provider/documents/manuals/chapter_518_pharmacy_services.pdf,blocked_or_failed,404,text/html,seed from state-monitoring-matrix.md: Chapter 518 Pharmacy Services manual,HTTP 404,,
Wisconsin,https://www.forwardhealth.wi.gov/WIPortal/content/provider/medicaid/pharmacy/resources.htm.spage,collected,200,text/html; charset=utf-8,seed from state-monitoring-matrix.md: ForwardHealth pharmacy resources,,raw/wisconsin/wisconsin__resources-htm-spage__73dd459712.html,text/wisconsin/wisconsin__resources-htm-spage__73dd459712.txt
Wisconsin,https://www.forwardhealth.wi.gov/WIPortal/content/provider/pac/index.htm.spage,collected,200,text/html; charset=utf-8,"seed from meeting-dates-2025-06-2026-05.csv: Medicaid PA Advisory Committee November 5, 2025 Meeting",,raw/wisconsin/wisconsin__index-htm-spage__82796d668d.html,text/wisconsin/wisconsin__index-htm-spage__82796d668d.txt
Wisconsin,https://www.forwardhealth.wi.gov/WIPortal/content/provider/pac/pdf/PAC_Guidelines.pdf.spage,collected,200,application/pdf,seed from state-monitoring-matrix.md: PA Advisory Committee guidelines,,raw/wisconsin/wisconsin__pac-guidelines-pdf-spage__7512065a06.pdf,text/wisconsin/wisconsin__pac-guidelines-pdf-spage__7512065a06.txt
Wisconsin,https://www.forwardhealthsete.wi.gov/WIPortal/content/provider/medicaid/pharmacy/pdl/pdfs/pdl_list.pdf.spage,collected,200,application/pdf,seed from state-monitoring-matrix.md: Wisconsin Medicaid PDL,,raw/wisconsin/wisconsin__pdl-list-pdf-spage__e419938c1f.pdf,text/wisconsin/wisconsin__pdl-list-pdf-spage__e419938c1f.txt
Wyoming,https://health.wyo.gov/wp-content/uploads/2023/04/SFY-2022-Annual-Report_Final.pdf,collected,200,application/pdf,seed from state-monitoring-matrix.md: Wyoming Medicaid SFY 2022 annual report,,raw/wyoming/wyoming__sfy-2022-annual-report-final-pdf__97d5b7c3ce.pdf,text/wyoming/wyoming__sfy-2022-annual-report-final-pdf__97d5b7c3ce.txt
Wyoming,https://www.law.cornell.edu/regulations/wyoming/agency-048/subagency-0037/chapter-10/W-S-10-12,collected,200,text/html; charset=utf-8,seed from state-monitoring-matrix.md: Wyoming P&T regulation,,raw/wyoming/wyoming__w-s-10-12__4fbf9df201.html,text/wyoming/wyoming__w-s-10-12__4fbf9df201.txt
Wyoming,https://www.uwyo.edu/dur/_files/Agendas/2024/mayagenda26.pdf,collected,200,application/pdf,"seed from meeting-dates-2025-06-2026-05.csv: P & T Committee Meeting - May 14, 2026",,raw/wyoming/wyoming__mayagenda26-pdf__a93cb65069.pdf,text/wyoming/wyoming__mayagenda26-pdf__a93cb65069.txt
Wyoming,https://www.uwyo.edu/dur/_files/homepage-files/phrmaguidelines2023.pdf,collected,200,application/pdf,seed from state-monitoring-matrix.md: UW DUR public comment/contact policy,,raw/wyoming/wyoming__phrmaguidelines2023-pdf__fa2d09f061.pdf,text/wyoming/wyoming__phrmaguidelines2023-pdf__fa2d09f061.txt
Wyoming,https://www.uwyo.edu/dur/_files/minutes/2024/minutes021226.pdf,collected,200,application/pdf,"seed from meeting-dates-2025-06-2026-05.csv: WY P&T Committee Meeting Minutes - Thursday, February 12, 2026",,raw/wyoming/wyoming__minutes021226-pdf__e511326752.pdf,text/wyoming/wyoming__minutes021226-pdf__e511326752.txt
Wyoming,https://www.uwyo.edu/dur/augminutes2025.pdf,collected,200,application/pdf,"seed from meeting-dates-2025-06-2026-05.csv: WY P&T Committee Meeting Minutes - Thursday, August 14, 2025",,raw/wyoming/wyoming__augminutes2025-pdf__5f0023c5b4.pdf,text/wyoming/wyoming__augminutes2025-pdf__5f0023c5b4.txt
Wyoming,https://www.uwyo.edu/dur/november25minutes.pdf,collected,200,application/pdf,"seed from meeting-dates-2025-06-2026-05.csv: WY P&T Committee Meeting Minutes - Thursday, November 13, 2025",,raw/wyoming/wyoming__november25minutes-pdf__5653a846cf.pdf,text/wyoming/wyoming__november25minutes-pdf__5653a846cf.txt
West Virginia,https://bms.wv.gov/media/40920/download?inline,collected,200,application/pdf,same-page document linked from https://bms.wv.gov/pharmaceutical-and-therapeutics-pt-committee-meetings,,raw/west-virginia/west-virginia__download__b9cca26a9d.pdf,text/west-virginia/west-virginia__download__b9cca26a9d.txt
West Virginia,https://bms.wv.gov/media/40763/download?inline,collected,200,application/pdf,same-page document linked from https://bms.wv.gov/pharmaceutical-and-therapeutics-pt-committee-meetings,,raw/west-virginia/west-virginia__download__dbbaf0a253.pdf,text/west-virginia/west-virginia__download__dbbaf0a253.txt
West Virginia,https://bms.wv.gov/media/40938/download?inline,collected,200,application/pdf,same-page document linked from https://bms.wv.gov/pharmaceutical-and-therapeutics-pt-committee-meetings,,raw/west-virginia/west-virginia__download__a1bf628f47.pdf,text/west-virginia/west-virginia__download__a1bf628f47.txt
West Virginia,https://bms.wv.gov/media/39963/download?inline,collected,200,application/pdf,same-page document linked from https://bms.wv.gov/pharmaceutical-and-therapeutics-pt-committee-meetings,,raw/west-virginia/west-virginia__download__228a7f7215.pdf,text/west-virginia/west-virginia__download__228a7f7215.txt
West Virginia,https://bms.wv.gov/media/39961/download?inline,collected,200,application/pdf,same-page document linked from https://bms.wv.gov/pharmaceutical-and-therapeutics-pt-committee-meetings,,raw/west-virginia/west-virginia__download__647f930e26.pdf,text/west-virginia/west-virginia__download__647f930e26.txt
West Virginia,https://bms.wv.gov/media/39962/download?inline,collected,200,application/pdf,same-page document linked from https://bms.wv.gov/pharmaceutical-and-therapeutics-pt-committee-meetings,,raw/west-virginia/west-virginia__download__50c61b5d4d.pdf,text/west-virginia/west-virginia__download__50c61b5d4d.txt
West Virginia,https://bms.wv.gov/media/39959/download?inline,collected,200,application/pdf,same-page document linked from https://bms.wv.gov/pharmaceutical-and-therapeutics-pt-committee-meetings,,raw/west-virginia/west-virginia__download__95224a3993.pdf,text/west-virginia/west-virginia__download__95224a3993.txt
West Virginia,https://bms.wv.gov/media/39960/download?inline,collected,200,application/pdf,same-page document linked from https://bms.wv.gov/pharmaceutical-and-therapeutics-pt-committee-meetings,,raw/west-virginia/west-virginia__download__93bd90c111.pdf,text/west-virginia/west-virginia__download__93bd90c111.txt
West Virginia,https://bms.wv.gov/media/39957/download?inline,collected,200,application/pdf,same-page document linked from https://bms.wv.gov/pharmaceutical-and-therapeutics-pt-committee-meetings,,raw/west-virginia/west-virginia__download__9059eca29f.pdf,text/west-virginia/west-virginia__download__9059eca29f.txt
West Virginia,https://bms.wv.gov/media/39956/download?inline,collected,200,application/pdf,same-page document linked from https://bms.wv.gov/pharmaceutical-and-therapeutics-pt-committee-meetings,,raw/west-virginia/west-virginia__download__8fd038df80.pdf,text/west-virginia/west-virginia__download__8fd038df80.txt
West Virginia,https://bms.wv.gov/media/40751/download?inline,collected,200,application/pdf,same-page document linked from https://bms.wv.gov/pharmaceutical-and-therapeutics-pt-committee-meetings,,raw/west-virginia/west-virginia__download__aea963afc7.pdf,text/west-virginia/west-virginia__download__aea963afc7.txt
West Virginia,https://bms.wv.gov/media/39986/download?inline,collected,200,application/pdf,same-page document linked from https://bms.wv.gov/pharmaceutical-and-therapeutics-pt-committee-meetings,,raw/west-virginia/west-virginia__download__90b898e7ea.pdf,text/west-virginia/west-virginia__download__90b898e7ea.txt
West Virginia,https://bms.wv.gov/media/39958/download?inline,collected,200,application/pdf,same-page document linked from https://bms.wv.gov/pharmaceutical-and-therapeutics-pt-committee-meetings,,raw/west-virginia/west-virginia__download__bca898c90c.pdf,text/west-virginia/west-virginia__download__bca898c90c.txt
