record_type,state,url,source_role,status,content_type,error,raw_path,text_path
collected_or_attempted,New Mexico,https://www.hca.nm.gov/providers/behavioral-health-policy-and-billing-manual/,linked from https://www.hca.nm.gov/preferred-drug-list/,200,text/html; charset=UTF-8,,raw/new-mexico/new-mexico__behavioral-health-policy-and-billing-manual__374bad572d.html,text/new-mexico/new-mexico__behavioral-health-policy-and-billing-manual__374bad572d.txt
collected_or_attempted,New Mexico,https://www.hca.nm.gov/wp-content/uploads/CHESS-flyer-v.4.pdf,linked from https://www.hca.nm.gov/preferred-drug-list/,200,application/pdf,,raw/new-mexico/new-mexico__chess-flyer-v-4-pdf__3c9f88d7a7.pdf,text/new-mexico/new-mexico__chess-flyer-v-4-pdf__3c9f88d7a7.txt
collected_or_attempted,New Mexico,https://www.hca.nm.gov/wp-content/uploads/Files/Confidentiality-Privacy-Statement-August-30-2016-English.pdf,linked from https://www.hca.nm.gov/preferred-drug-list/,403,text/html; charset=iso-8859-1,,raw/new-mexico/new-mexico__confidentiality-privacy-statement-august-30-2016-english-pdf__573c9a0912.pdf,text/new-mexico/new-mexico__confidentiality-privacy-statement-august-30-2016-english-pdf__573c9a0912.txt
collected_or_attempted,New Mexico,https://www.hca.nm.gov/cookie-policy-us/,linked from https://www.hca.nm.gov/preferred-drug-list/,200,text/html; charset=UTF-8,,raw/new-mexico/new-mexico__cookie-policy-us__f6c7a9230e.html,text/new-mexico/new-mexico__cookie-policy-us__f6c7a9230e.txt
collected_or_attempted,New Mexico,https://www.hca.nm.gov/wp-content/plugins/divi-assistant/D4/include/php/public/css/dropdown-menu-keyboard-navigation.min.css?ver=2.4.0,linked from https://www.hca.nm.gov/preferred-drug-list/,200,text/css,,raw/new-mexico/new-mexico__dropdown-menu-keyboard-navigation-min-css__fd9fdba4f0.txt,text/new-mexico/new-mexico__dropdown-menu-keyboard-navigation-min-css__fd9fdba4f0.txt
collected_or_attempted,New Mexico,https://www.hca.nm.gov/wp-content/plugins/divi-assistant/D4/include/php/public/js/dropdown-menu-keyboard-navigation.min.js?ver=2.4.0,linked from https://www.hca.nm.gov/preferred-drug-list/,200,text/javascript,,raw/new-mexico/new-mexico__dropdown-menu-keyboard-navigation-min-js__457cac7788.txt,text/new-mexico/new-mexico__dropdown-menu-keyboard-navigation-min-js__457cac7788.txt
collected_or_attempted,New Mexico,https://www.hca.nm.gov/wp-json/oembed/1.0/embed?url=https%3A%2F%2Fwww.hca.nm.gov%2Fpreferred-drug-list%2F&format=xml,linked from https://www.hca.nm.gov/preferred-drug-list/,200,text/xml; charset=UTF-8,,raw/new-mexico/new-mexico__embed__52d164b149.html,text/new-mexico/new-mexico__embed__52d164b149.txt
collected_or_attempted,New Mexico,https://www.hca.nm.gov/wp-json/oembed/1.0/embed?url=https%3A%2F%2Fwww.hca.nm.gov%2Fpreferred-drug-list%2F,linked from https://www.hca.nm.gov/preferred-drug-list/,200,application/json; charset=UTF-8,,raw/new-mexico/new-mexico__embed__82625f5386.json,text/new-mexico/new-mexico__embed__82625f5386.txt
collected_or_attempted,New Mexico,https://www.hca.nm.gov/wp-json/oembed/1.0/embed?url=https%3A%2F%2Fwww.hca.nm.gov%2F2026%2F01%2F09%2Fpublic-notice-pharmacy-therapeutics-and-drug-utilization-review-committee-quarterly-meeting%2F,linked from https://www.hca.nm.gov/2026/01/09/public-notice-pharmacy-therapeutics-and-drug-utilization-review-committee-quarterly-meeting/,200,application/json; charset=UTF-8,,raw/new-mexico/new-mexico__embed__96e814a374.json,text/new-mexico/new-mexico__embed__96e814a374.txt
collected_or_attempted,New Mexico,https://www.hca.nm.gov/wp-json/oembed/1.0/embed?url=https%3A%2F%2Fwww.hca.nm.gov%2F2026%2F01%2F09%2Fpublic-notice-pharmacy-therapeutics-and-drug-utilization-review-committee-quarterly-meeting%2F&format=xml,linked from https://www.hca.nm.gov/2026/01/09/public-notice-pharmacy-therapeutics-and-drug-utilization-review-committee-quarterly-meeting/,200,text/xml; charset=UTF-8,,raw/new-mexico/new-mexico__embed__e7b313de49.html,text/new-mexico/new-mexico__embed__e7b313de49.txt
collected_or_attempted,New Mexico,https://www.hca.nm.gov/providers/fee-schedules-disclaimer/,linked from https://www.hca.nm.gov/preferred-drug-list/,200,text/html; charset=UTF-8,,raw/new-mexico/new-mexico__fee-schedules-disclaimer__5635986443.html,text/new-mexico/new-mexico__fee-schedules-disclaimer__5635986443.txt
collected_or_attempted,New Mexico,https://www.hca.nm.gov/providers/fee-schedules/,linked from https://www.hca.nm.gov/preferred-drug-list/,200,text/html; charset=UTF-8,,raw/new-mexico/new-mexico__fee-schedules__94162d69df.html,text/new-mexico/new-mexico__fee-schedules__94162d69df.txt
collected_or_attempted,New Mexico,https://www.hca.nm.gov/wp-content/plugins/divi-assistant/D4/include/php/public/css/keyboard-navigation-outline.min.css?ver=2.4.0,linked from https://www.hca.nm.gov/preferred-drug-list/,200,text/css,,raw/new-mexico/new-mexico__keyboard-navigation-outline-min-css__b663b2702c.txt,text/new-mexico/new-mexico__keyboard-navigation-outline-min-css__b663b2702c.txt
collected_or_attempted,New Mexico,https://www.hca.nm.gov/wp-content/plugins/divi-assistant/D4/include/php/public/js/keyboard-navigation-outline.min.js?ver=2.4.0,linked from https://www.hca.nm.gov/preferred-drug-list/,200,text/javascript,,raw/new-mexico/new-mexico__keyboard-navigation-outline-min-js__74f60271d7.txt,text/new-mexico/new-mexico__keyboard-navigation-outline-min-js__74f60271d7.txt
collected_or_attempted,New Mexico,https://www.hca.nm.gov/wp-content/uploads/MAD-635-Prior-Authorization-Form-Fax.Revised-3.1.26-1.pdf,linked from https://www.hca.nm.gov/preferred-drug-list/,200,application/pdf,,raw/new-mexico/new-mexico__mad-635-prior-authorization-form-fax-revised-3-1-26-1-pdf__191d013fc3.pdf,text/new-mexico/new-mexico__mad-635-prior-authorization-form-fax-revised-3-1-26-1-pdf__191d013fc3.txt
collected_or_attempted,New Mexico,https://www.hca.nm.gov/providers/managed-care-policy-manual/,linked from https://www.hca.nm.gov/preferred-drug-list/,200,text/html; charset=UTF-8,,raw/new-mexico/new-mexico__managed-care-policy-manual__a44b67ca4f.html,text/new-mexico/new-mexico__managed-care-policy-manual__a44b67ca4f.txt
collected_or_attempted,New Mexico,https://www.hca.nm.gov/medicaid-home-visiting-policy-and-billing-manual-2/,linked from https://www.hca.nm.gov/preferred-drug-list/,200,text/html; charset=UTF-8,,raw/new-mexico/new-mexico__medicaid-home-visiting-policy-and-billing-manual-2__a3b4fb05fc.html,text/new-mexico/new-mexico__medicaid-home-visiting-policy-and-billing-manual-2__a3b4fb05fc.txt
collected_or_attempted,New Mexico,https://www.hca.nm.gov/pharmacy-benefit-contacts/,linked from https://www.hca.nm.gov/preferred-drug-list/,200,text/html; charset=UTF-8,,raw/new-mexico/new-mexico__pharmacy-benefit-contacts__bfacd0d92b.html,text/new-mexico/new-mexico__pharmacy-benefit-contacts__bfacd0d92b.txt
collected_or_attempted,New Mexico,https://www.hca.nm.gov/providers/pharmacy/,linked from https://www.hca.nm.gov/preferred-drug-list/,200,text/html; charset=UTF-8,,raw/new-mexico/new-mexico__pharmacy__f4d396f3f5.html,text/new-mexico/new-mexico__pharmacy__f4d396f3f5.txt
collected_or_attempted,New Mexico,https://www.hca.nm.gov/preferred-drug-list/,seed,200,text/html; charset=UTF-8,,raw/new-mexico/new-mexico__preferred-drug-list__29ee5ea1ac.html,text/new-mexico/new-mexico__preferred-drug-list__29ee5ea1ac.txt
collected_or_attempted,New Mexico,https://www.hca.nm.gov/2026/01/09/public-notice-pharmacy-therapeutics-and-drug-utilization-review-committee-quarterly-meeting/,seed,200,text/html; charset=UTF-8,,raw/new-mexico/new-mexico__public-notice-pharmacy-therapeutics-and-drug-utilization-review-committee-quarterly-meeting__f3515e06fb.html,text/new-mexico/new-mexico__public-notice-pharmacy-therapeutics-and-drug-utilization-review-committee-quarterly-meeting__f3515e06fb.txt
collected_or_attempted,New Mexico,https://www.hca.nm.gov/wp-content/plugins/gravityforms/legacy/css/readyclass.min.css?ver=2.10.2,linked from https://www.hca.nm.gov/preferred-drug-list/,200,text/css,,raw/new-mexico/new-mexico__readyclass-min-css__d4861f44e2.txt,text/new-mexico/new-mexico__readyclass-min-css__d4861f44e2.txt
collected_or_attempted,New Mexico,https://www.hca.nm.gov/providers/utilization-review/,linked from https://www.hca.nm.gov/preferred-drug-list/,200,text/html; charset=UTF-8,,raw/new-mexico/new-mexico__utilization-review__d552b15257.html,text/new-mexico/new-mexico__utilization-review__d552b15257.txt
collected_or_attempted,New York,https://www.health.ny.gov/health_care/medicaid/program/dur/meetings/2025/,seed,403,text/html,"The request could not be satisfied 403 ERROR The request could not be satisfied. Request blocked. We can't connect to the server for this app or website at this time. There might be too much traffic or a configuration error. Try again later, or contact the app or website owner. If you provide content to customers through CloudFront, you can find steps to troubleshoot and help prevent this error by reviewing the CloudFront documentation. Generated by cloudfront (CloudFront) Request ID: dWmr7y9kWLwBEBGg0PDKOzTPBU8qsfc4cMNFXJG29jk5vnD8kBjOwA==",raw/new-york/new-york__2025__c0a02bc721.html,text/new-york/new-york__2025__c0a02bc721.txt
collected_or_attempted,New York,https://www.health.ny.gov/health_care/medicaid/program/dur/meetings/2026/,seed,403,text/html,"The request could not be satisfied 403 ERROR The request could not be satisfied. Request blocked. We can't connect to the server for this app or website at this time. There might be too much traffic or a configuration error. Try again later, or contact the app or website owner. If you provide content to customers through CloudFront, you can find steps to troubleshoot and help prevent this error by reviewing the CloudFront documentation. Generated by cloudfront (CloudFront) Request ID: Bik85G3eCNAsICsp_GbvsooUJktGQeVtJt1st3mcxIs_V9Yc5qufMw==",raw/new-york/new-york__2026__208e678e07.html,text/new-york/new-york__2026__208e678e07.txt
collected_or_attempted,New York,https://www.health.ny.gov/health_care/medicaid/program/dur/docs/board_membership.pdf,seed,403,text/html,,raw/new-york/new-york__board-membership-pdf__51210446d4.pdf,text/new-york/new-york__board-membership-pdf__51210446d4.txt
collected_or_attempted,New York,https://www.health.ny.gov/health_care/medicaid/program/dur/docs/bylaws.pdf,seed,403,text/html,,raw/new-york/new-york__bylaws-pdf__b2a4d43482.pdf,text/new-york/new-york__bylaws-pdf__b2a4d43482.txt
collected_or_attempted,New York,https://newyork.fhsc.com/providers/CDRP_about.asp,linked from https://newyork.fhsc.com/providers/pdp_about.asp,200,text/html,,raw/new-york/new-york__cdrp-about-asp__c544a03674.html,text/new-york/new-york__cdrp-about-asp__c544a03674.txt
collected_or_attempted,New York,https://newyork.fhsc.com/providers/diabeticsupplies.asp,linked from https://newyork.fhsc.com/providers/pdp_about.asp,200,text/html,,raw/new-york/new-york__diabeticsupplies-asp__91bf819a00.html,text/new-york/new-york__diabeticsupplies-asp__91bf819a00.txt
collected_or_attempted,New York,https://www.health.ny.gov/health_care/medicaid/program/dur/,seed,403,text/html,"The request could not be satisfied 403 ERROR The request could not be satisfied. Request blocked. We can't connect to the server for this app or website at this time. There might be too much traffic or a configuration error. Try again later, or contact the app or website owner. If you provide content to customers through CloudFront, you can find steps to troubleshoot and help prevent this error by reviewing the CloudFront documentation. Generated by cloudfront (CloudFront) Request ID: y5_0jn9upY-E5T4qIgkFPT-aljcZuxn_yaixow64pPfnRVLKGeto_A==",raw/new-york/new-york__dur__7a33bed35a.html,text/new-york/new-york__dur__7a33bed35a.txt
collected_or_attempted,New York,https://newyork.fhsc.com/providers/eo_drug_class_coverage.asp,linked from https://newyork.fhsc.com/providers/pdp_about.asp,200,text/html,,raw/new-york/new-york__eo-drug-class-coverage-asp__f2e8e11296.html,text/new-york/new-york__eo-drug-class-coverage-asp__f2e8e11296.txt
collected_or_attempted,New York,https://newyork.fhsc.com/providers/eo_prior_authorization.asp,linked from https://newyork.fhsc.com/providers/pdp_about.asp,200,text/html,,raw/new-york/new-york__eo-prior-authorization-asp__640bc48ed6.html,text/new-york/new-york__eo-prior-authorization-asp__640bc48ed6.txt
collected_or_attempted,New York,https://newyork.fhsc.com/providers/mat.asp,linked from https://newyork.fhsc.com/providers/pdp_about.asp,200,text/html,,raw/new-york/new-york__mat-asp__62ad967fd2.html,text/new-york/new-york__mat-asp__62ad967fd2.txt
collected_or_attempted,New York,https://newyork.fhsc.com/providers/MGDP_about.asp,linked from https://newyork.fhsc.com/providers/pdp_about.asp,200,text/html,,raw/new-york/new-york__mgdp-about-asp__d894ec6f31.html,text/new-york/new-york__mgdp-about-asp__d894ec6f31.txt
collected_or_attempted,New York,https://newyork.fhsc.com/nondiscrimination-policy.asp,linked from https://newyork.fhsc.com/providers/pdp_about.asp,200,text/html,,raw/new-york/new-york__nondiscrimination-policy-asp__83d81a2f18.html,text/new-york/new-york__nondiscrimination-policy-asp__83d81a2f18.txt
collected_or_attempted,New York,https://newyork.fhsc.com/downloads/providers/NYRx_PDP_quicklist.pdf,linked from https://newyork.fhsc.com/providers/pdp_about.asp,200,application/pdf,,raw/new-york/new-york__nyrx-pdp-quicklist-pdf__1c87c4707a.pdf,text/new-york/new-york__nyrx-pdp-quicklist-pdf__1c87c4707a.txt
collected_or_attempted,New York,https://newyork.fhsc.com/providers/pa_forms.asp,linked from https://newyork.fhsc.com/providers/pdp_about.asp,200,text/html,,raw/new-york/new-york__pa-forms-asp__9724218188.html,text/new-york/new-york__pa-forms-asp__9724218188.txt
collected_or_attempted,New York,https://newyork.fhsc.com/providers/pdl.asp,linked from https://newyork.fhsc.com/providers/pdp_about.asp,200,text/html,,raw/new-york/new-york__pdl-asp__dab85c1f29.html,text/new-york/new-york__pdl-asp__dab85c1f29.txt
collected_or_attempted,New York,https://newyork.fhsc.com/providers/PDP_about.asp,linked from https://newyork.fhsc.com/providers/pdp_about.asp,200,text/html,,raw/new-york/new-york__pdp-about-asp__22ca8eb14d.html,text/new-york/new-york__pdp-about-asp__22ca8eb14d.txt
collected_or_attempted,New York,https://newyork.fhsc.com/providers/pdp_about.asp,seed,200,text/html,,raw/new-york/new-york__pdp-about-asp__28af7bb49a.html,text/new-york/new-york__pdp-about-asp__28af7bb49a.txt
collected_or_attempted,New York,https://newyork.fhsc.com/providers/sraarv.asp,linked from https://newyork.fhsc.com/providers/pdp_about.asp,200,text/html,,raw/new-york/new-york__sraarv-asp__1e44a27700.html,text/new-york/new-york__sraarv-asp__1e44a27700.txt
collected_or_attempted,North Carolina,https://medicaid.ncdhhs.gov/document/approved-recommendations-medicaid-pdl-review-panel,linked from https://medicaid.ncdhhs.gov/providers/programs-and-services/prescription-drugs/preferred-drug-list/nc-medicaid-pdl-meeting-archive,200,text/html; charset=UTF-8,,raw/north-carolina/north-carolina__approved-recommendations-medicaid-pdl-review-panel__d2e8051c3f.html,text/north-carolina/north-carolina__approved-recommendations-medicaid-pdl-review-panel__d2e8051c3f.txt
collected_or_attempted,North Carolina,https://medicaid.ncdhhs.gov/counties/beneficiary-outreach-materials,linked from https://medicaid.ncdhhs.gov/providers/programs-and-services/prescription-drugs/preferred-drug-list/nc-medicaid-pdl-meeting-archive,200,text/html; charset=UTF-8,,raw/north-carolina/north-carolina__beneficiary-outreach-materials__9e28fecc34.html,text/north-carolina/north-carolina__beneficiary-outreach-materials__9e28fecc34.txt
collected_or_attempted,North Carolina,https://medicaid.ncdhhs.gov/meetingsnotices/committees-and-work-groups,linked from https://medicaid.ncdhhs.gov/providers/programs-and-services/prescription-drugs/preferred-drug-list/nc-medicaid-pdl-meeting-archive,200,text/html; charset=UTF-8,,raw/north-carolina/north-carolina__committees-and-work-groups__ae4d04ae20.html,text/north-carolina/north-carolina__committees-and-work-groups__ae4d04ae20.txt
collected_or_attempted,North Carolina,https://medicaid.ncdhhs.gov/reports/dashboards,linked from https://medicaid.ncdhhs.gov/providers/programs-and-services/prescription-drugs/preferred-drug-list/nc-medicaid-pdl-meeting-archive,200,text/html; charset=UTF-8,,raw/north-carolina/north-carolina__dashboards__5a1c02e741.html,text/north-carolina/north-carolina__dashboards__5a1c02e741.txt
collected_or_attempted,North Carolina,https://medicaid.ncdhhs.gov/nc-medicaids-preferred-drug-list-pdl-oct-1-2023/download?attachment,linked from https://medicaid.ncdhhs.gov/preferred-drug-list,200,application/pdf,,raw/north-carolina/north-carolina__download__02f6f3c30d.pdf,text/north-carolina/north-carolina__download__02f6f3c30d.txt
collected_or_attempted,North Carolina,https://medicaid.ncdhhs.gov/october-2025-pdl-minutes/download?attachment,linked from https://medicaid.ncdhhs.gov/providers/programs-and-services/prescription-drugs/preferred-drug-list/nc-medicaid-pdl-meeting-archive,200,application/pdf,,raw/north-carolina/north-carolina__download__02fd4d9f1b.pdf,text/north-carolina/north-carolina__download__02fd4d9f1b.txt
collected_or_attempted,North Carolina,https://medicaid.ncdhhs.gov/pdl-review-panel-minutes-july-11-2024/download?attachment,linked from https://medicaid.ncdhhs.gov/providers/programs-and-services/prescription-drugs/preferred-drug-list/nc-medicaid-pdl-meeting-archive,200,application/pdf,,raw/north-carolina/north-carolina__download__0753767b59.pdf,text/north-carolina/north-carolina__download__0753767b59.txt
collected_or_attempted,North Carolina,https://medicaid.ncdhhs.gov/2018-pdl-panel-meeting-agenda/download?attachment,linked from https://medicaid.ncdhhs.gov/providers/programs-and-services/prescription-drugs/preferred-drug-list/nc-medicaid-pdl-meeting-archive,200,application/pdf,,raw/north-carolina/north-carolina__download__07cb1b5196.pdf,text/north-carolina/north-carolina__download__07cb1b5196.txt
collected_or_attempted,North Carolina,https://medicaid.ncdhhs.gov/pdl-review-panel-agenda-july-11-2024-0/download?attachment,linked from https://medicaid.ncdhhs.gov/providers/programs-and-services/prescription-drugs/preferred-drug-list/nc-medicaid-pdl-meeting-archive,200,application/pdf,,raw/north-carolina/north-carolina__download__0d54d1fc81.pdf,text/north-carolina/north-carolina__download__0d54d1fc81.txt
collected_or_attempted,North Carolina,https://medicaid.ncdhhs.gov/nc-medicaid-preferred-drug-list-revised-aug-28-2025/download?attachment,linked from https://medicaid.ncdhhs.gov/preferred-drug-list,200,application/pdf,,raw/north-carolina/north-carolina__download__0f4da6c7dd.pdf,text/north-carolina/north-carolina__download__0f4da6c7dd.txt
collected_or_attempted,North Carolina,https://medicaid.ncdhhs.gov/january-2025-pdl-minutes/download?attachment,linked from https://medicaid.ncdhhs.gov/providers/programs-and-services/prescription-drugs/preferred-drug-list/nc-medicaid-pdl-meeting-archive,200,application/pdf,,raw/north-carolina/north-carolina__download__0fae0a7a12.pdf,text/north-carolina/north-carolina__download__0fae0a7a12.txt
collected_or_attempted,North Carolina,https://medicaid.ncdhhs.gov/nc-medicaids-preferred-drug-list-pdl-jan-1-2025/download?attachment,linked from https://medicaid.ncdhhs.gov/preferred-drug-list,200,application/pdf,,raw/north-carolina/north-carolina__download__11645093da.pdf,text/north-carolina/north-carolina__download__11645093da.txt
collected_or_attempted,North Carolina,https://medicaid.ncdhhs.gov/2019-pdl-panel-minutes/download?attachment,linked from https://medicaid.ncdhhs.gov/providers/programs-and-services/prescription-drugs/preferred-drug-list/nc-medicaid-pdl-meeting-archive,200,application/pdf,,raw/north-carolina/north-carolina__download__17eab603d5.pdf,text/north-carolina/north-carolina__download__17eab603d5.txt
collected_or_attempted,North Carolina,https://medicaid.ncdhhs.gov/nc-medicaids-pdlrevised-20240105/download?attachment,linked from https://medicaid.ncdhhs.gov/preferred-drug-list,200,application/pdf,,raw/north-carolina/north-carolina__download__1d77e46e04.pdf,text/north-carolina/north-carolina__download__1d77e46e04.txt
collected_or_attempted,North Carolina,https://medicaid.ncdhhs.gov/nc-medicaids-preferred-drug-list-pdl-revised-sept-1-2024/download?attachment,linked from https://medicaid.ncdhhs.gov/preferred-drug-list,200,application/pdf,,raw/north-carolina/north-carolina__download__21999e9633.pdf,text/north-carolina/north-carolina__download__21999e9633.txt
collected_or_attempted,North Carolina,https://medicaid.ncdhhs.gov/april-2025-pdl-minutes/download?attachment,linked from https://medicaid.ncdhhs.gov/providers/programs-and-services/prescription-drugs/preferred-drug-list/nc-medicaid-pdl-meeting-archive,200,application/pdf,,raw/north-carolina/north-carolina__download__240a330016.pdf,text/north-carolina/north-carolina__download__240a330016.txt
collected_or_attempted,North Carolina,https://medicaid.ncdhhs.gov/nc-medicaid-preferred-drug-list-april-1-2025/download?attachment,linked from https://medicaid.ncdhhs.gov/preferred-drug-list,200,application/pdf,,raw/north-carolina/north-carolina__download__270db5779b.pdf,text/north-carolina/north-carolina__download__270db5779b.txt
collected_or_attempted,North Carolina,https://medicaid.ncdhhs.gov/pdl-review-panel-meeting-jan-12-2023-minutes/download?attachment,linked from https://medicaid.ncdhhs.gov/providers/programs-and-services/prescription-drugs/preferred-drug-list/nc-medicaid-pdl-meeting-archive,200,application/pdf,,raw/north-carolina/north-carolina__download__28bcdd612d.pdf,text/north-carolina/north-carolina__download__28bcdd612d.txt
collected_or_attempted,North Carolina,https://medicaid.ncdhhs.gov/documents/getinvolved/pdl/3-25-2021-pdl-panel-minutes/download,linked from https://medicaid.ncdhhs.gov/providers/programs-and-services/prescription-drugs/preferred-drug-list/nc-medicaid-pdl-meeting-archive,200,application/pdf,,raw/north-carolina/north-carolina__download__2ab822285b.pdf,text/north-carolina/north-carolina__download__2ab822285b.txt
collected_or_attempted,North Carolina,https://medicaid.ncdhhs.gov/nc-medicaids-preferred-drug-list-pdl-revised-05242024/download?attachment,linked from https://medicaid.ncdhhs.gov/preferred-drug-list,200,application/pdf,,raw/north-carolina/north-carolina__download__2e2bd5ff0c.pdf,text/north-carolina/north-carolina__download__2e2bd5ff0c.txt
collected_or_attempted,North Carolina,https://medicaid.ncdhhs.gov/2018-pdl-panel-meeting-minutes/download?attachment,linked from https://medicaid.ncdhhs.gov/providers/programs-and-services/prescription-drugs/preferred-drug-list/nc-medicaid-pdl-meeting-archive,200,application/pdf,,raw/north-carolina/north-carolina__download__34f0e623fc.pdf,text/north-carolina/north-carolina__download__34f0e623fc.txt
collected_or_attempted,North Carolina,https://medicaid.ncdhhs.gov/nc-medicaids-preferred-drug-list-pdl-revised-july-1-2024/download?attachment,linked from https://medicaid.ncdhhs.gov/preferred-drug-list,200,application/pdf,,raw/north-carolina/north-carolina__download__358f62737f.pdf,text/north-carolina/north-carolina__download__358f62737f.txt
collected_or_attempted,North Carolina,https://medicaid.ncdhhs.gov/nc-medicaids-preferred-drug-list-pdl-dec-2024/download?attachment,linked from https://medicaid.ncdhhs.gov/preferred-drug-list,200,application/pdf,,raw/north-carolina/north-carolina__download__38196adbb0.pdf,text/north-carolina/north-carolina__download__38196adbb0.txt
collected_or_attempted,North Carolina,https://medicaid.ncdhhs.gov/documents/getinvolved/pdl/2020-pdl-panel-minutes-final/download,linked from https://medicaid.ncdhhs.gov/providers/programs-and-services/prescription-drugs/preferred-drug-list/nc-medicaid-pdl-meeting-archive,200,application/pdf,,raw/north-carolina/north-carolina__download__3da1cc1280.pdf,text/north-carolina/north-carolina__download__3da1cc1280.txt
collected_or_attempted,North Carolina,https://medicaid.ncdhhs.gov/nc-medicaids-preferred-drug-list-pdl-sept-1-2023/download?attachment,linked from https://medicaid.ncdhhs.gov/preferred-drug-list,200,application/pdf,,raw/north-carolina/north-carolina__download__3f6d4ac725.pdf,text/north-carolina/north-carolina__download__3f6d4ac725.txt
collected_or_attempted,North Carolina,https://medicaid.ncdhhs.gov/documents/files/mtgs/pdl-review-panel-agenda-04112024/download?attachment,linked from https://medicaid.ncdhhs.gov/providers/programs-and-services/prescription-drugs/preferred-drug-list/nc-medicaid-pdl-meeting-archive,200,application/pdf,,raw/north-carolina/north-carolina__download__3f9c635077.pdf,text/north-carolina/north-carolina__download__3f9c635077.txt
collected_or_attempted,North Carolina,https://medicaid.ncdhhs.gov/nc-medicaids-preferred-drug-list-pdl-revised-aug-1-2024/download?attachment,linked from https://medicaid.ncdhhs.gov/preferred-drug-list,200,application/pdf,,raw/north-carolina/north-carolina__download__45e94214ef.pdf,text/north-carolina/north-carolina__download__45e94214ef.txt
collected_or_attempted,North Carolina,https://medicaid.ncdhhs.gov/nc-medicaids-preferred-drug-list-pdl-02202025/download?attachment,linked from https://medicaid.ncdhhs.gov/preferred-drug-list,200,application/pdf,,raw/north-carolina/north-carolina__download__4f4c08729c.pdf,text/north-carolina/north-carolina__download__4f4c08729c.txt
collected_or_attempted,North Carolina,https://medicaid.ncdhhs.gov/nc-medicaid-preferred-drug-list-pdl-effective-april-1-2026-revised-04132026/download?attachment,linked from https://medicaid.ncdhhs.gov/preferred-drug-list,200,application/pdf,,raw/north-carolina/north-carolina__download__5e039393d6.pdf,text/north-carolina/north-carolina__download__5e039393d6.txt
collected_or_attempted,North Carolina,https://medicaid.ncdhhs.gov/pdl-october-1-2024/download?attachment,linked from https://medicaid.ncdhhs.gov/preferred-drug-list,200,application/pdf,,raw/north-carolina/north-carolina__download__5e9fccb64f.pdf,text/north-carolina/north-carolina__download__5e9fccb64f.txt
collected_or_attempted,North Carolina,https://medicaid.ncdhhs.gov/pdl-panel-meeting-july-13-2023-minutes/download?attachment,linked from https://medicaid.ncdhhs.gov/providers/programs-and-services/prescription-drugs/preferred-drug-list/nc-medicaid-pdl-meeting-archive,200,application/pdf,,raw/north-carolina/north-carolina__download__607f08f8d1.pdf,text/north-carolina/north-carolina__download__607f08f8d1.txt
collected_or_attempted,North Carolina,https://medicaid.ncdhhs.gov/documents/files/presentations/pdl-panel-meeting-minutes-04112024/download?attachment,linked from https://medicaid.ncdhhs.gov/providers/programs-and-services/prescription-drugs/preferred-drug-list/nc-medicaid-pdl-meeting-archive,200,application/pdf,,raw/north-carolina/north-carolina__download__63c2dd0530.pdf,text/north-carolina/north-carolina__download__63c2dd0530.txt
collected_or_attempted,North Carolina,https://medicaid.ncdhhs.gov/pdleffective-october-1-2025-revised-121925/download?attachment,linked from https://medicaid.ncdhhs.gov/preferred-drug-list,200,application/pdf,,raw/north-carolina/north-carolina__download__67f45fa74e.pdf,text/north-carolina/north-carolina__download__67f45fa74e.txt
collected_or_attempted,North Carolina,https://medicaid.ncdhhs.gov/october-9-2025-pdl-review-panel-agenda/download?attachment,linked from https://medicaid.ncdhhs.gov/providers/programs-and-services/prescription-drugs/preferred-drug-list/nc-medicaid-pdl-meeting-archive,200,application/pdf,,raw/north-carolina/north-carolina__download__6bf25a6633.pdf,text/north-carolina/north-carolina__download__6bf25a6633.txt
collected_or_attempted,North Carolina,https://medicaid.ncdhhs.gov/pdl-minutes-10102024/download?attachment,linked from https://medicaid.ncdhhs.gov/providers/programs-and-services/prescription-drugs/preferred-drug-list/nc-medicaid-pdl-meeting-archive,200,application/pdf,,raw/north-carolina/north-carolina__download__746a897993.pdf,text/north-carolina/north-carolina__download__746a897993.txt
collected_or_attempted,North Carolina,https://medicaid.ncdhhs.gov/nc-medicaids-preferred-drug-list-pdl-dec-23-2024/download?attachment,linked from https://medicaid.ncdhhs.gov/preferred-drug-list,200,application/pdf,,raw/north-carolina/north-carolina__download__7638514032.pdf,text/north-carolina/north-carolina__download__7638514032.txt
collected_or_attempted,North Carolina,https://medicaid.ncdhhs.gov/pdl-review-panel-meeting-jan-12-2023-agenda-0/download?attachment,linked from https://medicaid.ncdhhs.gov/providers/programs-and-services/prescription-drugs/preferred-drug-list/nc-medicaid-pdl-meeting-archive,200,application/pdf,,raw/north-carolina/north-carolina__download__77184a00ec.pdf,text/north-carolina/north-carolina__download__77184a00ec.txt
collected_or_attempted,North Carolina,https://medicaid.ncdhhs.gov/pdl-panel-agenda-jan-2024/download?attachment,linked from https://medicaid.ncdhhs.gov/providers/programs-and-services/prescription-drugs/preferred-drug-list/nc-medicaid-pdl-meeting-archive,200,application/pdf,,raw/north-carolina/north-carolina__download__7e9afdd6a4.pdf,text/north-carolina/north-carolina__download__7e9afdd6a4.txt
collected_or_attempted,North Carolina,https://medicaid.ncdhhs.gov/july-2025-pdl-minutes-final/download?attachment,linked from https://medicaid.ncdhhs.gov/providers/programs-and-services/prescription-drugs/preferred-drug-list/nc-medicaid-pdl-meeting-archive,200,application/pdf,,raw/north-carolina/north-carolina__download__7f32aae3c7.pdf,text/north-carolina/north-carolina__download__7f32aae3c7.txt
collected_or_attempted,North Carolina,https://medicaid.ncdhhs.gov/nc-medicaid-preferred-drug-list-revised-april-30-2025/download?attachment,linked from https://medicaid.ncdhhs.gov/preferred-drug-list,200,application/pdf,,raw/north-carolina/north-carolina__download__7f5e356335.pdf,text/north-carolina/north-carolina__download__7f5e356335.txt
collected_or_attempted,North Carolina,https://medicaid.ncdhhs.gov/nc-medicaid-preferred-drug-list-revised-06162025/download?attachment,linked from https://medicaid.ncdhhs.gov/preferred-drug-list,200,application/pdf,,raw/north-carolina/north-carolina__download__80eb9013c2.pdf,text/north-carolina/north-carolina__download__80eb9013c2.txt
collected_or_attempted,North Carolina,https://medicaid.ncdhhs.gov/nc-medicaid-preferred-drug-list-effective-october-1-2025-revised-121025/download?attachment,linked from https://medicaid.ncdhhs.gov/preferred-drug-list,200,application/pdf,,raw/north-carolina/north-carolina__download__85fcef30d4.pdf,text/north-carolina/north-carolina__download__85fcef30d4.txt
collected_or_attempted,North Carolina,https://medicaid.ncdhhs.gov/nc-medicaids-preferred-drug-list-pdl-revised-oct-23-2024/download?attachment,linked from https://medicaid.ncdhhs.gov/preferred-drug-list,200,application/pdf,,raw/north-carolina/north-carolina__download__86f05012d2.pdf,text/north-carolina/north-carolina__download__86f05012d2.txt
collected_or_attempted,North Carolina,https://medicaid.ncdhhs.gov/pdl-panel-meeting-july-13-2023-agenda/download?attachment,linked from https://medicaid.ncdhhs.gov/providers/programs-and-services/prescription-drugs/preferred-drug-list/nc-medicaid-pdl-meeting-archive,200,application/pdf,,raw/north-carolina/north-carolina__download__894fb0fe8a.pdf,text/north-carolina/north-carolina__download__894fb0fe8a.txt
collected_or_attempted,North Carolina,https://medicaid.ncdhhs.gov/documents/getinvolved/pdl/03-25-2021-pdl-review-panel-agenda/download,linked from https://medicaid.ncdhhs.gov/providers/programs-and-services/prescription-drugs/preferred-drug-list/nc-medicaid-pdl-meeting-archive,200,application/pdf,,raw/north-carolina/north-carolina__download__8d434b9cce.pdf,text/north-carolina/north-carolina__download__8d434b9cce.txt
collected_or_attempted,North Carolina,https://medicaid.ncdhhs.gov/pdl-review-panel-agenda-10102024-0/download?attachment,linked from https://medicaid.ncdhhs.gov/providers/programs-and-services/prescription-drugs/preferred-drug-list/nc-medicaid-pdl-meeting-archive,200,application/pdf,,raw/north-carolina/north-carolina__download__9122e9ea12.pdf,text/north-carolina/north-carolina__download__9122e9ea12.txt
collected_or_attempted,North Carolina,https://medicaid.ncdhhs.gov/january-2026-pdl-minutes/download?attachment,linked from https://medicaid.ncdhhs.gov/providers/programs-and-services/prescription-drugs/preferred-drug-list/nc-medicaid-pdl-meeting-archive,200,application/pdf,,raw/north-carolina/north-carolina__download__92bf8029c6.pdf,text/north-carolina/north-carolina__download__92bf8029c6.txt
collected_or_attempted,North Carolina,https://medicaid.ncdhhs.gov/nc-medicaid-preferred-drug-list-updated-july-3-2025/download?attachment,linked from https://medicaid.ncdhhs.gov/preferred-drug-list,200,application/pdf,,raw/north-carolina/north-carolina__download__9d359946a5.pdf,text/north-carolina/north-carolina__download__9d359946a5.txt
collected_or_attempted,North Carolina,https://medicaid.ncdhhs.gov/pdl-panel-minutes-jan-13-2022/download?attachment,linked from https://medicaid.ncdhhs.gov/providers/programs-and-services/prescription-drugs/preferred-drug-list/nc-medicaid-pdl-meeting-archive,200,application/pdf,,raw/north-carolina/north-carolina__download__9d4d24791a.pdf,text/north-carolina/north-carolina__download__9d4d24791a.txt
collected_or_attempted,North Carolina,https://medicaid.ncdhhs.gov/documents/providers/nc-medicaids-preferred-drug-list-pdl/download?attachment,linked from https://medicaid.ncdhhs.gov/preferred-drug-list,200,application/pdf,,raw/north-carolina/north-carolina__download__9da979d39a.pdf,text/north-carolina/north-carolina__download__9da979d39a.txt
collected_or_attempted,North Carolina,https://medicaid.ncdhhs.gov/nc-medicaid-preferred-drug-list-july-1-2025/download?attachment,linked from https://medicaid.ncdhhs.gov/preferred-drug-list,200,application/pdf,,raw/north-carolina/north-carolina__download__9ec7b902e1.pdf,text/north-carolina/north-carolina__download__9ec7b902e1.txt
collected_or_attempted,North Carolina,https://medicaid.ncdhhs.gov/pdl-january-1-2025january-1-25-version-3-03242025/download?attachment,linked from https://medicaid.ncdhhs.gov/preferred-drug-list,200,application/pdf,,raw/north-carolina/north-carolina__download__a7051be2b2.pdf,text/north-carolina/north-carolina__download__a7051be2b2.txt
collected_or_attempted,North Carolina,https://medicaid.ncdhhs.gov/pdl-panel-review-meeting-minutes-20220714/download?attachment,linked from https://medicaid.ncdhhs.gov/providers/programs-and-services/prescription-drugs/preferred-drug-list/nc-medicaid-pdl-meeting-archive,200,application/pdf,,raw/north-carolina/north-carolina__download__b418efd996.pdf,text/north-carolina/north-carolina__download__b418efd996.txt
collected_or_attempted,North Carolina,https://medicaid.ncdhhs.gov/documents/getinvolved/pdl/07-15-2020-pdl-review-panel-agenda/download,linked from https://medicaid.ncdhhs.gov/providers/programs-and-services/prescription-drugs/preferred-drug-list/nc-medicaid-pdl-meeting-archive,200,application/pdf,,raw/north-carolina/north-carolina__download__b97728359d.pdf,text/north-carolina/north-carolina__download__b97728359d.txt
collected_or_attempted,North Carolina,https://medicaid.ncdhhs.gov/nc-medicaid-preferred-drug-list-pdl-effective-april-2026revised-05012026/download?attachment,linked from https://medicaid.ncdhhs.gov/preferred-drug-list,200,application/pdf,,raw/north-carolina/north-carolina__download__ba49e969e6.pdf,text/north-carolina/north-carolina__download__ba49e969e6.txt
collected_or_attempted,North Carolina,https://medicaid.ncdhhs.gov/pdl-review-panel-agenda-january-2025/download?attachment,linked from https://medicaid.ncdhhs.gov/providers/programs-and-services/prescription-drugs/preferred-drug-list/nc-medicaid-pdl-meeting-archive,200,application/pdf,,raw/north-carolina/north-carolina__download__bb8094591b.pdf,text/north-carolina/north-carolina__download__bb8094591b.txt
collected_or_attempted,North Carolina,https://medicaid.ncdhhs.gov/nc-medicaids-preferred-drug-list-pdl-revised-jan-8-2025/download?attachment,linked from https://medicaid.ncdhhs.gov/preferred-drug-list,200,application/pdf,,raw/north-carolina/north-carolina__download__bc3a65015a.pdf,text/north-carolina/north-carolina__download__bc3a65015a.txt
collected_or_attempted,North Carolina,https://medicaid.ncdhhs.gov/may-22-pdl-review-panel-agenda-final/download,linked from https://medicaid.ncdhhs.gov/providers/programs-and-services/prescription-drugs/preferred-drug-list/nc-medicaid-pdl-meeting-archive,200,application/pdf,,raw/north-carolina/north-carolina__download__bc40f00497.pdf,text/north-carolina/north-carolina__download__bc40f00497.txt
collected_or_attempted,North Carolina,https://medicaid.ncdhhs.gov/pdlapril-1-2025version-2-revised-april-7/download?attachment,linked from https://medicaid.ncdhhs.gov/preferred-drug-list,200,application/pdf,,raw/north-carolina/north-carolina__download__c46afb3324.pdf,text/north-carolina/north-carolina__download__c46afb3324.txt
collected_or_attempted,North Carolina,https://medicaid.ncdhhs.gov/dur-agenda-july-2025/download?attachment=,seed,200,application/pdf,,raw/north-carolina/north-carolina__download__c5a5de58c4.pdf,text/north-carolina/north-carolina__download__c5a5de58c4.txt
collected_or_attempted,North Carolina,https://medicaid.ncdhhs.gov/nc-medicaid-preferred-drug-list-pdl-effective-april-1-2026/download?attachment,linked from https://medicaid.ncdhhs.gov/preferred-drug-list,200,application/pdf,,raw/north-carolina/north-carolina__download__c5f111b4c0.pdf,text/north-carolina/north-carolina__download__c5f111b4c0.txt
collected_or_attempted,North Carolina,https://medicaid.ncdhhs.gov/pdl-panel-minutes-jan-2024/download?attachment,linked from https://medicaid.ncdhhs.gov/providers/programs-and-services/prescription-drugs/preferred-drug-list/nc-medicaid-pdl-meeting-archive,200,application/pdf,,raw/north-carolina/north-carolina__download__d22ce4c91d.pdf,text/north-carolina/north-carolina__download__d22ce4c91d.txt
collected_or_attempted,North Carolina,https://medicaid.ncdhhs.gov/july-22-2025-pdl-review-panel-agenda/download?attachment,linked from https://medicaid.ncdhhs.gov/providers/programs-and-services/prescription-drugs/preferred-drug-list/nc-medicaid-pdl-meeting-archive,200,application/pdf,,raw/north-carolina/north-carolina__download__d7a69237b4.pdf,text/north-carolina/north-carolina__download__d7a69237b4.txt
collected_or_attempted,North Carolina,https://medicaid.ncdhhs.gov/nc-medicaids-preferred-drug-list-pdl-10192023/download?attachment,linked from https://medicaid.ncdhhs.gov/preferred-drug-list,200,application/pdf,,raw/north-carolina/north-carolina__download__dd19c6cf7b.pdf,text/north-carolina/north-carolina__download__dd19c6cf7b.txt
collected_or_attempted,North Carolina,https://medicaid.ncdhhs.gov/pdl-review-panel-agenda-220714/download?attachment,linked from https://medicaid.ncdhhs.gov/providers/programs-and-services/prescription-drugs/preferred-drug-list/nc-medicaid-pdl-meeting-archive,200,application/pdf,,raw/north-carolina/north-carolina__download__df5ad2ebb4.pdf,text/north-carolina/north-carolina__download__df5ad2ebb4.txt
collected_or_attempted,North Carolina,https://medicaid.ncdhhs.gov/nc-medicaids-preferred-drug-list-pdl-dec-1-2023/download?attachment,linked from https://medicaid.ncdhhs.gov/preferred-drug-list,200,application/pdf,,raw/north-carolina/north-carolina__download__ea7fef42ee.pdf,text/north-carolina/north-carolina__download__ea7fef42ee.txt
collected_or_attempted,North Carolina,https://medicaid.ncdhhs.gov/pdl-effective-january-1-2026-revised-03182026/download?attachment,linked from https://medicaid.ncdhhs.gov/preferred-drug-list,200,application/pdf,,raw/north-carolina/north-carolina__download__ee3fea7742.pdf,text/north-carolina/north-carolina__download__ee3fea7742.txt
collected_or_attempted,North Carolina,https://medicaid.ncdhhs.gov/april-10-2025-pdl-review-panel-agenda/download?attachment,linked from https://medicaid.ncdhhs.gov/providers/programs-and-services/prescription-drugs/preferred-drug-list/nc-medicaid-pdl-meeting-archive,200,application/pdf,,raw/north-carolina/north-carolina__download__f03a845608.pdf,text/north-carolina/north-carolina__download__f03a845608.txt
collected_or_attempted,North Carolina,https://medicaid.ncdhhs.gov/nc-medicaids-preferred-drug-list-pdl-oct-1-2023-0/download?attachment,linked from https://medicaid.ncdhhs.gov/preferred-drug-list,200,application/pdf,,raw/north-carolina/north-carolina__download__f7b5e196d8.pdf,text/north-carolina/north-carolina__download__f7b5e196d8.txt
collected_or_attempted,North Carolina,https://medicaid.ncdhhs.gov/nc-medicaid-preferred-drug-list-revised-oct-1-2025/download?attachment,linked from https://medicaid.ncdhhs.gov/preferred-drug-list,200,application/pdf,,raw/north-carolina/north-carolina__download__fc145d49b2.pdf,text/north-carolina/north-carolina__download__fc145d49b2.txt
collected_or_attempted,North Carolina,https://medicaid.ncdhhs.gov/reports/medicaid-expansion-dashboard,linked from https://medicaid.ncdhhs.gov/providers/programs-and-services/prescription-drugs/preferred-drug-list/nc-medicaid-pdl-meeting-archive,200,text/html; charset=UTF-8,,raw/north-carolina/north-carolina__medicaid-expansion-dashboard__8c6719f304.html,text/north-carolina/north-carolina__medicaid-expansion-dashboard__8c6719f304.txt
collected_or_attempted,North Carolina,https://medicaid.ncdhhs.gov/meetingsnotices/medicaid-state-plan-public-notices,linked from https://medicaid.ncdhhs.gov/providers/programs-and-services/prescription-drugs/preferred-drug-list/nc-medicaid-pdl-meeting-archive,200,text/html; charset=UTF-8,,raw/north-carolina/north-carolina__medicaid-state-plan-public-notices__139daf65c2.html,text/north-carolina/north-carolina__medicaid-state-plan-public-notices__139daf65c2.txt
collected_or_attempted,North Carolina,https://medicaid.ncdhhs.gov/meetings-and-notices,linked from https://medicaid.ncdhhs.gov/providers/programs-and-services/prescription-drugs/preferred-drug-list/nc-medicaid-pdl-meeting-archive,200,text/html; charset=UTF-8,,raw/north-carolina/north-carolina__meetings-and-notices__4db9b1a2dc.html,text/north-carolina/north-carolina__meetings-and-notices__4db9b1a2dc.txt
collected_or_attempted,North Carolina,https://medicaid.ncdhhs.gov/meetingsnotices/committees-and-work-groups/nc-drug-utilization-review-board,seed,200,text/html; charset=UTF-8,,raw/north-carolina/north-carolina__nc-drug-utilization-review-board__8fe8574db3.html,text/north-carolina/north-carolina__nc-drug-utilization-review-board__8fe8574db3.txt
collected_or_attempted,North Carolina,https://medicaid.ncdhhs.gov/providers/programs-and-services/prescription-drugs/preferred-drug-list/nc-medicaid-pdl-meeting-archive,seed,200,text/html; charset=UTF-8,,raw/north-carolina/north-carolina__nc-medicaid-pdl-meeting-archive__558cae0244.html,text/north-carolina/north-carolina__nc-medicaid-pdl-meeting-archive__558cae0244.txt
collected_or_attempted,North Carolina,https://medicaid.ncdhhs.gov/meetingsnotices/office-compliance-program-integrity-ocpi,linked from https://medicaid.ncdhhs.gov/providers/programs-and-services/prescription-drugs/preferred-drug-list/nc-medicaid-pdl-meeting-archive,200,text/html; charset=UTF-8,,raw/north-carolina/north-carolina__office-compliance-program-integrity-ocpi__4697c7e0b3.html,text/north-carolina/north-carolina__office-compliance-program-integrity-ocpi__4697c7e0b3.txt
collected_or_attempted,North Carolina,https://medicaid.ncdhhs.gov/pdl-review-panel-agenda01132026/open,linked from https://medicaid.ncdhhs.gov/providers/programs-and-services/prescription-drugs/preferred-drug-list/nc-medicaid-pdl-meeting-archive,200,application/pdf,,raw/north-carolina/north-carolina__open__2d37e0144e.pdf,text/north-carolina/north-carolina__open__2d37e0144e.txt
collected_or_attempted,North Carolina,https://medicaid.ncdhhs.gov/preferred-drug-list-effective-jan-1-2026-revised-jan-30-2026/open,linked from https://medicaid.ncdhhs.gov/preferred-drug-list,200,application/pdf,,raw/north-carolina/north-carolina__open__382e874d97.pdf,text/north-carolina/north-carolina__open__382e874d97.txt
collected_or_attempted,North Carolina,https://medicaid.ncdhhs.gov/preferred-drug-list-effective-jan-1-2026-revised-feb-19-2026/open,linked from https://medicaid.ncdhhs.gov/preferred-drug-list,200,application/pdf,,raw/north-carolina/north-carolina__open__7c0918ee5c.pdf,text/north-carolina/north-carolina__open__7c0918ee5c.txt
collected_or_attempted,North Carolina,https://medicaid.ncdhhs.gov/preferred-drug-list-effective-jan-1-2026-revised-dec-19-2025/open,linked from https://medicaid.ncdhhs.gov/preferred-drug-list,200,application/pdf,,raw/north-carolina/north-carolina__open__ab74271670.pdf,text/north-carolina/north-carolina__open__ab74271670.txt
collected_or_attempted,North Carolina,https://medicaid.ncdhhs.gov/nc-medicaid-preferred-drug-list-effective-january-1-2026-revised-121025/open,linked from https://medicaid.ncdhhs.gov/preferred-drug-list,200,application/pdf,,raw/north-carolina/north-carolina__open__b667277115.pdf,text/north-carolina/north-carolina__open__b667277115.txt
collected_or_attempted,North Carolina,https://medicaid.ncdhhs.gov/nc-medicaid-preferred-drug-list-revised-oct-1-2025-updated-nov-3-2025/open,linked from https://medicaid.ncdhhs.gov/preferred-drug-list,200,application/pdf,,raw/north-carolina/north-carolina__open__bbd3d06d5e.pdf,text/north-carolina/north-carolina__open__bbd3d06d5e.txt
collected_or_attempted,North Carolina,https://medicaid.ncdhhs.gov/january-13-2022-pdl-review-panel-agenda/open,linked from https://medicaid.ncdhhs.gov/providers/programs-and-services/prescription-drugs/preferred-drug-list/nc-medicaid-pdl-meeting-archive,200,application/pdf,,raw/north-carolina/north-carolina__open__f39ebd034b.pdf,text/north-carolina/north-carolina__open__f39ebd034b.txt
collected_or_attempted,North Carolina,https://medicaid.ncdhhs.gov/providers/programs-and-services/prescription-drugs/preferred-drug-list/pdl-annual-report-archive,linked from https://medicaid.ncdhhs.gov/providers/programs-and-services/prescription-drugs/preferred-drug-list/nc-medicaid-pdl-meeting-archive,200,text/html; charset=UTF-8,,raw/north-carolina/north-carolina__pdl-annual-report-archive__2fb2a6c20b.html,text/north-carolina/north-carolina__pdl-annual-report-archive__2fb2a6c20b.txt
collected_or_attempted,North Carolina,https://files.nc.gov/medicaid/documents/Medicaid/Provider/PDL-Guidelines-07-2014.pdf,seed,200,application/pdf,,raw/north-carolina/north-carolina__pdl-guidelines-07-2014-pdf__a8d9af2561.pdf,text/north-carolina/north-carolina__pdl-guidelines-07-2014-pdf__a8d9af2561.txt
collected_or_attempted,North Carolina,https://medicaid.ncdhhs.gov/providers/physician-administered-drug-program-catalog,linked from https://medicaid.ncdhhs.gov/providers/programs-and-services/prescription-drugs/preferred-drug-list/nc-medicaid-pdl-meeting-archive,200,text/html; charset=UTF-8,,raw/north-carolina/north-carolina__physician-administered-drug-program-catalog__50d2519cba.html,text/north-carolina/north-carolina__physician-administered-drug-program-catalog__50d2519cba.txt
collected_or_attempted,North Carolina,https://medicaid.ncdhhs.gov/preferred-drug-list,seed,200,text/html; charset=UTF-8,,raw/north-carolina/north-carolina__preferred-drug-list__4151178ebe.html,text/north-carolina/north-carolina__preferred-drug-list__4151178ebe.txt
collected_or_attempted,North Carolina,https://medicaid.ncdhhs.gov/providers/programs-and-services/prescription-drugs/preferred-drug-list,linked from https://medicaid.ncdhhs.gov/providers/programs-and-services/prescription-drugs/preferred-drug-list/nc-medicaid-pdl-meeting-archive,200,text/html; charset=UTF-8,,raw/north-carolina/north-carolina__preferred-drug-list__a3418b2924.html,text/north-carolina/north-carolina__preferred-drug-list__a3418b2924.txt
collected_or_attempted,North Carolina,https://medicaid.ncdhhs.gov/providers/programs-and-services/prescription-drugs,linked from https://medicaid.ncdhhs.gov/providers/programs-and-services/prescription-drugs/preferred-drug-list/nc-medicaid-pdl-meeting-archive,200,text/html; charset=UTF-8,,raw/north-carolina/north-carolina__prescription-drugs__eb5a17495f.html,text/north-carolina/north-carolina__prescription-drugs__eb5a17495f.txt
collected_or_attempted,North Carolina,https://medicaid.ncdhhs.gov/providers/program-specific-clinical-coverage-policies,linked from https://medicaid.ncdhhs.gov/providers/programs-and-services/prescription-drugs/preferred-drug-list/nc-medicaid-pdl-meeting-archive,200,text/html; charset=UTF-8,,raw/north-carolina/north-carolina__program-specific-clinical-coverage-policies__5b62403b2c.html,text/north-carolina/north-carolina__program-specific-clinical-coverage-policies__5b62403b2c.txt
collected_or_attempted,North Dakota,https://www.hhs.nd.gov/events/2025-schedule-drug-use-review-dur-board,seed,200,text/html; charset=UTF-8,,raw/north-dakota/north-dakota__2025-schedule-drug-use-review-dur-board__f2aa0e268e.html,text/north-dakota/north-dakota__2025-schedule-drug-use-review-dur-board__f2aa0e268e.txt
collected_or_attempted,North Dakota,https://www.hhs.nd.gov/events/2026-schedule-north-dakota-drug-use-review-dur-board,seed,200,text/html; charset=UTF-8,,raw/north-dakota/north-dakota__2026-schedule-north-dakota-drug-use-review-dur-board__a8bc255765.html,text/north-dakota/north-dakota__2026-schedule-north-dakota-drug-use-review-dur-board__a8bc255765.txt
collected_or_attempted,North Dakota,https://www.hhs.nd.gov/healthcare/medicaid/providers/pharmacy/drug-use-review-board,seed,200,text/html; charset=UTF-8,,raw/north-dakota/north-dakota__drug-use-review-board__e0ccedf23d.html,text/north-dakota/north-dakota__drug-use-review-board__e0ccedf23d.txt
collected_or_attempted,North Dakota,https://ndmedicaid.acentra.com/dur-board/,seed,200,text/html; charset=UTF-8,,raw/north-dakota/north-dakota__dur-board__c45126a53a.html,text/north-dakota/north-dakota__dur-board__c45126a53a.txt
collected_or_attempted,North Dakota,https://ndmedicaid.acentra.com/wp-json/oembed/1.0/embed?url=https%3A%2F%2Fndmedicaid.acentra.com%2Fpreferred-drug-list-pdl%2F&format=xml,linked from https://ndmedicaid.acentra.com/preferred-drug-list-pdl/,200,text/xml; charset=UTF-8,,raw/north-dakota/north-dakota__embed__175e0c40f1.html,text/north-dakota/north-dakota__embed__175e0c40f1.txt
collected_or_attempted,North Dakota,https://ndmedicaid.acentra.com/wp-json/oembed/1.0/embed?url=https%3A%2F%2Fndmedicaid.acentra.com%2Fpreferred-drug-list-pdl%2F,linked from https://ndmedicaid.acentra.com/preferred-drug-list-pdl/,200,application/json; charset=UTF-8,,raw/north-dakota/north-dakota__embed__bcf62ac190.json,text/north-dakota/north-dakota__embed__bcf62ac190.txt
collected_or_attempted,North Dakota,https://ndmedicaid.acentra.com/wp-content/uploads/sites/17/2026/05/ND_DUR_Board_Meeting_Agenda_03042026.pdf,linked from https://ndmedicaid.acentra.com/dur-board/,200,application/pdf,,raw/north-dakota/north-dakota__nd-dur-board-meeting-agenda-03042026-pdf__37cc5a83fd.pdf,text/north-dakota/north-dakota__nd-dur-board-meeting-agenda-03042026-pdf__37cc5a83fd.txt
collected_or_attempted,North Dakota,https://ndmedicaid.acentra.com/wp-content/uploads/sites/17/2025/02/ND_DUR_Board_Meeting_Agenda_03052025.pdf,linked from https://ndmedicaid.acentra.com/dur-board/,200,application/pdf,,raw/north-dakota/north-dakota__nd-dur-board-meeting-agenda-03052025-pdf__06a6cbb971.pdf,text/north-dakota/north-dakota__nd-dur-board-meeting-agenda-03052025-pdf__06a6cbb971.txt
collected_or_attempted,North Dakota,https://ndmedicaid.acentra.com/wp-content/uploads/sites/17/2026/05/ND_DUR_Board_Meeting_Agenda_06032026.pdf,linked from https://ndmedicaid.acentra.com/dur-board/,200,application/pdf,,raw/north-dakota/north-dakota__nd-dur-board-meeting-agenda-06032026-pdf__73cc152a43.pdf,text/north-dakota/north-dakota__nd-dur-board-meeting-agenda-06032026-pdf__73cc152a43.txt
collected_or_attempted,North Dakota,https://ndmedicaid.acentra.com/wp-content/uploads/sites/17/2025/05/ND_DUR_Board_Meeting_Agenda_06042025.pdf,linked from https://ndmedicaid.acentra.com/dur-board/,200,application/pdf,,raw/north-dakota/north-dakota__nd-dur-board-meeting-agenda-06042025-pdf__1e4aafb0d7.pdf,text/north-dakota/north-dakota__nd-dur-board-meeting-agenda-06042025-pdf__1e4aafb0d7.txt
collected_or_attempted,North Dakota,https://ndmedicaid.acentra.com/wp-content/uploads/sites/17/2026/02/ND_DUR_Board_Meeting_Handout_03042026.pdf,linked from https://ndmedicaid.acentra.com/dur-board/,200,application/pdf,,raw/north-dakota/north-dakota__nd-dur-board-meeting-handout-03042026-pdf__245a6b5ba6.pdf,text/north-dakota/north-dakota__nd-dur-board-meeting-handout-03042026-pdf__245a6b5ba6.txt
collected_or_attempted,North Dakota,https://ndmedicaid.acentra.com/wp-content/uploads/sites/17/2025/02/ND_DUR_Board_Meeting_Handout_03052025.pdf,linked from https://ndmedicaid.acentra.com/dur-board/,200,application/pdf,,raw/north-dakota/north-dakota__nd-dur-board-meeting-handout-03052025-pdf__3881a09b6f.pdf,text/north-dakota/north-dakota__nd-dur-board-meeting-handout-03052025-pdf__3881a09b6f.txt
collected_or_attempted,North Dakota,https://ndmedicaid.acentra.com/wp-content/uploads/sites/17/2026/05/ND_DUR_Board_Meeting_Handout_06032026.pdf,linked from https://ndmedicaid.acentra.com/dur-board/,200,application/pdf,,raw/north-dakota/north-dakota__nd-dur-board-meeting-handout-06032026-pdf__a927c5ba0b.pdf,text/north-dakota/north-dakota__nd-dur-board-meeting-handout-06032026-pdf__a927c5ba0b.txt
collected_or_attempted,North Dakota,https://ndmedicaid.acentra.com/wp-content/uploads/sites/17/2025/12/ND_DUR_Board_Meeting_Handouts_2025.pdf,linked from https://ndmedicaid.acentra.com/dur-board/,200,application/pdf,,raw/north-dakota/north-dakota__nd-dur-board-meeting-handouts-2025-pdf__cc07fe9a6a.pdf,text/north-dakota/north-dakota__nd-dur-board-meeting-handouts-2025-pdf__cc07fe9a6a.txt
collected_or_attempted,North Dakota,https://ndmedicaid.acentra.com/wp-content/uploads/sites/17/2025/06/ND_DUR_Board_Meeting_Minutes_03052025.pdf,linked from https://ndmedicaid.acentra.com/dur-board/,200,application/pdf,,raw/north-dakota/north-dakota__nd-dur-board-meeting-minutes-03052025-pdf__542c678d7c.pdf,text/north-dakota/north-dakota__nd-dur-board-meeting-minutes-03052025-pdf__542c678d7c.txt
collected_or_attempted,North Dakota,https://ndmedicaid.acentra.com/wp-content/uploads/sites/17/2024/03/ND_PDL_2015.pdf,linked from https://ndmedicaid.acentra.com/preferred-drug-list-pdl/,200,application/pdf,,raw/north-dakota/north-dakota__nd-pdl-2015-pdf__e09c8c8dcb.pdf,text/north-dakota/north-dakota__nd-pdl-2015-pdf__e09c8c8dcb.txt
collected_or_attempted,North Dakota,https://ndmedicaid.acentra.com/wp-content/uploads/sites/17/2024/03/ND_PDL_2016_3.pdf,linked from https://ndmedicaid.acentra.com/preferred-drug-list-pdl/,200,application/pdf,,raw/north-dakota/north-dakota__nd-pdl-2016-3-pdf__f4b41ab4b2.pdf,text/north-dakota/north-dakota__nd-pdl-2016-3-pdf__f4b41ab4b2.txt
collected_or_attempted,North Dakota,https://ndmedicaid.acentra.com/wp-content/uploads/sites/17/2024/03/ND_PDL_2016_4.pdf,linked from https://ndmedicaid.acentra.com/preferred-drug-list-pdl/,200,application/pdf,,raw/north-dakota/north-dakota__nd-pdl-2016-4-pdf__97ea7fa02d.pdf,text/north-dakota/north-dakota__nd-pdl-2016-4-pdf__97ea7fa02d.txt
collected_or_attempted,North Dakota,https://ndmedicaid.acentra.com/wp-content/uploads/sites/17/2024/03/ND_PDL_2016_5.pdf,linked from https://ndmedicaid.acentra.com/preferred-drug-list-pdl/,200,application/pdf,,raw/north-dakota/north-dakota__nd-pdl-2016-5-pdf__f45b397ac4.pdf,text/north-dakota/north-dakota__nd-pdl-2016-5-pdf__f45b397ac4.txt
collected_or_attempted,North Dakota,https://ndmedicaid.acentra.com/wp-content/uploads/sites/17/2024/03/ND_PDL_2016_6.pdf,linked from https://ndmedicaid.acentra.com/preferred-drug-list-pdl/,200,application/pdf,,raw/north-dakota/north-dakota__nd-pdl-2016-6-pdf__4b52ebea27.pdf,text/north-dakota/north-dakota__nd-pdl-2016-6-pdf__4b52ebea27.txt
collected_or_attempted,North Dakota,https://ndmedicaid.acentra.com/wp-content/uploads/sites/17/2024/03/ND_PDL_2016_7.pdf,linked from https://ndmedicaid.acentra.com/preferred-drug-list-pdl/,200,application/pdf,,raw/north-dakota/north-dakota__nd-pdl-2016-7-pdf__868f27128c.pdf,text/north-dakota/north-dakota__nd-pdl-2016-7-pdf__868f27128c.txt
collected_or_attempted,North Dakota,https://ndmedicaid.acentra.com/wp-content/uploads/sites/17/2024/03/ND_PDL_2016.pdf,linked from https://ndmedicaid.acentra.com/preferred-drug-list-pdl/,200,application/pdf,,raw/north-dakota/north-dakota__nd-pdl-2016-pdf__04c0a5ca61.pdf,text/north-dakota/north-dakota__nd-pdl-2016-pdf__04c0a5ca61.txt
collected_or_attempted,North Dakota,https://ndmedicaid.acentra.com/wp-content/uploads/sites/17/2024/03/ND_PDL_2016v1.pdf,linked from https://ndmedicaid.acentra.com/preferred-drug-list-pdl/,200,application/pdf,,raw/north-dakota/north-dakota__nd-pdl-2016v1-pdf__ddf945e8c3.pdf,text/north-dakota/north-dakota__nd-pdl-2016v1-pdf__ddf945e8c3.txt
collected_or_attempted,North Dakota,https://ndmedicaid.acentra.com/wp-content/uploads/sites/17/2024/03/ND_PDL_2017.2.pdf,linked from https://ndmedicaid.acentra.com/preferred-drug-list-pdl/,200,application/pdf,,raw/north-dakota/north-dakota__nd-pdl-2017-2-pdf__ec6e82ec0f.pdf,text/north-dakota/north-dakota__nd-pdl-2017-2-pdf__ec6e82ec0f.txt
collected_or_attempted,North Dakota,https://ndmedicaid.acentra.com/wp-content/uploads/sites/17/2024/03/ND_PDL_2017.3.pdf,linked from https://ndmedicaid.acentra.com/preferred-drug-list-pdl/,200,application/pdf,,raw/north-dakota/north-dakota__nd-pdl-2017-3-pdf__285becfad3.pdf,text/north-dakota/north-dakota__nd-pdl-2017-3-pdf__285becfad3.txt
collected_or_attempted,North Dakota,https://ndmedicaid.acentra.com/wp-content/uploads/sites/17/2024/03/ND_PDL_2017.4.pdf,linked from https://ndmedicaid.acentra.com/preferred-drug-list-pdl/,200,application/pdf,,raw/north-dakota/north-dakota__nd-pdl-2017-4-pdf__d68deacc9c.pdf,text/north-dakota/north-dakota__nd-pdl-2017-4-pdf__d68deacc9c.txt
collected_or_attempted,North Dakota,https://ndmedicaid.acentra.com/wp-content/uploads/sites/17/2024/03/ND_PDL_2017.5.pdf,linked from https://ndmedicaid.acentra.com/preferred-drug-list-pdl/,200,application/pdf,,raw/north-dakota/north-dakota__nd-pdl-2017-5-pdf__a2a726a4e8.pdf,text/north-dakota/north-dakota__nd-pdl-2017-5-pdf__a2a726a4e8.txt
collected_or_attempted,North Dakota,https://ndmedicaid.acentra.com/wp-content/uploads/sites/17/2024/03/ND_PDL_2017.6.pdf,linked from https://ndmedicaid.acentra.com/preferred-drug-list-pdl/,200,application/pdf,,raw/north-dakota/north-dakota__nd-pdl-2017-6-pdf__bf3ba3b5e8.pdf,text/north-dakota/north-dakota__nd-pdl-2017-6-pdf__bf3ba3b5e8.txt
collected_or_attempted,North Dakota,https://ndmedicaid.acentra.com/wp-content/uploads/sites/17/2024/03/ND_PDL_2017.pdf,linked from https://ndmedicaid.acentra.com/preferred-drug-list-pdl/,200,application/pdf,,raw/north-dakota/north-dakota__nd-pdl-2017-pdf__2f69dffb4a.pdf,text/north-dakota/north-dakota__nd-pdl-2017-pdf__2f69dffb4a.txt
collected_or_attempted,North Dakota,https://ndmedicaid.acentra.com/wp-content/uploads/sites/17/2024/03/ND_PDL_2017v1.pdf,linked from https://ndmedicaid.acentra.com/preferred-drug-list-pdl/,200,application/pdf,,raw/north-dakota/north-dakota__nd-pdl-2017v1-pdf__148846b24f.pdf,text/north-dakota/north-dakota__nd-pdl-2017v1-pdf__148846b24f.txt
collected_or_attempted,North Dakota,https://ndmedicaid.acentra.com/wp-content/uploads/sites/17/2024/03/ND_PDL_2018.1b.pdf,linked from https://ndmedicaid.acentra.com/preferred-drug-list-pdl/,200,application/pdf,,raw/north-dakota/north-dakota__nd-pdl-2018-1b-pdf__0e139023f8.pdf,text/north-dakota/north-dakota__nd-pdl-2018-1b-pdf__0e139023f8.txt
collected_or_attempted,North Dakota,https://ndmedicaid.acentra.com/wp-content/uploads/sites/17/2024/03/ND_PDL_2018.2.pdf,linked from https://ndmedicaid.acentra.com/preferred-drug-list-pdl/,200,application/pdf,,raw/north-dakota/north-dakota__nd-pdl-2018-2-pdf__164686295b.pdf,text/north-dakota/north-dakota__nd-pdl-2018-2-pdf__164686295b.txt
collected_or_attempted,North Dakota,https://ndmedicaid.acentra.com/wp-content/uploads/sites/17/2024/03/ND_PDL_2018.3.pdf,linked from https://ndmedicaid.acentra.com/preferred-drug-list-pdl/,200,application/pdf,,raw/north-dakota/north-dakota__nd-pdl-2018-3-pdf__ca8b6d11fb.pdf,text/north-dakota/north-dakota__nd-pdl-2018-3-pdf__ca8b6d11fb.txt
collected_or_attempted,North Dakota,https://ndmedicaid.acentra.com/wp-content/uploads/sites/17/2024/03/ND_PDL_2018.4.pdf,linked from https://ndmedicaid.acentra.com/preferred-drug-list-pdl/,200,application/pdf,,raw/north-dakota/north-dakota__nd-pdl-2018-4-pdf__e50c846fbe.pdf,text/north-dakota/north-dakota__nd-pdl-2018-4-pdf__e50c846fbe.txt
collected_or_attempted,North Dakota,https://ndmedicaid.acentra.com/wp-content/uploads/sites/17/2024/03/ND_PDL_2018.5.pdf,linked from https://ndmedicaid.acentra.com/preferred-drug-list-pdl/,200,application/pdf,,raw/north-dakota/north-dakota__nd-pdl-2018-5-pdf__51ec81f91d.pdf,text/north-dakota/north-dakota__nd-pdl-2018-5-pdf__51ec81f91d.txt
collected_or_attempted,North Dakota,https://ndmedicaid.acentra.com/wp-content/uploads/sites/17/2024/03/ND_PDL_2018.6.pdf,linked from https://ndmedicaid.acentra.com/preferred-drug-list-pdl/,200,application/pdf,,raw/north-dakota/north-dakota__nd-pdl-2018-6-pdf__6ad2878013.pdf,text/north-dakota/north-dakota__nd-pdl-2018-6-pdf__6ad2878013.txt
collected_or_attempted,North Dakota,https://ndmedicaid.acentra.com/wp-content/uploads/sites/17/2024/03/ND_PDL_2018.7.pdf,linked from https://ndmedicaid.acentra.com/preferred-drug-list-pdl/,200,application/pdf,,raw/north-dakota/north-dakota__nd-pdl-2018-7-pdf__39dd4489c0.pdf,text/north-dakota/north-dakota__nd-pdl-2018-7-pdf__39dd4489c0.txt
collected_or_attempted,North Dakota,https://ndmedicaid.acentra.com/wp-content/uploads/sites/17/2024/03/ND_PDL_2018.8.pdf,linked from https://ndmedicaid.acentra.com/preferred-drug-list-pdl/,200,application/pdf,,raw/north-dakota/north-dakota__nd-pdl-2018-8-pdf__557de13fd8.pdf,text/north-dakota/north-dakota__nd-pdl-2018-8-pdf__557de13fd8.txt
collected_or_attempted,North Dakota,https://ndmedicaid.acentra.com/wp-content/uploads/sites/17/2024/03/ND_PDL_2018.9.pdf,linked from https://ndmedicaid.acentra.com/preferred-drug-list-pdl/,200,application/pdf,,raw/north-dakota/north-dakota__nd-pdl-2018-9-pdf__4c274a4005.pdf,text/north-dakota/north-dakota__nd-pdl-2018-9-pdf__4c274a4005.txt
collected_or_attempted,North Dakota,https://ndmedicaid.acentra.com/wp-content/uploads/sites/17/2024/03/ND_PDL_2019.1.pdf,linked from https://ndmedicaid.acentra.com/preferred-drug-list-pdl/,200,application/pdf,,raw/north-dakota/north-dakota__nd-pdl-2019-1-pdf__5ce7acda51.pdf,text/north-dakota/north-dakota__nd-pdl-2019-1-pdf__5ce7acda51.txt
collected_or_attempted,North Dakota,https://ndmedicaid.acentra.com/wp-content/uploads/sites/17/2024/03/ND_PDL_2021_v6.pdf,linked from https://ndmedicaid.acentra.com/preferred-drug-list-pdl/,200,application/pdf,,raw/north-dakota/north-dakota__nd-pdl-2021-v6-pdf__51cb901801.pdf,text/north-dakota/north-dakota__nd-pdl-2021-v6-pdf__51cb901801.txt
collected_or_attempted,North Dakota,https://ndmedicaid.acentra.com/wp-content/uploads/sites/17/2024/03/ND_PDL-2022.1.pdf,linked from https://ndmedicaid.acentra.com/preferred-drug-list-pdl/,200,application/pdf,,raw/north-dakota/north-dakota__nd-pdl-2022-1-pdf__14ca81fa6d.pdf,text/north-dakota/north-dakota__nd-pdl-2022-1-pdf__14ca81fa6d.txt
collected_or_attempted,North Dakota,https://ndmedicaid.acentra.com/wp-content/uploads/sites/17/2024/03/ND_PDL_2022.2.pdf,linked from https://ndmedicaid.acentra.com/preferred-drug-list-pdl/,200,application/pdf,,raw/north-dakota/north-dakota__nd-pdl-2022-2-pdf__f9d9274daa.pdf,text/north-dakota/north-dakota__nd-pdl-2022-2-pdf__f9d9274daa.txt
collected_or_attempted,North Dakota,https://ndmedicaid.acentra.com/wp-content/uploads/sites/17/2024/03/ND_PDL_2022.3.pdf,linked from https://ndmedicaid.acentra.com/preferred-drug-list-pdl/,200,application/pdf,,raw/north-dakota/north-dakota__nd-pdl-2022-3-pdf__ae513b5543.pdf,text/north-dakota/north-dakota__nd-pdl-2022-3-pdf__ae513b5543.txt
collected_or_attempted,North Dakota,https://ndmedicaid.acentra.com/wp-content/uploads/sites/17/2024/03/ND_PDL_2022.4.pdf,linked from https://ndmedicaid.acentra.com/preferred-drug-list-pdl/,200,application/pdf,,raw/north-dakota/north-dakota__nd-pdl-2022-4-pdf__bd185cf70a.pdf,text/north-dakota/north-dakota__nd-pdl-2022-4-pdf__bd185cf70a.txt
collected_or_attempted,North Dakota,https://ndmedicaid.acentra.com/wp-content/uploads/sites/17/2024/03/ND_PDL_2022.6.pdf,linked from https://ndmedicaid.acentra.com/preferred-drug-list-pdl/,200,application/pdf,,raw/north-dakota/north-dakota__nd-pdl-2022-6-pdf__bdbb06123d.pdf,text/north-dakota/north-dakota__nd-pdl-2022-6-pdf__bdbb06123d.txt
collected_or_attempted,North Dakota,https://ndmedicaid.acentra.com/wp-content/uploads/sites/17/2024/03/ND_PDL_2022_Version_5.pdf,linked from https://ndmedicaid.acentra.com/preferred-drug-list-pdl/,200,application/pdf,,raw/north-dakota/north-dakota__nd-pdl-2022-version-5-pdf__5dbd412364.pdf,text/north-dakota/north-dakota__nd-pdl-2022-version-5-pdf__5dbd412364.txt
collected_or_attempted,North Dakota,https://ndmedicaid.acentra.com/wp-content/uploads/sites/17/2024/03/ND_PDL_2023_1.pdf,linked from https://ndmedicaid.acentra.com/preferred-drug-list-pdl/,200,application/pdf,,raw/north-dakota/north-dakota__nd-pdl-2023-1-pdf__3dec14f280.pdf,text/north-dakota/north-dakota__nd-pdl-2023-1-pdf__3dec14f280.txt
collected_or_attempted,North Dakota,https://ndmedicaid.acentra.com/wp-content/uploads/sites/17/2024/03/ND_PDL_2023.2.2.pdf,linked from https://ndmedicaid.acentra.com/preferred-drug-list-pdl/,200,application/pdf,,raw/north-dakota/north-dakota__nd-pdl-2023-2-2-pdf__3c46436405.pdf,text/north-dakota/north-dakota__nd-pdl-2023-2-2-pdf__3c46436405.txt
collected_or_attempted,North Dakota,https://ndmedicaid.acentra.com/wp-content/uploads/sites/17/2024/03/ND_PDL_2023_3.pdf,linked from https://ndmedicaid.acentra.com/preferred-drug-list-pdl/,200,application/pdf,,raw/north-dakota/north-dakota__nd-pdl-2023-3-pdf__ed65b1d177.pdf,text/north-dakota/north-dakota__nd-pdl-2023-3-pdf__ed65b1d177.txt
collected_or_attempted,North Dakota,https://ndmedicaid.acentra.com/wp-content/uploads/sites/17/2024/03/ND_PDL_2023.4.pdf,linked from https://ndmedicaid.acentra.com/preferred-drug-list-pdl/,200,application/pdf,,raw/north-dakota/north-dakota__nd-pdl-2023-4-pdf__8741b85642.pdf,text/north-dakota/north-dakota__nd-pdl-2023-4-pdf__8741b85642.txt
collected_or_attempted,North Dakota,https://ndmedicaid.acentra.com/wp-content/uploads/sites/17/2024/03/ND_PDL_2023.5.pdf,linked from https://ndmedicaid.acentra.com/preferred-drug-list-pdl/,200,application/pdf,,raw/north-dakota/north-dakota__nd-pdl-2023-5-pdf__8d2b5317d8.pdf,text/north-dakota/north-dakota__nd-pdl-2023-5-pdf__8d2b5317d8.txt
collected_or_attempted,North Dakota,https://ndmedicaid.acentra.com/wp-content/uploads/sites/17/2024/06/ND_PDL_2024.3.pdf,linked from https://ndmedicaid.acentra.com/preferred-drug-list-pdl/,200,application/pdf,,raw/north-dakota/north-dakota__nd-pdl-2024-3-pdf__dff56c2a3e.pdf,text/north-dakota/north-dakota__nd-pdl-2024-3-pdf__dff56c2a3e.txt
collected_or_attempted,North Dakota,https://ndmedicaid.acentra.com/wp-content/uploads/sites/17/2024/06/ND_PDL_2024.4.pdf,linked from https://ndmedicaid.acentra.com/preferred-drug-list-pdl/,200,application/pdf,,raw/north-dakota/north-dakota__nd-pdl-2024-4-pdf__add5a307b4.pdf,text/north-dakota/north-dakota__nd-pdl-2024-4-pdf__add5a307b4.txt
collected_or_attempted,North Dakota,https://ndmedicaid.acentra.com/wp-content/uploads/sites/17/2024/07/ND_PDL_2024.5.pdf,linked from https://ndmedicaid.acentra.com/preferred-drug-list-pdl/,200,application/pdf,,raw/north-dakota/north-dakota__nd-pdl-2024-5-pdf__23eaaed5fe.pdf,text/north-dakota/north-dakota__nd-pdl-2024-5-pdf__23eaaed5fe.txt
collected_or_attempted,North Dakota,https://ndmedicaid.acentra.com/wp-content/uploads/sites/17/2024/12/ND_PDL_2024.v7.pdf,linked from https://ndmedicaid.acentra.com/preferred-drug-list-pdl/,200,application/pdf,,raw/north-dakota/north-dakota__nd-pdl-2024-v7-pdf__a9d51c2f10.pdf,text/north-dakota/north-dakota__nd-pdl-2024-v7-pdf__a9d51c2f10.txt
collected_or_attempted,North Dakota,https://ndmedicaid.acentra.com/wp-content/uploads/sites/17/2025/01/ND_PDL_2025.1.pdf,linked from https://ndmedicaid.acentra.com/preferred-drug-list-pdl/,200,application/pdf,,raw/north-dakota/north-dakota__nd-pdl-2025-1-pdf__cd696597d5.pdf,text/north-dakota/north-dakota__nd-pdl-2025-1-pdf__cd696597d5.txt
collected_or_attempted,North Dakota,https://ndmedicaid.acentra.com/wp-content/uploads/sites/17/2024/03/ND_PDL-Version-6_11072023.pdf,linked from https://ndmedicaid.acentra.com/preferred-drug-list-pdl/,200,application/pdf,,raw/north-dakota/north-dakota__nd-pdl-version-6-11072023-pdf__b29733ea03.pdf,text/north-dakota/north-dakota__nd-pdl-version-6-11072023-pdf__b29733ea03.txt
collected_or_attempted,North Dakota,https://nddruglookup.acentra.com/,linked from https://ndmedicaid.acentra.com/preferred-drug-list-pdl/,200,text/html; charset=utf-8,,raw/north-dakota/north-dakota__nddruglookup-acentra-com__3e5fdd1c53.html,text/north-dakota/north-dakota__nddruglookup-acentra-com__3e5fdd1c53.txt
collected_or_attempted,North Dakota,https://ndmedicaid.acentra.com/wp-content/uploads/sites/17/2024/03/North_Dakota_Medicaid_PDL_2019.2.pdf,linked from https://ndmedicaid.acentra.com/preferred-drug-list-pdl/,200,application/pdf,,raw/north-dakota/north-dakota__north-dakota-medicaid-pdl-2019-2-pdf__867995b998.pdf,text/north-dakota/north-dakota__north-dakota-medicaid-pdl-2019-2-pdf__867995b998.txt
collected_or_attempted,North Dakota,https://ndmedicaid.acentra.com/wp-content/uploads/sites/17/2024/03/North_Dakota_Medicaid_PDL_2019.3.pdf,linked from https://ndmedicaid.acentra.com/preferred-drug-list-pdl/,200,application/pdf,,raw/north-dakota/north-dakota__north-dakota-medicaid-pdl-2019-3-pdf__3cebad1549.pdf,text/north-dakota/north-dakota__north-dakota-medicaid-pdl-2019-3-pdf__3cebad1549.txt
collected_or_attempted,North Dakota,https://ndmedicaid.acentra.com/wp-content/uploads/sites/17/2024/03/North_Dakota_Medicaid_PDL_2019.4.pdf,linked from https://ndmedicaid.acentra.com/preferred-drug-list-pdl/,200,application/pdf,,raw/north-dakota/north-dakota__north-dakota-medicaid-pdl-2019-4-pdf__629fe2bce7.pdf,text/north-dakota/north-dakota__north-dakota-medicaid-pdl-2019-4-pdf__629fe2bce7.txt
collected_or_attempted,North Dakota,https://ndmedicaid.acentra.com/wp-content/uploads/sites/17/2024/03/North_Dakota_Medicaid_PDL_2019.5.pdf,linked from https://ndmedicaid.acentra.com/preferred-drug-list-pdl/,200,application/pdf,,raw/north-dakota/north-dakota__north-dakota-medicaid-pdl-2019-5-pdf__df761d3377.pdf,text/north-dakota/north-dakota__north-dakota-medicaid-pdl-2019-5-pdf__df761d3377.txt
collected_or_attempted,North Dakota,https://ndmedicaid.acentra.com/wp-content/uploads/sites/17/2024/03/PDL_2020.6.pdf,linked from https://ndmedicaid.acentra.com/preferred-drug-list-pdl/,200,application/pdf,,raw/north-dakota/north-dakota__pdl-2020-6-pdf__ea1147a0e7.pdf,text/north-dakota/north-dakota__pdl-2020-6-pdf__ea1147a0e7.txt
collected_or_attempted,North Dakota,https://ndmedicaid.acentra.com/wp-content/uploads/sites/17/2024/03/PDL_2020_v2.pdf,linked from https://ndmedicaid.acentra.com/preferred-drug-list-pdl/,200,application/pdf,,raw/north-dakota/north-dakota__pdl-2020-v2-pdf__644543debc.pdf,text/north-dakota/north-dakota__pdl-2020-v2-pdf__644543debc.txt
collected_or_attempted,North Dakota,https://ndmedicaid.acentra.com/wp-content/uploads/sites/17/2024/03/PDL_2020_v3.pdf,linked from https://ndmedicaid.acentra.com/preferred-drug-list-pdl/,200,application/pdf,,raw/north-dakota/north-dakota__pdl-2020-v3-pdf__4a10513081.pdf,text/north-dakota/north-dakota__pdl-2020-v3-pdf__4a10513081.txt
collected_or_attempted,North Dakota,https://ndmedicaid.acentra.com/wp-content/uploads/sites/17/2024/03/PDL_2020_v4.2.pdf,linked from https://ndmedicaid.acentra.com/preferred-drug-list-pdl/,200,application/pdf,,raw/north-dakota/north-dakota__pdl-2020-v4-2-pdf__dbe397f973.pdf,text/north-dakota/north-dakota__pdl-2020-v4-2-pdf__dbe397f973.txt
collected_or_attempted,North Dakota,https://ndmedicaid.acentra.com/wp-content/uploads/sites/17/2024/03/PDL_2020_v5.pdf,linked from https://ndmedicaid.acentra.com/preferred-drug-list-pdl/,200,application/pdf,,raw/north-dakota/north-dakota__pdl-2020-v5-pdf__3af3d4371a.pdf,text/north-dakota/north-dakota__pdl-2020-v5-pdf__3af3d4371a.txt
collected_or_attempted,North Dakota,https://ndmedicaid.acentra.com/wp-content/uploads/sites/17/2024/03/PDL_2020_version_1.pdf,linked from https://ndmedicaid.acentra.com/preferred-drug-list-pdl/,200,application/pdf,,raw/north-dakota/north-dakota__pdl-2020-version-1-pdf__b544c15677.pdf,text/north-dakota/north-dakota__pdl-2020-version-1-pdf__b544c15677.txt
collected_or_attempted,North Dakota,https://ndmedicaid.acentra.com/wp-content/uploads/sites/17/2024/03/PDL_2021.1b.pdf,linked from https://ndmedicaid.acentra.com/preferred-drug-list-pdl/,200,application/pdf,,raw/north-dakota/north-dakota__pdl-2021-1b-pdf__b018aa0583.pdf,text/north-dakota/north-dakota__pdl-2021-1b-pdf__b018aa0583.txt
collected_or_attempted,North Dakota,https://ndmedicaid.acentra.com/wp-content/uploads/sites/17/2024/03/PDL_2021.2.pdf,linked from https://ndmedicaid.acentra.com/preferred-drug-list-pdl/,200,application/pdf,,raw/north-dakota/north-dakota__pdl-2021-2-pdf__80ac798b95.pdf,text/north-dakota/north-dakota__pdl-2021-2-pdf__80ac798b95.txt
collected_or_attempted,North Dakota,https://ndmedicaid.acentra.com/wp-content/uploads/sites/17/2024/03/PDL_2021.3.pdf,linked from https://ndmedicaid.acentra.com/preferred-drug-list-pdl/,200,application/pdf,,raw/north-dakota/north-dakota__pdl-2021-3-pdf__80e7a044cb.pdf,text/north-dakota/north-dakota__pdl-2021-3-pdf__80e7a044cb.txt
collected_or_attempted,North Dakota,https://ndmedicaid.acentra.com/wp-content/uploads/sites/17/2024/03/PDL-2021.4.pdf,linked from https://ndmedicaid.acentra.com/preferred-drug-list-pdl/,200,application/pdf,,raw/north-dakota/north-dakota__pdl-2021-4-pdf__566ac0d859.pdf,text/north-dakota/north-dakota__pdl-2021-4-pdf__566ac0d859.txt
collected_or_attempted,North Dakota,https://ndmedicaid.acentra.com/wp-content/uploads/sites/17/2024/03/PDL_2021.5.pdf,linked from https://ndmedicaid.acentra.com/preferred-drug-list-pdl/,200,application/pdf,,raw/north-dakota/north-dakota__pdl-2021-5-pdf__69042c830a.pdf,text/north-dakota/north-dakota__pdl-2021-5-pdf__69042c830a.txt
collected_or_attempted,North Dakota,https://ndmedicaid.acentra.com/wp-content/uploads/sites/17/2024/03/PDL_2024_02072024.pdf,linked from https://ndmedicaid.acentra.com/preferred-drug-list-pdl/,200,application/pdf,,raw/north-dakota/north-dakota__pdl-2024-02072024-pdf__11feccde1e.pdf,text/north-dakota/north-dakota__pdl-2024-02072024-pdf__11feccde1e.txt
collected_or_attempted,North Dakota,https://ndmedicaid.acentra.com/wp-content/uploads/sites/17/2024/10/PDL_2024.6.pdf,linked from https://ndmedicaid.acentra.com/preferred-drug-list-pdl/,200,application/pdf,,raw/north-dakota/north-dakota__pdl-2024-6-pdf__8fe6754afb.pdf,text/north-dakota/north-dakota__pdl-2024-6-pdf__8fe6754afb.txt
collected_or_attempted,North Dakota,https://ndmedicaid.acentra.com/wp-content/uploads/sites/17/2024/03/PDL-2024-Version-1.pdf,linked from https://ndmedicaid.acentra.com/preferred-drug-list-pdl/,200,application/pdf,,raw/north-dakota/north-dakota__pdl-2024-version-1-pdf__e9325a7325.pdf,text/north-dakota/north-dakota__pdl-2024-version-1-pdf__e9325a7325.txt
collected_or_attempted,North Dakota,https://ndmedicaid.acentra.com/wp-content/uploads/sites/17/2025/01/PDL_2025.2.pdf,linked from https://ndmedicaid.acentra.com/preferred-drug-list-pdl/,200,application/pdf,,raw/north-dakota/north-dakota__pdl-2025-2-pdf__4f481026fc.pdf,text/north-dakota/north-dakota__pdl-2025-2-pdf__4f481026fc.txt
collected_or_attempted,North Dakota,https://ndmedicaid.acentra.com/wp-content/uploads/sites/17/2025/03/PDL-2025-Version-3.pdf,linked from https://ndmedicaid.acentra.com/preferred-drug-list-pdl/,200,application/pdf,,raw/north-dakota/north-dakota__pdl-2025-version-3-pdf__2220c12db5.pdf,text/north-dakota/north-dakota__pdl-2025-version-3-pdf__2220c12db5.txt
collected_or_attempted,North Dakota,https://ndmedicaid.acentra.com/pdl-2025-version-4-2/,linked from https://ndmedicaid.acentra.com/preferred-drug-list-pdl/,200,application/pdf,,raw/north-dakota/north-dakota__pdl-2025-version-4-2__3bbddc266c.pdf,text/north-dakota/north-dakota__pdl-2025-version-4-2__3bbddc266c.txt
collected_or_attempted,North Dakota,https://ndmedicaid.acentra.com/wp-content/uploads/sites/17/2025/07/PDL-2025-Version-5.2.pdf,linked from https://ndmedicaid.acentra.com/preferred-drug-list-pdl/,200,application/pdf,,raw/north-dakota/north-dakota__pdl-2025-version-5-2-pdf__04a95c4040.pdf,text/north-dakota/north-dakota__pdl-2025-version-5-2-pdf__04a95c4040.txt
collected_or_attempted,North Dakota,https://ndmedicaid.acentra.com/wp-content/uploads/sites/17/2025/07/PDL-2025-Version-6.pdf,linked from https://ndmedicaid.acentra.com/preferred-drug-list-pdl/,200,application/pdf,,raw/north-dakota/north-dakota__pdl-2025-version-6-pdf__c254344d6a.pdf,text/north-dakota/north-dakota__pdl-2025-version-6-pdf__c254344d6a.txt
collected_or_attempted,North Dakota,https://ndmedicaid.acentra.com/wp-content/uploads/sites/17/2025/09/PDL-2025-version-7.pdf,linked from https://ndmedicaid.acentra.com/preferred-drug-list-pdl/,200,application/pdf,,raw/north-dakota/north-dakota__pdl-2025-version-7-pdf__9be5918143.pdf,text/north-dakota/north-dakota__pdl-2025-version-7-pdf__9be5918143.txt
collected_or_attempted,North Dakota,https://ndmedicaid.acentra.com/wp-content/uploads/sites/17/2026/03/PDL-2026.4.pdf,linked from https://ndmedicaid.acentra.com/preferred-drug-list-pdl/,200,application/pdf,,raw/north-dakota/north-dakota__pdl-2026-4-pdf__08cd623537.pdf,text/north-dakota/north-dakota__pdl-2026-4-pdf__08cd623537.txt
collected_or_attempted,North Dakota,https://ndmedicaid.acentra.com/wp-content/uploads/sites/17/2025/09/Pharmacy-Industry-Meeting-Application.pdf,linked from https://ndmedicaid.acentra.com/dur-board/,200,application/pdf,,raw/north-dakota/north-dakota__pharmacy-industry-meeting-application-pdf__30e710fe18.pdf,text/north-dakota/north-dakota__pharmacy-industry-meeting-application-pdf__30e710fe18.txt
collected_or_attempted,North Dakota,https://ndmedicaid.acentra.com/preferred-drug-list-pdl/,seed,200,text/html; charset=UTF-8,,raw/north-dakota/north-dakota__preferred-drug-list-pdl__f140263279.html,text/north-dakota/north-dakota__preferred-drug-list-pdl__f140263279.txt
collected_or_attempted,North Dakota,https://ndmedicaid.acentra.com/privacy-policy/,linked from https://ndmedicaid.acentra.com/preferred-drug-list-pdl/,200,text/html; charset=UTF-8,,raw/north-dakota/north-dakota__privacy-policy__c1d2906625.html,text/north-dakota/north-dakota__privacy-policy__c1d2906625.txt
collected_or_attempted,North Dakota,https://ndmedicaid.acentra.com/wp-content/uploads/sites/17/2026/01/Version-2026.1.pdf,linked from https://ndmedicaid.acentra.com/preferred-drug-list-pdl/,200,application/pdf,,raw/north-dakota/north-dakota__version-2026-1-pdf__d93cda7b6c.pdf,text/north-dakota/north-dakota__version-2026-1-pdf__d93cda7b6c.txt
collected_or_attempted,North Dakota,https://ndmedicaid.acentra.com/wp-content/uploads/sites/17/2026/01/Version-2026.2.pdf,linked from https://ndmedicaid.acentra.com/preferred-drug-list-pdl/,200,application/pdf,,raw/north-dakota/north-dakota__version-2026-2-pdf__cfe229a891.pdf,text/north-dakota/north-dakota__version-2026-2-pdf__cfe229a891.txt
collected_or_attempted,North Dakota,https://ndmedicaid.acentra.com/wp-content/uploads/sites/17/2026/02/Version-2026.3.pdf,linked from https://ndmedicaid.acentra.com/preferred-drug-list-pdl/,200,application/pdf,,raw/north-dakota/north-dakota__version-2026-3-pdf__c96b36265f.pdf,text/north-dakota/north-dakota__version-2026-3-pdf__c96b36265f.txt
collected_or_attempted,Ohio,https://dam.assets.ohio.gov/image/upload/medicaid.ohio.gov/PHM/p-t-committee/20230401_PT_Bylaws_APPROVED.pdf,seed,200,application/pdf,,raw/ohio/ohio__20230401-pt-bylaws-approved-pdf__9ae4bbc117.pdf,text/ohio/ohio__20230401-pt-bylaws-approved-pdf__9ae4bbc117.txt
collected_or_attempted,Ohio,https://dam.assets.ohio.gov/image/upload/medicaid.ohio.gov/PHM/p-t-committee/202501008_PT_Meeting_Agenda_v1.pdf,seed,200,application/pdf,,raw/ohio/ohio__202501008-pt-meeting-agenda-v1-pdf__2078c8d7dd.pdf,text/ohio/ohio__202501008-pt-meeting-agenda-v1-pdf__2078c8d7dd.txt
collected_or_attempted,Ohio,https://dam.assets.ohio.gov/image/upload/medicaid.ohio.gov/PHM/p-t-committee/20250409_PT_Meeting_Agenda_APPROVED_v1.pdf,seed,200,application/pdf,,raw/ohio/ohio__20250409-pt-meeting-agenda-approved-v1-pdf__f119126778.pdf,text/ohio/ohio__20250409-pt-meeting-agenda-approved-v1-pdf__f119126778.txt
collected_or_attempted,Ohio,https://dam.assets.ohio.gov/image/upload/medicaid.ohio.gov/PHM/p-t-committee/20260107_PT_Meeting_Agenda_v4.pdf,seed,200,application/pdf,,raw/ohio/ohio__20260107-pt-meeting-agenda-v4-pdf__1c7278be7e.pdf,text/ohio/ohio__20260107-pt-meeting-agenda-v4-pdf__1c7278be7e.txt
collected_or_attempted,Ohio,https://dam.assets.ohio.gov/image/upload/medicaid.ohio.gov/PHM/p-t-committee/20260408_PT_Meeting_Minutes_DRAFT.pdf,seed,200,application/pdf,,raw/ohio/ohio__20260408-pt-meeting-minutes-draft-pdf__4264e5b5e5.pdf,text/ohio/ohio__20260408-pt-meeting-minutes-draft-pdf__4264e5b5e5.txt
collected_or_attempted,Ohio,https://codes.ohio.gov/assets/laws/revised-code/authenticated/51/5164/5164.7510/10-17-2019/5164.7510-10-17-2019.pdf,linked from https://codes.ohio.gov/ohio-revised-code/section-5164.7510,200,application/pdf,,raw/ohio/ohio__5164-7510-10-17-2019-pdf__1e0c43ca7e.pdf,text/ohio/ohio__5164-7510-10-17-2019-pdf__1e0c43ca7e.txt
collected_or_attempted,Ohio,https://codes.ohio.gov/ohio-administrative-code/chapter-5160-9,linked from https://spbm.medicaid.ohio.gov/SPContent/DocumentLibrary/UPDL,200,text/html;charset=UTF-8,,raw/ohio/ohio__chapter-5160-9__0ae1278203.html,text/ohio/ohio__chapter-5160-9__0ae1278203.txt
collected_or_attempted,Ohio,https://spbm.medicaid.ohio.gov/SPContent/DocumentLibrary/Clinical Policies,linked from https://spbm.medicaid.ohio.gov/SPContent/DocumentLibrary/UPDL,None,None,InvalidURL: URL can't contain control characters. '/SPContent/DocumentLibrary/Clinical Policies' (found at least ' '),raw/ohio/ohio__clinical-policies__35a02dd245.error.txt,text/ohio/ohio__clinical-policies__35a02dd245.error.txt
collected_or_attempted,Ohio,https://spbm.medicaid.ohio.gov/SPContent/DocumentLibrary/Drug Coverage,linked from https://spbm.medicaid.ohio.gov/SPContent/DocumentLibrary/UPDL,None,None,InvalidURL: URL can't contain control characters. '/SPContent/DocumentLibrary/Drug Coverage' (found at least ' '),raw/ohio/ohio__drug-coverage__ccbeae17c6.error.txt,text/ohio/ohio__drug-coverage__ccbeae17c6.error.txt
collected_or_attempted,Ohio,https://medicaid.ohio.gov/stakeholders-and-partners/phm/drug-util,linked from https://spbm.medicaid.ohio.gov/SPContent/DocumentLibrary/UPDL,404,text/html,,raw/ohio/ohio__drug-util__de96406db8.html,text/ohio/ohio__drug-util__de96406db8.txt
collected_or_attempted,Ohio,https://pharmacy.medicaid.ohio.gov/drug-utilization-review-board,linked from https://spbm.medicaid.ohio.gov/SPContent/DocumentLibrary/UPDL,404,text/html,,raw/ohio/ohio__drug-utilization-review-board__63833e1f3b.html,text/ohio/ohio__drug-utilization-review-board__63833e1f3b.txt
collected_or_attempted,Ohio,https://spbm.medicaid.ohio.gov/PreferredDrugSearch/NDCSearch,linked from https://spbm.medicaid.ohio.gov/SPContent/DocumentLibrary/UPDL,200,text/html; charset=utf-8,,raw/ohio/ohio__ndcsearch__c3b300f600.html,text/ohio/ohio__ndcsearch__c3b300f600.txt
collected_or_attempted,Ohio,https://pharmacy.medicaid.ohio.gov/pharmacy-billing-information,linked from https://spbm.medicaid.ohio.gov/SPContent/DocumentLibrary/UPDL,404,text/html,,raw/ohio/ohio__pharmacy-billing-information__c82b93bb0c.html,text/ohio/ohio__pharmacy-billing-information__c82b93bb0c.txt
collected_or_attempted,Ohio,https://pharmacy.medicaid.ohio.gov/pharmacy-claims-review,linked from https://spbm.medicaid.ohio.gov/SPContent/DocumentLibrary/UPDL,404,text/html,,raw/ohio/ohio__pharmacy-claims-review__cdd2b6d402.html,text/ohio/ohio__pharmacy-claims-review__cdd2b6d402.txt
collected_or_attempted,Ohio,https://pharmacy.medicaid.ohio.gov/pharmacy-therapeutics-committee,linked from https://spbm.medicaid.ohio.gov/SPContent/DocumentLibrary/UPDL,404,text/html,,raw/ohio/ohio__pharmacy-therapeutics-committee__31870060d2.html,text/ohio/ohio__pharmacy-therapeutics-committee__31870060d2.txt
collected_or_attempted,Ohio,https://pharmacy.medicaid.ohio.gov/prior-authorization,linked from https://spbm.medicaid.ohio.gov/SPContent/DocumentLibrary/UPDL,404,text/html,,raw/ohio/ohio__prior-authorization__97e7e58338.html,text/ohio/ohio__prior-authorization__97e7e58338.txt
collected_or_attempted,Ohio,https://spbm.medicaid.ohio.gov/ProvDirectory/ProvDirectory,linked from https://spbm.medicaid.ohio.gov/SPContent/DocumentLibrary/UPDL,200,text/html; charset=utf-8,,raw/ohio/ohio__provdirectory__b2c5c08be3.html,text/ohio/ohio__provdirectory__b2c5c08be3.txt
collected_or_attempted,Ohio,https://medicaid.ohio.gov/stakeholders-and-partners/phm/pt-committee/pt-committee,linked from https://spbm.medicaid.ohio.gov/SPContent/DocumentLibrary/UPDL,404,text/html,,raw/ohio/ohio__pt-committee__3181cf352a.html,text/ohio/ohio__pt-committee__3181cf352a.txt
collected_or_attempted,Ohio,https://codes.ohio.gov/ohio-revised-code/section-5164.7510,seed,200,text/html;charset=UTF-8,,raw/ohio/ohio__section-5164-7510__d821addfc8.html,text/ohio/ohio__section-5164-7510__d821addfc8.txt
collected_or_attempted,Ohio,https://spbm.medicaid.ohio.gov/SPContent/DocumentLibrary/Specialty Drug List,linked from https://spbm.medicaid.ohio.gov/SPContent/DocumentLibrary/UPDL,None,None,InvalidURL: URL can't contain control characters. '/SPContent/DocumentLibrary/Specialty Drug List' (found at least ' '),raw/ohio/ohio__specialty-drug-list__ea6341f9c6.error.txt,text/ohio/ohio__specialty-drug-list__ea6341f9c6.error.txt
collected_or_attempted,Ohio,https://pharmacy.medicaid.ohio.gov/unified-pdl,linked from https://spbm.medicaid.ohio.gov/SPContent/DocumentLibrary/UPDL,404,text/html,,raw/ohio/ohio__unified-pdl__dfc097a16b.html,text/ohio/ohio__unified-pdl__dfc097a16b.txt
collected_or_attempted,Ohio,https://spbm.medicaid.ohio.gov/SPContent/DocumentLibrary/UPDL,seed,200,text/html; charset=utf-8,,raw/ohio/ohio__updl__5ff79bbb3a.html,text/ohio/ohio__updl__5ff79bbb3a.txt
collected_or_attempted,Oklahoma,https://oklahoma.gov/content/dam/ok/en/okhca/docs/about/boards-and-committees/dur/2025/january/01082025%20DUR%20Agenda.pdf,linked from https://oklahoma.gov/ohca/about/boards-and-committees/drug-utilization-review/dur-board-meeting-agendas/archives.html,200,application/pdf,,raw/oklahoma/oklahoma__01082025-dur-agenda-pdf__a6ae66d940.pdf,text/oklahoma/oklahoma__01082025-dur-agenda-pdf__a6ae66d940.txt
collected_or_attempted,Oklahoma,https://oklahoma.gov/content/dam/ok/en/okhca/docs/about/boards-and-committees/dur/2025/january/01082025%20DUR%20Packet.pdf,linked from https://oklahoma.gov/ohca/about/boards-and-committees/drug-utilization-review/dur-board-meeting-agendas/archives.html,200,application/pdf,,raw/oklahoma/oklahoma__01082025-dur-packet-pdf__61be99fe22.pdf,text/oklahoma/oklahoma__01082025-dur-packet-pdf__61be99fe22.txt
collected_or_attempted,Oklahoma,https://oklahoma.gov/content/dam/ok/en/okhca/docs/about/boards-and-committees/dur/2024/january/01102024%20DUR%20Packet.pdf,linked from https://oklahoma.gov/ohca/about/boards-and-committees/drug-utilization-review/dur-board-meeting-agendas/archives.html,200,application/pdf,,raw/oklahoma/oklahoma__01102024-dur-packet-pdf__4ee30c2f4d.pdf,text/oklahoma/oklahoma__01102024-dur-packet-pdf__4ee30c2f4d.txt
collected_or_attempted,Oklahoma,https://oklahoma.gov/content/dam/ok/en/okhca/docs/about/boards-and-committees/dur/2026/january/01142026%20DUR%20Agenda.pdf,linked from https://oklahoma.gov/ohca/about/boards-and-committees/drug-utilization-review/dur-board-meeting-agendas.html,200,application/pdf,,raw/oklahoma/oklahoma__01142026-dur-agenda-pdf__c622896e46.pdf,text/oklahoma/oklahoma__01142026-dur-agenda-pdf__c622896e46.txt
collected_or_attempted,Oklahoma,https://oklahoma.gov/content/dam/ok/en/okhca/docs/about/boards-and-committees/dur/2026/january/01142026%20DUR%20Packet.pdf,linked from https://oklahoma.gov/ohca/about/boards-and-committees/drug-utilization-review/dur-board-meeting-agendas.html,200,application/pdf,,raw/oklahoma/oklahoma__01142026-dur-packet-pdf__37f03dc0bb.pdf,text/oklahoma/oklahoma__01142026-dur-packet-pdf__37f03dc0bb.txt
collected_or_attempted,Oklahoma,https://oklahoma.gov/content/dam/ok/en/okhca/docs/about/boards-and-committees/dur/2026/february/02112026%20DUR%20Agenda.pdf,linked from https://oklahoma.gov/ohca/about/boards-and-committees/drug-utilization-review/dur-board-meeting-agendas.html,200,application/pdf,,raw/oklahoma/oklahoma__02112026-dur-agenda-pdf__cea0a811bd.pdf,text/oklahoma/oklahoma__02112026-dur-agenda-pdf__cea0a811bd.txt
collected_or_attempted,Oklahoma,https://oklahoma.gov/content/dam/ok/en/okhca/docs/about/boards-and-committees/dur/2026/february/02112026%20DUR%20Packet.pdf,linked from https://oklahoma.gov/ohca/about/boards-and-committees/drug-utilization-review/dur-board-meeting-agendas.html,200,application/pdf,,raw/oklahoma/oklahoma__02112026-dur-packet-pdf__43dcf97f10.pdf,text/oklahoma/oklahoma__02112026-dur-packet-pdf__43dcf97f10.txt
collected_or_attempted,Oklahoma,https://oklahoma.gov/content/dam/ok/en/okhca/docs/about/boards-and-committees/dur/2024/february/02142024%20DUR%20Packet.pdf,linked from https://oklahoma.gov/ohca/about/boards-and-committees/drug-utilization-review/dur-board-meeting-agendas/archives.html,200,application/pdf,,raw/oklahoma/oklahoma__02142024-dur-packet-pdf__059a7ea6fc.pdf,text/oklahoma/oklahoma__02142024-dur-packet-pdf__059a7ea6fc.txt
collected_or_attempted,Oklahoma,https://oklahoma.gov/content/dam/ok/en/okhca/docs/about/boards-and-committees/dur/2026/march/03112026%20DUR%20Agenda.pdf,linked from https://oklahoma.gov/ohca/about/boards-and-committees/drug-utilization-review/dur-board-meeting-agendas.html,200,application/pdf,,raw/oklahoma/oklahoma__03112026-dur-agenda-pdf__f4cebe4627.pdf,text/oklahoma/oklahoma__03112026-dur-agenda-pdf__f4cebe4627.txt
collected_or_attempted,Oklahoma,https://oklahoma.gov/content/dam/ok/en/okhca/docs/about/boards-and-committees/dur/2026/march/03112026%20DUR%20Packet.pdf,linked from https://oklahoma.gov/ohca/about/boards-and-committees/drug-utilization-review/dur-board-meeting-agendas.html,200,application/pdf,,raw/oklahoma/oklahoma__03112026-dur-packet-pdf__6b110be662.pdf,text/oklahoma/oklahoma__03112026-dur-packet-pdf__6b110be662.txt
collected_or_attempted,Oklahoma,https://oklahoma.gov/content/dam/ok/en/okhca/docs/about/boards-and-committees/dur/2025/march/03122025%20DUR%20Agenda.pdf,linked from https://oklahoma.gov/ohca/about/boards-and-committees/drug-utilization-review/dur-board-meeting-agendas/archives.html,200,application/pdf,,raw/oklahoma/oklahoma__03122025-dur-agenda-pdf__51c3d1d24f.pdf,text/oklahoma/oklahoma__03122025-dur-agenda-pdf__51c3d1d24f.txt
collected_or_attempted,Oklahoma,https://oklahoma.gov/content/dam/ok/en/okhca/docs/about/boards-and-committees/dur/2025/march/03122025%20DUR%20Packet.pdf,linked from https://oklahoma.gov/ohca/about/boards-and-committees/drug-utilization-review/dur-board-meeting-agendas/archives.html,200,application/pdf,,raw/oklahoma/oklahoma__03122025-dur-packet-pdf__cad4bfe4a7.pdf,text/oklahoma/oklahoma__03122025-dur-packet-pdf__cad4bfe4a7.txt
collected_or_attempted,Oklahoma,https://oklahoma.gov/content/dam/ok/en/okhca/docs/about/boards-and-committees/dur/2024/march/03132024%20DUR%20Packet.pdf,linked from https://oklahoma.gov/ohca/about/boards-and-committees/drug-utilization-review/dur-board-meeting-agendas/archives.html,200,application/pdf,,raw/oklahoma/oklahoma__03132024-dur-packet-pdf__a5a6adcb34.pdf,text/oklahoma/oklahoma__03132024-dur-packet-pdf__a5a6adcb34.txt
collected_or_attempted,Oklahoma,https://oklahoma.gov/content/dam/ok/en/okhca/docs/about/boards-and-committees/dur/2026/april/04082026%20DUR%20Agenda.pdf,linked from https://oklahoma.gov/ohca/about/boards-and-committees/drug-utilization-review/dur-board-meeting-agendas.html,200,application/pdf,,raw/oklahoma/oklahoma__04082026-dur-agenda-pdf__cb24694a28.pdf,text/oklahoma/oklahoma__04082026-dur-agenda-pdf__cb24694a28.txt
collected_or_attempted,Oklahoma,https://oklahoma.gov/content/dam/ok/en/okhca/docs/about/boards-and-committees/dur/2026/april/04082026%20DUR%20Packet.pdf,linked from https://oklahoma.gov/ohca/about/boards-and-committees/drug-utilization-review/dur-board-meeting-agendas.html,200,application/pdf,,raw/oklahoma/oklahoma__04082026-dur-packet-pdf__1b7cf43bc8.pdf,text/oklahoma/oklahoma__04082026-dur-packet-pdf__1b7cf43bc8.txt
collected_or_attempted,Oklahoma,https://oklahoma.gov/content/dam/ok/en/okhca/docs/about/boards-and-committees/dur/2025/april/04092025%20DUR%20Agenda.pdf,linked from https://oklahoma.gov/ohca/about/boards-and-committees/drug-utilization-review/dur-board-meeting-agendas/archives.html,200,application/pdf,,raw/oklahoma/oklahoma__04092025-dur-agenda-pdf__786e5e25d7.pdf,text/oklahoma/oklahoma__04092025-dur-agenda-pdf__786e5e25d7.txt
collected_or_attempted,Oklahoma,https://oklahoma.gov/content/dam/ok/en/okhca/docs/about/boards-and-committees/dur/2025/april/04092025%20DUR%20Packet.pdf,linked from https://oklahoma.gov/ohca/about/boards-and-committees/drug-utilization-review/dur-board-meeting-agendas/archives.html,200,application/pdf,,raw/oklahoma/oklahoma__04092025-dur-packet-pdf__efc9c2ecc1.pdf,text/oklahoma/oklahoma__04092025-dur-packet-pdf__efc9c2ecc1.txt
collected_or_attempted,Oklahoma,https://oklahoma.gov/content/dam/ok/en/okhca/docs/about/boards-and-committees/dur/2024/april/04102024%20DUR%20Packet.pdf,linked from https://oklahoma.gov/ohca/about/boards-and-committees/drug-utilization-review/dur-board-meeting-agendas/archives.html,200,application/pdf,,raw/oklahoma/oklahoma__04102024-dur-packet-pdf__4c4c179974.pdf,text/oklahoma/oklahoma__04102024-dur-packet-pdf__4c4c179974.txt
collected_or_attempted,Oklahoma,https://oklahoma.gov/content/dam/ok/en/okhca/docs/about/boards-and-committees/dur/2023/april/04122023%20DUR%20Packet.pdf,linked from https://oklahoma.gov/ohca/about/boards-and-committees/drug-utilization-review/dur-board-meeting-agendas/archives.html,200,application/pdf,,raw/oklahoma/oklahoma__04122023-dur-packet-pdf__00ac3ad6ac.pdf,text/oklahoma/oklahoma__04122023-dur-packet-pdf__00ac3ad6ac.txt
collected_or_attempted,Oklahoma,https://oklahoma.gov/content/dam/ok/en/okhca/docs/about/boards-and-committees/dur/2025/may/05142025%20DUR%20Agenda.pdf,linked from https://oklahoma.gov/ohca/about/boards-and-committees/drug-utilization-review/dur-board-meeting-agendas/archives.html,200,application/pdf,,raw/oklahoma/oklahoma__05142025-dur-agenda-pdf__128c45bccf.pdf,text/oklahoma/oklahoma__05142025-dur-agenda-pdf__128c45bccf.txt
collected_or_attempted,Oklahoma,https://oklahoma.gov/content/dam/ok/en/okhca/docs/about/boards-and-committees/dur/2025/may/05142025%20DUR%20packet_UPDATED.pdf,linked from https://oklahoma.gov/ohca/about/boards-and-committees/drug-utilization-review/dur-board-meeting-agendas/archives.html,200,application/pdf,,raw/oklahoma/oklahoma__05142025-dur-packet-updated-pdf__741002ff50.pdf,text/oklahoma/oklahoma__05142025-dur-packet-updated-pdf__741002ff50.txt
collected_or_attempted,Oklahoma,https://oklahoma.gov/content/dam/ok/en/okhca/docs/about/boards-and-committees/dur/2025/june/06112025%20DUR%20Agenda.pdf,linked from https://oklahoma.gov/ohca/about/boards-and-committees/drug-utilization-review/dur-board-meeting-agendas/archives.html,200,application/pdf,,raw/oklahoma/oklahoma__06112025-dur-agenda-pdf__74834d33c7.pdf,text/oklahoma/oklahoma__06112025-dur-agenda-pdf__74834d33c7.txt
collected_or_attempted,Oklahoma,https://oklahoma.gov/content/dam/ok/en/okhca/docs/about/boards-and-committees/dur/2025/june/06112025%20DUR%20Packet.pdf,linked from https://oklahoma.gov/ohca/about/boards-and-committees/drug-utilization-review/dur-board-meeting-agendas/archives.html,200,application/pdf,,raw/oklahoma/oklahoma__06112025-dur-packet-pdf__34dd41779e.pdf,text/oklahoma/oklahoma__06112025-dur-packet-pdf__34dd41779e.txt
collected_or_attempted,Oklahoma,https://oklahoma.gov/content/dam/ok/en/okhca/docs/about/boards-and-committees/dur/2024/june/06122024%20DUR%20Packet.pdf,linked from https://oklahoma.gov/ohca/about/boards-and-committees/drug-utilization-review/dur-board-meeting-agendas/archives.html,200,application/pdf,,raw/oklahoma/oklahoma__06122024-dur-packet-pdf__2ced333437.pdf,text/oklahoma/oklahoma__06122024-dur-packet-pdf__2ced333437.txt
collected_or_attempted,Oklahoma,https://oklahoma.gov/content/dam/ok/en/okhca/docs/about/boards-and-committees/dur/2025/july/07092025%20DUR%20Agenda.pdf,linked from https://oklahoma.gov/ohca/about/boards-and-committees/drug-utilization-review/dur-board-meeting-agendas/archives.html,200,application/pdf,,raw/oklahoma/oklahoma__07092025-dur-agenda-pdf__7af9702ec3.pdf,text/oklahoma/oklahoma__07092025-dur-agenda-pdf__7af9702ec3.txt
collected_or_attempted,Oklahoma,https://oklahoma.gov/content/dam/ok/en/okhca/docs/about/boards-and-committees/dur/2025/july/07092025%20DUR%20Packet.pdf,linked from https://oklahoma.gov/ohca/about/boards-and-committees/drug-utilization-review/dur-board-meeting-agendas/archives.html,200,application/pdf,,raw/oklahoma/oklahoma__07092025-dur-packet-pdf__efd5aadeab.pdf,text/oklahoma/oklahoma__07092025-dur-packet-pdf__efd5aadeab.txt
collected_or_attempted,Oklahoma,https://oklahoma.gov/content/dam/ok/en/okhca/docs/about/boards-and-committees/dur/2024/july/07102024%20DUR%20Packet.pdf,linked from https://oklahoma.gov/ohca/about/boards-and-committees/drug-utilization-review/dur-board-meeting-agendas/archives.html,200,application/pdf,,raw/oklahoma/oklahoma__07102024-dur-packet-pdf__0f6c2b8ee9.pdf,text/oklahoma/oklahoma__07102024-dur-packet-pdf__0f6c2b8ee9.txt
collected_or_attempted,Oklahoma,https://oklahoma.gov/content/dam/ok/en/okhca/docs/about/boards-and-committees/dur/2025/august/08132025%20DUR%20Agenda.pdf,linked from https://oklahoma.gov/ohca/about/boards-and-committees/drug-utilization-review/dur-board-meeting-agendas/archives.html,200,application/pdf,,raw/oklahoma/oklahoma__08132025-dur-agenda-pdf__b93b8257eb.pdf,text/oklahoma/oklahoma__08132025-dur-agenda-pdf__b93b8257eb.txt
collected_or_attempted,Oklahoma,https://oklahoma.gov/content/dam/ok/en/okhca/docs/about/boards-and-committees/dur/2025/august/08132025%20DUR%20Packet.pdf,linked from https://oklahoma.gov/ohca/about/boards-and-committees/drug-utilization-review/dur-board-meeting-agendas/archives.html,200,application/pdf,,raw/oklahoma/oklahoma__08132025-dur-packet-pdf__7a9939600b.pdf,text/oklahoma/oklahoma__08132025-dur-packet-pdf__7a9939600b.txt
collected_or_attempted,Oklahoma,https://oklahoma.gov/content/dam/ok/en/okhca/docs/about/boards-and-committees/dur/2024/august/08142024%20DUR%20Agenda.pdf,linked from https://oklahoma.gov/ohca/about/boards-and-committees/drug-utilization-review/dur-board-meeting-agendas/archives.html,200,application/pdf,,raw/oklahoma/oklahoma__08142024-dur-agenda-pdf__399751d310.pdf,text/oklahoma/oklahoma__08142024-dur-agenda-pdf__399751d310.txt
collected_or_attempted,Oklahoma,https://oklahoma.gov/content/dam/ok/en/okhca/docs/about/boards-and-committees/dur/2024/august/08142024%20DUR%20Packet.pdf,linked from https://oklahoma.gov/ohca/about/boards-and-committees/drug-utilization-review/dur-board-meeting-agendas/archives.html,200,application/pdf,,raw/oklahoma/oklahoma__08142024-dur-packet-pdf__a6cf595d10.pdf,text/oklahoma/oklahoma__08142024-dur-packet-pdf__a6cf595d10.txt
collected_or_attempted,Oklahoma,https://oklahoma.gov/content/dam/ok/en/okhca/docs/about/boards-and-committees/dur/2025/september/09102025%20DUR%20Agenda.pdf,linked from https://oklahoma.gov/ohca/about/boards-and-committees/drug-utilization-review/dur-board-meeting-agendas/archives.html,200,application/pdf,,raw/oklahoma/oklahoma__09102025-dur-agenda-pdf__f285e5cdd4.pdf,text/oklahoma/oklahoma__09102025-dur-agenda-pdf__f285e5cdd4.txt
collected_or_attempted,Oklahoma,https://oklahoma.gov/content/dam/ok/en/okhca/docs/about/boards-and-committees/dur/2025/september/09102025%20DUR%20Packet_final.pdf,linked from https://oklahoma.gov/ohca/about/boards-and-committees/drug-utilization-review/dur-board-meeting-agendas/archives.html,200,application/pdf,,raw/oklahoma/oklahoma__09102025-dur-packet-final-pdf__46975cef9b.pdf,text/oklahoma/oklahoma__09102025-dur-packet-final-pdf__46975cef9b.txt
collected_or_attempted,Oklahoma,https://oklahoma.gov/content/dam/ok/en/okhca/docs/about/boards-and-committees/dur/2024/septbember/092024%20DUR%20Packet_final.pdf,linked from https://oklahoma.gov/ohca/about/boards-and-committees/drug-utilization-review/dur-board-meeting-agendas/archives.html,200,application/pdf,,raw/oklahoma/oklahoma__092024-dur-packet-final-pdf__78c1664e68.pdf,text/oklahoma/oklahoma__092024-dur-packet-final-pdf__78c1664e68.txt
collected_or_attempted,Oklahoma,https://oklahoma.gov/content/dam/ok/en/okhca/docs/providers/types/pharmacy/dur-guides/1.2022%20-%20DUR%20Rep%20Guide.pdf,linked from https://oklahoma.gov/ohca/dur.html,200,application/pdf,,raw/oklahoma/oklahoma__1-2022-dur-rep-guide-pdf__d78818ddf2.pdf,text/oklahoma/oklahoma__1-2022-dur-rep-guide-pdf__d78818ddf2.txt
collected_or_attempted,Oklahoma,https://oklahoma.gov/content/dam/ok/en/okhca/docs/about/boards-and-committees/dur/2025/october/10082025%20DUR%20Agenda.pdf,linked from https://oklahoma.gov/ohca/about/boards-and-committees/drug-utilization-review/dur-board-meeting-agendas/archives.html,200,application/pdf,,raw/oklahoma/oklahoma__10082025-dur-agenda-pdf__62f5d3233d.pdf,text/oklahoma/oklahoma__10082025-dur-agenda-pdf__62f5d3233d.txt
collected_or_attempted,Oklahoma,https://oklahoma.gov/content/dam/ok/en/okhca/docs/about/boards-and-committees/dur/2025/october/10082025%20DUR%20Packet.pdf,linked from https://oklahoma.gov/ohca/about/boards-and-committees/drug-utilization-review/dur-board-meeting-agendas/archives.html,200,application/pdf,,raw/oklahoma/oklahoma__10082025-dur-packet-pdf__c90bfa086c.pdf,text/oklahoma/oklahoma__10082025-dur-packet-pdf__c90bfa086c.txt
collected_or_attempted,Oklahoma,https://oklahoma.gov/content/dam/ok/en/okhca/docs/about/boards-and-committees/dur/2024/october/10092024%20DUR%20Agenda.pdf,linked from https://oklahoma.gov/ohca/about/boards-and-committees/drug-utilization-review/dur-board-meeting-agendas/archives.html,200,application/pdf,,raw/oklahoma/oklahoma__10092024-dur-agenda-pdf__e542d94dd9.pdf,text/oklahoma/oklahoma__10092024-dur-agenda-pdf__e542d94dd9.txt
collected_or_attempted,Oklahoma,https://oklahoma.gov/content/dam/ok/en/okhca/docs/about/boards-and-committees/dur/2024/october/10092024%20DUR%20Packet.pdf,linked from https://oklahoma.gov/ohca/about/boards-and-committees/drug-utilization-review/dur-board-meeting-agendas/archives.html,200,application/pdf,,raw/oklahoma/oklahoma__10092024-dur-packet-pdf__46af72a9f4.pdf,text/oklahoma/oklahoma__10092024-dur-packet-pdf__46af72a9f4.txt
collected_or_attempted,Oklahoma,https://oklahoma.gov/content/dam/ok/en/okhca/docs/about/boards-and-committees/dur/2025/november/11122025%20DUR%20Agenda.pdf,linked from https://oklahoma.gov/ohca/about/boards-and-committees/drug-utilization-review/dur-board-meeting-agendas/archives.html,200,application/pdf,,raw/oklahoma/oklahoma__11122025-dur-agenda-pdf__c58dd5a149.pdf,text/oklahoma/oklahoma__11122025-dur-agenda-pdf__c58dd5a149.txt
collected_or_attempted,Oklahoma,https://oklahoma.gov/content/dam/ok/en/okhca/docs/about/boards-and-committees/dur/2025/november/11122025%20DUR%20Packet.pdf,linked from https://oklahoma.gov/ohca/about/boards-and-committees/drug-utilization-review/dur-board-meeting-agendas/archives.html,200,application/pdf,,raw/oklahoma/oklahoma__11122025-dur-packet-pdf__f94dc0b9a8.pdf,text/oklahoma/oklahoma__11122025-dur-packet-pdf__f94dc0b9a8.txt
collected_or_attempted,Oklahoma,https://oklahoma.gov/content/dam/ok/en/okhca/docs/about/boards-and-committees/dur/2024/november/11132024%20DUR%20Agenda.pdf,linked from https://oklahoma.gov/ohca/about/boards-and-committees/drug-utilization-review/dur-board-meeting-agendas/archives.html,200,application/pdf,,raw/oklahoma/oklahoma__11132024-dur-agenda-pdf__cab0015f2f.pdf,text/oklahoma/oklahoma__11132024-dur-agenda-pdf__cab0015f2f.txt
collected_or_attempted,Oklahoma,https://oklahoma.gov/content/dam/ok/en/okhca/docs/about/boards-and-committees/dur/2024/november/11132024%20DUR%20Packet.pdf,linked from https://oklahoma.gov/ohca/about/boards-and-committees/drug-utilization-review/dur-board-meeting-agendas/archives.html,200,application/pdf,,raw/oklahoma/oklahoma__11132024-dur-packet-pdf__2e69df77f3.pdf,text/oklahoma/oklahoma__11132024-dur-packet-pdf__2e69df77f3.txt
collected_or_attempted,Oklahoma,https://oklahoma.gov/content/dam/ok/en/okhca/docs/about/boards-and-committees/dur/2025/december/12102025%20DUR%20Agenda.pdf,linked from https://oklahoma.gov/ohca/about/boards-and-committees/drug-utilization-review/dur-board-meeting-agendas/archives.html,200,application/pdf,,raw/oklahoma/oklahoma__12102025-dur-agenda-pdf__6ea916cd2e.pdf,text/oklahoma/oklahoma__12102025-dur-agenda-pdf__6ea916cd2e.txt
collected_or_attempted,Oklahoma,https://oklahoma.gov/content/dam/ok/en/okhca/docs/about/boards-and-committees/dur/2024/december/12112024%20DUR%20Agenda.pdf,linked from https://oklahoma.gov/ohca/about/boards-and-committees/drug-utilization-review/dur-board-meeting-agendas/archives.html,200,application/pdf,,raw/oklahoma/oklahoma__12112024-dur-agenda-pdf__166d9625ea.pdf,text/oklahoma/oklahoma__12112024-dur-agenda-pdf__166d9625ea.txt
collected_or_attempted,Oklahoma,https://oklahoma.gov/content/dam/ok/en/okhca/docs/about/boards-and-committees/dur/2024/december/12112024%20DUR%20Packet.pdf,linked from https://oklahoma.gov/ohca/about/boards-and-committees/drug-utilization-review/dur-board-meeting-agendas/archives.html,200,application/pdf,,raw/oklahoma/oklahoma__12112024-dur-packet-pdf__6c55527deb.pdf,text/oklahoma/oklahoma__12112024-dur-packet-pdf__6c55527deb.txt
collected_or_attempted,Oklahoma,https://oklahoma.gov/content/dam/ok/en/okhca/documents/a0303/24110.pdf,linked from https://oklahoma.gov/ohca/dur.html,200,application/pdf,,raw/oklahoma/oklahoma__24110-pdf__1ce4f06bfe.pdf,text/oklahoma/oklahoma__24110-pdf__1ce4f06bfe.txt
collected_or_attempted,Oklahoma,https://oklahoma.gov/about/accessibility-policy.html,linked from https://oklahoma.gov/ohca/dur.html,200,text/html;charset=utf-8,,raw/oklahoma/oklahoma__accessibility-policy-html__315cc68285.html,text/oklahoma/oklahoma__accessibility-policy-html__315cc68285.txt
collected_or_attempted,Oklahoma,https://oklahoma.gov/ohca/providers/types/pharmacy/additional-reports.html,linked from https://oklahoma.gov/ohca/dur.html,200,text/html;charset=utf-8,,raw/oklahoma/oklahoma__additional-reports-html__9689f573b8.html,text/oklahoma/oklahoma__additional-reports-html__9689f573b8.txt
collected_or_attempted,Oklahoma,https://oklahoma.gov/ohca/about/boards-and-committees/drug-utilization-review/dur-board-meeting-agendas/archives.html,seed,200,text/html;charset=utf-8,,raw/oklahoma/oklahoma__archives-html__09291e34e5.html,text/oklahoma/oklahoma__archives-html__09291e34e5.txt
collected_or_attempted,Oklahoma,https://oklahoma.gov/ohca/about/boards-and-committees.html,linked from https://oklahoma.gov/ohca/dur.html,200,text/html;charset=utf-8,,raw/oklahoma/oklahoma__boards-and-committees-html__3fb95428d3.html,text/oklahoma/oklahoma__boards-and-committees-html__3fb95428d3.txt
collected_or_attempted,Oklahoma,https://oklahoma.gov/ohca/research/dashboards.html,linked from https://oklahoma.gov/ohca/dur.html,200,text/html;charset=utf-8,,raw/oklahoma/oklahoma__dashboards-html__5315c0fb0d.html,text/oklahoma/oklahoma__dashboards-html__5315c0fb0d.txt
collected_or_attempted,Oklahoma,https://oklahoma.gov/ohca/about/boards-and-committees/drug-utilization-review.html,linked from https://oklahoma.gov/ohca/dur.html,200,text/html;charset=utf-8,,raw/oklahoma/oklahoma__drug-utilization-review-html__b00f5c0f20.html,text/oklahoma/oklahoma__drug-utilization-review-html__b00f5c0f20.txt
collected_or_attempted,Oklahoma,https://oklahoma.gov/content/dam/ok/en/okhca/docs/about/boards-and-committees/dur/2024/january/DUR%20Agenda%2001102024.pdf,linked from https://oklahoma.gov/ohca/about/boards-and-committees/drug-utilization-review/dur-board-meeting-agendas/archives.html,200,application/pdf,,raw/oklahoma/oklahoma__dur-agenda-01102024-pdf__3325530494.pdf,text/oklahoma/oklahoma__dur-agenda-01102024-pdf__3325530494.txt
collected_or_attempted,Oklahoma,https://oklahoma.gov/content/dam/ok/en/okhca/docs/about/boards-and-committees/dur/2023/january/DUR%20Agenda%2001112023.pdf,linked from https://oklahoma.gov/ohca/about/boards-and-committees/drug-utilization-review/dur-board-meeting-agendas/archives.html,200,application/pdf,,raw/oklahoma/oklahoma__dur-agenda-01112023-pdf__d6c9a23214.pdf,text/oklahoma/oklahoma__dur-agenda-01112023-pdf__d6c9a23214.txt
collected_or_attempted,Oklahoma,https://oklahoma.gov/content/dam/ok/en/okhca/docs/about/boards-and-committees/dur/2023/february/DUR%20Agenda%2002082023.pdf,linked from https://oklahoma.gov/ohca/about/boards-and-committees/drug-utilization-review/dur-board-meeting-agendas/archives.html,200,application/pdf,,raw/oklahoma/oklahoma__dur-agenda-02082023-pdf__51425786c5.pdf,text/oklahoma/oklahoma__dur-agenda-02082023-pdf__51425786c5.txt
collected_or_attempted,Oklahoma,https://oklahoma.gov/content/dam/ok/en/okhca/docs/about/boards-and-committees/dur/2024/february/DUR%20Agenda%2002142024.pdf,linked from https://oklahoma.gov/ohca/about/boards-and-committees/drug-utilization-review/dur-board-meeting-agendas/archives.html,200,application/pdf,,raw/oklahoma/oklahoma__dur-agenda-02142024-pdf__684a1a45be.pdf,text/oklahoma/oklahoma__dur-agenda-02142024-pdf__684a1a45be.txt
collected_or_attempted,Oklahoma,https://oklahoma.gov/content/dam/ok/en/okhca/docs/about/boards-and-committees/dur/2023/march/DUR%20Agenda%2003082023.pdf,linked from https://oklahoma.gov/ohca/about/boards-and-committees/drug-utilization-review/dur-board-meeting-agendas/archives.html,200,application/pdf,,raw/oklahoma/oklahoma__dur-agenda-03082023-pdf__431d804b45.pdf,text/oklahoma/oklahoma__dur-agenda-03082023-pdf__431d804b45.txt
collected_or_attempted,Oklahoma,https://oklahoma.gov/content/dam/ok/en/okhca/docs/about/boards-and-committees/dur/2024/march/DUR%20Agenda%2003132024.pdf,linked from https://oklahoma.gov/ohca/about/boards-and-committees/drug-utilization-review/dur-board-meeting-agendas/archives.html,200,application/pdf,,raw/oklahoma/oklahoma__dur-agenda-03132024-pdf__d3f34e2485.pdf,text/oklahoma/oklahoma__dur-agenda-03132024-pdf__d3f34e2485.txt
collected_or_attempted,Oklahoma,https://oklahoma.gov/content/dam/ok/en/okhca/docs/about/boards-and-committees/dur/2024/april/DUR%20Agenda%2004102024.pdf,linked from https://oklahoma.gov/ohca/about/boards-and-committees/drug-utilization-review/dur-board-meeting-agendas/archives.html,200,application/pdf,,raw/oklahoma/oklahoma__dur-agenda-04102024-pdf__c4a49385e3.pdf,text/oklahoma/oklahoma__dur-agenda-04102024-pdf__c4a49385e3.txt
collected_or_attempted,Oklahoma,https://oklahoma.gov/content/dam/ok/en/okhca/docs/about/boards-and-committees/dur/2023/april/DUR%20Agenda%2004122023.pdf,linked from https://oklahoma.gov/ohca/about/boards-and-committees/drug-utilization-review/dur-board-meeting-agendas/archives.html,200,application/pdf,,raw/oklahoma/oklahoma__dur-agenda-04122023-pdf__b6a87d140a.pdf,text/oklahoma/oklahoma__dur-agenda-04122023-pdf__b6a87d140a.txt
collected_or_attempted,Oklahoma,https://oklahoma.gov/content/dam/ok/en/okhca/docs/about/boards-and-committees/dur/2024/june/DUR%20Agenda%2006122024.pdf,linked from https://oklahoma.gov/ohca/about/boards-and-committees/drug-utilization-review/dur-board-meeting-agendas/archives.html,200,application/pdf,,raw/oklahoma/oklahoma__dur-agenda-06122024-pdf__7b4e5d9c55.pdf,text/oklahoma/oklahoma__dur-agenda-06122024-pdf__7b4e5d9c55.txt
collected_or_attempted,Oklahoma,https://oklahoma.gov/content/dam/ok/en/okhca/docs/about/boards-and-committees/dur/2024/july/DUR%20Agenda%2007102024.pdf,linked from https://oklahoma.gov/ohca/about/boards-and-committees/drug-utilization-review/dur-board-meeting-agendas/archives.html,200,application/pdf,,raw/oklahoma/oklahoma__dur-agenda-07102024-pdf__1c3c046c96.pdf,text/oklahoma/oklahoma__dur-agenda-07102024-pdf__1c3c046c96.txt
collected_or_attempted,Oklahoma,https://oklahoma.gov/content/dam/ok/en/okhca/docs/about/boards-and-committees/dur/2024/septbember/DUR%20Agenda%2009112024.pdf,linked from https://oklahoma.gov/ohca/about/boards-and-committees/drug-utilization-review/dur-board-meeting-agendas/archives.html,200,application/pdf,,raw/oklahoma/oklahoma__dur-agenda-09112024-pdf__345ce4a666.pdf,text/oklahoma/oklahoma__dur-agenda-09112024-pdf__345ce4a666.txt
collected_or_attempted,Oklahoma,https://oklahoma.gov/ohca/about/boards-and-committees/drug-utilization-review/dur-board.html,linked from https://oklahoma.gov/ohca/dur.html,200,text/html;charset=utf-8,,raw/oklahoma/oklahoma__dur-board-html__d771145586.html,text/oklahoma/oklahoma__dur-board-html__d771145586.txt
collected_or_attempted,Oklahoma,https://oklahoma.gov/ohca/about/boards-and-committees/drug-utilization-review/dur-board-meeting-agendas.html,seed,200,text/html;charset=utf-8,,raw/oklahoma/oklahoma__dur-board-meeting-agendas-html__83acf767e1.html,text/oklahoma/oklahoma__dur-board-meeting-agendas-html__83acf767e1.txt
collected_or_attempted,Oklahoma,https://oklahoma.gov/ohca/about/boards-and-committees/drug-utilization-review/dur-board-members.html,seed,200,text/html;charset=utf-8,,raw/oklahoma/oklahoma__dur-board-members-html__de7e3cace6.html,text/oklahoma/oklahoma__dur-board-members-html__de7e3cace6.txt
collected_or_attempted,Oklahoma,https://oklahoma.gov/ohca/dur.html,seed,200,text/html;charset=utf-8,,raw/oklahoma/oklahoma__dur-html__c4396410fe.html,text/oklahoma/oklahoma__dur-html__c4396410fe.txt
collected_or_attempted,Oklahoma,https://oklahoma.gov/ohca/about/boards-and-committees/drug-utilization-review/dur-meeting-policies-and-procedures.html,seed,200,text/html;charset=utf-8,,raw/oklahoma/oklahoma__dur-meeting-policies-and-procedures-html__d99db933a2.html,text/oklahoma/oklahoma__dur-meeting-policies-and-procedures-html__d99db933a2.txt
collected_or_attempted,Oklahoma,https://oklahoma.gov/content/dam/ok/en/okhca/docs/about/boards-and-committees/dur/2023/january/DUR%20Packet%2001112023.pdf,linked from https://oklahoma.gov/ohca/about/boards-and-committees/drug-utilization-review/dur-board-meeting-agendas/archives.html,200,application/pdf,,raw/oklahoma/oklahoma__dur-packet-01112023-pdf__34825240e9.pdf,text/oklahoma/oklahoma__dur-packet-01112023-pdf__34825240e9.txt
collected_or_attempted,Oklahoma,https://oklahoma.gov/content/dam/ok/en/okhca/docs/about/boards-and-committees/dur/2023/february/DUR%20Packet%2002082023.pdf,linked from https://oklahoma.gov/ohca/about/boards-and-committees/drug-utilization-review/dur-board-meeting-agendas/archives.html,200,application/pdf,,raw/oklahoma/oklahoma__dur-packet-02082023-pdf__19369e35bc.pdf,text/oklahoma/oklahoma__dur-packet-02082023-pdf__19369e35bc.txt
collected_or_attempted,Oklahoma,https://oklahoma.gov/content/dam/ok/en/okhca/docs/about/boards-and-committees/dur/2023/march/DUR%20Packet%2003082023.pdf,linked from https://oklahoma.gov/ohca/about/boards-and-committees/drug-utilization-review/dur-board-meeting-agendas/archives.html,200,application/pdf,,raw/oklahoma/oklahoma__dur-packet-03082023-pdf__9b99f3ccbc.pdf,text/oklahoma/oklahoma__dur-packet-03082023-pdf__9b99f3ccbc.txt
collected_or_attempted,Oklahoma,https://oklahoma.gov/content/dam/ok/en/okhca/docs/about/boards-and-committees/dur/2025/december/DUR%20Packet%2012102025.pdf,linked from https://oklahoma.gov/ohca/about/boards-and-committees/drug-utilization-review/dur-board-meeting-agendas/archives.html,200,application/pdf,,raw/oklahoma/oklahoma__dur-packet-12102025-pdf__7d8bf043d4.pdf,text/oklahoma/oklahoma__dur-packet-12102025-pdf__7d8bf043d4.txt
collected_or_attempted,Oklahoma,https://oklahoma.gov/ohca/about/legal-notices.html,linked from https://oklahoma.gov/ohca/dur.html,200,text/html;charset=utf-8,,raw/oklahoma/oklahoma__legal-notices-html__433115d6ca.html,text/oklahoma/oklahoma__legal-notices-html__433115d6ca.txt
collected_or_attempted,Oklahoma,https://oklahoma.gov/ohca/about/nondiscrimination-notice.html,linked from https://oklahoma.gov/ohca/dur.html,200,text/html;charset=utf-8,,raw/oklahoma/oklahoma__nondiscrimination-notice-html__1779734634.html,text/oklahoma/oklahoma__nondiscrimination-notice-html__1779734634.txt
collected_or_attempted,Oklahoma,https://oklahoma.gov/ohca/about/boards-and-committees/medical-advisory-committee/oklahoma-state-senate-bill-470.html,linked from https://oklahoma.gov/ohca/dur.html,200,text/html;charset=utf-8,,raw/oklahoma/oklahoma__oklahoma-state-senate-bill-470-html__46d43bddaf.html,text/oklahoma/oklahoma__oklahoma-state-senate-bill-470-html__46d43bddaf.txt
collected_or_attempted,Oklahoma,https://oklahoma.gov/ohca/policies-and-rules.html,linked from https://oklahoma.gov/ohca/dur.html,200,text/html;charset=utf-8,,raw/oklahoma/oklahoma__policies-and-rules-html__4827fedf86.html,text/oklahoma/oklahoma__policies-and-rules-html__4827fedf86.txt
collected_or_attempted,Oklahoma,https://oklahoma.gov/about/policy-disclaimers.html,linked from https://oklahoma.gov/ohca/dur.html,200,text/html;charset=utf-8,,raw/oklahoma/oklahoma__policy-disclaimers-html__cb9c3107b0.html,text/oklahoma/oklahoma__policy-disclaimers-html__cb9c3107b0.txt
collected_or_attempted,Oklahoma,https://oklahoma.gov/ohca/soonerselect/policy.html,linked from https://oklahoma.gov/ohca/dur.html,200,text/html;charset=utf-8,,raw/oklahoma/oklahoma__policy-html__3216abed45.html,text/oklahoma/oklahoma__policy-html__3216abed45.txt
collected_or_attempted,Oklahoma,https://oklahoma.gov/ohca/about/policy.html,linked from https://oklahoma.gov/ohca/dur.html,200,text/html;charset=utf-8,,raw/oklahoma/oklahoma__policy-html__662063549e.html,text/oklahoma/oklahoma__policy-html__662063549e.txt
collected_or_attempted,Oklahoma,https://oklahoma.gov/ohca/policies-and-rules/proposed-changes.html,linked from https://oklahoma.gov/ohca/dur.html,200,text/html;charset=utf-8,,raw/oklahoma/oklahoma__proposed-changes-html__6e7e0f1696.html,text/oklahoma/oklahoma__proposed-changes-html__6e7e0f1696.txt
collected_or_attempted,Oklahoma,https://oklahoma.gov/ohca/policies-and-rules/public-notices.html,linked from https://oklahoma.gov/ohca/dur.html,200,text/html;charset=utf-8,,raw/oklahoma/oklahoma__public-notices-html__b7daf1e032.html,text/oklahoma/oklahoma__public-notices-html__b7daf1e032.txt
collected_or_attempted,Oklahoma,https://oklahoma.gov/ohca/about/boards-and-committees/drug-utilization-review/retrospective-dur.html,linked from https://oklahoma.gov/ohca/dur.html,200,text/html;charset=utf-8,,raw/oklahoma/oklahoma__retrospective-dur-html__2b089d4841.html,text/oklahoma/oklahoma__retrospective-dur-html__2b089d4841.txt
collected_or_attempted,Oklahoma,https://oklahoma.gov/ohca/policies-and-rules/search-policy.html,linked from https://oklahoma.gov/ohca/dur.html,200,text/html;charset=utf-8,,raw/oklahoma/oklahoma__search-policy-html__6f7a5ebdda.html,text/oklahoma/oklahoma__search-policy-html__6f7a5ebdda.txt
collected_or_attempted,Oklahoma,"https://oklahoma.gov/ohca/providers/types/pharmacy/additional-reports.html\""",linked from https://oklahoma.gov/ohca/dur.html,404,text/html; charset=iso-8859-1,,raw/oklahoma/oklahoma__source__a5c5fc0dda.html,text/oklahoma/oklahoma__source__a5c5fc0dda.txt
collected_or_attempted,Oklahoma,"https://oklahoma.gov/content/dam/ok/en/okhca/documents/a0303/24110.pdf\""",linked from https://oklahoma.gov/ohca/about/boards-and-committees/drug-utilization-review/dur-meeting-policies-and-procedures.html,404,text/html; charset=iso-8859-1,,raw/oklahoma/oklahoma__source__ae27a1cdcb.html,text/oklahoma/oklahoma__source__ae27a1cdcb.txt
collected_or_attempted,Oklahoma,https://oklahoma.gov/ohca/providers/updates.html,linked from https://oklahoma.gov/ohca/dur.html,200,text/html;charset=utf-8,,raw/oklahoma/oklahoma__updates-html__0464209b94.html,text/oklahoma/oklahoma__updates-html__0464209b94.txt
collected_or_attempted,Oklahoma,https://oklahoma.gov/ohca/individuals/updates.html,linked from https://oklahoma.gov/ohca/dur.html,200,text/html;charset=utf-8,,raw/oklahoma/oklahoma__updates-html__49db90c00f.html,text/oklahoma/oklahoma__updates-html__49db90c00f.txt
collected_or_attempted,Oklahoma,https://oklahoma.gov/ohca/about/updates.html,linked from https://oklahoma.gov/ohca/dur.html,200,text/html;charset=utf-8,,raw/oklahoma/oklahoma__updates-html__dfe7f28726.html,text/oklahoma/oklahoma__updates-html__dfe7f28726.txt
collected_or_attempted,Oklahoma,https://oklahoma.gov/ohca/policies-and-rules/xpolicy.html,linked from https://oklahoma.gov/ohca/dur.html,200,text/html;charset=utf-8,,raw/oklahoma/oklahoma__xpolicy-html__5e801e896e.html,text/oklahoma/oklahoma__xpolicy-html__5e801e896e.txt
collected_or_attempted,Oregon,https://pharmacy.oregonstate.edu/about-college,linked from https://pharmacy.oregonstate.edu/research/drug-use-research-management,200,text/html; charset=UTF-8,,raw/oregon/oregon__about-college__0c9102cad2.html,text/oregon/oregon__about-college__0c9102cad2.txt
collected_or_attempted,Oregon,https://pharmacy.oregonstate.edu/research/drug-use-research-management/oregon-pt-committee/about-the-committee,linked from https://pharmacy.oregonstate.edu/research/drug-use-research-management,200,text/html; charset=UTF-8,,raw/oregon/oregon__about-the-committee__6467d52460.html,text/oregon/oregon__about-the-committee__6467d52460.txt
collected_or_attempted,Oregon,https://pharmacy.oregonstate.edu/research/drug-use-research-management/about-us,linked from https://pharmacy.oregonstate.edu/research/drug-use-research-management,200,text/html; charset=UTF-8,,raw/oregon/oregon__about-us__ed02188ffc.html,text/oregon/oregon__about-us__ed02188ffc.txt
collected_or_attempted,Oregon,https://www.oregon.gov/oha/EI/Pages/ADA-Notice.aspx,linked from https://www.oregon.gov/oha/HPA/DSI-Pharmacy/Pages/Pharmacy-Therapeutics-Committee.aspx,200,text/html; charset=utf-8,,raw/oregon/oregon__ada-notice-aspx__b4be66a091.html,text/oregon/oregon__ada-notice-aspx__b4be66a091.txt
collected_or_attempted,Oregon,https://www.oregon.gov/odhs/rules-policy/pages/agency-policies.aspx,linked from https://www.oregon.gov/OHA/HSD/OHP/Pages/PDL.aspx,200,text/html; charset=utf-8,,raw/oregon/oregon__agency-policies-aspx__3f7dc43f9e.html,text/oregon/oregon__agency-policies-aspx__3f7dc43f9e.txt
collected_or_attempted,Oregon,https://pharmacy.oregonstate.edu/alumni-and-partners,linked from https://pharmacy.oregonstate.edu/research/drug-use-research-management,200,text/html; charset=UTF-8,,raw/oregon/oregon__alumni-and-partners__59ece91b6e.html,text/oregon/oregon__alumni-and-partners__59ece91b6e.txt
collected_or_attempted,Oregon,https://pharmacy.oregonstate.edu/programs-admissions/apply-request-info,linked from https://pharmacy.oregonstate.edu/research/drug-use-research-management,200,text/html; charset=UTF-8,,raw/oregon/oregon__apply-request-info__94a8eaedd6.html,text/oregon/oregon__apply-request-info__94a8eaedd6.txt
collected_or_attempted,Oregon,https://pharmacy.oregonstate.edu/programs-admissions/apply-request-information,linked from https://pharmacy.oregonstate.edu/research/drug-use-research-management,200,text/html; charset=UTF-8,,raw/oregon/oregon__apply-request-information__2a229e48b7.html,text/oregon/oregon__apply-request-information__2a229e48b7.txt
collected_or_attempted,Oregon,https://pharmacy.oregonstate.edu/research/drug-use-research-management/oregon-pt-committee/meetings-agenda/archived-dur-board,linked from https://pharmacy.oregonstate.edu/drug-policy/meetings,200,text/html; charset=UTF-8,,raw/oregon/oregon__archived-dur-board__288c639a0f.html,text/oregon/oregon__archived-dur-board__288c639a0f.txt
collected_or_attempted,Oregon,https://pharmacy.oregonstate.edu/beaverx-news,linked from https://pharmacy.oregonstate.edu/research/drug-use-research-management,200,text/html; charset=UTF-8,,raw/oregon/oregon__beaverx-news__2f9d834f39.html,text/oregon/oregon__beaverx-news__2f9d834f39.txt
collected_or_attempted,Oregon,https://pharmacy.oregonstate.edu/research/pharmacy-practice/drug-use-research-management/benefit-update-project,linked from https://pharmacy.oregonstate.edu/research/drug-use-research-management,200,text/html; charset=UTF-8,,raw/oregon/oregon__benefit-update-project__3ac9e99aea.html,text/oregon/oregon__benefit-update-project__3ac9e99aea.txt
collected_or_attempted,Oregon,https://www.oregon.gov/oha/HPA/DSI-Pharmacy/Pages/CCO-Pharmacy-Directors.aspx,linked from https://www.oregon.gov/oha/HPA/DSI-Pharmacy/Pages/Pharmacy-Therapeutics-Committee.aspx,200,text/html; charset=utf-8,,raw/oregon/oregon__cco-pharmacy-directors-aspx__6bf0499074.html,text/oregon/oregon__cco-pharmacy-directors-aspx__6bf0499074.txt
collected_or_attempted,Oregon,https://www.oregon.gov/oha/Pages/CCW.aspx,linked from https://www.oregon.gov/OHA/HSD/OHP/Pages/PDL.aspx,200,text/html; charset=utf-8,,raw/oregon/oregon__ccw-aspx__97f24f3807.html,text/oregon/oregon__ccw-aspx__97f24f3807.txt
collected_or_attempted,Oregon,https://pharmacy.oregonstate.edu/about/college-history,linked from https://pharmacy.oregonstate.edu/research/drug-use-research-management,200,text/html; charset=UTF-8,,raw/oregon/oregon__college-history__57be66547f.html,text/oregon/oregon__college-history__57be66547f.txt
collected_or_attempted,Oregon,https://www.oregon.gov/oha/HPA/DSI-Pharmacy/Pages/Community-Pharmacy-Partners-Workgroup.aspx,linked from https://www.oregon.gov/oha/HPA/DSI-Pharmacy/Pages/Pharmacy-Therapeutics-Committee.aspx,200,text/html; charset=utf-8,,raw/oregon/oregon__community-pharmacy-partners-workgroup-aspx__9e7317f279.html,text/oregon/oregon__community-pharmacy-partners-workgroup-aspx__9e7317f279.txt
collected_or_attempted,Oregon,https://www.oregon.gov/oha/HPA/DSI-Pharmacy/Pages/Contact-Us.aspx,linked from https://www.oregon.gov/oha/HPA/DSI-Pharmacy/Pages/Pharmacy-Therapeutics-Committee.aspx,200,text/html; charset=utf-8,,raw/oregon/oregon__contact-us-aspx__3c973e8463.html,text/oregon/oregon__contact-us-aspx__3c973e8463.txt
collected_or_attempted,Oregon,https://pharmacy.oregonstate.edu/about/contact-us,linked from https://pharmacy.oregonstate.edu/research/drug-use-research-management,200,text/html; charset=UTF-8,,raw/oregon/oregon__contact-us__f339d2105c.html,text/oregon/oregon__contact-us__f339d2105c.txt
collected_or_attempted,Oregon,https://pharmacy.oregonstate.edu/programs-admissions/continuing-education,linked from https://pharmacy.oregonstate.edu/research/drug-use-research-management,200,text/html; charset=UTF-8,,raw/oregon/oregon__continuing-education__89c93c0604.html,text/oregon/oregon__continuing-education__89c93c0604.txt
collected_or_attempted,Oregon,https://pharmacy.oregonstate.edu/faculty-and-staff/directory,linked from https://pharmacy.oregonstate.edu/research/drug-use-research-management,200,text/html; charset=UTF-8,,raw/oregon/oregon__directory__246e518692.html,text/oregon/oregon__directory__246e518692.txt
collected_or_attempted,Oregon,https://pharmacy.oregonstate.edu/research/drug-use-research-management,seed,200,text/html; charset=UTF-8,,raw/oregon/oregon__drug-use-research-management__4b8bd7e704.html,text/oregon/oregon__drug-use-research-management__4b8bd7e704.txt
collected_or_attempted,Oregon,https://www.oregon.gov/oha/HPA/DSI-Pharmacy,linked from https://www.oregon.gov/oha/HPA/DSI-Pharmacy/Pages/Pharmacy-Therapeutics-Committee.aspx,200,text/html; charset=utf-8,,raw/oregon/oregon__dsi-pharmacy__59292ddc47.html,text/oregon/oregon__dsi-pharmacy__59292ddc47.txt
collected_or_attempted,Oregon,https://pharmacy.oregonstate.edu/research/pharmacy-practice/drug-use-research-management/dur-reports,linked from https://pharmacy.oregonstate.edu/research/drug-use-research-management,200,text/html; charset=UTF-8,,raw/oregon/oregon__dur-reports__f4b7c76cd6.html,text/oregon/oregon__dur-reports__f4b7c76cd6.txt
collected_or_attempted,Oregon,https://pharmacy.oregonstate.edu/programs-admissions/early-assurance-program,linked from https://pharmacy.oregonstate.edu/research/drug-use-research-management,200,text/html; charset=UTF-8,,raw/oregon/oregon__early-assurance-program__0caa37deb7.html,text/oregon/oregon__early-assurance-program__0caa37deb7.txt
collected_or_attempted,Oregon,https://www.oregon.gov/oha/HSD/OHP/Pages/EULA.aspx,linked from https://www.oregon.gov/OHA/HSD/OHP/Pages/PDL.aspx,200,text/html; charset=utf-8,,raw/oregon/oregon__eula-aspx__08137d0f23.html,text/oregon/oregon__eula-aspx__08137d0f23.txt
collected_or_attempted,Oregon,https://pharmacy.oregonstate.edu/events,linked from https://pharmacy.oregonstate.edu/research/drug-use-research-management,200,text/html; charset=UTF-8,,raw/oregon/oregon__events__848bad0edd.html,text/oregon/oregon__events__848bad0edd.txt
collected_or_attempted,Oregon,https://pharmacy.oregonstate.edu/faculty-and-staff,linked from https://pharmacy.oregonstate.edu/research/drug-use-research-management,200,text/html; charset=UTF-8,,raw/oregon/oregon__faculty-and-staff__d3650ec522.html,text/oregon/oregon__faculty-and-staff__d3650ec522.txt
collected_or_attempted,Oregon,https://www.oregon.gov/oha/HSD/OHP/Pages/Fee-Schedule.aspx,linked from https://www.oregon.gov/OHA/HSD/OHP/Pages/PDL.aspx,200,text/html; charset=utf-8,,raw/oregon/oregon__fee-schedule-aspx__0ccf2e9726.html,text/oregon/oregon__fee-schedule-aspx__0ccf2e9726.txt
collected_or_attempted,Oregon,https://pharmacy.oregonstate.edu/give,linked from https://pharmacy.oregonstate.edu/research/drug-use-research-management,200,text/html; charset=UTF-8,,raw/oregon/oregon__give__91ab167a8a.html,text/oregon/oregon__give__91ab167a8a.txt
collected_or_attempted,Oregon,https://pharmacy.oregonstate.edu/student-experience/graduate-students,linked from https://pharmacy.oregonstate.edu/research/drug-use-research-management,200,text/html; charset=UTF-8,,raw/oregon/oregon__graduate-students__e90b97ade3.html,text/oregon/oregon__graduate-students__e90b97ade3.txt
collected_or_attempted,Oregon,https://www.oregon.gov/oha/HPA/Pages/index.aspx,linked from https://www.oregon.gov/oha/HPA/DSI-Pharmacy/Pages/Pharmacy-Therapeutics-Committee.aspx,200,text/html; charset=utf-8,,raw/oregon/oregon__index-aspx__0fcfc8276a.html,text/oregon/oregon__index-aspx__0fcfc8276a.txt
collected_or_attempted,Oregon,https://www.oregon.gov/oha/OHPB/Pages/index.aspx,linked from https://www.oregon.gov/OHA/HSD/OHP/Pages/PDL.aspx,200,text/html; charset=utf-8,,raw/oregon/oregon__index-aspx__24a9a43c1a.html,text/oregon/oregon__index-aspx__24a9a43c1a.txt
collected_or_attempted,Oregon,https://www.oregon.gov/oha/OEBB/Pages/index.aspx,linked from https://www.oregon.gov/OHA/HSD/OHP/Pages/PDL.aspx,200,text/html; charset=utf-8,,raw/oregon/oregon__index-aspx__48cdc37a87.html,text/oregon/oregon__index-aspx__48cdc37a87.txt
collected_or_attempted,Oregon,https://www.oregon.gov/oha/HPA/dsi-opdp/Pages/index.aspx,linked from https://www.oregon.gov/oha/HPA/DSI-Pharmacy/Pages/Pharmacy-Therapeutics-Committee.aspx,200,text/html; charset=utf-8,,raw/oregon/oregon__index-aspx__5358f60294.html,text/oregon/oregon__index-aspx__5358f60294.txt
collected_or_attempted,Oregon,https://www.oregon.gov/oha/PEBB/Pages/index.aspx,linked from https://www.oregon.gov/OHA/HSD/OHP/Pages/PDL.aspx,200,text/html; charset=utf-8,,raw/oregon/oregon__index-aspx__7d376f304a.html,text/oregon/oregon__index-aspx__7d376f304a.txt
collected_or_attempted,Oregon,https://www.oregon.gov/oha/HPA/DSI-Pharmacy/Pages/index.aspx,linked from https://www.oregon.gov/oha/HPA/DSI-Pharmacy/Pages/Pharmacy-Therapeutics-Committee.aspx,200,text/html; charset=utf-8,,raw/oregon/oregon__index-aspx__e080cd13cb.html,text/oregon/oregon__index-aspx__e080cd13cb.txt
collected_or_attempted,Oregon,https://pharmacy.oregonstate.edu/about/justice-equity-diversity-inclusion,linked from https://pharmacy.oregonstate.edu/research/drug-use-research-management,200,text/html; charset=UTF-8,,raw/oregon/oregon__justice-equity-diversity-inclusion__d06ba0298a.html,text/oregon/oregon__justice-equity-diversity-inclusion__d06ba0298a.txt
collected_or_attempted,Oregon,http://pharmacy.oregonstate.edu/user/login,linked from https://pharmacy.oregonstate.edu/research/drug-use-research-management,200,text/html; charset=UTF-8,,raw/oregon/oregon__login__28c0efb5f4.html,text/oregon/oregon__login__28c0efb5f4.txt
collected_or_attempted,Oregon,https://pharmacy.oregonstate.edu/programs-admissions/masters-program,linked from https://pharmacy.oregonstate.edu/research/drug-use-research-management,200,text/html; charset=UTF-8,,raw/oregon/oregon__masters-program__e15822dc44.html,text/oregon/oregon__masters-program__e15822dc44.txt
collected_or_attempted,Oregon,https://www.oregon.gov/oha/HSD/OHP/Pages/Meetings.aspx,linked from https://www.oregon.gov/OHA/HSD/OHP/Pages/PDL.aspx,200,text/html; charset=utf-8,,raw/oregon/oregon__meetings-aspx__9b50a57a73.html,text/oregon/oregon__meetings-aspx__9b50a57a73.txt
collected_or_attempted,Oregon,https://pharmacy.oregonstate.edu/drug-policy/meetings,seed,200,text/html; charset=UTF-8,,raw/oregon/oregon__meetings__40e6016516.html,text/oregon/oregon__meetings__40e6016516.txt
collected_or_attempted,Oregon,https://www.oregon.gov/oha/HPA/DSI-Pharmacy/Pages/Mental-Health-Clinical-Advisory-Group.aspx,linked from https://www.oregon.gov/oha/HPA/DSI-Pharmacy/Pages/Pharmacy-Therapeutics-Committee.aspx,200,text/html; charset=utf-8,,raw/oregon/oregon__mental-health-clinical-advisory-group-aspx__a8115b1930.html,text/oregon/oregon__mental-health-clinical-advisory-group-aspx__a8115b1930.txt
collected_or_attempted,Oregon,https://pharmacy.oregonstate.edu/drug-policy/newsletter,linked from https://pharmacy.oregonstate.edu/research/drug-use-research-management,200,text/html; charset=UTF-8,,raw/oregon/oregon__newsletter__7772179464.html,text/oregon/oregon__newsletter__7772179464.txt
collected_or_attempted,Oregon,https://pharmacy.oregonstate.edu/research/drug-use-research-management/newsletters,linked from https://pharmacy.oregonstate.edu/research/drug-use-research-management,200,text/html; charset=UTF-8,,raw/oregon/oregon__newsletters__d4f732ba94.html,text/oregon/oregon__newsletters__d4f732ba94.txt
collected_or_attempted,Oregon,https://www.oregon.gov/oha/HPA/DSI-Pharmacy/Pages/Northwest-Prescription-Drug-Consortium.aspx,linked from https://www.oregon.gov/oha/HPA/DSI-Pharmacy/Pages/Pharmacy-Therapeutics-Committee.aspx,200,text/html; charset=utf-8,,raw/oregon/oregon__northwest-prescription-drug-consortium-aspx__479225e500.html,text/oregon/oregon__northwest-prescription-drug-consortium-aspx__479225e500.txt
collected_or_attempted,Oregon,https://www.oregon.gov/oha/Pages/Notice-Privacy-Practices.aspx,linked from https://www.oregon.gov/oha/HPA/DSI-Pharmacy/Pages/Pharmacy-Therapeutics-Committee.aspx,200,text/html; charset=utf-8,,raw/oregon/oregon__notice-privacy-practices-aspx__c73ba3ab25.html,text/oregon/oregon__notice-privacy-practices-aspx__c73ba3ab25.txt
collected_or_attempted,Oregon,https://www.oregon.gov/oha/EI/Pages/OHA-Language-Access-and-Nondiscrimination-Policies-for-the-Public.aspx,linked from https://www.oregon.gov/oha/HPA/DSI-Pharmacy/Pages/Pharmacy-Therapeutics-Committee.aspx,200,text/html; charset=utf-8,,raw/oregon/oregon__oha-language-access-and-nondiscrimination-policies-for-the-public-aspx__eda9ffe98c.html,text/oregon/oregon__oha-language-access-and-nondiscrimination-policies-for-the-public-aspx__eda9ffe98c.txt
collected_or_attempted,Oregon,https://www.oregon.gov/oha/HPA/DSI-Pharmacy/Pages/oha-pharmacy-industry-relations.aspx,linked from https://www.oregon.gov/oha/HPA/DSI-Pharmacy/Pages/Pharmacy-Therapeutics-Committee.aspx,200,text/html; charset=utf-8,,raw/oregon/oregon__oha-pharmacy-industry-relations-aspx__3f449ee933.html,text/oregon/oregon__oha-pharmacy-industry-relations-aspx__3f449ee933.txt
collected_or_attempted,Oregon,https://www.oregon.gov/oha/Pages/OHA-Public-Meetings.aspx,linked from https://www.oregon.gov/OHA/HSD/OHP/Pages/PDL.aspx,200,text/html; charset=utf-8,,raw/oregon/oregon__oha-public-meetings-aspx__95bf7442de.html,text/oregon/oregon__oha-public-meetings-aspx__95bf7442de.txt
collected_or_attempted,Oregon,https://pharmacy.oregonstate.edu/faculty-and-staff/organizational-chart,linked from https://pharmacy.oregonstate.edu/research/drug-use-research-management,200,text/html; charset=UTF-8,,raw/oregon/oregon__organizational-chart__7c12215474.html,text/oregon/oregon__organizational-chart__7c12215474.txt
collected_or_attempted,Oregon,https://pharmacy.oregonstate.edu/student-experience/our-campuses,linked from https://pharmacy.oregonstate.edu/research/drug-use-research-management,403,text/html; charset=UTF-8,,raw/oregon/oregon__our-campuses__2b3900f080.html,text/oregon/oregon__our-campuses__2b3900f080.txt
collected_or_attempted,Oregon,https://pharmacy.oregonstate.edu/our-dean,linked from https://pharmacy.oregonstate.edu/research/drug-use-research-management,200,text/html; charset=UTF-8,,raw/oregon/oregon__our-dean__ae7d51e5e3.html,text/oregon/oregon__our-dean__ae7d51e5e3.txt
collected_or_attempted,Oregon,https://www.oregon.gov/oha/HPA/DSI-Pharmacy/PTDocuments/P%26T%20Operating%20Procedures.pdf,linked from https://www.oregon.gov/oha/HPA/DSI-Pharmacy/Pages/Pharmacy-Therapeutics-Committee.aspx,200,application/pdf,,raw/oregon/oregon__p-t-operating-procedures-pdf__8ba0ee8ab4.pdf,text/oregon/oregon__p-t-operating-procedures-pdf__8ba0ee8ab4.txt
collected_or_attempted,Oregon,https://www.oregon.gov/oha/HSD/OHP/Pages/Partners.aspx,linked from https://www.oregon.gov/OHA/HSD/OHP/Pages/PDL.aspx,200,text/html; charset=utf-8,,raw/oregon/oregon__partners-aspx__b6cace2bd3.html,text/oregon/oregon__partners-aspx__b6cace2bd3.txt
collected_or_attempted,Oregon,https://www.oregon.gov/OHA/HSD/OHP/Pages/PDL.aspx,seed,200,text/html; charset=utf-8,,raw/oregon/oregon__pdl-aspx__021a0de59c.html,text/oregon/oregon__pdl-aspx__021a0de59c.txt
collected_or_attempted,Oregon,https://www.oregon.gov/oha/hsd/ohp/pages/pdl.aspx,linked from https://www.oregon.gov/oha/HPA/DSI-Pharmacy/Pages/Pharmacy-Therapeutics-Committee.aspx,200,text/html; charset=utf-8,,raw/oregon/oregon__pdl-aspx__4bb40c65d9.html,text/oregon/oregon__pdl-aspx__4bb40c65d9.txt
collected_or_attempted,Oregon,https://www.oregon.gov/oha/HSD/OHP/Pages/PDL.aspx,linked from https://www.oregon.gov/OHA/HSD/OHP/Pages/PDL.aspx,200,text/html; charset=utf-8,,raw/oregon/oregon__pdl-aspx__c578250827.html,text/oregon/oregon__pdl-aspx__c578250827.txt
collected_or_attempted,Oregon,https://pharmacy.oregonstate.edu/student-experience/pharm-d-students,linked from https://pharmacy.oregonstate.edu/research/drug-use-research-management,200,text/html; charset=UTF-8,,raw/oregon/oregon__pharm-d-students__b08adfbdce.html,text/oregon/oregon__pharm-d-students__b08adfbdce.txt
collected_or_attempted,Oregon,https://pharmacy.oregonstate.edu/programs-admissions/pharm-d,linked from https://pharmacy.oregonstate.edu/research/drug-use-research-management,200,text/html; charset=UTF-8,,raw/oregon/oregon__pharm-d__b073bf9a5e.html,text/oregon/oregon__pharm-d__b073bf9a5e.txt
collected_or_attempted,Oregon,https://pharmacy.oregonstate.edu/research/pharmaceutical-sciences,linked from https://pharmacy.oregonstate.edu/research/drug-use-research-management,200,text/html; charset=UTF-8,,raw/oregon/oregon__pharmaceutical-sciences__b7472dd21c.html,text/oregon/oregon__pharmaceutical-sciences__b7472dd21c.txt
collected_or_attempted,Oregon,https://pharmacy.oregonstate.edu/,linked from https://pharmacy.oregonstate.edu/research/drug-use-research-management,200,text/html; charset=UTF-8,,raw/oregon/oregon__pharmacy-oregonstate-edu__0c154039c5.html,text/oregon/oregon__pharmacy-oregonstate-edu__0c154039c5.txt
collected_or_attempted,Oregon,https://pharmacy.oregonstate.edu/research/pharmacy-practice,linked from https://pharmacy.oregonstate.edu/research/drug-use-research-management,200,text/html; charset=UTF-8,,raw/oregon/oregon__pharmacy-practice__f09d625ca0.html,text/oregon/oregon__pharmacy-practice__f09d625ca0.txt
collected_or_attempted,Oregon,https://www.oregon.gov/oha/HPA/DSI-Pharmacy/Pages/Pharmacy-Therapeutics-Committee.aspx,seed,200,text/html; charset=utf-8,,raw/oregon/oregon__pharmacy-therapeutics-committee-aspx__57d9211bf1.html,text/oregon/oregon__pharmacy-therapeutics-committee-aspx__57d9211bf1.txt
collected_or_attempted,Oregon,https://www.oregon.gov/oha/hpa/dsi-pharmacy/pages/pharmacy-therapeutics-committee.aspx,linked from https://www.oregon.gov/oha/HPA/DSI-Pharmacy/Pages/Pharmacy-Therapeutics-Committee.aspx,200,text/html; charset=utf-8,,raw/oregon/oregon__pharmacy-therapeutics-committee-aspx__699cb67525.html,text/oregon/oregon__pharmacy-therapeutics-committee-aspx__699cb67525.txt
collected_or_attempted,Oregon,https://pharmacy.oregonstate.edu/programs-admissions/phd-program,linked from https://pharmacy.oregonstate.edu/research/drug-use-research-management,200,text/html; charset=UTF-8,,raw/oregon/oregon__phd-program__76288dcf76.html,text/oregon/oregon__phd-program__76288dcf76.txt
collected_or_attempted,Oregon,https://pharmacy.oregonstate.edu/research/drug-use-research-management/oregon-pt-committee/policies-procedures,linked from https://pharmacy.oregonstate.edu/research/drug-use-research-management,200,text/html; charset=UTF-8,,raw/oregon/oregon__policies-procedures__b66539d088.html,text/oregon/oregon__policies-procedures__b66539d088.txt
collected_or_attempted,Oregon,https://www.oregon.gov/oha/HSD/OHP/Pages/Policy-Pharmacy.aspx,linked from https://www.oregon.gov/oha/HPA/DSI-Pharmacy/Pages/Pharmacy-Therapeutics-Committee.aspx,200,text/html; charset=utf-8,,raw/oregon/oregon__policy-pharmacy-aspx__e1119d1c79.html,text/oregon/oregon__policy-pharmacy-aspx__e1119d1c79.txt
collected_or_attempted,Oregon,https://pharmacy.oregonstate.edu/pre-pharmacy-0,linked from https://pharmacy.oregonstate.edu/research/drug-use-research-management,200,text/html; charset=UTF-8,,raw/oregon/oregon__pre-pharmacy-0__51460dc749.html,text/oregon/oregon__pre-pharmacy-0__51460dc749.txt
collected_or_attempted,Oregon,https://pharmacy.oregonstate.edu/programs-admissions,linked from https://pharmacy.oregonstate.edu/research/drug-use-research-management,200,text/html; charset=UTF-8,,raw/oregon/oregon__programs-admissions__c27c9840dd.html,text/oregon/oregon__programs-admissions__c27c9840dd.txt
collected_or_attempted,Oregon,https://www.oregon.gov/oha/HPA/DSI-Pharmacy/PTDocuments/PT-Application.pdf,linked from https://www.oregon.gov/oha/HPA/DSI-Pharmacy/Pages/Pharmacy-Therapeutics-Committee.aspx,200,application/pdf,,raw/oregon/oregon__pt-application-pdf__9f0ed4b249.pdf,text/oregon/oregon__pt-application-pdf__9f0ed4b249.txt
collected_or_attempted,Oregon,https://www.oregon.gov/oha/HPA/DSI-Pharmacy/PTDocuments/PT-Committee-Bios.pdf,linked from https://www.oregon.gov/oha/HPA/DSI-Pharmacy/Pages/Pharmacy-Therapeutics-Committee.aspx,200,application/pdf,,raw/oregon/oregon__pt-committee-bios-pdf__50a75d4f48.pdf,text/oregon/oregon__pt-committee-bios-pdf__50a75d4f48.txt
collected_or_attempted,Oregon,https://www.oregon.gov/oha/HPA/DSI-Pharmacy/Pages/PT-Recordings.aspx,linked from https://www.oregon.gov/oha/HPA/DSI-Pharmacy/Pages/Pharmacy-Therapeutics-Committee.aspx,200,text/html; charset=utf-8,,raw/oregon/oregon__pt-recordings-aspx__12ce27e457.html,text/oregon/oregon__pt-recordings-aspx__12ce27e457.txt
collected_or_attempted,Oregon,https://www.oregon.gov/oha/HPA/DSI-Pharmacy/PTDocuments/Public-Comment-Declaration-Form.pdf,linked from https://www.oregon.gov/oha/HPA/DSI-Pharmacy/Pages/Pharmacy-Therapeutics-Committee.aspx,200,application/pdf,,raw/oregon/oregon__public-comment-declaration-form-pdf__a43b9cb74a.pdf,text/oregon/oregon__public-comment-declaration-form-pdf__a43b9cb74a.txt
collected_or_attempted,Oregon,https://pharmacy.oregonstate.edu/research/drug-use-research-management/oregon-pt-committee/public-comment,linked from https://pharmacy.oregonstate.edu/research/drug-use-research-management,200,text/html; charset=UTF-8,,raw/oregon/oregon__public-comment__10edbb2853.html,text/oregon/oregon__public-comment__10edbb2853.txt
collected_or_attempted,Oregon,https://pharmacy.oregonstate.edu/research,linked from https://pharmacy.oregonstate.edu/research/drug-use-research-management,200,text/html; charset=UTF-8,,raw/oregon/oregon__research__bf0e850071.html,text/oregon/oregon__research__bf0e850071.txt
collected_or_attempted,Oregon,https://www.oregon.gov/oha/HPA/DSI-Pharmacy/PTDocuments/Roster.pdf,linked from https://www.oregon.gov/oha/HPA/DSI-Pharmacy/Pages/Pharmacy-Therapeutics-Committee.aspx,200,application/pdf,,raw/oregon/oregon__roster-pdf__464f6766b2.pdf,text/oregon/oregon__roster-pdf__464f6766b2.txt
collected_or_attempted,Oregon,https://pharmacy.oregonstate.edu/sitemap.xml,linked from https://pharmacy.oregonstate.edu/research/drug-use-research-management,200,application/xml; charset=utf-8,,raw/oregon/oregon__sitemap-xml__dbb8d4f347.bin,text/oregon/oregon__sitemap-xml__dbb8d4f347.txt
collected_or_attempted,Oregon,https://pharmacy.oregonstate.edu/about/strategic-plan,linked from https://pharmacy.oregonstate.edu/research/drug-use-research-management,200,text/html; charset=UTF-8,,raw/oregon/oregon__strategic-plan__2c98aca014.html,text/oregon/oregon__strategic-plan__2c98aca014.txt
collected_or_attempted,Oregon,https://pharmacy.oregonstate.edu/student-experience,linked from https://pharmacy.oregonstate.edu/research/drug-use-research-management,200,text/html; charset=UTF-8,,raw/oregon/oregon__student-experience__bcf125db76.html,text/oregon/oregon__student-experience__bcf125db76.txt
collected_or_attempted,Oregon,https://pharmacy.oregonstate.edu/research/undergraduate-research-opportunities,linked from https://pharmacy.oregonstate.edu/research/drug-use-research-management,200,text/html; charset=UTF-8,,raw/oregon/oregon__undergraduate-research-opportunities__edbba0a84d.html,text/oregon/oregon__undergraduate-research-opportunities__edbba0a84d.txt
collected_or_attempted,Oregon,https://pharmacy.oregonstate.edu/about/why-osu-pharmacy,linked from https://pharmacy.oregonstate.edu/research/drug-use-research-management,200,text/html; charset=UTF-8,,raw/oregon/oregon__why-osu-pharmacy__a29593a237.html,text/oregon/oregon__why-osu-pharmacy__a29593a237.txt
collected_or_attempted,Pennsylvania,https://www.pa.gov/content/dam/copapwp-pagov/en/dhs/documents/about/dhs-information/documents/2025-09-september-pt-committee-agenda.pdf,seed,200,application/pdf,,raw/pennsylvania/pennsylvania__2025-09-september-pt-committee-agenda-pdf__bfcdf9c608.pdf,text/pennsylvania/pennsylvania__2025-09-september-pt-committee-agenda-pdf__bfcdf9c608.txt
collected_or_attempted,Pennsylvania,https://www.pa.gov/content/dam/copapwp-pagov/en/dhs/documents/providers/pharmacy-services/documents/clinical-guidelines-sw-pdl/2025-prior-auth-guidelines/2026-01-05-analgesics-acute-pain-agents.pdf,seed,200,application/pdf,,raw/pennsylvania/pennsylvania__2026-01-05-analgesics-acute-pain-agents-pdf__f1d5788d9d.pdf,text/pennsylvania/pennsylvania__2026-01-05-analgesics-acute-pain-agents-pdf__f1d5788d9d.txt
collected_or_attempted,Pennsylvania,https://www.pa.gov/agencies/dhs/about,linked from https://www.pa.gov/agencies/dhs/resources/pharmacy-services.html,200,text/html;charset=utf-8,,raw/pennsylvania/pennsylvania__about__ee5bec441e.html,text/pennsylvania/pennsylvania__about__ee5bec441e.txt
collected_or_attempted,Pennsylvania,https://www.pa.gov/agencies,linked from https://www.pa.gov/agencies/dhs/resources/pharmacy-services.html,None,None,URLError: <urlopen error [SSL: UNEXPECTED_EOF_WHILE_READING] EOF occurred in violation of protocol (_ssl.c:1006)>,raw/pennsylvania/pennsylvania__agencies__28fc7554e1.error.txt,text/pennsylvania/pennsylvania__agencies__28fc7554e1.error.txt
collected_or_attempted,Pennsylvania,https://www.pa.gov/agencies,linked from https://www.pa.gov/agencies/dhs/resources/pharmacy-services/preferred-drug-list,200,text/html;charset=utf-8,,raw/pennsylvania/pennsylvania__agencies__28fc7554e1.error.txt,text/pennsylvania/pennsylvania__agencies__28fc7554e1.txt
collected_or_attempted,Pennsylvania,https://www.pa.gov/agencies/dhs/about/benefits-explained,linked from https://www.pa.gov/agencies/dhs/resources/pharmacy-services.html,200,text/html;charset=utf-8,,raw/pennsylvania/pennsylvania__benefits-explained__2ec46a7f98.html,text/pennsylvania/pennsylvania__benefits-explained__2ec46a7f98.txt
collected_or_attempted,Pennsylvania,https://www.pa.gov/agencies/dhs/about/budget-information/block-grants,linked from https://www.pa.gov/agencies/dhs/resources/pharmacy-services.html,200,text/html;charset=utf-8,,raw/pennsylvania/pennsylvania__block-grants__65119a7aea.html,text/pennsylvania/pennsylvania__block-grants__65119a7aea.txt
collected_or_attempted,Pennsylvania,https://www.pa.gov/agencies/dhs/about/budget-information,linked from https://www.pa.gov/agencies/dhs/resources/pharmacy-services.html,200,text/html;charset=utf-8,,raw/pennsylvania/pennsylvania__budget-information__799b0cf53d.html,text/pennsylvania/pennsylvania__budget-information__799b0cf53d.txt
collected_or_attempted,Pennsylvania,https://www.pa.gov/agencies/dhs/contact/cao-information,linked from https://www.pa.gov/agencies/dhs/resources/pharmacy-services.html,200,text/html;charset=utf-8,,raw/pennsylvania/pennsylvania__cao-information__cbfa0fc9e4.html,text/pennsylvania/pennsylvania__cao-information__cbfa0fc9e4.txt
collected_or_attempted,Pennsylvania,https://www.pa.gov/agencies/dhs/contact/child-support-contact,linked from https://www.pa.gov/agencies/dhs/resources/pharmacy-services.html,200,text/html;charset=utf-8,,raw/pennsylvania/pennsylvania__child-support-contact__1aa7682609.html,text/pennsylvania/pennsylvania__child-support-contact__1aa7682609.txt
collected_or_attempted,Pennsylvania,https://www.pa.gov/agencies/dhs/departments-offices/ocyf-info/child-youth-family-service-plan,linked from https://www.pa.gov/agencies/dhs/resources/pharmacy-services/preferred-drug-list,200,text/html;charset=utf-8,,raw/pennsylvania/pennsylvania__child-youth-family-service-plan__69f1462d0c.html,text/pennsylvania/pennsylvania__child-youth-family-service-plan__69f1462d0c.txt
collected_or_attempted,Pennsylvania,https://www.pa.gov/agencies/dhs/contact/compass,linked from https://www.pa.gov/agencies/dhs/resources/pharmacy-services/preferred-drug-list,None,None,URLError: <urlopen error [WinError 10048] Only one usage of each socket address (protocol/network address/port) is normally permitted>,raw/pennsylvania/pennsylvania__compass__9854ed18ed.error.txt,text/pennsylvania/pennsylvania__compass__9854ed18ed.error.txt
collected_or_attempted,Pennsylvania,https://www.pa.gov/agencies/dhs/contact/compass,linked from https://www.pa.gov/agencies/dhs/resources/pharmacy-services.html,200,text/html;charset=utf-8,,raw/pennsylvania/pennsylvania__compass__9854ed18ed.error.txt,text/pennsylvania/pennsylvania__compass__9854ed18ed.txt
collected_or_attempted,Pennsylvania,https://www.pa.gov/agencies/dhs/about/councils-committees/consumer-subcommittee,linked from https://www.pa.gov/agencies/dhs/resources/pharmacy-services.html,200,text/html;charset=utf-8,,raw/pennsylvania/pennsylvania__consumer-subcommittee__a806ae2fdb.html,text/pennsylvania/pennsylvania__consumer-subcommittee__a806ae2fdb.txt
collected_or_attempted,Pennsylvania,https://www.pa.gov/agencies/dhs/contact,linked from https://www.pa.gov/agencies/dhs/resources/pharmacy-services.html,200,text/html;charset=utf-8,,raw/pennsylvania/pennsylvania__contact__8160ba0648.html,text/pennsylvania/pennsylvania__contact__8160ba0648.txt
collected_or_attempted,Pennsylvania,https://www.pa.gov/agencies/dhs/about/councils-committees,linked from https://www.pa.gov/agencies/dhs/resources/pharmacy-services.html,200,text/html;charset=utf-8,,raw/pennsylvania/pennsylvania__councils-committees__33e72e8a09.html,text/pennsylvania/pennsylvania__councils-committees__33e72e8a09.txt
collected_or_attempted,Pennsylvania,https://www.pa.gov/agencies/dhs/about/budget-information/county-hs-plans-block-grant-reports,linked from https://www.pa.gov/agencies/dhs/resources/pharmacy-services.html,200,text/html;charset=utf-8,,raw/pennsylvania/pennsylvania__county-hs-plans-block-grant-reports__c4c91098f8.html,text/pennsylvania/pennsylvania__county-hs-plans-block-grant-reports__c4c91098f8.txt
collected_or_attempted,Pennsylvania,https://www.pa.gov/agencies/dhs/contact/county-mh-id-offices,linked from https://www.pa.gov/agencies/dhs/resources/pharmacy-services.html,200,text/html;charset=utf-8,,raw/pennsylvania/pennsylvania__county-mh-id-offices__f53f9f0e18.html,text/pennsylvania/pennsylvania__county-mh-id-offices__f53f9f0e18.txt
collected_or_attempted,Pennsylvania,https://www.pa.gov/agencies/dhs/departments-offices/ocyf-info/cwis,linked from https://www.pa.gov/agencies/dhs/resources/pharmacy-services/preferred-drug-list,200,text/html;charset=utf-8,,raw/pennsylvania/pennsylvania__cwis__69871659e1.html,text/pennsylvania/pennsylvania__cwis__69871659e1.txt
collected_or_attempted,Pennsylvania,https://www.pa.gov/agencies/dhs/about/dennis-marion-impact-award,linked from https://www.pa.gov/agencies/dhs/resources/pharmacy-services.html,200,text/html;charset=utf-8,,raw/pennsylvania/pennsylvania__dennis-marion-impact-award__1a5af5e4c5.html,text/pennsylvania/pennsylvania__dennis-marion-impact-award__1a5af5e4c5.txt
collected_or_attempted,Pennsylvania,https://www.pa.gov/agencies/dhs/departments-offices,linked from https://www.pa.gov/agencies/dhs/resources/pharmacy-services/preferred-drug-list,200,text/html;charset=utf-8,,raw/pennsylvania/pennsylvania__departments-offices__6d502b101e.html,text/pennsylvania/pennsylvania__departments-offices__6d502b101e.txt
collected_or_attempted,Pennsylvania,https://www.pa.gov/agencies/dhs/about/councils-committees/developmental-disabilities-council,linked from https://www.pa.gov/agencies/dhs/resources/pharmacy-services.html,200,text/html;charset=utf-8,,raw/pennsylvania/pennsylvania__developmental-disabilities-council__15dba47d27.html,text/pennsylvania/pennsylvania__developmental-disabilities-council__15dba47d27.txt
collected_or_attempted,Pennsylvania,https://www.pa.gov/agencies/dhs/about/dhs-disclaimer,linked from https://www.pa.gov/agencies/dhs/resources/pharmacy-services.html,200,text/html;charset=utf-8,,raw/pennsylvania/pennsylvania__dhs-disclaimer__9e3158f993.html,text/pennsylvania/pennsylvania__dhs-disclaimer__9e3158f993.txt
collected_or_attempted,Pennsylvania,https://www.pa.gov/agencies/dhs/departments-offices/dhs-executive-leadership,linked from https://www.pa.gov/agencies/dhs/resources/pharmacy-services/preferred-drug-list,200,text/html;charset=utf-8,,raw/pennsylvania/pennsylvania__dhs-executive-leadership__2db6c1a4bc.html,text/pennsylvania/pennsylvania__dhs-executive-leadership__2db6c1a4bc.txt
collected_or_attempted,Pennsylvania,https://www.pa.gov/agencies/dhs/about/dhs-jobs,linked from https://www.pa.gov/agencies/dhs/resources/pharmacy-services.html,200,text/html;charset=utf-8,,raw/pennsylvania/pennsylvania__dhs-jobs__b388f30585.html,text/pennsylvania/pennsylvania__dhs-jobs__b388f30585.txt
collected_or_attempted,Pennsylvania,https://www.pa.gov/agencies/dhs/contact/dhs-press-office,linked from https://www.pa.gov/agencies/dhs/resources/pharmacy-services.html,200,text/html;charset=utf-8,,raw/pennsylvania/pennsylvania__dhs-press-office__9fe0a20308.html,text/pennsylvania/pennsylvania__dhs-press-office__9fe0a20308.txt
collected_or_attempted,Pennsylvania,https://www.pa.gov/agencies/dhs,linked from https://www.pa.gov/agencies/dhs/resources/pharmacy-services.html,200,text/html;charset=utf-8,,raw/pennsylvania/pennsylvania__dhs__ed2c723815.html,text/pennsylvania/pennsylvania__dhs__ed2c723815.txt
collected_or_attempted,Pennsylvania,https://www.pa.gov/agencies/dhs/about/councils-committees/doula-advisory-board,linked from https://www.pa.gov/agencies/dhs/resources/pharmacy-services.html,200,text/html;charset=utf-8,,raw/pennsylvania/pennsylvania__doula-advisory-board__540df51165.html,text/pennsylvania/pennsylvania__doula-advisory-board__540df51165.txt
collected_or_attempted,Pennsylvania,https://www.pa.gov/agencies/dhs/about/councils-committees/drug-utilization-subcommittee,linked from https://www.pa.gov/agencies/dhs/resources/pharmacy-services.html,200,text/html;charset=utf-8,,raw/pennsylvania/pennsylvania__drug-utilization-subcommittee__1086b837d4.html,text/pennsylvania/pennsylvania__drug-utilization-subcommittee__1086b837d4.txt
collected_or_attempted,Pennsylvania,https://www.pa.gov/agencies/dhs/about/councils-committees/fee-for-service-subcommittee,linked from https://www.pa.gov/agencies/dhs/resources/pharmacy-services.html,200,text/html;charset=utf-8,,raw/pennsylvania/pennsylvania__fee-for-service-subcommittee__88640fd870.html,text/pennsylvania/pennsylvania__fee-for-service-subcommittee__88640fd870.txt
collected_or_attempted,Pennsylvania,https://www.pa.gov/agencies/dhs/contact/feedback,linked from https://www.pa.gov/agencies/dhs/resources/pharmacy-services.html,200,text/html;charset=utf-8,,raw/pennsylvania/pennsylvania__feedback__2e6a79e1b7.html,text/pennsylvania/pennsylvania__feedback__2e6a79e1b7.txt
collected_or_attempted,Pennsylvania,https://www.pa.gov/governor,linked from https://www.pa.gov/agencies/dhs/resources/pharmacy-services.html,200,text/html;charset=utf-8,,raw/pennsylvania/pennsylvania__governor__4e255c9664.html,text/pennsylvania/pennsylvania__governor__4e255c9664.txt
collected_or_attempted,Pennsylvania,https://www.pa.gov/agencies/dhs/about/councils-committees/hcbs-waiver-planning-team,linked from https://www.pa.gov/agencies/dhs/resources/pharmacy-services.html,200,text/html;charset=utf-8,,raw/pennsylvania/pennsylvania__hcbs-waiver-planning-team__5c642c9968.html,text/pennsylvania/pennsylvania__hcbs-waiver-planning-team__5c642c9968.txt
collected_or_attempted,Pennsylvania,https://www.pa.gov/agencies/dhs/contact/helpful-phone-numbers,linked from https://www.pa.gov/agencies/dhs/resources/pharmacy-services.html,200,text/html;charset=utf-8,,raw/pennsylvania/pennsylvania__helpful-phone-numbers__ecdc558349.html,text/pennsylvania/pennsylvania__helpful-phone-numbers__ecdc558349.txt
collected_or_attempted,Pennsylvania,https://www.pa.gov/agencies/dhs/contact/homeless-assistance-contacts,linked from https://www.pa.gov/agencies/dhs/resources/pharmacy-services.html,200,text/html;charset=utf-8,,raw/pennsylvania/pennsylvania__homeless-assistance-contacts__1bd52cf7f1.html,text/pennsylvania/pennsylvania__homeless-assistance-contacts__1bd52cf7f1.txt
collected_or_attempted,Pennsylvania,https://www.pa.gov/agencies/dhs/contact/hsdf-county-contacts,linked from https://www.pa.gov/agencies/dhs/resources/pharmacy-services.html,200,text/html;charset=utf-8,,raw/pennsylvania/pennsylvania__hsdf-county-contacts__d4085129d2.html,text/pennsylvania/pennsylvania__hsdf-county-contacts__d4085129d2.txt
collected_or_attempted,Pennsylvania,https://www.pa.gov/agencies/dhs/about/budget-information/human-services-developmental-fund,linked from https://www.pa.gov/agencies/dhs/resources/pharmacy-services.html,200,text/html;charset=utf-8,,raw/pennsylvania/pennsylvania__human-services-developmental-fund__bd7157d654.html,text/pennsylvania/pennsylvania__human-services-developmental-fund__bd7157d654.txt
collected_or_attempted,Pennsylvania,https://www.pa.gov/agencies/dhs/about/councils-committees/income-maintenance-advisory-committee,linked from https://www.pa.gov/agencies/dhs/resources/pharmacy-services.html,200,text/html;charset=utf-8,,raw/pennsylvania/pennsylvania__income-maintenance-advisory-committee__42c274de2a.html,text/pennsylvania/pennsylvania__income-maintenance-advisory-committee__42c274de2a.txt
collected_or_attempted,Pennsylvania,https://www.pa.gov/agencies/dhs/contact/intellectual-disabilities-contacts,linked from https://www.pa.gov/agencies/dhs/resources/pharmacy-services.html,200,text/html;charset=utf-8,,raw/pennsylvania/pennsylvania__intellectual-disabilities-contacts__fc163b0dcd.html,text/pennsylvania/pennsylvania__intellectual-disabilities-contacts__fc163b0dcd.txt
collected_or_attempted,Pennsylvania,https://www.pa.gov/agencies/dhs/departments-offices/oa-info/language-services,linked from https://www.pa.gov/agencies/dhs/resources/pharmacy-services/preferred-drug-list,200,text/html;charset=utf-8,,raw/pennsylvania/pennsylvania__language-services__0eb3d7005b.html,text/pennsylvania/pennsylvania__language-services__0eb3d7005b.txt
collected_or_attempted,Pennsylvania,https://www.pa.gov/agencies/dhs/about/councils-committees/liheap-advisory-committee,linked from https://www.pa.gov/agencies/dhs/resources/pharmacy-services.html,200,text/html;charset=utf-8,,raw/pennsylvania/pennsylvania__liheap-advisory-committee__194d234318.html,text/pennsylvania/pennsylvania__liheap-advisory-committee__194d234318.txt
collected_or_attempted,Pennsylvania,https://www.pa.gov/agencies/dhs/contact/long-term-care-contacts,linked from https://www.pa.gov/agencies/dhs/resources/pharmacy-services.html,200,text/html;charset=utf-8,,raw/pennsylvania/pennsylvania__long-term-care-contacts__6a14a4187e.html,text/pennsylvania/pennsylvania__long-term-care-contacts__6a14a4187e.txt
collected_or_attempted,Pennsylvania,https://www.pa.gov/agencies/dhs/about/councils-committees/long-term-services-subcommittee,linked from https://www.pa.gov/agencies/dhs/resources/pharmacy-services.html,200,text/html;charset=utf-8,,raw/pennsylvania/pennsylvania__long-term-services-subcommittee__2830a2fc00.html,text/pennsylvania/pennsylvania__long-term-services-subcommittee__2830a2fc00.txt
collected_or_attempted,Pennsylvania,https://www.pa.gov/ltgovernor,linked from https://www.pa.gov/agencies/dhs/resources/pharmacy-services.html,200,text/html;charset=utf-8,,raw/pennsylvania/pennsylvania__ltgovernor__8cf1dedec5.html,text/pennsylvania/pennsylvania__ltgovernor__8cf1dedec5.txt
collected_or_attempted,Pennsylvania,https://www.pa.gov/agencies/dhs/about/councils-committees/maac,linked from https://www.pa.gov/agencies/dhs/resources/pharmacy-services.html,200,text/html;charset=utf-8,,raw/pennsylvania/pennsylvania__maac__63f4569a42.html,text/pennsylvania/pennsylvania__maac__63f4569a42.txt
collected_or_attempted,Pennsylvania,https://www.pa.gov/agencies/dhs/contact/mail-delay,linked from https://www.pa.gov/agencies/dhs/resources/pharmacy-services/preferred-drug-list,200,text/html;charset=utf-8,,raw/pennsylvania/pennsylvania__mail-delay__6e88318971.html,text/pennsylvania/pennsylvania__mail-delay__6e88318971.txt
collected_or_attempted,Pennsylvania,https://www.pa.gov/agencies/dhs/about/councils-committees/managed-care-subcommittee,linked from https://www.pa.gov/agencies/dhs/resources/pharmacy-services.html,200,text/html;charset=utf-8,,raw/pennsylvania/pennsylvania__managed-care-subcommittee__546a3a4ef3.html,text/pennsylvania/pennsylvania__managed-care-subcommittee__546a3a4ef3.txt
collected_or_attempted,Pennsylvania,https://www.pa.gov/agencies/dhs/about/councils-committees/managed-long-term-subcommittee,linked from https://www.pa.gov/agencies/dhs/resources/pharmacy-services.html,200,text/html;charset=utf-8,,raw/pennsylvania/pennsylvania__managed-long-term-subcommittee__6d96060bbe.html,text/pennsylvania/pennsylvania__managed-long-term-subcommittee__6d96060bbe.txt
collected_or_attempted,Pennsylvania,https://www.papdl.com/meeting-information,seed,200,text/html;charset=utf-8,,raw/pennsylvania/pennsylvania__meeting-information__8ac7501804.html,text/pennsylvania/pennsylvania__meeting-information__8ac7501804.txt
collected_or_attempted,Pennsylvania,https://www.pa.gov/agencies/dhs/about/councils-committees/mltss-minutes-archive,linked from https://www.pa.gov/agencies/dhs/resources/pharmacy-services.html,200,text/html;charset=utf-8,,raw/pennsylvania/pennsylvania__mltss-minutes-archive__46f10e03a4.html,text/pennsylvania/pennsylvania__mltss-minutes-archive__46f10e03a4.txt
collected_or_attempted,Pennsylvania,https://www.pa.gov/agencies/dhs/contact/newsletters-listservs,linked from https://www.pa.gov/agencies/dhs/resources/pharmacy-services/preferred-drug-list,200,text/html;charset=utf-8,,raw/pennsylvania/pennsylvania__newsletters-listservs__8d92e88809.html,text/pennsylvania/pennsylvania__newsletters-listservs__8d92e88809.txt
collected_or_attempted,Pennsylvania,https://www.pa.gov/agencies/dhs/departments-offices/oa-info/oa-bureau-administrative-services,linked from https://www.pa.gov/agencies/dhs/resources/pharmacy-services/preferred-drug-list,200,text/html;charset=utf-8,,raw/pennsylvania/pennsylvania__oa-bureau-administrative-services__30db5d19e3.html,text/pennsylvania/pennsylvania__oa-bureau-administrative-services__30db5d19e3.txt
collected_or_attempted,Pennsylvania,https://www.pa.gov/agencies/dhs/departments-offices/oa-info/oa-bureau-equal-opportunity,linked from https://www.pa.gov/agencies/dhs/resources/pharmacy-services/preferred-drug-list,200,text/html;charset=utf-8,,raw/pennsylvania/pennsylvania__oa-bureau-equal-opportunity__988deda2e9.html,text/pennsylvania/pennsylvania__oa-bureau-equal-opportunity__988deda2e9.txt
collected_or_attempted,Pennsylvania,https://www.pa.gov/agencies/dhs/departments-offices/oa-info/oa-bureau-financial-operations,linked from https://www.pa.gov/agencies/dhs/resources/pharmacy-services/preferred-drug-list,200,text/html;charset=utf-8,,raw/pennsylvania/pennsylvania__oa-bureau-financial-operations__a4fb6a7c5b.html,text/pennsylvania/pennsylvania__oa-bureau-financial-operations__a4fb6a7c5b.txt
collected_or_attempted,Pennsylvania,https://www.pa.gov/agencies/dhs/departments-offices/oa-info/oa-bureau-hearings-appeals,linked from https://www.pa.gov/agencies/dhs/resources/pharmacy-services/preferred-drug-list,200,text/html;charset=utf-8,,raw/pennsylvania/pennsylvania__oa-bureau-hearings-appeals__0e532563f3.html,text/pennsylvania/pennsylvania__oa-bureau-hearings-appeals__0e532563f3.txt
collected_or_attempted,Pennsylvania,https://www.pa.gov/agencies/dhs/departments-offices/oa-info/oa-bureau-procurement-contract-management,linked from https://www.pa.gov/agencies/dhs/resources/pharmacy-services/preferred-drug-list,None,None,URLError: <urlopen error [SSL: UNEXPECTED_EOF_WHILE_READING] EOF occurred in violation of protocol (_ssl.c:1006)>,raw/pennsylvania/pennsylvania__oa-bureau-procurement-contract-management__fd7db7d31b.error.txt,text/pennsylvania/pennsylvania__oa-bureau-procurement-contract-management__fd7db7d31b.error.txt
collected_or_attempted,Pennsylvania,https://www.pa.gov/agencies/dhs/departments-offices/oa-info/oa-bureau-program-integrity,linked from https://www.pa.gov/agencies/dhs/resources/pharmacy-services/preferred-drug-list,200,text/html;charset=utf-8,,raw/pennsylvania/pennsylvania__oa-bureau-program-integrity__d67a678566.html,text/pennsylvania/pennsylvania__oa-bureau-program-integrity__d67a678566.txt
collected_or_attempted,Pennsylvania,https://www.pa.gov/agencies/dhs/departments-offices/oa-info,linked from https://www.pa.gov/agencies/dhs/resources/pharmacy-services/preferred-drug-list,200,text/html;charset=utf-8,,raw/pennsylvania/pennsylvania__oa-info__f3c10b72e1.html,text/pennsylvania/pennsylvania__oa-info__f3c10b72e1.txt
collected_or_attempted,Pennsylvania,https://www.pa.gov/agencies/dhs/departments-offices/ocdel-info/ocdel-bureau-certification-services,linked from https://www.pa.gov/agencies/dhs/resources/pharmacy-services/preferred-drug-list,200,text/html;charset=utf-8,,raw/pennsylvania/pennsylvania__ocdel-bureau-certification-services__3a82135b1d.html,text/pennsylvania/pennsylvania__ocdel-bureau-certification-services__3a82135b1d.txt
collected_or_attempted,Pennsylvania,https://www.pa.gov/agencies/dhs/departments-offices/ocdel-info/ocdel-bureau-early-intervention-services-and-family-supports,linked from https://www.pa.gov/agencies/dhs/resources/pharmacy-services/preferred-drug-list,200,text/html;charset=utf-8,,raw/pennsylvania/pennsylvania__ocdel-bureau-early-intervention-services-and-family-supports__7cb61cdd77.html,text/pennsylvania/pennsylvania__ocdel-bureau-early-intervention-services-and-family-supports__7cb61cdd77.txt
collected_or_attempted,Pennsylvania,https://www.pa.gov/agencies/dhs/departments-offices/ocdel-info/ocdel-bureau-policy-professional-development,linked from https://www.pa.gov/agencies/dhs/resources/pharmacy-services/preferred-drug-list,200,text/html;charset=utf-8,,raw/pennsylvania/pennsylvania__ocdel-bureau-policy-professional-development__172bc571e9.html,text/pennsylvania/pennsylvania__ocdel-bureau-policy-professional-development__172bc571e9.txt
collected_or_attempted,Pennsylvania,https://www.pa.gov/agencies/dhs/departments-offices/ocdel-info,linked from https://www.pa.gov/agencies/dhs/resources/pharmacy-services/preferred-drug-list,200,text/html;charset=utf-8,,raw/pennsylvania/pennsylvania__ocdel-info__e226ac5e7c.html,text/pennsylvania/pennsylvania__ocdel-info__e226ac5e7c.txt
collected_or_attempted,Pennsylvania,https://www.pa.gov/agencies/dhs/departments-offices/ocdel-info/ocdel-operations-monitoring,linked from https://www.pa.gov/agencies/dhs/resources/pharmacy-services/preferred-drug-list,200,text/html;charset=utf-8,,raw/pennsylvania/pennsylvania__ocdel-operations-monitoring__cd36e74ea7.html,text/pennsylvania/pennsylvania__ocdel-operations-monitoring__cd36e74ea7.txt
collected_or_attempted,Pennsylvania,https://www.pa.gov/agencies/dhs/departments-offices/ocyf-info/ocyf-bureau-budget-fiscal-support,linked from https://www.pa.gov/agencies/dhs/resources/pharmacy-services/preferred-drug-list,None,None,URLError: <urlopen error timed out>,raw/pennsylvania/pennsylvania__ocyf-bureau-budget-fiscal-support__a0a7df80e0.error.txt,text/pennsylvania/pennsylvania__ocyf-bureau-budget-fiscal-support__a0a7df80e0.error.txt
collected_or_attempted,Pennsylvania,https://www.pa.gov/agencies/dhs/departments-offices/ocyf-info/ocyf-bureau-family-services,linked from https://www.pa.gov/agencies/dhs/resources/pharmacy-services/preferred-drug-list,200,text/html;charset=utf-8,,raw/pennsylvania/pennsylvania__ocyf-bureau-family-services__9eb038b74b.html,text/pennsylvania/pennsylvania__ocyf-bureau-family-services__9eb038b74b.txt
collected_or_attempted,Pennsylvania,https://www.pa.gov/agencies/dhs/departments-offices/ocyf-info/ocyf-bureau-juvenile-justice-services,linked from https://www.pa.gov/agencies/dhs/resources/pharmacy-services/preferred-drug-list,200,text/html;charset=utf-8,,raw/pennsylvania/pennsylvania__ocyf-bureau-juvenile-justice-services__0e87c42ae6.html,text/pennsylvania/pennsylvania__ocyf-bureau-juvenile-justice-services__0e87c42ae6.txt
collected_or_attempted,Pennsylvania,https://www.pa.gov/agencies/dhs/departments-offices/ocyf-info/ocyf-bureau-policy-programs-operations,linked from https://www.pa.gov/agencies/dhs/resources/pharmacy-services/preferred-drug-list,200,text/html;charset=utf-8,,raw/pennsylvania/pennsylvania__ocyf-bureau-policy-programs-operations__8d101143c2.html,text/pennsylvania/pennsylvania__ocyf-bureau-policy-programs-operations__8d101143c2.txt
collected_or_attempted,Pennsylvania,https://www.pa.gov/agencies/dhs/departments-offices/ocyf-info,linked from https://www.pa.gov/agencies/dhs/resources/pharmacy-services/preferred-drug-list,200,text/html;charset=utf-8,,raw/pennsylvania/pennsylvania__ocyf-info__5a1e148c2e.html,text/pennsylvania/pennsylvania__ocyf-info__5a1e148c2e.txt
collected_or_attempted,Pennsylvania,https://www.pa.gov/agencies/dhs/contact/ocyf-regional-offices,linked from https://www.pa.gov/agencies/dhs/resources/pharmacy-services/preferred-drug-list,200,text/html;charset=utf-8,,raw/pennsylvania/pennsylvania__ocyf-regional-offices__2c0ffaafee.html,text/pennsylvania/pennsylvania__ocyf-regional-offices__2c0ffaafee.txt
collected_or_attempted,Pennsylvania,https://www.pa.gov/agencies/dhs/departments-offices/odp-info/odp-bureau-autism-services,linked from https://www.pa.gov/agencies/dhs/resources/pharmacy-services/preferred-drug-list,200,text/html;charset=utf-8,,raw/pennsylvania/pennsylvania__odp-bureau-autism-services__df43190bc9.html,text/pennsylvania/pennsylvania__odp-bureau-autism-services__df43190bc9.txt
collected_or_attempted,Pennsylvania,https://www.pa.gov/agencies/dhs/departments-offices/odp-info/odp-bureau-community-services,linked from https://www.pa.gov/agencies/dhs/resources/pharmacy-services/preferred-drug-list,200,text/html;charset=utf-8,,raw/pennsylvania/pennsylvania__odp-bureau-community-services__9987273543.html,text/pennsylvania/pennsylvania__odp-bureau-community-services__9987273543.txt
collected_or_attempted,Pennsylvania,https://www.pa.gov/agencies/dhs/departments-offices/odp-info/odp-bureau-financial-management-program-support,linked from https://www.pa.gov/agencies/dhs/resources/pharmacy-services/preferred-drug-list,200,text/html;charset=utf-8,,raw/pennsylvania/pennsylvania__odp-bureau-financial-management-program-support__de6c741f23.html,text/pennsylvania/pennsylvania__odp-bureau-financial-management-program-support__de6c741f23.txt
collected_or_attempted,Pennsylvania,https://www.pa.gov/agencies/dhs/departments-offices/odp-info/odp-bureau-policy-quality-management,linked from https://www.pa.gov/agencies/dhs/resources/pharmacy-services/preferred-drug-list,200,text/html;charset=utf-8,,raw/pennsylvania/pennsylvania__odp-bureau-policy-quality-management__49f6546a2c.html,text/pennsylvania/pennsylvania__odp-bureau-policy-quality-management__49f6546a2c.txt
collected_or_attempted,Pennsylvania,https://www.pa.gov/agencies/dhs/departments-offices/odp-info/odp-bureau-state-operated-facilities,linked from https://www.pa.gov/agencies/dhs/resources/pharmacy-services/preferred-drug-list,200,text/html;charset=utf-8,,raw/pennsylvania/pennsylvania__odp-bureau-state-operated-facilities__f2e874d2c4.html,text/pennsylvania/pennsylvania__odp-bureau-state-operated-facilities__f2e874d2c4.txt
collected_or_attempted,Pennsylvania,https://www.pa.gov/agencies/dhs/departments-offices/odp-info,linked from https://www.pa.gov/agencies/dhs/resources/pharmacy-services/preferred-drug-list,200,text/html;charset=utf-8,,raw/pennsylvania/pennsylvania__odp-info__5677e9f9fa.html,text/pennsylvania/pennsylvania__odp-info__5677e9f9fa.txt
collected_or_attempted,Pennsylvania,https://www.pa.gov/agencies/dhs/departments-offices/oim-info/oim-bureau-child-support-enforcement,linked from https://www.pa.gov/agencies/dhs/resources/pharmacy-services/preferred-drug-list,200,text/html;charset=utf-8,,raw/pennsylvania/pennsylvania__oim-bureau-child-support-enforcement__eedabcc914.html,text/pennsylvania/pennsylvania__oim-bureau-child-support-enforcement__eedabcc914.txt
collected_or_attempted,Pennsylvania,https://www.pa.gov/agencies/dhs/departments-offices/oim-info/oim-bureau-employment-programs,linked from https://www.pa.gov/agencies/dhs/resources/pharmacy-services/preferred-drug-list,200,text/html;charset=utf-8,,raw/pennsylvania/pennsylvania__oim-bureau-employment-programs__2fcec1ccbc.html,text/pennsylvania/pennsylvania__oim-bureau-employment-programs__2fcec1ccbc.txt
collected_or_attempted,Pennsylvania,https://www.pa.gov/agencies/dhs/departments-offices/oim-info/oim-bureau-operations,linked from https://www.pa.gov/agencies/dhs/resources/pharmacy-services/preferred-drug-list,200,text/html;charset=utf-8,,raw/pennsylvania/pennsylvania__oim-bureau-operations__ee700cb98f.html,text/pennsylvania/pennsylvania__oim-bureau-operations__ee700cb98f.txt
collected_or_attempted,Pennsylvania,https://www.pa.gov/agencies/dhs/departments-offices/oim-info/oim-bureau-policy,linked from https://www.pa.gov/agencies/dhs/resources/pharmacy-services/preferred-drug-list,200,text/html;charset=utf-8,,raw/pennsylvania/pennsylvania__oim-bureau-policy__44b7dfe4c7.html,text/pennsylvania/pennsylvania__oim-bureau-policy__44b7dfe4c7.txt
collected_or_attempted,Pennsylvania,https://www.pa.gov/agencies/dhs/departments-offices/oim-info/oim-bureau-program-evaluation,linked from https://www.pa.gov/agencies/dhs/resources/pharmacy-services/preferred-drug-list,200,text/html;charset=utf-8,,raw/pennsylvania/pennsylvania__oim-bureau-program-evaluation__517ae19ea4.html,text/pennsylvania/pennsylvania__oim-bureau-program-evaluation__517ae19ea4.txt
collected_or_attempted,Pennsylvania,https://www.pa.gov/agencies/dhs/departments-offices/oim-info,linked from https://www.pa.gov/agencies/dhs/resources/pharmacy-services/preferred-drug-list,200,text/html;charset=utf-8,,raw/pennsylvania/pennsylvania__oim-info__c6998af210.html,text/pennsylvania/pennsylvania__oim-info__c6998af210.txt
collected_or_attempted,Pennsylvania,https://www.pa.gov/agencies/dhs/departments-offices/oa-info/omap-bureau-program-integrity,linked from https://www.pa.gov/agencies/dhs/resources/pharmacy-services/preferred-drug-list,200,text/html;charset=utf-8,,raw/pennsylvania/pennsylvania__omap-bureau-program-integrity__6220240d70.html,text/pennsylvania/pennsylvania__omap-bureau-program-integrity__6220240d70.txt
collected_or_attempted,Pennsylvania,https://www.pa.gov/agencies/dhs/departments-offices/odp-info/pbc-provider-directory,linked from https://www.pa.gov/agencies/dhs/resources/pharmacy-services/preferred-drug-list,200,text/html;charset=utf-8,,raw/pennsylvania/pennsylvania__pbc-provider-directory__8ad7eedf3b.html,text/pennsylvania/pennsylvania__pbc-provider-directory__8ad7eedf3b.txt
collected_or_attempted,Pennsylvania,https://www.pa.gov/agencies/dhs/departments-offices/odp-info/pbc-sco-directory,linked from https://www.pa.gov/agencies/dhs/resources/pharmacy-services/preferred-drug-list,200,text/html;charset=utf-8,,raw/pennsylvania/pennsylvania__pbc-sco-directory__631bbe0910.html,text/pennsylvania/pennsylvania__pbc-sco-directory__631bbe0910.txt
collected_or_attempted,Pennsylvania,https://www.pa.gov/agencies/dhs/about/councils-committees/pharmacy-committee,linked from https://www.pa.gov/agencies/dhs/resources/pharmacy-services.html,200,text/html;charset=utf-8,,raw/pennsylvania/pennsylvania__pharmacy-committee__acc1f782c6.html,text/pennsylvania/pennsylvania__pharmacy-committee__acc1f782c6.txt
collected_or_attempted,Pennsylvania,https://www.pa.gov/agencies/dhs/resources/pharmacy-services.html,seed,200,text/html;charset=utf-8,,raw/pennsylvania/pennsylvania__pharmacy-services-html__b707aaab2c.html,text/pennsylvania/pennsylvania__pharmacy-services-html__b707aaab2c.txt
collected_or_attempted,Pennsylvania,https://www.pa.gov/agencies/dhs/resources/pharmacy-services/preferred-drug-list,seed,None,None,URLError: <urlopen error [WinError 10048] Only one usage of each socket address (protocol/network address/port) is normally permitted>,raw/pennsylvania/pennsylvania__preferred-drug-list__90c0b4916b.error.txt,text/pennsylvania/pennsylvania__preferred-drug-list__90c0b4916b.error.txt
collected_or_attempted,Pennsylvania,https://www.pa.gov/agencies/dhs/resources/pharmacy-services/preferred-drug-list,seed,200,text/html;charset=utf-8,,raw/pennsylvania/pennsylvania__preferred-drug-list__90c0b4916b.error.txt,text/pennsylvania/pennsylvania__preferred-drug-list__90c0b4916b.txt
collected_or_attempted,Pennsylvania,https://www.pa.gov/content/dam/copapwp-pagov/en/dhs/documents/providers/pharmacy-services/documents/PTBy-Laws4%20apprvd%20by%20PT%209-14-21%20FINAL.pdf,seed,200,application/pdf,,raw/pennsylvania/pennsylvania__ptby-laws4-apprvd-by-pt-9-14-21-final-pdf__21618d5e47.pdf,text/pennsylvania/pennsylvania__ptby-laws4-apprvd-by-pt-9-14-21-final-pdf__21618d5e47.txt
collected_or_attempted,Pennsylvania,https://www.pa.gov/agencies/dhs/contact/regional-child-development-offices,linked from https://www.pa.gov/agencies/dhs/resources/pharmacy-services/preferred-drug-list,200,text/html;charset=utf-8,,raw/pennsylvania/pennsylvania__regional-child-development-offices__1f6b4e8e00.html,text/pennsylvania/pennsylvania__regional-child-development-offices__1f6b4e8e00.txt
collected_or_attempted,Pennsylvania,https://www.pa.gov/agencies/dhs/contact/regional-intellectual-developmental-contacts,linked from https://www.pa.gov/agencies/dhs/resources/pharmacy-services/preferred-drug-list,200,text/html;charset=utf-8,,raw/pennsylvania/pennsylvania__regional-intellectual-developmental-contacts__c81e669943.html,text/pennsylvania/pennsylvania__regional-intellectual-developmental-contacts__c81e669943.txt
collected_or_attempted,Pennsylvania,https://www.pa.gov/agencies/dhs/contact/regional-omhsas-contacts,linked from https://www.pa.gov/agencies/dhs/resources/pharmacy-services/preferred-drug-list,200,text/html;charset=utf-8,,raw/pennsylvania/pennsylvania__regional-omhsas-contacts__c8a1dce615.html,text/pennsylvania/pennsylvania__regional-omhsas-contacts__c8a1dce615.txt
collected_or_attempted,Pennsylvania,https://www.pa.gov/agencies/dhs/contact/right-to-know,linked from https://www.pa.gov/agencies/dhs/resources/pharmacy-services/preferred-drug-list,200,text/html;charset=utf-8,,raw/pennsylvania/pennsylvania__right-to-know__21d938b366.html,text/pennsylvania/pennsylvania__right-to-know__21d938b366.txt
collected_or_attempted,Pennsylvania,https://www.pa.gov/services,linked from https://www.pa.gov/agencies/dhs/resources/pharmacy-services.html,None,None,URLError: <urlopen error [WinError 10048] Only one usage of each socket address (protocol/network address/port) is normally permitted>,raw/pennsylvania/pennsylvania__services__b799571ddf.error.txt,text/pennsylvania/pennsylvania__services__b799571ddf.error.txt
collected_or_attempted,Pennsylvania,https://www.pa.gov/services,linked from https://www.pa.gov/agencies/dhs/resources/pharmacy-services/preferred-drug-list,200,text/html;charset=utf-8,,raw/pennsylvania/pennsylvania__services__b799571ddf.error.txt,text/pennsylvania/pennsylvania__services__b799571ddf.txt
collected_or_attempted,Pennsylvania,https://www.pa.gov/agencies/dhs/contact/text-messaging,linked from https://www.pa.gov/agencies/dhs/resources/pharmacy-services/preferred-drug-list,200,text/html;charset=utf-8,,raw/pennsylvania/pennsylvania__text-messaging__9f3b95f250.html,text/pennsylvania/pennsylvania__text-messaging__9f3b95f250.txt
collected_or_attempted,Pennsylvania,https://www.pa.gov/,linked from https://www.pa.gov/agencies/dhs/resources/pharmacy-services.html,200,text/html;charset=utf-8,,raw/pennsylvania/pennsylvania__www-pa-gov__5476ad3e09.html,text/pennsylvania/pennsylvania__www-pa-gov__5476ad3e09.txt
collected_or_attempted,Rhode Island,https://eohhs.ri.gov/providers-partners/provider-manuals-guidelines/medicaid-provider-manual/vision-services/bi-focal,linked from https://eohhs.ri.gov/providers-partners/provider-directories/pharmacy/pharmacy-therapeutics-committee,200,text/html; charset=UTF-8,,raw/rhode-island/rhode-island__bi-focal__f1615b13c9.html,text/rhode-island/rhode-island__bi-focal__f1615b13c9.txt
collected_or_attempted,Rhode Island,https://eohhs.ri.gov/providers-partners/provider-manuals-guidelines/medicaid-provider-manual/durable-medical-equipment,linked from https://eohhs.ri.gov/providers-partners/provider-directories/pharmacy/pharmacy-therapeutics-committee,200,text/html; charset=UTF-8,,raw/rhode-island/rhode-island__durable-medical-equipment__8f7b378973.html,text/rhode-island/rhode-island__durable-medical-equipment__8f7b378973.txt
collected_or_attempted,Rhode Island,https://eohhs.ri.gov/providers-partners/provider-manuals-guidelines/medicaid-provider-manual/vision-services/e-m,linked from https://eohhs.ri.gov/providers-partners/provider-directories/pharmacy/pharmacy-therapeutics-committee,200,text/html; charset=UTF-8,,raw/rhode-island/rhode-island__e-m__3598df3754.html,text/rhode-island/rhode-island__e-m__3598df3754.txt
collected_or_attempted,Rhode Island,https://eohhs.ri.gov/providers-partners/fee-schedules,linked from https://eohhs.ri.gov/providers-partners/provider-directories/pharmacy/pharmacy-therapeutics-committee,200,text/html; charset=UTF-8,,raw/rhode-island/rhode-island__fee-schedules__082ab0055c.html,text/rhode-island/rhode-island__fee-schedules__082ab0055c.txt
collected_or_attempted,Rhode Island,https://eohhs.ri.gov/reference-center/legislative-updates,linked from https://eohhs.ri.gov/providers-partners/provider-directories/pharmacy/pharmacy-therapeutics-committee,200,text/html; charset=UTF-8,,raw/rhode-island/rhode-island__legislative-updates__884bd93c14.html,text/rhode-island/rhode-island__legislative-updates__884bd93c14.txt
collected_or_attempted,Rhode Island,https://eohhs.ri.gov/Medicaid-MAC,linked from https://eohhs.ri.gov/providers-partners/provider-directories/pharmacy/pharmacy-therapeutics-committee,200,text/html; charset=UTF-8,,raw/rhode-island/rhode-island__medicaid-mac__525045ca54.html,text/rhode-island/rhode-island__medicaid-mac__525045ca54.txt
collected_or_attempted,Rhode Island,https://eohhs.ri.gov/sites/g/files/xkgbur226/files/2021-03/mm_apr_14.pdf,linked from https://eohhs.ri.gov/providers-partners/provider-directories/pharmacy/pharmacy-therapeutics-committee,200,application/pdf,,raw/rhode-island/rhode-island__mm-apr-14-pdf__461450f667.pdf,text/rhode-island/rhode-island__mm-apr-14-pdf__461450f667.txt
collected_or_attempted,Rhode Island,https://eohhs.ri.gov/sites/g/files/xkgbur226/files/2021-03/mm_apr_15.pdf,linked from https://eohhs.ri.gov/providers-partners/provider-directories/pharmacy/pharmacy-therapeutics-committee,200,application/pdf,,raw/rhode-island/rhode-island__mm-apr-15-pdf__e03ee2af39.pdf,text/rhode-island/rhode-island__mm-apr-15-pdf__e03ee2af39.txt
collected_or_attempted,Rhode Island,https://eohhs.ri.gov/sites/g/files/xkgbur226/files/2021-03/mm_apr_17.pdf,linked from https://eohhs.ri.gov/providers-partners/provider-directories/pharmacy/pharmacy-therapeutics-committee,200,application/pdf,,raw/rhode-island/rhode-island__mm-apr-17-pdf__c2745ccef6.pdf,text/rhode-island/rhode-island__mm-apr-17-pdf__c2745ccef6.txt
collected_or_attempted,Rhode Island,https://eohhs.ri.gov/sites/g/files/xkgbur226/files/2021-03/mm_apr_18.pdf,linked from https://eohhs.ri.gov/providers-partners/provider-directories/pharmacy/pharmacy-therapeutics-committee,200,application/pdf,,raw/rhode-island/rhode-island__mm-apr-18-pdf__ac5b59eba8.pdf,text/rhode-island/rhode-island__mm-apr-18-pdf__ac5b59eba8.txt
collected_or_attempted,Rhode Island,https://eohhs.ri.gov/sites/g/files/xkgbur226/files/2021-03/mm_apr_19.pdf,linked from https://eohhs.ri.gov/providers-partners/provider-directories/pharmacy/pharmacy-therapeutics-committee,200,application/pdf,,raw/rhode-island/rhode-island__mm-apr-19-pdf__05a4785767.pdf,text/rhode-island/rhode-island__mm-apr-19-pdf__05a4785767.txt
collected_or_attempted,Rhode Island,https://eohhs.ri.gov/sites/g/files/xkgbur226/files/2021-06/mm_apr_21.pdf,linked from https://eohhs.ri.gov/providers-partners/provider-directories/pharmacy/pharmacy-therapeutics-committee,200,application/pdf,,raw/rhode-island/rhode-island__mm-apr-21-pdf__670e59c038.pdf,text/rhode-island/rhode-island__mm-apr-21-pdf__670e59c038.txt
collected_or_attempted,Rhode Island,https://eohhs.ri.gov/sites/g/files/xkgbur226/files/2023-10/mm_apr_22.pdf,linked from https://eohhs.ri.gov/providers-partners/provider-directories/pharmacy/pharmacy-therapeutics-committee,200,application/pdf,,raw/rhode-island/rhode-island__mm-apr-22-pdf__3a18f41215.pdf,text/rhode-island/rhode-island__mm-apr-22-pdf__3a18f41215.txt
collected_or_attempted,Rhode Island,https://eohhs.ri.gov/sites/g/files/xkgbur226/files/2023-06/mm_apr_23.pdf,linked from https://eohhs.ri.gov/providers-partners/provider-directories/pharmacy/pharmacy-therapeutics-committee,200,application/pdf,,raw/rhode-island/rhode-island__mm-apr-23-pdf__de7db89067.pdf,text/rhode-island/rhode-island__mm-apr-23-pdf__de7db89067.txt
collected_or_attempted,Rhode Island,https://eohhs.ri.gov/sites/g/files/xkgbur226/files/2024-08/mm_apr_24.pdf,linked from https://eohhs.ri.gov/providers-partners/provider-directories/pharmacy/pharmacy-therapeutics-committee,200,application/pdf,,raw/rhode-island/rhode-island__mm-apr-24-pdf__ae8d87fad3.pdf,text/rhode-island/rhode-island__mm-apr-24-pdf__ae8d87fad3.txt
collected_or_attempted,Rhode Island,https://eohhs.ri.gov/sites/g/files/xkgbur226/files/2025-07/mm_apr_25.pdf,linked from https://eohhs.ri.gov/providers-partners/provider-directories/pharmacy/pharmacy-therapeutics-committee,200,application/pdf,,raw/rhode-island/rhode-island__mm-apr-25-pdf__6aaecf97a9.pdf,text/rhode-island/rhode-island__mm-apr-25-pdf__6aaecf97a9.txt
collected_or_attempted,Rhode Island,https://eohhs.ri.gov/sites/g/files/xkgbur226/files/2026-05/mm_apr_26.pdf,seed,200,application/pdf,,raw/rhode-island/rhode-island__mm-apr-26-pdf__90b079932d.pdf,text/rhode-island/rhode-island__mm-apr-26-pdf__90b079932d.txt
collected_or_attempted,Rhode Island,https://eohhs.ri.gov/sites/g/files/xkgbur226/files/2021-03/mm_apr12.pdf,linked from https://eohhs.ri.gov/providers-partners/provider-directories/pharmacy/pharmacy-therapeutics-committee,200,application/pdf,,raw/rhode-island/rhode-island__mm-apr12-pdf__2f9c06d483.pdf,text/rhode-island/rhode-island__mm-apr12-pdf__2f9c06d483.txt
collected_or_attempted,Rhode Island,https://eohhs.ri.gov/sites/g/files/xkgbur226/files/2021-03/mm_apr13.pdf,linked from https://eohhs.ri.gov/providers-partners/provider-directories/pharmacy/pharmacy-therapeutics-committee,200,application/pdf,,raw/rhode-island/rhode-island__mm-apr13-pdf__282d0b1556.pdf,text/rhode-island/rhode-island__mm-apr13-pdf__282d0b1556.txt
collected_or_attempted,Rhode Island,https://eohhs.ri.gov/sites/g/files/xkgbur226/files/2021-03/mm_april11.pdf,linked from https://eohhs.ri.gov/providers-partners/provider-directories/pharmacy/pharmacy-therapeutics-committee,200,application/pdf,,raw/rhode-island/rhode-island__mm-april11-pdf__9fd647b5d0.pdf,text/rhode-island/rhode-island__mm-april11-pdf__9fd647b5d0.txt
collected_or_attempted,Rhode Island,https://eohhs.ri.gov/sites/g/files/xkgbur226/files/2021-03/mm_aug_15.pdf,linked from https://eohhs.ri.gov/providers-partners/provider-directories/pharmacy/pharmacy-therapeutics-committee,200,application/pdf,,raw/rhode-island/rhode-island__mm-aug-15-pdf__095c469121.pdf,text/rhode-island/rhode-island__mm-aug-15-pdf__095c469121.txt
collected_or_attempted,Rhode Island,https://eohhs.ri.gov/sites/g/files/xkgbur226/files/2021-03/mm_Aug13.pdf,linked from https://eohhs.ri.gov/providers-partners/provider-directories/pharmacy/pharmacy-therapeutics-committee,200,application/pdf,,raw/rhode-island/rhode-island__mm-aug13-pdf__5af05b44f0.pdf,text/rhode-island/rhode-island__mm-aug13-pdf__5af05b44f0.txt
collected_or_attempted,Rhode Island,https://eohhs.ri.gov/sites/g/files/xkgbur226/files/2021-03/mm_dec_11.pdf,linked from https://eohhs.ri.gov/providers-partners/provider-directories/pharmacy/pharmacy-therapeutics-committee,200,application/pdf,,raw/rhode-island/rhode-island__mm-dec-11-pdf__1beb645bdc.pdf,text/rhode-island/rhode-island__mm-dec-11-pdf__1beb645bdc.txt
collected_or_attempted,Rhode Island,https://eohhs.ri.gov/sites/g/files/xkgbur226/files/2021-03/mm_dec_14.pdf,linked from https://eohhs.ri.gov/providers-partners/provider-directories/pharmacy/pharmacy-therapeutics-committee,200,application/pdf,,raw/rhode-island/rhode-island__mm-dec-14-pdf__a80864a709.pdf,text/rhode-island/rhode-island__mm-dec-14-pdf__a80864a709.txt
collected_or_attempted,Rhode Island,https://eohhs.ri.gov/sites/g/files/xkgbur226/files/2021-03/mm_dec_15.pdf,linked from https://eohhs.ri.gov/providers-partners/provider-directories/pharmacy/pharmacy-therapeutics-committee,200,application/pdf,,raw/rhode-island/rhode-island__mm-dec-15-pdf__6830f0a300.pdf,text/rhode-island/rhode-island__mm-dec-15-pdf__6830f0a300.txt
collected_or_attempted,Rhode Island,https://eohhs.ri.gov/sites/g/files/xkgbur226/files/2021-03/mm_dec_16.pdf,linked from https://eohhs.ri.gov/providers-partners/provider-directories/pharmacy/pharmacy-therapeutics-committee,200,application/pdf,,raw/rhode-island/rhode-island__mm-dec-16-pdf__107c0a460a.pdf,text/rhode-island/rhode-island__mm-dec-16-pdf__107c0a460a.txt
collected_or_attempted,Rhode Island,https://eohhs.ri.gov/sites/g/files/xkgbur226/files/2021-03/mm_dec_17.pdf,linked from https://eohhs.ri.gov/providers-partners/provider-directories/pharmacy/pharmacy-therapeutics-committee,200,application/pdf,,raw/rhode-island/rhode-island__mm-dec-17-pdf__c36933b727.pdf,text/rhode-island/rhode-island__mm-dec-17-pdf__c36933b727.txt
collected_or_attempted,Rhode Island,https://eohhs.ri.gov/sites/g/files/xkgbur226/files/2021-03/mm_dec_18.pdf,linked from https://eohhs.ri.gov/providers-partners/provider-directories/pharmacy/pharmacy-therapeutics-committee,200,application/pdf,,raw/rhode-island/rhode-island__mm-dec-18-pdf__aeaf6a4b3b.pdf,text/rhode-island/rhode-island__mm-dec-18-pdf__aeaf6a4b3b.txt
collected_or_attempted,Rhode Island,https://eohhs.ri.gov/sites/g/files/xkgbur226/files/2021-03/mm_dec_19.pdf,linked from https://eohhs.ri.gov/providers-partners/provider-directories/pharmacy/pharmacy-therapeutics-committee,200,application/pdf,,raw/rhode-island/rhode-island__mm-dec-19-pdf__bff8fdbc73.pdf,text/rhode-island/rhode-island__mm-dec-19-pdf__bff8fdbc73.txt
collected_or_attempted,Rhode Island,https://eohhs.ri.gov/sites/g/files/xkgbur226/files/2021-04/mm_dec_20.pdf,linked from https://eohhs.ri.gov/providers-partners/provider-directories/pharmacy/pharmacy-therapeutics-committee,200,application/pdf,,raw/rhode-island/rhode-island__mm-dec-20-pdf__10c9b27ef7.pdf,text/rhode-island/rhode-island__mm-dec-20-pdf__10c9b27ef7.txt
collected_or_attempted,Rhode Island,https://eohhs.ri.gov/sites/g/files/xkgbur226/files/2022-04/mm_dec_21.pdf,linked from https://eohhs.ri.gov/providers-partners/provider-directories/pharmacy/pharmacy-therapeutics-committee,200,application/pdf,,raw/rhode-island/rhode-island__mm-dec-21-pdf__83b041f1df.pdf,text/rhode-island/rhode-island__mm-dec-21-pdf__83b041f1df.txt
collected_or_attempted,Rhode Island,https://eohhs.ri.gov/sites/g/files/xkgbur226/files/2023-04/mm_dec_22.pdf,linked from https://eohhs.ri.gov/providers-partners/provider-directories/pharmacy/pharmacy-therapeutics-committee,200,application/pdf,,raw/rhode-island/rhode-island__mm-dec-22-pdf__97cae32423.pdf,text/rhode-island/rhode-island__mm-dec-22-pdf__97cae32423.txt
collected_or_attempted,Rhode Island,https://eohhs.ri.gov/sites/g/files/xkgbur226/files/2024-05/mm_dec_23.pdf,linked from https://eohhs.ri.gov/providers-partners/provider-directories/pharmacy/pharmacy-therapeutics-committee,200,application/pdf,,raw/rhode-island/rhode-island__mm-dec-23-pdf__b12181563a.pdf,text/rhode-island/rhode-island__mm-dec-23-pdf__b12181563a.txt
collected_or_attempted,Rhode Island,https://eohhs.ri.gov/sites/g/files/xkgbur226/files/2025-05/mm_dec_24.pdf,linked from https://eohhs.ri.gov/providers-partners/provider-directories/pharmacy/pharmacy-therapeutics-committee,200,application/pdf,,raw/rhode-island/rhode-island__mm-dec-24-pdf__80d14d4c6c.pdf,text/rhode-island/rhode-island__mm-dec-24-pdf__80d14d4c6c.txt
collected_or_attempted,Rhode Island,https://eohhs.ri.gov/sites/g/files/xkgbur226/files/2026-05/mm_dec_25.pdf,seed,200,application/pdf,,raw/rhode-island/rhode-island__mm-dec-25-pdf__f54dfc0e13.pdf,text/rhode-island/rhode-island__mm-dec-25-pdf__f54dfc0e13.txt
collected_or_attempted,Rhode Island,https://eohhs.ri.gov/sites/g/files/xkgbur226/files/2021-03/mm_dec10.pdf,linked from https://eohhs.ri.gov/providers-partners/provider-directories/pharmacy/pharmacy-therapeutics-committee,200,application/pdf,,raw/rhode-island/rhode-island__mm-dec10-pdf__b010d7fef6.pdf,text/rhode-island/rhode-island__mm-dec10-pdf__b010d7fef6.txt
collected_or_attempted,Rhode Island,https://eohhs.ri.gov/sites/g/files/xkgbur226/files/2021-03/mm_dec12.pdf,linked from https://eohhs.ri.gov/providers-partners/provider-directories/pharmacy/pharmacy-therapeutics-committee,200,application/pdf,,raw/rhode-island/rhode-island__mm-dec12-pdf__3230d447e1.pdf,text/rhode-island/rhode-island__mm-dec12-pdf__3230d447e1.txt
collected_or_attempted,Rhode Island,https://eohhs.ri.gov/sites/g/files/xkgbur226/files/2021-03/mm_Dec13.pdf,linked from https://eohhs.ri.gov/providers-partners/provider-directories/pharmacy/pharmacy-therapeutics-committee,200,application/pdf,,raw/rhode-island/rhode-island__mm-dec13-pdf__2328b2ab69.pdf,text/rhode-island/rhode-island__mm-dec13-pdf__2328b2ab69.txt
collected_or_attempted,Rhode Island,https://eohhs.ri.gov/sites/g/files/xkgbur226/files/2021-03/mm_jun_14.pdf,linked from https://eohhs.ri.gov/providers-partners/provider-directories/pharmacy/pharmacy-therapeutics-committee,200,application/pdf,,raw/rhode-island/rhode-island__mm-jun-14-pdf__22d0a42515.pdf,text/rhode-island/rhode-island__mm-jun-14-pdf__22d0a42515.txt
collected_or_attempted,Rhode Island,https://eohhs.ri.gov/sites/g/files/xkgbur226/files/2021-03/mm_jun_15.pdf,linked from https://eohhs.ri.gov/providers-partners/provider-directories/pharmacy/pharmacy-therapeutics-committee,200,application/pdf,,raw/rhode-island/rhode-island__mm-jun-15-pdf__b46a7e0490.pdf,text/rhode-island/rhode-island__mm-jun-15-pdf__b46a7e0490.txt
collected_or_attempted,Rhode Island,https://eohhs.ri.gov/sites/g/files/xkgbur226/files/2021-03/mm_jun_16.pdf,linked from https://eohhs.ri.gov/providers-partners/provider-directories/pharmacy/pharmacy-therapeutics-committee,200,application/pdf,,raw/rhode-island/rhode-island__mm-jun-16-pdf__06e28f3175.pdf,text/rhode-island/rhode-island__mm-jun-16-pdf__06e28f3175.txt
collected_or_attempted,Rhode Island,https://eohhs.ri.gov/sites/g/files/xkgbur226/files/2021-03/mm_jun_17.pdf,linked from https://eohhs.ri.gov/providers-partners/provider-directories/pharmacy/pharmacy-therapeutics-committee,200,application/pdf,,raw/rhode-island/rhode-island__mm-jun-17-pdf__15ab6fb8f6.pdf,text/rhode-island/rhode-island__mm-jun-17-pdf__15ab6fb8f6.txt
collected_or_attempted,Rhode Island,https://eohhs.ri.gov/sites/g/files/xkgbur226/files/2021-03/mm_jun_18.pdf,linked from https://eohhs.ri.gov/providers-partners/provider-directories/pharmacy/pharmacy-therapeutics-committee,200,application/pdf,,raw/rhode-island/rhode-island__mm-jun-18-pdf__4626831592.pdf,text/rhode-island/rhode-island__mm-jun-18-pdf__4626831592.txt
collected_or_attempted,Rhode Island,https://eohhs.ri.gov/sites/g/files/xkgbur226/files/2021-03/mm_jun_19.pdf,linked from https://eohhs.ri.gov/providers-partners/provider-directories/pharmacy/pharmacy-therapeutics-committee,200,application/pdf,,raw/rhode-island/rhode-island__mm-jun-19-pdf__e240e8550c.pdf,text/rhode-island/rhode-island__mm-jun-19-pdf__e240e8550c.txt
collected_or_attempted,Rhode Island,https://eohhs.ri.gov/sites/g/files/xkgbur226/files/2021-03/mm_jun_20.pdf,linked from https://eohhs.ri.gov/providers-partners/provider-directories/pharmacy/pharmacy-therapeutics-committee,200,application/pdf,,raw/rhode-island/rhode-island__mm-jun-20-pdf__3e8826fa52.pdf,text/rhode-island/rhode-island__mm-jun-20-pdf__3e8826fa52.txt
collected_or_attempted,Rhode Island,https://eohhs.ri.gov/sites/g/files/xkgbur226/files/2022-01/mm_jun_21-final.pdf,linked from https://eohhs.ri.gov/providers-partners/provider-directories/pharmacy/pharmacy-therapeutics-committee,200,application/pdf,,raw/rhode-island/rhode-island__mm-jun-21-final-pdf__dd0528df7d.pdf,text/rhode-island/rhode-island__mm-jun-21-final-pdf__dd0528df7d.txt
collected_or_attempted,Rhode Island,https://eohhs.ri.gov/sites/g/files/xkgbur226/files/2022-09/mm_jun_22.pdf,linked from https://eohhs.ri.gov/providers-partners/provider-directories/pharmacy/pharmacy-therapeutics-committee,200,application/pdf,,raw/rhode-island/rhode-island__mm-jun-22-pdf__d9bf6555a5.pdf,text/rhode-island/rhode-island__mm-jun-22-pdf__d9bf6555a5.txt
collected_or_attempted,Rhode Island,https://eohhs.ri.gov/sites/g/files/xkgbur226/files/2023-10/mm_jun_23.pdf,linked from https://eohhs.ri.gov/providers-partners/provider-directories/pharmacy/pharmacy-therapeutics-committee,200,application/pdf,,raw/rhode-island/rhode-island__mm-jun-23-pdf__a3282038f5.pdf,text/rhode-island/rhode-island__mm-jun-23-pdf__a3282038f5.txt
collected_or_attempted,Rhode Island,https://eohhs.ri.gov/sites/g/files/xkgbur226/files/2024-09/mm_jun_24.pdf,linked from https://eohhs.ri.gov/providers-partners/provider-directories/pharmacy/pharmacy-therapeutics-committee,200,application/pdf,,raw/rhode-island/rhode-island__mm-jun-24-pdf__307280049c.pdf,text/rhode-island/rhode-island__mm-jun-24-pdf__307280049c.txt
collected_or_attempted,Rhode Island,https://eohhs.ri.gov/sites/g/files/xkgbur226/files/2025-11/mm_jun_25.pdf,linked from https://eohhs.ri.gov/providers-partners/provider-directories/pharmacy/pharmacy-therapeutics-committee,200,application/pdf,,raw/rhode-island/rhode-island__mm-jun-25-pdf__ff856a0dd8.pdf,text/rhode-island/rhode-island__mm-jun-25-pdf__ff856a0dd8.txt
collected_or_attempted,Rhode Island,https://eohhs.ri.gov/sites/g/files/xkgbur226/files/2021-03/mm_jun09.pdf,linked from https://eohhs.ri.gov/providers-partners/provider-directories/pharmacy/pharmacy-therapeutics-committee,200,application/pdf,,raw/rhode-island/rhode-island__mm-jun09-pdf__e5e72e7146.pdf,text/rhode-island/rhode-island__mm-jun09-pdf__e5e72e7146.txt
collected_or_attempted,Rhode Island,https://eohhs.ri.gov/sites/g/files/xkgbur226/files/2021-03/mm_jun11.pdf,linked from https://eohhs.ri.gov/providers-partners/provider-directories/pharmacy/pharmacy-therapeutics-committee,200,application/pdf,,raw/rhode-island/rhode-island__mm-jun11-pdf__afc0174034.pdf,text/rhode-island/rhode-island__mm-jun11-pdf__afc0174034.txt
collected_or_attempted,Rhode Island,https://eohhs.ri.gov/sites/g/files/xkgbur226/files/2021-03/mm_jun12.pdf,linked from https://eohhs.ri.gov/providers-partners/provider-directories/pharmacy/pharmacy-therapeutics-committee,200,application/pdf,,raw/rhode-island/rhode-island__mm-jun12-pdf__0ad910558b.pdf,text/rhode-island/rhode-island__mm-jun12-pdf__0ad910558b.txt
collected_or_attempted,Rhode Island,https://eohhs.ri.gov/sites/g/files/xkgbur226/files/2021-03/mm_jun13.pdf,linked from https://eohhs.ri.gov/providers-partners/provider-directories/pharmacy/pharmacy-therapeutics-committee,200,application/pdf,,raw/rhode-island/rhode-island__mm-jun13-pdf__7265a1fca3.pdf,text/rhode-island/rhode-island__mm-jun13-pdf__7265a1fca3.txt
collected_or_attempted,Rhode Island,https://eohhs.ri.gov/sites/g/files/xkgbur226/files/2021-03/mm_sept_16.pdf,linked from https://eohhs.ri.gov/providers-partners/provider-directories/pharmacy/pharmacy-therapeutics-committee,200,application/pdf,,raw/rhode-island/rhode-island__mm-sept-16-pdf__c56ae533fd.pdf,text/rhode-island/rhode-island__mm-sept-16-pdf__c56ae533fd.txt
collected_or_attempted,Rhode Island,https://eohhs.ri.gov/sites/g/files/xkgbur226/files/2021-03/mm_sept_17.pdf,linked from https://eohhs.ri.gov/providers-partners/provider-directories/pharmacy/pharmacy-therapeutics-committee,200,application/pdf,,raw/rhode-island/rhode-island__mm-sept-17-pdf__a02f1fca93.pdf,text/rhode-island/rhode-island__mm-sept-17-pdf__a02f1fca93.txt
collected_or_attempted,Rhode Island,https://eohhs.ri.gov/sites/g/files/xkgbur226/files/2021-03/mm_sept_18.pdf,linked from https://eohhs.ri.gov/providers-partners/provider-directories/pharmacy/pharmacy-therapeutics-committee,200,application/pdf,,raw/rhode-island/rhode-island__mm-sept-18-pdf__8f40290c2d.pdf,text/rhode-island/rhode-island__mm-sept-18-pdf__8f40290c2d.txt
collected_or_attempted,Rhode Island,https://eohhs.ri.gov/sites/g/files/xkgbur226/files/2021-03/mm_sept_19.pdf,linked from https://eohhs.ri.gov/providers-partners/provider-directories/pharmacy/pharmacy-therapeutics-committee,200,application/pdf,,raw/rhode-island/rhode-island__mm-sept-19-pdf__f27b68383d.pdf,text/rhode-island/rhode-island__mm-sept-19-pdf__f27b68383d.txt
collected_or_attempted,Rhode Island,https://eohhs.ri.gov/sites/g/files/xkgbur226/files/2021-03/mm_sept_20.pdf,linked from https://eohhs.ri.gov/providers-partners/provider-directories/pharmacy/pharmacy-therapeutics-committee,200,application/pdf,,raw/rhode-island/rhode-island__mm-sept-20-pdf__705cb310e5.pdf,text/rhode-island/rhode-island__mm-sept-20-pdf__705cb310e5.txt
collected_or_attempted,Rhode Island,https://eohhs.ri.gov/sites/g/files/xkgbur226/files/2023-04/mm_sept_22.pdf,linked from https://eohhs.ri.gov/providers-partners/provider-directories/pharmacy/pharmacy-therapeutics-committee,200,application/pdf,,raw/rhode-island/rhode-island__mm-sept-22-pdf__e0683c9358.pdf,text/rhode-island/rhode-island__mm-sept-22-pdf__e0683c9358.txt
collected_or_attempted,Rhode Island,https://eohhs.ri.gov/sites/g/files/xkgbur226/files/2024-01/mm_sept_23.pdf,linked from https://eohhs.ri.gov/providers-partners/provider-directories/pharmacy/pharmacy-therapeutics-committee,200,application/pdf,,raw/rhode-island/rhode-island__mm-sept-23-pdf__5b93404051.pdf,text/rhode-island/rhode-island__mm-sept-23-pdf__5b93404051.txt
collected_or_attempted,Rhode Island,https://eohhs.ri.gov/sites/g/files/xkgbur226/files/2024-12/mm_sept_24.pdf,linked from https://eohhs.ri.gov/providers-partners/provider-directories/pharmacy/pharmacy-therapeutics-committee,200,application/pdf,,raw/rhode-island/rhode-island__mm-sept-24-pdf__1f3c9c8573.pdf,text/rhode-island/rhode-island__mm-sept-24-pdf__1f3c9c8573.txt
collected_or_attempted,Rhode Island,https://eohhs.ri.gov/sites/g/files/xkgbur226/files/2026-01/mm_sept_25.pdf,seed,200,application/pdf,,raw/rhode-island/rhode-island__mm-sept-25-pdf__9adc83c48d.pdf,text/rhode-island/rhode-island__mm-sept-25-pdf__9adc83c48d.txt
collected_or_attempted,Rhode Island,https://eohhs.ri.gov/sites/g/files/xkgbur226/files/2021-03/mm_sept11.pdf,linked from https://eohhs.ri.gov/providers-partners/provider-directories/pharmacy/pharmacy-therapeutics-committee,200,application/pdf,,raw/rhode-island/rhode-island__mm-sept11-pdf__664c4570d5.pdf,text/rhode-island/rhode-island__mm-sept11-pdf__664c4570d5.txt
collected_or_attempted,Rhode Island,https://eohhs.ri.gov/sites/g/files/xkgbur226/files/2021-03/mm_sept12.pdf,linked from https://eohhs.ri.gov/providers-partners/provider-directories/pharmacy/pharmacy-therapeutics-committee,200,application/pdf,,raw/rhode-island/rhode-island__mm-sept12-pdf__cf0e69348f.pdf,text/rhode-island/rhode-island__mm-sept12-pdf__cf0e69348f.txt
collected_or_attempted,Rhode Island,https://eohhs.ri.gov/sites/g/files/xkgbur226/files/2021-03/non_prefered_drug_pa.pdf,linked from https://eohhs.ri.gov/providers-partners/provider-directories/pharmacy/pharmacy-therapeutics-committee,200,application/pdf,,raw/rhode-island/rhode-island__non-prefered-drug-pa-pdf__7241b8b9e6.pdf,text/rhode-island/rhode-island__non-prefered-drug-pa-pdf__7241b8b9e6.txt
collected_or_attempted,Rhode Island,https://opengov.sos.ri.gov/OpenMeetingsPublic/OpenMeetingDashboard?EntityID=2594&MeetingID=1081501&subtopmenuId=201,seed,200,text/html; charset=utf-8,,raw/rhode-island/rhode-island__openmeetingdashboard__c374845efb.html,text/rhode-island/rhode-island__openmeetingdashboard__c374845efb.txt
collected_or_attempted,Rhode Island,https://eohhs.ri.gov/Opioid-Settlement-Advisory-Committee,linked from https://eohhs.ri.gov/providers-partners/provider-directories/pharmacy/pharmacy-therapeutics-committee,200,text/html; charset=UTF-8,,raw/rhode-island/rhode-island__opioid-settlement-advisory-committee__c88c52ee9c.html,text/rhode-island/rhode-island__opioid-settlement-advisory-committee__c88c52ee9c.txt
collected_or_attempted,Rhode Island,https://eohhs.ri.gov/sites/g/files/xkgbur226/files/2026-05/pandt_agenda.pdf,linked from https://eohhs.ri.gov/providers-partners/provider-directories/pharmacy/pharmacy-therapeutics-committee,200,application/pdf,,raw/rhode-island/rhode-island__pandt-agenda-pdf__b5f7b6c6f3.pdf,text/rhode-island/rhode-island__pandt-agenda-pdf__b5f7b6c6f3.txt
collected_or_attempted,Rhode Island,https://eohhs.ri.gov/sites/g/files/xkgbur226/files/2021-03/pandt_bylaws.pdf,linked from https://eohhs.ri.gov/providers-partners/provider-directories/pharmacy/pharmacy-therapeutics-committee,200,application/pdf,,raw/rhode-island/rhode-island__pandt-bylaws-pdf__31be89323a.pdf,text/rhode-island/rhode-island__pandt-bylaws-pdf__31be89323a.txt
collected_or_attempted,Rhode Island,https://eohhs.ri.gov/providers-partners/billing-and-claims/payment-and-processing-schedule,linked from https://eohhs.ri.gov/providers-partners/provider-directories/pharmacy/pharmacy-therapeutics-committee,200,text/html; charset=UTF-8,,raw/rhode-island/rhode-island__payment-and-processing-schedule__18d5402bc7.html,text/rhode-island/rhode-island__payment-and-processing-schedule__18d5402bc7.txt
collected_or_attempted,Rhode Island,https://eohhs.ri.gov/sites/g/files/xkgbur226/files/2026-05/PDL%2005.19.2026.pdf,linked from https://eohhs.ri.gov/providers-partners/provider-directories/pharmacy/pharmacy-therapeutics-committee,200,application/pdf,,raw/rhode-island/rhode-island__pdl-05-19-2026-pdf__6a16195126.pdf,text/rhode-island/rhode-island__pdl-05-19-2026-pdf__6a16195126.txt
collected_or_attempted,Rhode Island,https://eohhs.ri.gov/providers-partners/provider-directories/pharmacy/pharmacy-therapeutics-committee,seed,200,text/html; charset=UTF-8,,raw/rhode-island/rhode-island__pharmacy-therapeutics-committee__ec41d83173.html,text/rhode-island/rhode-island__pharmacy-therapeutics-committee__ec41d83173.txt
collected_or_attempted,Rhode Island,https://eohhs.ri.gov/providers-partners/provider-directories/pharmacy,linked from https://eohhs.ri.gov/providers-partners/provider-directories/pharmacy/pharmacy-therapeutics-committee,200,text/html; charset=UTF-8,,raw/rhode-island/rhode-island__pharmacy__6e6cc9ea7d.html,text/rhode-island/rhode-island__pharmacy__6e6cc9ea7d.txt
collected_or_attempted,Rhode Island,https://eohhs.ri.gov/providers-partners/provider-manuals-guidelines/medicaid-provider-manual/pharmacy,linked from https://eohhs.ri.gov/providers-partners/provider-directories/pharmacy/pharmacy-therapeutics-committee,200,text/html; charset=UTF-8,,raw/rhode-island/rhode-island__pharmacy__e1f0303a3f.html,text/rhode-island/rhode-island__pharmacy__e1f0303a3f.txt
collected_or_attempted,Rhode Island,https://eohhs.ri.gov/providers-partners/provider-manuals-guidelines/medicaid-provider-manual/physician/prior-approval-pa,linked from https://eohhs.ri.gov/providers-partners/provider-directories/pharmacy/pharmacy-therapeutics-committee,200,text/html; charset=UTF-8,,raw/rhode-island/rhode-island__prior-approval-pa__e82a9caa65.html,text/rhode-island/rhode-island__prior-approval-pa__e82a9caa65.txt
collected_or_attempted,Rhode Island,https://eohhs.ri.gov/reference-center/prior-authorization-annual-report,linked from https://eohhs.ri.gov/providers-partners/provider-directories/pharmacy/pharmacy-therapeutics-committee,200,text/html; charset=UTF-8,,raw/rhode-island/rhode-island__prior-authorization-annual-report__eb11b3207d.html,text/rhode-island/rhode-island__prior-authorization-annual-report__eb11b3207d.txt
collected_or_attempted,Rhode Island,https://eohhs.ri.gov/providers-partners/billing-and-claims/prior-authorization,linked from https://eohhs.ri.gov/providers-partners/provider-directories/pharmacy/pharmacy-therapeutics-committee,200,text/html; charset=UTF-8,,raw/rhode-island/rhode-island__prior-authorization__4dc3678225.html,text/rhode-island/rhode-island__prior-authorization__4dc3678225.txt
collected_or_attempted,Rhode Island,https://eohhs.ri.gov/providers-partners/provider-updates,linked from https://eohhs.ri.gov/providers-partners/provider-directories/pharmacy/pharmacy-therapeutics-committee,200,text/html; charset=UTF-8,,raw/rhode-island/rhode-island__provider-updates__fc36130d1c.html,text/rhode-island/rhode-island__provider-updates__fc36130d1c.txt
collected_or_attempted,Rhode Island,https://eohhs.ri.gov/sites/g/files/xkgbur226/files/2025-06/pu389.3.pdf,seed,200,application/pdf,,raw/rhode-island/rhode-island__pu389-3-pdf__355233718b.pdf,text/rhode-island/rhode-island__pu389-3-pdf__355233718b.txt
collected_or_attempted,Rhode Island,https://eohhs.ri.gov/providers-partners/medicaid-managed-care/public-comments,linked from https://eohhs.ri.gov/providers-partners/provider-directories/pharmacy/pharmacy-therapeutics-committee,200,text/html; charset=UTF-8,,raw/rhode-island/rhode-island__public-comments__e84b8525e1.html,text/rhode-island/rhode-island__public-comments__e84b8525e1.txt
collected_or_attempted,Rhode Island,https://eohhs.ri.gov/providers-partners/provider-manuals-guidelines/medicaid-provider-manual/rehabilitative-services-3,linked from https://eohhs.ri.gov/providers-partners/provider-directories/pharmacy/pharmacy-therapeutics-committee,200,text/html; charset=UTF-8,,raw/rhode-island/rhode-island__rehabilitative-services-3__e1b635f809.html,text/rhode-island/rhode-island__rehabilitative-services-3__e1b635f809.txt
collected_or_attempted,Rhode Island,https://eohhs.ri.gov/providers-partners/provider-manuals-guidelines/medicaid-provider-manual/rehabilitative-services-4,linked from https://eohhs.ri.gov/providers-partners/provider-directories/pharmacy/pharmacy-therapeutics-committee,200,text/html; charset=UTF-8,,raw/rhode-island/rhode-island__rehabilitative-services-4__5770aa9a3a.html,text/rhode-island/rhode-island__rehabilitative-services-4__5770aa9a3a.txt
collected_or_attempted,Rhode Island,https://eohhs.ri.gov/providers-partners/provider-manuals-guidelines/medicaid-provider-manual/rehabilitative-services-5,linked from https://eohhs.ri.gov/providers-partners/provider-directories/pharmacy/pharmacy-therapeutics-committee,200,text/html; charset=UTF-8,,raw/rhode-island/rhode-island__rehabilitative-services-5__85a584ef01.html,text/rhode-island/rhode-island__rehabilitative-services-5__85a584ef01.txt
collected_or_attempted,Rhode Island,https://eohhs.ri.gov/ProvidersPartners/GeneralInformation/ProviderDirectories/Pharmacy/RIStateMaximumAllowableCost%28MAC%29List.aspx,linked from https://eohhs.ri.gov/providers-partners/provider-directories/pharmacy/pharmacy-therapeutics-committee,200,text/html; charset=UTF-8,,raw/rhode-island/rhode-island__ristatemaximumallowablecost-mac-list-aspx__888d06a3d6.html,text/rhode-island/rhode-island__ristatemaximumallowablecost-mac-list-aspx__888d06a3d6.txt
collected_or_attempted,Rhode Island,https://eohhs.ri.gov/reference-center/rules-procedures,linked from https://eohhs.ri.gov/providers-partners/provider-directories/pharmacy/pharmacy-therapeutics-committee,200,text/html; charset=UTF-8,,raw/rhode-island/rhode-island__rules-procedures__113005d7ca.html,text/rhode-island/rhode-island__rules-procedures__113005d7ca.txt
collected_or_attempted,Rhode Island,https://eohhs.ri.gov/providers-partners/provider-manuals-guidelines/medicaid-provider-manual/vision-services/single,linked from https://eohhs.ri.gov/providers-partners/provider-directories/pharmacy/pharmacy-therapeutics-committee,200,text/html; charset=UTF-8,,raw/rhode-island/rhode-island__single__52e93b9dbc.html,text/rhode-island/rhode-island__single__52e93b9dbc.txt
collected_or_attempted,Rhode Island,https://eohhs.ri.gov/providers-partners/provider-manuals-guidelines/medicaid-provider-manual/vision-services/surgical,linked from https://eohhs.ri.gov/providers-partners/provider-directories/pharmacy/pharmacy-therapeutics-committee,200,text/html; charset=UTF-8,,raw/rhode-island/rhode-island__surgical__afd46e2ec6.html,text/rhode-island/rhode-island__surgical__afd46e2ec6.txt
collected_or_attempted,Rhode Island,https://eohhs.ri.gov/providers-partners/provider-manuals-guidelines/medicaid-provider-manual/vision-services/trifocal,linked from https://eohhs.ri.gov/providers-partners/provider-directories/pharmacy/pharmacy-therapeutics-committee,200,text/html; charset=UTF-8,,raw/rhode-island/rhode-island__trifocal__44c9dee629.html,text/rhode-island/rhode-island__trifocal__44c9dee629.txt
collected_or_attempted,Rhode Island,https://eohhs.ri.gov/providers-partners/provider-manuals-guidelines/medicaid-provider-manual/vision-services-0,linked from https://eohhs.ri.gov/providers-partners/provider-directories/pharmacy/pharmacy-therapeutics-committee,200,text/html; charset=UTF-8,,raw/rhode-island/rhode-island__vision-services-0__3bfb72dd04.html,text/rhode-island/rhode-island__vision-services-0__3bfb72dd04.txt
collected_or_attempted,South Carolina,https://www.scdhhs.gov/taxonomy/term/65,seed,200,text/html; charset=UTF-8,,raw/south-carolina/south-carolina__65__536d3a2a04.html,text/south-carolina/south-carolina__65__536d3a2a04.txt
collected_or_attempted,South Carolina,https://www.scdhhs.gov/members/annual-reviews,linked from https://www.scdhhs.gov/taxonomy/term/65,200,text/html; charset=UTF-8,,raw/south-carolina/south-carolina__annual-reviews__4a0da113ae.html,text/south-carolina/south-carolina__annual-reviews__4a0da113ae.txt
collected_or_attempted,South Carolina,https://www.scdhhs.gov/partners/committees-and-groups,linked from https://www.scdhhs.gov/taxonomy/term/65,200,text/html; charset=UTF-8,,raw/south-carolina/south-carolina__committees-and-groups__33fe6a2ce2.html,text/south-carolina/south-carolina__committees-and-groups__33fe6a2ce2.txt
collected_or_attempted,South Carolina,https://southcarolina.fhsc.com/druglookup.asp,linked from https://southcarolina.fhsc.com/providers/ptcommittee.asp,200,text/html,,raw/south-carolina/south-carolina__druglookup-asp__e2ee908c88.html,text/south-carolina/south-carolina__druglookup-asp__e2ee908c88.txt
collected_or_attempted,South Carolina,https://www.scdhhs.gov/providers/manuals/durable-medical-equipment-services-manual,linked from https://www.scdhhs.gov/taxonomy/term/65,200,text/html; charset=UTF-8,,raw/south-carolina/south-carolina__durable-medical-equipment-services-manual__a69a300ef3.html,text/south-carolina/south-carolina__durable-medical-equipment-services-manual__a69a300ef3.txt
collected_or_attempted,South Carolina,https://www.scdhhs.gov/providers/fee-schedules,linked from https://www.scdhhs.gov/taxonomy/term/65,200,text/html; charset=UTF-8,,raw/south-carolina/south-carolina__fee-schedules__4d3bf86e7c.html,text/south-carolina/south-carolina__fee-schedules__4d3bf86e7c.txt
collected_or_attempted,South Carolina,https://www.scdhhs.gov/communications/implementation-single-preferred-drug-list,seed,200,text/html; charset=UTF-8,,raw/south-carolina/south-carolina__implementation-single-preferred-drug-list__42370e989b.html,text/south-carolina/south-carolina__implementation-single-preferred-drug-list__42370e989b.txt
collected_or_attempted,South Carolina,https://www.scdhhs.gov/legal/it-privacy-policy,linked from https://www.scdhhs.gov/taxonomy/term/65,200,text/html; charset=UTF-8,,raw/south-carolina/south-carolina__it-privacy-policy__bbc1f00122.html,text/south-carolina/south-carolina__it-privacy-policy__bbc1f00122.txt
collected_or_attempted,South Carolina,https://www.scdhhs.gov/providers/managed-care/managed-care-organizations-mco/managed-care-resources,linked from https://www.scdhhs.gov/taxonomy/term/65,200,text/html; charset=UTF-8,,raw/south-carolina/south-carolina__managed-care-resources__a8e99e74d3.html,text/south-carolina/south-carolina__managed-care-resources__a8e99e74d3.txt
collected_or_attempted,South Carolina,https://www.scdhhs.gov/partners/managed-care/managed-care-organizations-mco/mco-reference-materials,linked from https://www.scdhhs.gov/taxonomy/term/65,200,text/html; charset=UTF-8,,raw/south-carolina/south-carolina__mco-reference-materials__6afa376764.html,text/south-carolina/south-carolina__mco-reference-materials__6afa376764.txt
collected_or_attempted,South Carolina,https://www.scdhhs.gov/partners/reports-and-statistics/medicaid-annual-eligibility-review-dashboard,linked from https://www.scdhhs.gov/taxonomy/term/65,200,text/html; charset=UTF-8,,raw/south-carolina/south-carolina__medicaid-annual-eligibility-review-dashboard__beef827d0a.html,text/south-carolina/south-carolina__medicaid-annual-eligibility-review-dashboard__beef827d0a.txt
collected_or_attempted,South Carolina,https://www.scdhhs.gov/partners/reports-and-statistics/medicaid-enrollment-dashboard/medicaid-enrollment-aged-65-and-older,linked from https://www.scdhhs.gov/taxonomy/term/65,200,text/html; charset=UTF-8,,raw/south-carolina/south-carolina__medicaid-enrollment-aged-65-and-older__a41caaa91c.html,text/south-carolina/south-carolina__medicaid-enrollment-aged-65-and-older__a41caaa91c.txt
collected_or_attempted,South Carolina,https://www.scdhhs.gov/partners/reports-and-statistics/medicaid-enrollment-dashboard/medicaid-enrollment-children,linked from https://www.scdhhs.gov/taxonomy/term/65,200,text/html; charset=UTF-8,,raw/south-carolina/south-carolina__medicaid-enrollment-children__ba062cef9e.html,text/south-carolina/south-carolina__medicaid-enrollment-children__ba062cef9e.txt
collected_or_attempted,South Carolina,https://www.scdhhs.gov/partners/reports-and-statistics/medicaid-enrollment-dashboard,linked from https://www.scdhhs.gov/taxonomy/term/65,200,text/html; charset=UTF-8,,raw/south-carolina/south-carolina__medicaid-enrollment-dashboard__0e00dc2515.html,text/south-carolina/south-carolina__medicaid-enrollment-dashboard__0e00dc2515.txt
collected_or_attempted,South Carolina,https://www.scdhhs.gov/partners/reports-and-statistics/medicaid-enrollment-dashboard/medicaid-enrollment-disabled-adults,linked from https://www.scdhhs.gov/taxonomy/term/65,200,text/html; charset=UTF-8,,raw/south-carolina/south-carolina__medicaid-enrollment-disabled-adults__bce7ab15ae.html,text/south-carolina/south-carolina__medicaid-enrollment-disabled-adults__bce7ab15ae.txt
collected_or_attempted,South Carolina,https://www.scdhhs.gov/partners/reports-and-statistics/medicaid-enrollment-dashboard/medicaid-enrollment-limited-benefits,linked from https://www.scdhhs.gov/taxonomy/term/65,200,text/html; charset=UTF-8,,raw/south-carolina/south-carolina__medicaid-enrollment-limited-benefits__e50c7a1491.html,text/south-carolina/south-carolina__medicaid-enrollment-limited-benefits__e50c7a1491.txt
collected_or_attempted,South Carolina,https://www.scdhhs.gov/partners/reports-and-statistics/medicaid-enrollment-dashboard/medicaid-enrollment-new-applications,linked from https://www.scdhhs.gov/taxonomy/term/65,200,text/html; charset=UTF-8,,raw/south-carolina/south-carolina__medicaid-enrollment-new-applications__8bbdf16549.html,text/south-carolina/south-carolina__medicaid-enrollment-new-applications__8bbdf16549.txt
collected_or_attempted,South Carolina,https://www.scdhhs.gov/partners/reports-and-statistics/medicaid-enrollment-dashboard/medicaid-enrollment-other-adults,linked from https://www.scdhhs.gov/taxonomy/term/65,200,text/html; charset=UTF-8,,raw/south-carolina/south-carolina__medicaid-enrollment-other-adults__032b31ba72.html,text/south-carolina/south-carolina__medicaid-enrollment-other-adults__032b31ba72.txt
collected_or_attempted,South Carolina,https://www.scdhhs.gov/legal/notice-non-discrimination,linked from https://www.scdhhs.gov/taxonomy/term/65,200,text/html; charset=UTF-8,,raw/south-carolina/south-carolina__notice-non-discrimination__cadf156fa2.html,text/south-carolina/south-carolina__notice-non-discrimination__cadf156fa2.txt
collected_or_attempted,South Carolina,https://southcarolina.fhsc.com/downloads/provider/PandTCommittee_Public_Comment.pdf,linked from https://southcarolina.fhsc.com/providers/ptcommittee.asp,200,application/pdf,,raw/south-carolina/south-carolina__pandtcommittee-public-comment-pdf__1db567f0f0.pdf,text/south-carolina/south-carolina__pandtcommittee-public-comment-pdf__1db567f0f0.txt
collected_or_attempted,South Carolina,https://southcarolina.fhsc.com/downloads/provider/PandTCommittee_SpeakerDisclosureDeclarationForm.pdf,linked from https://southcarolina.fhsc.com/providers/ptcommittee.asp,200,application/pdf,,raw/south-carolina/south-carolina__pandtcommittee-speakerdisclosuredeclarationform-pdf__01b4131eba.pdf,text/south-carolina/south-carolina__pandtcommittee-speakerdisclosuredeclarationform-pdf__01b4131eba.txt
collected_or_attempted,South Carolina,https://southcarolina.fhsc.com/providers/pdl.asp,linked from https://southcarolina.fhsc.com/providers/ptcommittee.asp,200,text/html,,raw/south-carolina/south-carolina__pdl-asp__48133d1018.html,text/south-carolina/south-carolina__pdl-asp__48133d1018.txt
collected_or_attempted,South Carolina,https://www.scdhhs.gov/providers/manuals/pharmacy-services-manual,linked from https://www.scdhhs.gov/taxonomy/term/65,200,text/html; charset=UTF-8,,raw/south-carolina/south-carolina__pharmacy-services-manual__f8583248af.html,text/south-carolina/south-carolina__pharmacy-services-manual__f8583248af.txt
collected_or_attempted,South Carolina,https://www.scdhhs.gov/providers/pharmacy,linked from https://www.scdhhs.gov/taxonomy/term/65,200,text/html; charset=UTF-8,,raw/south-carolina/south-carolina__pharmacy__9b71407bac.html,text/south-carolina/south-carolina__pharmacy__9b71407bac.txt
collected_or_attempted,South Carolina,https://www.scdhhs.gov/members/annual-reviews/provider-information,linked from https://www.scdhhs.gov/taxonomy/term/65,200,text/html; charset=UTF-8,,raw/south-carolina/south-carolina__provider-information__d50fe8abc9.html,text/south-carolina/south-carolina__provider-information__d50fe8abc9.txt
collected_or_attempted,South Carolina,https://southcarolina.fhsc.com/providers/ptcommittee.asp,seed,200,text/html,,raw/south-carolina/south-carolina__ptcommittee-asp__12798742f3.html,text/south-carolina/south-carolina__ptcommittee-asp__12798742f3.txt
collected_or_attempted,South Carolina,https://southcarolina.fhsc.com/downloads/provider/PTMinutes_20101103.pdf,linked from https://southcarolina.fhsc.com/providers/ptcommittee.asp,200,application/pdf,,raw/south-carolina/south-carolina__ptminutes-20101103-pdf__b620e556ca.pdf,text/south-carolina/south-carolina__ptminutes-20101103-pdf__b620e556ca.txt
collected_or_attempted,South Carolina,https://southcarolina.fhsc.com/downloads/provider/PTMinutes_20110504.pdf,linked from https://southcarolina.fhsc.com/providers/ptcommittee.asp,200,application/pdf,,raw/south-carolina/south-carolina__ptminutes-20110504-pdf__a975f4c4a2.pdf,text/south-carolina/south-carolina__ptminutes-20110504-pdf__a975f4c4a2.txt
collected_or_attempted,South Carolina,https://southcarolina.fhsc.com/downloads/provider/PTMinutes_20110803.pdf,linked from https://southcarolina.fhsc.com/providers/ptcommittee.asp,200,application/pdf,,raw/south-carolina/south-carolina__ptminutes-20110803-pdf__890d52cbb5.pdf,text/south-carolina/south-carolina__ptminutes-20110803-pdf__890d52cbb5.txt
collected_or_attempted,South Carolina,https://southcarolina.fhsc.com/downloads/provider/PTMinutes_20111102.pdf,linked from https://southcarolina.fhsc.com/providers/ptcommittee.asp,200,application/pdf,,raw/south-carolina/south-carolina__ptminutes-20111102-pdf__0534bf76ad.pdf,text/south-carolina/south-carolina__ptminutes-20111102-pdf__0534bf76ad.txt
collected_or_attempted,South Carolina,https://southcarolina.fhsc.com/downloads/provider/PTMinutes_20120201.pdf,linked from https://southcarolina.fhsc.com/providers/ptcommittee.asp,200,application/pdf,,raw/south-carolina/south-carolina__ptminutes-20120201-pdf__730f6a4c64.pdf,text/south-carolina/south-carolina__ptminutes-20120201-pdf__730f6a4c64.txt
collected_or_attempted,South Carolina,https://southcarolina.fhsc.com/downloads/provider/PTMinutes_20120502.pdf,linked from https://southcarolina.fhsc.com/providers/ptcommittee.asp,200,application/pdf,,raw/south-carolina/south-carolina__ptminutes-20120502-pdf__3d6a281e69.pdf,text/south-carolina/south-carolina__ptminutes-20120502-pdf__3d6a281e69.txt
collected_or_attempted,South Carolina,https://southcarolina.fhsc.com/downloads/provider/PTMinutes_20120801.pdf,linked from https://southcarolina.fhsc.com/providers/ptcommittee.asp,200,application/pdf,,raw/south-carolina/south-carolina__ptminutes-20120801-pdf__fb8548fd09.pdf,text/south-carolina/south-carolina__ptminutes-20120801-pdf__fb8548fd09.txt
collected_or_attempted,South Carolina,https://southcarolina.fhsc.com/downloads/provider/PTMinutes_20121107.pdf,linked from https://southcarolina.fhsc.com/providers/ptcommittee.asp,200,application/pdf,,raw/south-carolina/south-carolina__ptminutes-20121107-pdf__fa9cef2760.pdf,text/south-carolina/south-carolina__ptminutes-20121107-pdf__fa9cef2760.txt
collected_or_attempted,South Carolina,https://southcarolina.fhsc.com/downloads/provider/PTMinutes_20130206.pdf,linked from https://southcarolina.fhsc.com/providers/ptcommittee.asp,200,application/pdf,,raw/south-carolina/south-carolina__ptminutes-20130206-pdf__92f5eddd5e.pdf,text/south-carolina/south-carolina__ptminutes-20130206-pdf__92f5eddd5e.txt
collected_or_attempted,South Carolina,https://southcarolina.fhsc.com/downloads/provider/PTMinutes_20130501.pdf,linked from https://southcarolina.fhsc.com/providers/ptcommittee.asp,200,application/pdf,,raw/south-carolina/south-carolina__ptminutes-20130501-pdf__c0be0fa787.pdf,text/south-carolina/south-carolina__ptminutes-20130501-pdf__c0be0fa787.txt
collected_or_attempted,South Carolina,https://southcarolina.fhsc.com/downloads/provider/PTMinutes_20130807.pdf,linked from https://southcarolina.fhsc.com/providers/ptcommittee.asp,200,application/pdf,,raw/south-carolina/south-carolina__ptminutes-20130807-pdf__a9f74d3b73.pdf,text/south-carolina/south-carolina__ptminutes-20130807-pdf__a9f74d3b73.txt
collected_or_attempted,South Carolina,https://southcarolina.fhsc.com/downloads/provider/PTMinutes_20131106.pdf,linked from https://southcarolina.fhsc.com/providers/ptcommittee.asp,200,application/pdf,,raw/south-carolina/south-carolina__ptminutes-20131106-pdf__0cc11e002e.pdf,text/south-carolina/south-carolina__ptminutes-20131106-pdf__0cc11e002e.txt
collected_or_attempted,South Carolina,https://southcarolina.fhsc.com/downloads/provider/PTMinutes_20140205.pdf,linked from https://southcarolina.fhsc.com/providers/ptcommittee.asp,200,application/pdf,,raw/south-carolina/south-carolina__ptminutes-20140205-pdf__07874c8940.pdf,text/south-carolina/south-carolina__ptminutes-20140205-pdf__07874c8940.txt
collected_or_attempted,South Carolina,https://southcarolina.fhsc.com/downloads/provider/PTMinutes_20140507.pdf,linked from https://southcarolina.fhsc.com/providers/ptcommittee.asp,200,application/pdf,,raw/south-carolina/south-carolina__ptminutes-20140507-pdf__df54b9a1f1.pdf,text/south-carolina/south-carolina__ptminutes-20140507-pdf__df54b9a1f1.txt
collected_or_attempted,South Carolina,https://southcarolina.fhsc.com/downloads/provider/PTMinutes_20140806.pdf,linked from https://southcarolina.fhsc.com/providers/ptcommittee.asp,200,application/pdf,,raw/south-carolina/south-carolina__ptminutes-20140806-pdf__ed22e88594.pdf,text/south-carolina/south-carolina__ptminutes-20140806-pdf__ed22e88594.txt
collected_or_attempted,South Carolina,https://southcarolina.fhsc.com/downloads/provider/PTMinutes_20141105.pdf,linked from https://southcarolina.fhsc.com/providers/ptcommittee.asp,200,application/pdf,,raw/south-carolina/south-carolina__ptminutes-20141105-pdf__02655efa03.pdf,text/south-carolina/south-carolina__ptminutes-20141105-pdf__02655efa03.txt
collected_or_attempted,South Carolina,https://southcarolina.fhsc.com/downloads/provider/PTMinutes_20150401.pdf,linked from https://southcarolina.fhsc.com/providers/ptcommittee.asp,200,application/pdf,,raw/south-carolina/south-carolina__ptminutes-20150401-pdf__0fe855f79a.pdf,text/south-carolina/south-carolina__ptminutes-20150401-pdf__0fe855f79a.txt
collected_or_attempted,South Carolina,https://southcarolina.fhsc.com/downloads/provider/PTMinutes_20150520.pdf,linked from https://southcarolina.fhsc.com/providers/ptcommittee.asp,200,application/pdf,,raw/south-carolina/south-carolina__ptminutes-20150520-pdf__695cc7d46b.pdf,text/south-carolina/south-carolina__ptminutes-20150520-pdf__695cc7d46b.txt
collected_or_attempted,South Carolina,https://southcarolina.fhsc.com/downloads/provider/PTMinutes_20150805.pdf,linked from https://southcarolina.fhsc.com/providers/ptcommittee.asp,200,application/pdf,,raw/south-carolina/south-carolina__ptminutes-20150805-pdf__0445a74daa.pdf,text/south-carolina/south-carolina__ptminutes-20150805-pdf__0445a74daa.txt
collected_or_attempted,South Carolina,https://southcarolina.fhsc.com/downloads/provider/PTMinutes_20151104.pdf,linked from https://southcarolina.fhsc.com/providers/ptcommittee.asp,200,application/pdf,,raw/south-carolina/south-carolina__ptminutes-20151104-pdf__2b99e3f5ae.pdf,text/south-carolina/south-carolina__ptminutes-20151104-pdf__2b99e3f5ae.txt
collected_or_attempted,South Carolina,https://southcarolina.fhsc.com/downloads/provider/PTMinutes_20160203.pdf,linked from https://southcarolina.fhsc.com/providers/ptcommittee.asp,200,application/pdf,,raw/south-carolina/south-carolina__ptminutes-20160203-pdf__3a736becb2.pdf,text/south-carolina/south-carolina__ptminutes-20160203-pdf__3a736becb2.txt
collected_or_attempted,South Carolina,https://southcarolina.fhsc.com/downloads/provider/PTMinutes_20160504.pdf,linked from https://southcarolina.fhsc.com/providers/ptcommittee.asp,200,application/pdf,,raw/south-carolina/south-carolina__ptminutes-20160504-pdf__4c09861904.pdf,text/south-carolina/south-carolina__ptminutes-20160504-pdf__4c09861904.txt
collected_or_attempted,South Carolina,https://southcarolina.fhsc.com/downloads/provider/PTMinutes_20160518.pdf,linked from https://southcarolina.fhsc.com/providers/ptcommittee.asp,200,application/pdf,,raw/south-carolina/south-carolina__ptminutes-20160518-pdf__c914764d84.pdf,text/south-carolina/south-carolina__ptminutes-20160518-pdf__c914764d84.txt
collected_or_attempted,South Carolina,https://southcarolina.fhsc.com/downloads/provider/PTMinutes_20160928.pdf,linked from https://southcarolina.fhsc.com/providers/ptcommittee.asp,200,application/pdf,,raw/south-carolina/south-carolina__ptminutes-20160928-pdf__23717ab0dd.pdf,text/south-carolina/south-carolina__ptminutes-20160928-pdf__23717ab0dd.txt
collected_or_attempted,South Carolina,https://southcarolina.fhsc.com/downloads/provider/PTMinutes_20161102.pdf,linked from https://southcarolina.fhsc.com/providers/ptcommittee.asp,200,application/pdf,,raw/south-carolina/south-carolina__ptminutes-20161102-pdf__21b698405e.pdf,text/south-carolina/south-carolina__ptminutes-20161102-pdf__21b698405e.txt
collected_or_attempted,South Carolina,https://southcarolina.fhsc.com/downloads/provider/PTMinutes_20170503.pdf,linked from https://southcarolina.fhsc.com/providers/ptcommittee.asp,200,application/pdf,,raw/south-carolina/south-carolina__ptminutes-20170503-pdf__160935b482.pdf,text/south-carolina/south-carolina__ptminutes-20170503-pdf__160935b482.txt
collected_or_attempted,South Carolina,https://southcarolina.fhsc.com/downloads/provider/PTMinutes_20170906.pdf,linked from https://southcarolina.fhsc.com/providers/ptcommittee.asp,200,application/pdf,,raw/south-carolina/south-carolina__ptminutes-20170906-pdf__960dea2658.pdf,text/south-carolina/south-carolina__ptminutes-20170906-pdf__960dea2658.txt
collected_or_attempted,South Carolina,https://southcarolina.fhsc.com/downloads/provider/PTMinutes_20171101.pdf,linked from https://southcarolina.fhsc.com/providers/ptcommittee.asp,200,application/pdf,,raw/south-carolina/south-carolina__ptminutes-20171101-pdf__4b20185e01.pdf,text/south-carolina/south-carolina__ptminutes-20171101-pdf__4b20185e01.txt
collected_or_attempted,South Carolina,https://southcarolina.fhsc.com/downloads/provider/PTMinutes_20180606.pdf,linked from https://southcarolina.fhsc.com/providers/ptcommittee.asp,200,application/pdf,,raw/south-carolina/south-carolina__ptminutes-20180606-pdf__cde1279739.pdf,text/south-carolina/south-carolina__ptminutes-20180606-pdf__cde1279739.txt
collected_or_attempted,South Carolina,https://southcarolina.fhsc.com/downloads/provider/PTMinutes_20190306.pdf,linked from https://southcarolina.fhsc.com/providers/ptcommittee.asp,200,application/pdf,,raw/south-carolina/south-carolina__ptminutes-20190306-pdf__893e4611f4.pdf,text/south-carolina/south-carolina__ptminutes-20190306-pdf__893e4611f4.txt
collected_or_attempted,South Carolina,https://southcarolina.fhsc.com/downloads/provider/PTMinutes_20190508.pdf,linked from https://southcarolina.fhsc.com/providers/ptcommittee.asp,200,application/pdf,,raw/south-carolina/south-carolina__ptminutes-20190508-pdf__6dfb4a9ec2.pdf,text/south-carolina/south-carolina__ptminutes-20190508-pdf__6dfb4a9ec2.txt
collected_or_attempted,South Carolina,https://southcarolina.fhsc.com/downloads/provider/PTMinutes_20190807.pdf,linked from https://southcarolina.fhsc.com/providers/ptcommittee.asp,200,application/pdf,,raw/south-carolina/south-carolina__ptminutes-20190807-pdf__531a319223.pdf,text/south-carolina/south-carolina__ptminutes-20190807-pdf__531a319223.txt
collected_or_attempted,South Carolina,https://southcarolina.fhsc.com/downloads/provider/PTMinutes_20191106.pdf,linked from https://southcarolina.fhsc.com/providers/ptcommittee.asp,200,application/pdf,,raw/south-carolina/south-carolina__ptminutes-20191106-pdf__513a3945a1.pdf,text/south-carolina/south-carolina__ptminutes-20191106-pdf__513a3945a1.txt
collected_or_attempted,South Carolina,https://southcarolina.fhsc.com/downloads/provider/PTMinutes_20200205.pdf,linked from https://southcarolina.fhsc.com/providers/ptcommittee.asp,200,application/pdf,,raw/south-carolina/south-carolina__ptminutes-20200205-pdf__536abbac53.pdf,text/south-carolina/south-carolina__ptminutes-20200205-pdf__536abbac53.txt
collected_or_attempted,South Carolina,https://southcarolina.fhsc.com/downloads/provider/PTMinutes_20200506.pdf,linked from https://southcarolina.fhsc.com/providers/ptcommittee.asp,200,application/pdf,,raw/south-carolina/south-carolina__ptminutes-20200506-pdf__179c9a4c8a.pdf,text/south-carolina/south-carolina__ptminutes-20200506-pdf__179c9a4c8a.txt
collected_or_attempted,South Carolina,https://southcarolina.fhsc.com/downloads/provider/PTMinutes_20200805.pdf,linked from https://southcarolina.fhsc.com/providers/ptcommittee.asp,200,application/pdf,,raw/south-carolina/south-carolina__ptminutes-20200805-pdf__cf2316ae77.pdf,text/south-carolina/south-carolina__ptminutes-20200805-pdf__cf2316ae77.txt
collected_or_attempted,South Carolina,https://southcarolina.fhsc.com/downloads/provider/PTMinutes_20201104.pdf,linked from https://southcarolina.fhsc.com/providers/ptcommittee.asp,200,application/pdf,,raw/south-carolina/south-carolina__ptminutes-20201104-pdf__71fbe786f5.pdf,text/south-carolina/south-carolina__ptminutes-20201104-pdf__71fbe786f5.txt
collected_or_attempted,South Carolina,https://southcarolina.fhsc.com/downloads/provider/PTMinutes_20210203.pdf,linked from https://southcarolina.fhsc.com/providers/ptcommittee.asp,200,application/pdf,,raw/south-carolina/south-carolina__ptminutes-20210203-pdf__7727a3efcf.pdf,text/south-carolina/south-carolina__ptminutes-20210203-pdf__7727a3efcf.txt
collected_or_attempted,South Carolina,https://southcarolina.fhsc.com/downloads/provider/PTMinutes_20210505.pdf,linked from https://southcarolina.fhsc.com/providers/ptcommittee.asp,200,application/pdf,,raw/south-carolina/south-carolina__ptminutes-20210505-pdf__01909ccd9d.pdf,text/south-carolina/south-carolina__ptminutes-20210505-pdf__01909ccd9d.txt
collected_or_attempted,South Carolina,https://southcarolina.fhsc.com/downloads/provider/PTMinutes_20210804.pdf,linked from https://southcarolina.fhsc.com/providers/ptcommittee.asp,200,application/pdf,,raw/south-carolina/south-carolina__ptminutes-20210804-pdf__3426d3fe34.pdf,text/south-carolina/south-carolina__ptminutes-20210804-pdf__3426d3fe34.txt
collected_or_attempted,South Carolina,https://southcarolina.fhsc.com/downloads/provider/PTMinutes_20211103.pdf,linked from https://southcarolina.fhsc.com/providers/ptcommittee.asp,200,application/pdf,,raw/south-carolina/south-carolina__ptminutes-20211103-pdf__7eab97f630.pdf,text/south-carolina/south-carolina__ptminutes-20211103-pdf__7eab97f630.txt
collected_or_attempted,South Carolina,https://southcarolina.fhsc.com/downloads/provider/PTMinutes_20220202.pdf,linked from https://southcarolina.fhsc.com/providers/ptcommittee.asp,200,application/pdf,,raw/south-carolina/south-carolina__ptminutes-20220202-pdf__ba4decde58.pdf,text/south-carolina/south-carolina__ptminutes-20220202-pdf__ba4decde58.txt
collected_or_attempted,South Carolina,https://southcarolina.fhsc.com/downloads/provider/PTMinutes_20220504.pdf,linked from https://southcarolina.fhsc.com/providers/ptcommittee.asp,200,application/pdf,,raw/south-carolina/south-carolina__ptminutes-20220504-pdf__c9de03975f.pdf,text/south-carolina/south-carolina__ptminutes-20220504-pdf__c9de03975f.txt
collected_or_attempted,South Carolina,https://southcarolina.fhsc.com/downloads/provider/PTMinutes_20220803.pdf,linked from https://southcarolina.fhsc.com/providers/ptcommittee.asp,200,application/pdf,,raw/south-carolina/south-carolina__ptminutes-20220803-pdf__2c4417ffdb.pdf,text/south-carolina/south-carolina__ptminutes-20220803-pdf__2c4417ffdb.txt
collected_or_attempted,South Carolina,https://southcarolina.fhsc.com/downloads/provider/PTMinutes_20221102.pdf,linked from https://southcarolina.fhsc.com/providers/ptcommittee.asp,200,application/pdf,,raw/south-carolina/south-carolina__ptminutes-20221102-pdf__7e504e52c9.pdf,text/south-carolina/south-carolina__ptminutes-20221102-pdf__7e504e52c9.txt
collected_or_attempted,South Carolina,https://southcarolina.fhsc.com/downloads/provider/PTMinutes_20230201.pdf,linked from https://southcarolina.fhsc.com/providers/ptcommittee.asp,200,application/pdf,,raw/south-carolina/south-carolina__ptminutes-20230201-pdf__cbd26fd4a8.pdf,text/south-carolina/south-carolina__ptminutes-20230201-pdf__cbd26fd4a8.txt
collected_or_attempted,South Carolina,https://southcarolina.fhsc.com/downloads/provider/PTMinutes_20230503.pdf,linked from https://southcarolina.fhsc.com/providers/ptcommittee.asp,200,application/pdf,,raw/south-carolina/south-carolina__ptminutes-20230503-pdf__0c614a8b98.pdf,text/south-carolina/south-carolina__ptminutes-20230503-pdf__0c614a8b98.txt
collected_or_attempted,South Carolina,https://southcarolina.fhsc.com/downloads/provider/PTMinutes_20230802.pdf,linked from https://southcarolina.fhsc.com/providers/ptcommittee.asp,200,application/pdf,,raw/south-carolina/south-carolina__ptminutes-20230802-pdf__4d7c0720a0.pdf,text/south-carolina/south-carolina__ptminutes-20230802-pdf__4d7c0720a0.txt
collected_or_attempted,South Carolina,https://southcarolina.fhsc.com/downloads/provider/PTMinutes_20231101.pdf,linked from https://southcarolina.fhsc.com/providers/ptcommittee.asp,200,application/pdf,,raw/south-carolina/south-carolina__ptminutes-20231101-pdf__8e6c854d14.pdf,text/south-carolina/south-carolina__ptminutes-20231101-pdf__8e6c854d14.txt
collected_or_attempted,South Carolina,https://southcarolina.fhsc.com/downloads/provider/PTMinutes_20240328.pdf,linked from https://southcarolina.fhsc.com/providers/ptcommittee.asp,200,application/pdf,,raw/south-carolina/south-carolina__ptminutes-20240328-pdf__e9cb36186e.pdf,text/south-carolina/south-carolina__ptminutes-20240328-pdf__e9cb36186e.txt
collected_or_attempted,South Carolina,https://southcarolina.fhsc.com/downloads/provider/PTMinutes_20240612.pdf,linked from https://southcarolina.fhsc.com/providers/ptcommittee.asp,200,application/pdf,,raw/south-carolina/south-carolina__ptminutes-20240612-pdf__6b753926d4.pdf,text/south-carolina/south-carolina__ptminutes-20240612-pdf__6b753926d4.txt
collected_or_attempted,South Carolina,https://southcarolina.fhsc.com/downloads/provider/PTMinutes_20240807.pdf,linked from https://southcarolina.fhsc.com/providers/ptcommittee.asp,200,application/pdf,,raw/south-carolina/south-carolina__ptminutes-20240807-pdf__d497b854b9.pdf,text/south-carolina/south-carolina__ptminutes-20240807-pdf__d497b854b9.txt
collected_or_attempted,South Carolina,https://southcarolina.fhsc.com/downloads/provider/PTMinutes_20241106.pdf,linked from https://southcarolina.fhsc.com/providers/ptcommittee.asp,200,application/pdf,,raw/south-carolina/south-carolina__ptminutes-20241106-pdf__df22d73366.pdf,text/south-carolina/south-carolina__ptminutes-20241106-pdf__df22d73366.txt
collected_or_attempted,South Carolina,https://southcarolina.fhsc.com/downloads/provider/PTMinutes_20250205.pdf,linked from https://southcarolina.fhsc.com/providers/ptcommittee.asp,200,application/pdf,,raw/south-carolina/south-carolina__ptminutes-20250205-pdf__ba1b78507a.pdf,text/south-carolina/south-carolina__ptminutes-20250205-pdf__ba1b78507a.txt
collected_or_attempted,South Carolina,https://southcarolina.fhsc.com/downloads/provider/PTMinutes_20250507.pdf,linked from https://southcarolina.fhsc.com/providers/ptcommittee.asp,200,application/pdf,,raw/south-carolina/south-carolina__ptminutes-20250507-pdf__c36d4df94c.pdf,text/south-carolina/south-carolina__ptminutes-20250507-pdf__c36d4df94c.txt
collected_or_attempted,South Carolina,https://southcarolina.fhsc.com/downloads/provider/PTMinutes_20250806.pdf,linked from https://southcarolina.fhsc.com/providers/ptcommittee.asp,200,application/pdf,,raw/south-carolina/south-carolina__ptminutes-20250806-pdf__5cdbc41d98.pdf,text/south-carolina/south-carolina__ptminutes-20250806-pdf__5cdbc41d98.txt
collected_or_attempted,South Carolina,https://southcarolina.fhsc.com/downloads/provider/PTMinutes_20251105.pdf,linked from https://southcarolina.fhsc.com/providers/ptcommittee.asp,200,application/pdf,,raw/south-carolina/south-carolina__ptminutes-20251105-pdf__a53f775144.pdf,text/south-carolina/south-carolina__ptminutes-20251105-pdf__a53f775144.txt
collected_or_attempted,South Carolina,https://southcarolina.fhsc.com/downloads/provider/PTMinutes_20260204.pdf,linked from https://southcarolina.fhsc.com/providers/ptcommittee.asp,200,application/pdf,,raw/south-carolina/south-carolina__ptminutes-20260204-pdf__03cef21d37.pdf,text/south-carolina/south-carolina__ptminutes-20260204-pdf__03cef21d37.txt
collected_or_attempted,South Carolina,https://www.scdhhs.gov/members/annual-reviews/resources,linked from https://www.scdhhs.gov/taxonomy/term/65,200,text/html; charset=UTF-8,,raw/south-carolina/south-carolina__resources__d97e3763d0.html,text/south-carolina/south-carolina__resources__d97e3763d0.txt
collected_or_attempted,South Carolina,https://www.scdhhs.gov/sites/dhhs/files/Revocation%20for%20Authorization%20to%20Disclose%20Health%20Information.pdf,linked from https://www.scdhhs.gov/taxonomy/term/65,200,application/pdf,,raw/south-carolina/south-carolina__revocation-for-authorization-to-disclose-health-information-pdf__27cc414178.pdf,text/south-carolina/south-carolina__revocation-for-authorization-to-disclose-health-information-pdf__27cc414178.txt
collected_or_attempted,South Carolina,https://www.scdhhs.gov/providers/manuals/sc-medicaid-policy-and-procedures-manual,linked from https://www.scdhhs.gov/taxonomy/term/65,200,text/html,,raw/south-carolina/south-carolina__sc-medicaid-policy-and-procedures-manual__5cf1e8cdd4.html,text/south-carolina/south-carolina__sc-medicaid-policy-and-procedures-manual__5cf1e8cdd4.txt
collected_or_attempted,South Carolina,https://www.scdhhs.gov/internet/pdf/SCDHHS%20HIPAA%20AuthorizationtoReleaseInfo%2003_06%20revision.pdf,linked from https://www.scdhhs.gov/taxonomy/term/65,200,application/pdf,,raw/south-carolina/south-carolina__scdhhs-hipaa-authorizationtoreleaseinfo-03-06-revision-pdf__9430300fe5.pdf,text/south-carolina/south-carolina__scdhhs-hipaa-authorizationtoreleaseinfo-03-06-revision-pdf__9430300fe5.txt
collected_or_attempted,South Carolina,https://www.scdhhs.gov/internet/pdf/SCDHHSNoticeofPrivacyPractices080107.pdf,linked from https://www.scdhhs.gov/taxonomy/term/65,200,application/pdf,,raw/south-carolina/south-carolina__scdhhsnoticeofprivacypractices080107-pdf__ecb21a9fec.pdf,text/south-carolina/south-carolina__scdhhsnoticeofprivacypractices080107-pdf__ecb21a9fec.txt
collected_or_attempted,South Carolina,https://www.scdhhs.gov/resources/health-managed-care-plans/healthy-connections-prime/cicos/trainings-and-presentations,linked from https://www.scdhhs.gov/taxonomy/term/65,200,text/html; charset=UTF-8,,raw/south-carolina/south-carolina__trainings-and-presentations__04dc8b9c2d.html,text/south-carolina/south-carolina__trainings-and-presentations__04dc8b9c2d.txt
