review_id,display_name,website,page_title,page_url,screenshot,highlight_count,confidence,reason,snippet
5,Access Infinity Ltd,https://accessinfinity.com/,AI Evidence Management for Market Access | Case study,https://accessinfinity.com/case-studies/ai-evidence-management-market-access/,/Users/justinyu/Desktop/linkedin-posts/output/ispor26_ai_vendor_screenshots/screenshots/access-infinity-ltd/9c0bbf2c87.png,2,high,"Explicit AI language appears with product/offering/service terms in the page title, URL, or captured evidence text.","ng between countries Better usability of global value dossiers and supporting materials Less duplicated effort across markets and teams Access Infinity response Access Infinity implemented Evidence Hub as a centralised, AI-powered platform for evidence management and collaboration. The platform automatically tracks and categorises publications across therapeutic areas and competitors. This allows users to quickly search, filter, and identify relevant evidence. Global value dossiers and key documents were uploaded with AI-driven question-and-answer functionality. Teams can extract precise insights without manually reviewing hundreds "
8,Access Infinity Ltd,https://accessinfinity.com/,Access Infinity Launches Game-Changing AI-Powered Price & HTA Predictions Feature on Nuro Platform,https://accessinfinity.com/news/access-infinity-launches-game-changing-ai-powered-price-hta-predictions-feature-on-nuro-platform/,/Users/justinyu/Desktop/linkedin-posts/output/ispor26_ai_vendor_screenshots/screenshots/access-infinity-ltd/91ea24d5db.png,7,high,"Explicit AI language appears with product/offering/service terms in the page title, URL, or captured evidence text.","ture addresses a critical pain point in pharmaceutical market access, where teams traditionally spend extensive time analysing complex datasets to predict drug pricing strategies and HTA outcomes. By harnessing advanced artificial intelligence, Nuro now transforms intricate drug parameters into clear, actionable insights that enable market access leaders to accelerate their strategies, reduce uncertainty, and make more informed pricing decisions. “In the last 12 months in particular, we’ve seen many Market Access teams make the leap from exploring how they can adopt AI to embracing AI by integrating it into their everyday processes, /  adversely affect certain features and functions. ACCEPT {title} PRIVACY POLICY {title} Skip to the content Skip to content Consulting Products News & Resources About us Contact Us Access Infinity Launches Game-Changing AI-Powered Price & HTA Predictions Feature on Nuro Platform September 1st, 2025 Breakthrough technology transforms months-long market access analysis into minutes. LONDON, UK — 1st September 2025, – Access Infinity today announced the launch of its groundbreaking AI-powered price and HTA (Health Technology Assessment) predictions feature, now available on Nuro, the company’s market access insights platform. This inno"
9,Access Infinity Ltd,https://accessinfinity.com/,Access Infinity Launches JCA Navigator: The AI-Powered Solution to Transform Joint Clinical Assessment (JCA) Strategy,https://accessinfinity.com/news/access-infinity-launches-jca-navigator-the-ai-powered-solution-to-transform-joint-clinical-assessment-jca-strategy/,/Users/justinyu/Desktop/linkedin-posts/output/ispor26_ai_vendor_screenshots/screenshots/access-infinity-ltd/92e9ed894c.png,5,high,"Explicit AI language appears with product/offering/service terms in the page title, URL, or captured evidence text.","may adversely affect certain features and functions. ACCEPT PRIVACY POLICY {title} Skip to the content Skip to content Consulting Products News & Resources About us Contact Us Access Infinity Launches JCA Navigator: The AI-Powered Solution to Transform Joint Clinical Assessment (JCA) Strategy March 3rd, 2025 LONDON, UK — 4th March 2025, – Live from World EPA Congress in Amsterdam, Access Infinity is excited to announce the launch of JCA Navigator, an innovative, AI-powered solution designed to help pharmaceutical companies successfully navigate the EU’s evolving Joint Clinical Assessment (JCA) framework. JCA Navigator enables organi"
10,Access Infinity Ltd,https://accessinfinity.com/,"Revolutionising Evidence Management: Access Infinity Launches Evidence Hub, the AI-Powered Solution for HEOR, Value and Access Teams",https://accessinfinity.com/news/revolutionising-evidence-management-access-infinity-launches-evidence-hub-the-ai-powered-solution-for-heor-value-and-access-teams/,/Users/justinyu/Desktop/linkedin-posts/output/ispor26_ai_vendor_screenshots/screenshots/access-infinity-ltd/5b43f7d7f7.png,3,high,"Explicit AI language appears with product/offering/service terms in the page title, URL, or captured evidence text.","s and functions. ACCEPT PRIVACY POLICY {title} Skip to the content Skip to content Consulting Products News & Resources About us Contact Us Revolutionising Evidence Management: Access Infinity Launches Evidence Hub, the AI-Powered Solution for HEOR, Value and Access Teams November 18th, 2024 LONDON, UK — 18th November 2024, Live from ISPOR Europe in Barcelona, Access Infinity is delighted to announce the launch of Evidence Hub an AI-powered evidence management solution specifically designed to transform how HEOR, value, and access teams manage evidence. This innovative platform is set to solve the most common challenges in evidence "
12,Access Infinity Ltd,https://accessinfinity.com/,The Four Pillars of Evidence Management for HEOR Teams,https://offers.accessinfinity.com/the-four-pillars-of-evidence-management-for-heor-teams,/Users/justinyu/Desktop/linkedin-posts/output/ispor26_ai_vendor_screenshots/screenshots/access-infinity-ltd/324adc1500.png,1,high,"Explicit AI language appears with product/offering/service terms in the page title, URL, or captured evidence text.","alue stories which are shared across the organisation. Access Your Evidence Management Resource Email* Submit Ready to unlock the power of evidence management? Speak to our team of market access experts Discover how our AI-powered solution Evidence Hub helps HEOR and market access professionals streamline evidence management, create compelling value messages, and meet SLR timeframes effectively. Get a personalised consultation Copyright © 2026 Access Infinity. All Rights Reserved."
14,Access Infinity Ltd,https://accessinfinity.com/,AI-powered Price & HTA Predictions: Live Nuro Demo,https://offers.accessinfinity.com/ai-powered-price-hta-predictions-live-nuro-demo,/Users/justinyu/Desktop/linkedin-posts/output/ispor26_ai_vendor_screenshots/screenshots/access-infinity-ltd/7b6e1a1859.png,3,high,"Explicit AI language appears with product/offering/service terms in the page title, URL, or captured evidence text.","rivacy Policy. If you decline, your information won’t be tracked when you visit this website. A single cookie will be used in your browser to remember your preference not to be tracked. AcceptCustomise On-demand webinar AI-powered Price & HTA Predictions: Live Nuro Demo Ready to transform months of complex analysis into minutes of AI-powered insights? Watch our demonstration of Nuro's breakthrough AI feature that revolutionises drug pricing and HTA outcome predictions. See how Early Market Access teams can finally eliminate the lengthy analytical processes that have traditionally slowed strategic decision-making. Delivered by Produc"
20,Amaris Consulting,https://amaris.com/,"Optimizing Software Testing with Amar-AI: A Faster, Smarter Approach",https://amaris.com/insights/amaris-in-action/amar-faster-software-testing/,/Users/justinyu/Desktop/linkedin-posts/output/ispor26_ai_vendor_screenshots/screenshots/amaris-consulting/3ce4a24ce6.png,4,medium,"Explicit AI language appears with product/offering/service terms in the page title, URL, or captured evidence text.","innovative expert system poised to revolutionize the creation and maintenance of software test automation code. Our primary goal is to empower SQA teams with an intelligent support system that harnesses the potential of artificial intelligence. Amar-AI’s core mission is to eliminate the need for manual code programming and significantly expedite the generation of test cases for web applications. Decoding Amar-AI The crux of Amar-AI’s solution lies in its seamless workflow. SQA teams kickstart the process by inputting initial checks they want to conduct in the software (calculation parameters). From there, the system takes the reins,"
22,Amaris Consulting,https://amaris.com/,How AI is Redefining Software Engineering for a Digital Future - Amaris Consulting,https://amaris.com/insights/amaris-in-action/how-ai-is-redefining-software-engineering-for-a-digital-future/,/Users/justinyu/Desktop/linkedin-posts/output/ispor26_ai_vendor_screenshots/screenshots/amaris-consulting/9d5b31eb13.png,6,medium,"Explicit AI language appears with product/offering/service terms in the page title, URL, or captured evidence text.","What we do Centers of Excellence Industries Who we are Partnerships AI Solutions Insights Contact us Careers June 12, 2024 How AI is Redefining Software Engineering for a Digital Future Artificial Intelligence (AI) is revolutionizing software engineering, significantly enhancing the efficiency and quality of production and services. By integrating AI into operations, companies can optimize processes in three key areas: process automation, decision-making assistance, and code quality improvement. At Amaris Consulting’s Digital Solutions Center of Excellence, AI is opening new horizons. It enhances pr /  they mainly enhance developers’ capabilities rather than replace them. These tools automate repetitive tasks like running tests or managing data entry, allowing developers to focus on complex, creative problem-solving. Machine learning models enable developers to predict potential issues before they arise, ensuring applications are more robust. This predictive capability helps identify hidden faults, significantly reducing the risk of costly errors. Additionally, AI systems provide real-time feedback on code quality, speeding up the process by minimizing lengthy debugging sessions. The economic impact of integrating AI into softwar"
31,Amaris Consulting,https://amaris.com/,RPA and AI: Welcome to Smart Automation,https://amaris.com/insights/spotlight/rpa-ai-welcome-smart-automation/,/Users/justinyu/Desktop/linkedin-posts/output/ispor26_ai_vendor_screenshots/screenshots/amaris-consulting/2d7767b6eb.png,12,medium,"Explicit AI language appears with product/offering/service terms in the page title, URL, or captured evidence text.","omation A Spotlight by Sergio Galvis, Senior Consultant & RPA Manager at Amaris Consulting In the 21st century, the concept of ‘work’ has changed and so has the way we perform day-to-day tasks. Together with the rise of artificial intelligence, Robotic Process Automation (RPA) technology has the potential to make business processes smarter and more efficient. Nowadays, many jobs can benefit from being automated: rather than ‘replacing’ human beings, the aim is to optimize tasks in order to free up time for people to spend on higher value-add tasks. This is how the term “artificial intelligence (AI)” became popular. What is artificia"
39,Amaris Consulting,https://amaris.com/,Generative AI in Cybersecurity: Built to Protect. Used to Attack.,https://amaris.com/insights/viewpoint/generative-ai-in-cybersecurity/,/Users/justinyu/Desktop/linkedin-posts/output/ispor26_ai_vendor_screenshots/screenshots/amaris-consulting/cc664d0a56.png,6,high,"Explicit AI language appears with product/offering/service terms in the page title, URL, or captured evidence text.","What we do Centers of Excellence Industries Who we are Partnerships AI Solutions Insights Contact us Careers May 30, 2025 Generative AI in Cybersecurity: Built to Protect. Used to Attack. Viewpoint by Francesco F., Risk Manager at Amaris Consulting Let’s be honest: the pace of change in cybersecurity can feel overwhelming. Every week brings a new headline, a new tool, a new threat. And now, generative AI has entered the picture as a real and growing force on both sides of the cybersecurity battle. AI is helping us detect and respond to  / . It’s a culture. Employees must learn to question what looks real. To slow down. To speak up. Cyber resilience is more than a firewall At Amaris, we believe real security is proactive, not reactive. That means blending AI-powered monitoring with human training, scenario planning, and ethical frameworks. We’re helping clients reimagine cybersecurity not as a set of tools, but as a mindset. We analyze risks before they erupt. We train teams to spot manipulation, even when it sounds familiar. And we embed digital resilience into the DNA of the business. AI didn’t change the rules, it rewrote the game Cybersecurity has entered a new ph"
40,Amaris Consulting,https://amaris.com/,The start of a new era in Banking: Generative AI's Resonance in Banking Today - Amaris Consulting,https://amaris.com/insights/viewpoint/generative-ais-in-banking/,/Users/justinyu/Desktop/linkedin-posts/output/ispor26_ai_vendor_screenshots/screenshots/amaris-consulting/ee932b0fbc.png,10,high,"Explicit AI language appears with product/offering/service terms in the page title, URL, or captured evidence text.","y 60% of users embracing digital banking in Europe in 2022, digital platforms have become the new norm, transcending generational boundaries. In this context of rapid change and growing customer expectations, Generative Artificial Intelligence (AI) emerges as a beacon. It does not only provide solutions; it offers a glimpse into the future of banking innovation, particularly in software development and maintenance. Beyond speed In the dynamic realm of software development, Generative AI unfolds significant advantages, fundamentally reshaping how the banking sector approaches its technological infrastructure. A standout use case lies / What we do Centers of Excellence Industries Who we are Partnerships AI Solutions Insights Contact us Careers November 28, 2023 The start of a new era in Banking: Generative AI’s Resonance in Banking Today A viewpoint by Ilhan I., Experienced Consultant at Amaris Consulting The banking industry, a stalwart of tradition and stability, finds itself at the cusp of a transformative era propelled by the relentless pace of technological advancement. While the fusion of technology and finance is not a new concept, the digital age, powered by the internet, smartphones, and advanced ma"
84,Arcadia.io,https://arcadia.io/,Healthcare BI Data Platform | Arcadia,https://arcadia.io/platform,/Users/justinyu/Desktop/linkedin-posts/output/ispor26_ai_vendor_screenshots/screenshots/arcadia-io/c5c1ec713a.png,1,high,"Explicit AI language appears with product/offering/service terms in the page title, URL, or captured evidence text.","lue-based care contracts effortlessly with Arcadia’s Contract IQ Arcadia Point-of-care Insights Find health insights at the point of care using your existing EHR workflows Arcadia Engage Automate patient engagement with AI-powered care management tools Arcadia Foundry Healthcare data model built by analysts, for analysts Arcadia HCC Risk Suspecting App HCC risk suspecting software integrated with Epic for risk adjustment Arcadia Patient Registry Quickly build cohorts, stratify patients, and close more gaps Arcadia Referrals Data-driven physician referral management for healthcare organizations Arcadia SDoH Package Improve health out"
98,Arcadia.io,https://arcadia.io/,Healthcare BI Data Platform | Arcadia,https://arcadia.io/platform/,/Users/justinyu/Desktop/linkedin-posts/output/ispor26_ai_vendor_screenshots/screenshots/arcadia-io/d225727fc6.png,1,high,"Explicit AI language appears with product/offering/service terms in the page title, URL, or captured evidence text.","lue-based care contracts effortlessly with Arcadia’s Contract IQ Arcadia Point-of-care Insights Find health insights at the point of care using your existing EHR workflows Arcadia Engage Automate patient engagement with AI-powered care management tools Arcadia Foundry Healthcare data model built by analysts, for analysts Arcadia HCC Risk Suspecting App HCC risk suspecting software integrated with Epic for risk adjustment Arcadia Patient Registry Quickly build cohorts, stratify patients, and close more gaps Arcadia Referrals Data-driven physician referral management for healthcare organizations Arcadia SDoH Package Improve health out"
160,Castor,https://www.castoredc.com/,Castor Launches Castor CoPilot: A Novel AI tool,https://www.castoredc.com/news/castor-introduces-castor-copilot-a-novel-ai-solution-for-clinical-trials/,/Users/justinyu/Desktop/linkedin-posts/output/ispor26_ai_vendor_screenshots/screenshots/castor/8e400764cd.png,1,medium,"Explicit AI language appears with product/offering/service terms in the page title, URL, or captured evidence text.",
175,"Certara, L.P.",https://www.certara.com/,CERTARA BRINGS ASIA-PACIFIC DRUG DEVELOPMENT LEADERS TOGETHER AT CERTAINTY Conference. | Certara,https://www.certara.com/announcement/certara-brings-asia-pacific-drug-development-leaders-together-at-certainty-conference/,/Users/justinyu/Desktop/linkedin-posts/output/ispor26_ai_vendor_screenshots/screenshots/certara-l-p/e8539c3ac5.png,8,medium,"Explicit AI language appears with product/offering/service terms in the page title, URL, or captured evidence text.","s are designed for pharmacometricians, clinical pharmacologists, regulatory science professionals, biostatisticians, and data scientists. Certainty APAC will explore the latest trends in biosimulation, drug development, generative AI solutions for regulatory writing, and more. The events are currently fully subscribed. Featured sessions from Certara experts include: Biosimulation at scale: Industrializing quantitative systems pharmacology to guide drug-development decision-making by John M. Burke, PhD, VP, Global Head of ABM Scientific Affairs, Certara How PBPK Help Accelerate Your Drug Development – Case Studies by Noriko Okudaira,"
177,"Certara, L.P.",https://www.certara.com/,Certara enhances CODEX Clinical Outcome Analytics Platform with AI | Certara,https://www.certara.com/announcement/certara-enhances-codex-clinical-outcome-analytics-platform-with-ai/,/Users/justinyu/Desktop/linkedin-posts/output/ispor26_ai_vendor_screenshots/screenshots/certara-l-p/786be46267.png,11,medium,"Explicit AI language appears with product/offering/service terms in the page title, URL, or captured evidence text.","ta fabric architecture allows users to seamlessly connect multiple first, second and third-party party databases leveraging existing data storage. Advanced Search and Unstructured Data Analysis – Powerful deep learning, large language models and generative pre-trained transformers (GPTs) enable users to quickly query and extract insights from unstructured documents, published research and other literature-based content. Intuitive Interface – The intuitive CODEX Analytics App user interface streamlines the visualization and analysis of clinical outcomes data, allowing users to gain rich insights to inform drug and overall trial perfo / ta fabric architecture allows users to seamlessly connect multiple first, second and third-party party databases leveraging existing data storage. Advanced Search and Unstructured Data Analysis – Powerful deep learning, large language models and generative pre-trained transformers (GPTs) enable users to quickly query and extract insights from unstructured documents, published research and other literature-based content. Intuitive Interface – The intuitive CODEX Analytics App user interface streamlines the visualization and analysis of clinical outcomes data, allowing users to gain rich insights to inform drug and overall trial perfo"
179,"Certara, L.P.",https://www.certara.com/,Certara Head of AI Recognized in PharmaVoice 100 | Certara,https://www.certara.com/announcement/certara-head-of-ai-recognized-in-pharmavoice-100/,/Users/justinyu/Desktop/linkedin-posts/output/ispor26_ai_vendor_screenshots/screenshots/certara-l-p/d45667846b.png,8,high,"Explicit AI language appears with product/offering/service terms in the page title, URL, or captured evidence text.","any Contact Us Login search Home / Announcement / Certara Head of AI Recognized in PharmaVoice 100 Certara Head of AI Recognized in PharmaVoice 100 October 10, 2024 Certara’s Senior Vice President, Chris Bouton, Head of Artificial Intelligence recognized for his technical innovation, entrepreneurship, and leadership. RADNOR, Pa. — October 10, 2024 – Certara, Inc. (Nasdaq: CERT), a global leader in model-informed drug development (MIDD), today announced that Chris Bouton, Ph.D., Senior Vice President, Head of Artificial Intelligence (AI), has been recognized as an industry leader by the 2024 PharmaVoice 100. Dr. Bouton has dedicated  / ndividuals from all sectors of life sciences. These honorees, from the clinic to the C-suite, are making meaningful contributions to their fields and striving to improve outcomes for patients around the world. Certara’s AI-powered solutions can be used to accelerate drug development timelines, enhance clinical trial design, and improve the quality of regulatory submissions. Click here for more information on Certara.AI. About PharmaVoice PharmaVoice is a leading industry publication operated by Industry Dive. Our stories deliver the most important voices and ideas in the life sciences to industry leaders. About Certara Certara accel"
180,"Certara, L.P.",https://www.certara.com/,"Certara Introduces Certara.AI, the Life Sciences Specialized GPT Platform | Certara",https://www.certara.com/announcement/certara-introduces-certara-ai-the-life-sciences-specialized-gpt-platform/,/Users/justinyu/Desktop/linkedin-posts/output/ispor26_ai_vendor_screenshots/screenshots/certara-l-p/18e9377633.png,5,medium,"Explicit AI language appears with product/offering/service terms in the page title, URL, or captured evidence text.",
182,"Certara, L.P.",https://www.certara.com/,Major Release of Certara GlobalSubmit™ Software Enhances the Regulatory Submission Process | Certara,https://www.certara.com/announcement/major-release-of-certara-globalsubmit-software-enhances-the-regulatory-submission-process/,/Users/justinyu/Desktop/linkedin-posts/output/ispor26_ai_vendor_screenshots/screenshots/certara-l-p/c06e035824.png,6,high,"Explicit AI language appears with product/offering/service terms in the page title, URL, or captured evidence text.","ions. “Certara solutions support customers throughout the entire drug development lifecycle,” said William Feehery, CEO at Certara. “The latest version of GlobalSubmit, especially when combined with CoAuthor™, Certara’s generative AI-enabled regulatory writing platform, helps clients avoid risks and unnecessary delays during the submission process.” The latest version of GlobalSubmit includes updated granularity, context groups, and re-used files. In addition to the GlobalSubmit software, Certara’s expert regulatory operations team provides the assurance needed to navigate the new standard seamlessly. The FDA is the second regulator / ara solutions support customers throughout the entire drug development lifecycle,” said William Feehery, CEO at Certara. “The latest version of GlobalSubmit, especially when combined with CoAuthor™, Certara’s generative AI-enabled regulatory writing platform, helps clients avoid risks and unnecessary delays during the submission process.” The latest version of GlobalSubmit includes updated granularity, context groups, and re-used files. In addition to the GlobalSubmit software, Certara’s expert regulatory operations team provides the assurance needed to navigate the new standard seamlessly. The FDA is the second regulatory authority"
184,"Certara, L.P.",https://www.certara.com/,Certara’s AI Answer to Medical Writing Challenges in Pharma | Certara,https://www.certara.com/article/certaras-ai-answer-to-medical-writing-challenges-in-pharma/,/Users/justinyu/Desktop/linkedin-posts/output/ispor26_ai_vendor_screenshots/screenshots/certara-l-p/d35504c58f.png,7,medium,"Explicit AI language appears with product/offering/service terms in the page title, URL, or captured evidence text.","formers (GPTs) can generate human-like text but have limitations such as hallucinating wrong information and lacking domain-specific knowledge. Certara has introduced CoAuthor, an advanced writing platform that combines generative AI technology with domain-specific knowledge for medical writers. This software is designed to be an assistant rather than an autonomous writing system, and to plug into medical writers’ existing workflows. Read this article in R&D World to learn how CoAuthor can help medical writers develop consistent and reproducible content and decrease the time to first draft by at least 30%. Continue to Article Newsle"
188,"Certara, L.P.",https://www.certara.com/,AI-Enhanced Model-Informed Drug Development (MIDD) webinar recap,https://www.certara.com/blog/certara-webinar-on-artificial-intelligence-ai-powered-model-informed-drug-development-midd/,/Users/justinyu/Desktop/linkedin-posts/output/ispor26_ai_vendor_screenshots/screenshots/certara-l-p/d5e93dbe73.png,17,high,"Explicit AI language appears with product/offering/service terms in the page title, URL, or captured evidence text.","Skip to main content Hit enter to search or ESC to close Close Search Solutions Software Services Customers Resources Company Contact Us Login search Home / Blog / In case you missed it: CHI + Certara Webinar on Artificial Intelligence (AI) -Powered Model-Informed Drug Development (MIDD) Blog In case you missed it: CHI + Certara Webinar on Artificial Intelligence (AI) -Powered Model-Informed Drug Development (MIDD) Erika Brooks Fran Brown, PhD April 18, 2025 What’s next for drug development? Recapping our MIDD in the age of AI webinar MIDD in the age of AI MIDD has transformed the pharmaceutical landscape—empowering scientis / ient outcomes. From automating time-consuming tasks to extracting insights from massive datasets, AI helps researchers identify patterns that were previously out of reach. Deep learning can enhance model accuracy, while generative AI (like Large Language Models (LLMs) and Generative Pre-trained Transformer (GPT) tools) enables faster and more efficient validation of complex Quantitative Systems Pharmacology (QSP) models. These mechanistic, computational models integrate biological, pharmacological, and disease data to predict drug behavior and effects across different scales—from molecular pathways to clinical outcomes. AI is also p"
192,Clarivate,https://clarivate.com/,Clarivate - Leading Global Transformative Intelligence,https://clarivate.com/,/Users/justinyu/Desktop/linkedin-posts/output/ispor26_ai_vendor_screenshots/screenshots/clarivate/f1978149b2.png,15,high,"Explicit AI language appears with product/offering/service terms in the page title, URL, or captured evidence text."," the research solutions from Clarivate encompass all aspects of data and analytics that give us a commercial advantage. This is a big help as we aim to grow the business from zero to a global diagnostics brand. Richard Allman CEO at Cleo Clarivate has been very approachable and responsive to taking our business needs into consideration when working with the tracking application. We are now able to efficiently triage and manage our regulatory alerts, send out newsletters with ease, and so much more! Kinga Pallay Regulatory Intelligence Expert, Gedeon Richter chevron_left chevron_right Unparalleled expertise With more than 700 deep su / and validated by skilled data scientists and experts with real-world experience. Insights & Analytics​ Trust our predictive analytics to inform critical decisions​ and drive innovation. Driven by a unique combination of AI-powered software and insights – developed and interpreted by PHD-level experts. Workflow Solutions​ Manage your resource allocation and streamline the way you work by using our automated workflow software. The software is complemented by premium data sets and expert analysis – and can be tailored to your specific needs. Expert Services​ Strengthen your business-critical decisions and processes with expert partners"
227,CMap,https://www.cmap.io/,Best Software for Consultants: 6 Software Types to Consider (2025 Guide),https://www.cmap.io/blog/software-for-consultants,/Users/justinyu/Desktop/linkedin-posts/output/ispor26_ai_vendor_screenshots/screenshots/cmap/b4964ec43d.png,21,high,"Explicit AI language appears with product/offering/service terms in the page title, URL, or captured evidence text.","rder management. WIP and reports: Timesheet entries in CMap automatically flow through to WIP and live Budget vs Actual reports to empower users to make confident decisions. ‍ 2) Forecast Source: Forecast Forecast is an AI-powered project accounting and financial management software solution. Top features of Forecast project accounting software* Capacity and demand: Forecast provides a real-time overview of the workload and capacity of your resources to enable users to dedicate more time to value-adding tasks. Project budgets: Users can see up-to-date, accurate project budgets to understand how to capitalize on projects. Revenue rec"
239,ConnectHEOR,https://connectheor.com/,Efficient and Innovative HEOR Consultancy | ConnectHEOR,https://connectheor.com/,/Users/justinyu/Desktop/linkedin-posts/output/ispor26_ai_vendor_screenshots/screenshots/connectheor/2009b0c56d.png,7,high,"Explicit AI language appears with product/offering/service terms in the page title, URL, or captured evidence text.","d experts, and award-winning consultants – bring depth, precision, and creativity to every collaboration. They work with you to transform evidence into strategies that create meaningful and lasting impact in healthcare. Artificial Intelligence 9+ AI Accelerators/Agents, 100+ POCs and a highly skilled team of data engineers and AI experts Know More Health Economic Modelling Cutting edge statistical methods to ensure scientifically robust and user-friendly models Know More Patient Centric Research Actively involving patients throughout the research for holistic and shared healthcare decision-making Know More Review & Evidence Synthesi / ology diagnostic model. ConnectHEOR combined technical precision with real-world understanding — a rare blend of science and pragmatism.” Vice President Market Access, Diagnostics Manufacturer “ConnectHEOR supported our AI-enabled product value strategy with deep technical insight and clarity. Their ability to simplify complex analytics into actionable evidence is impressive.” Head of Digital Health & Innovation Healthtech company “Outstanding flexibility and scientific rigour - ConnectHEOR guided our medical device HTA with clarity and confidence. Seamless collaboration from start to finish.” Executive Director​ Global HEOR & Acces"
240,ConnectHEOR,https://connectheor.com/,CONNECT AI : HEOR THINKING FOR AN AI-ENABLED ERA - ConnectHEOR,https://connectheor.com/connect-ai-heor-thinking-for-an-ai-enabled-era/,/Users/justinyu/Desktop/linkedin-posts/output/ispor26_ai_vendor_screenshots/screenshots/connectheor/0af430310c.png,1,high,"Explicit AI language appears with product/offering/service terms in the page title, URL, or captured evidence text.","Cookie Policy. You can change your cookie settings at any time by clicking “Preferences.” PreferencesAccept Skip to content Services Resources People & Culture Careers ISPOR Annual 2026 CONNECT AI : HEOR THINKING FOR AN AI-ENABLED ERA Edition 01 | What Leaders Must Get Right Before Asking About Tools By ConnectHEOR Access Resources This white paper introduces the first edition of Connect AI by arguing that AI in HEOR should not be approached as a tool-selection exercise, but as a leadership, governance, and operating model challenge. It explains how AI is reshaping HEOR from traditional evidence production into continuous evidence o"
242,Datavant,https://www.datavant.com/,Datavant | The Data Collaboration Platform Trusted for Healthcare,https://www.datavant.com/,/Users/justinyu/Desktop/linkedin-posts/output/ispor26_ai_vendor_screenshots/screenshots/datavant/018f88c62d.png,3,high,"Explicit AI language appears with product/offering/service terms in the page title, URL, or captured evidence text.","explore the benefits of TEFCA for patients, providers, and payers. Webinar Calming Risk Adjustment's Rough Learn how you can adapt to CMS rule changes on Risk Adjustment with technologies like Digital Retrieval, AI, and NLP. Webinar Are You Ready to Beat Denials? Let’s Talk About How You Can! Explore healthcare denial's impact on revenue and patient care. Learn how AI-driven solutions, effective strategies, and technological advantages can combat denials. Resources Blog Explore guides, product overviews and more. Education Learn about Datavant through guides, webinars, events, and more Developer Tools Access support and API document / ead More Datavant Connect: Privacy Solutions Mitigate risk while maximizing data utility through expert-led privacy technology and services. Read More Risk Adjustment Coding Enhance the accuracy of member risk utilizing AI-powered workflows and services. Read More Explore related resources Resources Blogs Webinars Publications Events See More Veterans in the United States shouldn’t have to worry about the privacy of their health data. Between data breaches of the Veterans Health Administration and CPAP Medical Supplies and Services… See more BLOG Assessing Re-identification Risk from Veteran Status in HIPAA Expert Determination Life"
244,Datavant,https://www.datavant.com/,AHIMA Announces Addition of Ciox HealthSource Gym to AHIMA VLab™ Platform | Datavant,https://www.datavant.com/press-release/ahima-announces-addition-of-ciox-healthsource-gym-to-ahima-vlab-tm-platform,/Users/justinyu/Desktop/linkedin-posts/output/ispor26_ai_vendor_screenshots/screenshots/datavant/205efc5d80.png,3,high,"Explicit AI language appears with product/offering/service terms in the page title, URL, or captured evidence text.","explore the benefits of TEFCA for patients, providers, and payers. Webinar Calming Risk Adjustment's Rough Learn how you can adapt to CMS rule changes on Risk Adjustment with technologies like Digital Retrieval, AI, and NLP. Webinar Are You Ready to Beat Denials? Let’s Talk About How You Can! Explore healthcare denial's impact on revenue and patient care. Learn how AI-driven solutions, effective strategies, and technological advantages can combat denials. Resources Blog Explore guides, product overviews and more. Education Learn about Datavant through guides, webinars, events, and more Developer Tools Access support and API document / ic AI and diverse healthcare datasets to transform and speed drug development BURLINGTON, N.C. (April 14, 2026) — Labcorp (NYSE: LH), a global leader of innovative and comprehensive… Read more PRODUCT Labcorp Introduces AI-Powered Real-World Data Platform with AWS and Datavant to Accelerate Alzheimer’s Research April 14, 2026 New product capabilities advance data retrieval, transparency, and audit-ready intelligence; company to lead featured panel on connected, auditable data ecosystems NEW YORK – March 18, 2026 - Datavant, the data… Read more PRODUCT Datavant Showcases KLAS Top-Rated Intelligent Health Data Management Innovations a"
245,Datavant,https://www.datavant.com/,BHI and Datavant Enter Partnership to Enable Big Data and Analytics to Improve Healthcare | Datavant,https://www.datavant.com/press-release/bhi-and-datavant-enter-partnership-to-enable-big-data-and-analytics-to-improve-healthcare,/Users/justinyu/Desktop/linkedin-posts/output/ispor26_ai_vendor_screenshots/screenshots/datavant/214361f0f1.png,3,high,"Explicit AI language appears with product/offering/service terms in the page title, URL, or captured evidence text.","explore the benefits of TEFCA for patients, providers, and payers. Webinar Calming Risk Adjustment's Rough Learn how you can adapt to CMS rule changes on Risk Adjustment with technologies like Digital Retrieval, AI, and NLP. Webinar Are You Ready to Beat Denials? Let’s Talk About How You Can! Explore healthcare denial's impact on revenue and patient care. Learn how AI-driven solutions, effective strategies, and technological advantages can combat denials. Resources Blog Explore guides, product overviews and more. Education Learn about Datavant through guides, webinars, events, and more Developer Tools Access support and API document / ic AI and diverse healthcare datasets to transform and speed drug development BURLINGTON, N.C. (April 14, 2026) — Labcorp (NYSE: LH), a global leader of innovative and comprehensive… Read more PRODUCT Labcorp Introduces AI-Powered Real-World Data Platform with AWS and Datavant to Accelerate Alzheimer’s Research April 14, 2026 New product capabilities advance data retrieval, transparency, and audit-ready intelligence; company to lead featured panel on connected, auditable data ecosystems NEW YORK – March 18, 2026 - Datavant, the data… Read more PRODUCT Datavant Showcases KLAS Top-Rated Intelligent Health Data Management Innovations a"
247,Datavant,https://www.datavant.com/,Ciox Health creates platform for providers to offer patients immediate access to their medical records | Datavant,https://www.datavant.com/press-release/ciox-health-creates-platform-for-providers-to-offer-patients-immediate-access-to-their-medical-records,/Users/justinyu/Desktop/linkedin-posts/output/ispor26_ai_vendor_screenshots/screenshots/datavant/415b9c7fa4.png,3,high,"Explicit AI language appears with product/offering/service terms in the page title, URL, or captured evidence text.","explore the benefits of TEFCA for patients, providers, and payers. Webinar Calming Risk Adjustment's Rough Learn how you can adapt to CMS rule changes on Risk Adjustment with technologies like Digital Retrieval, AI, and NLP. Webinar Are You Ready to Beat Denials? Let’s Talk About How You Can! Explore healthcare denial's impact on revenue and patient care. Learn how AI-driven solutions, effective strategies, and technological advantages can combat denials. Resources Blog Explore guides, product overviews and more. Education Learn about Datavant through guides, webinars, events, and more Developer Tools Access support and API document / ic AI and diverse healthcare datasets to transform and speed drug development BURLINGTON, N.C. (April 14, 2026) — Labcorp (NYSE: LH), a global leader of innovative and comprehensive… Read more PRODUCT Labcorp Introduces AI-Powered Real-World Data Platform with AWS and Datavant to Accelerate Alzheimer’s Research April 14, 2026 New product capabilities advance data retrieval, transparency, and audit-ready intelligence; company to lead featured panel on connected, auditable data ecosystems NEW YORK – March 18, 2026 - Datavant, the data… Read more PRODUCT Datavant Showcases KLAS Top-Rated Intelligent Health Data Management Innovations a"
248,Datavant,https://www.datavant.com/,Ciox Health’s Retrieval Solutions Business Unit Achieves HITRUST CSF Certification | Datavant,https://www.datavant.com/press-release/ciox-healths-retrieval-solutions-business-unit-achieves-hitrust-csf-certification,/Users/justinyu/Desktop/linkedin-posts/output/ispor26_ai_vendor_screenshots/screenshots/datavant/afd3d336cd.png,3,high,"Explicit AI language appears with product/offering/service terms in the page title, URL, or captured evidence text.","explore the benefits of TEFCA for patients, providers, and payers. Webinar Calming Risk Adjustment's Rough Learn how you can adapt to CMS rule changes on Risk Adjustment with technologies like Digital Retrieval, AI, and NLP. Webinar Are You Ready to Beat Denials? Let’s Talk About How You Can! Explore healthcare denial's impact on revenue and patient care. Learn how AI-driven solutions, effective strategies, and technological advantages can combat denials. Resources Blog Explore guides, product overviews and more. Education Learn about Datavant through guides, webinars, events, and more Developer Tools Access support and API document / ic AI and diverse healthcare datasets to transform and speed drug development BURLINGTON, N.C. (April 14, 2026) — Labcorp (NYSE: LH), a global leader of innovative and comprehensive… Read more PRODUCT Labcorp Introduces AI-Powered Real-World Data Platform with AWS and Datavant to Accelerate Alzheimer’s Research April 14, 2026 New product capabilities advance data retrieval, transparency, and audit-ready intelligence; company to lead featured panel on connected, auditable data ecosystems NEW YORK – March 18, 2026 - Datavant, the data… Read more PRODUCT Datavant Showcases KLAS Top-Rated Intelligent Health Data Management Innovations a"
252,Datavant,https://www.datavant.com/,Datavant Launches Record Request Automation for Healthcare Organizations to Streamline Health Plan Requests | Datavant,https://www.datavant.com/press-release/datavant-launches-record-request-automation-healthcare-organizations-streamline-health-plan-requests,/Users/justinyu/Desktop/linkedin-posts/output/ispor26_ai_vendor_screenshots/screenshots/datavant/eb824111c6.png,8,high,"Explicit AI language appears with product/offering/service terms in the page title, URL, or captured evidence text.","explore the benefits of TEFCA for patients, providers, and payers. Webinar Calming Risk Adjustment's Rough Learn how you can adapt to CMS rule changes on Risk Adjustment with technologies like Digital Retrieval, AI, and NLP. Webinar Are You Ready to Beat Denials? Let’s Talk About How You Can! Explore healthcare denial's impact on revenue and patient care. Learn how AI-driven solutions, effective strategies, and technological advantages can combat denials. Resources Blog Explore guides, product overviews and more. Education Learn about Datavant through guides, webinars, events, and more Developer Tools Access support and API document / ic AI and diverse healthcare datasets to transform and speed drug development BURLINGTON, N.C. (April 14, 2026) — Labcorp (NYSE: LH), a global leader of innovative and comprehensive… Read more PRODUCT Labcorp Introduces AI-Powered Real-World Data Platform with AWS and Datavant to Accelerate Alzheimer’s Research April 14, 2026 New product capabilities advance data retrieval, transparency, and audit-ready intelligence; company to lead featured panel on connected, auditable data ecosystems NEW YORK – March 18, 2026 - Datavant, the data… Read more PRODUCT Datavant Showcases KLAS Top-Rated Intelligent Health Data Management Innovations a"
253,Datavant,https://www.datavant.com/,Datavant Named 2026 Best in KLAS Award Winner for Risk Adjustment | Datavant,https://www.datavant.com/press-release/datavant-named-2026-best-in-klas-award-winner-for-risk-adjustment-coding-retrieval-compliance-solutions-and-outsourced-coding,/Users/justinyu/Desktop/linkedin-posts/output/ispor26_ai_vendor_screenshots/screenshots/datavant/9e7703408a.png,3,high,"Explicit AI language appears with product/offering/service terms in the page title, URL, or captured evidence text.","explore the benefits of TEFCA for patients, providers, and payers. Webinar Calming Risk Adjustment's Rough Learn how you can adapt to CMS rule changes on Risk Adjustment with technologies like Digital Retrieval, AI, and NLP. Webinar Are You Ready to Beat Denials? Let’s Talk About How You Can! Explore healthcare denial's impact on revenue and patient care. Learn how AI-driven solutions, effective strategies, and technological advantages can combat denials. Resources Blog Explore guides, product overviews and more. Education Learn about Datavant through guides, webinars, events, and more Developer Tools Access support and API document / ic AI and diverse healthcare datasets to transform and speed drug development BURLINGTON, N.C. (April 14, 2026) — Labcorp (NYSE: LH), a global leader of innovative and comprehensive… Read more PRODUCT Labcorp Introduces AI-Powered Real-World Data Platform with AWS and Datavant to Accelerate Alzheimer’s Research April 14, 2026 New product capabilities advance data retrieval, transparency, and audit-ready intelligence; company to lead featured panel on connected, auditable data ecosystems NEW YORK – March 18, 2026 - Datavant, the data… Read more PRODUCT Datavant Showcases KLAS Top-Rated Intelligent Health Data Management Innovations a"
254,Datavant,https://www.datavant.com/,Datavant Partners with Premier’s PINC AI™ Applied Sciences Division to Deliver Meaningful Insights to Improve Quality of Care | Datavant,https://www.datavant.com/press-release/datavant-partners-with-premiers-pinc-ai-tm-applied-sciences-division-to-deliver-meaningful-insights-to-improve-quality-of-care,/Users/justinyu/Desktop/linkedin-posts/output/ispor26_ai_vendor_screenshots/screenshots/datavant/9696d8ad0a.png,3,high,"Explicit AI language appears with product/offering/service terms in the page title, URL, or captured evidence text.","explore the benefits of TEFCA for patients, providers, and payers. Webinar Calming Risk Adjustment's Rough Learn how you can adapt to CMS rule changes on Risk Adjustment with technologies like Digital Retrieval, AI, and NLP. Webinar Are You Ready to Beat Denials? Let’s Talk About How You Can! Explore healthcare denial's impact on revenue and patient care. Learn how AI-driven solutions, effective strategies, and technological advantages can combat denials. Resources Blog Explore guides, product overviews and more. Education Learn about Datavant through guides, webinars, events, and more Developer Tools Access support and API document / ic AI and diverse healthcare datasets to transform and speed drug development BURLINGTON, N.C. (April 14, 2026) — Labcorp (NYSE: LH), a global leader of innovative and comprehensive… Read more PRODUCT Labcorp Introduces AI-Powered Real-World Data Platform with AWS and Datavant to Accelerate Alzheimer’s Research April 14, 2026 New product capabilities advance data retrieval, transparency, and audit-ready intelligence; company to lead featured panel on connected, auditable data ecosystems NEW YORK – March 18, 2026 - Datavant, the data… Read more PRODUCT Datavant Showcases KLAS Top-Rated Intelligent Health Data Management Innovations a"
255,Datavant,https://www.datavant.com/,Datavant partners with the People-Centered Research Foundation to de-identify and link data across national clinical research network | Datavant,https://www.datavant.com/press-release/datavant-partners-with-the-people-centered-research-foundation-to-de-identify-and-link-data-across-national-clinical-research-network,/Users/justinyu/Desktop/linkedin-posts/output/ispor26_ai_vendor_screenshots/screenshots/datavant/549f9feb9a.png,3,high,"Explicit AI language appears with product/offering/service terms in the page title, URL, or captured evidence text.","explore the benefits of TEFCA for patients, providers, and payers. Webinar Calming Risk Adjustment's Rough Learn how you can adapt to CMS rule changes on Risk Adjustment with technologies like Digital Retrieval, AI, and NLP. Webinar Are You Ready to Beat Denials? Let’s Talk About How You Can! Explore healthcare denial's impact on revenue and patient care. Learn how AI-driven solutions, effective strategies, and technological advantages can combat denials. Resources Blog Explore guides, product overviews and more. Education Learn about Datavant through guides, webinars, events, and more Developer Tools Access support and API document / ic AI and diverse healthcare datasets to transform and speed drug development BURLINGTON, N.C. (April 14, 2026) — Labcorp (NYSE: LH), a global leader of innovative and comprehensive… Read more PRODUCT Labcorp Introduces AI-Powered Real-World Data Platform with AWS and Datavant to Accelerate Alzheimer’s Research April 14, 2026 New product capabilities advance data retrieval, transparency, and audit-ready intelligence; company to lead featured panel on connected, auditable data ecosystems NEW YORK – March 18, 2026 - Datavant, the data… Read more PRODUCT Datavant Showcases KLAS Top-Rated Intelligent Health Data Management Innovations a"
256,Datavant,https://www.datavant.com/,Datavant partners with Veradigm to enable digital EHR connections to patient-mediated medical records for clinical research | Datavant,https://www.datavant.com/press-release/datavant-partners-with-veradigm-to-enable-digital-ehr-connections-to-patient-mediated-medical-records-for-clinical-research,/Users/justinyu/Desktop/linkedin-posts/output/ispor26_ai_vendor_screenshots/screenshots/datavant/917a9661b9.png,3,high,"Explicit AI language appears with product/offering/service terms in the page title, URL, or captured evidence text.","explore the benefits of TEFCA for patients, providers, and payers. Webinar Calming Risk Adjustment's Rough Learn how you can adapt to CMS rule changes on Risk Adjustment with technologies like Digital Retrieval, AI, and NLP. Webinar Are You Ready to Beat Denials? Let’s Talk About How You Can! Explore healthcare denial's impact on revenue and patient care. Learn how AI-driven solutions, effective strategies, and technological advantages can combat denials. Resources Blog Explore guides, product overviews and more. Education Learn about Datavant through guides, webinars, events, and more Developer Tools Access support and API document / ic AI and diverse healthcare datasets to transform and speed drug development BURLINGTON, N.C. (April 14, 2026) — Labcorp (NYSE: LH), a global leader of innovative and comprehensive… Read more PRODUCT Labcorp Introduces AI-Powered Real-World Data Platform with AWS and Datavant to Accelerate Alzheimer’s Research April 14, 2026 New product capabilities advance data retrieval, transparency, and audit-ready intelligence; company to lead featured panel on connected, auditable data ecosystems NEW YORK – March 18, 2026 - Datavant, the data… Read more PRODUCT Datavant Showcases KLAS Top-Rated Intelligent Health Data Management Innovations a"
257,Datavant,https://www.datavant.com/,Datavant Raises $40 Million in Series B Financing to Expand Open Health Data Ecosystem | Datavant,https://www.datavant.com/press-release/datavant-raises-40-million-in-series-b-financing-to-expand-open-health-data-ecosystem,/Users/justinyu/Desktop/linkedin-posts/output/ispor26_ai_vendor_screenshots/screenshots/datavant/7f1e92970a.png,3,high,"Explicit AI language appears with product/offering/service terms in the page title, URL, or captured evidence text.","explore the benefits of TEFCA for patients, providers, and payers. Webinar Calming Risk Adjustment's Rough Learn how you can adapt to CMS rule changes on Risk Adjustment with technologies like Digital Retrieval, AI, and NLP. Webinar Are You Ready to Beat Denials? Let’s Talk About How You Can! Explore healthcare denial's impact on revenue and patient care. Learn how AI-driven solutions, effective strategies, and technological advantages can combat denials. Resources Blog Explore guides, product overviews and more. Education Learn about Datavant through guides, webinars, events, and more Developer Tools Access support and API document / ic AI and diverse healthcare datasets to transform and speed drug development BURLINGTON, N.C. (April 14, 2026) — Labcorp (NYSE: LH), a global leader of innovative and comprehensive… Read more PRODUCT Labcorp Introduces AI-Powered Real-World Data Platform with AWS and Datavant to Accelerate Alzheimer’s Research April 14, 2026 New product capabilities advance data retrieval, transparency, and audit-ready intelligence; company to lead featured panel on connected, auditable data ecosystems NEW YORK – March 18, 2026 - Datavant, the data… Read more PRODUCT Datavant Showcases KLAS Top-Rated Intelligent Health Data Management Innovations a"
259,Datavant,https://www.datavant.com/,Datavant Signs Strategic Collaboration Agreement With Amazon Web Services To Power Cloud-First Healthcare Data Discovery and Assessment | Datavant,https://www.datavant.com/press-release/datavant-signs-strategic-collaboration-agreement-amazon-web-services-power-cloud-first-healthcare-data-discovery-assessment,/Users/justinyu/Desktop/linkedin-posts/output/ispor26_ai_vendor_screenshots/screenshots/datavant/b646c3a8aa.png,3,high,"Explicit AI language appears with product/offering/service terms in the page title, URL, or captured evidence text.","explore the benefits of TEFCA for patients, providers, and payers. Webinar Calming Risk Adjustment's Rough Learn how you can adapt to CMS rule changes on Risk Adjustment with technologies like Digital Retrieval, AI, and NLP. Webinar Are You Ready to Beat Denials? Let’s Talk About How You Can! Explore healthcare denial's impact on revenue and patient care. Learn how AI-driven solutions, effective strategies, and technological advantages can combat denials. Resources Blog Explore guides, product overviews and more. Education Learn about Datavant through guides, webinars, events, and more Developer Tools Access support and API document / ic AI and diverse healthcare datasets to transform and speed drug development BURLINGTON, N.C. (April 14, 2026) — Labcorp (NYSE: LH), a global leader of innovative and comprehensive… Read more PRODUCT Labcorp Introduces AI-Powered Real-World Data Platform with AWS and Datavant to Accelerate Alzheimer’s Research April 14, 2026 New product capabilities advance data retrieval, transparency, and audit-ready intelligence; company to lead featured panel on connected, auditable data ecosystems NEW YORK – March 18, 2026 - Datavant, the data… Read more PRODUCT Datavant Showcases KLAS Top-Rated Intelligent Health Data Management Innovations a"
260,Datavant,https://www.datavant.com/,"Datavant to Acquire Aetion, Empowering Healthcare and Life Sciences Organizations to Generate High-Quality, Scalable Real-World Evidence from Connected, Privacy-Protected Data | Datavant",https://www.datavant.com/press-release/datavant-to-acquire-leading-real-world-evidence-rwe-platform-aetion,/Users/justinyu/Desktop/linkedin-posts/output/ispor26_ai_vendor_screenshots/screenshots/datavant/a0d608d59e.png,4,high,"Explicit AI language appears with product/offering/service terms in the page title, URL, or captured evidence text.","explore the benefits of TEFCA for patients, providers, and payers. Webinar Calming Risk Adjustment's Rough Learn how you can adapt to CMS rule changes on Risk Adjustment with technologies like Digital Retrieval, AI, and NLP. Webinar Are You Ready to Beat Denials? Let’s Talk About How You Can! Explore healthcare denial's impact on revenue and patient care. Learn how AI-driven solutions, effective strategies, and technological advantages can combat denials. Resources Blog Explore guides, product overviews and more. Education Learn about Datavant through guides, webinars, events, and more Developer Tools Access support and API document / ic AI and diverse healthcare datasets to transform and speed drug development BURLINGTON, N.C. (April 14, 2026) — Labcorp (NYSE: LH), a global leader of innovative and comprehensive… Read more PRODUCT Labcorp Introduces AI-Powered Real-World Data Platform with AWS and Datavant to Accelerate Alzheimer’s Research April 14, 2026 New product capabilities advance data retrieval, transparency, and audit-ready intelligence; company to lead featured panel on connected, auditable data ecosystems NEW YORK – March 18, 2026 - Datavant, the data… Read more PRODUCT Datavant Showcases KLAS Top-Rated Intelligent Health Data Management Innovations a"
264,Datavant,https://www.datavant.com/,IntegriChain Partners with Datavant for Improved Patient Journey Visibility | Datavant,https://www.datavant.com/press-release/integrichain-partners-with-datavant-for-improved-patient-journey-visibility,/Users/justinyu/Desktop/linkedin-posts/output/ispor26_ai_vendor_screenshots/screenshots/datavant/010112e37f.png,6,high,"Explicit AI language appears with product/offering/service terms in the page title, URL, or captured evidence text.","explore the benefits of TEFCA for patients, providers, and payers. Webinar Calming Risk Adjustment's Rough Learn how you can adapt to CMS rule changes on Risk Adjustment with technologies like Digital Retrieval, AI, and NLP. Webinar Are You Ready to Beat Denials? Let’s Talk About How You Can! Explore healthcare denial's impact on revenue and patient care. Learn how AI-driven solutions, effective strategies, and technological advantages can combat denials. Resources Blog Explore guides, product overviews and more. Education Learn about Datavant through guides, webinars, events, and more Developer Tools Access support and API document / ic AI and diverse healthcare datasets to transform and speed drug development BURLINGTON, N.C. (April 14, 2026) — Labcorp (NYSE: LH), a global leader of innovative and comprehensive… Read more PRODUCT Labcorp Introduces AI-Powered Real-World Data Platform with AWS and Datavant to Accelerate Alzheimer’s Research April 14, 2026 New product capabilities advance data retrieval, transparency, and audit-ready intelligence; company to lead featured panel on connected, auditable data ecosystems NEW YORK – March 18, 2026 - Datavant, the data… Read more PRODUCT Datavant Showcases KLAS Top-Rated Intelligent Health Data Management Innovations a"
266,Datavant,https://www.datavant.com/,Labcorp Introduces AI-Powered Real-World Data Platform with AWS and Datavant to Accelerate Alzheimer's Research | Datavant,https://www.datavant.com/press-release/labcorp-introduces-ai-powered-real-world-data-platform-with-aws-and-datavant-to-accelerate-alzheimers-research,/Users/justinyu/Desktop/linkedin-posts/output/ispor26_ai_vendor_screenshots/screenshots/datavant/d8e144d873.png,7,high,"Explicit AI language appears with product/offering/service terms in the page title, URL, or captured evidence text.","explore the benefits of TEFCA for patients, providers, and payers. Webinar Calming Risk Adjustment's Rough Learn how you can adapt to CMS rule changes on Risk Adjustment with technologies like Digital Retrieval, AI, and NLP. Webinar Are You Ready to Beat Denials? Let’s Talk About How You Can! Explore healthcare denial's impact on revenue and patient care. Learn how AI-driven solutions, effective strategies, and technological advantages can combat denials. Resources Blog Explore guides, product overviews and more. Education Learn about Datavant through guides, webinars, events, and more Developer Tools Access support and API document / Datavant as we build the health data ecosystem Newsroom Stay up-to-date on the latest news from Datavant Privacy and compliance Ensuring privacy and compliance for our health data solutions Contact Us Labcorp Introduces AI-Powered Real-World Data Platform with AWS and Datavant to Accelerate Alzheimer’s Research Publish Date April 14, 2026 Platform leverages agentic AI and diverse healthcare datasets to transform and speed drug development BURLINGTON, N.C. (April 14, 2026) — Labcorp (NYSE: LH), a global leader of innovative and comprehensive laboratory services, today announced a new AI-powered real-world data platform, designed to h"
268,Datavant,https://www.datavant.com/,Mirador Analytics Partners with Datavant to Create Step Change in Industry’s Approach to HIPAA De-identification and Certification | Datavant,https://www.datavant.com/press-release/mirador-analytics-partners-with-datavant-to-create-step-change-in-industrys-approach-to-hipaa-de-identification-and-certification,/Users/justinyu/Desktop/linkedin-posts/output/ispor26_ai_vendor_screenshots/screenshots/datavant/1f5613e85c.png,5,high,"Explicit AI language appears with product/offering/service terms in the page title, URL, or captured evidence text.","explore the benefits of TEFCA for patients, providers, and payers. Webinar Calming Risk Adjustment's Rough Learn how you can adapt to CMS rule changes on Risk Adjustment with technologies like Digital Retrieval, AI, and NLP. Webinar Are You Ready to Beat Denials? Let’s Talk About How You Can! Explore healthcare denial's impact on revenue and patient care. Learn how AI-driven solutions, effective strategies, and technological advantages can combat denials. Resources Blog Explore guides, product overviews and more. Education Learn about Datavant through guides, webinars, events, and more Developer Tools Access support and API document / ic AI and diverse healthcare datasets to transform and speed drug development BURLINGTON, N.C. (April 14, 2026) — Labcorp (NYSE: LH), a global leader of innovative and comprehensive… Read more PRODUCT Labcorp Introduces AI-Powered Real-World Data Platform with AWS and Datavant to Accelerate Alzheimer’s Research April 14, 2026 New product capabilities advance data retrieval, transparency, and audit-ready intelligence; company to lead featured panel on connected, auditable data ecosystems NEW YORK – March 18, 2026 - Datavant, the data… Read more PRODUCT Datavant Showcases KLAS Top-Rated Intelligent Health Data Management Innovations a"
269,Datavant,https://www.datavant.com/,Nashville Biosciences Collaborates with Datavant to Accelerate Life Sciences Drug Discovery and Clinical Research | Datavant,https://www.datavant.com/press-release/nashville-biosciences-collaborates-with-datavant-to-accelerate-life-sciences-drug-discovery-and-clinical-research,/Users/justinyu/Desktop/linkedin-posts/output/ispor26_ai_vendor_screenshots/screenshots/datavant/c322161b1a.png,3,high,"Explicit AI language appears with product/offering/service terms in the page title, URL, or captured evidence text.","explore the benefits of TEFCA for patients, providers, and payers. Webinar Calming Risk Adjustment's Rough Learn how you can adapt to CMS rule changes on Risk Adjustment with technologies like Digital Retrieval, AI, and NLP. Webinar Are You Ready to Beat Denials? Let’s Talk About How You Can! Explore healthcare denial's impact on revenue and patient care. Learn how AI-driven solutions, effective strategies, and technological advantages can combat denials. Resources Blog Explore guides, product overviews and more. Education Learn about Datavant through guides, webinars, events, and more Developer Tools Access support and API document / ic AI and diverse healthcare datasets to transform and speed drug development BURLINGTON, N.C. (April 14, 2026) — Labcorp (NYSE: LH), a global leader of innovative and comprehensive… Read more PRODUCT Labcorp Introduces AI-Powered Real-World Data Platform with AWS and Datavant to Accelerate Alzheimer’s Research April 14, 2026 New product capabilities advance data retrieval, transparency, and audit-ready intelligence; company to lead featured panel on connected, auditable data ecosystems NEW YORK – March 18, 2026 - Datavant, the data… Read more PRODUCT Datavant Showcases KLAS Top-Rated Intelligent Health Data Management Innovations a"
270,Datavant,https://www.datavant.com/,New Mountain Capital and Ciox Health Announce Acquisition of ArroHealth | Datavant,https://www.datavant.com/press-release/new-mountain-capital-and-ciox-health-announce-acquisition-of-arrohealth,/Users/justinyu/Desktop/linkedin-posts/output/ispor26_ai_vendor_screenshots/screenshots/datavant/f21bd4716e.png,3,high,"Explicit AI language appears with product/offering/service terms in the page title, URL, or captured evidence text.","explore the benefits of TEFCA for patients, providers, and payers. Webinar Calming Risk Adjustment's Rough Learn how you can adapt to CMS rule changes on Risk Adjustment with technologies like Digital Retrieval, AI, and NLP. Webinar Are You Ready to Beat Denials? Let’s Talk About How You Can! Explore healthcare denial's impact on revenue and patient care. Learn how AI-driven solutions, effective strategies, and technological advantages can combat denials. Resources Blog Explore guides, product overviews and more. Education Learn about Datavant through guides, webinars, events, and more Developer Tools Access support and API document / ic AI and diverse healthcare datasets to transform and speed drug development BURLINGTON, N.C. (April 14, 2026) — Labcorp (NYSE: LH), a global leader of innovative and comprehensive… Read more PRODUCT Labcorp Introduces AI-Powered Real-World Data Platform with AWS and Datavant to Accelerate Alzheimer’s Research April 14, 2026 New product capabilities advance data retrieval, transparency, and audit-ready intelligence; company to lead featured panel on connected, auditable data ecosystems NEW YORK – March 18, 2026 - Datavant, the data… Read more PRODUCT Datavant Showcases KLAS Top-Rated Intelligent Health Data Management Innovations a"
271,Datavant,https://www.datavant.com/,OMNY Health and Datavant Announce Alliance to Accelerate Delivery of Real-World Data Between Healthcare Stakeholders to Enhance Clinical Research and Drug Development | Datavant,https://www.datavant.com/press-release/omny-health-and-datavant-announce-alliance-to-accelerate-delivery-of-real-world-data-between-healthcare-stakeholders-to-enhance-clinical-research-and-drug-development,/Users/justinyu/Desktop/linkedin-posts/output/ispor26_ai_vendor_screenshots/screenshots/datavant/6d43b6fb74.png,3,high,"Explicit AI language appears with product/offering/service terms in the page title, URL, or captured evidence text.","explore the benefits of TEFCA for patients, providers, and payers. Webinar Calming Risk Adjustment's Rough Learn how you can adapt to CMS rule changes on Risk Adjustment with technologies like Digital Retrieval, AI, and NLP. Webinar Are You Ready to Beat Denials? Let’s Talk About How You Can! Explore healthcare denial's impact on revenue and patient care. Learn how AI-driven solutions, effective strategies, and technological advantages can combat denials. Resources Blog Explore guides, product overviews and more. Education Learn about Datavant through guides, webinars, events, and more Developer Tools Access support and API document / ic AI and diverse healthcare datasets to transform and speed drug development BURLINGTON, N.C. (April 14, 2026) — Labcorp (NYSE: LH), a global leader of innovative and comprehensive… Read more PRODUCT Labcorp Introduces AI-Powered Real-World Data Platform with AWS and Datavant to Accelerate Alzheimer’s Research April 14, 2026 New product capabilities advance data retrieval, transparency, and audit-ready intelligence; company to lead featured panel on connected, auditable data ecosystems NEW YORK – March 18, 2026 - Datavant, the data… Read more PRODUCT Datavant Showcases KLAS Top-Rated Intelligent Health Data Management Innovations a"
272,Datavant,https://www.datavant.com/,OMNY Health Becomes the First EHR Dataset Available on Datavant Connect Powered by AWS Clean Rooms | Datavant,https://www.datavant.com/press-release/omny-health-becomes-the-first-ehr-dataset-available-on-datavant-connect-powered-by-aws-clean-rooms,/Users/justinyu/Desktop/linkedin-posts/output/ispor26_ai_vendor_screenshots/screenshots/datavant/60bf0237a4.png,3,high,"Explicit AI language appears with product/offering/service terms in the page title, URL, or captured evidence text.","explore the benefits of TEFCA for patients, providers, and payers. Webinar Calming Risk Adjustment's Rough Learn how you can adapt to CMS rule changes on Risk Adjustment with technologies like Digital Retrieval, AI, and NLP. Webinar Are You Ready to Beat Denials? Let’s Talk About How You Can! Explore healthcare denial's impact on revenue and patient care. Learn how AI-driven solutions, effective strategies, and technological advantages can combat denials. Resources Blog Explore guides, product overviews and more. Education Learn about Datavant through guides, webinars, events, and more Developer Tools Access support and API document / ic AI and diverse healthcare datasets to transform and speed drug development BURLINGTON, N.C. (April 14, 2026) — Labcorp (NYSE: LH), a global leader of innovative and comprehensive… Read more PRODUCT Labcorp Introduces AI-Powered Real-World Data Platform with AWS and Datavant to Accelerate Alzheimer’s Research April 14, 2026 New product capabilities advance data retrieval, transparency, and audit-ready intelligence; company to lead featured panel on connected, auditable data ecosystems NEW YORK – March 18, 2026 - Datavant, the data… Read more PRODUCT Datavant Showcases KLAS Top-Rated Intelligent Health Data Management Innovations a"
273,Datavant,https://www.datavant.com/,Oscar Health Renews and Expands Relationship with Digital Solutions Platform Provider Ciox Health | Datavant,https://www.datavant.com/press-release/oscar-health-renews-and-expands-relationship-with-digital-solutions-platform-provider-ciox-health,/Users/justinyu/Desktop/linkedin-posts/output/ispor26_ai_vendor_screenshots/screenshots/datavant/8f299b5c93.png,3,high,"Explicit AI language appears with product/offering/service terms in the page title, URL, or captured evidence text.","explore the benefits of TEFCA for patients, providers, and payers. Webinar Calming Risk Adjustment's Rough Learn how you can adapt to CMS rule changes on Risk Adjustment with technologies like Digital Retrieval, AI, and NLP. Webinar Are You Ready to Beat Denials? Let’s Talk About How You Can! Explore healthcare denial's impact on revenue and patient care. Learn how AI-driven solutions, effective strategies, and technological advantages can combat denials. Resources Blog Explore guides, product overviews and more. Education Learn about Datavant through guides, webinars, events, and more Developer Tools Access support and API document / ic AI and diverse healthcare datasets to transform and speed drug development BURLINGTON, N.C. (April 14, 2026) — Labcorp (NYSE: LH), a global leader of innovative and comprehensive… Read more PRODUCT Labcorp Introduces AI-Powered Real-World Data Platform with AWS and Datavant to Accelerate Alzheimer’s Research April 14, 2026 New product capabilities advance data retrieval, transparency, and audit-ready intelligence; company to lead featured panel on connected, auditable data ecosystems NEW YORK – March 18, 2026 - Datavant, the data… Read more PRODUCT Datavant Showcases KLAS Top-Rated Intelligent Health Data Management Innovations a"
275,Datavant,https://www.datavant.com/,PAREXEL and Datavant Partner to Deliver Advanced Data and Real-World Evidence Analytics to Enhance Drug Development and Commercialization | Datavant,https://www.datavant.com/press-release/parexel-and-datavant-partner-to-deliver-advanced-data-and-real-world-evidence-analytics-to-enhance-drug-development-and-commercialization,/Users/justinyu/Desktop/linkedin-posts/output/ispor26_ai_vendor_screenshots/screenshots/datavant/18f60777c4.png,4,high,"Explicit AI language appears with product/offering/service terms in the page title, URL, or captured evidence text.","explore the benefits of TEFCA for patients, providers, and payers. Webinar Calming Risk Adjustment's Rough Learn how you can adapt to CMS rule changes on Risk Adjustment with technologies like Digital Retrieval, AI, and NLP. Webinar Are You Ready to Beat Denials? Let’s Talk About How You Can! Explore healthcare denial's impact on revenue and patient care. Learn how AI-driven solutions, effective strategies, and technological advantages can combat denials. Resources Blog Explore guides, product overviews and more. Education Learn about Datavant through guides, webinars, events, and more Developer Tools Access support and API document / ic AI and diverse healthcare datasets to transform and speed drug development BURLINGTON, N.C. (April 14, 2026) — Labcorp (NYSE: LH), a global leader of innovative and comprehensive… Read more PRODUCT Labcorp Introduces AI-Powered Real-World Data Platform with AWS and Datavant to Accelerate Alzheimer’s Research April 14, 2026 New product capabilities advance data retrieval, transparency, and audit-ready intelligence; company to lead featured panel on connected, auditable data ecosystems NEW YORK – March 18, 2026 - Datavant, the data… Read more PRODUCT Datavant Showcases KLAS Top-Rated Intelligent Health Data Management Innovations a"
277,DistillerSR Inc.,https://www.distillersr.com/,DistillerSR: AI-Enabled Literature Review Software,https://www.distillersr.com/,/Users/justinyu/Desktop/linkedin-posts/output/ispor26_ai_vendor_screenshots/screenshots/distillersr-inc/7e04fda2de.png,14,high,"Explicit AI language appears with product/offering/service terms in the page title, URL, or captured evidence text."," Corporate & Government Services Resources Events Case Studies Blog Webinars Guides Briefs Methodological Resources DistillerSR Updates Glossary Get Started One Literature Evidence Platform: No Literature Evidence Silos AI-enabled software that automates literature reviews so you can deliver better research faster and share it across your organization. Get Started Trusted by 250+ companies including: DistillerSR Platform With more than 250 customers around the world, the DistillerSR AI-enabled evidence management platform automates the conduct and management of literature-based research and surveillance, so you can reduce costs whil"
279,DistillerSR Inc.,https://www.distillersr.com/,DistillerSR and Elsevier to Collaborate on the Integration of Elsevier's Embase and DistillerSR's Evidence Management Platform - DistillerSR,https://www.distillersr.com/distillersr-and-elsevier-to-collaborate-on-the-integration-of-elseviers-embase-and-distillersrs-evidence-management-platform,/Users/justinyu/Desktop/linkedin-posts/output/ispor26_ai_vendor_screenshots/screenshots/distillersr-inc/7761d80936.png,3,high,"Explicit AI language appears with product/offering/service terms in the page title, URL, or captured evidence text.","latform DistillerSR’s literature review platform to provide turn-key integrated access to Embase’ API, greatly enhancing and simplifying the review process OTTAWA, ON – November 4, 2025 DistillerSR, the market leader in AI-enabled literature review automation and evidence management, today announced an agreement with Elsevier that will provide direct integration between DistillerSR and Elsevier’s premier biomedical database, Embase. This collaboration will accelerate literature evidence synthesis, improve data quality, and provide faster insights for clinical research and regulatory submissions. The agreement ensures customers can a / d] (613) 212-0051 Mathew Pitt-Bailey Director of Communications, Corporate Markets, ELSEVIER [email protected] +44 (0) 7353 890 322 Stay in Touch with Our Quarterly Newsletter Subscribe Recent Posts From Excel Sheets to AI-Powered Evidence: A Conversation with Stryker Neurovascular’s Medical Writing Team At a recent webinar, DistillerSR’s Nicole LeDrew sat down with Brie Paddock, Medical Writing Manager, and Laryssa Ballrich, Staff Medical Writer, at Stryker Neurovascular to talk about how their team transformed their clinical evidence workflows — and what they're... Bridging Speed and Rigor: A Smart Evidence Extraction Conference P"
280,DistillerSR Inc.,https://www.distillersr.com/,DistillerSR Appoints New Board Members to Accelerate Scaleup and Healthcare Analytics Domain Expertise - DistillerSR,https://www.distillersr.com/distillersr-appoints-new-board-members-to-accelerate-scaleup-and-healthcare-analytics-domain-expertise,/Users/justinyu/Desktop/linkedin-posts/output/ispor26_ai_vendor_screenshots/screenshots/distillersr-inc/4bfd491c47.png,3,high,"Explicit AI language appears with product/offering/service terms in the page title, URL, or captured evidence text.","ces DistillerSR Updates Glossary Get Started DistillerSR Appoints New Board Members to Accelerate Scaleup and Healthcare Analytics Domain Expertise Ottawa, Canada, April 11, 2023 –DistillerSR® Inc., the market leader in AI-enabled literature review automation software and creator of DistillerSR™, today welcomed Dr. Khaled El Emam and Jason Flick as new board members. The two serial entrepreneurs join Andrew Pinkerton, Partner at Thomvest Ventures, Maria Pacella, Managing Partner, Pender Ventures, and Peter O’Blenis, CEO, DistillerSR Inc. as members of the company’s board. Dr. El Emam has founded or co-founded five companies involved / About DistillerSR For more information about DistillerSR, visit www.distillersr.com Media Contact Vivian MacAdden [email protected] Stay in Touch with Our Quarterly Newsletter Subscribe Recent Posts From Excel Sheets to AI-Powered Evidence: A Conversation with Stryker Neurovascular’s Medical Writing Team At a recent webinar, DistillerSR’s Nicole LeDrew sat down with Brie Paddock, Medical Writing Manager, and Laryssa Ballrich, Staff Medical Writer, at Stryker Neurovascular to talk about how their team transformed their clinical evidence workflows — and what they're... Bridging Speed and Rigor: A Smart Evidence Extraction Conference P"
283,DistillerSR Inc.,https://www.distillersr.com/,DistillerSR Launches Industry’s First Purpose-built GenAI Solution for Literature Reviews - DistillerSR,https://www.distillersr.com/distillersr-launches-industrys-first-purpose-built-genai-solution-for-literature-reviews,/Users/justinyu/Desktop/linkedin-posts/output/ispor26_ai_vendor_screenshots/screenshots/distillersr-inc/9bfcee36af.png,14,high,"Explicit AI language appears with product/offering/service terms in the page title, URL, or captured evidence text.","c & Student Corporate & Government Services Resources Events Case Studies Blog Webinars Guides Briefs Methodological Resources DistillerSR Updates Glossary Get Started DistillerSR Launches Industry’s First Purpose-built GenAI Solution for Literature Reviews Smart Evidence Extraction (SEE) Accurately Finds, Suggests, Extracts, and Links Supporting Reference Evidence Instantly for Literature Reviews Barcelona, Spain, November 18, 2024 – DistillerSR® Inc., the market leader in AI-enabled literature review automation software and creator of DistillerSR®, today announced the availability of Smart Evidence Extraction (SEE)™, the industry’ / ture reviews are the cornerstone of evidence-based research; however, their production has traditionally been highly manual, time consuming, and error prone. In recent years, technology companies have attempted to apply large language models (LLMs) to extract and summarize scientific literature and clinical data. Most LLMs, however, generate significant inaccuracies, often called “hallucinations”, which can lead to serious data errors in regulatory submissions, scientific communications, and guideline development. SEE provides researchers with a purpose-built GenAI solution that is integrated into an auditable and efficient human-in"
284,DistillerSR Inc.,https://www.distillersr.com/,DistillerSR Launches New CuratorCR Capabilities to More Dynamically Manage and Re-Use Evidence-Based Research - DistillerSR,https://www.distillersr.com/distillersr-launches-new-curatorcr-capabilities-to-more-dynamically-manage-and-re-use-evidence-based-research,/Users/justinyu/Desktop/linkedin-posts/output/ispor26_ai_vendor_screenshots/screenshots/distillersr-inc/d7e3f46773.png,3,high,"Explicit AI language appears with product/offering/service terms in the page title, URL, or captured evidence text.","e and Re-Use Evidence-Based Research CuratorCR Knowledge Center Provides Alternative to Elsevier’s QUOSA Virtual Library as Its Sunset Date Looms Ottawa, Canada, October 31, 2022 –DistillerSR® Inc., the market leader in AI-enabled literature review automation software and creator of DistillerSR™, today launched new capabilities for its CuratorCR™ module. Integrated seamlessly with DistillerSR, CuratorCR is a knowledge center platform that centrally and dynamically manages evidence-based research, enabling users to continuously collect, share, update and reuse literature review metadata across their organizations. For medical device  / About DistillerSR For more information about DistillerSR, visit www.distillersr.com Media Contact Vivian MacAdden [email protected] Stay in Touch with Our Quarterly Newsletter Subscribe Recent Posts From Excel Sheets to AI-Powered Evidence: A Conversation with Stryker Neurovascular’s Medical Writing Team At a recent webinar, DistillerSR’s Nicole LeDrew sat down with Brie Paddock, Medical Writing Manager, and Laryssa Ballrich, Staff Medical Writer, at Stryker Neurovascular to talk about how their team transformed their clinical evidence workflows — and what they're... Bridging Speed and Rigor: A Smart Evidence Extraction Conference P"
285,DistillerSR Inc.,https://www.distillersr.com/,DistillerSR Launches New Library Services to Streamline Literature Search Strategies for Regulatory Submissions - DistillerSR,https://www.distillersr.com/distillersr-launches-new-library-services-to-streamline-literature-search-strategies-for-regulatory-submissions,/Users/justinyu/Desktop/linkedin-posts/output/ispor26_ai_vendor_screenshots/screenshots/distillersr-inc/56d0680b8d.png,4,high,"Explicit AI language appears with product/offering/service terms in the page title, URL, or captured evidence text.","rategies for Regulatory Submissions New offering provides research teams with expert medical librarian support and PRESS-compliant search methodologies Ottawa, CANADA – January 28, 2026 DistillerSR, the market leader in AI-enabled literature review automation and evidence management software, today announced the launch of DistillerSR Library Services. The comprehensive service offering provides research teams with access to senior medical librarians to deliver validated, reproducible search strategies for regulatory submissions. DistillerSR Library Services addresses a critical challenge facing life sciences organizations: developin / NGOs, and academic institutions. For more information, visit www.distillersr.com/. Media Contact: Vivian MacAdden [email protected] Stay in Touch with Our Quarterly Newsletter Subscribe Recent Posts From Excel Sheets to AI-Powered Evidence: A Conversation with Stryker Neurovascular’s Medical Writing Team At a recent webinar, DistillerSR’s Nicole LeDrew sat down with Brie Paddock, Medical Writing Manager, and Laryssa Ballrich, Staff Medical Writer, at Stryker Neurovascular to talk about how their team transformed their clinical evidence workflows — and what they're... Bridging Speed and Rigor: A Smart Evidence Extraction Conference P"
286,DistillerSR Inc.,https://www.distillersr.com/,DistillerSR Launches Online Courseware for the Pragmatic Application of Scientifically Validated AI to Literature Reviews - DistillerSR,https://www.distillersr.com/distillersr-launches-online-courseware-for-the-pragmatic-application-of-scientifically-validated-ai-to-literature-reviews,/Users/justinyu/Desktop/linkedin-posts/output/ispor26_ai_vendor_screenshots/screenshots/distillersr-inc/8a01c34932.png,3,high,"Explicit AI language appears with product/offering/service terms in the page title, URL, or captured evidence text.","iews New AI Course Enhances DistillerSR’s Comprehensive Online Portal of Literature Review Training and Certification Content for Medical Researchers Ottawa, Canada, May 7, 2024 – DistillerSR® Inc., the market leader in AI-enabled literature review automation software and creator of DistillerSR™, today announced the availability of a new AI training module targeted at medical research professionals conducting literature reviews. The course will be available on May 8th. Part of an extensive online portal of training and certification modules, called DistillerSR Learn, Demystifying AI is a training course designed to help literature r / About DistillerSR For more information about DistillerSR, visit www.distillersr.com Media Contact Vivian MacAdden [email protected] Stay in Touch with Our Quarterly Newsletter Subscribe Recent Posts From Excel Sheets to AI-Powered Evidence: A Conversation with Stryker Neurovascular’s Medical Writing Team At a recent webinar, DistillerSR’s Nicole LeDrew sat down with Brie Paddock, Medical Writing Manager, and Laryssa Ballrich, Staff Medical Writer, at Stryker Neurovascular to talk about how their team transformed their clinical evidence workflows — and what they're... Bridging Speed and Rigor: A Smart Evidence Extraction Conference P"
287,DistillerSR Inc.,https://www.distillersr.com/,DistillerSR Launches the Industry’s First Dedicated Managed Service Offering for its AI-enabled Evidence Management Platform - DistillerSR,https://www.distillersr.com/distillersr-launches-the-industrys-first-dedicated-managed-service-offering-for-its-ai-enabled-evidence-management-platform,/Users/justinyu/Desktop/linkedin-posts/output/ispor26_ai_vendor_screenshots/screenshots/distillersr-inc/225767daac.png,3,high,"Explicit AI language appears with product/offering/service terms in the page title, URL, or captured evidence text.","t Services Resources Events Case Studies Blog Webinars Guides Briefs Methodological Resources DistillerSR Updates Glossary Get Started DistillerSR Launches the Industry’s First Dedicated Managed Service Offering for its AI-enabled Evidence Management Platform Expert Managed Services Enables Customers to Accelerate Literature-Based Evidence Collection, Extraction, Analysis, and Reuse While Further Reducing Overall Research Costs Ottawa, Canada, July 17 2025 – DistillerSR® Inc., the market leader in literature review automation software and creator of DistillerSR®, today launched a comprehensive range of managed services for scientifi / 0- About DistillerSR For more information about DistillerSR, visit www.distillersr.com Media Contact Chris Wright [email protected] Stay in Touch with Our Quarterly Newsletter Subscribe Recent Posts From Excel Sheets to AI-Powered Evidence: A Conversation with Stryker Neurovascular’s Medical Writing Team At a recent webinar, DistillerSR’s Nicole LeDrew sat down with Brie Paddock, Medical Writing Manager, and Laryssa Ballrich, Staff Medical Writer, at Stryker Neurovascular to talk about how their team transformed their clinical evidence workflows — and what they're... Bridging Speed and Rigor: A Smart Evidence Extraction Conference P"
288,DistillerSR Inc.,https://www.distillersr.com/,DistillerSR Launches the Industry’s Most Advanced GenAI Capabilities for Extracting Scientific Literature Evidence - DistillerSR,https://www.distillersr.com/distillersr-launches-the-industrys-most-advanced-genai-capabilities-for-extracting-scientific-literature-evidence,/Users/justinyu/Desktop/linkedin-posts/output/ispor26_ai_vendor_screenshots/screenshots/distillersr-inc/d42c7cda69.png,10,high,"Explicit AI language appears with product/offering/service terms in the page title, URL, or captured evidence text.","mic & Student Corporate & Government Services Resources Events Case Studies Blog Webinars Guides Briefs Methodological Resources DistillerSR Updates Glossary Get Started DistillerSR Launches the Industry’s Most Advanced GenAI Capabilities for Extracting Scientific Literature Evidence DistillerSR’s Smart Evidence Extraction Now Fully Automates Text and Table Data at Scale OTTAWA, Canada — April 8, 2026 — DistillerSR, the market leader in AI-enabled literature review automation and evidence management, today announced new fully automated capabilities for its Smart Evidence Extraction (SEE) module. SEE uses purpose-built GenAI to autom / enAI Capabilities for Extracting Scientific Literature Evidence DistillerSR’s Smart Evidence Extraction Now Fully Automates Text and Table Data at Scale OTTAWA, Canada — April 8, 2026 — DistillerSR, the market leader in AI-enabled literature review automation and evidence management, today announced new fully automated capabilities for its Smart Evidence Extraction (SEE) module. SEE uses purpose-built GenAI to automate end‑to‑end workflows for extracting evidence from scientific literature at scale, while maintaining full auditability and human governance over AI‑generated outputs. As the volume of published research continues to gr"
289,DistillerSR Inc.,https://www.distillersr.com/,DistillerSR Recognized Among the Top 35% of Global Organizations Rated by EcoVadis for Business Sustainability - DistillerSR,https://www.distillersr.com/distillersr-recognized-among-the-top-35-of-global-organizations-rated-by-ecovadis-for-business-sustainability,/Users/justinyu/Desktop/linkedin-posts/output/ispor26_ai_vendor_screenshots/screenshots/distillersr-inc/0be9c4d1b5.png,3,high,"Explicit AI language appears with product/offering/service terms in the page title, URL, or captured evidence text.","t compares a company’s performance with all rated companies in the EcoVadis database over the previous 12 months. The percentile rank is calculated across all companies in all industries, not per industry. DistillerSR’s AI-enabled evidence management platform allows enterprise customers to securely automate the collection, re-use, and analysis of literature-based evidence — faster, more accurately, and more transparently at scale. Today the world’s largest pharmaceutical and medical device companies trust DistillerSR to manage their literature-based evidence pipeline, facilitating faster, more cost-effective literature reviews and o / About DistillerSR For more information about DistillerSR, visit www.distillersr.com Media Contact Vivian MacAdden [email protected] Stay in Touch with Our Quarterly Newsletter Subscribe Recent Posts From Excel Sheets to AI-Powered Evidence: A Conversation with Stryker Neurovascular’s Medical Writing Team At a recent webinar, DistillerSR’s Nicole LeDrew sat down with Brie Paddock, Medical Writing Manager, and Laryssa Ballrich, Staff Medical Writer, at Stryker Neurovascular to talk about how their team transformed their clinical evidence workflows — and what they're... Bridging Speed and Rigor: A Smart Evidence Extraction Conference P"
290,DistillerSR Inc.,https://www.distillersr.com/,"Evidence Partners Launches New Literature Review Automation, Data Integration and Project Dashboarding Capabilities for DistillerSR - DistillerSR",https://www.distillersr.com/evidence-partners-launches-new-literature-review-automation-data-integration-and-project-dashboarding-capabilities-for-distillersr,/Users/justinyu/Desktop/linkedin-posts/output/ispor26_ai_vendor_screenshots/screenshots/distillersr-inc/7995ab6aab.png,7,high,"Explicit AI language appears with product/offering/service terms in the page title, URL, or captured evidence text.","vidence Partners Launches New Literature Review Automation, Data Integration and Project Dashboarding Capabilities for DistillerSR Ottawa, Canada, October 19, 2020 – Evidence Partners Inc., provider of the world’s first AI-enabled literature review automation software, DistillerSR, today announced new capabilities that further improve the way researchers can reduce the time, administrative friction and cost to complete their literature reviews. Combining DistillerSR’s AI and workflow automation, these new capabilities provide customers with automatic email alerts from online content services, direct connections to full-text articles / About DistillerSR For more information about DistillerSR, visit www.distillersr.com Media Contact Vivian MacAdden [email protected] Stay in Touch with Our Quarterly Newsletter Subscribe Recent Posts From Excel Sheets to AI-Powered Evidence: A Conversation with Stryker Neurovascular’s Medical Writing Team At a recent webinar, DistillerSR’s Nicole LeDrew sat down with Brie Paddock, Medical Writing Manager, and Laryssa Ballrich, Staff Medical Writer, at Stryker Neurovascular to talk about how their team transformed their clinical evidence workflows — and what they're... Bridging Speed and Rigor: A Smart Evidence Extraction Conference P"
292,DistillerSR Inc.,https://www.distillersr.com/,Evidence Partners Raises $20 Million in Growth Financing to Fuel Global Expansion and Talent Acquisition - DistillerSR,https://www.distillersr.com/evidence-partners-raises-20-million-in-growth-financing-to-fuel-global-expansion-and-talent-acquisition,/Users/justinyu/Desktop/linkedin-posts/output/ispor26_ai_vendor_screenshots/screenshots/distillersr-inc/7a542a05c1.png,5,high,"Explicit AI language appears with product/offering/service terms in the page title, URL, or captured evidence text.","-Digit Growth of Literature Review Software Platform, DistillerSR, Sparks Formation of Growth Investment Consortium Led by Thomvest Ventures Ottawa, Canada, August 9, 2022 – Evidence Partners® Inc., the market leader in AI-enabled literature review automation software and creator of DistillerSR™, today announced that it has closed a $20 million growth financing round led by Thomvest Ventures with participation from Pender Ventures and Export Development Canada (EDC). Evidence Partners will use the funds to accelerate global growth and hire additional product, engineering, sales, marketing, and customer success talent. Bootstrapped s / d] ® Evidence Partners is a registered trademark of Evidence Partners, Inc. ™ DistillerSR is a trademark of Evidence Partners, Inc. Stay in Touch with Our Quarterly Newsletter Subscribe Recent Posts From Excel Sheets to AI-Powered Evidence: A Conversation with Stryker Neurovascular’s Medical Writing Team At a recent webinar, DistillerSR’s Nicole LeDrew sat down with Brie Paddock, Medical Writing Manager, and Laryssa Ballrich, Staff Medical Writer, at Stryker Neurovascular to talk about how their team transformed their clinical evidence workflows — and what they're... Bridging Speed and Rigor: A Smart Evidence Extraction Conference P"
293,DistillerSR Inc.,https://www.distillersr.com/,Evidence Partners Rebrands as DistillerSR to Leverage Market Awareness of Its Core Literature Review Platform - DistillerSR,https://www.distillersr.com/evidence-partners-rebrands-as-distillersr-to-leverage-market-awareness-of-its-core-literature-review-platform,/Users/justinyu/Desktop/linkedin-posts/output/ispor26_ai_vendor_screenshots/screenshots/distillersr-inc/4aa76a7da4.png,3,high,"Explicit AI language appears with product/offering/service terms in the page title, URL, or captured evidence text.","Team in Security, Product Management and Operations to Support Accelerating Growth Ottawa, Canada, September 28, 2022 – Building on its recent C$20 million growth financing, Evidence Partners® Inc., the market leader in AI-enabled literature review automation software and creator of DistillerSR™, today announced the rebranding of Evidence Partners Inc. as DistillerSR® Inc. The name change combines the company and product brand into one corporate entity, reinforcing the firm’s brand-building efforts in markets that are rapidly adopting DistillerSR as their literature review platform. “For more than a decade, DistillerSR has been the  / About DistillerSR For more information about DistillerSR, visit www.distillersr.com Media Contact Vivian MacAdden [email protected] Stay in Touch with Our Quarterly Newsletter Subscribe Recent Posts From Excel Sheets to AI-Powered Evidence: A Conversation with Stryker Neurovascular’s Medical Writing Team At a recent webinar, DistillerSR’s Nicole LeDrew sat down with Brie Paddock, Medical Writing Manager, and Laryssa Ballrich, Staff Medical Writer, at Stryker Neurovascular to talk about how their team transformed their clinical evidence workflows — and what they're... Bridging Speed and Rigor: A Smart Evidence Extraction Conference P"
294,DistillerSR Inc.,https://www.distillersr.com/,Health Agency Uses AI to Reduce COVID-19 Citation Screening and Data Extraction By 50% - DistillerSR,https://www.distillersr.com/resources/case-studies/health-agency-uses-ai-to-reduce-covid-19-citation-screening-and-data-extraction-by-50,/Users/justinyu/Desktop/linkedin-posts/output/ispor26_ai_vendor_screenshots/screenshots/distillersr-inc/683c26ef18.png,2,high,"Explicit AI language appears with product/offering/service terms in the page title, URL, or captured evidence text.","raging DistillerSR’s AI capabilities, the team can meet urgent update request received from a variety of sources, including the media and prominent public health decision-makers. Helping Employees Do More Reviews Faster AI-enabled automation has made it possible for the organization to stay up-to-date with growing volumes of new COVID-19 scientific literature. In addition, it makes updating evergreen reviews or umbrella reviews much easier, while the automatic audit trail and reporting means they can keep tabs on everything that is done in the project. The health agency’s project lead valued DistillerSR’s secure database and workflo"
295,DistillerSR Inc.,https://www.distillersr.com/,Platform 2025 - DistillerSR,https://www.distillersr.com/platform,/Users/justinyu/Desktop/linkedin-posts/output/ispor26_ai_vendor_screenshots/screenshots/distillersr-inc/a682a7a77c.png,4,high,"Explicit AI language appears with product/offering/service terms in the page title, URL, or captured evidence text."," Updates Glossary Get Started DistillerSR Platform One Literature Evidence Platform. No Evidence Silos. Contact Sales Learn More Trusted by 250+ of Companies Explore Our Capabilities Intelligent Automation Configurable, AI-enabled workflows for literature evidence reduce data extraction workloads by up to 50% Enterprise-Grade Platform DistillerSR builds security, scalability and availability into everything we do Data Integration Our API connects with your internal applications, for example, automating data flow to BI Evidence Reuse Break down data silos, prevent expensive rework and avoid duplicate purchasing Extract and Report Eas"
305,EasySLR,https://www.easyslr.com/,AI Systematic Review Software for Faster Evidence Synthesis,https://www.easyslr.com/,/Users/justinyu/Desktop/linkedin-posts/output/ispor26_ai_vendor_screenshots/screenshots/easyslr/e7365c0c97.png,8,medium,"Explicit AI language appears with product/offering/service terms in the page title, URL, or captured evidence text.","About Us Features Pricing Events Tools FREE Book a Demo Toggle theme Sign In Sign Up EasySLR will be exhibiting at Booth 543 at ISPOR US 2026 in Philadelphia, 17-20 May. Read more → Fly Through Reviews Built on advanced Large Language Model (LLM) research, deep domain expertise, and a focus on superior user experience, EasySLR simplifies your systematic review process. Claim Free Project No credit card required Learn more → Our Customers and Partners EasySLR is trusted by leading research organizations, universities, and healthcare consulting firms worldwide: Skyward Analytics Connect HEOR Olson Strategies Niper Mohali Lumanity Univ / ing Events Tools FREE Book a Demo Toggle theme Sign In Sign Up EasySLR will be exhibiting at Booth 543 at ISPOR US 2026 in Philadelphia, 17-20 May. Read more → Fly Through Reviews Built on advanced Large Language Model (LLM) research, deep domain expertise, and a focus on superior user experience, EasySLR simplifies your systematic review process. Claim Free Project No credit card required Learn more → Our Customers and Partners EasySLR is trusted by leading research organizations, universities, and healthcare consulting firms worldwide: Skyward Analytics Connect HEOR Olson Strategies Niper Mohali Lumanity University of Sydney ASC A"
310,EasySLR,https://www.easyslr.com/,AI Credit Controls at Organisation and Project Levels | EasySLR,https://www.easyslr.com/changelog/ai-credit-controls-at-organisation-and-project-levels,/Users/justinyu/Desktop/linkedin-posts/output/ispor26_ai_vendor_screenshots/screenshots/easyslr/bc29a86e84.png,1,high,"Explicit AI language appears with product/offering/service terms in the page title, URL, or captured evidence text.","project scope and priority. Applies to screening and data extraction The configured AI credit limits apply to both screening stages (TiAB and Full Text) as well as data extraction, ensuring consistent control across all AI-powered workflows. Real-time enforcement AI tasks automatically respect the defined limits. When a limit is reached, further AI runs are restricted until credits are adjusted. Clear visibility Users can easily view available and consumed AI credits at both the organization and project levels, improving transparency and planning. Why this is important Helps organisations manage and forecast AI costs more effectivel"
312,EasySLR,https://www.easyslr.com/,AI in Title-Abstract Mini Data Extraction (Mini DE) – Now Available | EasySLR,https://www.easyslr.com/changelog/ai-in-title-abstract-mini-data-extraction-mini-de-now-available,/Users/justinyu/Desktop/linkedin-posts/output/ispor26_ai_vendor_screenshots/screenshots/easyslr/f4008d7acf.png,1,high,"Explicit AI language appears with product/offering/service terms in the page title, URL, or captured evidence text.","ion (Mini DE) – Now Available March 17, 2026 Enhancement Changelog We’ve added AI into Mini Data Extraction at the Title–Abstract stage to help you capture structured insights earlier in your review workflow. What’s New AI-powered Mini Data Extraction at Title–Abstract screening Automatically extracts data into predefined Mini DE fields while screening articles. Built directly into the screening workflow AI suggestions appear within the Mini DE fields—no separate setup required. Rerun AI functionality Easily refresh AI suggestions after updating your fields. Key Benefits Faster early-stage data capture with minimal manual effort Ful"
313,EasySLR,https://www.easyslr.com/,"AI Powered Smart Tags, Filters & Visualisation in EasySLR | EasySLR",https://www.easyslr.com/changelog/ai-powered-smart-tags-filters-visualisation-in-easyslr,/Users/justinyu/Desktop/linkedin-posts/output/ispor26_ai_vendor_screenshots/screenshots/easyslr/8a130123b3.png,3,high,"Explicit AI language appears with product/offering/service terms in the page title, URL, or captured evidence text.","We use cookies for essential features and anonymised analytics to improve your experience. Learn moreOk EasySLR About Us Features Pricing Events Tools FREE Book a Demo Toggle theme Sign In Sign Up Go Back AI Powered Smart Tags, Filters & Visualisation in EasySLR February 26, 2026 Feature Changelog We’ve introduced AI-Powered Smart Tags, Filters, and Visualisation to help teams automatically classify, analyse, and explore study characteristics across their projects. AI Smart Tags automatically label articles using structured classifications based on: Population Intervention Outcome Country Study Design Evidence Level T /  moreOk EasySLR About Us Features Pricing Events Tools FREE Book a Demo Toggle theme Sign In Sign Up Go Back AI Powered Smart Tags, Filters & Visualisation in EasySLR February 26, 2026 Feature Changelog We’ve introduced AI-Powered Smart Tags, Filters, and Visualisation to help teams automatically classify, analyse, and explore study characteristics across their projects. AI Smart Tags automatically label articles using structured classifications based on: Population Intervention Outcome Country Study Design Evidence Level These tags enable faster filtering and interactive evidence mapping. What’s New AI Smart Tags Automatically clas"
315,EasySLR,https://www.easyslr.com/,Fully Automated TLR Workflow | EasySLR,https://www.easyslr.com/changelog/automated-ai-powered-tlr-workflow,/Users/justinyu/Desktop/linkedin-posts/output/ispor26_ai_vendor_screenshots/screenshots/easyslr/6104493061.png,9,high,"Explicit AI language appears with product/offering/service terms in the page title, URL, or captured evidence text.","gelog We’ve introduced a fully automated, AI-powered workflow for Targeted Literature Reviews (TLRs) in EasySLR, designed to help teams move from search to report faster without human intervention. What’s New End-to-end AI-enabled TLR workflow, covering: Search query generation Automatic article import from PubMed Protocol generation and setup AI-powered title–abstract and full-text screening Automated retrieval of freely available PDFs AI-enabled data extraction Automated report generation (Word format) Configurable automation: Choose to move through each stage manually, or Let the platform automatically progress to the next step E / ence. Learn moreOk EasySLR About Us Features Pricing Events Tools FREE Book a Demo Toggle theme Sign In Sign Up Go Back Fully Automated TLR Workflow January 29, 2026 Feature Changelog We’ve introduced a fully automated, AI-powered workflow for Targeted Literature Reviews (TLRs) in EasySLR, designed to help teams move from search to report faster without human intervention. What’s New End-to-end AI-enabled TLR workflow, covering: Search query generation Automatic article import from PubMed Protocol generation and setup AI-powered title–abstract and full-text screening Automated retrieval of freely available PDFs AI-enabled data extra"
317,EasySLR,https://www.easyslr.com/,OpenAlex Integration in AI-Powered TLR Workflow | EasySLR,https://www.easyslr.com/changelog/openalex-integration-in-ai-powered-tlr-workflow,/Users/justinyu/Desktop/linkedin-posts/output/ispor26_ai_vendor_screenshots/screenshots/easyslr/794a31bd83.png,2,high,"Explicit AI language appears with product/offering/service terms in the page title, URL, or captured evidence text.","okies for essential features and anonymised analytics to improve your experience. Learn moreOk EasySLR About Us Features Pricing Events Tools FREE Book a Demo Toggle theme Sign In Sign Up Go Back OpenAlex Integration in AI-Powered TLR Workflow April 1, 2026 Enhancement Changelog EasySLR now supports OpenAlex integration within the AI-powered TLR workflow, enabling automatic retrieval of articles from a broader, multidisciplinary database alongside PubMed. What’s New OpenAlex Article Import Automatically import articles from OpenAlex within the TLR workflow Access a large, open database of 250M+ scholarly works Seamlessly include Ope"
326,EVERSANA,https://www.eversana.com/,"Leverage Data, AI & Technology | EVERSANA",https://www.eversana.com/i-want-to/leverage-date-ai-technology/,/Users/justinyu/Desktop/linkedin-posts/output/ispor26_ai_vendor_screenshots/screenshots/eversana/80bd8fae77.png,5,high,"Explicit AI language appears with product/offering/service terms in the page title, URL, or captured evidence text.","ge with integrated solutions that enhance quality and safety. Medical Information Support launches and global growth with integrated, scalable solutions designed for evolving healthcare needs. Pharmacovigilance Leverage GenAI and real‑time insights to elevate safety performance and enable faster, informed decisions. Quality Assurance / Quality Management Systems Ensure compliance and reduce risk with lifecycle‑wide quality solutions built for global readiness. Regulatory Medical Affairs Strengthen product success with tailored strategies that support global clearance and guide development milestones. Strategy & Consulting Management / ology Designed to Perform EVERSANA applies data, analytics, and AI across the full commercialization lifecycle to help you operate smarter and faster—without compromising compliance or quality. Data & Advanced Analytics AI-Enabled Decision Support & Automation Pricing, Access & Revenue Management Technology Omnichannel & Engagement Platforms Secure, Scalable, and Compliant Architecture Explore Real Projects Here are some tangible examples of our work in market. Explore to learn more. AI in Pharma Marketing LEARN MORE Medical Information Innovations LEARN MORE EVERSANA ORCHESTRATE Omnichannel LEARN MORE Let’s apply data, AI, and tech"
327,EVERSANA,https://www.eversana.com/,AI Accelerator | EVERSANA,https://www.eversana.com/our-expertise/ai-accelerator/,/Users/justinyu/Desktop/linkedin-posts/output/ispor26_ai_vendor_screenshots/screenshots/eversana/0a4e2c4369.png,6,high,"Explicit AI language appears with product/offering/service terms in the page title, URL, or captured evidence text.","ge with integrated solutions that enhance quality and safety. Medical Information Support launches and global growth with integrated, scalable solutions designed for evolving healthcare needs. Pharmacovigilance Leverage GenAI and real‑time insights to elevate safety performance and enable faster, informed decisions. Quality Assurance / Quality Management Systems Ensure compliance and reduce risk with lifecycle‑wide quality solutions built for global readiness. Regulatory Medical Affairs Strengthen product success with tailored strategies that support global clearance and guide development milestones. Strategy & Consulting Management /  EVERSANA ORCHESTRATETM Operating System, ensuring efficient and effective end-to-end commercialization. LEARN MORE Products & Services From portfolio-level AI transformation assessments and workshops to “off the shelf” AI-powered solutions already driving efficiencies and impact, our offerings help you stay ahead no matter where you are in your AI-adoption journey. EXPLORE OFFERINGS Breaking News LEARN MORE Leading Innovators Faruk Capan Chief Innovation Officer Ramaa Nathan Vice President, Data Science & Real World Evidence Abid Rahman SVP, Innovation Pierantonio Russo Chief Medical Officer Drew McCormick Head of Data & Analytics "
330,EVERSANA,https://www.eversana.com/,"Medical, Legal, Reviews | EVERSANA",https://www.eversana.com/our-expertise/ai-accelerator/orchestrate-operating-system/medical-legal-reviews/,/Users/justinyu/Desktop/linkedin-posts/output/ispor26_ai_vendor_screenshots/screenshots/eversana/da6d162074.png,11,high,"Explicit AI language appears with product/offering/service terms in the page title, URL, or captured evidence text.","ge with integrated solutions that enhance quality and safety. Medical Information Support launches and global growth with integrated, scalable solutions designed for evolving healthcare needs. Pharmacovigilance Leverage GenAI and real‑time insights to elevate safety performance and enable faster, informed decisions. Quality Assurance / Quality Management Systems Ensure compliance and reduce risk with lifecycle‑wide quality solutions built for global readiness. Regulatory Medical Affairs Strengthen product success with tailored strategies that support global clearance and guide development milestones. Strategy & Consulting Management / ss, and inform decisions. Our Insights Our Experts Thought Leadership Scientific Expertise About News Careers CONTACT MENU MEDICAL, LEGAL, REVIEWS Transforming the MRL Process EVERSANA ORCHESTRATETM MLR A comprehensive, AI-powered and industry-integrated platform that is transforming the Medical, Legal and Regulatory (MLR) review process with guaranteed savings. SEE THE PLATFORM REQUEST A DEMO Built and Integrated With Accelerate Time to Market, Amplify Savings Guaranteed Savings Uses AI to identify, reference and manage claims that can reduce content reviews by 50% and speed time to get materials to market by 90%. Reduced Costs Sav"
335,EVERSANA,https://www.eversana.com/,Global Channel Management & 3PL | EVERSANA,https://www.eversana.com/our-services/distribution-channel-management/global-channel-management-3pl/,/Users/justinyu/Desktop/linkedin-posts/output/ispor26_ai_vendor_screenshots/screenshots/eversana/c929ba940c.png,4,high,"Explicit AI language appears with product/offering/service terms in the page title, URL, or captured evidence text.","ge with integrated solutions that enhance quality and safety. Medical Information Support launches and global growth with integrated, scalable solutions designed for evolving healthcare needs. Pharmacovigilance Leverage GenAI and real‑time insights to elevate safety performance and enable faster, informed decisions. Quality Assurance / Quality Management Systems Ensure compliance and reduce risk with lifecycle‑wide quality solutions built for global readiness. Regulatory Medical Affairs Strengthen product success with tailored strategies that support global clearance and guide development milestones. Strategy & Consulting Management /  model. At EVERSANA, our clients benefit from an agile, innovative distribution model. Enhanced Efficiency and Accuracy with Regulatory-Compliant Robotics and Automation Driving innovation through ongoing investments in AI-powered solutions remains a top priority to ensure we deliver the best service to patients and our partners. Our latest enhancement includes implementing a cutting-edge warehouse management system (WMS) from Datex, alongside AI-driven autonomous warehouse robots from Locus Robotics. These technologies are designed to boost warehouse accuracy and significantly increase operational efficiencies, such as streamlining"
352,EVERSANA,https://www.eversana.com/,Pharmacovigilance | EVERSANA,https://www.eversana.com/our-services/medical-affairs/pharmacovigilance/,/Users/justinyu/Desktop/linkedin-posts/output/ispor26_ai_vendor_screenshots/screenshots/eversana/11f94fc9a3.png,9,high,"Explicit AI language appears with product/offering/service terms in the page title, URL, or captured evidence text.","ge with integrated solutions that enhance quality and safety. Medical Information Support launches and global growth with integrated, scalable solutions designed for evolving healthcare needs. Pharmacovigilance Leverage GenAI and real‑time insights to elevate safety performance and enable faster, informed decisions. Quality Assurance / Quality Management Systems Ensure compliance and reduce risk with lifecycle‑wide quality solutions built for global readiness. Regulatory Medical Affairs Strengthen product success with tailored strategies that support global clearance and guide development milestones. Strategy & Consulting Management / ompromising data integrity. This empowers Marketing Authorization Holders (MAHs) to proactively manage safety risks, meet global regulatory demands, and make confident, data-driven decisions. EVERSANA ORCHESTRATE™ PV An AI-powered, expert-led digital solution that tackles critical challenges in literature monitoring and aggregate authoring—delivering speed, precision, scalability, and cost efficiency. LEARN MORE Modular Service Offerings Business Process Solutioning Redesign PV operations with scalability, automation and compliance at the core. Third-Party Audits & MAH Inspection Readiness Conducted by experienced GVP QA auditors to"
390,Genesis Research Group,https://genesisrg.com/,EVID AI: An introduction - Genesis Research Group,https://genesisrg.com/evid-ai-an-introduction/,/Users/justinyu/Desktop/linkedin-posts/output/ispor26_ai_vendor_screenshots/screenshots/genesis-research-group/67e6cca256.png,8,high,"Explicit AI language appears with product/offering/service terms in the page title, URL, or captured evidence text.","plainer Genesis Research’s patented EVID AI platform is the largest, most comprehensive, AI-powered database of health care literature-based results in the world, now with over 100 million data points. A full customized artificial intelligence platform, EVID AI revolutionizes formal projects such as literature reviews as well as optimizing the identification and extraction of data to answer specific questions on any given day. Please accept cookies to access this content To find out more about EVID AI, please email us at solutions@genesisrg.com or watch presentations by Matt Michelson on ‘The use of AI to support evidence developmen / urity, privacy, and compliance Get in touch search Insights EVID AI: An introduction October 10, 2021No Comments Watch our video explainer Genesis Research’s patented EVID AI platform is the largest, most comprehensive, AI-powered database of health care literature-based results in the world, now with over 100 million data points. A full customized artificial intelligence platform, EVID AI revolutionizes formal projects such as literature reviews as well as optimizing the identification and extraction of data to answer specific questions on any given day. Please accept cookies to access this content To find out more about EVID AI, p"
397,Genesis Research Group,https://genesisrg.com/,EVID AI | Evidence Intelligence Platform | Genesis RG,https://genesisrg.com/technology/evid-ai/,/Users/justinyu/Desktop/linkedin-posts/output/ispor26_ai_vendor_screenshots/screenshots/genesis-research-group/efa1fc11b4.png,18,high,"Explicit AI language appears with product/offering/service terms in the page title, URL, or captured evidence text."," the product lifecycle. Discover IEPs AI-powered evidence synthesis EVID AI is an AI-powered literature review platform that provides the world’s largest, up-to-date database of healthcare literature results and employs machine learning to extract and present the required data within structured evidence tables. Review EVID AI Headquarters: HOBOKEN 111 River Street, Suite 1120 Hoboken, New Jersey 07030, US FIT Engagement Model Solutions Technology Download brochure Research Hub Careers Newsletter Signup Contact Us © 2026 Genesis Research Group. All Rights Reserved. Privacy Policy | Terms of Use twitter linkedin instagram Close Menu / ut About us Leadership team Culture Environmental, Social, and Governance Security, privacy, and compliance Get in touch search EVID AI A better way to search and extract evidence from published literature EVID AI is an AI-powered literature review platform that represents the world’s largest, curated, up-to-date database of healthcare literature results. Our dedicated evidence synthesis teams use this platform to provide clients with unparalleled support. EVID AI 90m+ data points 50X faster than human searches 13% more articles 13X fewer irrelevant search results EVID AI PLATFORM Leverage our AI-powered evidence synthesis solutions"
428,Guidehouse,https://guidehouse.com/,AI & Data Services | Guidehouse,https://guidehouse.com/services/ai-and-data,/Users/justinyu/Desktop/linkedin-posts/output/ispor26_ai_vendor_screenshots/screenshots/guidehouse/a1fa6758d0.png,23,high,"Explicit AI language appears with product/offering/service terms in the page title, URL, or captured evidence text.","That creates the quality care that your communities depend on. Proven impact HEALTH Automating tedious year-end processes for a federal health agency COMMUNITIES, ENERGY & INFRASTRUCTURE Readying local government for an AI-powered future THE GUIDELINE PODCAST Innovation. Regulation. Real-world insight. Listen now Trusted insights See related insights HEALTH AI can transform your healthcare organization—if your EHR is ready FINANCIAL SERVICES Embedded finance: Who owns risk in the new invisible channel? FINANCIAL SERVICES From rules to intelligence: The case for AI-based transaction monitoring Meet our experts Karen Odegaard Partner "
436,Health Catalyst,https://www.healthcatalyst.com/,Healthcare Analytics | Healthcare Solutions and Technology | Health Catalyst,https://www.healthcatalyst.com/,/Users/justinyu/Desktop/linkedin-posts/output/ispor26_ai_vendor_screenshots/screenshots/health-catalyst/4e58c26efb.png,5,high,"Explicit AI language appears with product/offering/service terms in the page title, URL, or captured evidence text.","cess 38% relative improvement in quality scores Plus, over 16 years exclusively focused on healthcare $22M in cost savings Plus, over $1.9M in new revenue Cardiovascular service line savings: $75M $32.2M savings through AI-enabled care management Schedule a Demo Schedule a Demo Featured Resources Clinical Quality Improvement: Data-Driven Strategies for CQOs Learn More Advancing Pancreatic Cancer Care Through Scalable ePRO Collection From Data to Dialogue: Engaging Physicians in Quality Improvement Data-Driven Lab Stewardship Empowers Teams and Saves $4M Transforming Healthcare Is Our Passion Stay Informed Join our growing community  / Save My Preferences Continue Powered by Solutions Use Cases Resources Company Sign In Request a Demo Improvements You Can Measure. Outcomes That Matter. We start with your goals and deliver the solutions, expertise, and AI-powered insights to get you there—faster and more sustainably than you thought possible. Learn More Health Catalyst Solutions What’s Your Organization’s Most Pressing Challenge? Shrinking Revenue Soaring Operational Costs Poor Compliance and Risk Management Costly Inefficiencies and Persistent Waste Limited Patient Access, Engagement, and Satisfaction Low Quality and Reimbursement High Readmissions and Complicatio"
437,Health Catalyst,https://www.healthcatalyst.com/,Healthcare Analytics Solutions | Health Catalyst,https://healthcatalyst.com/healthcare-analytics,/Users/justinyu/Desktop/linkedin-posts/output/ispor26_ai_vendor_screenshots/screenshots/health-catalyst/37c8e63d4e.png,2,high,"Explicit AI language appears with product/offering/service terms in the page title, URL, or captured evidence text.","cess 38% relative improvement in quality scores Plus, over 16 years exclusively focused on healthcare $22M in cost savings Plus, over $1.9M in new revenue Cardiovascular service line savings: $75M $32.2M savings through AI-enabled care management How We Work With You Every solution is backed by decades of healthcare expertise, a proven methodology, and a partnership mindset. We don’t just deliver data or dashboards—we help you solve the problem at its core. Our approach combines deep healthcare expertise, proven improvement methods, and the ability to embed change directly into your workflows. Transforming Healthcare Is Our Passion "
438,Health Catalyst,https://www.healthcatalyst.com/,Clinical Quality Improvement Solutions | Health Catalyst,https://healthcatalyst.com/healthcare-analytics/clinical-quality,/Users/justinyu/Desktop/linkedin-posts/output/ispor26_ai_vendor_screenshots/screenshots/health-catalyst/0bf66a74ff.png,2,high,"Explicit AI language appears with product/offering/service terms in the page title, URL, or captured evidence text.","le outcomes. Reducing the cost and burden of data collection, validation, and reporting. Embedding evidence-based care improvements for acute, chronic, and surgical conditions. Our solutions bring together trusted data, AI-enabled tools, and expert support to turn strategy into sustainable impact. Don't Take Our Word For It These results show what’s possible when you combine trusted data, proven solutions, AI-powered insight, and deep healthcare expertise. $2.8B+ in client-validated outcomes $800M+ revenue improvement 40M+ lives positively impacted by data-informed care 1,100+ healthcare organizations trust our solutions 390+ docume /  bring together trusted data, AI-enabled tools, and expert support to turn strategy into sustainable impact. Don't Take Our Word For It These results show what’s possible when you combine trusted data, proven solutions, AI-powered insight, and deep healthcare expertise. $2.8B+ in client-validated outcomes $800M+ revenue improvement 40M+ lives positively impacted by data-informed care 1,100+ healthcare organizations trust our solutions 390+ documented case studies of measurable improvement 16+ years exclusively focused on healthcare Ready to prioritize clinical improvement with trusted data? Schedule a Demo Proven Outcomes View All A"
441,Health Catalyst,https://www.healthcatalyst.com/,Population Health and Value-Based Care Solutions | Health Catalyst,https://healthcatalyst.com/healthcare-analytics/population-health-value-based-care,/Users/justinyu/Desktop/linkedin-posts/output/ispor26_ai_vendor_screenshots/screenshots/health-catalyst/ccb84b5e6c.png,2,high,"Explicit AI language appears with product/offering/service terms in the page title, URL, or captured evidence text."," Streamlining workflows and labor use. Improving patient flow without adding FTEs. Attracting and retaining patients in a competitive market. Scaling service lines sustainably. Our solutions bring together trusted data, AI-enabled tools, and expert support to turn strategy into sustainable impact. Don't Take Our Word For It These results show what’s possible when you combine trusted data, proven solutions, AI-powered insight, and deep healthcare expertise. $2.8B+ in client-validated outcomes $800M+ revenue improvement 40M+ lives positively impacted by data-informed care 1,100+ healthcare organizations trust our solutions 390+ docume /  bring together trusted data, AI-enabled tools, and expert support to turn strategy into sustainable impact. Don't Take Our Word For It These results show what’s possible when you combine trusted data, proven solutions, AI-powered insight, and deep healthcare expertise. $2.8B+ in client-validated outcomes $800M+ revenue improvement 40M+ lives positively impacted by data-informed care 1,100+ healthcare organizations trust our solutions 390+ documented case studies of measurable improvement 16+ years exclusively focused on healthcare Ready to align your population health and VBC strategy? Schedule a Demo Proven Outcomes View All Scala"
444,Health Catalyst,https://www.healthcatalyst.com/,Multi-year Data and Analytics Journey Yields Significant Improvements in Organizational Performance and Patient Outcomes,https://healthcatalyst.com/learn/success-stories/analytics-cost-effectiveness-unitypoint-health,/Users/justinyu/Desktop/linkedin-posts/output/ispor26_ai_vendor_screenshots/screenshots/health-catalyst/f86b38bdfb.png,14,high,"Explicit AI language appears with product/offering/service terms in the page title, URL, or captured evidence text.","cs Journey Yields Significant Improvements in Organizational Performance and Patient Outcomes Multi-year Data and Analytics Journey Yields Significant Improvements in Organizational Performance and Patient Outcomes AI & Machine Learning Data & Analytics Summary Healthcare is no stranger to change. From new technology to global pandemics, the industry has learned how to flex and respond to a rapidly changing environment. The most successful healthcare systems have mastered the utilization of data and analytics, ensuring optimal cost-effectiveness in their analytical endeavors. UnityPoint Health embarked on a data and analytics journe / benefit from support, articulate clear success measures, celebrate high-performing facilities and providers through shared savings, and leverage common measures and tools across the ACO network. The organization created AI-enabled care management tools to provide care managers with a one-page view of utilization, each patient’s chronic conditions, and care gap data needed to identify patient needs and to intervene to close care gaps, improve primary and preventative care, and decrease unnecessary utilization. CHOOSING THE RIGHT METRICS MOVES PROGRESS IN THE RIGHT DIRECTION Data and analytics are integrated into UnityPoint Health’s s"
448,Health Catalyst,https://www.healthcatalyst.com/,"AI in Healthcare: Hype, Hope, and Missed Opportunities",https://healthcatalyst.com/learn/webinars/ai-in-healthcare-hype-hope-and-missed-opportunities,/Users/justinyu/Desktop/linkedin-posts/output/ispor26_ai_vendor_screenshots/screenshots/health-catalyst/771e9501bd.png,6,medium,"Explicit AI language appears with product/offering/service terms in the page title, URL, or captured evidence text.","mpany Sign In Request a Demo Home / Resources / Webinars / AI in Healthcare: Hype, Hope, and Missed Opportunities AI in Healthcare: Hype, Hope, and Missed Opportunities June 28, 2023 Jason Jones, PhD Jessica Curran AI & Machine Learning During this webinar you'll learn the following: Practical examples of progress, pitfalls, and what you can do with AI in Healthcare. This time last year, would you have anticipated having ChatGPT? Once again, we have seen technology make a leap few anticipated. We also have seen the shortcomings and more fear than usual around cloud AI developments. Jessica Curran and Jason Jones will share their per"
450,Health Catalyst,https://www.healthcatalyst.com/,"Healthcare Tech Insights: AI, Trends, and Platforms Demystified",https://healthcatalyst.com/learn/webinars/healthcare-tech-insights-ai-trends-and-platforms-demystified,/Users/justinyu/Desktop/linkedin-posts/output/ispor26_ai_vendor_screenshots/screenshots/health-catalyst/430c6c7084.png,7,medium,"Explicit AI language appears with product/offering/service terms in the page title, URL, or captured evidence text.","gn In Request a Demo Home / Resources / Webinars / Healthcare Tech Insights: AI, Trends, and Platforms Demystified Healthcare Tech Insights: AI, Trends, and Platforms Demystified March 14, 2024 Tim Zenger Dave Ross AI & Machine Learning Data & Analytics During this webinar you'll learn the following: AI’s potential using real-world use cases and discussing common misconceptions. How Data Literacy shapes an organization’s utilization of data and technology for transformative outcomes How healthcare platforms can revolutionize scalability, interoperability, and innovation within your organization During this webinar, we will discuss t"
461,HealthVerity,https://healthverity.com/,What everyone’s missing about data quality for AI and FDA readiness,https://blog.healthverity.com/what-everyones-missing-about-data-quality-for-ai-and-fda-readiness,/Users/justinyu/Desktop/linkedin-posts/output/ispor26_ai_vendor_screenshots/screenshots/healthverity/c42d2c0ff4.png,45,medium,"Explicit AI language appears with product/offering/service terms in the page title, URL, or captured evidence text.","s CAREERS ABOUT US REQUEST DEMO Trends & Insights, Industry Updates, Case Studies What everyone’s missing about data quality for AI and FDA readiness June 3, 2025 FDA's AI guidance is reshaping real-world data standards Artificial Intelligence (AI) is rapidly changing the landscape of life sciences, offering powerful tools for streamlining clinical trials, optimizing drug development, and enhancing regulatory decision-making. Recognizing this, the FDA recently released a significant draft guidance titled, ""Considerations for the Use of Artificial Intelligence to Support Regulatory Decision-Making for Drug and Biological Products,"" o / ata to ensure generalizability. Strategies for maintaining data representativeness over time to support ongoing model accuracy.5 A compelling example of this shift comes from Atrium Health, where researchers developed a large language model (LLM)-powered platform to improve clinical trial screening in oncology.6 The platform was built using both public and commercial data sources, including real-world data licensed from HealthVerity. The tool matches patients to relevant clinical trials by assessing eligibility criteria, surfacing EHR-based evidence, and filtering trial relevance, all with high accuracy and traceability. The platfor"
477,"Icon Clinical Research, LLC",https://www.iconplc.com/,AI at ICON | ICON plc,https://www.iconplc.com/solutions/technologies/ai,/Users/justinyu/Desktop/linkedin-posts/output/ispor26_ai_vendor_screenshots/screenshots/icon-clinical-research-llc/454cf9602f.png,46,high,"Explicit AI language appears with product/offering/service terms in the page title, URL, or captured evidence text.","ies AI at ICON AI at ICON Let's create what's next Play Dismiss Video Modal Industry recognition. See more on the awards page. At ICON, we are at the forefront of innovation in clinical research, harnessing the power of Artificial Intelligence to transform the way trials are conducted. Our AI solutions are designed to accelerate trial timelines, improve data accuracy, optimise resource management, and ensure compliance—all while maintaining the highest ethical standards. With our AI-driven approach, we are committed to delivering faster, smarter, and more reliable outcomes that benefit sponsors, patients, and healthcare providers fo / st standard of data quality and protect and preserve our stakeholders’ individual privacy, confidentiality, and intellectual property rights. AI at ICON insights and media contributions Blog: Managing AI model biases in AI-enabled SaMDs Medical device developers using AI in software as a medical device must avoid AI biases to optimise their SaMDs and limit health disparity perpetuation. Media article: Interview series: Part 1 of 5 - Rethinking site activation to cut startup timelines How contract standardisation, proactive budget alignment, and AI-enabled negotiation tools can reduce site activation delays and turn agreements into s"
478,"Icon Clinical Research, LLC",https://www.iconplc.com/,Developing AI in software as a medical device (SaMD),https://www.iconplc.com/insights/digital-disruption/software-medical-device-samd/developing-ai-in-samd,/Users/justinyu/Desktop/linkedin-posts/output/ispor26_ai_vendor_screenshots/screenshots/icon-clinical-research-llc/8f5dba88ba.png,13,high,"Explicit AI language appears with product/offering/service terms in the page title, URL, or captured evidence text.","ome Insights Digital Disruption Software as a medical device (SaMD) Developing AI in SaMD Developing AI in software as a medical device (SaMD): Model and data selection best practices The number of FDA authorisations of artificial intelligence medical devices and AI-enabled software as medical devices (SaMDs) has accelerated over the past three years. Today many scientists and engineers are exploring how AI in medical devices and machine learning medical devices can enhance their existing products and develop new ones. The right medical device AI model and data can transform healthcare, helping physicians and patients to identify sy / ns of artificial intelligence medical devices and AI-enabled software as medical devices (SaMDs) has accelerated over the past three years. Today many scientists and engineers are exploring how AI in medical devices and machine learning medical devices can enhance their existing products and develop new ones. The right medical device AI model and data can transform healthcare, helping physicians and patients to identify symptoms, diagnose and manage conditions. Developing these technologies and gaining regulatory approval requires strategic oversight and informed decision-making. This whitepaper, the second in our series of three, o"
481,IMO Health,https://www.imohealth.com/,EHRs and Point of Care Solutions | IMO Health,https://www.imohealth.com/ehrs-and-point-of-care-solutions/,/Users/justinyu/Desktop/linkedin-posts/output/ispor26_ai_vendor_screenshots/screenshots/imo-health/318c9ad34d.png,4,high,"Explicit AI language appears with product/offering/service terms in the page title, URL, or captured evidence text.","ng our customers capture high quality patient data, optimize reimbursements, deliver quality reporting, and inform care delivery. Carol Labadini Vice President of Client Services, MEDITECH As we continue to innovate our AI-powered CMX platform, we recognize the critical role that standardized terminologies play in accurately capturing and interpreting patient data. With the integration of IMO Health's comprehensive code mappings within our platform, CodaMetrix is able to streamline revenue cycle management by automating the most costly coding practices, resulting in improved accuracy and efficiency. Hamid Tabatabaie President and CE"
490,IMO Health,https://www.imohealth.com/,"Achieving reliable, explainable AI with a clinically grounded knowledge graph",https://www.imohealth.com/resources/achieving-reliable-explainable-ai-with-a-clinically-grounded-knowledge-graph/,/Users/justinyu/Desktop/linkedin-posts/output/ispor26_ai_vendor_screenshots/screenshots/imo-health/bbb57c2bbf.png,11,medium,"Explicit AI language appears with product/offering/service terms in the page title, URL, or captured evidence text.","h’s Knowledge Graph changes the care journey, reducing rework, supporting more accurate coding and billing, and improving the reliability of downstream data. READ THE INSIGHT BRIEF SCHEDULE A DEMO Article Topics: AI and NLP, Life Sciences RELATED CONTENT How a healthcare knowledge graph preserves clinical intent across the care journey Graph to graph: How clinical semantics power real clinical AI Accelerating rare disease diagnosis and drug development with better data and AI Case study: Accelerating literature review with AI-assisted precision The power of IMO Health’s Knowledge Graph Latest Resources​ SEE ALL IMO Health wins 2026 "
496,IMO Health,https://www.imohealth.com/,Can AI automate scientific literature review? Meet ASCOmind | IMO Health,https://www.imohealth.com/resources/can-ai-automate-scientific-literature-review-meet-ascomind/,/Users/justinyu/Desktop/linkedin-posts/output/ispor26_ai_vendor_screenshots/screenshots/imo-health/c678f04ab1.png,18,high,"Explicit AI language appears with product/offering/service terms in the page title, URL, or captured evidence text.","on-making, which then delays strategic planning and resource allocation. To put it plainly: It’s time we streamlined scientific literature review (SLR) – and that’s precisely what IMO Health set out to do. Four internal artificial intelligence (AI) experts – Kyeryoung Lee, PhD, Hunki Paek, PhD, Nneka Ofoegbu, and Xiaoyan Wang PhD, FAMIA – authored a paper about ASCOmind, an AI agent developed by IMO Health that can reduce large-scale manual SLR workloads in oncology and accelerate real-world evidence synthesis. Lee presented these findings at ASCO 2025. Read on for more details about the study and how similar models could transform  /  Maximize insights. Learn how our AI-powered, no-code Life Sciences solution optimizes ROI and improves clinical decision-making. Want to see it in action? Schedule a demo today. Article Topics: Financial Return, AI and NLP, Life Sciences RELATED CONTENT How a healthcare knowledge graph preserves clinical intent across the care journey Achieving reliable, explainable AI with a clinically grounded knowledge graph Accelerating rare disease diagnosis and drug development with better data and AI Case study: Accelerating literature review with AI-assisted precision The power of IMO Health’s Knowledge Graph Latest Resources​ SEE ALL Graph"
498,IMO Health,https://www.imohealth.com/,Case study: Accelerating literature review with AI-assisted precision,https://www.imohealth.com/resources/case-study-accelerating-literature-review-with-ai-assisted-precision/,/Users/justinyu/Desktop/linkedin-posts/output/ispor26_ai_vendor_screenshots/screenshots/imo-health/38b80af562.png,19,high,"Explicit AI language appears with product/offering/service terms in the page title, URL, or captured evidence text.","or – rapidly triaging large volumes of literature while preserving methodological control, transparency, and consistency. Li Y, Datta S, Rastegar-Mojarad M, et al. Enhancing systematic literature reviews with generative artificial intelligence: development, applications, and performance evaluation. Journal of the American Medical Informatics Association. April 2025. Accessed via: https://doi.org/10.1093/jamia/ocaf030 Results In evaluating the AI-assisted workflow against human review, the organization demonstrated strong performance across both screening and extraction, with metrics approaching expert-level agreement. Abstract scree / design, strengthening regulatory strategy, and enabling more effective market access. To learn more about IMO Health’s SLR solution, click here. *Population, Intervention, Comparison, and Outcome. Article Topics: AI and NLP, Life Sciences RELATED CONTENT Accelerating rare disease diagnosis and drug development with better data and AI The power of IMO Health’s Knowledge Graph Identifying treatment-eligible patients in the EHR with precision Getting clinical-grade AI right in systematic literature review The precision problem in systematic literature review Latest Resources​ SEE ALL Graph to graph: How clinical semantics power real cl"
499,IMO Health,https://www.imohealth.com/,Case study: Enhancing NLP with clinical terminology | IMO Health,https://www.imohealth.com/resources/case-study-enhancing-nlp-with-clinical-terminology/,/Users/justinyu/Desktop/linkedin-posts/output/ispor26_ai_vendor_screenshots/screenshots/imo-health/c1679fb648.png,18,high,"Explicit AI language appears with product/offering/service terms in the page title, URL, or captured evidence text.","d to identify such patients were only available in semi-structured data within hospital clinic letters, which required the manual review of all patients. Researchers at the University of Manchester sought to study how a natural language processing (NLP) approach could help clinicians identify patients for shielding in the Rheumatology Department at a local hospital. This approach would use text-mining to extract diagnoses and medications from the free-text portion of semi-structured outpatient letters. The extracted information would then be fed into an algorithm to determine whether a particular patient should be recommended for sh / SEE IT IN ACTION: THE POWER OF IMO HEALTH'S KNOWLEDGE GRAPH IMO STUDIO LOGIN Products Open Products Solutions Open Solutions About Us Open About Us Resources Open Resources CONTACT US SCHEDULE DEMO Case study: Enhancing NLP with clinical terminology Learn how the University of Manchester leveraged IMO Health’s robust clinical interface terminology to help drive their COVID-19 shielding algorithm. Published September 23, 2022 Written by IMO Health Staff TABLE OF CONTENTS Center profile The challenge The solution Enhancing NLP to help identify vulnerable patients Looking forward Center profile The Center for Epidemiology Versus Arthri"
503,IMO Health,https://www.imohealth.com/,Decentralizing clinical AI value creation with MCP,https://www.imohealth.com/resources/decentralizing-clinical-ai-value-creation-with-mcp/,/Users/justinyu/Desktop/linkedin-posts/output/ispor26_ai_vendor_screenshots/screenshots/imo-health/6552c2d5f8.png,27,medium,"Explicit AI language appears with product/offering/service terms in the page title, URL, or captured evidence text.","but through standardized, agent accessible capabilities. The deployment of Model Context Protocol (MCP) servers is the technical inflection point enabling this shift. By adopting MCP as its primary interface to clinical artificial intelligence (AI) systems, IMO Health is repositioning its terminology assets, including our knowledge graph and applications, into foundational infrastructure for healthcare AI. Why MCP is a turning point for healthcare AI Historically, IMO Health’s value has been embedded inside downstream systems: electronic health record (EHR) workflows, analytics tools, and revenue cycle tools. MCP changes this dynami / context-protocol https://www.rtinsights.com/ai-that-plays-by-your-rules-why-enterprise-mcp-integration-changes-everything/ https://developers.googleblog.com/developers-guide-to-ai-agent-protocols/ Article Topics: AI and NLP, Other RELATED CONTENT How a healthcare knowledge graph preserves clinical intent across the care journey Achieving reliable, explainable AI with a clinically grounded knowledge graph Graph to graph: How clinical semantics power real clinical AI Accelerating rare disease diagnosis and drug development with better data and AI Case study: Accelerating literature review with AI-assisted precision Latest Resources​ S"
508,IMO Health,https://www.imohealth.com/,How agentic AI accelerates clinical terminology migration,https://www.imohealth.com/resources/how-agentic-ai-accelerates-clinical-terminology-migration/,/Users/justinyu/Desktop/linkedin-posts/output/ispor26_ai_vendor_screenshots/screenshots/imo-health/647a933b36.png,19,medium,"Explicit AI language appears with product/offering/service terms in the page title, URL, or captured evidence text.","ally, this process has been manual and time-consuming, involving multiple teams of clinical experts, mappers, and tools. To save time and gain greater efficiency, we have been exploring the targeted and strategic use of artificial intelligence (AI). Our goal is not to replace the rigor built into those labor-intensive workflows, but to augment it with a policy-aware AI layer that accelerates decision-making and reduces manual effort. To achieve this aim, we’ve designed an agentic AI architecture, built around a supervisor agent that coordinates the entire process of term validation, matching, and creation. The role of the Supervisor /  and accelerating turnaround time for clients. Learn more about how IMO Clinical AI safeguards clinical intent, structures patient data, and transforms terminology workflows. Article Topics: Clinical Terminology, AI and NLP RELATED CONTENT Graph to graph: How clinical semantics power real clinical AI Accelerating rare disease diagnosis and drug development with better data and AI Case study: Accelerating literature review with AI-assisted precision The power of IMO Health’s Knowledge Graph The hidden revenue lever in healthcare technology: Diagnostic specificity Latest Resources​ SEE ALL IMO Health wins 2026 award for healthcare big"
509,IMO Health,https://www.imohealth.com/,How can ambient AI scribes capture clinical nuance? | IMO Health,https://www.imohealth.com/resources/how-can-ambient-ai-scribes-capture-clinical-nuance/,/Users/justinyu/Desktop/linkedin-posts/output/ispor26_ai_vendor_screenshots/screenshots/imo-health/72daff74cd.png,16,medium,"Explicit AI language appears with product/offering/service terms in the page title, URL, or captured evidence text.","nessing the potential of ambient AI: Optimizing workflows, reducing burnout, and improving patient interaction. DOWNLOAD NOW SNOMED and SNOMED CT are registered trademarks of SNOMED International. Article Topics: AI and NLP, Clinical Documentation and Coding RELATED CONTENT Graph to graph: How clinical semantics power real clinical AI Accelerating rare disease diagnosis and drug development with better data and AI Case study: Accelerating literature review with AI-assisted precision The power of IMO Health’s Knowledge Graph The hidden revenue lever in healthcare technology: Diagnostic specificity Latest Resources​ SEE ALL IMO Health"
511,Initiate Consultancy,https://www.initiateconsultancy.com/,Value demonstration and health economic modelling for AI cardiac CT interpretation tool – Initiate Consultancy,https://www.initiateconsultancy.com/ic_case_study/value-demonstration-and-health-economic-modelling-for-ai-cardiac-ct-interpretation-tool/,/Users/justinyu/Desktop/linkedin-posts/output/ispor26_ai_vendor_screenshots/screenshots/initiate-consultancy/844fb4a183.png,1,medium,"Explicit AI language appears with product/offering/service terms in the page title, URL, or captured evidence text.",
512,Initiate Consultancy,https://www.initiateconsultancy.com/,Validation of Artificial Intelligence (AI) Tool to Identify PICO Questions for EU Joint Clinical Assessment (JCA) – Initiate Consultancy,https://www.initiateconsultancy.com/ic_work/validation-of-artificial-intelligence-ai-tool-to-identify-pico-questions-for-eu-joint-clinical-assessment-jca/,/Users/justinyu/Desktop/linkedin-posts/output/ispor26_ai_vendor_screenshots/screenshots/initiate-consultancy/df449cbc81.png,2,medium,"Explicit AI language appears with product/offering/service terms in the page title, URL, or captured evidence text.","g & reimbursement Payer & clinical insights Asset evaluation & market opportunity Training & learning support Case studies Industry Insights Thought Leadership Events Publications Prices Join us Contact us Validation of Artificial Intelligence (AI) Tool to Identify PICO Questions for EU Joint Clinical Assessment (JCA) Previous Post A Cross-Sectional Analysis of Early Access Programs in NICE Health Technology Assessments Next Post An Overview of Pricing and Reimbursement Frameworks for Medicinal Products in Central and Eastern European (CEE) Countries: Mechanisms, Rules, And Managed Entry Agreements (MEAs) © Copyright 2026 Initiate C"
518,Inovalon Inc.,https://www.inovalon.com/,Clinical Trial Eligibility Screener - Inovalon,https://www.inovalon.com/products/data-cloud/data-solutions/clinical-trial-eligibility-screener/,/Users/justinyu/Desktop/linkedin-posts/output/ispor26_ai_vendor_screenshots/screenshots/inovalon-inc/405eb42635.png,6,high,"Explicit AI language appears with product/offering/service terms in the page title, URL, or captured evidence text.","lated Products Resources Download Product Sheet Instant Eligibility Decisions, Backed by Real Data Confirm patients' clinical trial eligibility in seconds – reducing manual chart reviews, delays, and guesswork. Fill enrollment faster with trusted, real-time claims data. Real-Time Screening Plug into your existing recruitment workflow and instantly spot if a patient is eligible. Claims-Based Precision Assess eligibility in seconds using a patient’s full medical claims history - no rechecks, just reliable results. Clear, Trusted Results Get a clear pass, fail, or inconclusive response for each clinical trial eligibility criterion, val / with real-world data and commercial analytics. Inovalon Clinical Trial Patient Finder product detail page Clinical Research Patient Finder Recruit eligible, diverse patients faster for your next clinical trial with this AI-powered, EMR-integrated software. See More Data & Solutions RESOURCES Data Insights From Our Experts Gain insights from Inovalon case studies, infographics, videos, and other resources to get the most out of our products and solutions. Achieving the Healthcare Data Goldilocks Zone Patient Insights: Gaps in Care DataStream Patient Insights: Disease Burden Insights, Product Sheet, Provider View more Let's transform "
519,Inovalon Inc.,https://www.inovalon.com/,Clinical Analytics - Inovalon,https://www.inovalon.com/products/data-cloud/data-solutions/real-world-patient-insights-to-optimize-clinical-trials/,/Users/justinyu/Desktop/linkedin-posts/output/ispor26_ai_vendor_screenshots/screenshots/inovalon-inc/105ce9856e.png,5,high,"Explicit AI language appears with product/offering/service terms in the page title, URL, or captured evidence text.","with real-world data and commercial analytics. Inovalon Clinical Trial Patient Finder product detail page Clinical Research Patient Finder Recruit eligible, diverse patients faster for your next clinical trial with this AI-powered, EMR-integrated software. Inovalon DataStream Clinical Trial Eligibility Screener product details page Clinical Trial Eligibility Screener Confirm patient eligibility faster, using longitudinal health data and clinical trial guidelines. See More Data & Solutions Resources Gain insights from Inovalon case studies, infographics, videos, and other resources to get the most out of our products and solutions. C"
520,Inovalon Inc.,https://www.inovalon.com/,Clinical Research Patient Finder - Clinical Trial Recruitment Software,https://www.inovalon.com/products/data-cloud/data-solutions/real-world-patient-insights-to-optimize-clinical-trials/patient-finder/,/Users/justinyu/Desktop/linkedin-posts/output/ispor26_ai_vendor_screenshots/screenshots/inovalon-inc/c46631fb34.png,6,high,"Explicit AI language appears with product/offering/service terms in the page title, URL, or captured evidence text.","uit eligible, diverse patients faster for your next clinical trial. Request A Demo Overview Benefits How It Works Related Products Resources Download Product Sheet Smarter, Faster Clinical Trial Recruitment Stop the enrollment chaos. Inovalon’s Clinical Research Patient Finder™ speeds up site-based recruitment, eliminates bottlenecks, and reduces trial failure risk – helping you get life-saving therapies to patients sooner. End Recruitment Delays Find eligible patients in real time without waiting for slow, manual pre-screening. Confident Patient Matching Recruit the right mix of patients without bias or guesswork to keep trials acc / icipants Faster Finding and recruiting eligible patients is one of the most challenging and time-consuming aspects of clinical trials. Missed enrollment targets often lead to costly delays or even trial termination. Our AI-powered clinical trial recruitment solution helps researchers enroll the right mix of patients with speed and confidence. Clinical Research Patient Finder uses hospital electronic health records to automatically screen patients against study protocols, and find eligible candidates fast. Match candidates in near real time, no matter how complex or time-sensitive your study design. Related Products Increase trial su"
529,Inovalon Inc.,https://www.inovalon.com/,Healthcare Data and Analytics - Life Sciences - Inovalon,https://www.inovalon.com/products/life-sciences/,/Users/justinyu/Desktop/linkedin-posts/output/ispor26_ai_vendor_screenshots/screenshots/inovalon-inc/71a6de73d9.png,8,high,"Explicit AI language appears with product/offering/service terms in the page title, URL, or captured evidence text.","tics, White Papers Powering Smarter Clinical Development With Inovalon’s Clinical Trial Solutions HEOR, Infographics, Insights, Life Sciences, Patient Experience Improving Healthcare Costs, Efficiency, and Speed in 2026 Artificial Intelligence, Infusion Pharmacy, Inovators, Life Sciences, Patient Experience, Payer, Payers, Podcasts, Provider, Specialty Pharmacy, Videos Access & AI: Making Meaningful Change in Healthcare This Year Artificial Intelligence, Infusion Pharmacy, Inovators, Life Sciences, Payer, Payers, Podcasts, Provider, Specialty Pharmacy, Videos View more on Resources Let's transform healthcare together. Questions? Cal /  every time with actionable, precise insights. Inovalon Clinical Trial Patient Finder product detail page Clinical Research Patient Finder Recruit eligible, diverse patients faster for your next clinical trial with this AI-powered, EMR-integrated software. Real-World Data Advance the future of healthcare with relevant primary source data extracts across the range of care. Extractions include robust provider identification, a linkable view of the patient journey, and the ability to safely link to external data sources. Real World Data for Healthcare details Real-World Data Power confident decisions across the product development life"
531,IQVIA,https://www.iqvia.com/,"Transforming Life Sciences with Data, Technology & Human Science | IQVIA",https://www.iqvia.com/,/Users/justinyu/Desktop/linkedin-posts/output/ispor26_ai_vendor_screenshots/screenshots/iqvia/a8a9ad7956.png,126,high,"Explicit AI language appears with product/offering/service terms in the page title, URL, or captured evidence text.","VIDIA to accelerate Healthcare-grade AI® This collaboration will create new ways for customers to accelerate their efforts to improve patient outcomes. LEARN MORE IQVIA AI Meet the IQVIA AI Assistant Introducing our new generative AI interface that lets you interact with our products and solutions like never before. Simply ask questions and get insights you can trust, faster. LEARN MORE Discover your passion at IQVIA Creating a healthier world starts with a passion to make a difference. Be part of an exciting, collaborative team and help drive healthcare forward. APPLY TODAY ON THIS PAGE Our Difference Explore Solutions Products Exp / s to optimize your trials. The result? Faster decision making and reduced risk so you can deliver life-changing therapies faster. LEARN MORE Products built for life sciences Field Force Agent IQVIA Field Force Agent, an AI-powered assistant that helps life sciences field teams plan and execute high-impact, compliant HCP engagements by delivering real-time insights. Built on IQVIA’s curated, agent-ready healthcare data, including IQVIA OneKey — the industry’s most comprehensive HCP/HCO reference data — enabling smarter segmentation, dynamic targeting, and deeper profiling. SEE IT IN ACTION Global Market Insights (GMI) Agent IQVIA Glo"
540,IQVIA,https://www.iqvia.com/,IQVIA launches new AI agents for life sciences and healthcare | IQVIA,https://www.iqvia.com/newsroom/2025/06/iqvia-launches-new-ai-agents-for-life-sciences-and-healthcare,/Users/justinyu/Desktop/linkedin-posts/output/ispor26_ai_vendor_screenshots/screenshots/iqvia/8ad04cf47a.png,124,high,"Explicit AI language appears with product/offering/service terms in the page title, URL, or captured evidence text."," Intelligence™ to deliver actionable insights and services built on high-quality health data, Healthcare-grade AI®, advanced analytics, the latest technologies and extensive domain expertise. IQVIA is committed to using artificial intelligence responsibly, with AI-powered capabilities built on best-in-class approaches to privacy, regulatory compliance and patient safety, and delivering AI to the high standards of trust, scalability and precision demanded by the industry. With approximately 89,000 employees in over 100 countries, including experts in healthcare, life sciences, data science, technology and operational excellence, IQVI / hts and services built on high-quality health data, Healthcare-grade AI®, advanced analytics, the latest technologies and extensive domain expertise. IQVIA is committed to using artificial intelligence responsibly, with AI-powered capabilities built on best-in-class approaches to privacy, regulatory compliance and patient safety, and delivering AI to the high standards of trust, scalability and precision demanded by the industry. With approximately 89,000 employees in over 100 countries, including experts in healthcare, life sciences, data science, technology and operational excellence, IQVIA is dedicated to accelerating the develop"
541,IQVIA,https://www.iqvia.com/,Commercialization | IQVIA,https://www.iqvia.com/solutions/commercialization,/Users/justinyu/Desktop/linkedin-posts/output/ispor26_ai_vendor_screenshots/screenshots/iqvia/08d729303c.png,127,high,"Explicit AI language appears with product/offering/service terms in the page title, URL, or captured evidence text.","e intelligence, and spots opportunities by identifying trends across sales, promotional channels, physician engagement, and forecasts. SEE IT IN ACTION IQVIA's Advanced Analytics 40+ OFFERINGS Commercial offerings using artificial intelligence and machine learning Our Customers' Success $20M INCREASE in revenue in a 7 month span by a mid-sized pharmaceutical company using customized machine learning. Source IQVIA's Unparalleled Data Assets 36K+ HTA RECORDS helping inform payer decisions IQVIA's Unparalleled Data Assets 85,000+ PRICE RECORDS including treatments at each available pack size and strength across the EU4, UK and the US W / response to market dynamics. MAXIMIZE IMPACT CONTENT TICKER Powering Launch Excellence with Patient Engagement and Support (PES) Programmes The Crucial Role of Real-Time Data Use in Pharma Marketing Harness the Power of Generative AI AI in Life Sciences Commercialization Commercial Solutions Fact Sheet Seizing the Moment: Biotech’s Golden Opportunity for Self-Commercialisation Launch Excellence Five Foundational Success Factors Maximising Activation and Adherence Where to Deploy Generative AI Solutions in Life Sciences AI-Enabled Weekly Triggers from IQVIA's Alerts program significantly improved sales rep efficiency Achieve Launch E"
548,IQVIA,https://www.iqvia.com/,AI Driven Alerts | IQVIA,https://www.iqvia.com/solutions/commercialization/commercial-analytics/omnichannel-engagement-and-insights/patient-insights-for-hcp-engagement/ai-driven-alerts,/Users/justinyu/Desktop/linkedin-posts/output/ispor26_ai_vendor_screenshots/screenshots/iqvia/57ee777896.png,113,high,"Explicit AI language appears with product/offering/service terms in the page title, URL, or captured evidence text.",
553,IQVIA,https://www.iqvia.com/,Enterprise Information Management | IQVIA,https://www.iqvia.com/solutions/commercialization/data-and-information-management/information-management,/Users/justinyu/Desktop/linkedin-posts/output/ispor26_ai_vendor_screenshots/screenshots/iqvia/c5db3b18a9.png,118,high,"Explicit AI language appears with product/offering/service terms in the page title, URL, or captured evidence text."," of ML, Gen AI, omnichannel marketing, and more in this insightful article. READ NOW ON DEMAND WEBINAR Gen AI: The Next Frontier of Life Sciences Commercial Excellence Ready to transform your life sciences strategy with Generative AI? Join our upcoming webinar to unlock hyper-personalized insights, streamline workflows, and stay ahead with real-time data adaptability. Don’t miss out on the future of commercial excellence! VIEW ON DEMAND EBOOK Harness the True Value of Your Healthcare Data Navigating the network of data across a global organization has numerous complexities. With the right guidance, you can ensure the data you acquir"
554,IQVIA,https://www.iqvia.com/,IQVIA Global Market Insights Agent | IQVIA,https://www.iqvia.com/solutions/commercialization/data-and-information-management/iqvia-global-market-insights-agent,/Users/justinyu/Desktop/linkedin-posts/output/ispor26_ai_vendor_screenshots/screenshots/iqvia/011e4daae6.png,128,high,"Explicit AI language appears with product/offering/service terms in the page title, URL, or captured evidence text.","al, and competitive data through natural language queries - delivering real-time strategic insights that accelerate launch success. READ NOW IQVIA GLOBAL MARKET INSIGHTS AGENT READY TO SEE IT IN ACTION? Advanced agentic artificial intelligence for everyone, accelerating every decision. REQUEST A DEMO LEARN MORE FACT SHEET IQVIA Global Market Insights Agent WHITE PAPER AI in Life Sciences Commercialization BLOG Best use cases for scaling agentic AI in commercial life sciences By: Christopher Wooden, Charles Rink BLOG The Crucial Role of Real-Time Data Use in Pharma Marketing By: Christopher Wooden INFOGRAPHIC Unlock the Future of Pha / Christopher Wooden, Charles Rink BLOG The Crucial Role of Real-Time Data Use in Pharma Marketing By: Christopher Wooden INFOGRAPHIC Unlock the Future of Pharmaceutical Market Intelligence FACT SHEET Harness the Power of Generative AI: Prioritize the Voice of HCPs for Maximum Campaign Impact Related solutions MIDAS® Analyze industry leading sales and medical data in a standardized and comparable way, including cross-country analysis of performance and additional insights into global and regional markets. ChannelDynamics Measure the performance of your sales force and marketing channels, adapt your commercial strategy and gain real wo"
577,ISPOR,https://www.ispor.org/,ISPOR Education Catalog,https://www.ispor.org/education-training/ispor-education-center/ispor-education-catalog?filter=%28categories%253A%2522Economic%2520Evaluation%2522%29,/Users/justinyu/Desktop/linkedin-posts/output/ispor26_ai_vendor_screenshots/screenshots/ispor/7bc34ae525.png,6,medium,"Explicit AI language appears with product/offering/service terms in the page title, URL, or captured evidence text.","log Explore the course catalog below for on-demand HEOR Education programs and expand your HEOR knowledge today Featured Courses Course: Reimagining HEOR Workflows: Combining Human Expertise, Traditional Automation, and Generative AI Course: Introduction to HEOR Methods and Tools for Medical Devices Course: Understanding ISPOR's Value Flower Microcourse: Multiple Criteria Decision Analysis (MCDA) Course: Streamlining Systematic Literature Reviews With Software and AI Course: Meta-Analysis and Systematic Reviews in Comparative Effectiveness Research Course: Design and Use of Single and Multiple Variate, and Probabilistic Sensitivity "
594,Keiji.AI,https://keiji.ai/,Adapting Large Language Models for Systematic Literature Review of Clinical Trials: Workflow versus AI Agents | Keiji AI Blog | Keiji AI,https://keiji.ai/blog/adapting-llms-systematic-literature-review-clinical-trials,/Users/justinyu/Desktop/linkedin-posts/output/ispor26_ai_vendor_screenshots/screenshots/keiji-ai/511d96eaa2.png,34,medium,"Explicit AI language appears with product/offering/service terms in the page title, URL, or captured evidence text.","Keiji AI Product Research About Us For Academics Book a Demo Back to Blog Systematic Literature Review PRISMA Clinical Trials Adapting Large Language Models for Systematic Literature Review of Clinical Trials: Workflow versus AI Agents November 18, 2025 · Zifeng Wang, PhD, Keiji AI If you ask most people what LLMs are good at in science, they will probably say something like: searching and summarizing papers. Type in a question, get a neat list of references and a tidy paragraph on top. Feels like a literature review, right? Not quite. Especially no / Keiji AI Product Research About Us For Academics Book a Demo Back to Blog Systematic Literature Review PRISMA Clinical Trials Adapting Large Language Models for Systematic Literature Review of Clinical Trials: Workflow versus AI Agents November 18, 2025 · Zifeng Wang, PhD, Keiji AI If you ask most people what LLMs are good at in science, they will probably say something like: searching and summarizing papers. Type in a question, get a neat list of references and a tidy paragraph on top. Feels like a literature review, right? Not quite. Especially no"
595,Keiji.AI,https://keiji.ai/,Clinical Trials Demystified: An AI Researcher’s Guide (Part 1) — Workflow for Clinical Trials | Keiji AI Blog | Keiji AI,https://keiji.ai/blog/ai-clinical-trials-primer-for-researchers,/Users/justinyu/Desktop/linkedin-posts/output/ispor26_ai_vendor_screenshots/screenshots/keiji-ai/c49f8d99bf.png,58,high,"Explicit AI language appears with product/offering/service terms in the page title, URL, or captured evidence text.","rafted for AI researchers by fellow AI experts, we demystify the clinical trial process and highlight practical entry points where AI can make transformative impacts. Whether your passion is natural language processing, generative AI, predictive modeling, or computer vision, the clinical trial domain is ripe for innovation. Dive in to discover how your expertise can accelerate trials, reduce costs, improve patient safety, and ultimately bring groundbreaking therapies to patients faster. Figure: Clinical trial workflow showing AI opportunities at each stage. Clinical Trial Workflow and AI Opportunities Clinical trials follow a multi- /  Site selection considers factors like patient availability, facilities, and past performance. Patient recruitment strategies are put in place to enroll eligible participants (e.g. outreach, databases). AI Contribution: Machine learning can assist in protocol design (e.g. dose selection and sample size) by analyzing prior trials. AI tools also analyze real-world data to identify optimal sites and recruit patients, reducing guesswork. For example, AI-driven analysis of historical site performance can predict which sites will enroll well, and natural language processing (NLP) can scan electronic health records to find eligible patient"
598,Keiji.AI,https://keiji.ai/,"Building AI for Drafting Clinical Trial Documents: RAG, Fine-tuning and Agentic AI Workflow | Keiji AI Blog | Keiji AI",https://keiji.ai/blog/building-ai-drafting-clinical-trial-documents-rag-fine-tuning-agentic-workflow,/Users/justinyu/Desktop/linkedin-posts/output/ispor26_ai_vendor_screenshots/screenshots/keiji-ai/c30076c349.png,27,medium,"Explicit AI language appears with product/offering/service terms in the page title, URL, or captured evidence text.","ney started not with a giant generative model, but with something more humble and necessary. Retrieval. Let us rewind to the very beginning. Trial2Vec: The First Building Block of Retrieval Back in 2021 and 2022, before generative AI took over everyone's feeds, we were obsessed with one question. Could we build a representation of clinical trials that actually understands what a trial is about? Not just the words on the page, but the medical meaning behind them. That became Trial2Vec [1]. Think of it as a way to turn every trial synopsis from ClinicalTrials.gov into a point in a giant map. Similar trials end up close together. Very  / ce Copilots for Biomedical Research Biomedical AI·February 14, 2026 DeepEvidence: Empowering Biomedical Discovery with Deep Knowledge Graph Research Biomedical AI·January 20, 2026 Predicting Clinical Trial Success: From Machine Learning to Agentic AI and Beyond Biomedical AI·November 5, 2025 Company About Us Careers Research Publications Academic Partnerships Resources TrialMind Overview Our Research Our Blogs Legal Privacy Policy Terms of Service Compliance Security Accessibility Cookie preferences Get started Book a Demo Keiji AI LinkedIn X (Twitter) YouTube © 2026 Keiji AI. All rights reserved. Pioneering AI for Clinical Developm"
599,Keiji.AI,https://keiji.ai/,Clinical Trials Demystified: An AI Researcher's Guide (Part 2) — Clinical Trial Software & Vendors | Keiji AI Blog | Keiji AI,https://keiji.ai/blog/clinical-trials-demystified-part-2-software-vendors,/Users/justinyu/Desktop/linkedin-posts/output/ispor26_ai_vendor_screenshots/screenshots/keiji-ai/8764f09a3a.png,25,medium,"Explicit AI language appears with product/offering/service terms in the page title, URL, or captured evidence text.","System (CTMS) A CTMS is a project management and operational system for clinical trials. It helps sponsors and contract research organizations (CROs) plan and track various trial activities — site initiation status, enrollment numbers, visit scheduling, case report form completion, monitoring visits, site payments, etc. Essentially, CTMS provides a centralized dashboard of trial progress and automates many trial oversight tasks. Leading CTMS solutions include Oracle Siebel CTMS (a long-standing system widely used by big pharma and CROs), Medidata (offers CTMS as part of their Clinical Cloud, building on their acquisition of CTMS tec / ope, etc.). Over-reliance on online recruitment might also skew demographics (e.g., underrepresenting those without internet savvy or access). Technical specifics: Many recruitment platforms use predictive analytics and natural language processing. For example, NLP can parse free-text criteria and patient health data to find matches. Some use social media data and search data to target advertising to likely candidates (raising ethical questions about privacy). Integration is also a theme — e.g., integrating referral management with the site's CTMS to know when a referred patient actually randomizes. Notably, a number of specialized "
601,Keiji.AI,https://keiji.ai/,Clinical Trials Demystified: An AI Researcher's Guide (Part 4) — AI Models in Clinical Trials | Keiji AI Blog | Keiji AI,https://keiji.ai/blog/clinical-trials-demystified-part-4-ai-models,/Users/justinyu/Desktop/linkedin-posts/output/ispor26_ai_vendor_screenshots/screenshots/keiji-ai/e19cee802c.png,105,medium,"Explicit AI language appears with product/offering/service terms in the page title, URL, or captured evidence text.","Keiji AI Product Research About Us For Academics Book a Demo Back to Blog AI in Clinical Trials Natural Language Processing Generative AI Clinical Trials Demystified: An AI Researcher's Guide (Part 4) — AI Models in Clinical Trials March 14, 2025 · Jimeng Sun, PhD, CEO of Keiji AI AI is increasingly being applied throughout clinical trial lifecycle. Below are key AI techniques and use cases in clinical trials, along with benefits and challenges: Figure: AI Opportunities for Clinical Trials Natural Language Processing (NLP) NLP deals with  / nners understand potential outcomes. Such simulations can address data gaps, particularly in rare disease contexts with limited datasets, by generating additional realistic patient data to enhance analyses or to support machine learning model training. Additionally, generative AI can personalize educational and training materials for clinical site staff by synthesizing realistic patient conversations or voices, thus improving preparation for patient interactions. Software and Workflow Testing: Synthetic data generated by AI models can also be employed to rigorously test clinical trial software and workflows. For example, simulating "
604,Keiji.AI,https://keiji.ai/,Developing Generative AI for Clinical Trial Recruitment: From Patient to Trials | Keiji AI Blog | Keiji AI,https://keiji.ai/blog/generative-ai-clinical-trial-recruitment-patient-to-trials,/Users/justinyu/Desktop/linkedin-posts/output/ispor26_ai_vendor_screenshots/screenshots/keiji-ai/cb4a174f8c.png,15,high,"Explicit AI language appears with product/offering/service terms in the page title, URL, or captured evidence text.","Keiji AI Product Research About Us For Academics Book a Demo Back to Blog AI in Clinical Trials Patient Recruitment Patient-Trial Matching Developing Generative AI for Clinical Trial Recruitment: From Patient to Trials November 4, 2025 · Zifeng Wang, PhD, Keiji AI Patient recruitment is the headache no one talks about at parties. Trials stall. Budgets burn. Great ideas never meet the right people. That is why many teams are turning to generative AI to help. In the research world, folks split the problem into two directions. Trial to patient means a trial is huntin / . Query and retrieve promising trials. Step three. Check eligibility criterion by criterion and produce a ranked list. Generative models give us a shot at doing this without the giant labeled datasets that usually power machine learning. In computer science speak, they are pretty good at zero shot learning. In human speak, you can describe the task in plain language, give a few examples, and the model gets to work. Figure: The TrialGPT pipeline showing three stages: patient record parsing, trial retrieval, and criterion-level matching. How It Works in Practice Here is what that looks like in practice. You hand the model a patient no"
605,Keiji.AI,https://keiji.ai/,Human–AI collaboration in medical literature mining: what role for proprietary data and domain workflow? | Keiji AI Blog | Keiji AI,https://keiji.ai/blog/human-ai-collaboration-medical-literature-mining-leads-nature-communications,/Users/justinyu/Desktop/linkedin-posts/output/ispor26_ai_vendor_screenshots/screenshots/keiji-ai/7ee5be813e.png,37,medium,"Explicit AI language appears with product/offering/service terms in the page title, URL, or captured evidence text.",""" another push: retrieval-augmented generation, 45 million open-access articles, citation accuracy on par with human experts, and generic LLMs' 78–90% citation hallucination rates are often cited for contrast [1]. Using large language models (LLMs) for literature mining and synthesis is already a trend that can't be ignored. Many of us have tried tools like ChatGPT for search and report generation. In my own experience, though, we're still far from something that's actually usable. We'd like to ride that wave and introduce an earlier piece of work on medical literature mining and systematic review: LEADS, published in Nature Communi / "" another push: retrieval-augmented generation, 45 million open-access articles, citation accuracy on par with human experts, and generic LLMs' 78–90% citation hallucination rates are often cited for contrast [1]. Using large language models (LLMs) for literature mining and synthesis is already a trend that can't be ignored. Many of us have tried tools like ChatGPT for search and report generation. In my own experience, though, we're still far from something that's actually usable. We'd like to ride that wave and introduce an earlier piece of work on medical literature mining and systematic review: LEADS, published in Nature Communi"
607,Keiji.AI,https://keiji.ai/,Powering the Next Generation of Clinical Research: How MCP Unleashes TrialMind Agents | Keiji AI Blog | Keiji AI,https://keiji.ai/blog/powering-next-generation-clinical-research-mcp-trialmind-agents,/Users/justinyu/Desktop/linkedin-posts/output/ispor26_ai_vendor_screenshots/screenshots/keiji-ai/f2eb81073b.png,61,high,"Explicit AI language appears with product/offering/service terms in the page title, URL, or captured evidence text.","nnually on clinical development while facing 90% failure rates, the strategic imperative for AI-driven innovation has never been clearer. This transformation hinges on overcoming fundamental challenges: the isolation of Large Language Models (LLMs) from real-world data, the fragmentation of data sources, and the stringent regulatory demands of the biomedical sector. Enter the Model Context Protocol (MCP), an open standard introduced by Anthropic in late 2024, aiming to be the ""USB-C port for AI applications"". MCP standardizes how AI models securely interact with external data sources and tools, replacing bespoke, one-off integration / nnually on clinical development while facing 90% failure rates, the strategic imperative for AI-driven innovation has never been clearer. This transformation hinges on overcoming fundamental challenges: the isolation of Large Language Models (LLMs) from real-world data, the fragmentation of data sources, and the stringent regulatory demands of the biomedical sector. Enter the Model Context Protocol (MCP), an open standard introduced by Anthropic in late 2024, aiming to be the ""USB-C port for AI applications"". MCP standardizes how AI models securely interact with external data sources and tools, replacing bespoke, one-off integration"
608,Keiji.AI,https://keiji.ai/,Predicting Clinical Trial Success: From Machine Learning to Agentic AI and Beyond | Keiji AI Blog | Keiji AI,https://keiji.ai/blog/predicting-clinical-trial-success-with-ai-from-hint-to-spot-and-beyond,/Users/justinyu/Desktop/linkedin-posts/output/ispor26_ai_vendor_screenshots/screenshots/keiji-ai/af25b76cfd.png,25,medium,"Explicit AI language appears with product/offering/service terms in the page title, URL, or captured evidence text.","Keiji AI Product Research About Us For Academics Book a Demo Back to Blog Clinical Trial Prediction Machine Learning Trial Design Predicting Clinical Trial Success: From Machine Learning to Agentic AI and Beyond November 5, 2025 · Zifeng Wang, PhD, Keiji AI Predicting whether a clinical trial will succeed sounds like science fiction. Imagine knowing ahead of time whether a study will fail to reach its endpoint: like having a ""what-if"" medicine that lets you redo your design before the real one even begins. Tempting / utomatically labeling clinical trial outcomes from reports and publications. Building the Foundation: CTO and TrialPanorama Now, algorithms are only half the story. In AI, data are often the real bottleneck. The rise of large language models has reminded everyone of a simple truth: scale and quality of data matter more than any clever model tweak. That's why we built CTO, short for Clinical Trial Outcome labeling [3]. CTO uses LLMs to automatically extract structured outcome labels — positive, negative, terminated, or approved, from hundreds of thousands of trial reports and publications. It's like creating the ""ImageNet"" for trial "
609,Keiji.AI,https://keiji.ai/,Training Agentic AI Searcher for Biomedical Literature: Supervised Fine-Tuning and Reinforcement Learning | Keiji AI Blog | Keiji AI,https://keiji.ai/blog/training-llms-agentic-ai-searcher-biomedical-literature,/Users/justinyu/Desktop/linkedin-posts/output/ispor26_ai_vendor_screenshots/screenshots/keiji-ai/7f76db245c.png,31,medium,"Explicit AI language appears with product/offering/service terms in the page title, URL, or captured evidence text.","Keiji AI Product Research About Us For Academics Book a Demo Back to Blog Large Language Models Biomedical Literature PubMed Training Agentic AI Searcher for Biomedical Literature: Supervised Fine-Tuning and Reinforcement Learning December 11, 2025 · Zifeng Wang, PhD, Keiji AI Sifting through massive biomedical literature is a headache. Anyone who has opened PubMed for a systematic review knows this feeling. Yes, agentic AI systems like ChatGPT DeepResearch have shown that LLMs can browse  / Keiji AI Product Research About Us For Academics Book a Demo Back to Blog Large Language Models Biomedical Literature PubMed Training Agentic AI Searcher for Biomedical Literature: Supervised Fine-Tuning and Reinforcement Learning December 11, 2025 · Zifeng Wang, PhD, Keiji AI Sifting through massive biomedical literature is a headache. Anyone who has opened PubMed for a systematic review knows this feeling. Yes, agentic AI systems like ChatGPT DeepResearch have shown that LLMs can browse "
614,Keiji.AI,https://keiji.ai/,Keiji AI — AI Agents for Clinical Research,https://keiji.ai/demo,/Users/justinyu/Desktop/linkedin-posts/output/ispor26_ai_vendor_screenshots/screenshots/keiji-ai/b06ebff918.png,7,high,"Explicit AI language appears with product/offering/service terms in the page title, URL, or captured evidence text.",
616,Keiji.AI,https://keiji.ai/,TrialMind - AI Agents for Clinical Trial Lifecycle | Keiji AI | Keiji AI,https://keiji.ai/product,/Users/justinyu/Desktop/linkedin-posts/output/ispor26_ai_vendor_screenshots/screenshots/keiji-ai/7fdfc7d5ce.png,14,high,"Explicit AI language appears with product/offering/service terms in the page title, URL, or captured evidence text.",
617,Keiji.AI,https://keiji.ai/,Analysis - TrialMind | Keiji AI | Keiji AI,https://keiji.ai/product/analysis,/Users/justinyu/Desktop/linkedin-posts/output/ispor26_ai_vendor_screenshots/screenshots/keiji-ai/ab8c88568e.png,10,high,"Explicit AI language appears with product/offering/service terms in the page title, URL, or captured evidence text.","ty, and timelines. Learn more 3 Trial Intelligence Comprehensive trial landscape analysis, eligibility comparison, and competitive intelligence. Learn more Ready to Transform Your Analysis Workflows? See how TrialMind's AI-powered biostatistics and predictive analytics accelerate your insights. Request a Demo Explore TrialMind TRUSTED PARTNERS Trusted by Leading Organizations From top pharma companies to academic medical centers Company About Us Careers Research Publications Academic Partnerships Resources TrialMind Overview Our Research Our Blogs Legal Privacy Policy Terms of Service Compliance Security Accessibility Cookie prefere"
618,Keiji.AI,https://keiji.ai/,Biostat Analysis & Programming - TrialMind | Keiji AI | Keiji AI,https://keiji.ai/product/analysis/biostat-analysis-programming,/Users/justinyu/Desktop/linkedin-posts/output/ispor26_ai_vendor_screenshots/screenshots/keiji-ai/d6a89f1e16.png,13,high,"Explicit AI language appears with product/offering/service terms in the page title, URL, or captured evidence text.","Keiji AI Product Research About Us For Academics Book a Demo TrialMind Analysis Biostat Analysis & Programming Accelerate biostatistics workflows with AI-powered data standards and analysis automation. 1 TLF Shell Creation Request 1 / 8 Request a TLF (Table, Listing, or Figure) shell by providing SAP excerpts, protocol sections, example templates, or simply describing the output you need—such as demographic tables, adverse event listings, or Kaplan-Meier figures. FEATURES Key Capabilities Automated SDTM dataset generation from raw data ADaM dataset construction wit"
619,Keiji.AI,https://keiji.ai/,Outcome Prediction - TrialMind | Keiji AI | Keiji AI,https://keiji.ai/product/analysis/outcome-prediction,/Users/justinyu/Desktop/linkedin-posts/output/ispor26_ai_vendor_screenshots/screenshots/keiji-ai/a3a33e375e.png,9,high,"Explicit AI language appears with product/offering/service terms in the page title, URL, or captured evidence text.",Keiji AI Product Research About Us For Academics Book a Demo TrialMind Analysis Outcome Prediction Predict trial success and outcomes with machine learning-powered forecasting. FEATURES Key Capabilities Trial success probability estimation Primary endpoint outcome prediction Timeline and milestone forecasting Comparative effectiveness modeling Subgroup response prediction Go/no-go decision support analytics Typical Users Clinical Scientists Data Scientists Portfolio Managers Medical Directors FAQ Frequently Asked Questions What is clinical trial outcome / lopment? How accurate is AI-based trial outcome prediction? Can TrialMind predict outcomes across therapeutic areas? Ready to Transform Your Workflow? See how TrialMind can accelerate your clinical trial operations with AI-powered automation. Request a Demo Explore TrialMind TRUSTED PARTNERS Trusted by Leading Organizations From top pharma companies to academic medical centers Company About Us Careers Research Publications Academic Partnerships Resources TrialMind Overview Our Research Our Blogs Legal Privacy Policy Terms of Service Compliance Security Accessibility Cookie preferences Get started Book a Demo Keiji AI LinkedIn X (Twi
620,Keiji.AI,https://keiji.ai/,Trial Intelligence - TrialMind | Keiji AI | Keiji AI,https://keiji.ai/product/analysis/trial-intelligence,/Users/justinyu/Desktop/linkedin-posts/output/ispor26_ai_vendor_screenshots/screenshots/keiji-ai/57315bfc54.png,7,high,"Explicit AI language appears with product/offering/service terms in the page title, URL, or captured evidence text.","l trial search across registries (ClinicalTrials.gov, EudraCT, etc.) Competitive landscape mapping and visualization Eligibility criteria comparison and benchmarking Trial outcome prediction based on historical data Enrollment trend analysis and forecasting Therapeutic area and indication tracking Typical Users Competitive Intelligence Analysts Clinical Scientists Business Development Strategy Teams FAQ Frequently Asked Questions What is clinical trial intelligence? How does TrialMind provide trial intelligence insights? Who uses trial intelligence platforms? How does TrialMind differ from ClinicalTrials.gov searches? Can TrialMind  / Keiji AI Product Research About Us For Academics Book a Demo TrialMind Analysis Trial Intelligence Gain competitive advantage with AI-powered clinical trial intelligence and landscape analysis. FEATURES Key Capabilities Global trial search across registries (ClinicalTrials.gov, EudraCT, etc.) Competitive landscape mapping and visualization Eligibility criteria comparison and benchmarking Trial outcome prediction based on historical data Enrollment trend analysis and forecasting Therapeutic area and indication tracking Typical Users Competitive I"
621,Keiji.AI,https://keiji.ai/,Discovery - TrialMind | Keiji AI | Keiji AI,https://keiji.ai/product/discovery,/Users/justinyu/Desktop/linkedin-posts/output/ispor26_ai_vendor_screenshots/screenshots/keiji-ai/95a6f01897.png,8,high,"Explicit AI language appears with product/offering/service terms in the page title, URL, or captured evidence text.",driven target identification and integrated multi-modal analytics. DISCOVERY CAPABILITIES Explore Discovery Solutions Discover how TrialMind's AI agents transform your discovery workflows. 1 Target & Mechanism Discovery AI-powered identification of novel therapeutic targets and mechanism of action analysis. Learn more Ready to Accelerate Your Discovery Pipeline? See how TrialMind's AI-powered discovery tools help you identify targets and advance candidates faster. Request a Demo Explore TrialMind TRUSTED PARTNERS Trusted by Leading Organizations From top pharma companies to academic medical centers Company About Us Careers Research 
622,Keiji.AI,https://keiji.ai/,Target & Mechanism Discovery - TrialMind | Keiji AI | Keiji AI,https://keiji.ai/product/discovery/target-mechanism-discovery,/Users/justinyu/Desktop/linkedin-posts/output/ispor26_ai_vendor_screenshots/screenshots/keiji-ai/1f27c76047.png,10,high,"Explicit AI language appears with product/offering/service terms in the page title, URL, or captured evidence text.",Genetic evidence scoring and validation Competitive target landscape analysis Typical Users Discovery Scientists Computational Biologists Research Directors Target Assessment Teams FAQ Frequently Asked Questions What is AI-powered target discovery in drug development? How does TrialMind accelerate target and mechanism identification? Who uses AI target discovery tools? Can TrialMind integrate with existing research databases? How does AI target discovery compare to traditional methods? Ready to Transform Your Workflow? See how TrialMind can accelerate your clinical trial operations with AI-powered automation. Request a Demo Explore 
623,Keiji.AI,https://keiji.ai/,Execution - TrialMind | Keiji AI | Keiji AI,https://keiji.ai/product/execution,/Users/justinyu/Desktop/linkedin-posts/output/ispor26_ai_vendor_screenshots/screenshots/keiji-ai/2e125c2be7.png,8,high,"Explicit AI language appears with product/offering/service terms in the page title, URL, or captured evidence text.",Keiji AI Product Research About Us For Academics Book a Demo TrialMind · Monitoring & Safety Intelligence Execution Execute flawless trials with AI-powered data monitoring and safety surveillance. EXECUTION CAPABILITIES Explore Execution Solutions Discover how TrialMind's AI agents transform your execution workflows. 1 Data Monitoring Risk-based monitoring with AI-powered data quality surveillance and site risk assessment. Learn more 2 Safety Signal Analysis Proactive adverse event detection and safety signal management. Learn more Ready to Execute Flawless T
624,Keiji.AI,https://keiji.ai/,Data Monitoring - TrialMind | Keiji AI | Keiji AI,https://keiji.ai/product/execution/data-monitoring,/Users/justinyu/Desktop/linkedin-posts/output/ispor26_ai_vendor_screenshots/screenshots/keiji-ai/cbe6b55afa.png,11,high,"Explicit AI language appears with product/offering/service terms in the page title, URL, or captured evidence text.","Keiji AI Product Research About Us For Academics Book a Demo TrialMind Execution Data Monitoring Ensure data quality and trial integrity with AI-powered risk-based monitoring and site surveillance. 1 RBM Risk Framework Development 1 / 8 AI develops a comprehensive Risk-Based Monitoring framework with color-coded modules: Study Design (blue), Critical Data Elements (yellow), Critical Processes (green), Key Risks (red), and Key Risk Indicators (purple) per ICH E6(R2) guidelines. FEATURES Key Capabilities RBM risk framework development per ICH E6(R2) Risk ide"
635,Komodo Health,https://www.komodohealth.com/,Healthcare Analytics | Komodo Analytics | Komodo Health,https://www.komodohealth.com/komodo-healthcare-analytics/,/Users/justinyu/Desktop/linkedin-posts/output/ispor26_ai_vendor_screenshots/screenshots/komodo-health/cc66ea3171.png,3,high,"Explicit AI language appears with product/offering/service terms in the page title, URL, or captured evidence text.","elopment and bring innovations to market faster Customize Insights for Every Use Case: Our suite of analytics solutions provides tailored insights that drive decision making and optimize outcomes across the organization AI-Powered Workflows: Integrate AI seamlessly into your processes to democratize access to insights, enhance collaboration and increase efficiency across teams Talk to an Expert Email* First name* Last name* Job title Phone number* Company name* Country / Region* Please Select United States Afghanistan Albania Algeria Andorra Angola Antigua and Barbuda Argentina Armenia Australia Austria Azerbaijan Bahrain Bangladesh"
659,Komodo Health,https://www.komodohealth.com/,MapAI is the latest innovation in our quest to democratize data analytics,https://www.komodohealth.com/perspectives/new-gen-ai-assistant-empowers-the-enterprise/,/Users/justinyu/Desktop/linkedin-posts/output/ispor26_ai_vendor_screenshots/screenshots/komodo-health/7d030aff4f.png,16,medium,"Explicit AI language appears with product/offering/service terms in the page title, URL, or captured evidence text.","ng healthcare interactions by enabling more users to engage with data, applications, and platforms in a more natural and intuitive way. At Komodo, we’re excited to announce that we’ve developed and embedded an NLP-based generative AI assistant — MapAI™ — in our MapLab™ enterprise platform, empowering pharmaceutical organizations like never before. In essence, MapAI puts insight generation and data analytics into the hands of every team member, regardless of technical skill level. Individuals who’ve often found themselves waiting weeks or even months for data insights to be delivered (e.g., brand leads, Medical Affairs managers, clin / Skip to main content Why Komodo Product Solutions Resources Support Get Demo Contact Us Perspectives Democratize Healthcare Insight Generation Through GenAI by Laurent Bride, Chief Technology Officer, Komodo Health September 19, 2024 Komodo’s NLP-powered AI makes healthcare insights accessible to everyone and enables faster adoption of MapLab across the enterprise. GenAI and NLP are revolutionizing healthcare interactions by enabling more users to engage with data, applications, and platforms in a more natural and intuitive way. At Komodo, we’re excited to announce"
698,Lumanity,https://lumanity.com/,We Engineer Breakthrough Value | Lumanity,https://lumanity.com/,/Users/justinyu/Desktop/linkedin-posts/output/ispor26_ai_vendor_screenshots/screenshots/lumanity/067ae8814e.png,17,high,"Explicit AI language appears with product/offering/service terms in the page title, URL, or captured evidence text.","1 team so you can move forward with confidence Value-Focused Unified by our philosophy of maximizing value, we ensure every strategic decision contributes to your medicine's success and optimizes patient outcomes Tech & AI-Enabled Leveraging cutting-edge technology and responsible AI, we engineer smarter strategies, act quickly, and innovate with purpose so you can lead with confidence Strategy Commercialization Turn ideas into impact with our strategic commercialization expertise across the product lifecycle Learn more Insight Stay ahead with innovative, patient-centric insights that drive strategic decisions Learn more Clinical &  / airs Blueprint for Biotech Lumanity Becomes First Life Sciences Value Demonstration Partner to Achieve ISO 42001 Certification, Setting a New Standard for Responsible AI in Life Sciences Lumanity Launches EMULaiTOR™, an AI-powered Synthetic Persona Platform Transforming Stakeholder Engagement in Life Sciences Expert-Directed Applied Intelligence: Redefining AI in Life Sciences A New Framework to Engineer Breakthrough Value for Medicines 1 / 5 Previous Next We are committed to cracking the code on the future of healthcare by revolutionizing how value is generated, demonstrated, and communicated to unlock the full potential of your br"
706,Lumanity,https://lumanity.com/,Lumanity’s EMULaiTOR Synthetic Persona Platform - Lumanity,https://lumanity.com/lumanity-launches-emulaitor-an-ai-powered-synthetic-persona-platform-transforming-stakeholder-engagement-in-life-sciences/,/Users/justinyu/Desktop/linkedin-posts/output/ispor26_ai_vendor_screenshots/screenshots/lumanity/aa68f9c039.png,22,high,"Explicit AI language appears with product/offering/service terms in the page title, URL, or captured evidence text."," with clinicians, patients and other stakeholders. This launch comes on the heels of Lumanity becoming the first life sciences value demonstration organization to achieve ISO 42001 certification, the global standard for Artificial Intelligence Management Systems (AIMS), cementing Lumanity’s role as the industry benchmark for safe, transparent, and expert-directed AI. EMULaiTOR enables brand, medical and field teams to engage in natural-language simulations with realistic, AI-enabled stakeholder personas, reflecting the scientific realities of modern healthcare. At EMULaiTOR’s core is GAIL (Generative AI by Lumanity), the purpose-bui / OR enables brand, medical and field teams to engage in natural-language simulations with realistic, AI-enabled stakeholder personas, reflecting the scientific realities of modern healthcare. At EMULaiTOR’s core is GAIL (Generative AI by Lumanity), the purpose-built platform powering AI-enabled solutions across Lumanity, driven by their Expert-Directed Applied Intelligence (EDAI) ecosystem. These platforms merge the depth and precision of human expertise with the power of robust data and advanced technology to deliver insights that help optimize commercialization and patient access to life-changing medicines. “The ability to use EMUL"
709,Lumanity,https://lumanity.com/,AI Search Optimization and Digital Visibility - Lumanity,https://lumanity.com/perspectives/ai-search-optimization-the-new-battleground-for-digital-visibility/,/Users/justinyu/Desktop/linkedin-posts/output/ispor26_ai_vendor_screenshots/screenshots/lumanity/d35a52650c.png,34,high,"Explicit AI language appears with product/offering/service terms in the page title, URL, or captured evidence text.","ch Back to Perspectives AI Search Optimization: The New Battleground for Digital Visibility Ready for Your Engine Optimization Health Check? View Feb 2, 2026 Jackie Singley Head of Engagement The Digital Discovery Shift Generative AI has fundamentally changed how people find and consume information online. Instead of returning lists of links, AI-powered tools like ChatGPT, Gemini, Claude, Perplexity, and Google’s AI Overviews deliver direct, conversational answers — pushing traditional search results further down the page. This “zero-click” reality means users are getting what they need without visiting multiple sites. For brands, t / ity means users are getting what they need without visiting multiple sites. For brands, the challenge is clear: If AI does not cite or mention you, you do not exist in that conversation. Why It Matters AI as gatekeeper: Large Language Models (LLMs) decide whether — and how — your brand is included in generated responses Authority & relevance: Inclusion depends on whether AI associates your content with trustworthy, topic-relevant expertise Changing SEO rules: Standard search engine optimization remains important but falls short at optimizing content for AI assistants and AI-generated results. Answer Engine (AEO) and Generative Engin"
711,Lumanity,https://lumanity.com/,Digital Narrative Intelligence - Lumanity,https://lumanity.com/perspectives/digital-narrative-intelligence-dni-seeing-the-full-story-across-social-search-and-generative-ai/,/Users/justinyu/Desktop/linkedin-posts/output/ispor26_ai_vendor_screenshots/screenshots/lumanity/5e9ad7f4c3.png,17,medium,"Explicit AI language appears with product/offering/service terms in the page title, URL, or captured evidence text.","its usage. analyticsOnOff About this tool(Opens in a new window) Skip to content Toggle Main Menu Search Search Back to Perspectives Digital Narrative Intelligence (DNI): Seeing the Full Story Across Social, Search, and Generative AI The information ecosystem has fragmented. Your intelligence needs to follow. View Apr 30, 2026 Maisie Weinschenk Patients, HCPs, caregivers, and other stakeholders no longer learn about diseases and treatments from a single “source of truth.” They search Google, scroll social feeds, engage in forums, and increasingly ask generative AI tools directly. Each channel shapes understanding differently. Togeth / guage that often don’t surface in formal research. Search behavior analysis: the questions people ask when they’re alone, uncertain, or preparing to act, and where there may be gaps between what they’re trying to learn. LLM response tracking: As more stakeholders ask AI directly, LLM outputs become part of the information ecosystem, influencing what people believe and what they do next. DNI helps you understand what AI is telling people about a disease area, brand, or competitor, and how those responses shift over time. Connect us to discover how Lumanity can offer an outcome that is a unified view of the conversation so you can und"
727,Lumanity,https://lumanity.com/,Expert-Directed AI - Lumanity,https://lumanity.com/technology-and-ai/,/Users/justinyu/Desktop/linkedin-posts/output/ispor26_ai_vendor_screenshots/screenshots/lumanity/fd26368974.png,32,high,"Explicit AI language appears with product/offering/service terms in the page title, URL, or captured evidence text.","ting to AI advancements—we’re driving them. Contact us Setting the Global Standard for Responsible Use of AI Our commitment to responsible AI is independently verified by ISO 42001 certification, the global standard for Artificial Intelligence Management Systems. This recognition affirms that our AI solutions meet the highest benchmarks for safety, transparency, and governance, ensuring every innovation is grounded in scientific and clinical context. Learn more Bringing together expertise, data and technology to engineer breakthrough value Our Expert-Directed Applied Intelligence (EDAI) Platform We harness the synergy of unparallele / pert-Directed Applied Intelligence (AI), enhances the irreplaceable value of human insight and scientific, clinical, and commercial expertise with the scalable intelligence of artificial technology. At the core is GAIL (Generative AI by Lumanity)—our proprietary, secure, purpose-built platform that powers AI solutions across Lumanity. Unlike off-the-shelf platforms, GAIL is built in-house, giving us the flexibility to evolve and adapt with the industry. GAIL is the engine that enables our teams to interrogate data more deeply, move more efficiently, and build tailored solutions that unlock new value. As life sciences grow more compl"
731,Lumanity,https://lumanity.com/,Lumanity and Sorcero Announce Partnership to Deliver AI-Powered Medical Strategy and Communications - Lumanity,https://lumanity.com/lumanity-and-sorcero-announce-global-partnership-to-deliver-ai-powered-medical-strategy-and-communications/,/Users/justinyu/Desktop/linkedin-posts/output/ispor26_ai_vendor_screenshots/screenshots/lumanity/fedc1e18b3.png,25,high,"Explicit AI language appears with product/offering/service terms in the page title, URL, or captured evidence text.","this tool(Opens in a new window) Skip to content Toggle Main Menu Search Search Back to News Lumanity and Sorcero Announce Partnership to Deliver AI-Powered Medical Strategy and Communications Press Release Mar 21, 2024 Artificial Intelligence (AI) combined with expert guidance to better support medical affairs by delivering insights rooted in real data for more impactful communications Washington, DC, March 20, 2024 – Lumanity, a global life sciences strategic services partner, and Sorcero, a leading provider of advanced AI solutions purpose-built for life sciences, today announced a partnership to deliver AI-powered medical strate / rvices partner, and Sorcero, a leading provider of advanced AI solutions purpose-built for life sciences, today announced a partnership to deliver AI-powered medical strategy and communications by harnessing a number of AI-enabled solutions. Through the partnership, medical affairs can generate exponentially more insights from their data to drive decision-making, and leverage auto-generated Plain Language Summaries (PLS) to deliver more efficient and effective medical communications. “The role of medical affairs continues to evolve. This discipline now involves insight mapping, managing evidence generation, transforming and personal"
732,MadeAi,https://madeai.com/,AI-Powered Solutions for Pharma & Life Sciences | MadeAi™,https://madeai.com/,/Users/justinyu/Desktop/linkedin-posts/output/ispor26_ai_vendor_screenshots/screenshots/madeai/058f9c56e1.png,22,high,"Explicit AI language appears with product/offering/service terms in the page title, URL, or captured evidence text.","e in the life sciences ecosystem Power high-stakes deliverables faster, including: Joint Clinical Assessment (JCA) MedTech Dossiers Medical Information Requests (MIR) Value Dossiers Social Media Listening (SML) PRODUCTS AI-Powered Products for Life Sciences Accelerate evidence synthesis, content creation, analysis, summarization, and regulatory reporting with advanced AI and expert-driven, world-class life sciences solutions. MadeAi Literature Review Automate and accelerate literature reviews with an end-to-end AI platform designed specifically for life sciences. MadeAi-LR streamlines protocol, search, screening, extraction, synthes"
734,MadeAi,https://madeai.com/,Health Economics Outcomes Research - MadeAi,https://madeai.com/by-need/health-economics-outcomes-research/,/Users/justinyu/Desktop/linkedin-posts/output/ispor26_ai_vendor_screenshots/screenshots/madeai/4aed75ff15.png,16,high,"Explicit AI language appears with product/offering/service terms in the page title, URL, or captured evidence text.","riven Evidence Synthesis Discover how MadeAi helps streamline HEOR workflows with structured, evidence-driven support. Request a Demo FAQ What is AI-powered evidence synthesis in HEOR? AI-powered evidence synthesis uses artificial intelligence to automate literature review, data extraction, and structured reporting. It enables HEOR teams to analyze large volumes of clinical and economic data faster while maintaining rigor for HTA and market access. What is MadeAi and how does it support HEOR in Life Sciences? How does MadeAi accelerate evidence synthesis for HEOR workflows? How much time can HEOR teams save using MadeAi? Why is trac / SLR for Bayer Case Study View More Transform Your HEOR Workflows with AI-Driven Evidence Synthesis Discover how MadeAi helps streamline HEOR workflows with structured, evidence-driven support. Request a Demo FAQ What is AI-powered evidence synthesis in HEOR? AI-powered evidence synthesis uses artificial intelligence to automate literature review, data extraction, and structured reporting. It enables HEOR teams to analyze large volumes of clinical and economic data faster while maintaining rigor for HTA and market access. What is MadeAi and how does it support HEOR in Life Sciences? How does MadeAi accelerate evidence synthesis for H"
735,MadeAi,https://madeai.com/,Market Access - MadeAi,https://madeai.com/by-need/market-access/,/Users/justinyu/Desktop/linkedin-posts/output/ispor26_ai_vendor_screenshots/screenshots/madeai/f572802e81.png,13,high,"Explicit AI language appears with product/offering/service terms in the page title, URL, or captured evidence text.","deAi Delivered a Publication-Ready SLR for Bayer Case Study View More Ready to accelerate Market Access workflows with MadeAi? Book a demo to learn how MadeAi enables faster, more consistent market access decisions with AI-powered support. Request a Demo FAQ What is MadeAi for Market Access Teams? MadeAi is an AI-powered, next-generation platform for evidence synthesis, purpose-built to support pharmaceutical market access teams in generating insights, analyzing real-world evidence (RWE), and strengthening value communication. It transforms large volumes of clinical, economic, and real-world literature into structured, traceable ins"
737,MadeAi,https://madeai.com/,About - MadeAi,https://madeai.com/company/about/,/Users/justinyu/Desktop/linkedin-posts/output/ispor26_ai_vendor_screenshots/screenshots/madeai/6297eb467a.png,14,high,"Explicit AI language appears with product/offering/service terms in the page title, URL, or captured evidence text.","in Login Products Services By Need Resources Company Contact Login Login Search About MadeAi ACCELERATING EVIDENCE SYNTHESIS WITH TRUSTED AI & EXPERT VALIDATION MadeAi, Inc., an affiliate of CapeStart, Inc., provides an AI-enabled platform and expert services, that streamline life sciences workflows. Built in partnership with leading pharmaceutical manufacturers, the MadeAi platform enables 60% time savings with more than 90% accuracy. MadeAi™ supports the needs of HEOR, Medical Affairs, Market Access, and Real-world Evidence professionals of pharma, biotech, medtech, and CROs. Contact Us Who we are We are a dedicated team of innova"
738,MadeAi,https://madeai.com/,Get Careers In AI & Life Sciences | MadeAi,https://madeai.com/company/careers/,/Users/justinyu/Desktop/linkedin-posts/output/ispor26_ai_vendor_screenshots/screenshots/madeai/ffe9483f08.png,11,medium,"Explicit AI language appears with product/offering/service terms in the page title, URL, or captured evidence text."," Share your resume and we’ll reach out when the right opportunity opens up. Share Your Resume Awards MadeAi won a 2024 Stevie® award in the 21st Annual International Business Awards® program, recognized as an innovative Artificial Intelligence/Machine Learning Solution in Healthcare within the Business Technology category. MadeAi won a 2025 Artificial Intelligence Excellence Award from the Business Intelligence Group in the Generative AI category. MadeAi was included among PM360’s most innovative solutions in 2024. MadeAi won a 2025 Bronze Stevie® Award in the 22nd Annual International Business Awards®, recognized as an innovative A /  innovative Artificial Intelligence/Machine Learning Solution in Healthcare within the Business Technology category. MadeAi won a 2025 Artificial Intelligence Excellence Award from the Business Intelligence Group in the Generative AI category. MadeAi was included among PM360’s most innovative solutions in 2024. MadeAi won a 2025 Bronze Stevie® Award in the 22nd Annual International Business Awards®, recognized as an innovative Artificial Intelligence/Machine Learning Solution for Healthcare in Life Science Content Synthesis. Advanced AI Solutions for Life Sciences Request a Demo Products Literature Review Quick Research Services Evi"
747,MadeAi,https://madeai.com/,MadeAi-Literature Review Trial - MadeAi,https://madeai.com/madeai-literature-review-trial/,/Users/justinyu/Desktop/linkedin-posts/output/ispor26_ai_vendor_screenshots/screenshots/madeai/93bc64ca2e.png,6,high,"Explicit AI language appears with product/offering/service terms in the page title, URL, or captured evidence text.","No-Cost Trial Today I have read and agree to MadeAi’s Privacy Policy and consent to receive occasional informational emails about MadeAi’s solutions. What You’ll Get Faster Reviews Cut literature review time by 60% with AI-enabled screening and extraction. Lower Costs Reduce labor hours and resource spend while maintaining scientific rigor. Smarter Workflows Automate duplicate removal, screening, appraisal, and data extraction. Full Transparency Color-coded indicators and audit-ready outputs ensure clarity and confidence. MadeAi Trial Includes: Full, complimentary platform access. Hands-on use of AI-driven review tools. Support to h / our LinkedIn Group and be part of the conversation on AI in life sciences Products Services By Need Resources Company Contact Login Login Products Services By Need Resources Company Contact Login Login Search Experience AI-Powered Literature Reviews. Get Full Access for Free. Experience a no-cost trial of our award-winning MadeAi-LR solution, powered by AI to accelerate literature reviews, cut time, reduce cost, and boost quality. Simply complete the short form, and our team will set up your access and support you throughout the trial. Start your No-Cost Trial Today I have read and agree to MadeAi’s Privacy Policy and consent to rec"
748,MadeAi,https://madeai.com/,MadeAi-LR Trial - MadeAi,https://madeai.com/madeai-lr-trial/,/Users/justinyu/Desktop/linkedin-posts/output/ispor26_ai_vendor_screenshots/screenshots/madeai/7e1ae05bec.png,6,high,"Explicit AI language appears with product/offering/service terms in the page title, URL, or captured evidence text.","n Products Services By Need Resources Company Contact Login Login Search Experience AI-Powered Literature Reviews. Get Full Access for Free. Experience a no-cost trial of our award-winning MadeAi-LR solution, powered by GenAI to accelerate literature reviews, cut time, reduce cost, and boost quality. Simply complete the short form, and our team will set up your access and support you throughout the trial. Start your No-Cost Trial Today I have read and agree to MadeAi’s Privacy Policy and consent to receive occasional informational emails about MadeAi’s solutions. What You’ll Get Faster Reviews Cut literature review time by 60% with  / Cost Trial Today I have read and agree to MadeAi’s Privacy Policy and consent to receive occasional informational emails about MadeAi’s solutions. What You’ll Get Faster Reviews Cut literature review time by 60% with GenAI-enabled screening and extraction. Lower Costs Reduce labor hours and resource spend while maintaining scientific rigor. Smarter Workflows Automate duplicate removal, screening, appraisal, and data extraction. Full Transparency Color-coded indicators and audit-ready outputs ensure clarity and confidence. MadeAi Trial Includes: Full, complimentary platform access. Hands-on use of AI-driven review tools. Support to h"
751,MadeAi,https://madeai.com/,Literature Review - MadeAi,https://madeai.com/products/literature-review/,/Users/justinyu/Desktop/linkedin-posts/output/ispor26_ai_vendor_screenshots/screenshots/madeai/b82ded94a2.png,29,high,"Explicit AI language appears with product/offering/service terms in the page title, URL, or captured evidence text.","fe sciences Products Services By Need Resources Company Contact Login Login Products Services By Need Resources Company Contact Login Login Search MadeAi-LR An AI Platform for Systematic Literature Review Fast, Trusted, AI-Powered Evidence Generation MadeAi-LR is an AI-powered literature review platform to streamline evidence synthesis for HEOR, Medical Affairs, Market Access, and RWE in life sciences. Cut review time in half without compromising quality with award-winning MadeAi-LR. Request a Demo The MadeAi-LR Difference 1 Central Collaboration Platform 60% Time Savings per Literature Review 90+% Accuracy 96% Traceability 100% Cus"
752,MadeAi,https://madeai.com/,Quick Research - MadeAi,https://madeai.com/products/quick-research/,/Users/justinyu/Desktop/linkedin-posts/output/ispor26_ai_vendor_screenshots/screenshots/madeai/3e013ce7e3.png,25,high,"Explicit AI language appears with product/offering/service terms in the page title, URL, or captured evidence text.","roup and be part of the conversation on AI in life sciences Products Services By Need Resources Company Contact Login Login Products Services By Need Resources Company Contact Login Login Search MadeAi Quick Research An AI-Powered Research Platform Instant, Structured, Traceable Scientific Insights with AI Research Assistant MadeAi Quick Research answers natural language queries and rapidly processes thousands of abstracts and full-text papers to provide accurate results, elaborate synthesis, and structured scientific insights. The repeatable and traceable workflow enables faster outcomes without sacrificing rigor or transparency. S"
756,MadeAi,https://madeai.com/,Role-Based Tool Isolation for Agentic AI | 2026 Guide,https://madeai.com/resources/blog/2026-prediction-3-role-based-tool-isolation-the-gold-standard-for-secure-pharma-ai/,/Users/justinyu/Desktop/linkedin-posts/output/ispor26_ai_vendor_screenshots/screenshots/madeai/40dafc81d9.png,37,medium,"Explicit AI language appears with product/offering/service terms in the page title, URL, or captured evidence text."," compliance like 21 CFR Part 11? What performance trade-offs come with role-based tool isolation? Is role-based tool isolation already in use in 2026? Agentic AI AI in Life Sciences Clinical Research Evidence Generation GenAI Literature Review Regulatory Affairs 0 Facebook Twitter-x Linkedin Post navigation PREVIOUS The AI Timeline: From Turing’s Bold Idea to Today’s AI Agents NEXT From Social Media Conversations to Publication-Ready Evidence for CSL HEOR Team Meghan Oates-Zalesky ABOUT AUTHOR Meghan Oates‑Zalesky is Chief Marketing Officer at CapeStart and MadeAi, with over 20 years of experience in healthcare technology and life s"
761,MadeAi,https://madeai.com/,AI in Action: Real Results from Real Reviews | CapeStart,https://madeai.com/resources/blog/ai-in-action-real-results-from-real-reviews/,/Users/justinyu/Desktop/linkedin-posts/output/ispor26_ai_vendor_screenshots/screenshots/madeai/583fe420d7.png,28,medium,"Explicit AI language appears with product/offering/service terms in the page title, URL, or captured evidence text.","d scalable literature reviews rise in life sciences, AI is no longer just a future promise—it’s a proven performance driver. Systematic literature review (SLR) teams, especially in HEOR and medical affairs, are adopting GenAI platforms not just for experimentation but to solve long-standing bottlenecks in screening, extraction, and synthesis. So, what does success look like when AI is put into action? The following case studies, drawn from leading pharmaceutical companies across oncology, rare diseases, and real-world evidence reviews, provide hard evidence of the time savings, accuracy, and scalability GenAI solutions are already d / itical in pharma settings where reproducibility and auditability are non-negotiable. Conclusion: From Promise to Proven AI is no longer a theoretical advantage—it’s a practical one. As these real-world examples show, GenAI-enabled platforms are redefining the pace and quality of evidence synthesis. From early screening to customized HEOR extraction and MAS generation, the results speak for themselves. For medical affairs, HEOR, and regulatory teams evaluating AI vendors, the lesson is clear: focus not just on features, but on demonstrated outcomes—speed, accuracy, transparency, and scalability. Real reviews. Real results. Real impac"
773,MarketScan by Merative,https://www.merative.com/,The Zelta way on AI and supervised machine learning,https://www.merative.com/documents/the-zelta-way-on-ai-and-supervised-machine-learning,/Users/justinyu/Desktop/linkedin-posts/output/ispor26_ai_vendor_screenshots/screenshots/marketscan-by-merative/16540b6e35.png,8,medium,"Explicit AI language appears with product/offering/service terms in the page title, URL, or captured evidence text.","Skip to content Products Solutions Who we serve Our company Resources Contact us 20 - MIN READ White Paper Imaging Life Sciences AI The Zelta way on AI and supervised machine learning Zelta’s AI strategy focuses on supervised machine learning with targeted, value-adding deployments. We let the use case decide. Download white paper Your browser does not support embedded PDFs. Please download the PDF to view it. RELATED DOCUMENTS CASE STUDY Prosciento case study Find out how Prosciento empowered medical coders with faster and more precise medical coding. SOLUTION BRIEF Zelta EDC Sol"
800,Model N,https://www.modeln.com/,AI Automation - The Game Changer in High Tech Pricing - Model N,https://www.modeln.com/blog/ai-automation-the-game-changer-in-high-tech-pricing/,/Users/justinyu/Desktop/linkedin-posts/output/ispor26_ai_vendor_screenshots/screenshots/model-n/1ae06d1e35.png,12,medium,"Explicit AI language appears with product/offering/service terms in the page title, URL, or captured evidence text.","ing? The Importance of Pricing as a Growth Lever According to Accenture research, “Pricing, the most important lever for revenue and margin growth, is undergoing significant disruption based on advances in analytics and artificial intelligence.” To mitigate these challenges, over the past 10 years or so, pricing, deal, sales operations teams have sought to improve pricing processes through better management of price lists and price books and use this information to improve pricing practices. By adding data science resources and analytics. While this has been a good alternative, challenges are still prevalent. Evolving B2B pricing re"
808,Model N,https://www.modeln.com/,Harnessing the power of AI and automation to help streamline operations and optimize revenue - Model N,https://www.modeln.com/blog/harnessing-the-power-of-ai-and-automation-to-help-streamline-operations-and-optimize-revenue/,/Users/justinyu/Desktop/linkedin-posts/output/ispor26_ai_vendor_screenshots/screenshots/model-n/a8de925a2f.png,23,medium,"Explicit AI language appears with product/offering/service terms in the page title, URL, or captured evidence text."," leaders believe AI will add value in managing and optimizing revenue and 4 out of 10 believe it will add value to their deal analytics and insights processes 58% of leaders and nearly one-third of companies plan to use GenAI and advanced analytics to enable revenue management Three key avenues for AI and automation in revenue optimization Automation of existing machine-based tasks The ability to take tasks that are currently machine-driven with human support and developing additional machine-based features to reduce human intervention increases efficiency and productivity. Automating repetitive and time-consuming tasks such as data / ta retrieval, data integration, and payment workflow steps frees up resources to focus on more strategic and value-added activities. Machine translation and understanding to take on new tasks GenAI, a subset of AI, uses large language models and generative adversarial networks to understand and generate unstructured data including text, images, video, and code. This technology enables machines to better interpret and learn from the context surrounding tasks, removing the need for humans to turn unstructured data into structured data. In revenue management operations, machine translation is a useful tool for developing in-app guides,"
827,ModMed,https://www.modmed.com/,ModMed®: Cloud-Based EHR & Services for Specialty Practices,https://www.modmed.com/,/Users/justinyu/Desktop/linkedin-posts/output/ispor26_ai_vendor_screenshots/screenshots/modmed/5e743b9cf1.png,26,high,"Explicit AI language appears with product/offering/service terms in the page title, URL, or captured evidence text.",! AI 󿁲 Specialties 󿁲 Solutions 󿁲 What We Do 󿁲 Who We Are 󿁲 Resources Support Book a demo 󿁉 Translate natural conversation into clinical action with ModMed® Scribe 2.0 The newest addition to the EMA® EHR. All part of the AI-Powered Practice™. Play full video 󿁃 Specialty-specific EHR and practice management that’s also you-specific Click on your specialty to learn more about EMA® and gGastro®. 󿁳 Allergy 󿁴 Dermatology 󿁵 ENT 󿁶 Gastroenterology 󿁷 OBGYN 󿁸 Ophthalmology 󿁹 Orthopedics 󿁺 Pain Management 󿁻 Plastic Surgery 󿁼 Podiatry 󿁽 Urology Your AI-Powered Practice is here… And it’s supported by intelligent AI tools to help responsibly mana
828,ModMed,https://www.modmed.com/,"See how Telehealth-enabled EHR, patient engagement tools and practice management software can help your practice during this time. | ModMed",https://www.modmed.com/5solutions/,/Users/justinyu/Desktop/linkedin-posts/output/ispor26_ai_vendor_screenshots/screenshots/modmed/43853325f8.png,16,high,"Explicit AI language appears with product/offering/service terms in the page title, URL, or captured evidence text.","mate documentation & streamline the exam to help improve care 󿀫 Billing & Operations Position your practice for growth & continuous improvement AI that’s transparent, trustworthy and designed for accuracy ModMed Scribe: AI-powered software to speed documentation Watch video Browse all resources 󿁲What We Do Products & Services EHR Practice Management Revenue Cycle Management Analytics Patient Communication Payment Processing See All Integrations App Marketplace Labs Certified FHIR API Other Connections Real practices. Real results. See how our solutions are making a difference. Finding an all-in-one system Watch testimonial See more "
844,ModMed,https://www.modmed.com/,Client Services | EMA EMR Software Support from modmed,https://www.modmed.com/services/,/Users/justinyu/Desktop/linkedin-posts/output/ispor26_ai_vendor_screenshots/screenshots/modmed/fbe484ac9c.png,16,high,"Explicit AI language appears with product/offering/service terms in the page title, URL, or captured evidence text.","mate documentation & streamline the exam to help improve care 󿀫 Billing & Operations Position your practice for growth & continuous improvement AI that’s transparent, trustworthy and designed for accuracy ModMed Scribe: AI-powered software to speed documentation Watch video Browse all resources 󿁲What We Do Products & Services EHR Practice Management Revenue Cycle Management Analytics Patient Communication Payment Processing See All Integrations App Marketplace Labs Certified FHIR API Other Connections Real practices. Real results. See how our solutions are making a difference. Finding an all-in-one system Watch testimonial See more "
845,ModMed,https://www.modmed.com/,MIPS Advising | Specialist Support to Improve MACRA Performance,https://www.modmed.com/services/mips-advising/,/Users/justinyu/Desktop/linkedin-posts/output/ispor26_ai_vendor_screenshots/screenshots/modmed/a84af306ea.png,16,high,"Explicit AI language appears with product/offering/service terms in the page title, URL, or captured evidence text.","mate documentation & streamline the exam to help improve care 󿀫 Billing & Operations Position your practice for growth & continuous improvement AI that’s transparent, trustworthy and designed for accuracy ModMed Scribe: AI-powered software to speed documentation Watch video Browse all resources 󿁲What We Do Products & Services EHR Practice Management Revenue Cycle Management Analytics Patient Communication Payment Processing See All Integrations App Marketplace Labs Certified FHIR API Other Connections Real practices. Real results. See how our solutions are making a difference. Finding an all-in-one system Watch testimonial See more "
848,ModMed,https://www.modmed.com/,AI-Enhanced Faxing for Medical Practices | ModMed,https://www.modmed.com/solutions/ai/enhanced-faxing/,/Users/justinyu/Desktop/linkedin-posts/output/ispor26_ai_vendor_screenshots/screenshots/modmed/9e89c14561.png,17,high,"Explicit AI language appears with product/offering/service terms in the page title, URL, or captured evidence text.",".0. Try it now! AI 󿁲 Specialties 󿁲 Solutions 󿁲 What We Do 󿁲 Who We Are 󿁲 Resources Support Book a demo 󿁉 Enhanced Faxing Streamline your fax workflows with the power of AI Are outdated faxing workflows slowing you down? AI-powered Enhanced Faxing is built directly into our EHR ecosystem for EMA® and gGastro® to save you time by categorizing incoming faxes and suggesting patient records to link them to. It can even prepopulate structured data, such as patient name and document type. “After implementing Enhanced Faxing, we can process and share results more promptly, which enhances patient care. This efficiency cuts down my processing"
849,ModMed,https://www.modmed.com/,What Patients Think About AI at the Doctor’s Office | ModMed,https://www.modmed.com/solutions/ai/what-patients-think-about-ai/,/Users/justinyu/Desktop/linkedin-posts/output/ispor26_ai_vendor_screenshots/screenshots/modmed/19412f14c6.png,11,high,"Explicit AI language appears with product/offering/service terms in the page title, URL, or captured evidence text.",
851,ModMed,https://www.modmed.com/,OBGYN Data Analytics | ModMed,https://www.modmed.com/specialties/obgyn/analytics/,/Users/justinyu/Desktop/linkedin-posts/output/ispor26_ai_vendor_screenshots/screenshots/modmed/a668a18713.png,15,high,"Explicit AI language appears with product/offering/service terms in the page title, URL, or captured evidence text.","p run reports, benchmark performance and make data-driven decisions? Learn more Read the blog Jumpstart your daily operations with ModMed’s Practice Management software Get in touch with our team today ModMed powers the AI-Powered Practice™ for specialty physicians nationwide, helping them finish notes in less than an hour¶. ¶ Results may vary based on practice size, product usage, and other factors. Time based on one ModMed Scribe user. Specialties Allergy Dermatology ENT Gastroenterology OBGYN Ophthalmology Orthopedics Pain Management Plastic Surgery Podiatry Urology Company About Leadership On-Staff Physicians Events MOMENTUM Use"
856,ModMed,https://www.modmed.com/,Pain Management videos | ModMed,https://www.modmed.com/specialties/pain-management/videos/,/Users/justinyu/Desktop/linkedin-posts/output/ispor26_ai_vendor_screenshots/screenshots/modmed/9150d011f3.png,16,high,"Explicit AI language appears with product/offering/service terms in the page title, URL, or captured evidence text.","mate documentation & streamline the exam to help improve care 󿀫 Billing & Operations Position your practice for growth & continuous improvement AI that’s transparent, trustworthy and designed for accuracy ModMed Scribe: AI-powered software to speed documentation Watch video Browse all resources 󿁲What We Do Products & Services EHR Practice Management Revenue Cycle Management Analytics Patient Communication Payment Processing See All Integrations App Marketplace Labs Certified FHIR API Other Connections Real practices. Real results. See how our solutions are making a difference. Finding an all-in-one system Watch testimonial See more "
869,Nested Knowledge,https://about.nested-knowledge.com/,FIECON and Nested Knowledge Partner to Transform evidence synthesis with AI – Nested Knowledge,https://about.nested-knowledge.com/2024/02/27/fiecon-and-nested-knowledge-partner-to-transform-evidence-synthesis-with-ai/,/Users/justinyu/Desktop/linkedin-posts/output/ispor26_ai_vendor_screenshots/screenshots/nested-knowledge/ca91f97568.png,8,high,"Explicit AI language appears with product/offering/service terms in the page title, URL, or captured evidence text.","ity systematic reviews, as well as in health economics and outcomes research generally, makes them the ideal partner for scaling up AI-assisted, updatable repositories of evidence needed for key decisions,” said Kevin Kallmes, CEO of Nested Knowledge. “Their expertise in both subject matter and research processes will be necessary to address the accelerating needs for rapid evidence synthesis across the pharma lifecycle.” The collaboration brings together FIECON’s expertise in health economics and Nested Knowledge’s innovative AI-driven solutions. The use of AI in this context not only accelerates the research process but also enhan"
870,Nested Knowledge,https://about.nested-knowledge.com/,Medlior and Nested Knowledge Partner to Provide High-Quality Evidence Synthesis That Support the HEOR- And RWE-Focused Activities of Life Sciences Organizations – Nested Knowledge,https://about.nested-knowledge.com/2024/03/12/medlior-and-nested-knowledge-partner-to-provide-high-quality-evidence-synthesis-that-support-the-heor-and-rwe-focused-activities-of-life-sciences-organizations/,/Users/justinyu/Desktop/linkedin-posts/output/ispor26_ai_vendor_screenshots/screenshots/nested-knowledge/a8d82b7d8e.png,5,high,"Explicit AI language appears with product/offering/service terms in the page title, URL, or captured evidence text."," company’s or other Life Science organization’s quest for high-quality, rapid turnaround Evidence Synthesis deliverables, from systematic literature reviews to gap analyses and evidence generation planning” said Keith Kallmes, President of Nested Knowledge. “For anyone looking for their projects to be delivered in a living form on the Nested Knowledge platform, we’d highly encourage you to engage with them!” About Medlior: Medlior is a leading provider of Evidence Synthesis and Real-World Evidence solutions, specialising in HEOR and and Market Access. At Medlior, we partner with you to identify problems and craft tailored solutions  /  a service but a collaborative venture. With Medlior, consider us an integral part of your evidence journey and a dedicated ally in achieving your goals. visit medlior.com. About Nested Knowledge: Nested Knowledge is an AI-powered living evidence platform that enables the extraction, analysis, and visualisation of published clinical literature to facilitate the creation of interactive, web-based systematic literature reviews, meta-analyses, and evidence libraries. By prioritising updateability, traceability, and visual interactivity, Nested Knowledge revolutionises evidence synthesis processes, offering a dynamic approach to evidenc"
874,Nested Knowledge,https://about.nested-knowledge.com/,Nested Knowledge Awarded NIH SBIR Grant to Advance AI-Powered Quantitative Data Extraction – Nested Knowledge,https://about.nested-knowledge.com/2024/11/05/nested-knowledge-awarded-nih-sbir-grant-to-advance-ai-powered-quantitative-data-extraction/,/Users/justinyu/Desktop/linkedin-posts/output/ispor26_ai_vendor_screenshots/screenshots/nested-knowledge/9d843141c7.png,10,high,"Explicit AI language appears with product/offering/service terms in the page title, URL, or captured evidence text.","Synthesis One of the features of Core Smart Tags is Smart Study Type – this refers to our AI system that automatically categorises the study type READ MORE » October 7, 2025 No Comments Blog Newsroom Privacy Policy Fulfillment Policy Terms of Use Support FAQ Shop / Skip to content Software Platform Industry Solutions Pricing Docs Support Team Blog Try Contact Nested Knowledge Awarded NIH SBIR Grant to Advance AI-Powered Quantitative Data Extraction Jeff Johnson All Posts We are thrilled to announce that Nested Knowledge has been awarded a Phase I SBIR grant from the National Library of Medicine (NLM) at the National Institutes of Health (NIH). This grant provides $304,971 in total funding towards building automated quantitative extraction from text and tables in medical literature. With this grant, the NIH is recognizing "
875,Nested Knowledge,https://about.nested-knowledge.com/,Join Nested Knowledge at ISPOR EU 2024: AI-Powered Solutions for the HTAR Era – Nested Knowledge,https://about.nested-knowledge.com/2024/11/11/join-nested-knowledge-at-ispor-eu-2024-ai-powered-solutions-for-the-htar-era/,/Users/justinyu/Desktop/linkedin-posts/output/ispor26_ai_vendor_screenshots/screenshots/nested-knowledge/8ba1b47623.png,24,high,"Explicit AI language appears with product/offering/service terms in the page title, URL, or captured evidence text.","dies at ISPOR US in Atlanta, Robot Screener has improved recall over human reviewers and delivers 45-50% time savings in Dual Screening workflows. Custom Smart Tag Recommendations: Our advanced extraction tools leverage Large Language Models while maintaining full data provenance and human oversight. Meeting the Challenges Posed by New Regulation The transition to mandatory Joint Clinical Assessments in January 2025 presents several key challenges for manufacturers: Challenges Solutions Unknown PICOs: Assessors will have limited prior knowledge of which PICOs will be selected before Scope of Evaluation, but we do know that PICOs mus / dies at ISPOR US in Atlanta, Robot Screener has improved recall over human reviewers and delivers 45-50% time savings in Dual Screening workflows. Custom Smart Tag Recommendations: Our advanced extraction tools leverage Large Language Models while maintaining full data provenance and human oversight. Meeting the Challenges Posed by New Regulation The transition to mandatory Joint Clinical Assessments in January 2025 presents several key challenges for manufacturers: Challenges Solutions Unknown PICOs: Assessors will have limited prior knowledge of which PICOs will be selected before Scope of Evaluation, but we do know that PICOs mus"
880,Nested Knowledge,https://about.nested-knowledge.com/,13 Rapid Reviews in Record Time: Inside the AI-Powered Case Study – Nested Knowledge,https://about.nested-knowledge.com/2025/11/28/13-rapid-reviews-in-record-time-inside-the-ai-powered-case-study/,/Users/justinyu/Desktop/linkedin-posts/output/ispor26_ai_vendor_screenshots/screenshots/nested-knowledge/d1194e8fb0.png,25,high,"Explicit AI language appears with product/offering/service terms in the page title, URL, or captured evidence text."," Methods Nested Knowledge’s AI-assisted systematic review workflow was applied across the 13 reviews. Each review proceeded through the following core steps: Smart Search – Automated search construction with a validated LLM-based model and PubMed execution. Robot Screener / Criteria-Based Screening – AI-enabled study screening with full transparency and traceability. Depending on the review goals, this can be executed with the ‘hybrid’ Robot Screener or fully-AI Criteria-Based Screening modes.. Smart Tagging – Automated extraction of qualitative concepts and structured data elements (based on the global team’s clinical, epidemiologi / ese therapeutic areas starting well before HTA submission activities. Therefore, recognizing that AI-assisted Rapid Reviews can be performed in as little as 3 hours, their team partnered with Nested Knowledge to conduct AI-enabled Rapid Reviews, generating dashboard deliverables that synthesized evidence across 13 distinct reviews in four critical therapeutic areas. Methods Nested Knowledge’s AI-assisted systematic review workflow was applied across the 13 reviews. Each review proceeded through the following core steps: Smart Search – Automated search construction with a validated LLM-based model and PubMed execution. Robot Screener"
881,Nested Knowledge,https://about.nested-knowledge.com/,Responsible AI in Evidence Synthesis: How Nested Knowledge Meets the New Standards from Cochrane Joint Statement and RAISE Guidelines – Nested Knowledge,https://about.nested-knowledge.com/2025/12/08/responsible-ai-in-evidence-synthesis-how-nested-knowledge-meets-the-new-standards-from-cochrane-joint-statement-and-raise-guidelines/,/Users/justinyu/Desktop/linkedin-posts/output/ispor26_ai_vendor_screenshots/screenshots/nested-knowledge/6f03a1b8df.png,27,high,"Explicit AI language appears with product/offering/service terms in the page title, URL, or captured evidence text.","Synthesis One of the features of Core Smart Tags is Smart Study Type – this refers to our AI system that automatically categorises the study type READ MORE » October 7, 2025 No Comments Blog Newsroom Privacy Policy Fulfillment Policy Terms of Use Support FAQ Shop / y, and rigorous human control. This is exactly the direction the industry must go, and we appreciate the clear guidance from Cochrane and RAISE. Happy reviewing! Prev PREVIOUS 13 Rapid Reviews in Record Time: Inside the AI-Powered Case Study NEXT Nested Knowledge and Pharmacy Podcast Network Announce Strategic Collaboration to Advance Evidence-Based Podcasting in Healthcare Next A blog about systematic literature reviews? Yep, you read that right. We started making software for conducting systematic reviews because we like doing systematic reviews. And we bet you do too. If you do, check out this featured post and come back often! W"
882,Nested Knowledge,https://about.nested-knowledge.com/,Meet Smart Critical Appraisal – Your AI-Powered Bias Reviewer – Nested Knowledge,https://about.nested-knowledge.com/2026/02/23/meet-smart-critical-appraisal-your-ai-powered-bias-reviewer/,/Users/justinyu/Desktop/linkedin-posts/output/ispor26_ai_vendor_screenshots/screenshots/nested-knowledge/9eaa331c0e.png,10,high,"Explicit AI language appears with product/offering/service terms in the page title, URL, or captured evidence text.","Synthesis One of the features of Core Smart Tags is Smart Study Type – this refers to our AI system that automatically categorises the study type READ MORE » October 7, 2025 No Comments Blog Newsroom Privacy Policy Fulfillment Policy Terms of Use Support FAQ Shop / Skip to content Software Platform Industry Solutions Pricing Docs Support Team Blog Try Contact Meet Smart Critical Appraisal – Your AI-Powered Bias Reviewer Luke Sims All Posts Stop spending hours manually assessing study quality. Let intelligent automation handle the heavy lifting while allowing you to stay in the loop. In systematic review, critical appraisal is needed for validation, but it’s also one of the most time-consuming steps in the entire workflow. Reviewing every included study for bias, methodological rigor, and quality signals can "
892,nference,https://nference.com/,nference - Agentic AI Platform for Healthcare Research,https://nference.com/,/Users/justinyu/Desktop/linkedin-posts/output/ispor26_ai_vendor_screenshots/screenshots/nference/09eddd7ab1.png,8,high,"Explicit AI language appears with product/offering/service terms in the page title, URL, or captured evidence text.","rldwide are estimated to have kidney diseases. Using our real-world data, researchers can improve diagnosis, potentially preventing acute cases from progressing into chronic ones. Learn More See More Products & Services AI-powered platform for clinical data analysis, patient cohorts, clinical journeys, and predictive models. Design Patient Cohorts Explore Patient Journey Data Annotation for Model Development AI Platform for Anatomical Computations Advanced Data Science Workbench Learn More Venture creation powered by the nference platform Harnessing industry-leading AI and translational science to decode the electrocardiogram as nev"
893,nference,https://nference.com/,nference | Real-time analysis of a mass vaccination effort via an Artificial Intelligence platform confirms the safety of FDA-authorized COVID-19 vaccines,https://nference.com/publications/YWLrfRIAAC0AzpgZ/Real-time-analysis-of-a-mass-vaccination-effort-via-an-Artificial-Intelligence-platform-confirms-the,/Users/justinyu/Desktop/linkedin-posts/output/ispor26_ai_vendor_screenshots/screenshots/nference/71b9c56666.png,3,medium,"Explicit AI language appears with product/offering/service terms in the page title, URL, or captured evidence text.","ss on GLP-1 Therapies (Featured in Reuters) View The Study Data Events nSights Nucleus Publications Resources Company Login Request Demo Sign Up Home / Publications Real-time analysis of a mass vaccination effort via an Artificial Intelligence platform confirms the safety of FDA-authorized COVID-19 vaccines June 28 2021 Featured in Star Tribune · Becker's Health IT · News Medical Life Sciences Open full publication : As the COVID-19 vaccination campaign unfolds as one of the most rapid and widespread in history, it is important to continuously assess the real world safety of the FDA-authorized vaccines. Curation from large-scale ele"
895,nference,https://nference.com/,nSights for Clinical Researchers,https://nference.com/nsights-for-clinical-researchers,/Users/justinyu/Desktop/linkedin-posts/output/ispor26_ai_vendor_screenshots/screenshots/nference/7113ad6508.png,12,medium,"Explicit AI language appears with product/offering/service terms in the page title, URL, or captured evidence text.","r before! Design Reliable Cohorts Rapidly generate regulatory-grade cohorts with nSights Cohort Builder. Leverage flexible Inclusion/Exclusion criteria using: • Pre-curated selectors with relevant clinical terms, or • A generative AI tool for chat-based prompts. Visualize Comparative Insights Visualize insights comparing the customized test cohort to the full population or control cohort. Computed statistical metrics (Chi-Squared, Rate Ratio, Cohen’s D, Survival Probabilities, Outlier Methods) illuminate statistically relevant outcomes. Analyze Cohorts with Advanced Statistics Perform nuanced cohort comparisons with advanced statist / e Research Save your cohorts in the Cohort Library. Broadcast your findings in the Data Library. Large Scale Synthesization of Text Data using Validated AI nSights' Augmented Curation leverages Neural Networks, NER, and LLMs to transform textual EMR data into the industry's largest labeled EMR dataset, consisting of billions of clinical notes and mined, unstructured text. This gives researchers unprecedented access to curated perspectives from leading medical professionals, and contextualizes it with clinical data. Visualize correlations between diverse clinical terms from Unstructured Notes. Define custom collections of clinical te"
896,nference,https://nference.com/,nference | Collaborations,https://nference.com/solutions,/Users/justinyu/Desktop/linkedin-posts/output/ispor26_ai_vendor_screenshots/screenshots/nference/55c8a19e3a.png,2,high,"Explicit AI language appears with product/offering/service terms in the page title, URL, or captured evidence text.","es (Featured in Reuters) View The Study Data Events nSights Nucleus Publications Resources Company Login Request Demo Sign Up Collaborations Empowering Data-Driven Decisions in Healthcare and Life Sciences Comprehensive AI-powered solutions to transform healthcare data into actionable insights, empowering research, accelerating drug development, and enhancing clinical decision-making. Prioritizes patient privacy and regulatory compliance while deriving insights from diverse data sources. Enables collaboration and data-driven strategies for leading medical centers through a secure platform. For Life Sciences Make Strategic Healthcare"
908,OM1,https://www.om1.com/,Browse all AI topics,https://www.om1.com/resources/case-studies/ai/,/Users/justinyu/Desktop/linkedin-posts/output/ispor26_ai_vendor_screenshots/screenshots/om1/e57a614711.png,9,high,"Explicit AI language appears with product/offering/service terms in the page title, URL, or captured evidence text.",ces related to ai. Case studies Showing 4 of 4 results Case Study AI Mental Health Bringing Treatment-Resistant Depression to Light: AI-Driven Patient Discovery in Real-World Data Read more Case Study AI Derm Rare Using Artificial Intelligence to Find Undiagnosed Generalized Pustular Psoriasis Patients Read more Case Study AI Rare Patient Identification in Rare Diseases Read more Case Study AI Precision Targeting: Uncovering High-Value HCPs with AI Read more Who We Help For Life Sciences For Providers For Payers Our Solutions Clinical Registries Patient Finding & Prediction Clinical Datasets & Insights Consulting Services Our Platfo
909,OM1,https://www.om1.com/,Bringing Treatment-Resistant Depression to Light: AI-Driven Patient Discovery in Real-World Data,https://www.om1.com/resources/case-studies/ai/bringing-treatment-resistant-depression-to-light-ai-driven-patient-discovery-in-real-world-data/,/Users/justinyu/Desktop/linkedin-posts/output/ispor26_ai_vendor_screenshots/screenshots/om1/872f2d656e.png,21,high,"Explicit AI language appears with product/offering/service terms in the page title, URL, or captured evidence text.","mc/articles/PMC10503923/ www.ncbi.nlm.nih.gov/pmc/articles/ PMC10391320/#:~:text=Health%20care%20costs%20were%20 $22%2C541,(all%20P%20%3C%200.001). Related Tags AI Mental Health Related articles See all Case Study Using Artificial Intelligence to Find Undiagnosed Generalized Pustular Psoriasis Patients Case Study Patient Identification in Rare Diseases Case Study Supporting payer adoption with real-world evidence: Nalu Medical demonstrates value with OM1 data Who We Help For Life Sciences For Providers For Payers Our Solutions Clinical Registries Patient Finding & Prediction Clinical Datasets & Insights Consulting Services Our Platf / ants of health (SDOH) including race, ethnicity, household income, education level and credit score. Identifying Psychiatrist-Attested TRD The OM1 team conducted a detailed analysis of the PremiOM MDD dataset, utilizing machine learning alongside text extraction and natural language processing (NLP) to identify patients with psychiatrist-attested TRD within unstructured clinical notes. This process involved detecting explicit affirmations such as “patient has treatment resistant depression” and negations such as “patient does not have TRD.” These identified patients served as the “gold standard” TRD positive cohort for AI model cali"
911,OM1,https://www.om1.com/,Precision Targeting: Uncovering High-Value HCPs with AI,https://www.om1.com/resources/case-studies/ai/precision-targeting-uncovering-high-value-hcps-with-ai/,/Users/justinyu/Desktop/linkedin-posts/output/ispor26_ai_vendor_screenshots/screenshots/om1/85c124fd08.png,7,high,"Explicit AI language appears with product/offering/service terms in the page title, URL, or captured evidence text.","PI multiplied by an annual list price of the therapy. Related Tags AI Related articles See all Case Study Bringing Treatment-Resistant Depression to Light: AI-Driven Patient Discovery in Real-World Data Case Study Using Artificial Intelligence to Find Undiagnosed Generalized Pustular Psoriasis Patients Case Study Patient Identification in Rare Diseases Who We Help For Life Sciences For Providers For Payers Our Solutions Clinical Registries Patient Finding & Prediction Clinical Datasets & Insights Consulting Services Our Platform Resources About Us Careers Contact Us 2026 © Copyright OM1, All rights reserved. Terms and Conditions Pri / he commercial team to: Reveal hidden value by surfacing high-risk patients — and the HCPs managing them — who may not appear in traditional lists. Expand reach with net-new, high-opportunity providers identified through AI-powered phenotypic modeling and curated real-world patient data. Guide smarter engagement with a clear, tiered roadmap with prioritized HCPs. Strengthen differentiation by aligning outreach to the providers managing patients most likely to benefit from therapy. By going beyond claims data and leveraging AI-powered clinical risk markers, PhenOM enables commercial teams to prioritize the right HCPs earlier in the pa"
915,OM1,https://www.om1.com/,Browse all AI topics,https://www.om1.com/topics/ai/,/Users/justinyu/Desktop/linkedin-posts/output/ispor26_ai_vendor_screenshots/screenshots/om1/9b7b1a47fe.png,217,high,"Explicit AI language appears with product/offering/service terms in the page title, URL, or captured evidence text.","Article Podcast Clear filters Showing 9 of 127 results Case Study AI Mental Health Bringing Treatment-Resistant Depression to Light: AI-Driven Patient Discovery in Real-World Data Read more Case Study AI Derm Rare Using Artificial Intelligence to Find Undiagnosed Generalized Pustular Psoriasis Patients Read more Case Study AI Rare Patient Identification in Rare Diseases Read more Case Study AI Precision Targeting: Uncovering High-Value HCPs with AI Read more Publication AI Rare A New Approach to Identifying Patients with Elevated Risk for Fabry Disease Using a Machine Learning Algorithm. Read more Publication AI Cardio Predicting Di / fication in Rare Diseases Read more Case Study AI Precision Targeting: Uncovering High-Value HCPs with AI Read more Publication AI Rare A New Approach to Identifying Patients with Elevated Risk for Fabry Disease Using a Machine Learning Algorithm. Read more Publication AI Cardio Predicting Disease Progression in Non-Alcoholic Steatohepatitis (NASH) Patients with Early Stage Fibrosis Within a Large, Representative Real-World Database of US Patients Read more Publication AI Cardio A Highly Predictive Machine Learning Model to Identify Hospitalized Patients at Risk for 30-day Readmission or Mortality Read more Publication AI Neuro Vali"
925,OMNY Health,https://www.omnyhealth.com/,OMNY Health Launches Data Platform for AI-Driven Heath Tech,https://omnyhealth.com/omny-health-launches-data-platform-designed-to-power-ai-driven-health-tech-companies/,/Users/justinyu/Desktop/linkedin-posts/output/ispor26_ai_vendor_screenshots/screenshots/omny-health/02a3b3471f.png,26,high,"Explicit AI language appears with product/offering/service terms in the page title, URL, or captured evidence text.","democratizing healthcare data. QuantHealth and ArisGlobal are just two of OMNY’s newest partners to leverage this new platform to power their organizational AI-driven needs. OMNY Health’s data network uniquely addresses Generative AI’s need for large de-identified structured and unstructured electronic health record (EHR) data sets across diverse provider and patient populations, further underscoring the platform as delivering the data infrastructure and rails for provider organizations to collaborate and fuel the development and use of effective AI solutions for advancing healthcare. “Our mission is to free data from silos, allowin / uberculosis Disease in the United States © Recent News Atropos Health Expands Evidence Network by Teaming with OMNY Health BTG and OMNY Health™ Partner to Improve Treatment Five Natural Language Processing Subtasks that Large Language Models Can Perform to Improve Healthcare GPP Flares Linked to Increased Hospitalizations, Health Care Costs, Study Finds Linkedin Envelope Customers Life Sciences MedTech AI/Healthcare Companies Healthcare Providers Products OMNY Foundation OMNY Clinical Notes Company Our Team Careers Contact us Resources Blog News Whitepaper Publications Terms of Service Privacy Policy © 2018-2026 OMNY, Inc. All right"
926,OMNY Health,https://www.omnyhealth.com/,OMNY Health Launches Dynamic GLP-1 Network,https://omnyhealth.com/omny-health-launches-dynamic-glp-1-network-of-600k-patients-to-fuel-clinical-research/,/Users/justinyu/Desktop/linkedin-posts/output/ispor26_ai_vendor_screenshots/screenshots/omny-health/4a00261508.png,15,high,"Explicit AI language appears with product/offering/service terms in the page title, URL, or captured evidence text.","ts life sciences and health system partners, as well as its AI-driven health tech partners, with additional knowledge of GLP-1 use, related social determinants of health (SDOH), and patient demographics to better inform generative AI tools, researchers, and clinicians and improve patient outcomes. Despite a staggering amount of healthcare data being generated across health systems and life sciences companies, 97% of this data goes unused. This underutilization is particularly crucial as the usage of GLP-1 agonists surge, driven by their effectiveness in treating chronic conditions such as type 2 diabetes and obesity. The growing dem / uberculosis Disease in the United States © Recent News Atropos Health Expands Evidence Network by Teaming with OMNY Health BTG and OMNY Health™ Partner to Improve Treatment Five Natural Language Processing Subtasks that Large Language Models Can Perform to Improve Healthcare GPP Flares Linked to Increased Hospitalizations, Health Care Costs, Study Finds Linkedin Envelope Customers Life Sciences MedTech AI/Healthcare Companies Healthcare Providers Products OMNY Foundation OMNY Clinical Notes Company Our Team Careers Contact us Resources Blog News Whitepaper Publications Terms of Service Privacy Policy © 2018-2026 OMNY, Inc. All right"
945,OneMedNet,https://www.onemednet.com/,"OneMedNet and Protege Partner to Advance the Future of AI-Driven Healthcare with Real-Time, Multimodal Data - OneMedNet",https://www.onemednet.com/news/onemednet-and-protege-partner-to-advance-the-future-of-ai-driven-healthcare-with-real-time-multimodal-data/,/Users/justinyu/Desktop/linkedin-posts/output/ispor26_ai_vendor_screenshots/screenshots/onemednet/b3c029da43.png,22,high,"Explicit AI language appears with product/offering/service terms in the page title, URL, or captured evidence text."," HOW IT WORKS WHO WE SUPPORT NEWS & EVENTS GET IN TOUCH OneMedNet and Protege Partner to Advance the Future of AI-Driven Healthcare with Real-Time, Multimodal Data APRIL 23, 2025 (GLOBENEWSWIRE) – OneMedNet, a leader in AI-powered Real-World Data, has announced a strategic partnership with Protege, the AI training data platform, to enable real-time access, multimodal patient data for AI developers and researchers. Through this collaboration, OneMedNet’s data will be made available via Protege, expanding access to high-quality datasets for building next-generation AI solutions in healthcare. This partnership unlocks the potential for"
946,OneMedNet,https://www.onemednet.com/,OneMedNet Announces Exciting New Collaboration with Bayer's AI Innovation Platform to Help Accelerate Healthcare AI Development - OneMedNet,https://www.onemednet.com/news/onemednet-announces-exciting-new-collaboration-with-bayers-ai-innovation-platform-to-help-accelerate-healthcare-ai-development/,/Users/justinyu/Desktop/linkedin-posts/output/ispor26_ai_vendor_screenshots/screenshots/onemednet/c644e6f99d.png,13,high,"Explicit AI language appears with product/offering/service terms in the page title, URL, or captured evidence text.","as announced its collaboration with Bayer’s AI Innovation Platform (AIIP). By joining AIIP, the partnership aims to empower the developer teams of healthcare organizations and startups in building scalable and compliant AI-powered medical imaging software products “We are thrilled to join forces with Bayer’s AI Innovation Platform,” said Aaron Green, CEO & President of OneMedNet. “This collaboration allows us to combine our regulatory-grade real-world data platform, which aggregates data from our provider network of over 1,400 healthcare provider facilities, with Bayer’s innovative AIIP. Together, we aim to empower developers to cre"
958,OneMedNet,https://www.onemednet.com/,OneMedNet Real-World Data Supports FDA 510(k) Clearance of AI-Powered Scaida BrainCT-ICH Software - OneMedNet,https://www.onemednet.com/news/onemednet-real-world-data-supports-fda-510k-clearance-of-ai-powered-scaida-brainct-ich-software/,/Users/justinyu/Desktop/linkedin-posts/output/ispor26_ai_vendor_screenshots/screenshots/onemednet/8d62aa1044.png,17,high,"Explicit AI language appears with product/offering/service terms in the page title, URL, or captured evidence text.","510(k) clearance for Scaida BrainCT-ICH, an AI-powered software solution designed to facilitate the rapid detection of intracranial hemorrhage (ICH) from head computed tomography (CT) scans. Scaida BrainCT-ICH leverages artificial intelligence to analyze head CT images and identify suspected intracranial hemorrhage in approximately 5.97 seconds after image acquisition, enabling faster clinical triage and supporting timely decision-making in acute care settings, according to mlHealth 360. OneMedNet’s regulatory-grade Real-World Data—spanning longitudinal electronic medical records (EMR), diagnostic imaging, and associated clinical re / Skip to content INVESTOR RELATIONS CAREERS JOIN OUR NETWORK WHY RWD DATA PRODUCTS HOW IT WORKS WHO WE SUPPORT NEWS & EVENTS GET IN TOUCH OneMedNet Real-World Data Supports FDA 510(k) Clearance of AI-Powered Scaida BrainCT-ICH Software OneMedNet Corporation (Nasdaq: ONMD), a leading provider of regulatory-grade, AI-ready Real-World Data (RWD), today announced that its high-quality, multimodal clinical data supported mlHealth 360 in obtaining U.S. Food and Drug Administration (FDA) 510(k) clearance for Scaida BrainCT-ICH, an AI-powered software solution designed to facilitate the rapid detection of intracranial"
1000,Oracle Health and Life Sciences,https://www.oracle.com/health/,"On-premise limitations, cloud possibilities: AI Strategies for Leaders | Oracle",https://www.oracle.com/applications/effective-ai-strategies/,/Users/justinyu/Desktop/linkedin-posts/output/ispor26_ai_vendor_screenshots/screenshots/oracle-health-and-life-sciences/193d47275d.png,108,medium,"Explicit AI language appears with product/offering/service terms in the page title, URL, or captured evidence text.","orking. All of these factors can lead to extremely high costs for implementing AI solutions. In addition to the technical challenges of implementing AI, recent regulatory initiatives, such as the EU AI Act3 and Canada’s Artificial Intelligence and Data Act4, and existing privacy laws, such as the California Consumer Privacy Act5 and the EU’s General Data Protection Regulation6, all threaten regulatory risks if AI is implemented in a noncompliant fashion. The use of AI in hiring practices can also bring increased risk and scrutiny from regulators.7 As a result, IT executives are faced with the difficult challenge of executing their c /  the explosion of AI in recent years, many business leaders are trying to understand how to leverage AI within their legacy applications. Earlier this year, Forbes reported that 6 out of 10 large companies worldwide use generative AI. Of that group, 74% are seeing a significant return on investment, and 45% saw employee productivity double.1 AI delivers real-world value and allows those harnessing its power to move much more quickly and efficiently. These productivity gains can be an equalizer for smaller organizations, helping them scale efficiently to take on competitors and disrupt markets. However, as AI adoption grows and these"
1005,Oracle Health and Life Sciences,https://www.oracle.com/health/,AI Agents for Fusion Applications | Oracle,https://www.oracle.com/applications/fusion-ai/ai-agents/,/Users/justinyu/Desktop/linkedin-posts/output/ispor26_ai_vendor_screenshots/screenshots/oracle-health-and-life-sciences/45bf01eba9.png,63,medium,"Explicit AI language appears with product/offering/service terms in the page title, URL, or captured evidence text.","cle AI for Fusion Applications Oracle AI Agents for Fusion Applications Oracle AI agents for Fusion Applications help drive efficiency, innovation, and growth across the enterprise. These powerful tools assist users via generative AI–powered services that are seamlessly embedded into everyday business processes and transactions in Oracle Fusion Cloud Applications. Contact Sales Request a free demo What is Oracle AI Agent Studio for Fusion Applications? (2:14) Discover the Oracle AI Agent Studio for Fusion Cloud Applications Fusion Agentic Applications: Reinventing how work works Turn objectives into outcomes with proactive agentic a / les from service data, boosting productivity and ensuring timely, accurate information delivery. Knowledge management Knowledge-based answer generation Generates answers based on your knowledge repository or from the AI large language model when your company doesn’t have the content. Knowledge management Knowledge search assistant Helps service teams respond with accuracy and efficiency by generating contextually relevant answers, with citations, from knowledge base content. Service request and case management SR Summary Agent Summarizes a service request (SR) and its messages, helps improve quality, and standardizes communication a"
1006,Oracle Health and Life Sciences,https://www.oracle.com/health/,Fusion Applications AI Strategy Continues with Custom AI | Oracle,https://www.oracle.com/applications/fusion-ai/custom-ai/,/Users/justinyu/Desktop/linkedin-posts/output/ispor26_ai_vendor_screenshots/screenshots/oracle-health-and-life-sciences/4dad504b7f.png,87,medium,"Explicit AI language appears with product/offering/service terms in the page title, URL, or captured evidence text.","pplications AI strategy continues with custom AI Miranda Nash, Group Vice President, Applications Development and Strategy | April 29, 2025 In less than two years, Fusion Applications have delivered hundreds of embedded generative AI use cases and embedded AI agents that are delivering productivity gains to Fusion Apps customers in production today. One month ago, we made Oracle AI Agent Studio for Fusion Applications available for our customers and partners to introduce AI agents into their workforce, across the enterprise. This is the same tool used by Oracle to deliver AI agents. Embedded AI, Oracle’s unique value proposition All / s start from scratch without relying on Oracle-built agent templates. Both embedded and custom agents can be tested, deployed, and managed via AI Agent Studio. Embedded AI: Included with Fusion Applications Oracle-built GenAI capabilities and AI agents using curated LLMs in OCI For customers that want all data to stay in Oracle Oracle AI Agent Studio to extend Oracle-built AI agents Limited use of GPT-4 for AI agents* Custom AI: Unlimited GPT-4 and all-custom agents* Oracle-built AI agents using OpenAI GPT-4, hosted in Azure Introduce your own fully custom AI agents into production Multimodal agents that can process images, audio, a"
1007,Oracle Health and Life Sciences,https://www.oracle.com/health/,Unleashing the Potential of Generative AI Directly Within Oracle,https://www.oracle.com/applications/fusion-ai/generative-ai/,/Users/justinyu/Desktop/linkedin-posts/output/ispor26_ai_vendor_screenshots/screenshots/oracle-health-and-life-sciences/c55a7c9ac2.png,32,high,"Explicit AI language appears with product/offering/service terms in the page title, URL, or captured evidence text.","Skip to content Accessibility Policy Menu Applications Oracle AI for Fusion Applications Unleashing the potential of generative AI directly within Oracle Fusion Cloud Applications Suite John Menhinick, Senior Director, Product Management | November 2023 Oracle is embedding generative AI capabilities across its SaaS portfolio. This powerful new technology is just the latest form of AI to be found in Fusion Cloud Applications Suite. Like our previous AI-driven functionality, there’s no special knowledge required. Making generative AI / incorporate it successfully into daily business operations. Based on a deep understanding of what it takes to build software that powers businesses, Oracle is incorporating business context into every prompt sent to the large language models (LLMs) hosted on Oracle Cloud Infrastructure (OCI). This business focus is consistent with how we have delivered classic AI features embedded into Fusion Applications for several years. As they perform their daily tasks, customers can call upon generative AI capabilities, where and when they need them. Further, with many businesses nervous about using generative AI, Oracle provides reassurance b"
1008,Oracle Health and Life Sciences,https://www.oracle.com/health/,How to Create an AI Agent in 7 Steps,https://www.oracle.com/applications/fusion-ai/how-to-create-ai-agent/,/Users/justinyu/Desktop/linkedin-posts/output/ispor26_ai_vendor_screenshots/screenshots/oracle-health-and-life-sciences/60a9e4a92a.png,52,medium,"Explicit AI language appears with product/offering/service terms in the page title, URL, or captured evidence text.","a range of applications and they’re designed to hold written and spoken conversations and to query databases to execute multistep tasks—without being programmed in advance about how to proceed in all situations. Agentic artificial intelligence applications can be deployed to work step by step to gather the information they need by interacting with computer users and their calendars, tapping information in local and cloud systems, and using search engines or other websites to answer questions or execute actions. They rely on underlying AI large language models (LLMs) for their predictive power and ability to interact with human users /  AI Agents? How to Create an AI Agent in 7 Steps Use Oracle AI Agent Studio for Fusion Applications to Customize Agents in Oracle Applications How to Create an AI Agent FAQs Businesses are working to get more value from generative AI by incorporating it into everyday business processes. They’re starting to deploy software called AI agents in a range of applications and they’re designed to hold written and spoken conversations and to query databases to execute multistep tasks—without being programmed in advance about how to proceed in all situations. Agentic artificial intelligence applications can be deployed to work step by step to"
1009,Oracle Health and Life Sciences,https://www.oracle.com/health/,Why Native AI in Oracle Fusion Applications Changes the Game | Oracle,https://www.oracle.com/applications/fusion-ai/native-ai/,/Users/justinyu/Desktop/linkedin-posts/output/ispor26_ai_vendor_screenshots/screenshots/oracle-health-and-life-sciences/2aafb61b40.png,15,medium,"Explicit AI language appears with product/offering/service terms in the page title, URL, or captured evidence text.","nt | May 14, 2025 Every company wants to get results from AI, but the return only matters if the investment it takes to get there isn’t too high. That’s where Oracle’s approach stands out. In Oracle Fusion Applications, generative AI services and prebuilt AI agents are already part of the platform. There’s no need to buy separate tools, spin up new infrastructure, or migrate data to a different environment. AI runs directly in the applications that already power your business across HR, finance, supply chain, sales, and service. That means the effort (the “I” in ROI) is low. In many cases, it’s as simple as enabling an agent and con"
1011,Oracle Health and Life Sciences,https://www.oracle.com/health/,Oracle AI Agents,https://www.oracle.com/applications/fusion-ai/steve-miranda-ai-agents-business-productivity/,/Users/justinyu/Desktop/linkedin-posts/output/ispor26_ai_vendor_screenshots/screenshots/oracle-health-and-life-sciences/c1df1a36ba.png,35,medium,"Explicit AI language appears with product/offering/service terms in the page title, URL, or captured evidence text."," to help automate dozens of processes as businesses seek productivity gains Oracle releases more than 50 AI agents in its Fusion apps to tackle business processes Aaron Ricadela | September 11, 2024 As companies ramp up artificial intelligence spending and hunt for investment returns, they’re augmenting single-shot, question-and-answer interactions with AI software “agents” that help complete entire tasks. The self-directed software leverages generative AI models—trained on vast amounts of data to make associations among concepts and learn new tasks—to find job candidates, analyze talent, research sales calls, and onboard suppliers. / ial intelligence spending and hunt for investment returns, they’re augmenting single-shot, question-and-answer interactions with AI software “agents” that help complete entire tasks. The self-directed software leverages generative AI models—trained on vast amounts of data to make associations among concepts and learn new tasks—to find job candidates, analyze talent, research sales calls, and onboard suppliers. Oracle on September 11 said it would ship more than 50 such AI agents as part of its Fusion cloud business applications suite in areas spanning finance, HR, supply chain management, quality control, sales, and customer service"
1013,Oracle Health and Life Sciences,https://www.oracle.com/health/,Oracle AI for CX | Oracle Fusion Cloud Customer Experience Apps,https://www.oracle.com/cx/ai/,/Users/justinyu/Desktop/linkedin-posts/output/ispor26_ai_vendor_screenshots/screenshots/oracle-health-and-life-sciences/022dae91a0.png,110,medium,"Explicit AI language appears with product/offering/service terms in the page title, URL, or captured evidence text.","uct Tours CX for Industries Applications Customer Experience Oracle AI for Customer Experience (CX) Oracle AI for CX helps organizations deliver great customer experiences across sales, service, and marketing workflows. Generative AI creates and informs. Agentic AI—coordinated as multiagent teams—decides and acts across the enterprise, drawing from the full context of Oracle Fusion including finance, supply chain, and HR data. This helps ensure every customer interaction drives real outcomes: revenue growth, stronger relationships, and lower cost to serve. Request a demo CRM was never built to deliver outcomes For the past two decad / analytics, suggests relevant follow-up questions, and answers questions from users. Sales guidance and forecasting Incentive compensation management* Uses AI processes to deploy complex compensation plans, and leverages GenAI to automate responses to payee questions and disputes and to troubleshoot crediting issues. Sales guidance and forecasting Create incentive rate tables* Incentive compensation plan administrators can build rate tables for sales credit calculation by copying and pasting from spreadsheets or entering requirement description in text. Sales guidance and forecasting Incentive Payee Advisor** Provides sellers with re"
1014,Oracle Health and Life Sciences,https://www.oracle.com/health/,Oracle Unity CDP | Oracle Fusion Cloud Customer Experience Applications,https://www.oracle.com/cx/customer-data-platform/,/Users/justinyu/Desktop/linkedin-posts/output/ispor26_ai_vendor_screenshots/screenshots/oracle-health-and-life-sciences/b91f4f3eb8.png,23,high,"Explicit AI language appears with product/offering/service terms in the page title, URL, or captured evidence text.","CX for Industries What's New Agency Services Applications Customer Experience Marketing Oracle Unity Data Platform Oracle Fusion Unity Data Platform transforms enterprise-wide customer data into actionable, trusted, and AI-enabled customer profiles. With complete and unified data, enterprises can create and activate audiences, generate more conversation-ready opportunities, personalize experiences, uncover insights, and optimize service operations. Request a demo Chat with Oracle sales See the product Oracle is a Leader for Customer Data Platforms Learn why Oracle was recognized.* Access the Gartner report Webinar: How Haymarket Med / mer Data Platforms Learn why Oracle was recognized.* Access the Gartner report Webinar: How Haymarket Media Turned Fragmented Data into Personalized Experiences with Oracle Unity CDP Learn how Haymarket Media is fueling AI-powered marketing success across 30+ brands with Oracle Unity Data Platform. Watch now Demystify the world of customer data platforms with our new guide Learn how you can deliver seamless customer experiences with a customer data platform (CDP). Read the complete guide to CDPs Explore Oracle Unity Data Platform Unified Enterprise Data Complete customer view AI-driven outcomes Data models Customer analytics Data pr"
1016,Oracle Health and Life Sciences,https://www.oracle.com/health/,Customer data platform integrations | Oracle,https://www.oracle.com/cx/customer-data-platform/unity-integrations/,/Users/justinyu/Desktop/linkedin-posts/output/ispor26_ai_vendor_screenshots/screenshots/oracle-health-and-life-sciences/6e64917f30.png,9,high,"Explicit AI language appears with product/offering/service terms in the page title, URL, or captured evidence text.","tomation and analytics software that helps you deliver email experiences. Twilio (SendGrid) Allows you to build voice, SMS, and other communication capabilities into applications. Service Oracle Field Service Intuitive, AI-powered tools for routing, scheduling, and managing field service technicians. Oracle Sales Offers unified sales and service capabilities you can use to manage the full customer lifecycle through onboarding and support. Oracle Service (RightNow) A service that predicts the need for service, automates processes, and delivers tailored self-service and assisted customer service. Salesforce Service Cloud Service Cloud"
1019,Oracle Health and Life Sciences,https://www.oracle.com/health/,Eloqua Marketing Automation | Oracle,https://www.oracle.com/cx/marketing/automation/,/Users/justinyu/Desktop/linkedin-posts/output/ispor26_ai_vendor_screenshots/screenshots/oracle-health-and-life-sciences/35f020911d.png,24,high,"Explicit AI language appears with product/offering/service terms in the page title, URL, or captured evidence text.","cessibility Policy Menu Overview Marketing Products Product Tours CX for Industries What's New Agency Services Applications Customer Experience Marketing Eloqua customer login Oracle Eloqua Marketing Automation Leverage AI-powered efficiency and an intuitive UI to unlock agility with Oracle Eloqua Marketing Automation. Create intelligent, precise cross-channel campaigns and unify your revenue teams to seamlessly guide customer journey progression and generate conversation-ready sales opportunities. Request a demo Jump directly to a click-through tour Oracle is a Leader in Gartner® Magic Quadrant™ for B2B Marketing Automation Platfor"
1020,Oracle Health and Life Sciences,https://www.oracle.com/health/,Responsys Campaign Management | Marketing | Oracle,https://www.oracle.com/cx/marketing/campaign-management/,/Users/justinyu/Desktop/linkedin-posts/output/ispor26_ai_vendor_screenshots/screenshots/oracle-health-and-life-sciences/f17a2b6f83.png,16,high,"Explicit AI language appears with product/offering/service terms in the page title, URL, or captured evidence text.","and any content within campaigns, based on a customer’s unique behavior. Display personalized recommendations to email recipients Deliver highly personalized, relevant content to email recipients in real time by using a machine learning—based recommendations engine that includes Oracle Infinity Behavioral Intelligence. Demo: Intelligent product recommendations for personalized emails Consistent cross-channel experiences Ensure your brand voice is consistent across email, SMS, mobile push, and web push for every recipient. Enhance the customer experience (CX) by providing a unified voice across all touchpoints and channels. Personali / d improve engagement levels with intelligent segmentation and look-alike modeling. Advanced segmentation Better align your audience to your campaign. Find customer potential hidden within complex data relationships with AI-enabled RFM and customer lifetime value tools. Use fatigue analysis to identify “oversaturated” customers and devise better messaging cadences for higher-quality conversions. Optimized customer journeys Optimize customer journeys to improve opens, clicks, and conversions. Intelligent switch automatically selects the best campaign, channel, and time to deliver an email to each customer or potential customer. You’ll"
1024,Panalgo,https://panalgo.com/,Healthcare Analytics Platform | Panalgo,https://panalgo.com/,/Users/justinyu/Desktop/linkedin-posts/output/ispor26_ai_vendor_screenshots/screenshots/panalgo/c0fb52475b.png,17,high,"Explicit AI language appears with product/offering/service terms in the page title, URL, or captured evidence text.","Skip to content Technology Data Services Partners Resources Company Contact AI-Enabled Analytics for the Next Generation of Real-World Evidence Leverage powerful data, accessible analytics, and AI-enabled real-world evidence solutions. Get Started Ella AI Gen AI assistant transforming how life sciences teams build cohorts, generate insights, and make decisions—no filters, no coding, just clarity. Learn More Instant Health Data (IHD) Analytics Platform The IHD platform is your real-world evid"
1026,Panalgo,https://panalgo.com/,Machine Learning Software for Healthcare | Panalgo,https://panalgo.com/ihd-analytics/ihd-data-science/,/Users/justinyu/Desktop/linkedin-posts/output/ispor26_ai_vendor_screenshots/screenshots/panalgo/20026eb34f.png,13,medium,"Explicit AI language appears with product/offering/service terms in the page title, URL, or captured evidence text.","Skip to content Technology Data Services Partners Resources Company Contact IHD Data Science Enhance your analyses with the power of machine learning. One platform. Expanded Insights. Schedule a Demo How IHD Data Science (DS) Works The Benefit of One Platform Built for Healthcare Demystify the Black Box Uncover Novel Insights IHD Analytics One solution, limitless answers. Learn More Training & Support Learn about our unparalleled client service and certification program. Learn More Panalgo, a Norstella company, is your partner on the healthcare da"
1029,PAREXEL,https://www.parexel.com/,Approval and Access | Parexel,https://www.parexel.com/solutions/approval-and-access,/Users/justinyu/Desktop/linkedin-posts/output/ispor26_ai_vendor_screenshots/screenshots/parexel/b045ccb997.png,3,high,"Explicit AI language appears with product/offering/service terms in the page title, URL, or captured evidence text."," expertise to navigate these complexities, providing comprehensive pharmacovigilance services that prioritize patient safety throughout a product's lifecycle. Our integrated approach combines cutting-edge technology and AI-powered solutions to deliver actionable insights and streamline processes. 36+ years of experience With a global team of over 3,000 safety professionals, we support a wide range of therapeutic areas, ensuring regulatory compliance and unwavering commitment to patient health. Explore how our tailored solutions can help you meet the challenges of modern drug safety. Learn more Integrated evidence generation planning"
1031,PAREXEL,https://www.parexel.com/,Global Regulatory Submissions and Outsourcing | Parexel,https://www.parexel.com/solutions/approval-and-access/global-regulatory-submissions-and-outsourcing,/Users/justinyu/Desktop/linkedin-posts/output/ispor26_ai_vendor_screenshots/screenshots/parexel/30593c4497.png,4,high,"Explicit AI language appears with product/offering/service terms in the page title, URL, or captured evidence text.","t regulatory documents with expert assistance Regulatory dossier preparation, publishing and submission: Efficient and first-time quality delivery of regulatory dossiers through streamlined processes, and utilization of AI-enabled solutions Support throughout dossier review until approval: Address any concerns and provide timely responses to the global regulatory authorities with continuous guidance and expertise Global market support: Navigate regulatory requirements and expand your products’ reach in international markets Post-approval submissions and lifecycle maintenance: Ensure compliance and regulatory adherence throughout the"
1035,PAREXEL,https://www.parexel.com/,Integrated Clinical Development Services | Parexel,https://www.parexel.com/solutions/integrated-clinical-development,/Users/justinyu/Desktop/linkedin-posts/output/ispor26_ai_vendor_screenshots/screenshots/parexel/c14eb570f5.png,3,high,"Explicit AI language appears with product/offering/service terms in the page title, URL, or captured evidence text."," expertise to navigate these complexities, providing comprehensive pharmacovigilance services that prioritize patient safety throughout a product's lifecycle. Our integrated approach combines cutting-edge technology and AI-powered solutions to deliver actionable insights and streamline processes. 36+ years of experience With a global team of over 3,000 safety professionals, we support a wide range of therapeutic areas, ensuring regulatory compliance and unwavering commitment to patient health. Explore how our tailored solutions can help you meet the challenges of modern drug safety. Learn more Integrated evidence generation planning"
1039,Peritia,https://peritia.com/,"Software, AI, and the Digital Health Explosion - Peritia",https://peritia.com/blog/software-ai-and-the-digital-health-explosion/,/Users/justinyu/Desktop/linkedin-posts/output/ispor26_ai_vendor_screenshots/screenshots/peritia/1233fdecf5.png,12,high,"Explicit AI language appears with product/offering/service terms in the page title, URL, or captured evidence text.","to the software driving the solutions. This requires a total rethink of development lifecycles—moving from linear, rigid processes to the agile, iterative cycles required for software. The AI Transparency Gap: As AI and Machine Learning (AI/ML) take center stage in diagnostics and imaging, they bring “black box” problems. Validating these algorithms for performance, bias, and data quality is significantly more complex than testing a physical component. Moving Targets in Regulation: Traditional regulatory paths were built for products that stay the same once they hit the market. “Adaptive AI”—systems that learn and evolve post-deploy"
1044,PhaseV,https://phasevtrials.com/,Driving Better Trial Outcomes Through AI & ML-Optimized Clinical Development,https://www.phasevtrials.com/,/Users/justinyu/Desktop/linkedin-posts/output/ispor26_ai_vendor_screenshots/screenshots/phasev/1903528813.png,9,high,"Explicit AI language appears with product/offering/service terms in the page title, URL, or captured evidence text.","of type 2 diabetes. The analysis found subpopulations of patients that responded very well to oral insulin,"" Dr. Miriam Kidron, CSO at Oramed. Gastrointestinal Diseases ""Combining our GI expertise with PhaseV’s advanced machine learning capabilities for trial simulation, design, and execution…accelerate success for our sponsors and help address the growing burden of GI diseases more effectively.” Pierre Gaudreault, CEO of Alimentiv. Oncology (Solid Tumors) ""The addition of prospectively collected clinical-grade real world data to phase 2 results … in conjunction with PhaseV’s proven technology is a critical step forward in improving / everage historical data to inform and optimize your current trial designs. Faster Trials with Leaner Designs Streamline operations and reduce time-to-market with efficient trial protocols. Proven Results 22% Reduced Enrollment 28% Lower Trials Costs 22% Shorter Trial Duration 17%+ Higher Probability of success *The values shown are based on outcomes from real-world collaborations where PhaseV supported biopharma companies in optimizing trial design and operations. How We Do It Our comprehensive suite of AI-powered solutions optimizes every phase of the clinical trial process. Trial Optimizer Run millions of simulations within minute"
1049,PhaseV,https://phasevtrials.com/,Solutions,https://www.phasevtrials.com/solutions,/Users/justinyu/Desktop/linkedin-posts/output/ispor26_ai_vendor_screenshots/screenshots/phasev/2045eaeeba.png,24,high,"Explicit AI language appears with product/offering/service terms in the page title, URL, or captured evidence text.","eal-world case studies and scientific publications. Empowering 40+ biopharma and CROs globally. AI-Driven Solutions for Smarter, More Successful Trials PhaseV Platform: Powering the Future of Clinical Development AI and machine learning optimize every stage of clinical development—accelerating timelines, reducing costs, and improving patient outcomes with data-driven confidence. Trial Optimizer Response Optimizer Portfolio Optimizer ClinOps Optimizer Optimize Trial Design with AI-Powered Simulations Run millions of simulations in minutes to refine clinical trial designs, improve efficiency, and maximize success rates. Accelerate tri / eb 18, 2026 Companies Applying AI to De-Risk Clinical Trials: 2026 Watchlist Feb 11, 2026 Scrip Asks... What Does 2026 Hold For Biopharma? Part 5: AI And Operational Excellence Feb 5, 2026 PhaseV Launches AI-Powered Enrollment Lab: Eliminating Guesswork & Grounding Study Design in Clinical Reality Feb 3, 2026 SCOPE 2026: AI in Clinical Research Poised for Boom Times Feb 3, 2026 PhaseV launches AI enrollment lab to model clinical trial feasibility before protocol lock View All Media Mentions Talk To Us! Fill out the form and will get back to you. Check the box to subscribe to our newsletter info@phasevtrials.com One Broadway, Cambrid"
1054,Pienomial Inc,https://www.pienomial.com/,"Enterprise AI Platform | Trusted, Explainable Intelligence | Pienomial",https://www.pienomial.com/,/Users/justinyu/Desktop/linkedin-posts/output/ispor26_ai_vendor_screenshots/screenshots/pienomial-inc/eab7a3572f.png,57,medium,"Explicit AI language appears with product/offering/service terms in the page title, URL, or captured evidence text.","udit trails. Deployed entirely within your environment — with no exposure to third-party models. Consulting Knolens gives your analysts a continuously updated intelligence layer built from verified sources — not generic LLM outputs. Deliver client-ready insights faster, with defensible evidence behind every recommendation. Public Sector Knolens deploys fully air-gapped within your sovereign infrastructure — no external APIs, no foreign cloud, no third-party model access. Every output is traceable. Every decision is auditable. Built for governments where data residency isn't a preference, it's a mandate. Enterprise Knolens replaces f /  data source to decision, enabling early detection of compliance gaps and signal inconsistencies. This reduces downstream failures, recalls, and regulatory exposure at scale. VP Operations Why Enterprises Need More Than LLMs ? Most AI tools today are built for speed and experimentation, not for trust, governance, or real-world decision-making. They rely on opaque models, uncontrolled data sources, and disconnected workflows, which often lead to hallucinations, inconsistent outputs, and serious enterprise risk. In regulated and high-stakes environments, this approach breaks down. Financial institutions, life sciences teams, and publi"
1055,Pienomial Inc,https://www.pienomial.com/,Avant & AiNNOVA Complete FDA Meeting for AI Diabetic Retinopathy Platform | Pienomial,https://www.pienomial.com/clinical-trial-intelligen/avant-technologies-and-ainnova-complete-pivotal-fda-meeting-for-vision-ai-diabetic-retinopathy-platform,/Users/justinyu/Desktop/linkedin-posts/output/ispor26_ai_vendor_screenshots/screenshots/pienomial-inc/8452ad76ee.png,19,medium,"Explicit AI language appears with product/offering/service terms in the page title, URL, or captured evidence text.","450 Rockville, MD 20850 ✉️ For General Inquiry info@pienomial.com Related Posts 25 Jun 2025 Alafair Biosciences Initiates Multi-Center Study on VersaWrap® for Achilles Tendon Repair Alafair Biosciences announced the enrollment of the first patient in a multi-center study evaluating VersaWrap®, a biore... 23 May 2025 Actuate Therapeutics Announces Positive Phase 2 Elraglusib Data in Metastatic Pancreatic Cancer Actuate Therapeutics announced positive topline Phase 2 data for elraglusib in combination with gemcitabine/nab-paclitax... 16 May 2025 Abbott's FreeStyle Libre CGM Reduces Cardiovascular Hospitalizations in People with Diabet"
1095,PolicyMap,https://www.policymap.com/,"PolicyMap | Mapping, Analytics, and Data Visualization",https://www.policymap.com/,/Users/justinyu/Desktop/linkedin-posts/output/ispor26_ai_vendor_screenshots/screenshots/policymap/7861b8e693.png,1,high,"Explicit AI language appears with product/offering/service terms in the page title, URL, or captured evidence text.","alyze thousands of datasets to understand patterns across neighborhoods, cities, and national markets. Data Licensing Millions of standardized U.S. socio-economic data points ready for analytics, enterprise systems, and AI-powered products. PolicyMap for Salesforce Bring neighborhood-level data and map-based insights directly into Salesforce to support faster, more informed decisions. Professional Services Bespoke data, analysis, and dashboards tailored to your organization, delivering actionable, geography-driven insights for complex decisions. Current Partners Previous Next In The News Racial Disparity in Pregnancy Risk , opens in"
1114,Red Nucleus,https://rednucleus.com/,Value & Evidence | Red Nucleus,https://rednucleus.com/heor-and-rwe-solutions/,/Users/justinyu/Desktop/linkedin-posts/output/ispor26_ai_vendor_screenshots/screenshots/red-nucleus/09463a06c3.png,2,high,"Explicit AI language appears with product/offering/service terms in the page title, URL, or captured evidence text.","rated HEOR & RWE Solutions Evidence Synthesis We conduct rigorous literature reviews and comparative analyses to support clinical and economic value propositions: • Systematic, targeted and pragmatic literature reviews (AI-enabled if desired, using our in-house developed AI solution) • Literature gap analyses • Feasibility assessments and indirect treatment comparisons (ITC) –– Expertise across the full range of ITC methods, including NMA, MAIC, STC, ML-NMR, and advanced population-adjusted and Bayesian approaches. • PICO simulations Modeling We deliver transparent, rigorous models in Excel and R, from simple cost analyses to next-g"
1138,Tempus,https://www.tempus.com/,Tempus' Edge Platform Leverages Data & AI to Identify Therapeutic Options for Patients Earlier in the Treatment Journey - Tempus,https://www.tempus.com/news/pr/tempus-edge-platform-leverages-data-ai-to-identify-therapeutic-options-for-patients-earlier-in-the-treatment-journey/,/Users/justinyu/Desktop/linkedin-posts/output/ispor26_ai_vendor_screenshots/screenshots/tempus/3fdf561f90.png,18,high,"Explicit AI language appears with product/offering/service terms in the page title, URL, or captured evidence text.","T US INVESTORS ORDER A TEST LOG IN CONTACT US BACK TO PRESS RELEASES 03/21/2022 Tempus’ Edge Platform Leverages Data & AI to Identify Therapeutic Options for Patients Earlier in the Treatment Journey Tempus, a leader in artificial intelligence and precision medicine, today announced the launch of Edge, an innovative platform that allows pathologists to access developing AI models intended to identify specimens with potentially actionable biomarkers using a single hematoxylin and eosin stain (H&E) slide. With access to over 50 petabytes of de-identified multimodal data, Tempus is developing AI models with the aim to identify patients / dologies while seeking to empower our pathologists with computational tools that can assist in identifying patients most likely to benefit from new therapies.” “Edge is one of the many ways in which we will leverage our AI-enabled platform and library of multimodal data, including our diverse matched digital pathology and molecular datasets, to more effectively identify the right treatments for the right patients even earlier in their treatment journey,” said Abdul Hamid Halabi, GM and SVP of Translational AI at Tempus. “This platform will bring actionable AI to pathologists’ fingertips and support them in identifying optimal therap"
1146,Tempus,https://www.tempus.com/,Tempus Unveils AI-Enabled Smart Tests Across Disease Types - Tempus,https://www.tempus.com/news/pr/tempus-unveils-ai-enabled-smart-tests-across-disease-types/,/Users/justinyu/Desktop/linkedin-posts/output/ispor26_ai_vendor_screenshots/screenshots/tempus/69a98a98b1.png,11,high,"Explicit AI language appears with product/offering/service terms in the page title, URL, or captured evidence text.","R A TEST LOG IN CONTACT US BACK TO NEWS Tempus Unveils AI-Enabled Smart Tests Across Disease Types PRESS RELEASES 01/20/2020 Tempus, a technology company advancing precision medicine through the practical application of artificial intelligence in healthcare, unveils its AI-enabled laboratory test (smart test) platform. Through its technology, laboratory tests are now able to be embedded with real-world evidence that deliver real-time, actionable insights to physicians, providing critical information about the right treatments, for the right patients, at the right time. Tempus is ushering in the age of precision medicine with a propr / rld’s largest library of molecular and clinical data and an operating system to make that data accessible and useful. We enable physicians to deliver personalized care for patients through our interactive analytical and machine learning platform. We provide genomic sequencing services and analyze molecular and therapeutic data to empower physicians and researchers to make real-time, data-driven decisions. Our goal is for each patient to benefit from the treatment of others who came before by providing the health care industry with tools that learn as we gather more data. For more information, visit tempus.com. BACK TO NEWS ORDER A T"
1154,Trinity Life Sciences,https://trinitylifesciences.com/,AI-Ready Data and the Life Sciences Context Layer,https://trinitylifesciences.com/blog/ai-context-layer-ai-ready-data/,/Users/justinyu/Desktop/linkedin-posts/output/ispor26_ai_vendor_screenshots/screenshots/trinity-life-sciences/1b554c2c6f.png,54,medium,"Explicit AI language appears with product/offering/service terms in the page title, URL, or captured evidence text.","autonomous workflows, proactive insights — inherits the business context it needs to be useful, accurate, and defensible. Trinity is powering the future of life sciences commercialization through the fusion of human and artificial intelligence. Connect Today, Own Tomorrow. Contact Us Schedule a Demo Discover TrinityEDGE™, our family of modular tech and AI Solutions Explore TrinityEDGE™ Authors: Shri Salem & Siddhartha Rai Privacy Policy Careers Cookie Policy Research Participant Privacy Policy Supplier Code of Conduct Trinity Trust Center ©2026 Trinity. All rights reserved. /  AI Context Layer extends the analytics semantic layer, not replacing it. It adds agent-executable logic and contextual awareness, and it is built for autonomous reasoning. Why AI Cannot Use Analytics Semantics Directly LLMs are trained on public data and have no knowledge of the organization’s business. Without an encoded context layer, they apply generalized intelligence to specific problems and get the specifics wrong. The AI Context Layer is what closes that gap: it gives the model the business knowledge it was never trained on. But the challenge goes beyond training data. Analytics semantic models were not designed to be querie"
1155,Trinity Life Sciences,https://trinitylifesciences.com/,FDA Approves Paige Prostate: AI-Driven Cancer Diagnosis Tool,https://trinitylifesciences.com/blog/ai-paige-prostate-granted-fda-approval/,/Users/justinyu/Desktop/linkedin-posts/output/ispor26_ai_vendor_screenshots/screenshots/trinity-life-sciences/6aa7082fad.png,8,high,"Explicit AI language appears with product/offering/service terms in the page title, URL, or captured evidence text.","st™) MDM Launch Accelerator™ Resources About Us Contact Us Back to Blog AI-Based Software Paige Prostate is Granted FDA Approval Through the De Novo Regulatory Pathway September 27, 2021 Blog Paige Prostate is the first artificial intelligence (AI)-based software designed to identify areas of concern (i.e., high likelihood of containing cancer) on a prostate biopsy image so they can be flagged for further review by a pathologist. The program is intended to be used as an adjunct tool to the review of digital scanner slide images from prostate biopsies. The program was reviewed through the De Novo pathway, a regulatory pathway for low"
1162,Trinity Life Sciences,https://trinitylifesciences.com/,Trinity Named Everest Group Leader in 2025 Life Sciences AI,https://trinitylifesciences.com/blog/leader-everest-group-2025-ai-analytics/,/Users/justinyu/Desktop/linkedin-posts/output/ispor26_ai_vendor_screenshots/screenshots/trinity-life-sciences/348b0b8909.png,19,medium,"Explicit AI language appears with product/offering/service terms in the page title, URL, or captured evidence text."," Director at Everest Group Transformative AI and Analytics in Action: Featured Case Studies A hallmark of the 2025 report is its spotlight on real, client-validated outcomes. Some highlights: Faster Decision-Making with GenAI: For a rare-disease biotech, Trinity’s Brand Insights AI unlocked accessible, searchable data archives—speeding up strategic decision-making and reducing information silos. 10X ROI for Small Biopharma: Trinity enabled a small biopharma manufacturer to accelerate brand growth through an integrated, data-driven commercial strategy—achieving a tenfold return on investment with a 100-day acceleration plan. Informed / Everest Group’s Life Sciences AI and Analytics Services for Commercial PEAK Matrix® Assessment 2025. —Durga Ambati, Practice Director at Everest Group Transformative AI and Analytics in Action: Featured Case Studies A hallmark of the 2025 report is its spotlight on real, client-validated outcomes. Some highlights: Faster Decision-Making with GenAI: For a rare-disease biotech, Trinity’s Brand Insights AI unlocked accessible, searchable data archives—speeding up strategic decision-making and reducing information silos. 10X ROI for Small Biopharma: Trinity enabled a small biopharma manufacturer to accelerate brand growth through an int"
1231,Verana Health,https://veranahealth.com/,"A Case Study of How Verana Health Can Help Streamline Patient Recruitment With Data-Driven, AI-Powered Technology | veranahealth.com",https://veranahealth.com/a-case-study-of-how-verana-health-can-help-streamline-patient-recruitment-with-data-driven-ai-powered-technology/,/Users/justinyu/Desktop/linkedin-posts/output/ispor26_ai_vendor_screenshots/screenshots/verana-health/33824a4366.png,48,high,"Explicit AI language appears with product/offering/service terms in the page title, URL, or captured evidence text.",Trends to Watch in 2025 January 2025 → News 2025 Trends: Using Unstructured Data in Clinical Research January 2025 → News 2025 Trends: Leveraging Real-World Data for Synthetic Control Arms January 2025 → News Leveraging Artificial Intelligence Alongside RWE/RWD January 2025 → News Complimenting Traditional Research With Genomic Data in Urology January 2025 → News Reaching Improved Outcomes With Multiple Data Sources January 2025 → News Accelerating Drug Development With External Control Arms January 2025 → Blog Why Quality Real-World Data is Key to the Future of Generative AI in Healthcare January 2025 → Blog How AI is Shaping the C / uary 2025 → News Reaching Improved Outcomes With Multiple Data Sources January 2025 → News Accelerating Drug Development With External Control Arms January 2025 → Blog Why Quality Real-World Data is Key to the Future of Generative AI in Healthcare January 2025 → Blog How AI is Shaping the Creation of ‘Regulatory-Grade’ Real-World Data in Ophthalmology January 2025 → News Industry Outlook for 2025 — Real-World Data January 2025 → News Harnessing The Power of AI to Improve Prostate Cancer Outcomes December 2024 → Blog How Clinician Notes from the AQUA Registry are Being Transformed to Understand the Patient Journey December 2024 → Res
1243,Verana Health,https://veranahealth.com/,How AI-Powered Analytics and Real-World Evidence Can Improve the Precision of Prostate Cancer Treatment | veranahealth.com,https://veranahealth.com/how-ai-powered-analytics-and-real-world-evidence-can-improve-the-precision-of-prostate-cancer-treatment/,/Users/justinyu/Desktop/linkedin-posts/output/ispor26_ai_vendor_screenshots/screenshots/verana-health/fa4d387e84.png,53,high,"Explicit AI language appears with product/offering/service terms in the page title, URL, or captured evidence text."," real-world evidence (RWE), researchers are able to pinpoint critical moments and detailed symptoms and sequences of treatment during the patient journey that signal the best course of treatment for each unique patient. Artificial Intelligence Enables Unprecedented Insight Into the Prostate Cancer Patient Journey It all starts with being able to mine the details of the patient experience at scale, extracting key information on patterns of patient behavior, unstructured data in clinical notes and other criteria that provide a more detailed, nuanced view of the complete patient journey. Until recently, that had been incredibly difficu / uary 2025 → News Reaching Improved Outcomes With Multiple Data Sources January 2025 → News Accelerating Drug Development With External Control Arms January 2025 → Blog Why Quality Real-World Data is Key to the Future of Generative AI in Healthcare January 2025 → Blog How AI is Shaping the Creation of ‘Regulatory-Grade’ Real-World Data in Ophthalmology January 2025 → News Industry Outlook for 2025 — Real-World Data January 2025 → News Harnessing The Power of AI to Improve Prostate Cancer Outcomes December 2024 → Blog How Clinician Notes from the AQUA Registry are Being Transformed to Understand the Patient Journey December 2024 → Res"
