category,count_field,matched_dictionary_terms,note,query,reaction_meddra_pt,report_count,source_id,source_status,url
safety_tolerability,patient.reaction.reactionmeddrapt.exact,Wegovy,"FAERS/openFDA spontaneous adverse-event report counts are reporting signals, not incidence or causality.",Wegovy,NAUSEA,1925,fda_faers_quarterly,collected_openfda_faers_count,https://api.fda.gov/drug/event.json?search=patient.drug.medicinalproduct%3A%22Wegovy%22&count=patient.reaction.reactionmeddrapt.exact&limit=100
safety_tolerability,patient.reaction.reactionmeddrapt.exact,Wegovy,"FAERS/openFDA spontaneous adverse-event report counts are reporting signals, not incidence or causality.",Wegovy,VOMITING,1272,fda_faers_quarterly,collected_openfda_faers_count,https://api.fda.gov/drug/event.json?search=patient.drug.medicinalproduct%3A%22Wegovy%22&count=patient.reaction.reactionmeddrapt.exact&limit=100
safety_tolerability,patient.reaction.reactionmeddrapt.exact,Wegovy,"FAERS/openFDA spontaneous adverse-event report counts are reporting signals, not incidence or causality.",Wegovy,DIARRHOEA,802,fda_faers_quarterly,collected_openfda_faers_count,https://api.fda.gov/drug/event.json?search=patient.drug.medicinalproduct%3A%22Wegovy%22&count=patient.reaction.reactionmeddrapt.exact&limit=100
safety_tolerability,patient.reaction.reactionmeddrapt.exact,Wegovy,"FAERS/openFDA spontaneous adverse-event report counts are reporting signals, not incidence or causality.",Wegovy,OFF LABEL USE,743,fda_faers_quarterly,collected_openfda_faers_count,https://api.fda.gov/drug/event.json?search=patient.drug.medicinalproduct%3A%22Wegovy%22&count=patient.reaction.reactionmeddrapt.exact&limit=100
safety_tolerability,patient.reaction.reactionmeddrapt.exact,Wegovy,"FAERS/openFDA spontaneous adverse-event report counts are reporting signals, not incidence or causality.",Wegovy,CONSTIPATION,662,fda_faers_quarterly,collected_openfda_faers_count,https://api.fda.gov/drug/event.json?search=patient.drug.medicinalproduct%3A%22Wegovy%22&count=patient.reaction.reactionmeddrapt.exact&limit=100
safety_tolerability,patient.reaction.reactionmeddrapt.exact,Wegovy,"FAERS/openFDA spontaneous adverse-event report counts are reporting signals, not incidence or causality.",Wegovy,FATIGUE,641,fda_faers_quarterly,collected_openfda_faers_count,https://api.fda.gov/drug/event.json?search=patient.drug.medicinalproduct%3A%22Wegovy%22&count=patient.reaction.reactionmeddrapt.exact&limit=100
safety_tolerability,patient.reaction.reactionmeddrapt.exact,Wegovy,"FAERS/openFDA spontaneous adverse-event report counts are reporting signals, not incidence or causality.",Wegovy,WEIGHT INCREASED,507,fda_faers_quarterly,collected_openfda_faers_count,https://api.fda.gov/drug/event.json?search=patient.drug.medicinalproduct%3A%22Wegovy%22&count=patient.reaction.reactionmeddrapt.exact&limit=100
safety_tolerability,patient.reaction.reactionmeddrapt.exact,Wegovy,"FAERS/openFDA spontaneous adverse-event report counts are reporting signals, not incidence or causality.",Wegovy,HEADACHE,500,fda_faers_quarterly,collected_openfda_faers_count,https://api.fda.gov/drug/event.json?search=patient.drug.medicinalproduct%3A%22Wegovy%22&count=patient.reaction.reactionmeddrapt.exact&limit=100
safety_tolerability,patient.reaction.reactionmeddrapt.exact,Wegovy,"FAERS/openFDA spontaneous adverse-event report counts are reporting signals, not incidence or causality.",Wegovy,DECREASED APPETITE,459,fda_faers_quarterly,collected_openfda_faers_count,https://api.fda.gov/drug/event.json?search=patient.drug.medicinalproduct%3A%22Wegovy%22&count=patient.reaction.reactionmeddrapt.exact&limit=100
safety_tolerability,patient.reaction.reactionmeddrapt.exact,Wegovy,"FAERS/openFDA spontaneous adverse-event report counts are reporting signals, not incidence or causality.",Wegovy,DIZZINESS,447,fda_faers_quarterly,collected_openfda_faers_count,https://api.fda.gov/drug/event.json?search=patient.drug.medicinalproduct%3A%22Wegovy%22&count=patient.reaction.reactionmeddrapt.exact&limit=100
safety_tolerability,patient.reaction.reactionmeddrapt.exact,Wegovy,"FAERS/openFDA spontaneous adverse-event report counts are reporting signals, not incidence or causality.",Wegovy,INAPPROPRIATE SCHEDULE OF PRODUCT ADMINISTRATION,441,fda_faers_quarterly,collected_openfda_faers_count,https://api.fda.gov/drug/event.json?search=patient.drug.medicinalproduct%3A%22Wegovy%22&count=patient.reaction.reactionmeddrapt.exact&limit=100
safety_tolerability,patient.reaction.reactionmeddrapt.exact,Wegovy,"FAERS/openFDA spontaneous adverse-event report counts are reporting signals, not incidence or causality.",Wegovy,ABDOMINAL PAIN UPPER,425,fda_faers_quarterly,collected_openfda_faers_count,https://api.fda.gov/drug/event.json?search=patient.drug.medicinalproduct%3A%22Wegovy%22&count=patient.reaction.reactionmeddrapt.exact&limit=100
safety_tolerability,patient.reaction.reactionmeddrapt.exact,Wegovy,"FAERS/openFDA spontaneous adverse-event report counts are reporting signals, not incidence or causality.",Wegovy,INJECTION SITE PAIN,396,fda_faers_quarterly,collected_openfda_faers_count,https://api.fda.gov/drug/event.json?search=patient.drug.medicinalproduct%3A%22Wegovy%22&count=patient.reaction.reactionmeddrapt.exact&limit=100
safety_tolerability,patient.reaction.reactionmeddrapt.exact,Wegovy,"FAERS/openFDA spontaneous adverse-event report counts are reporting signals, not incidence or causality.",Wegovy,WEIGHT LOSS POOR,393,fda_faers_quarterly,collected_openfda_faers_count,https://api.fda.gov/drug/event.json?search=patient.drug.medicinalproduct%3A%22Wegovy%22&count=patient.reaction.reactionmeddrapt.exact&limit=100
safety_tolerability,patient.reaction.reactionmeddrapt.exact,Wegovy,"FAERS/openFDA spontaneous adverse-event report counts are reporting signals, not incidence or causality.",Wegovy,ABDOMINAL PAIN,370,fda_faers_quarterly,collected_openfda_faers_count,https://api.fda.gov/drug/event.json?search=patient.drug.medicinalproduct%3A%22Wegovy%22&count=patient.reaction.reactionmeddrapt.exact&limit=100
safety_tolerability,patient.reaction.reactionmeddrapt.exact,Wegovy,"FAERS/openFDA spontaneous adverse-event report counts are reporting signals, not incidence or causality.",Wegovy,ILLNESS,348,fda_faers_quarterly,collected_openfda_faers_count,https://api.fda.gov/drug/event.json?search=patient.drug.medicinalproduct%3A%22Wegovy%22&count=patient.reaction.reactionmeddrapt.exact&limit=100
safety_tolerability,patient.reaction.reactionmeddrapt.exact,Wegovy,"FAERS/openFDA spontaneous adverse-event report counts are reporting signals, not incidence or causality.",Wegovy,DEVICE MALFUNCTION,335,fda_faers_quarterly,collected_openfda_faers_count,https://api.fda.gov/drug/event.json?search=patient.drug.medicinalproduct%3A%22Wegovy%22&count=patient.reaction.reactionmeddrapt.exact&limit=100
safety_tolerability,patient.reaction.reactionmeddrapt.exact,Wegovy,"FAERS/openFDA spontaneous adverse-event report counts are reporting signals, not incidence or causality.",Wegovy,DEHYDRATION,334,fda_faers_quarterly,collected_openfda_faers_count,https://api.fda.gov/drug/event.json?search=patient.drug.medicinalproduct%3A%22Wegovy%22&count=patient.reaction.reactionmeddrapt.exact&limit=100
safety_tolerability,patient.reaction.reactionmeddrapt.exact,Wegovy,"FAERS/openFDA spontaneous adverse-event report counts are reporting signals, not incidence or causality.",Wegovy,INCREASED APPETITE,326,fda_faers_quarterly,collected_openfda_faers_count,https://api.fda.gov/drug/event.json?search=patient.drug.medicinalproduct%3A%22Wegovy%22&count=patient.reaction.reactionmeddrapt.exact&limit=100
safety_tolerability,patient.reaction.reactionmeddrapt.exact,Wegovy,"FAERS/openFDA spontaneous adverse-event report counts are reporting signals, not incidence or causality.",Wegovy,DRUG INEFFECTIVE,319,fda_faers_quarterly,collected_openfda_faers_count,https://api.fda.gov/drug/event.json?search=patient.drug.medicinalproduct%3A%22Wegovy%22&count=patient.reaction.reactionmeddrapt.exact&limit=100
safety_tolerability,patient.reaction.reactionmeddrapt.exact,Wegovy,"FAERS/openFDA spontaneous adverse-event report counts are reporting signals, not incidence or causality.",Wegovy,PAIN,317,fda_faers_quarterly,collected_openfda_faers_count,https://api.fda.gov/drug/event.json?search=patient.drug.medicinalproduct%3A%22Wegovy%22&count=patient.reaction.reactionmeddrapt.exact&limit=100
safety_tolerability,patient.reaction.reactionmeddrapt.exact,Wegovy,"FAERS/openFDA spontaneous adverse-event report counts are reporting signals, not incidence or causality.",Wegovy,HUNGER,313,fda_faers_quarterly,collected_openfda_faers_count,https://api.fda.gov/drug/event.json?search=patient.drug.medicinalproduct%3A%22Wegovy%22&count=patient.reaction.reactionmeddrapt.exact&limit=100
safety_tolerability,patient.reaction.reactionmeddrapt.exact,Wegovy,"FAERS/openFDA spontaneous adverse-event report counts are reporting signals, not incidence or causality.",Wegovy,WRONG TECHNIQUE IN PRODUCT USAGE PROCESS,309,fda_faers_quarterly,collected_openfda_faers_count,https://api.fda.gov/drug/event.json?search=patient.drug.medicinalproduct%3A%22Wegovy%22&count=patient.reaction.reactionmeddrapt.exact&limit=100
safety_tolerability,patient.reaction.reactionmeddrapt.exact,Wegovy,"FAERS/openFDA spontaneous adverse-event report counts are reporting signals, not incidence or causality.",Wegovy,ANXIETY,304,fda_faers_quarterly,collected_openfda_faers_count,https://api.fda.gov/drug/event.json?search=patient.drug.medicinalproduct%3A%22Wegovy%22&count=patient.reaction.reactionmeddrapt.exact&limit=100
safety_tolerability,patient.reaction.reactionmeddrapt.exact,Wegovy,"FAERS/openFDA spontaneous adverse-event report counts are reporting signals, not incidence or causality.",Wegovy,INJECTION SITE EXTRAVASATION,300,fda_faers_quarterly,collected_openfda_faers_count,https://api.fda.gov/drug/event.json?search=patient.drug.medicinalproduct%3A%22Wegovy%22&count=patient.reaction.reactionmeddrapt.exact&limit=100
safety_tolerability,patient.reaction.reactionmeddrapt.exact,Wegovy,"FAERS/openFDA spontaneous adverse-event report counts are reporting signals, not incidence or causality.",Wegovy,INJECTION SITE HAEMORRHAGE,279,fda_faers_quarterly,collected_openfda_faers_count,https://api.fda.gov/drug/event.json?search=patient.drug.medicinalproduct%3A%22Wegovy%22&count=patient.reaction.reactionmeddrapt.exact&limit=100
safety_tolerability,patient.reaction.reactionmeddrapt.exact,Wegovy,"FAERS/openFDA spontaneous adverse-event report counts are reporting signals, not incidence or causality.",Wegovy,DEVICE LEAKAGE,272,fda_faers_quarterly,collected_openfda_faers_count,https://api.fda.gov/drug/event.json?search=patient.drug.medicinalproduct%3A%22Wegovy%22&count=patient.reaction.reactionmeddrapt.exact&limit=100
safety_tolerability,patient.reaction.reactionmeddrapt.exact,Wegovy,"FAERS/openFDA spontaneous adverse-event report counts are reporting signals, not incidence or causality.",Wegovy,PRODUCT USE ISSUE,272,fda_faers_quarterly,collected_openfda_faers_count,https://api.fda.gov/drug/event.json?search=patient.drug.medicinalproduct%3A%22Wegovy%22&count=patient.reaction.reactionmeddrapt.exact&limit=100
safety_tolerability,patient.reaction.reactionmeddrapt.exact,Wegovy,"FAERS/openFDA spontaneous adverse-event report counts are reporting signals, not incidence or causality.",Wegovy,DYSPEPSIA,263,fda_faers_quarterly,collected_openfda_faers_count,https://api.fda.gov/drug/event.json?search=patient.drug.medicinalproduct%3A%22Wegovy%22&count=patient.reaction.reactionmeddrapt.exact&limit=100
safety_tolerability,patient.reaction.reactionmeddrapt.exact,Wegovy,"FAERS/openFDA spontaneous adverse-event report counts are reporting signals, not incidence or causality.",Wegovy,MALAISE,258,fda_faers_quarterly,collected_openfda_faers_count,https://api.fda.gov/drug/event.json?search=patient.drug.medicinalproduct%3A%22Wegovy%22&count=patient.reaction.reactionmeddrapt.exact&limit=100
safety_tolerability,patient.reaction.reactionmeddrapt.exact,Wegovy,"FAERS/openFDA spontaneous adverse-event report counts are reporting signals, not incidence or causality.",Wegovy,ARTHRALGIA,246,fda_faers_quarterly,collected_openfda_faers_count,https://api.fda.gov/drug/event.json?search=patient.drug.medicinalproduct%3A%22Wegovy%22&count=patient.reaction.reactionmeddrapt.exact&limit=100
safety_tolerability,patient.reaction.reactionmeddrapt.exact,Wegovy,"FAERS/openFDA spontaneous adverse-event report counts are reporting signals, not incidence or causality.",Wegovy,IMPAIRED GASTRIC EMPTYING,246,fda_faers_quarterly,collected_openfda_faers_count,https://api.fda.gov/drug/event.json?search=patient.drug.medicinalproduct%3A%22Wegovy%22&count=patient.reaction.reactionmeddrapt.exact&limit=100
safety_tolerability,patient.reaction.reactionmeddrapt.exact,Wegovy,"FAERS/openFDA spontaneous adverse-event report counts are reporting signals, not incidence or causality.",Wegovy,DEPRESSION,243,fda_faers_quarterly,collected_openfda_faers_count,https://api.fda.gov/drug/event.json?search=patient.drug.medicinalproduct%3A%22Wegovy%22&count=patient.reaction.reactionmeddrapt.exact&limit=100
safety_tolerability,patient.reaction.reactionmeddrapt.exact,Wegovy,"FAERS/openFDA spontaneous adverse-event report counts are reporting signals, not incidence or causality.",Wegovy,PRODUCT COMMUNICATION ISSUE,239,fda_faers_quarterly,collected_openfda_faers_count,https://api.fda.gov/drug/event.json?search=patient.drug.medicinalproduct%3A%22Wegovy%22&count=patient.reaction.reactionmeddrapt.exact&limit=100
safety_tolerability,patient.reaction.reactionmeddrapt.exact,Wegovy,"FAERS/openFDA spontaneous adverse-event report counts are reporting signals, not incidence or causality.",Wegovy,INJECTION SITE DISCHARGE,237,fda_faers_quarterly,collected_openfda_faers_count,https://api.fda.gov/drug/event.json?search=patient.drug.medicinalproduct%3A%22Wegovy%22&count=patient.reaction.reactionmeddrapt.exact&limit=100
safety_tolerability,patient.reaction.reactionmeddrapt.exact,Wegovy,"FAERS/openFDA spontaneous adverse-event report counts are reporting signals, not incidence or causality.",Wegovy,WEIGHT DECREASED,221,fda_faers_quarterly,collected_openfda_faers_count,https://api.fda.gov/drug/event.json?search=patient.drug.medicinalproduct%3A%22Wegovy%22&count=patient.reaction.reactionmeddrapt.exact&limit=100
safety_tolerability,patient.reaction.reactionmeddrapt.exact,Wegovy,"FAERS/openFDA spontaneous adverse-event report counts are reporting signals, not incidence or causality.",Wegovy,PRODUCT USE IN UNAPPROVED INDICATION,217,fda_faers_quarterly,collected_openfda_faers_count,https://api.fda.gov/drug/event.json?search=patient.drug.medicinalproduct%3A%22Wegovy%22&count=patient.reaction.reactionmeddrapt.exact&limit=100
safety_tolerability,patient.reaction.reactionmeddrapt.exact,Wegovy,"FAERS/openFDA spontaneous adverse-event report counts are reporting signals, not incidence or causality.",Wegovy,ASTHENIA,208,fda_faers_quarterly,collected_openfda_faers_count,https://api.fda.gov/drug/event.json?search=patient.drug.medicinalproduct%3A%22Wegovy%22&count=patient.reaction.reactionmeddrapt.exact&limit=100
safety_tolerability,patient.reaction.reactionmeddrapt.exact,Wegovy,"FAERS/openFDA spontaneous adverse-event report counts are reporting signals, not incidence or causality.",Wegovy,ERUCTATION,206,fda_faers_quarterly,collected_openfda_faers_count,https://api.fda.gov/drug/event.json?search=patient.drug.medicinalproduct%3A%22Wegovy%22&count=patient.reaction.reactionmeddrapt.exact&limit=100
safety_tolerability,patient.reaction.reactionmeddrapt.exact,Wegovy,"FAERS/openFDA spontaneous adverse-event report counts are reporting signals, not incidence or causality.",Wegovy,ABDOMINAL DISCOMFORT,197,fda_faers_quarterly,collected_openfda_faers_count,https://api.fda.gov/drug/event.json?search=patient.drug.medicinalproduct%3A%22Wegovy%22&count=patient.reaction.reactionmeddrapt.exact&limit=100
safety_tolerability,patient.reaction.reactionmeddrapt.exact,Wegovy,"FAERS/openFDA spontaneous adverse-event report counts are reporting signals, not incidence or causality.",Wegovy,CONDITION AGGRAVATED,189,fda_faers_quarterly,collected_openfda_faers_count,https://api.fda.gov/drug/event.json?search=patient.drug.medicinalproduct%3A%22Wegovy%22&count=patient.reaction.reactionmeddrapt.exact&limit=100
safety_tolerability,patient.reaction.reactionmeddrapt.exact,Wegovy,"FAERS/openFDA spontaneous adverse-event report counts are reporting signals, not incidence or causality.",Wegovy,ABDOMINAL DISTENSION,184,fda_faers_quarterly,collected_openfda_faers_count,https://api.fda.gov/drug/event.json?search=patient.drug.medicinalproduct%3A%22Wegovy%22&count=patient.reaction.reactionmeddrapt.exact&limit=100
safety_tolerability,patient.reaction.reactionmeddrapt.exact,Wegovy,"FAERS/openFDA spontaneous adverse-event report counts are reporting signals, not incidence or causality.",Wegovy,DYSPNOEA,179,fda_faers_quarterly,collected_openfda_faers_count,https://api.fda.gov/drug/event.json?search=patient.drug.medicinalproduct%3A%22Wegovy%22&count=patient.reaction.reactionmeddrapt.exact&limit=100
safety_tolerability,patient.reaction.reactionmeddrapt.exact,Wegovy,"FAERS/openFDA spontaneous adverse-event report counts are reporting signals, not incidence or causality.",Wegovy,OPTIC ISCHAEMIC NEUROPATHY,176,fda_faers_quarterly,collected_openfda_faers_count,https://api.fda.gov/drug/event.json?search=patient.drug.medicinalproduct%3A%22Wegovy%22&count=patient.reaction.reactionmeddrapt.exact&limit=100
safety_tolerability,patient.reaction.reactionmeddrapt.exact,Wegovy,"FAERS/openFDA spontaneous adverse-event report counts are reporting signals, not incidence or causality.",Wegovy,GASTROOESOPHAGEAL REFLUX DISEASE,174,fda_faers_quarterly,collected_openfda_faers_count,https://api.fda.gov/drug/event.json?search=patient.drug.medicinalproduct%3A%22Wegovy%22&count=patient.reaction.reactionmeddrapt.exact&limit=100
safety_tolerability,patient.reaction.reactionmeddrapt.exact,Wegovy,"FAERS/openFDA spontaneous adverse-event report counts are reporting signals, not incidence or causality.",Wegovy,PANCREATITIS,172,fda_faers_quarterly,collected_openfda_faers_count,https://api.fda.gov/drug/event.json?search=patient.drug.medicinalproduct%3A%22Wegovy%22&count=patient.reaction.reactionmeddrapt.exact&limit=100
safety_tolerability,patient.reaction.reactionmeddrapt.exact,Wegovy,"FAERS/openFDA spontaneous adverse-event report counts are reporting signals, not incidence or causality.",Wegovy,INSOMNIA,171,fda_faers_quarterly,collected_openfda_faers_count,https://api.fda.gov/drug/event.json?search=patient.drug.medicinalproduct%3A%22Wegovy%22&count=patient.reaction.reactionmeddrapt.exact&limit=100
safety_tolerability,patient.reaction.reactionmeddrapt.exact,Wegovy,"FAERS/openFDA spontaneous adverse-event report counts are reporting signals, not incidence or causality.",Wegovy,ADVERSE DRUG REACTION,169,fda_faers_quarterly,collected_openfda_faers_count,https://api.fda.gov/drug/event.json?search=patient.drug.medicinalproduct%3A%22Wegovy%22&count=patient.reaction.reactionmeddrapt.exact&limit=100
safety_tolerability,patient.reaction.reactionmeddrapt.exact,Wegovy,"FAERS/openFDA spontaneous adverse-event report counts are reporting signals, not incidence or causality.",Wegovy,PALPITATIONS,167,fda_faers_quarterly,collected_openfda_faers_count,https://api.fda.gov/drug/event.json?search=patient.drug.medicinalproduct%3A%22Wegovy%22&count=patient.reaction.reactionmeddrapt.exact&limit=100
safety_tolerability,patient.reaction.reactionmeddrapt.exact,Wegovy,"FAERS/openFDA spontaneous adverse-event report counts are reporting signals, not incidence or causality.",Wegovy,VISUAL IMPAIRMENT,165,fda_faers_quarterly,collected_openfda_faers_count,https://api.fda.gov/drug/event.json?search=patient.drug.medicinalproduct%3A%22Wegovy%22&count=patient.reaction.reactionmeddrapt.exact&limit=100
safety_tolerability,patient.reaction.reactionmeddrapt.exact,Wegovy,"FAERS/openFDA spontaneous adverse-event report counts are reporting signals, not incidence or causality.",Wegovy,COVID-19,164,fda_faers_quarterly,collected_openfda_faers_count,https://api.fda.gov/drug/event.json?search=patient.drug.medicinalproduct%3A%22Wegovy%22&count=patient.reaction.reactionmeddrapt.exact&limit=100
safety_tolerability,patient.reaction.reactionmeddrapt.exact,Wegovy,"FAERS/openFDA spontaneous adverse-event report counts are reporting signals, not incidence or causality.",Wegovy,BACK PAIN,163,fda_faers_quarterly,collected_openfda_faers_count,https://api.fda.gov/drug/event.json?search=patient.drug.medicinalproduct%3A%22Wegovy%22&count=patient.reaction.reactionmeddrapt.exact&limit=100
safety_tolerability,patient.reaction.reactionmeddrapt.exact,Wegovy,"FAERS/openFDA spontaneous adverse-event report counts are reporting signals, not incidence or causality.",Wegovy,PRODUCT DOSE OMISSION ISSUE,160,fda_faers_quarterly,collected_openfda_faers_count,https://api.fda.gov/drug/event.json?search=patient.drug.medicinalproduct%3A%22Wegovy%22&count=patient.reaction.reactionmeddrapt.exact&limit=100
safety_tolerability,patient.reaction.reactionmeddrapt.exact,Wegovy,"FAERS/openFDA spontaneous adverse-event report counts are reporting signals, not incidence or causality.",Wegovy,FEELING ABNORMAL,154,fda_faers_quarterly,collected_openfda_faers_count,https://api.fda.gov/drug/event.json?search=patient.drug.medicinalproduct%3A%22Wegovy%22&count=patient.reaction.reactionmeddrapt.exact&limit=100
safety_tolerability,patient.reaction.reactionmeddrapt.exact,Wegovy,"FAERS/openFDA spontaneous adverse-event report counts are reporting signals, not incidence or causality.",Wegovy,MIGRAINE,154,fda_faers_quarterly,collected_openfda_faers_count,https://api.fda.gov/drug/event.json?search=patient.drug.medicinalproduct%3A%22Wegovy%22&count=patient.reaction.reactionmeddrapt.exact&limit=100
safety_tolerability,patient.reaction.reactionmeddrapt.exact,Wegovy,"FAERS/openFDA spontaneous adverse-event report counts are reporting signals, not incidence or causality.",Wegovy,INJECTION SITE BRUISING,151,fda_faers_quarterly,collected_openfda_faers_count,https://api.fda.gov/drug/event.json?search=patient.drug.medicinalproduct%3A%22Wegovy%22&count=patient.reaction.reactionmeddrapt.exact&limit=100
safety_tolerability,patient.reaction.reactionmeddrapt.exact,Wegovy,"FAERS/openFDA spontaneous adverse-event report counts are reporting signals, not incidence or causality.",Wegovy,CHOLELITHIASIS,150,fda_faers_quarterly,collected_openfda_faers_count,https://api.fda.gov/drug/event.json?search=patient.drug.medicinalproduct%3A%22Wegovy%22&count=patient.reaction.reactionmeddrapt.exact&limit=100
safety_tolerability,patient.reaction.reactionmeddrapt.exact,Wegovy,"FAERS/openFDA spontaneous adverse-event report counts are reporting signals, not incidence or causality.",Wegovy,SURGERY,144,fda_faers_quarterly,collected_openfda_faers_count,https://api.fda.gov/drug/event.json?search=patient.drug.medicinalproduct%3A%22Wegovy%22&count=patient.reaction.reactionmeddrapt.exact&limit=100
safety_tolerability,patient.reaction.reactionmeddrapt.exact,Wegovy,"FAERS/openFDA spontaneous adverse-event report counts are reporting signals, not incidence or causality.",Wegovy,VISION BLURRED,142,fda_faers_quarterly,collected_openfda_faers_count,https://api.fda.gov/drug/event.json?search=patient.drug.medicinalproduct%3A%22Wegovy%22&count=patient.reaction.reactionmeddrapt.exact&limit=100
safety_tolerability,patient.reaction.reactionmeddrapt.exact,Wegovy,"FAERS/openFDA spontaneous adverse-event report counts are reporting signals, not incidence or causality.",Wegovy,GASTROINTESTINAL DISORDER,141,fda_faers_quarterly,collected_openfda_faers_count,https://api.fda.gov/drug/event.json?search=patient.drug.medicinalproduct%3A%22Wegovy%22&count=patient.reaction.reactionmeddrapt.exact&limit=100
safety_tolerability,patient.reaction.reactionmeddrapt.exact,Wegovy,"FAERS/openFDA spontaneous adverse-event report counts are reporting signals, not incidence or causality.",Wegovy,PARAESTHESIA,141,fda_faers_quarterly,collected_openfda_faers_count,https://api.fda.gov/drug/event.json?search=patient.drug.medicinalproduct%3A%22Wegovy%22&count=patient.reaction.reactionmeddrapt.exact&limit=100
safety_tolerability,patient.reaction.reactionmeddrapt.exact,Wegovy,"FAERS/openFDA spontaneous adverse-event report counts are reporting signals, not incidence or causality.",Wegovy,FOOD CRAVING,135,fda_faers_quarterly,collected_openfda_faers_count,https://api.fda.gov/drug/event.json?search=patient.drug.medicinalproduct%3A%22Wegovy%22&count=patient.reaction.reactionmeddrapt.exact&limit=100
safety_tolerability,patient.reaction.reactionmeddrapt.exact,Wegovy,"FAERS/openFDA spontaneous adverse-event report counts are reporting signals, not incidence or causality.",Wegovy,ALLODYNIA,134,fda_faers_quarterly,collected_openfda_faers_count,https://api.fda.gov/drug/event.json?search=patient.drug.medicinalproduct%3A%22Wegovy%22&count=patient.reaction.reactionmeddrapt.exact&limit=100
safety_tolerability,patient.reaction.reactionmeddrapt.exact,Wegovy,"FAERS/openFDA spontaneous adverse-event report counts are reporting signals, not incidence or causality.",Wegovy,INCORRECT DOSE ADMINISTERED,133,fda_faers_quarterly,collected_openfda_faers_count,https://api.fda.gov/drug/event.json?search=patient.drug.medicinalproduct%3A%22Wegovy%22&count=patient.reaction.reactionmeddrapt.exact&limit=100
safety_tolerability,patient.reaction.reactionmeddrapt.exact,Wegovy,"FAERS/openFDA spontaneous adverse-event report counts are reporting signals, not incidence or causality.",Wegovy,RASH,132,fda_faers_quarterly,collected_openfda_faers_count,https://api.fda.gov/drug/event.json?search=patient.drug.medicinalproduct%3A%22Wegovy%22&count=patient.reaction.reactionmeddrapt.exact&limit=100
safety_tolerability,patient.reaction.reactionmeddrapt.exact,Wegovy,"FAERS/openFDA spontaneous adverse-event report counts are reporting signals, not incidence or causality.",Wegovy,PRURITUS,129,fda_faers_quarterly,collected_openfda_faers_count,https://api.fda.gov/drug/event.json?search=patient.drug.medicinalproduct%3A%22Wegovy%22&count=patient.reaction.reactionmeddrapt.exact&limit=100
safety_tolerability,patient.reaction.reactionmeddrapt.exact,Wegovy,"FAERS/openFDA spontaneous adverse-event report counts are reporting signals, not incidence or causality.",Wegovy,ALOPECIA,128,fda_faers_quarterly,collected_openfda_faers_count,https://api.fda.gov/drug/event.json?search=patient.drug.medicinalproduct%3A%22Wegovy%22&count=patient.reaction.reactionmeddrapt.exact&limit=100
safety_tolerability,patient.reaction.reactionmeddrapt.exact,Wegovy,"FAERS/openFDA spontaneous adverse-event report counts are reporting signals, not incidence or causality.",Wegovy,FLATULENCE,128,fda_faers_quarterly,collected_openfda_faers_count,https://api.fda.gov/drug/event.json?search=patient.drug.medicinalproduct%3A%22Wegovy%22&count=patient.reaction.reactionmeddrapt.exact&limit=100
safety_tolerability,patient.reaction.reactionmeddrapt.exact,Wegovy,"FAERS/openFDA spontaneous adverse-event report counts are reporting signals, not incidence or causality.",Wegovy,SUICIDAL IDEATION,128,fda_faers_quarterly,collected_openfda_faers_count,https://api.fda.gov/drug/event.json?search=patient.drug.medicinalproduct%3A%22Wegovy%22&count=patient.reaction.reactionmeddrapt.exact&limit=100
safety_tolerability,patient.reaction.reactionmeddrapt.exact,Wegovy,"FAERS/openFDA spontaneous adverse-event report counts are reporting signals, not incidence or causality.",Wegovy,HYPERTENSION,127,fda_faers_quarterly,collected_openfda_faers_count,https://api.fda.gov/drug/event.json?search=patient.drug.medicinalproduct%3A%22Wegovy%22&count=patient.reaction.reactionmeddrapt.exact&limit=100
safety_tolerability,patient.reaction.reactionmeddrapt.exact,Wegovy,"FAERS/openFDA spontaneous adverse-event report counts are reporting signals, not incidence or causality.",Wegovy,MATERNAL EXPOSURE DURING PREGNANCY,126,fda_faers_quarterly,collected_openfda_faers_count,https://api.fda.gov/drug/event.json?search=patient.drug.medicinalproduct%3A%22Wegovy%22&count=patient.reaction.reactionmeddrapt.exact&limit=100
safety_tolerability,patient.reaction.reactionmeddrapt.exact,Wegovy,"FAERS/openFDA spontaneous adverse-event report counts are reporting signals, not incidence or causality.",Wegovy,PAIN IN EXTREMITY,121,fda_faers_quarterly,collected_openfda_faers_count,https://api.fda.gov/drug/event.json?search=patient.drug.medicinalproduct%3A%22Wegovy%22&count=patient.reaction.reactionmeddrapt.exact&limit=100
safety_tolerability,patient.reaction.reactionmeddrapt.exact,Wegovy,"FAERS/openFDA spontaneous adverse-event report counts are reporting signals, not incidence or causality.",Wegovy,SENSITIVE SKIN,120,fda_faers_quarterly,collected_openfda_faers_count,https://api.fda.gov/drug/event.json?search=patient.drug.medicinalproduct%3A%22Wegovy%22&count=patient.reaction.reactionmeddrapt.exact&limit=100
safety_tolerability,patient.reaction.reactionmeddrapt.exact,Wegovy,"FAERS/openFDA spontaneous adverse-event report counts are reporting signals, not incidence or causality.",Wegovy,FALL,118,fda_faers_quarterly,collected_openfda_faers_count,https://api.fda.gov/drug/event.json?search=patient.drug.medicinalproduct%3A%22Wegovy%22&count=patient.reaction.reactionmeddrapt.exact&limit=100
safety_tolerability,patient.reaction.reactionmeddrapt.exact,Wegovy,"FAERS/openFDA spontaneous adverse-event report counts are reporting signals, not incidence or causality.",Wegovy,INTESTINAL OBSTRUCTION,118,fda_faers_quarterly,collected_openfda_faers_count,https://api.fda.gov/drug/event.json?search=patient.drug.medicinalproduct%3A%22Wegovy%22&count=patient.reaction.reactionmeddrapt.exact&limit=100
safety_tolerability,patient.reaction.reactionmeddrapt.exact,Wegovy,"FAERS/openFDA spontaneous adverse-event report counts are reporting signals, not incidence or causality.",Wegovy,MUSCLE SPASMS,111,fda_faers_quarterly,collected_openfda_faers_count,https://api.fda.gov/drug/event.json?search=patient.drug.medicinalproduct%3A%22Wegovy%22&count=patient.reaction.reactionmeddrapt.exact&limit=100
safety_tolerability,patient.reaction.reactionmeddrapt.exact,Wegovy,"FAERS/openFDA spontaneous adverse-event report counts are reporting signals, not incidence or causality.",Wegovy,CHEST PAIN,110,fda_faers_quarterly,collected_openfda_faers_count,https://api.fda.gov/drug/event.json?search=patient.drug.medicinalproduct%3A%22Wegovy%22&count=patient.reaction.reactionmeddrapt.exact&limit=100
safety_tolerability,patient.reaction.reactionmeddrapt.exact,Wegovy,"FAERS/openFDA spontaneous adverse-event report counts are reporting signals, not incidence or causality.",Wegovy,HEART RATE INCREASED,110,fda_faers_quarterly,collected_openfda_faers_count,https://api.fda.gov/drug/event.json?search=patient.drug.medicinalproduct%3A%22Wegovy%22&count=patient.reaction.reactionmeddrapt.exact&limit=100
safety_tolerability,patient.reaction.reactionmeddrapt.exact,Wegovy,"FAERS/openFDA spontaneous adverse-event report counts are reporting signals, not incidence or causality.",Wegovy,ATRIAL FIBRILLATION,109,fda_faers_quarterly,collected_openfda_faers_count,https://api.fda.gov/drug/event.json?search=patient.drug.medicinalproduct%3A%22Wegovy%22&count=patient.reaction.reactionmeddrapt.exact&limit=100
safety_tolerability,patient.reaction.reactionmeddrapt.exact,Wegovy,"FAERS/openFDA spontaneous adverse-event report counts are reporting signals, not incidence or causality.",Wegovy,PYREXIA,109,fda_faers_quarterly,collected_openfda_faers_count,https://api.fda.gov/drug/event.json?search=patient.drug.medicinalproduct%3A%22Wegovy%22&count=patient.reaction.reactionmeddrapt.exact&limit=100
safety_tolerability,patient.reaction.reactionmeddrapt.exact,Wegovy,"FAERS/openFDA spontaneous adverse-event report counts are reporting signals, not incidence or causality.",Wegovy,DEPRESSED MOOD,106,fda_faers_quarterly,collected_openfda_faers_count,https://api.fda.gov/drug/event.json?search=patient.drug.medicinalproduct%3A%22Wegovy%22&count=patient.reaction.reactionmeddrapt.exact&limit=100
safety_tolerability,patient.reaction.reactionmeddrapt.exact,Wegovy,"FAERS/openFDA spontaneous adverse-event report counts are reporting signals, not incidence or causality.",Wegovy,URINARY TRACT INFECTION,105,fda_faers_quarterly,collected_openfda_faers_count,https://api.fda.gov/drug/event.json?search=patient.drug.medicinalproduct%3A%22Wegovy%22&count=patient.reaction.reactionmeddrapt.exact&limit=100
safety_tolerability,patient.reaction.reactionmeddrapt.exact,Wegovy,"FAERS/openFDA spontaneous adverse-event report counts are reporting signals, not incidence or causality.",Wegovy,COUGH,104,fda_faers_quarterly,collected_openfda_faers_count,https://api.fda.gov/drug/event.json?search=patient.drug.medicinalproduct%3A%22Wegovy%22&count=patient.reaction.reactionmeddrapt.exact&limit=100
safety_tolerability,patient.reaction.reactionmeddrapt.exact,Wegovy,"FAERS/openFDA spontaneous adverse-event report counts are reporting signals, not incidence or causality.",Wegovy,LOSS OF CONSCIOUSNESS,100,fda_faers_quarterly,collected_openfda_faers_count,https://api.fda.gov/drug/event.json?search=patient.drug.medicinalproduct%3A%22Wegovy%22&count=patient.reaction.reactionmeddrapt.exact&limit=100
safety_tolerability,patient.reaction.reactionmeddrapt.exact,Wegovy,"FAERS/openFDA spontaneous adverse-event report counts are reporting signals, not incidence or causality.",Wegovy,MYALGIA,100,fda_faers_quarterly,collected_openfda_faers_count,https://api.fda.gov/drug/event.json?search=patient.drug.medicinalproduct%3A%22Wegovy%22&count=patient.reaction.reactionmeddrapt.exact&limit=100
safety_tolerability,patient.reaction.reactionmeddrapt.exact,Wegovy,"FAERS/openFDA spontaneous adverse-event report counts are reporting signals, not incidence or causality.",Wegovy,DRUG DOSE TITRATION NOT PERFORMED,96,fda_faers_quarterly,collected_openfda_faers_count,https://api.fda.gov/drug/event.json?search=patient.drug.medicinalproduct%3A%22Wegovy%22&count=patient.reaction.reactionmeddrapt.exact&limit=100
safety_tolerability,patient.reaction.reactionmeddrapt.exact,Wegovy,"FAERS/openFDA spontaneous adverse-event report counts are reporting signals, not incidence or causality.",Wegovy,DEVICE FAILURE,95,fda_faers_quarterly,collected_openfda_faers_count,https://api.fda.gov/drug/event.json?search=patient.drug.medicinalproduct%3A%22Wegovy%22&count=patient.reaction.reactionmeddrapt.exact&limit=100
safety_tolerability,patient.reaction.reactionmeddrapt.exact,Wegovy,"FAERS/openFDA spontaneous adverse-event report counts are reporting signals, not incidence or causality.",Wegovy,BLOOD PRESSURE INCREASED,87,fda_faers_quarterly,collected_openfda_faers_count,https://api.fda.gov/drug/event.json?search=patient.drug.medicinalproduct%3A%22Wegovy%22&count=patient.reaction.reactionmeddrapt.exact&limit=100
safety_tolerability,patient.reaction.reactionmeddrapt.exact,Wegovy,"FAERS/openFDA spontaneous adverse-event report counts are reporting signals, not incidence or causality.",Wegovy,DISABILITY,85,fda_faers_quarterly,collected_openfda_faers_count,https://api.fda.gov/drug/event.json?search=patient.drug.medicinalproduct%3A%22Wegovy%22&count=patient.reaction.reactionmeddrapt.exact&limit=100
safety_tolerability,patient.reaction.reactionmeddrapt.exact,Wegovy,"FAERS/openFDA spontaneous adverse-event report counts are reporting signals, not incidence or causality.",Wegovy,DRUG INTOLERANCE,85,fda_faers_quarterly,collected_openfda_faers_count,https://api.fda.gov/drug/event.json?search=patient.drug.medicinalproduct%3A%22Wegovy%22&count=patient.reaction.reactionmeddrapt.exact&limit=100
safety_tolerability,patient.reaction.reactionmeddrapt.exact,Wegovy,"FAERS/openFDA spontaneous adverse-event report counts are reporting signals, not incidence or causality.",Wegovy,INJECTION SITE ERYTHEMA,85,fda_faers_quarterly,collected_openfda_faers_count,https://api.fda.gov/drug/event.json?search=patient.drug.medicinalproduct%3A%22Wegovy%22&count=patient.reaction.reactionmeddrapt.exact&limit=100
safety_tolerability,patient.reaction.reactionmeddrapt.exact,Wegovy,"FAERS/openFDA spontaneous adverse-event report counts are reporting signals, not incidence or causality.",Wegovy,CHILLS,81,fda_faers_quarterly,collected_openfda_faers_count,https://api.fda.gov/drug/event.json?search=patient.drug.medicinalproduct%3A%22Wegovy%22&count=patient.reaction.reactionmeddrapt.exact&limit=100
safety_tolerability,patient.reaction.reactionmeddrapt.exact,Wegovy,"FAERS/openFDA spontaneous adverse-event report counts are reporting signals, not incidence or causality.",Wegovy,NASOPHARYNGITIS,81,fda_faers_quarterly,collected_openfda_faers_count,https://api.fda.gov/drug/event.json?search=patient.drug.medicinalproduct%3A%22Wegovy%22&count=patient.reaction.reactionmeddrapt.exact&limit=100
safety_tolerability,patient.reaction.reactionmeddrapt.exact,Wegovy,"FAERS/openFDA spontaneous adverse-event report counts are reporting signals, not incidence or causality.",Wegovy,HYPERHIDROSIS,80,fda_faers_quarterly,collected_openfda_faers_count,https://api.fda.gov/drug/event.json?search=patient.drug.medicinalproduct%3A%22Wegovy%22&count=patient.reaction.reactionmeddrapt.exact&limit=100
safety_tolerability,patient.reaction.reactionmeddrapt.exact,Wegovy,"FAERS/openFDA spontaneous adverse-event report counts are reporting signals, not incidence or causality.",Wegovy,SYNCOPE,80,fda_faers_quarterly,collected_openfda_faers_count,https://api.fda.gov/drug/event.json?search=patient.drug.medicinalproduct%3A%22Wegovy%22&count=patient.reaction.reactionmeddrapt.exact&limit=100
safety_tolerability,patient.reaction.reactionmeddrapt.exact,Wegovy,"FAERS/openFDA spontaneous adverse-event report counts are reporting signals, not incidence or causality.",Wegovy,PRODUCT DISPENSING ERROR,79,fda_faers_quarterly,collected_openfda_faers_count,https://api.fda.gov/drug/event.json?search=patient.drug.medicinalproduct%3A%22Wegovy%22&count=patient.reaction.reactionmeddrapt.exact&limit=100
safety_tolerability,patient.reaction.reactionmeddrapt.exact,Wegovy,"FAERS/openFDA spontaneous adverse-event report counts are reporting signals, not incidence or causality.",Wegovy,HYPOGLYCAEMIA,78,fda_faers_quarterly,collected_openfda_faers_count,https://api.fda.gov/drug/event.json?search=patient.drug.medicinalproduct%3A%22Wegovy%22&count=patient.reaction.reactionmeddrapt.exact&limit=100
safety_tolerability,patient.reaction.reactionmeddrapt.exact,Wegovy,"FAERS/openFDA spontaneous adverse-event report counts are reporting signals, not incidence or causality.",Wegovy,BLOOD GLUCOSE DECREASED,77,fda_faers_quarterly,collected_openfda_faers_count,https://api.fda.gov/drug/event.json?search=patient.drug.medicinalproduct%3A%22Wegovy%22&count=patient.reaction.reactionmeddrapt.exact&limit=100
safety_tolerability,patient.reaction.reactionmeddrapt.exact,Wegovy,"FAERS/openFDA spontaneous adverse-event report counts are reporting signals, not incidence or causality.",Wegovy,PAIN OF SKIN,77,fda_faers_quarterly,collected_openfda_faers_count,https://api.fda.gov/drug/event.json?search=patient.drug.medicinalproduct%3A%22Wegovy%22&count=patient.reaction.reactionmeddrapt.exact&limit=100
safety_tolerability,patient.reaction.reactionmeddrapt.exact,Wegovy,"FAERS/openFDA spontaneous adverse-event report counts are reporting signals, not incidence or causality.",Wegovy,FEEDING DISORDER,73,fda_faers_quarterly,collected_openfda_faers_count,https://api.fda.gov/drug/event.json?search=patient.drug.medicinalproduct%3A%22Wegovy%22&count=patient.reaction.reactionmeddrapt.exact&limit=100
safety_tolerability,patient.reaction.reactionmeddrapt.exact,Ozempic,"FAERS/openFDA spontaneous adverse-event report counts are reporting signals, not incidence or causality.",Ozempic,NAUSEA,8652,fda_faers_quarterly,collected_openfda_faers_count,https://api.fda.gov/drug/event.json?search=patient.drug.medicinalproduct%3A%22Ozempic%22&count=patient.reaction.reactionmeddrapt.exact&limit=100
safety_tolerability,patient.reaction.reactionmeddrapt.exact,Ozempic,"FAERS/openFDA spontaneous adverse-event report counts are reporting signals, not incidence or causality.",Ozempic,OFF LABEL USE,5944,fda_faers_quarterly,collected_openfda_faers_count,https://api.fda.gov/drug/event.json?search=patient.drug.medicinalproduct%3A%22Ozempic%22&count=patient.reaction.reactionmeddrapt.exact&limit=100
safety_tolerability,patient.reaction.reactionmeddrapt.exact,Ozempic,"FAERS/openFDA spontaneous adverse-event report counts are reporting signals, not incidence or causality.",Ozempic,VOMITING,5578,fda_faers_quarterly,collected_openfda_faers_count,https://api.fda.gov/drug/event.json?search=patient.drug.medicinalproduct%3A%22Ozempic%22&count=patient.reaction.reactionmeddrapt.exact&limit=100
safety_tolerability,patient.reaction.reactionmeddrapt.exact,Ozempic,"FAERS/openFDA spontaneous adverse-event report counts are reporting signals, not incidence or causality.",Ozempic,DIARRHOEA,5274,fda_faers_quarterly,collected_openfda_faers_count,https://api.fda.gov/drug/event.json?search=patient.drug.medicinalproduct%3A%22Ozempic%22&count=patient.reaction.reactionmeddrapt.exact&limit=100
safety_tolerability,patient.reaction.reactionmeddrapt.exact,Ozempic,"FAERS/openFDA spontaneous adverse-event report counts are reporting signals, not incidence or causality.",Ozempic,DECREASED APPETITE,3982,fda_faers_quarterly,collected_openfda_faers_count,https://api.fda.gov/drug/event.json?search=patient.drug.medicinalproduct%3A%22Ozempic%22&count=patient.reaction.reactionmeddrapt.exact&limit=100
safety_tolerability,patient.reaction.reactionmeddrapt.exact,Ozempic,"FAERS/openFDA spontaneous adverse-event report counts are reporting signals, not incidence or causality.",Ozempic,CONSTIPATION,3859,fda_faers_quarterly,collected_openfda_faers_count,https://api.fda.gov/drug/event.json?search=patient.drug.medicinalproduct%3A%22Ozempic%22&count=patient.reaction.reactionmeddrapt.exact&limit=100
safety_tolerability,patient.reaction.reactionmeddrapt.exact,Ozempic,"FAERS/openFDA spontaneous adverse-event report counts are reporting signals, not incidence or causality.",Ozempic,WEIGHT DECREASED,3495,fda_faers_quarterly,collected_openfda_faers_count,https://api.fda.gov/drug/event.json?search=patient.drug.medicinalproduct%3A%22Ozempic%22&count=patient.reaction.reactionmeddrapt.exact&limit=100
safety_tolerability,patient.reaction.reactionmeddrapt.exact,Ozempic,"FAERS/openFDA spontaneous adverse-event report counts are reporting signals, not incidence or causality.",Ozempic,PRODUCT USE IN UNAPPROVED INDICATION,2740,fda_faers_quarterly,collected_openfda_faers_count,https://api.fda.gov/drug/event.json?search=patient.drug.medicinalproduct%3A%22Ozempic%22&count=patient.reaction.reactionmeddrapt.exact&limit=100
safety_tolerability,patient.reaction.reactionmeddrapt.exact,Ozempic,"FAERS/openFDA spontaneous adverse-event report counts are reporting signals, not incidence or causality.",Ozempic,IMPAIRED GASTRIC EMPTYING,2693,fda_faers_quarterly,collected_openfda_faers_count,https://api.fda.gov/drug/event.json?search=patient.drug.medicinalproduct%3A%22Ozempic%22&count=patient.reaction.reactionmeddrapt.exact&limit=100
safety_tolerability,patient.reaction.reactionmeddrapt.exact,Ozempic,"FAERS/openFDA spontaneous adverse-event report counts are reporting signals, not incidence or causality.",Ozempic,BLOOD GLUCOSE INCREASED,2634,fda_faers_quarterly,collected_openfda_faers_count,https://api.fda.gov/drug/event.json?search=patient.drug.medicinalproduct%3A%22Ozempic%22&count=patient.reaction.reactionmeddrapt.exact&limit=100
safety_tolerability,patient.reaction.reactionmeddrapt.exact,Ozempic,"FAERS/openFDA spontaneous adverse-event report counts are reporting signals, not incidence or causality.",Ozempic,HEADACHE,2547,fda_faers_quarterly,collected_openfda_faers_count,https://api.fda.gov/drug/event.json?search=patient.drug.medicinalproduct%3A%22Ozempic%22&count=patient.reaction.reactionmeddrapt.exact&limit=100
safety_tolerability,patient.reaction.reactionmeddrapt.exact,Ozempic,"FAERS/openFDA spontaneous adverse-event report counts are reporting signals, not incidence or causality.",Ozempic,FATIGUE,2518,fda_faers_quarterly,collected_openfda_faers_count,https://api.fda.gov/drug/event.json?search=patient.drug.medicinalproduct%3A%22Ozempic%22&count=patient.reaction.reactionmeddrapt.exact&limit=100
safety_tolerability,patient.reaction.reactionmeddrapt.exact,Ozempic,"FAERS/openFDA spontaneous adverse-event report counts are reporting signals, not incidence or causality.",Ozempic,WRONG TECHNIQUE IN PRODUCT USAGE PROCESS,2496,fda_faers_quarterly,collected_openfda_faers_count,https://api.fda.gov/drug/event.json?search=patient.drug.medicinalproduct%3A%22Ozempic%22&count=patient.reaction.reactionmeddrapt.exact&limit=100
safety_tolerability,patient.reaction.reactionmeddrapt.exact,Ozempic,"FAERS/openFDA spontaneous adverse-event report counts are reporting signals, not incidence or causality.",Ozempic,ABDOMINAL PAIN UPPER,2433,fda_faers_quarterly,collected_openfda_faers_count,https://api.fda.gov/drug/event.json?search=patient.drug.medicinalproduct%3A%22Ozempic%22&count=patient.reaction.reactionmeddrapt.exact&limit=100
safety_tolerability,patient.reaction.reactionmeddrapt.exact,Ozempic,"FAERS/openFDA spontaneous adverse-event report counts are reporting signals, not incidence or causality.",Ozempic,DIZZINESS,2063,fda_faers_quarterly,collected_openfda_faers_count,https://api.fda.gov/drug/event.json?search=patient.drug.medicinalproduct%3A%22Ozempic%22&count=patient.reaction.reactionmeddrapt.exact&limit=100
safety_tolerability,patient.reaction.reactionmeddrapt.exact,Ozempic,"FAERS/openFDA spontaneous adverse-event report counts are reporting signals, not incidence or causality.",Ozempic,INAPPROPRIATE SCHEDULE OF PRODUCT ADMINISTRATION,2045,fda_faers_quarterly,collected_openfda_faers_count,https://api.fda.gov/drug/event.json?search=patient.drug.medicinalproduct%3A%22Ozempic%22&count=patient.reaction.reactionmeddrapt.exact&limit=100
safety_tolerability,patient.reaction.reactionmeddrapt.exact,Ozempic,"FAERS/openFDA spontaneous adverse-event report counts are reporting signals, not incidence or causality.",Ozempic,ABDOMINAL PAIN,1946,fda_faers_quarterly,collected_openfda_faers_count,https://api.fda.gov/drug/event.json?search=patient.drug.medicinalproduct%3A%22Ozempic%22&count=patient.reaction.reactionmeddrapt.exact&limit=100
safety_tolerability,patient.reaction.reactionmeddrapt.exact,Ozempic,"FAERS/openFDA spontaneous adverse-event report counts are reporting signals, not incidence or causality.",Ozempic,WEIGHT INCREASED,1821,fda_faers_quarterly,collected_openfda_faers_count,https://api.fda.gov/drug/event.json?search=patient.drug.medicinalproduct%3A%22Ozempic%22&count=patient.reaction.reactionmeddrapt.exact&limit=100
safety_tolerability,patient.reaction.reactionmeddrapt.exact,Ozempic,"FAERS/openFDA spontaneous adverse-event report counts are reporting signals, not incidence or causality.",Ozempic,DEHYDRATION,1673,fda_faers_quarterly,collected_openfda_faers_count,https://api.fda.gov/drug/event.json?search=patient.drug.medicinalproduct%3A%22Ozempic%22&count=patient.reaction.reactionmeddrapt.exact&limit=100
safety_tolerability,patient.reaction.reactionmeddrapt.exact,Ozempic,"FAERS/openFDA spontaneous adverse-event report counts are reporting signals, not incidence or causality.",Ozempic,ASTHENIA,1586,fda_faers_quarterly,collected_openfda_faers_count,https://api.fda.gov/drug/event.json?search=patient.drug.medicinalproduct%3A%22Ozempic%22&count=patient.reaction.reactionmeddrapt.exact&limit=100
safety_tolerability,patient.reaction.reactionmeddrapt.exact,Ozempic,"FAERS/openFDA spontaneous adverse-event report counts are reporting signals, not incidence or causality.",Ozempic,MALAISE,1485,fda_faers_quarterly,collected_openfda_faers_count,https://api.fda.gov/drug/event.json?search=patient.drug.medicinalproduct%3A%22Ozempic%22&count=patient.reaction.reactionmeddrapt.exact&limit=100
safety_tolerability,patient.reaction.reactionmeddrapt.exact,Ozempic,"FAERS/openFDA spontaneous adverse-event report counts are reporting signals, not incidence or causality.",Ozempic,ABDOMINAL DISTENSION,1408,fda_faers_quarterly,collected_openfda_faers_count,https://api.fda.gov/drug/event.json?search=patient.drug.medicinalproduct%3A%22Ozempic%22&count=patient.reaction.reactionmeddrapt.exact&limit=100
safety_tolerability,patient.reaction.reactionmeddrapt.exact,Ozempic,"FAERS/openFDA spontaneous adverse-event report counts are reporting signals, not incidence or causality.",Ozempic,DYSPEPSIA,1374,fda_faers_quarterly,collected_openfda_faers_count,https://api.fda.gov/drug/event.json?search=patient.drug.medicinalproduct%3A%22Ozempic%22&count=patient.reaction.reactionmeddrapt.exact&limit=100
safety_tolerability,patient.reaction.reactionmeddrapt.exact,Ozempic,"FAERS/openFDA spontaneous adverse-event report counts are reporting signals, not incidence or causality.",Ozempic,PAIN,1308,fda_faers_quarterly,collected_openfda_faers_count,https://api.fda.gov/drug/event.json?search=patient.drug.medicinalproduct%3A%22Ozempic%22&count=patient.reaction.reactionmeddrapt.exact&limit=100
safety_tolerability,patient.reaction.reactionmeddrapt.exact,Ozempic,"FAERS/openFDA spontaneous adverse-event report counts are reporting signals, not incidence or causality.",Ozempic,ILLNESS,1303,fda_faers_quarterly,collected_openfda_faers_count,https://api.fda.gov/drug/event.json?search=patient.drug.medicinalproduct%3A%22Ozempic%22&count=patient.reaction.reactionmeddrapt.exact&limit=100
safety_tolerability,patient.reaction.reactionmeddrapt.exact,Ozempic,"FAERS/openFDA spontaneous adverse-event report counts are reporting signals, not incidence or causality.",Ozempic,DRUG INEFFECTIVE,1294,fda_faers_quarterly,collected_openfda_faers_count,https://api.fda.gov/drug/event.json?search=patient.drug.medicinalproduct%3A%22Ozempic%22&count=patient.reaction.reactionmeddrapt.exact&limit=100
safety_tolerability,patient.reaction.reactionmeddrapt.exact,Ozempic,"FAERS/openFDA spontaneous adverse-event report counts are reporting signals, not incidence or causality.",Ozempic,ABDOMINAL DISCOMFORT,1235,fda_faers_quarterly,collected_openfda_faers_count,https://api.fda.gov/drug/event.json?search=patient.drug.medicinalproduct%3A%22Ozempic%22&count=patient.reaction.reactionmeddrapt.exact&limit=100
safety_tolerability,patient.reaction.reactionmeddrapt.exact,Ozempic,"FAERS/openFDA spontaneous adverse-event report counts are reporting signals, not incidence or causality.",Ozempic,BLOOD GLUCOSE DECREASED,1062,fda_faers_quarterly,collected_openfda_faers_count,https://api.fda.gov/drug/event.json?search=patient.drug.medicinalproduct%3A%22Ozempic%22&count=patient.reaction.reactionmeddrapt.exact&limit=100
safety_tolerability,patient.reaction.reactionmeddrapt.exact,Ozempic,"FAERS/openFDA spontaneous adverse-event report counts are reporting signals, not incidence or causality.",Ozempic,DYSPNOEA,1056,fda_faers_quarterly,collected_openfda_faers_count,https://api.fda.gov/drug/event.json?search=patient.drug.medicinalproduct%3A%22Ozempic%22&count=patient.reaction.reactionmeddrapt.exact&limit=100
safety_tolerability,patient.reaction.reactionmeddrapt.exact,Ozempic,"FAERS/openFDA spontaneous adverse-event report counts are reporting signals, not incidence or causality.",Ozempic,PANCREATITIS,1041,fda_faers_quarterly,collected_openfda_faers_count,https://api.fda.gov/drug/event.json?search=patient.drug.medicinalproduct%3A%22Ozempic%22&count=patient.reaction.reactionmeddrapt.exact&limit=100
safety_tolerability,patient.reaction.reactionmeddrapt.exact,Ozempic,"FAERS/openFDA spontaneous adverse-event report counts are reporting signals, not incidence or causality.",Ozempic,FALL,1029,fda_faers_quarterly,collected_openfda_faers_count,https://api.fda.gov/drug/event.json?search=patient.drug.medicinalproduct%3A%22Ozempic%22&count=patient.reaction.reactionmeddrapt.exact&limit=100
safety_tolerability,patient.reaction.reactionmeddrapt.exact,Ozempic,"FAERS/openFDA spontaneous adverse-event report counts are reporting signals, not incidence or causality.",Ozempic,VISUAL IMPAIRMENT,1025,fda_faers_quarterly,collected_openfda_faers_count,https://api.fda.gov/drug/event.json?search=patient.drug.medicinalproduct%3A%22Ozempic%22&count=patient.reaction.reactionmeddrapt.exact&limit=100
safety_tolerability,patient.reaction.reactionmeddrapt.exact,Ozempic,"FAERS/openFDA spontaneous adverse-event report counts are reporting signals, not incidence or causality.",Ozempic,ARTHRALGIA,1014,fda_faers_quarterly,collected_openfda_faers_count,https://api.fda.gov/drug/event.json?search=patient.drug.medicinalproduct%3A%22Ozempic%22&count=patient.reaction.reactionmeddrapt.exact&limit=100
safety_tolerability,patient.reaction.reactionmeddrapt.exact,Ozempic,"FAERS/openFDA spontaneous adverse-event report counts are reporting signals, not incidence or causality.",Ozempic,ANXIETY,1013,fda_faers_quarterly,collected_openfda_faers_count,https://api.fda.gov/drug/event.json?search=patient.drug.medicinalproduct%3A%22Ozempic%22&count=patient.reaction.reactionmeddrapt.exact&limit=100
safety_tolerability,patient.reaction.reactionmeddrapt.exact,Ozempic,"FAERS/openFDA spontaneous adverse-event report counts are reporting signals, not incidence or causality.",Ozempic,COVID-19,1011,fda_faers_quarterly,collected_openfda_faers_count,https://api.fda.gov/drug/event.json?search=patient.drug.medicinalproduct%3A%22Ozempic%22&count=patient.reaction.reactionmeddrapt.exact&limit=100
safety_tolerability,patient.reaction.reactionmeddrapt.exact,Ozempic,"FAERS/openFDA spontaneous adverse-event report counts are reporting signals, not incidence or causality.",Ozempic,CONDITION AGGRAVATED,973,fda_faers_quarterly,collected_openfda_faers_count,https://api.fda.gov/drug/event.json?search=patient.drug.medicinalproduct%3A%22Ozempic%22&count=patient.reaction.reactionmeddrapt.exact&limit=100
safety_tolerability,patient.reaction.reactionmeddrapt.exact,Ozempic,"FAERS/openFDA spontaneous adverse-event report counts are reporting signals, not incidence or causality.",Ozempic,PRODUCT DOSE OMISSION ISSUE,968,fda_faers_quarterly,collected_openfda_faers_count,https://api.fda.gov/drug/event.json?search=patient.drug.medicinalproduct%3A%22Ozempic%22&count=patient.reaction.reactionmeddrapt.exact&limit=100
safety_tolerability,patient.reaction.reactionmeddrapt.exact,Ozempic,"FAERS/openFDA spontaneous adverse-event report counts are reporting signals, not incidence or causality.",Ozempic,PRURITUS,968,fda_faers_quarterly,collected_openfda_faers_count,https://api.fda.gov/drug/event.json?search=patient.drug.medicinalproduct%3A%22Ozempic%22&count=patient.reaction.reactionmeddrapt.exact&limit=100
safety_tolerability,patient.reaction.reactionmeddrapt.exact,Ozempic,"FAERS/openFDA spontaneous adverse-event report counts are reporting signals, not incidence or causality.",Ozempic,DEPRESSION,950,fda_faers_quarterly,collected_openfda_faers_count,https://api.fda.gov/drug/event.json?search=patient.drug.medicinalproduct%3A%22Ozempic%22&count=patient.reaction.reactionmeddrapt.exact&limit=100
safety_tolerability,patient.reaction.reactionmeddrapt.exact,Ozempic,"FAERS/openFDA spontaneous adverse-event report counts are reporting signals, not incidence or causality.",Ozempic,INTESTINAL OBSTRUCTION,923,fda_faers_quarterly,collected_openfda_faers_count,https://api.fda.gov/drug/event.json?search=patient.drug.medicinalproduct%3A%22Ozempic%22&count=patient.reaction.reactionmeddrapt.exact&limit=100
safety_tolerability,patient.reaction.reactionmeddrapt.exact,Ozempic,"FAERS/openFDA spontaneous adverse-event report counts are reporting signals, not incidence or causality.",Ozempic,VISION BLURRED,898,fda_faers_quarterly,collected_openfda_faers_count,https://api.fda.gov/drug/event.json?search=patient.drug.medicinalproduct%3A%22Ozempic%22&count=patient.reaction.reactionmeddrapt.exact&limit=100
safety_tolerability,patient.reaction.reactionmeddrapt.exact,Ozempic,"FAERS/openFDA spontaneous adverse-event report counts are reporting signals, not incidence or causality.",Ozempic,RASH,895,fda_faers_quarterly,collected_openfda_faers_count,https://api.fda.gov/drug/event.json?search=patient.drug.medicinalproduct%3A%22Ozempic%22&count=patient.reaction.reactionmeddrapt.exact&limit=100
safety_tolerability,patient.reaction.reactionmeddrapt.exact,Ozempic,"FAERS/openFDA spontaneous adverse-event report counts are reporting signals, not incidence or causality.",Ozempic,PRODUCT USE ISSUE,876,fda_faers_quarterly,collected_openfda_faers_count,https://api.fda.gov/drug/event.json?search=patient.drug.medicinalproduct%3A%22Ozempic%22&count=patient.reaction.reactionmeddrapt.exact&limit=100
safety_tolerability,patient.reaction.reactionmeddrapt.exact,Ozempic,"FAERS/openFDA spontaneous adverse-event report counts are reporting signals, not incidence or causality.",Ozempic,GLYCOSYLATED HAEMOGLOBIN INCREASED,864,fda_faers_quarterly,collected_openfda_faers_count,https://api.fda.gov/drug/event.json?search=patient.drug.medicinalproduct%3A%22Ozempic%22&count=patient.reaction.reactionmeddrapt.exact&limit=100
safety_tolerability,patient.reaction.reactionmeddrapt.exact,Ozempic,"FAERS/openFDA spontaneous adverse-event report counts are reporting signals, not incidence or causality.",Ozempic,ERUCTATION,858,fda_faers_quarterly,collected_openfda_faers_count,https://api.fda.gov/drug/event.json?search=patient.drug.medicinalproduct%3A%22Ozempic%22&count=patient.reaction.reactionmeddrapt.exact&limit=100
safety_tolerability,patient.reaction.reactionmeddrapt.exact,Ozempic,"FAERS/openFDA spontaneous adverse-event report counts are reporting signals, not incidence or causality.",Ozempic,FLATULENCE,856,fda_faers_quarterly,collected_openfda_faers_count,https://api.fda.gov/drug/event.json?search=patient.drug.medicinalproduct%3A%22Ozempic%22&count=patient.reaction.reactionmeddrapt.exact&limit=100
safety_tolerability,patient.reaction.reactionmeddrapt.exact,Ozempic,"FAERS/openFDA spontaneous adverse-event report counts are reporting signals, not incidence or causality.",Ozempic,INJECTION SITE PAIN,846,fda_faers_quarterly,collected_openfda_faers_count,https://api.fda.gov/drug/event.json?search=patient.drug.medicinalproduct%3A%22Ozempic%22&count=patient.reaction.reactionmeddrapt.exact&limit=100
safety_tolerability,patient.reaction.reactionmeddrapt.exact,Ozempic,"FAERS/openFDA spontaneous adverse-event report counts are reporting signals, not incidence or causality.",Ozempic,FEELING ABNORMAL,816,fda_faers_quarterly,collected_openfda_faers_count,https://api.fda.gov/drug/event.json?search=patient.drug.medicinalproduct%3A%22Ozempic%22&count=patient.reaction.reactionmeddrapt.exact&limit=100
safety_tolerability,patient.reaction.reactionmeddrapt.exact,Ozempic,"FAERS/openFDA spontaneous adverse-event report counts are reporting signals, not incidence or causality.",Ozempic,BACK PAIN,776,fda_faers_quarterly,collected_openfda_faers_count,https://api.fda.gov/drug/event.json?search=patient.drug.medicinalproduct%3A%22Ozempic%22&count=patient.reaction.reactionmeddrapt.exact&limit=100
safety_tolerability,patient.reaction.reactionmeddrapt.exact,Ozempic,"FAERS/openFDA spontaneous adverse-event report counts are reporting signals, not incidence or causality.",Ozempic,GASTROINTESTINAL DISORDER,755,fda_faers_quarterly,collected_openfda_faers_count,https://api.fda.gov/drug/event.json?search=patient.drug.medicinalproduct%3A%22Ozempic%22&count=patient.reaction.reactionmeddrapt.exact&limit=100
safety_tolerability,patient.reaction.reactionmeddrapt.exact,Ozempic,"FAERS/openFDA spontaneous adverse-event report counts are reporting signals, not incidence or causality.",Ozempic,INCORRECT DOSE ADMINISTERED,723,fda_faers_quarterly,collected_openfda_faers_count,https://api.fda.gov/drug/event.json?search=patient.drug.medicinalproduct%3A%22Ozempic%22&count=patient.reaction.reactionmeddrapt.exact&limit=100
safety_tolerability,patient.reaction.reactionmeddrapt.exact,Ozempic,"FAERS/openFDA spontaneous adverse-event report counts are reporting signals, not incidence or causality.",Ozempic,ALOPECIA,710,fda_faers_quarterly,collected_openfda_faers_count,https://api.fda.gov/drug/event.json?search=patient.drug.medicinalproduct%3A%22Ozempic%22&count=patient.reaction.reactionmeddrapt.exact&limit=100
safety_tolerability,patient.reaction.reactionmeddrapt.exact,Ozempic,"FAERS/openFDA spontaneous adverse-event report counts are reporting signals, not incidence or causality.",Ozempic,GASTROOESOPHAGEAL REFLUX DISEASE,693,fda_faers_quarterly,collected_openfda_faers_count,https://api.fda.gov/drug/event.json?search=patient.drug.medicinalproduct%3A%22Ozempic%22&count=patient.reaction.reactionmeddrapt.exact&limit=100
safety_tolerability,patient.reaction.reactionmeddrapt.exact,Ozempic,"FAERS/openFDA spontaneous adverse-event report counts are reporting signals, not incidence or causality.",Ozempic,INSOMNIA,689,fda_faers_quarterly,collected_openfda_faers_count,https://api.fda.gov/drug/event.json?search=patient.drug.medicinalproduct%3A%22Ozempic%22&count=patient.reaction.reactionmeddrapt.exact&limit=100
safety_tolerability,patient.reaction.reactionmeddrapt.exact,Ozempic,"FAERS/openFDA spontaneous adverse-event report counts are reporting signals, not incidence or causality.",Ozempic,PRODUCT COMMUNICATION ISSUE,662,fda_faers_quarterly,collected_openfda_faers_count,https://api.fda.gov/drug/event.json?search=patient.drug.medicinalproduct%3A%22Ozempic%22&count=patient.reaction.reactionmeddrapt.exact&limit=100
safety_tolerability,patient.reaction.reactionmeddrapt.exact,Ozempic,"FAERS/openFDA spontaneous adverse-event report counts are reporting signals, not incidence or causality.",Ozempic,MUSCLE SPASMS,658,fda_faers_quarterly,collected_openfda_faers_count,https://api.fda.gov/drug/event.json?search=patient.drug.medicinalproduct%3A%22Ozempic%22&count=patient.reaction.reactionmeddrapt.exact&limit=100
safety_tolerability,patient.reaction.reactionmeddrapt.exact,Ozempic,"FAERS/openFDA spontaneous adverse-event report counts are reporting signals, not incidence or causality.",Ozempic,PAIN IN EXTREMITY,655,fda_faers_quarterly,collected_openfda_faers_count,https://api.fda.gov/drug/event.json?search=patient.drug.medicinalproduct%3A%22Ozempic%22&count=patient.reaction.reactionmeddrapt.exact&limit=100
safety_tolerability,patient.reaction.reactionmeddrapt.exact,Ozempic,"FAERS/openFDA spontaneous adverse-event report counts are reporting signals, not incidence or causality.",Ozempic,INCREASED APPETITE,650,fda_faers_quarterly,collected_openfda_faers_count,https://api.fda.gov/drug/event.json?search=patient.drug.medicinalproduct%3A%22Ozempic%22&count=patient.reaction.reactionmeddrapt.exact&limit=100
safety_tolerability,patient.reaction.reactionmeddrapt.exact,Ozempic,"FAERS/openFDA spontaneous adverse-event report counts are reporting signals, not incidence or causality.",Ozempic,URINARY TRACT INFECTION,637,fda_faers_quarterly,collected_openfda_faers_count,https://api.fda.gov/drug/event.json?search=patient.drug.medicinalproduct%3A%22Ozempic%22&count=patient.reaction.reactionmeddrapt.exact&limit=100
safety_tolerability,patient.reaction.reactionmeddrapt.exact,Ozempic,"FAERS/openFDA spontaneous adverse-event report counts are reporting signals, not incidence or causality.",Ozempic,COUGH,609,fda_faers_quarterly,collected_openfda_faers_count,https://api.fda.gov/drug/event.json?search=patient.drug.medicinalproduct%3A%22Ozempic%22&count=patient.reaction.reactionmeddrapt.exact&limit=100
safety_tolerability,patient.reaction.reactionmeddrapt.exact,Ozempic,"FAERS/openFDA spontaneous adverse-event report counts are reporting signals, not incidence or causality.",Ozempic,EMOTIONAL DISTRESS,587,fda_faers_quarterly,collected_openfda_faers_count,https://api.fda.gov/drug/event.json?search=patient.drug.medicinalproduct%3A%22Ozempic%22&count=patient.reaction.reactionmeddrapt.exact&limit=100
safety_tolerability,patient.reaction.reactionmeddrapt.exact,Ozempic,"FAERS/openFDA spontaneous adverse-event report counts are reporting signals, not incidence or causality.",Ozempic,HUNGER,570,fda_faers_quarterly,collected_openfda_faers_count,https://api.fda.gov/drug/event.json?search=patient.drug.medicinalproduct%3A%22Ozempic%22&count=patient.reaction.reactionmeddrapt.exact&limit=100
safety_tolerability,patient.reaction.reactionmeddrapt.exact,Ozempic,"FAERS/openFDA spontaneous adverse-event report counts are reporting signals, not incidence or causality.",Ozempic,NASOPHARYNGITIS,568,fda_faers_quarterly,collected_openfda_faers_count,https://api.fda.gov/drug/event.json?search=patient.drug.medicinalproduct%3A%22Ozempic%22&count=patient.reaction.reactionmeddrapt.exact&limit=100
safety_tolerability,patient.reaction.reactionmeddrapt.exact,Ozempic,"FAERS/openFDA spontaneous adverse-event report counts are reporting signals, not incidence or causality.",Ozempic,ACUTE KIDNEY INJURY,559,fda_faers_quarterly,collected_openfda_faers_count,https://api.fda.gov/drug/event.json?search=patient.drug.medicinalproduct%3A%22Ozempic%22&count=patient.reaction.reactionmeddrapt.exact&limit=100
safety_tolerability,patient.reaction.reactionmeddrapt.exact,Ozempic,"FAERS/openFDA spontaneous adverse-event report counts are reporting signals, not incidence or causality.",Ozempic,HYPERTENSION,551,fda_faers_quarterly,collected_openfda_faers_count,https://api.fda.gov/drug/event.json?search=patient.drug.medicinalproduct%3A%22Ozempic%22&count=patient.reaction.reactionmeddrapt.exact&limit=100
safety_tolerability,patient.reaction.reactionmeddrapt.exact,Ozempic,"FAERS/openFDA spontaneous adverse-event report counts are reporting signals, not incidence or causality.",Ozempic,ILEUS,510,fda_faers_quarterly,collected_openfda_faers_count,https://api.fda.gov/drug/event.json?search=patient.drug.medicinalproduct%3A%22Ozempic%22&count=patient.reaction.reactionmeddrapt.exact&limit=100
safety_tolerability,patient.reaction.reactionmeddrapt.exact,Ozempic,"FAERS/openFDA spontaneous adverse-event report counts are reporting signals, not incidence or causality.",Ozempic,ADVERSE DRUG REACTION,503,fda_faers_quarterly,collected_openfda_faers_count,https://api.fda.gov/drug/event.json?search=patient.drug.medicinalproduct%3A%22Ozempic%22&count=patient.reaction.reactionmeddrapt.exact&limit=100
safety_tolerability,patient.reaction.reactionmeddrapt.exact,Ozempic,"FAERS/openFDA spontaneous adverse-event report counts are reporting signals, not incidence or causality.",Ozempic,TREMOR,493,fda_faers_quarterly,collected_openfda_faers_count,https://api.fda.gov/drug/event.json?search=patient.drug.medicinalproduct%3A%22Ozempic%22&count=patient.reaction.reactionmeddrapt.exact&limit=100
safety_tolerability,patient.reaction.reactionmeddrapt.exact,Ozempic,"FAERS/openFDA spontaneous adverse-event report counts are reporting signals, not incidence or causality.",Ozempic,OPTIC ISCHAEMIC NEUROPATHY,469,fda_faers_quarterly,collected_openfda_faers_count,https://api.fda.gov/drug/event.json?search=patient.drug.medicinalproduct%3A%22Ozempic%22&count=patient.reaction.reactionmeddrapt.exact&limit=100
safety_tolerability,patient.reaction.reactionmeddrapt.exact,Ozempic,"FAERS/openFDA spontaneous adverse-event report counts are reporting signals, not incidence or causality.",Ozempic,MEMORY IMPAIRMENT,467,fda_faers_quarterly,collected_openfda_faers_count,https://api.fda.gov/drug/event.json?search=patient.drug.medicinalproduct%3A%22Ozempic%22&count=patient.reaction.reactionmeddrapt.exact&limit=100
safety_tolerability,patient.reaction.reactionmeddrapt.exact,Ozempic,"FAERS/openFDA spontaneous adverse-event report counts are reporting signals, not incidence or causality.",Ozempic,BLOOD PRESSURE INCREASED,465,fda_faers_quarterly,collected_openfda_faers_count,https://api.fda.gov/drug/event.json?search=patient.drug.medicinalproduct%3A%22Ozempic%22&count=patient.reaction.reactionmeddrapt.exact&limit=100
safety_tolerability,patient.reaction.reactionmeddrapt.exact,Ozempic,"FAERS/openFDA spontaneous adverse-event report counts are reporting signals, not incidence or causality.",Ozempic,PNEUMONIA,457,fda_faers_quarterly,collected_openfda_faers_count,https://api.fda.gov/drug/event.json?search=patient.drug.medicinalproduct%3A%22Ozempic%22&count=patient.reaction.reactionmeddrapt.exact&limit=100
safety_tolerability,patient.reaction.reactionmeddrapt.exact,Ozempic,"FAERS/openFDA spontaneous adverse-event report counts are reporting signals, not incidence or causality.",Ozempic,CHOLELITHIASIS,456,fda_faers_quarterly,collected_openfda_faers_count,https://api.fda.gov/drug/event.json?search=patient.drug.medicinalproduct%3A%22Ozempic%22&count=patient.reaction.reactionmeddrapt.exact&limit=100
safety_tolerability,patient.reaction.reactionmeddrapt.exact,Ozempic,"FAERS/openFDA spontaneous adverse-event report counts are reporting signals, not incidence or causality.",Ozempic,CATARACT,449,fda_faers_quarterly,collected_openfda_faers_count,https://api.fda.gov/drug/event.json?search=patient.drug.medicinalproduct%3A%22Ozempic%22&count=patient.reaction.reactionmeddrapt.exact&limit=100
safety_tolerability,patient.reaction.reactionmeddrapt.exact,Ozempic,"FAERS/openFDA spontaneous adverse-event report counts are reporting signals, not incidence or causality.",Ozempic,WEIGHT LOSS POOR,449,fda_faers_quarterly,collected_openfda_faers_count,https://api.fda.gov/drug/event.json?search=patient.drug.medicinalproduct%3A%22Ozempic%22&count=patient.reaction.reactionmeddrapt.exact&limit=100
safety_tolerability,patient.reaction.reactionmeddrapt.exact,Ozempic,"FAERS/openFDA spontaneous adverse-event report counts are reporting signals, not incidence or causality.",Ozempic,CHEST PAIN,444,fda_faers_quarterly,collected_openfda_faers_count,https://api.fda.gov/drug/event.json?search=patient.drug.medicinalproduct%3A%22Ozempic%22&count=patient.reaction.reactionmeddrapt.exact&limit=100
safety_tolerability,patient.reaction.reactionmeddrapt.exact,Ozempic,"FAERS/openFDA spontaneous adverse-event report counts are reporting signals, not incidence or causality.",Ozempic,SOMNOLENCE,433,fda_faers_quarterly,collected_openfda_faers_count,https://api.fda.gov/drug/event.json?search=patient.drug.medicinalproduct%3A%22Ozempic%22&count=patient.reaction.reactionmeddrapt.exact&limit=100
safety_tolerability,patient.reaction.reactionmeddrapt.exact,Ozempic,"FAERS/openFDA spontaneous adverse-event report counts are reporting signals, not incidence or causality.",Ozempic,PYREXIA,431,fda_faers_quarterly,collected_openfda_faers_count,https://api.fda.gov/drug/event.json?search=patient.drug.medicinalproduct%3A%22Ozempic%22&count=patient.reaction.reactionmeddrapt.exact&limit=100
safety_tolerability,patient.reaction.reactionmeddrapt.exact,Ozempic,"FAERS/openFDA spontaneous adverse-event report counts are reporting signals, not incidence or causality.",Ozempic,INFLUENZA,427,fda_faers_quarterly,collected_openfda_faers_count,https://api.fda.gov/drug/event.json?search=patient.drug.medicinalproduct%3A%22Ozempic%22&count=patient.reaction.reactionmeddrapt.exact&limit=100
safety_tolerability,patient.reaction.reactionmeddrapt.exact,Ozempic,"FAERS/openFDA spontaneous adverse-event report counts are reporting signals, not incidence or causality.",Ozempic,LOSS OF CONSCIOUSNESS,419,fda_faers_quarterly,collected_openfda_faers_count,https://api.fda.gov/drug/event.json?search=patient.drug.medicinalproduct%3A%22Ozempic%22&count=patient.reaction.reactionmeddrapt.exact&limit=100
safety_tolerability,patient.reaction.reactionmeddrapt.exact,Ozempic,"FAERS/openFDA spontaneous adverse-event report counts are reporting signals, not incidence or causality.",Ozempic,GASTROINTESTINAL HYPOMOTILITY,417,fda_faers_quarterly,collected_openfda_faers_count,https://api.fda.gov/drug/event.json?search=patient.drug.medicinalproduct%3A%22Ozempic%22&count=patient.reaction.reactionmeddrapt.exact&limit=100
safety_tolerability,patient.reaction.reactionmeddrapt.exact,Ozempic,"FAERS/openFDA spontaneous adverse-event report counts are reporting signals, not incidence or causality.",Ozempic,SURGERY,417,fda_faers_quarterly,collected_openfda_faers_count,https://api.fda.gov/drug/event.json?search=patient.drug.medicinalproduct%3A%22Ozempic%22&count=patient.reaction.reactionmeddrapt.exact&limit=100
safety_tolerability,patient.reaction.reactionmeddrapt.exact,Ozempic,"FAERS/openFDA spontaneous adverse-event report counts are reporting signals, not incidence or causality.",Ozempic,HYPERHIDROSIS,415,fda_faers_quarterly,collected_openfda_faers_count,https://api.fda.gov/drug/event.json?search=patient.drug.medicinalproduct%3A%22Ozempic%22&count=patient.reaction.reactionmeddrapt.exact&limit=100
safety_tolerability,patient.reaction.reactionmeddrapt.exact,Ozempic,"FAERS/openFDA spontaneous adverse-event report counts are reporting signals, not incidence or causality.",Ozempic,SUICIDAL IDEATION,415,fda_faers_quarterly,collected_openfda_faers_count,https://api.fda.gov/drug/event.json?search=patient.drug.medicinalproduct%3A%22Ozempic%22&count=patient.reaction.reactionmeddrapt.exact&limit=100
safety_tolerability,patient.reaction.reactionmeddrapt.exact,Ozempic,"FAERS/openFDA spontaneous adverse-event report counts are reporting signals, not incidence or causality.",Ozempic,PERIPHERAL SWELLING,413,fda_faers_quarterly,collected_openfda_faers_count,https://api.fda.gov/drug/event.json?search=patient.drug.medicinalproduct%3A%22Ozempic%22&count=patient.reaction.reactionmeddrapt.exact&limit=100
safety_tolerability,patient.reaction.reactionmeddrapt.exact,Ozempic,"FAERS/openFDA spontaneous adverse-event report counts are reporting signals, not incidence or causality.",Ozempic,CEREBROVASCULAR ACCIDENT,409,fda_faers_quarterly,collected_openfda_faers_count,https://api.fda.gov/drug/event.json?search=patient.drug.medicinalproduct%3A%22Ozempic%22&count=patient.reaction.reactionmeddrapt.exact&limit=100
safety_tolerability,patient.reaction.reactionmeddrapt.exact,Ozempic,"FAERS/openFDA spontaneous adverse-event report counts are reporting signals, not incidence or causality.",Ozempic,HOSPITALISATION,404,fda_faers_quarterly,collected_openfda_faers_count,https://api.fda.gov/drug/event.json?search=patient.drug.medicinalproduct%3A%22Ozempic%22&count=patient.reaction.reactionmeddrapt.exact&limit=100
safety_tolerability,patient.reaction.reactionmeddrapt.exact,Ozempic,"FAERS/openFDA spontaneous adverse-event report counts are reporting signals, not incidence or causality.",Ozempic,DIABETES MELLITUS INADEQUATE CONTROL,399,fda_faers_quarterly,collected_openfda_faers_count,https://api.fda.gov/drug/event.json?search=patient.drug.medicinalproduct%3A%22Ozempic%22&count=patient.reaction.reactionmeddrapt.exact&limit=100
safety_tolerability,patient.reaction.reactionmeddrapt.exact,Ozempic,"FAERS/openFDA spontaneous adverse-event report counts are reporting signals, not incidence or causality.",Ozempic,MYALGIA,397,fda_faers_quarterly,collected_openfda_faers_count,https://api.fda.gov/drug/event.json?search=patient.drug.medicinalproduct%3A%22Ozempic%22&count=patient.reaction.reactionmeddrapt.exact&limit=100
safety_tolerability,patient.reaction.reactionmeddrapt.exact,Ozempic,"FAERS/openFDA spontaneous adverse-event report counts are reporting signals, not incidence or causality.",Ozempic,HYPOTENSION,379,fda_faers_quarterly,collected_openfda_faers_count,https://api.fda.gov/drug/event.json?search=patient.drug.medicinalproduct%3A%22Ozempic%22&count=patient.reaction.reactionmeddrapt.exact&limit=100
safety_tolerability,patient.reaction.reactionmeddrapt.exact,Ozempic,"FAERS/openFDA spontaneous adverse-event report counts are reporting signals, not incidence or causality.",Ozempic,DEATH,361,fda_faers_quarterly,collected_openfda_faers_count,https://api.fda.gov/drug/event.json?search=patient.drug.medicinalproduct%3A%22Ozempic%22&count=patient.reaction.reactionmeddrapt.exact&limit=100
safety_tolerability,patient.reaction.reactionmeddrapt.exact,Ozempic,"FAERS/openFDA spontaneous adverse-event report counts are reporting signals, not incidence or causality.",Ozempic,PALPITATIONS,358,fda_faers_quarterly,collected_openfda_faers_count,https://api.fda.gov/drug/event.json?search=patient.drug.medicinalproduct%3A%22Ozempic%22&count=patient.reaction.reactionmeddrapt.exact&limit=100
safety_tolerability,patient.reaction.reactionmeddrapt.exact,Ozempic,"FAERS/openFDA spontaneous adverse-event report counts are reporting signals, not incidence or causality.",Ozempic,PRODUCT LABEL CONFUSION,349,fda_faers_quarterly,collected_openfda_faers_count,https://api.fda.gov/drug/event.json?search=patient.drug.medicinalproduct%3A%22Ozempic%22&count=patient.reaction.reactionmeddrapt.exact&limit=100
safety_tolerability,patient.reaction.reactionmeddrapt.exact,Ozempic,"FAERS/openFDA spontaneous adverse-event report counts are reporting signals, not incidence or causality.",Ozempic,DIABETIC KETOACIDOSIS,347,fda_faers_quarterly,collected_openfda_faers_count,https://api.fda.gov/drug/event.json?search=patient.drug.medicinalproduct%3A%22Ozempic%22&count=patient.reaction.reactionmeddrapt.exact&limit=100
safety_tolerability,patient.reaction.reactionmeddrapt.exact,Ozempic,"FAERS/openFDA spontaneous adverse-event report counts are reporting signals, not incidence or causality.",Ozempic,GAIT DISTURBANCE,345,fda_faers_quarterly,collected_openfda_faers_count,https://api.fda.gov/drug/event.json?search=patient.drug.medicinalproduct%3A%22Ozempic%22&count=patient.reaction.reactionmeddrapt.exact&limit=100
safety_tolerability,patient.reaction.reactionmeddrapt.exact,Ozempic,"FAERS/openFDA spontaneous adverse-event report counts are reporting signals, not incidence or causality.",Ozempic,HEART RATE INCREASED,343,fda_faers_quarterly,collected_openfda_faers_count,https://api.fda.gov/drug/event.json?search=patient.drug.medicinalproduct%3A%22Ozempic%22&count=patient.reaction.reactionmeddrapt.exact&limit=100
safety_tolerability,patient.reaction.reactionmeddrapt.exact,Ozempic,"FAERS/openFDA spontaneous adverse-event report counts are reporting signals, not incidence or causality.",Ozempic,FEEDING DISORDER,334,fda_faers_quarterly,collected_openfda_faers_count,https://api.fda.gov/drug/event.json?search=patient.drug.medicinalproduct%3A%22Ozempic%22&count=patient.reaction.reactionmeddrapt.exact&limit=100
safety_tolerability,patient.reaction.reactionmeddrapt.exact,Ozempic,"FAERS/openFDA spontaneous adverse-event report counts are reporting signals, not incidence or causality.",Ozempic,DRY MOUTH,332,fda_faers_quarterly,collected_openfda_faers_count,https://api.fda.gov/drug/event.json?search=patient.drug.medicinalproduct%3A%22Ozempic%22&count=patient.reaction.reactionmeddrapt.exact&limit=100
safety_tolerability,patient.reaction.reactionmeddrapt.exact,Ozempic,"FAERS/openFDA spontaneous adverse-event report counts are reporting signals, not incidence or causality.",Ozempic,HYPOGLYCAEMIA,329,fda_faers_quarterly,collected_openfda_faers_count,https://api.fda.gov/drug/event.json?search=patient.drug.medicinalproduct%3A%22Ozempic%22&count=patient.reaction.reactionmeddrapt.exact&limit=100
safety_tolerability,patient.reaction.reactionmeddrapt.exact,Ozempic,"FAERS/openFDA spontaneous adverse-event report counts are reporting signals, not incidence or causality.",Ozempic,PRODUCT DISPENSING ERROR,329,fda_faers_quarterly,collected_openfda_faers_count,https://api.fda.gov/drug/event.json?search=patient.drug.medicinalproduct%3A%22Ozempic%22&count=patient.reaction.reactionmeddrapt.exact&limit=100
safety_tolerability,patient.reaction.reactionmeddrapt.exact,Rybelsus,"FAERS/openFDA spontaneous adverse-event report counts are reporting signals, not incidence or causality.",Rybelsus,NAUSEA,978,fda_faers_quarterly,collected_openfda_faers_count,https://api.fda.gov/drug/event.json?search=patient.drug.medicinalproduct%3A%22Rybelsus%22&count=patient.reaction.reactionmeddrapt.exact&limit=100
safety_tolerability,patient.reaction.reactionmeddrapt.exact,Rybelsus,"FAERS/openFDA spontaneous adverse-event report counts are reporting signals, not incidence or causality.",Rybelsus,VOMITING,683,fda_faers_quarterly,collected_openfda_faers_count,https://api.fda.gov/drug/event.json?search=patient.drug.medicinalproduct%3A%22Rybelsus%22&count=patient.reaction.reactionmeddrapt.exact&limit=100
safety_tolerability,patient.reaction.reactionmeddrapt.exact,Rybelsus,"FAERS/openFDA spontaneous adverse-event report counts are reporting signals, not incidence or causality.",Rybelsus,DIARRHOEA,531,fda_faers_quarterly,collected_openfda_faers_count,https://api.fda.gov/drug/event.json?search=patient.drug.medicinalproduct%3A%22Rybelsus%22&count=patient.reaction.reactionmeddrapt.exact&limit=100
safety_tolerability,patient.reaction.reactionmeddrapt.exact,Rybelsus,"FAERS/openFDA spontaneous adverse-event report counts are reporting signals, not incidence or causality.",Rybelsus,DECREASED APPETITE,409,fda_faers_quarterly,collected_openfda_faers_count,https://api.fda.gov/drug/event.json?search=patient.drug.medicinalproduct%3A%22Rybelsus%22&count=patient.reaction.reactionmeddrapt.exact&limit=100
safety_tolerability,patient.reaction.reactionmeddrapt.exact,Rybelsus,"FAERS/openFDA spontaneous adverse-event report counts are reporting signals, not incidence or causality.",Rybelsus,OFF LABEL USE,394,fda_faers_quarterly,collected_openfda_faers_count,https://api.fda.gov/drug/event.json?search=patient.drug.medicinalproduct%3A%22Rybelsus%22&count=patient.reaction.reactionmeddrapt.exact&limit=100
safety_tolerability,patient.reaction.reactionmeddrapt.exact,Rybelsus,"FAERS/openFDA spontaneous adverse-event report counts are reporting signals, not incidence or causality.",Rybelsus,CONSTIPATION,370,fda_faers_quarterly,collected_openfda_faers_count,https://api.fda.gov/drug/event.json?search=patient.drug.medicinalproduct%3A%22Rybelsus%22&count=patient.reaction.reactionmeddrapt.exact&limit=100
safety_tolerability,patient.reaction.reactionmeddrapt.exact,Rybelsus,"FAERS/openFDA spontaneous adverse-event report counts are reporting signals, not incidence or causality.",Rybelsus,BLOOD GLUCOSE INCREASED,331,fda_faers_quarterly,collected_openfda_faers_count,https://api.fda.gov/drug/event.json?search=patient.drug.medicinalproduct%3A%22Rybelsus%22&count=patient.reaction.reactionmeddrapt.exact&limit=100
safety_tolerability,patient.reaction.reactionmeddrapt.exact,Rybelsus,"FAERS/openFDA spontaneous adverse-event report counts are reporting signals, not incidence or causality.",Rybelsus,WEIGHT DECREASED,326,fda_faers_quarterly,collected_openfda_faers_count,https://api.fda.gov/drug/event.json?search=patient.drug.medicinalproduct%3A%22Rybelsus%22&count=patient.reaction.reactionmeddrapt.exact&limit=100
safety_tolerability,patient.reaction.reactionmeddrapt.exact,Rybelsus,"FAERS/openFDA spontaneous adverse-event report counts are reporting signals, not incidence or causality.",Rybelsus,HEADACHE,284,fda_faers_quarterly,collected_openfda_faers_count,https://api.fda.gov/drug/event.json?search=patient.drug.medicinalproduct%3A%22Rybelsus%22&count=patient.reaction.reactionmeddrapt.exact&limit=100
safety_tolerability,patient.reaction.reactionmeddrapt.exact,Rybelsus,"FAERS/openFDA spontaneous adverse-event report counts are reporting signals, not incidence or causality.",Rybelsus,FATIGUE,276,fda_faers_quarterly,collected_openfda_faers_count,https://api.fda.gov/drug/event.json?search=patient.drug.medicinalproduct%3A%22Rybelsus%22&count=patient.reaction.reactionmeddrapt.exact&limit=100
safety_tolerability,patient.reaction.reactionmeddrapt.exact,Rybelsus,"FAERS/openFDA spontaneous adverse-event report counts are reporting signals, not incidence or causality.",Rybelsus,ABDOMINAL PAIN,263,fda_faers_quarterly,collected_openfda_faers_count,https://api.fda.gov/drug/event.json?search=patient.drug.medicinalproduct%3A%22Rybelsus%22&count=patient.reaction.reactionmeddrapt.exact&limit=100
safety_tolerability,patient.reaction.reactionmeddrapt.exact,Rybelsus,"FAERS/openFDA spontaneous adverse-event report counts are reporting signals, not incidence or causality.",Rybelsus,DIZZINESS,258,fda_faers_quarterly,collected_openfda_faers_count,https://api.fda.gov/drug/event.json?search=patient.drug.medicinalproduct%3A%22Rybelsus%22&count=patient.reaction.reactionmeddrapt.exact&limit=100
safety_tolerability,patient.reaction.reactionmeddrapt.exact,Rybelsus,"FAERS/openFDA spontaneous adverse-event report counts are reporting signals, not incidence or causality.",Rybelsus,IMPAIRED GASTRIC EMPTYING,249,fda_faers_quarterly,collected_openfda_faers_count,https://api.fda.gov/drug/event.json?search=patient.drug.medicinalproduct%3A%22Rybelsus%22&count=patient.reaction.reactionmeddrapt.exact&limit=100
safety_tolerability,patient.reaction.reactionmeddrapt.exact,Rybelsus,"FAERS/openFDA spontaneous adverse-event report counts are reporting signals, not incidence or causality.",Rybelsus,ABDOMINAL PAIN UPPER,245,fda_faers_quarterly,collected_openfda_faers_count,https://api.fda.gov/drug/event.json?search=patient.drug.medicinalproduct%3A%22Rybelsus%22&count=patient.reaction.reactionmeddrapt.exact&limit=100
safety_tolerability,patient.reaction.reactionmeddrapt.exact,Rybelsus,"FAERS/openFDA spontaneous adverse-event report counts are reporting signals, not incidence or causality.",Rybelsus,ASTHENIA,214,fda_faers_quarterly,collected_openfda_faers_count,https://api.fda.gov/drug/event.json?search=patient.drug.medicinalproduct%3A%22Rybelsus%22&count=patient.reaction.reactionmeddrapt.exact&limit=100
safety_tolerability,patient.reaction.reactionmeddrapt.exact,Rybelsus,"FAERS/openFDA spontaneous adverse-event report counts are reporting signals, not incidence or causality.",Rybelsus,DEHYDRATION,201,fda_faers_quarterly,collected_openfda_faers_count,https://api.fda.gov/drug/event.json?search=patient.drug.medicinalproduct%3A%22Rybelsus%22&count=patient.reaction.reactionmeddrapt.exact&limit=100
safety_tolerability,patient.reaction.reactionmeddrapt.exact,Rybelsus,"FAERS/openFDA spontaneous adverse-event report counts are reporting signals, not incidence or causality.",Rybelsus,PRODUCT USE IN UNAPPROVED INDICATION,174,fda_faers_quarterly,collected_openfda_faers_count,https://api.fda.gov/drug/event.json?search=patient.drug.medicinalproduct%3A%22Rybelsus%22&count=patient.reaction.reactionmeddrapt.exact&limit=100
safety_tolerability,patient.reaction.reactionmeddrapt.exact,Rybelsus,"FAERS/openFDA spontaneous adverse-event report counts are reporting signals, not incidence or causality.",Rybelsus,PANCREATITIS,169,fda_faers_quarterly,collected_openfda_faers_count,https://api.fda.gov/drug/event.json?search=patient.drug.medicinalproduct%3A%22Rybelsus%22&count=patient.reaction.reactionmeddrapt.exact&limit=100
safety_tolerability,patient.reaction.reactionmeddrapt.exact,Rybelsus,"FAERS/openFDA spontaneous adverse-event report counts are reporting signals, not incidence or causality.",Rybelsus,ABDOMINAL DISCOMFORT,167,fda_faers_quarterly,collected_openfda_faers_count,https://api.fda.gov/drug/event.json?search=patient.drug.medicinalproduct%3A%22Rybelsus%22&count=patient.reaction.reactionmeddrapt.exact&limit=100
safety_tolerability,patient.reaction.reactionmeddrapt.exact,Rybelsus,"FAERS/openFDA spontaneous adverse-event report counts are reporting signals, not incidence or causality.",Rybelsus,RASH,166,fda_faers_quarterly,collected_openfda_faers_count,https://api.fda.gov/drug/event.json?search=patient.drug.medicinalproduct%3A%22Rybelsus%22&count=patient.reaction.reactionmeddrapt.exact&limit=100
safety_tolerability,patient.reaction.reactionmeddrapt.exact,Rybelsus,"FAERS/openFDA spontaneous adverse-event report counts are reporting signals, not incidence or causality.",Rybelsus,MALAISE,162,fda_faers_quarterly,collected_openfda_faers_count,https://api.fda.gov/drug/event.json?search=patient.drug.medicinalproduct%3A%22Rybelsus%22&count=patient.reaction.reactionmeddrapt.exact&limit=100
safety_tolerability,patient.reaction.reactionmeddrapt.exact,Rybelsus,"FAERS/openFDA spontaneous adverse-event report counts are reporting signals, not incidence or causality.",Rybelsus,DRUG INEFFECTIVE,151,fda_faers_quarterly,collected_openfda_faers_count,https://api.fda.gov/drug/event.json?search=patient.drug.medicinalproduct%3A%22Rybelsus%22&count=patient.reaction.reactionmeddrapt.exact&limit=100
safety_tolerability,patient.reaction.reactionmeddrapt.exact,Rybelsus,"FAERS/openFDA spontaneous adverse-event report counts are reporting signals, not incidence or causality.",Rybelsus,DYSPEPSIA,145,fda_faers_quarterly,collected_openfda_faers_count,https://api.fda.gov/drug/event.json?search=patient.drug.medicinalproduct%3A%22Rybelsus%22&count=patient.reaction.reactionmeddrapt.exact&limit=100
safety_tolerability,patient.reaction.reactionmeddrapt.exact,Rybelsus,"FAERS/openFDA spontaneous adverse-event report counts are reporting signals, not incidence or causality.",Rybelsus,GLYCOSYLATED HAEMOGLOBIN INCREASED,139,fda_faers_quarterly,collected_openfda_faers_count,https://api.fda.gov/drug/event.json?search=patient.drug.medicinalproduct%3A%22Rybelsus%22&count=patient.reaction.reactionmeddrapt.exact&limit=100
safety_tolerability,patient.reaction.reactionmeddrapt.exact,Rybelsus,"FAERS/openFDA spontaneous adverse-event report counts are reporting signals, not incidence or causality.",Rybelsus,WEIGHT INCREASED,138,fda_faers_quarterly,collected_openfda_faers_count,https://api.fda.gov/drug/event.json?search=patient.drug.medicinalproduct%3A%22Rybelsus%22&count=patient.reaction.reactionmeddrapt.exact&limit=100
safety_tolerability,patient.reaction.reactionmeddrapt.exact,Rybelsus,"FAERS/openFDA spontaneous adverse-event report counts are reporting signals, not incidence or causality.",Rybelsus,DYSPNOEA,126,fda_faers_quarterly,collected_openfda_faers_count,https://api.fda.gov/drug/event.json?search=patient.drug.medicinalproduct%3A%22Rybelsus%22&count=patient.reaction.reactionmeddrapt.exact&limit=100
safety_tolerability,patient.reaction.reactionmeddrapt.exact,Rybelsus,"FAERS/openFDA spontaneous adverse-event report counts are reporting signals, not incidence or causality.",Rybelsus,CONDITION AGGRAVATED,119,fda_faers_quarterly,collected_openfda_faers_count,https://api.fda.gov/drug/event.json?search=patient.drug.medicinalproduct%3A%22Rybelsus%22&count=patient.reaction.reactionmeddrapt.exact&limit=100
safety_tolerability,patient.reaction.reactionmeddrapt.exact,Rybelsus,"FAERS/openFDA spontaneous adverse-event report counts are reporting signals, not incidence or causality.",Rybelsus,ILLNESS,119,fda_faers_quarterly,collected_openfda_faers_count,https://api.fda.gov/drug/event.json?search=patient.drug.medicinalproduct%3A%22Rybelsus%22&count=patient.reaction.reactionmeddrapt.exact&limit=100
safety_tolerability,patient.reaction.reactionmeddrapt.exact,Rybelsus,"FAERS/openFDA spontaneous adverse-event report counts are reporting signals, not incidence or causality.",Rybelsus,VISION BLURRED,119,fda_faers_quarterly,collected_openfda_faers_count,https://api.fda.gov/drug/event.json?search=patient.drug.medicinalproduct%3A%22Rybelsus%22&count=patient.reaction.reactionmeddrapt.exact&limit=100
safety_tolerability,patient.reaction.reactionmeddrapt.exact,Rybelsus,"FAERS/openFDA spontaneous adverse-event report counts are reporting signals, not incidence or causality.",Rybelsus,BLOOD GLUCOSE DECREASED,118,fda_faers_quarterly,collected_openfda_faers_count,https://api.fda.gov/drug/event.json?search=patient.drug.medicinalproduct%3A%22Rybelsus%22&count=patient.reaction.reactionmeddrapt.exact&limit=100
safety_tolerability,patient.reaction.reactionmeddrapt.exact,Rybelsus,"FAERS/openFDA spontaneous adverse-event report counts are reporting signals, not incidence or causality.",Rybelsus,PAIN,118,fda_faers_quarterly,collected_openfda_faers_count,https://api.fda.gov/drug/event.json?search=patient.drug.medicinalproduct%3A%22Rybelsus%22&count=patient.reaction.reactionmeddrapt.exact&limit=100
safety_tolerability,patient.reaction.reactionmeddrapt.exact,Rybelsus,"FAERS/openFDA spontaneous adverse-event report counts are reporting signals, not incidence or causality.",Rybelsus,ABDOMINAL DISTENSION,112,fda_faers_quarterly,collected_openfda_faers_count,https://api.fda.gov/drug/event.json?search=patient.drug.medicinalproduct%3A%22Rybelsus%22&count=patient.reaction.reactionmeddrapt.exact&limit=100
safety_tolerability,patient.reaction.reactionmeddrapt.exact,Rybelsus,"FAERS/openFDA spontaneous adverse-event report counts are reporting signals, not incidence or causality.",Rybelsus,ARTHRALGIA,112,fda_faers_quarterly,collected_openfda_faers_count,https://api.fda.gov/drug/event.json?search=patient.drug.medicinalproduct%3A%22Rybelsus%22&count=patient.reaction.reactionmeddrapt.exact&limit=100
safety_tolerability,patient.reaction.reactionmeddrapt.exact,Rybelsus,"FAERS/openFDA spontaneous adverse-event report counts are reporting signals, not incidence or causality.",Rybelsus,PRURITUS,110,fda_faers_quarterly,collected_openfda_faers_count,https://api.fda.gov/drug/event.json?search=patient.drug.medicinalproduct%3A%22Rybelsus%22&count=patient.reaction.reactionmeddrapt.exact&limit=100
safety_tolerability,patient.reaction.reactionmeddrapt.exact,Rybelsus,"FAERS/openFDA spontaneous adverse-event report counts are reporting signals, not incidence or causality.",Rybelsus,GASTROINTESTINAL DISORDER,108,fda_faers_quarterly,collected_openfda_faers_count,https://api.fda.gov/drug/event.json?search=patient.drug.medicinalproduct%3A%22Rybelsus%22&count=patient.reaction.reactionmeddrapt.exact&limit=100
safety_tolerability,patient.reaction.reactionmeddrapt.exact,Rybelsus,"FAERS/openFDA spontaneous adverse-event report counts are reporting signals, not incidence or causality.",Rybelsus,HOSPITALISATION,107,fda_faers_quarterly,collected_openfda_faers_count,https://api.fda.gov/drug/event.json?search=patient.drug.medicinalproduct%3A%22Rybelsus%22&count=patient.reaction.reactionmeddrapt.exact&limit=100
safety_tolerability,patient.reaction.reactionmeddrapt.exact,Rybelsus,"FAERS/openFDA spontaneous adverse-event report counts are reporting signals, not incidence or causality.",Rybelsus,INAPPROPRIATE SCHEDULE OF PRODUCT ADMINISTRATION,107,fda_faers_quarterly,collected_openfda_faers_count,https://api.fda.gov/drug/event.json?search=patient.drug.medicinalproduct%3A%22Rybelsus%22&count=patient.reaction.reactionmeddrapt.exact&limit=100
safety_tolerability,patient.reaction.reactionmeddrapt.exact,Rybelsus,"FAERS/openFDA spontaneous adverse-event report counts are reporting signals, not incidence or causality.",Rybelsus,BACK PAIN,89,fda_faers_quarterly,collected_openfda_faers_count,https://api.fda.gov/drug/event.json?search=patient.drug.medicinalproduct%3A%22Rybelsus%22&count=patient.reaction.reactionmeddrapt.exact&limit=100
safety_tolerability,patient.reaction.reactionmeddrapt.exact,Rybelsus,"FAERS/openFDA spontaneous adverse-event report counts are reporting signals, not incidence or causality.",Rybelsus,PAIN IN EXTREMITY,89,fda_faers_quarterly,collected_openfda_faers_count,https://api.fda.gov/drug/event.json?search=patient.drug.medicinalproduct%3A%22Rybelsus%22&count=patient.reaction.reactionmeddrapt.exact&limit=100
safety_tolerability,patient.reaction.reactionmeddrapt.exact,Rybelsus,"FAERS/openFDA spontaneous adverse-event report counts are reporting signals, not incidence or causality.",Rybelsus,URINARY TRACT INFECTION,89,fda_faers_quarterly,collected_openfda_faers_count,https://api.fda.gov/drug/event.json?search=patient.drug.medicinalproduct%3A%22Rybelsus%22&count=patient.reaction.reactionmeddrapt.exact&limit=100
safety_tolerability,patient.reaction.reactionmeddrapt.exact,Rybelsus,"FAERS/openFDA spontaneous adverse-event report counts are reporting signals, not incidence or causality.",Rybelsus,VISUAL IMPAIRMENT,88,fda_faers_quarterly,collected_openfda_faers_count,https://api.fda.gov/drug/event.json?search=patient.drug.medicinalproduct%3A%22Rybelsus%22&count=patient.reaction.reactionmeddrapt.exact&limit=100
safety_tolerability,patient.reaction.reactionmeddrapt.exact,Rybelsus,"FAERS/openFDA spontaneous adverse-event report counts are reporting signals, not incidence or causality.",Rybelsus,ERUCTATION,85,fda_faers_quarterly,collected_openfda_faers_count,https://api.fda.gov/drug/event.json?search=patient.drug.medicinalproduct%3A%22Rybelsus%22&count=patient.reaction.reactionmeddrapt.exact&limit=100
safety_tolerability,patient.reaction.reactionmeddrapt.exact,Rybelsus,"FAERS/openFDA spontaneous adverse-event report counts are reporting signals, not incidence or causality.",Rybelsus,FALL,85,fda_faers_quarterly,collected_openfda_faers_count,https://api.fda.gov/drug/event.json?search=patient.drug.medicinalproduct%3A%22Rybelsus%22&count=patient.reaction.reactionmeddrapt.exact&limit=100
safety_tolerability,patient.reaction.reactionmeddrapt.exact,Rybelsus,"FAERS/openFDA spontaneous adverse-event report counts are reporting signals, not incidence or causality.",Rybelsus,GASTROOESOPHAGEAL REFLUX DISEASE,84,fda_faers_quarterly,collected_openfda_faers_count,https://api.fda.gov/drug/event.json?search=patient.drug.medicinalproduct%3A%22Rybelsus%22&count=patient.reaction.reactionmeddrapt.exact&limit=100
safety_tolerability,patient.reaction.reactionmeddrapt.exact,Rybelsus,"FAERS/openFDA spontaneous adverse-event report counts are reporting signals, not incidence or causality.",Rybelsus,PRODUCT DOSE OMISSION ISSUE,82,fda_faers_quarterly,collected_openfda_faers_count,https://api.fda.gov/drug/event.json?search=patient.drug.medicinalproduct%3A%22Rybelsus%22&count=patient.reaction.reactionmeddrapt.exact&limit=100
safety_tolerability,patient.reaction.reactionmeddrapt.exact,Rybelsus,"FAERS/openFDA spontaneous adverse-event report counts are reporting signals, not incidence or causality.",Rybelsus,DYSGEUSIA,81,fda_faers_quarterly,collected_openfda_faers_count,https://api.fda.gov/drug/event.json?search=patient.drug.medicinalproduct%3A%22Rybelsus%22&count=patient.reaction.reactionmeddrapt.exact&limit=100
safety_tolerability,patient.reaction.reactionmeddrapt.exact,Rybelsus,"FAERS/openFDA spontaneous adverse-event report counts are reporting signals, not incidence or causality.",Rybelsus,DEPRESSION,80,fda_faers_quarterly,collected_openfda_faers_count,https://api.fda.gov/drug/event.json?search=patient.drug.medicinalproduct%3A%22Rybelsus%22&count=patient.reaction.reactionmeddrapt.exact&limit=100
safety_tolerability,patient.reaction.reactionmeddrapt.exact,Rybelsus,"FAERS/openFDA spontaneous adverse-event report counts are reporting signals, not incidence or causality.",Rybelsus,ANXIETY,79,fda_faers_quarterly,collected_openfda_faers_count,https://api.fda.gov/drug/event.json?search=patient.drug.medicinalproduct%3A%22Rybelsus%22&count=patient.reaction.reactionmeddrapt.exact&limit=100
safety_tolerability,patient.reaction.reactionmeddrapt.exact,Rybelsus,"FAERS/openFDA spontaneous adverse-event report counts are reporting signals, not incidence or causality.",Rybelsus,COVID-19,78,fda_faers_quarterly,collected_openfda_faers_count,https://api.fda.gov/drug/event.json?search=patient.drug.medicinalproduct%3A%22Rybelsus%22&count=patient.reaction.reactionmeddrapt.exact&limit=100
safety_tolerability,patient.reaction.reactionmeddrapt.exact,Rybelsus,"FAERS/openFDA spontaneous adverse-event report counts are reporting signals, not incidence or causality.",Rybelsus,ACUTE KIDNEY INJURY,77,fda_faers_quarterly,collected_openfda_faers_count,https://api.fda.gov/drug/event.json?search=patient.drug.medicinalproduct%3A%22Rybelsus%22&count=patient.reaction.reactionmeddrapt.exact&limit=100
safety_tolerability,patient.reaction.reactionmeddrapt.exact,Rybelsus,"FAERS/openFDA spontaneous adverse-event report counts are reporting signals, not incidence or causality.",Rybelsus,INSOMNIA,77,fda_faers_quarterly,collected_openfda_faers_count,https://api.fda.gov/drug/event.json?search=patient.drug.medicinalproduct%3A%22Rybelsus%22&count=patient.reaction.reactionmeddrapt.exact&limit=100
safety_tolerability,patient.reaction.reactionmeddrapt.exact,Rybelsus,"FAERS/openFDA spontaneous adverse-event report counts are reporting signals, not incidence or causality.",Rybelsus,FEELING ABNORMAL,75,fda_faers_quarterly,collected_openfda_faers_count,https://api.fda.gov/drug/event.json?search=patient.drug.medicinalproduct%3A%22Rybelsus%22&count=patient.reaction.reactionmeddrapt.exact&limit=100
safety_tolerability,patient.reaction.reactionmeddrapt.exact,Rybelsus,"FAERS/openFDA spontaneous adverse-event report counts are reporting signals, not incidence or causality.",Rybelsus,HYPERTENSION,75,fda_faers_quarterly,collected_openfda_faers_count,https://api.fda.gov/drug/event.json?search=patient.drug.medicinalproduct%3A%22Rybelsus%22&count=patient.reaction.reactionmeddrapt.exact&limit=100
safety_tolerability,patient.reaction.reactionmeddrapt.exact,Rybelsus,"FAERS/openFDA spontaneous adverse-event report counts are reporting signals, not incidence or causality.",Rybelsus,DIABETIC KETOACIDOSIS,74,fda_faers_quarterly,collected_openfda_faers_count,https://api.fda.gov/drug/event.json?search=patient.drug.medicinalproduct%3A%22Rybelsus%22&count=patient.reaction.reactionmeddrapt.exact&limit=100
safety_tolerability,patient.reaction.reactionmeddrapt.exact,Rybelsus,"FAERS/openFDA spontaneous adverse-event report counts are reporting signals, not incidence or causality.",Rybelsus,WRONG TECHNIQUE IN PRODUCT USAGE PROCESS,74,fda_faers_quarterly,collected_openfda_faers_count,https://api.fda.gov/drug/event.json?search=patient.drug.medicinalproduct%3A%22Rybelsus%22&count=patient.reaction.reactionmeddrapt.exact&limit=100
safety_tolerability,patient.reaction.reactionmeddrapt.exact,Rybelsus,"FAERS/openFDA spontaneous adverse-event report counts are reporting signals, not incidence or causality.",Rybelsus,INTESTINAL OBSTRUCTION,72,fda_faers_quarterly,collected_openfda_faers_count,https://api.fda.gov/drug/event.json?search=patient.drug.medicinalproduct%3A%22Rybelsus%22&count=patient.reaction.reactionmeddrapt.exact&limit=100
safety_tolerability,patient.reaction.reactionmeddrapt.exact,Rybelsus,"FAERS/openFDA spontaneous adverse-event report counts are reporting signals, not incidence or causality.",Rybelsus,PRODUCT USE ISSUE,72,fda_faers_quarterly,collected_openfda_faers_count,https://api.fda.gov/drug/event.json?search=patient.drug.medicinalproduct%3A%22Rybelsus%22&count=patient.reaction.reactionmeddrapt.exact&limit=100
safety_tolerability,patient.reaction.reactionmeddrapt.exact,Rybelsus,"FAERS/openFDA spontaneous adverse-event report counts are reporting signals, not incidence or causality.",Rybelsus,LOSS OF CONSCIOUSNESS,67,fda_faers_quarterly,collected_openfda_faers_count,https://api.fda.gov/drug/event.json?search=patient.drug.medicinalproduct%3A%22Rybelsus%22&count=patient.reaction.reactionmeddrapt.exact&limit=100
safety_tolerability,patient.reaction.reactionmeddrapt.exact,Rybelsus,"FAERS/openFDA spontaneous adverse-event report counts are reporting signals, not incidence or causality.",Rybelsus,PERIPHERAL SWELLING,66,fda_faers_quarterly,collected_openfda_faers_count,https://api.fda.gov/drug/event.json?search=patient.drug.medicinalproduct%3A%22Rybelsus%22&count=patient.reaction.reactionmeddrapt.exact&limit=100
safety_tolerability,patient.reaction.reactionmeddrapt.exact,Rybelsus,"FAERS/openFDA spontaneous adverse-event report counts are reporting signals, not incidence or causality.",Rybelsus,FLATULENCE,65,fda_faers_quarterly,collected_openfda_faers_count,https://api.fda.gov/drug/event.json?search=patient.drug.medicinalproduct%3A%22Rybelsus%22&count=patient.reaction.reactionmeddrapt.exact&limit=100
safety_tolerability,patient.reaction.reactionmeddrapt.exact,Rybelsus,"FAERS/openFDA spontaneous adverse-event report counts are reporting signals, not incidence or causality.",Rybelsus,GASTROINTESTINAL HYPOMOTILITY,63,fda_faers_quarterly,collected_openfda_faers_count,https://api.fda.gov/drug/event.json?search=patient.drug.medicinalproduct%3A%22Rybelsus%22&count=patient.reaction.reactionmeddrapt.exact&limit=100
safety_tolerability,patient.reaction.reactionmeddrapt.exact,Rybelsus,"FAERS/openFDA spontaneous adverse-event report counts are reporting signals, not incidence or causality.",Rybelsus,PRODUCT PACKAGING DIFFICULT TO OPEN,60,fda_faers_quarterly,collected_openfda_faers_count,https://api.fda.gov/drug/event.json?search=patient.drug.medicinalproduct%3A%22Rybelsus%22&count=patient.reaction.reactionmeddrapt.exact&limit=100
safety_tolerability,patient.reaction.reactionmeddrapt.exact,Rybelsus,"FAERS/openFDA spontaneous adverse-event report counts are reporting signals, not incidence or causality.",Rybelsus,DEATH,59,fda_faers_quarterly,collected_openfda_faers_count,https://api.fda.gov/drug/event.json?search=patient.drug.medicinalproduct%3A%22Rybelsus%22&count=patient.reaction.reactionmeddrapt.exact&limit=100
safety_tolerability,patient.reaction.reactionmeddrapt.exact,Rybelsus,"FAERS/openFDA spontaneous adverse-event report counts are reporting signals, not incidence or causality.",Rybelsus,SOMNOLENCE,58,fda_faers_quarterly,collected_openfda_faers_count,https://api.fda.gov/drug/event.json?search=patient.drug.medicinalproduct%3A%22Rybelsus%22&count=patient.reaction.reactionmeddrapt.exact&limit=100
safety_tolerability,patient.reaction.reactionmeddrapt.exact,Rybelsus,"FAERS/openFDA spontaneous adverse-event report counts are reporting signals, not incidence or causality.",Rybelsus,HYPOGLYCAEMIA,57,fda_faers_quarterly,collected_openfda_faers_count,https://api.fda.gov/drug/event.json?search=patient.drug.medicinalproduct%3A%22Rybelsus%22&count=patient.reaction.reactionmeddrapt.exact&limit=100
safety_tolerability,patient.reaction.reactionmeddrapt.exact,Rybelsus,"FAERS/openFDA spontaneous adverse-event report counts are reporting signals, not incidence or causality.",Rybelsus,CHOLELITHIASIS,55,fda_faers_quarterly,collected_openfda_faers_count,https://api.fda.gov/drug/event.json?search=patient.drug.medicinalproduct%3A%22Rybelsus%22&count=patient.reaction.reactionmeddrapt.exact&limit=100
safety_tolerability,patient.reaction.reactionmeddrapt.exact,Rybelsus,"FAERS/openFDA spontaneous adverse-event report counts are reporting signals, not incidence or causality.",Rybelsus,EMOTIONAL DISTRESS,55,fda_faers_quarterly,collected_openfda_faers_count,https://api.fda.gov/drug/event.json?search=patient.drug.medicinalproduct%3A%22Rybelsus%22&count=patient.reaction.reactionmeddrapt.exact&limit=100
safety_tolerability,patient.reaction.reactionmeddrapt.exact,Rybelsus,"FAERS/openFDA spontaneous adverse-event report counts are reporting signals, not incidence or causality.",Rybelsus,ALOPECIA,53,fda_faers_quarterly,collected_openfda_faers_count,https://api.fda.gov/drug/event.json?search=patient.drug.medicinalproduct%3A%22Rybelsus%22&count=patient.reaction.reactionmeddrapt.exact&limit=100
safety_tolerability,patient.reaction.reactionmeddrapt.exact,Rybelsus,"FAERS/openFDA spontaneous adverse-event report counts are reporting signals, not incidence or causality.",Rybelsus,CHEST PAIN,53,fda_faers_quarterly,collected_openfda_faers_count,https://api.fda.gov/drug/event.json?search=patient.drug.medicinalproduct%3A%22Rybelsus%22&count=patient.reaction.reactionmeddrapt.exact&limit=100
safety_tolerability,patient.reaction.reactionmeddrapt.exact,Rybelsus,"FAERS/openFDA spontaneous adverse-event report counts are reporting signals, not incidence or causality.",Rybelsus,COUGH,53,fda_faers_quarterly,collected_openfda_faers_count,https://api.fda.gov/drug/event.json?search=patient.drug.medicinalproduct%3A%22Rybelsus%22&count=patient.reaction.reactionmeddrapt.exact&limit=100
safety_tolerability,patient.reaction.reactionmeddrapt.exact,Rybelsus,"FAERS/openFDA spontaneous adverse-event report counts are reporting signals, not incidence or causality.",Rybelsus,HYPOTENSION,53,fda_faers_quarterly,collected_openfda_faers_count,https://api.fda.gov/drug/event.json?search=patient.drug.medicinalproduct%3A%22Rybelsus%22&count=patient.reaction.reactionmeddrapt.exact&limit=100
safety_tolerability,patient.reaction.reactionmeddrapt.exact,Rybelsus,"FAERS/openFDA spontaneous adverse-event report counts are reporting signals, not incidence or causality.",Rybelsus,PYREXIA,53,fda_faers_quarterly,collected_openfda_faers_count,https://api.fda.gov/drug/event.json?search=patient.drug.medicinalproduct%3A%22Rybelsus%22&count=patient.reaction.reactionmeddrapt.exact&limit=100
safety_tolerability,patient.reaction.reactionmeddrapt.exact,Rybelsus,"FAERS/openFDA spontaneous adverse-event report counts are reporting signals, not incidence or causality.",Rybelsus,SUICIDAL IDEATION,53,fda_faers_quarterly,collected_openfda_faers_count,https://api.fda.gov/drug/event.json?search=patient.drug.medicinalproduct%3A%22Rybelsus%22&count=patient.reaction.reactionmeddrapt.exact&limit=100
safety_tolerability,patient.reaction.reactionmeddrapt.exact,Rybelsus,"FAERS/openFDA spontaneous adverse-event report counts are reporting signals, not incidence or causality.",Rybelsus,DIABETES MELLITUS INADEQUATE CONTROL,52,fda_faers_quarterly,collected_openfda_faers_count,https://api.fda.gov/drug/event.json?search=patient.drug.medicinalproduct%3A%22Rybelsus%22&count=patient.reaction.reactionmeddrapt.exact&limit=100
safety_tolerability,patient.reaction.reactionmeddrapt.exact,Rybelsus,"FAERS/openFDA spontaneous adverse-event report counts are reporting signals, not incidence or causality.",Rybelsus,MYALGIA,52,fda_faers_quarterly,collected_openfda_faers_count,https://api.fda.gov/drug/event.json?search=patient.drug.medicinalproduct%3A%22Rybelsus%22&count=patient.reaction.reactionmeddrapt.exact&limit=100
safety_tolerability,patient.reaction.reactionmeddrapt.exact,Rybelsus,"FAERS/openFDA spontaneous adverse-event report counts are reporting signals, not incidence or causality.",Rybelsus,DRUG INTOLERANCE,49,fda_faers_quarterly,collected_openfda_faers_count,https://api.fda.gov/drug/event.json?search=patient.drug.medicinalproduct%3A%22Rybelsus%22&count=patient.reaction.reactionmeddrapt.exact&limit=100
safety_tolerability,patient.reaction.reactionmeddrapt.exact,Rybelsus,"FAERS/openFDA spontaneous adverse-event report counts are reporting signals, not incidence or causality.",Rybelsus,HYPERSENSITIVITY,48,fda_faers_quarterly,collected_openfda_faers_count,https://api.fda.gov/drug/event.json?search=patient.drug.medicinalproduct%3A%22Rybelsus%22&count=patient.reaction.reactionmeddrapt.exact&limit=100
safety_tolerability,patient.reaction.reactionmeddrapt.exact,Rybelsus,"FAERS/openFDA spontaneous adverse-event report counts are reporting signals, not incidence or causality.",Rybelsus,URTICARIA,48,fda_faers_quarterly,collected_openfda_faers_count,https://api.fda.gov/drug/event.json?search=patient.drug.medicinalproduct%3A%22Rybelsus%22&count=patient.reaction.reactionmeddrapt.exact&limit=100
safety_tolerability,patient.reaction.reactionmeddrapt.exact,Rybelsus,"FAERS/openFDA spontaneous adverse-event report counts are reporting signals, not incidence or causality.",Rybelsus,GAIT DISTURBANCE,47,fda_faers_quarterly,collected_openfda_faers_count,https://api.fda.gov/drug/event.json?search=patient.drug.medicinalproduct%3A%22Rybelsus%22&count=patient.reaction.reactionmeddrapt.exact&limit=100
safety_tolerability,patient.reaction.reactionmeddrapt.exact,Rybelsus,"FAERS/openFDA spontaneous adverse-event report counts are reporting signals, not incidence or causality.",Rybelsus,HEART RATE INCREASED,47,fda_faers_quarterly,collected_openfda_faers_count,https://api.fda.gov/drug/event.json?search=patient.drug.medicinalproduct%3A%22Rybelsus%22&count=patient.reaction.reactionmeddrapt.exact&limit=100
safety_tolerability,patient.reaction.reactionmeddrapt.exact,Rybelsus,"FAERS/openFDA spontaneous adverse-event report counts are reporting signals, not incidence or causality.",Rybelsus,DYSPHAGIA,46,fda_faers_quarterly,collected_openfda_faers_count,https://api.fda.gov/drug/event.json?search=patient.drug.medicinalproduct%3A%22Rybelsus%22&count=patient.reaction.reactionmeddrapt.exact&limit=100
safety_tolerability,patient.reaction.reactionmeddrapt.exact,Rybelsus,"FAERS/openFDA spontaneous adverse-event report counts are reporting signals, not incidence or causality.",Rybelsus,TREMOR,46,fda_faers_quarterly,collected_openfda_faers_count,https://api.fda.gov/drug/event.json?search=patient.drug.medicinalproduct%3A%22Rybelsus%22&count=patient.reaction.reactionmeddrapt.exact&limit=100
safety_tolerability,patient.reaction.reactionmeddrapt.exact,Rybelsus,"FAERS/openFDA spontaneous adverse-event report counts are reporting signals, not incidence or causality.",Rybelsus,HYPERHIDROSIS,44,fda_faers_quarterly,collected_openfda_faers_count,https://api.fda.gov/drug/event.json?search=patient.drug.medicinalproduct%3A%22Rybelsus%22&count=patient.reaction.reactionmeddrapt.exact&limit=100
safety_tolerability,patient.reaction.reactionmeddrapt.exact,Rybelsus,"FAERS/openFDA spontaneous adverse-event report counts are reporting signals, not incidence or causality.",Rybelsus,MUSCLE SPASMS,44,fda_faers_quarterly,collected_openfda_faers_count,https://api.fda.gov/drug/event.json?search=patient.drug.medicinalproduct%3A%22Rybelsus%22&count=patient.reaction.reactionmeddrapt.exact&limit=100
safety_tolerability,patient.reaction.reactionmeddrapt.exact,Rybelsus,"FAERS/openFDA spontaneous adverse-event report counts are reporting signals, not incidence or causality.",Rybelsus,ADVERSE DRUG REACTION,43,fda_faers_quarterly,collected_openfda_faers_count,https://api.fda.gov/drug/event.json?search=patient.drug.medicinalproduct%3A%22Rybelsus%22&count=patient.reaction.reactionmeddrapt.exact&limit=100
safety_tolerability,patient.reaction.reactionmeddrapt.exact,Rybelsus,"FAERS/openFDA spontaneous adverse-event report counts are reporting signals, not incidence or causality.",Rybelsus,DRY MOUTH,43,fda_faers_quarterly,collected_openfda_faers_count,https://api.fda.gov/drug/event.json?search=patient.drug.medicinalproduct%3A%22Rybelsus%22&count=patient.reaction.reactionmeddrapt.exact&limit=100
safety_tolerability,patient.reaction.reactionmeddrapt.exact,Rybelsus,"FAERS/openFDA spontaneous adverse-event report counts are reporting signals, not incidence or causality.",Rybelsus,ARTHRITIS,42,fda_faers_quarterly,collected_openfda_faers_count,https://api.fda.gov/drug/event.json?search=patient.drug.medicinalproduct%3A%22Rybelsus%22&count=patient.reaction.reactionmeddrapt.exact&limit=100
safety_tolerability,patient.reaction.reactionmeddrapt.exact,Rybelsus,"FAERS/openFDA spontaneous adverse-event report counts are reporting signals, not incidence or causality.",Rybelsus,CHILLS,42,fda_faers_quarterly,collected_openfda_faers_count,https://api.fda.gov/drug/event.json?search=patient.drug.medicinalproduct%3A%22Rybelsus%22&count=patient.reaction.reactionmeddrapt.exact&limit=100
safety_tolerability,patient.reaction.reactionmeddrapt.exact,Rybelsus,"FAERS/openFDA spontaneous adverse-event report counts are reporting signals, not incidence or causality.",Rybelsus,HYPOAESTHESIA,42,fda_faers_quarterly,collected_openfda_faers_count,https://api.fda.gov/drug/event.json?search=patient.drug.medicinalproduct%3A%22Rybelsus%22&count=patient.reaction.reactionmeddrapt.exact&limit=100
safety_tolerability,patient.reaction.reactionmeddrapt.exact,Rybelsus,"FAERS/openFDA spontaneous adverse-event report counts are reporting signals, not incidence or causality.",Rybelsus,MUSCULAR WEAKNESS,41,fda_faers_quarterly,collected_openfda_faers_count,https://api.fda.gov/drug/event.json?search=patient.drug.medicinalproduct%3A%22Rybelsus%22&count=patient.reaction.reactionmeddrapt.exact&limit=100
safety_tolerability,patient.reaction.reactionmeddrapt.exact,Rybelsus,"FAERS/openFDA spontaneous adverse-event report counts are reporting signals, not incidence or causality.",Rybelsus,PALPITATIONS,41,fda_faers_quarterly,collected_openfda_faers_count,https://api.fda.gov/drug/event.json?search=patient.drug.medicinalproduct%3A%22Rybelsus%22&count=patient.reaction.reactionmeddrapt.exact&limit=100
safety_tolerability,patient.reaction.reactionmeddrapt.exact,Rybelsus,"FAERS/openFDA spontaneous adverse-event report counts are reporting signals, not incidence or causality.",Rybelsus,POLLAKIURIA,41,fda_faers_quarterly,collected_openfda_faers_count,https://api.fda.gov/drug/event.json?search=patient.drug.medicinalproduct%3A%22Rybelsus%22&count=patient.reaction.reactionmeddrapt.exact&limit=100
safety_tolerability,patient.reaction.reactionmeddrapt.exact,Rybelsus,"FAERS/openFDA spontaneous adverse-event report counts are reporting signals, not incidence or causality.",Rybelsus,NASOPHARYNGITIS,40,fda_faers_quarterly,collected_openfda_faers_count,https://api.fda.gov/drug/event.json?search=patient.drug.medicinalproduct%3A%22Rybelsus%22&count=patient.reaction.reactionmeddrapt.exact&limit=100
safety_tolerability,patient.reaction.reactionmeddrapt.exact,Rybelsus,"FAERS/openFDA spontaneous adverse-event report counts are reporting signals, not incidence or causality.",Rybelsus,PANCREATIC CARCINOMA,40,fda_faers_quarterly,collected_openfda_faers_count,https://api.fda.gov/drug/event.json?search=patient.drug.medicinalproduct%3A%22Rybelsus%22&count=patient.reaction.reactionmeddrapt.exact&limit=100
safety_tolerability,patient.reaction.reactionmeddrapt.exact,Rybelsus,"FAERS/openFDA spontaneous adverse-event report counts are reporting signals, not incidence or causality.",Rybelsus,SYNCOPE,40,fda_faers_quarterly,collected_openfda_faers_count,https://api.fda.gov/drug/event.json?search=patient.drug.medicinalproduct%3A%22Rybelsus%22&count=patient.reaction.reactionmeddrapt.exact&limit=100
safety_tolerability,patient.reaction.reactionmeddrapt.exact,Rybelsus,"FAERS/openFDA spontaneous adverse-event report counts are reporting signals, not incidence or causality.",Rybelsus,INJECTION SITE PAIN,39,fda_faers_quarterly,collected_openfda_faers_count,https://api.fda.gov/drug/event.json?search=patient.drug.medicinalproduct%3A%22Rybelsus%22&count=patient.reaction.reactionmeddrapt.exact&limit=100
safety_tolerability,patient.reaction.reactionmeddrapt.exact,Rybelsus,"FAERS/openFDA spontaneous adverse-event report counts are reporting signals, not incidence or causality.",Rybelsus,LETHARGY,39,fda_faers_quarterly,collected_openfda_faers_count,https://api.fda.gov/drug/event.json?search=patient.drug.medicinalproduct%3A%22Rybelsus%22&count=patient.reaction.reactionmeddrapt.exact&limit=100
safety_tolerability,patient.reaction.reactionmeddrapt.exact,Rybelsus,"FAERS/openFDA spontaneous adverse-event report counts are reporting signals, not incidence or causality.",Rybelsus,LACTIC ACIDOSIS,38,fda_faers_quarterly,collected_openfda_faers_count,https://api.fda.gov/drug/event.json?search=patient.drug.medicinalproduct%3A%22Rybelsus%22&count=patient.reaction.reactionmeddrapt.exact&limit=100
safety_tolerability,patient.reaction.reactionmeddrapt.exact,Rybelsus,"FAERS/openFDA spontaneous adverse-event report counts are reporting signals, not incidence or causality.",Rybelsus,PNEUMONIA,38,fda_faers_quarterly,collected_openfda_faers_count,https://api.fda.gov/drug/event.json?search=patient.drug.medicinalproduct%3A%22Rybelsus%22&count=patient.reaction.reactionmeddrapt.exact&limit=100
safety_tolerability,patient.reaction.reactionmeddrapt.exact,Rybelsus,"FAERS/openFDA spontaneous adverse-event report counts are reporting signals, not incidence or causality.",Rybelsus,ATRIAL FIBRILLATION,37,fda_faers_quarterly,collected_openfda_faers_count,https://api.fda.gov/drug/event.json?search=patient.drug.medicinalproduct%3A%22Rybelsus%22&count=patient.reaction.reactionmeddrapt.exact&limit=100
safety_tolerability,patient.reaction.reactionmeddrapt.exact,Zepbound,"FAERS/openFDA spontaneous adverse-event report counts are reporting signals, not incidence or causality.",Zepbound,INCORRECT DOSE ADMINISTERED,11413,fda_faers_quarterly,collected_openfda_faers_count,https://api.fda.gov/drug/event.json?search=patient.drug.medicinalproduct%3A%22Zepbound%22&count=patient.reaction.reactionmeddrapt.exact&limit=100
safety_tolerability,patient.reaction.reactionmeddrapt.exact,Zepbound,"FAERS/openFDA spontaneous adverse-event report counts are reporting signals, not incidence or causality.",Zepbound,NAUSEA,5407,fda_faers_quarterly,collected_openfda_faers_count,https://api.fda.gov/drug/event.json?search=patient.drug.medicinalproduct%3A%22Zepbound%22&count=patient.reaction.reactionmeddrapt.exact&limit=100
safety_tolerability,patient.reaction.reactionmeddrapt.exact,Zepbound,"FAERS/openFDA spontaneous adverse-event report counts are reporting signals, not incidence or causality.",Zepbound,INJECTION SITE PAIN,4299,fda_faers_quarterly,collected_openfda_faers_count,https://api.fda.gov/drug/event.json?search=patient.drug.medicinalproduct%3A%22Zepbound%22&count=patient.reaction.reactionmeddrapt.exact&limit=100
safety_tolerability,patient.reaction.reactionmeddrapt.exact,Zepbound,"FAERS/openFDA spontaneous adverse-event report counts are reporting signals, not incidence or causality.",Zepbound,EXTRA DOSE ADMINISTERED,3993,fda_faers_quarterly,collected_openfda_faers_count,https://api.fda.gov/drug/event.json?search=patient.drug.medicinalproduct%3A%22Zepbound%22&count=patient.reaction.reactionmeddrapt.exact&limit=100
safety_tolerability,patient.reaction.reactionmeddrapt.exact,Zepbound,"FAERS/openFDA spontaneous adverse-event report counts are reporting signals, not incidence or causality.",Zepbound,DRUG INEFFECTIVE,3230,fda_faers_quarterly,collected_openfda_faers_count,https://api.fda.gov/drug/event.json?search=patient.drug.medicinalproduct%3A%22Zepbound%22&count=patient.reaction.reactionmeddrapt.exact&limit=100
safety_tolerability,patient.reaction.reactionmeddrapt.exact,Zepbound,"FAERS/openFDA spontaneous adverse-event report counts are reporting signals, not incidence or causality.",Zepbound,DIARRHOEA,2938,fda_faers_quarterly,collected_openfda_faers_count,https://api.fda.gov/drug/event.json?search=patient.drug.medicinalproduct%3A%22Zepbound%22&count=patient.reaction.reactionmeddrapt.exact&limit=100
safety_tolerability,patient.reaction.reactionmeddrapt.exact,Zepbound,"FAERS/openFDA spontaneous adverse-event report counts are reporting signals, not incidence or causality.",Zepbound,ACCIDENTAL UNDERDOSE,2604,fda_faers_quarterly,collected_openfda_faers_count,https://api.fda.gov/drug/event.json?search=patient.drug.medicinalproduct%3A%22Zepbound%22&count=patient.reaction.reactionmeddrapt.exact&limit=100
safety_tolerability,patient.reaction.reactionmeddrapt.exact,Zepbound,"FAERS/openFDA spontaneous adverse-event report counts are reporting signals, not incidence or causality.",Zepbound,VOMITING,2277,fda_faers_quarterly,collected_openfda_faers_count,https://api.fda.gov/drug/event.json?search=patient.drug.medicinalproduct%3A%22Zepbound%22&count=patient.reaction.reactionmeddrapt.exact&limit=100
safety_tolerability,patient.reaction.reactionmeddrapt.exact,Zepbound,"FAERS/openFDA spontaneous adverse-event report counts are reporting signals, not incidence or causality.",Zepbound,CONSTIPATION,1971,fda_faers_quarterly,collected_openfda_faers_count,https://api.fda.gov/drug/event.json?search=patient.drug.medicinalproduct%3A%22Zepbound%22&count=patient.reaction.reactionmeddrapt.exact&limit=100
safety_tolerability,patient.reaction.reactionmeddrapt.exact,Zepbound,"FAERS/openFDA spontaneous adverse-event report counts are reporting signals, not incidence or causality.",Zepbound,THERAPEUTIC RESPONSE CHANGED,1862,fda_faers_quarterly,collected_openfda_faers_count,https://api.fda.gov/drug/event.json?search=patient.drug.medicinalproduct%3A%22Zepbound%22&count=patient.reaction.reactionmeddrapt.exact&limit=100
safety_tolerability,patient.reaction.reactionmeddrapt.exact,Zepbound,"FAERS/openFDA spontaneous adverse-event report counts are reporting signals, not incidence or causality.",Zepbound,INJECTION SITE ERYTHEMA,1820,fda_faers_quarterly,collected_openfda_faers_count,https://api.fda.gov/drug/event.json?search=patient.drug.medicinalproduct%3A%22Zepbound%22&count=patient.reaction.reactionmeddrapt.exact&limit=100
safety_tolerability,patient.reaction.reactionmeddrapt.exact,Zepbound,"FAERS/openFDA spontaneous adverse-event report counts are reporting signals, not incidence or causality.",Zepbound,FATIGUE,1615,fda_faers_quarterly,collected_openfda_faers_count,https://api.fda.gov/drug/event.json?search=patient.drug.medicinalproduct%3A%22Zepbound%22&count=patient.reaction.reactionmeddrapt.exact&limit=100
safety_tolerability,patient.reaction.reactionmeddrapt.exact,Zepbound,"FAERS/openFDA spontaneous adverse-event report counts are reporting signals, not incidence or causality.",Zepbound,INJECTION SITE HAEMORRHAGE,1580,fda_faers_quarterly,collected_openfda_faers_count,https://api.fda.gov/drug/event.json?search=patient.drug.medicinalproduct%3A%22Zepbound%22&count=patient.reaction.reactionmeddrapt.exact&limit=100
safety_tolerability,patient.reaction.reactionmeddrapt.exact,Zepbound,"FAERS/openFDA spontaneous adverse-event report counts are reporting signals, not incidence or causality.",Zepbound,INJECTION SITE BRUISING,1293,fda_faers_quarterly,collected_openfda_faers_count,https://api.fda.gov/drug/event.json?search=patient.drug.medicinalproduct%3A%22Zepbound%22&count=patient.reaction.reactionmeddrapt.exact&limit=100
safety_tolerability,patient.reaction.reactionmeddrapt.exact,Zepbound,"FAERS/openFDA spontaneous adverse-event report counts are reporting signals, not incidence or causality.",Zepbound,WEIGHT INCREASED,1286,fda_faers_quarterly,collected_openfda_faers_count,https://api.fda.gov/drug/event.json?search=patient.drug.medicinalproduct%3A%22Zepbound%22&count=patient.reaction.reactionmeddrapt.exact&limit=100
safety_tolerability,patient.reaction.reactionmeddrapt.exact,Zepbound,"FAERS/openFDA spontaneous adverse-event report counts are reporting signals, not incidence or causality.",Zepbound,PRODUCT DOSE OMISSION ISSUE,1272,fda_faers_quarterly,collected_openfda_faers_count,https://api.fda.gov/drug/event.json?search=patient.drug.medicinalproduct%3A%22Zepbound%22&count=patient.reaction.reactionmeddrapt.exact&limit=100
safety_tolerability,patient.reaction.reactionmeddrapt.exact,Zepbound,"FAERS/openFDA spontaneous adverse-event report counts are reporting signals, not incidence or causality.",Zepbound,INJECTION SITE REACTION,1172,fda_faers_quarterly,collected_openfda_faers_count,https://api.fda.gov/drug/event.json?search=patient.drug.medicinalproduct%3A%22Zepbound%22&count=patient.reaction.reactionmeddrapt.exact&limit=100
safety_tolerability,patient.reaction.reactionmeddrapt.exact,Zepbound,"FAERS/openFDA spontaneous adverse-event report counts are reporting signals, not incidence or causality.",Zepbound,ABDOMINAL PAIN UPPER,1136,fda_faers_quarterly,collected_openfda_faers_count,https://api.fda.gov/drug/event.json?search=patient.drug.medicinalproduct%3A%22Zepbound%22&count=patient.reaction.reactionmeddrapt.exact&limit=100
safety_tolerability,patient.reaction.reactionmeddrapt.exact,Zepbound,"FAERS/openFDA spontaneous adverse-event report counts are reporting signals, not incidence or causality.",Zepbound,ALOPECIA,1128,fda_faers_quarterly,collected_openfda_faers_count,https://api.fda.gov/drug/event.json?search=patient.drug.medicinalproduct%3A%22Zepbound%22&count=patient.reaction.reactionmeddrapt.exact&limit=100
safety_tolerability,patient.reaction.reactionmeddrapt.exact,Zepbound,"FAERS/openFDA spontaneous adverse-event report counts are reporting signals, not incidence or causality.",Zepbound,HEADACHE,1085,fda_faers_quarterly,collected_openfda_faers_count,https://api.fda.gov/drug/event.json?search=patient.drug.medicinalproduct%3A%22Zepbound%22&count=patient.reaction.reactionmeddrapt.exact&limit=100
safety_tolerability,patient.reaction.reactionmeddrapt.exact,Zepbound,"FAERS/openFDA spontaneous adverse-event report counts are reporting signals, not incidence or causality.",Zepbound,INJECTION SITE PRURITUS,1046,fda_faers_quarterly,collected_openfda_faers_count,https://api.fda.gov/drug/event.json?search=patient.drug.medicinalproduct%3A%22Zepbound%22&count=patient.reaction.reactionmeddrapt.exact&limit=100
safety_tolerability,patient.reaction.reactionmeddrapt.exact,Zepbound,"FAERS/openFDA spontaneous adverse-event report counts are reporting signals, not incidence or causality.",Zepbound,ERUCTATION,965,fda_faers_quarterly,collected_openfda_faers_count,https://api.fda.gov/drug/event.json?search=patient.drug.medicinalproduct%3A%22Zepbound%22&count=patient.reaction.reactionmeddrapt.exact&limit=100
safety_tolerability,patient.reaction.reactionmeddrapt.exact,Zepbound,"FAERS/openFDA spontaneous adverse-event report counts are reporting signals, not incidence or causality.",Zepbound,DYSPEPSIA,901,fda_faers_quarterly,collected_openfda_faers_count,https://api.fda.gov/drug/event.json?search=patient.drug.medicinalproduct%3A%22Zepbound%22&count=patient.reaction.reactionmeddrapt.exact&limit=100
safety_tolerability,patient.reaction.reactionmeddrapt.exact,Zepbound,"FAERS/openFDA spontaneous adverse-event report counts are reporting signals, not incidence or causality.",Zepbound,OFF LABEL USE,895,fda_faers_quarterly,collected_openfda_faers_count,https://api.fda.gov/drug/event.json?search=patient.drug.medicinalproduct%3A%22Zepbound%22&count=patient.reaction.reactionmeddrapt.exact&limit=100
safety_tolerability,patient.reaction.reactionmeddrapt.exact,Zepbound,"FAERS/openFDA spontaneous adverse-event report counts are reporting signals, not incidence or causality.",Zepbound,DIZZINESS,865,fda_faers_quarterly,collected_openfda_faers_count,https://api.fda.gov/drug/event.json?search=patient.drug.medicinalproduct%3A%22Zepbound%22&count=patient.reaction.reactionmeddrapt.exact&limit=100
safety_tolerability,patient.reaction.reactionmeddrapt.exact,Zepbound,"FAERS/openFDA spontaneous adverse-event report counts are reporting signals, not incidence or causality.",Zepbound,ILLNESS,861,fda_faers_quarterly,collected_openfda_faers_count,https://api.fda.gov/drug/event.json?search=patient.drug.medicinalproduct%3A%22Zepbound%22&count=patient.reaction.reactionmeddrapt.exact&limit=100
safety_tolerability,patient.reaction.reactionmeddrapt.exact,Zepbound,"FAERS/openFDA spontaneous adverse-event report counts are reporting signals, not incidence or causality.",Zepbound,HUNGER,763,fda_faers_quarterly,collected_openfda_faers_count,https://api.fda.gov/drug/event.json?search=patient.drug.medicinalproduct%3A%22Zepbound%22&count=patient.reaction.reactionmeddrapt.exact&limit=100
safety_tolerability,patient.reaction.reactionmeddrapt.exact,Zepbound,"FAERS/openFDA spontaneous adverse-event report counts are reporting signals, not incidence or causality.",Zepbound,ABDOMINAL DISCOMFORT,730,fda_faers_quarterly,collected_openfda_faers_count,https://api.fda.gov/drug/event.json?search=patient.drug.medicinalproduct%3A%22Zepbound%22&count=patient.reaction.reactionmeddrapt.exact&limit=100
safety_tolerability,patient.reaction.reactionmeddrapt.exact,Zepbound,"FAERS/openFDA spontaneous adverse-event report counts are reporting signals, not incidence or causality.",Zepbound,INJECTION SITE RASH,705,fda_faers_quarterly,collected_openfda_faers_count,https://api.fda.gov/drug/event.json?search=patient.drug.medicinalproduct%3A%22Zepbound%22&count=patient.reaction.reactionmeddrapt.exact&limit=100
safety_tolerability,patient.reaction.reactionmeddrapt.exact,Zepbound,"FAERS/openFDA spontaneous adverse-event report counts are reporting signals, not incidence or causality.",Zepbound,ACCIDENTAL OVERDOSE,641,fda_faers_quarterly,collected_openfda_faers_count,https://api.fda.gov/drug/event.json?search=patient.drug.medicinalproduct%3A%22Zepbound%22&count=patient.reaction.reactionmeddrapt.exact&limit=100
safety_tolerability,patient.reaction.reactionmeddrapt.exact,Zepbound,"FAERS/openFDA spontaneous adverse-event report counts are reporting signals, not incidence or causality.",Zepbound,GASTROOESOPHAGEAL REFLUX DISEASE,622,fda_faers_quarterly,collected_openfda_faers_count,https://api.fda.gov/drug/event.json?search=patient.drug.medicinalproduct%3A%22Zepbound%22&count=patient.reaction.reactionmeddrapt.exact&limit=100
safety_tolerability,patient.reaction.reactionmeddrapt.exact,Zepbound,"FAERS/openFDA spontaneous adverse-event report counts are reporting signals, not incidence or causality.",Zepbound,WRONG TECHNIQUE IN PRODUCT USAGE PROCESS,602,fda_faers_quarterly,collected_openfda_faers_count,https://api.fda.gov/drug/event.json?search=patient.drug.medicinalproduct%3A%22Zepbound%22&count=patient.reaction.reactionmeddrapt.exact&limit=100
safety_tolerability,patient.reaction.reactionmeddrapt.exact,Zepbound,"FAERS/openFDA spontaneous adverse-event report counts are reporting signals, not incidence or causality.",Zepbound,INJECTION SITE INJURY,560,fda_faers_quarterly,collected_openfda_faers_count,https://api.fda.gov/drug/event.json?search=patient.drug.medicinalproduct%3A%22Zepbound%22&count=patient.reaction.reactionmeddrapt.exact&limit=100
safety_tolerability,patient.reaction.reactionmeddrapt.exact,Zepbound,"FAERS/openFDA spontaneous adverse-event report counts are reporting signals, not incidence or causality.",Zepbound,MALAISE,560,fda_faers_quarterly,collected_openfda_faers_count,https://api.fda.gov/drug/event.json?search=patient.drug.medicinalproduct%3A%22Zepbound%22&count=patient.reaction.reactionmeddrapt.exact&limit=100
safety_tolerability,patient.reaction.reactionmeddrapt.exact,Zepbound,"FAERS/openFDA spontaneous adverse-event report counts are reporting signals, not incidence or causality.",Zepbound,INJECTION SITE SWELLING,551,fda_faers_quarterly,collected_openfda_faers_count,https://api.fda.gov/drug/event.json?search=patient.drug.medicinalproduct%3A%22Zepbound%22&count=patient.reaction.reactionmeddrapt.exact&limit=100
safety_tolerability,patient.reaction.reactionmeddrapt.exact,Zepbound,"FAERS/openFDA spontaneous adverse-event report counts are reporting signals, not incidence or causality.",Zepbound,INJECTION SITE MASS,544,fda_faers_quarterly,collected_openfda_faers_count,https://api.fda.gov/drug/event.json?search=patient.drug.medicinalproduct%3A%22Zepbound%22&count=patient.reaction.reactionmeddrapt.exact&limit=100
safety_tolerability,patient.reaction.reactionmeddrapt.exact,Zepbound,"FAERS/openFDA spontaneous adverse-event report counts are reporting signals, not incidence or causality.",Zepbound,PAIN,544,fda_faers_quarterly,collected_openfda_faers_count,https://api.fda.gov/drug/event.json?search=patient.drug.medicinalproduct%3A%22Zepbound%22&count=patient.reaction.reactionmeddrapt.exact&limit=100
safety_tolerability,patient.reaction.reactionmeddrapt.exact,Zepbound,"FAERS/openFDA spontaneous adverse-event report counts are reporting signals, not incidence or causality.",Zepbound,ABDOMINAL DISTENSION,540,fda_faers_quarterly,collected_openfda_faers_count,https://api.fda.gov/drug/event.json?search=patient.drug.medicinalproduct%3A%22Zepbound%22&count=patient.reaction.reactionmeddrapt.exact&limit=100
safety_tolerability,patient.reaction.reactionmeddrapt.exact,Zepbound,"FAERS/openFDA spontaneous adverse-event report counts are reporting signals, not incidence or causality.",Zepbound,DECREASED APPETITE,530,fda_faers_quarterly,collected_openfda_faers_count,https://api.fda.gov/drug/event.json?search=patient.drug.medicinalproduct%3A%22Zepbound%22&count=patient.reaction.reactionmeddrapt.exact&limit=100
safety_tolerability,patient.reaction.reactionmeddrapt.exact,Zepbound,"FAERS/openFDA spontaneous adverse-event report counts are reporting signals, not incidence or causality.",Zepbound,ABDOMINAL PAIN,484,fda_faers_quarterly,collected_openfda_faers_count,https://api.fda.gov/drug/event.json?search=patient.drug.medicinalproduct%3A%22Zepbound%22&count=patient.reaction.reactionmeddrapt.exact&limit=100
safety_tolerability,patient.reaction.reactionmeddrapt.exact,Zepbound,"FAERS/openFDA spontaneous adverse-event report counts are reporting signals, not incidence or causality.",Zepbound,FLATULENCE,479,fda_faers_quarterly,collected_openfda_faers_count,https://api.fda.gov/drug/event.json?search=patient.drug.medicinalproduct%3A%22Zepbound%22&count=patient.reaction.reactionmeddrapt.exact&limit=100
safety_tolerability,patient.reaction.reactionmeddrapt.exact,Zepbound,"FAERS/openFDA spontaneous adverse-event report counts are reporting signals, not incidence or causality.",Zepbound,ASTHENIA,476,fda_faers_quarterly,collected_openfda_faers_count,https://api.fda.gov/drug/event.json?search=patient.drug.medicinalproduct%3A%22Zepbound%22&count=patient.reaction.reactionmeddrapt.exact&limit=100
safety_tolerability,patient.reaction.reactionmeddrapt.exact,Zepbound,"FAERS/openFDA spontaneous adverse-event report counts are reporting signals, not incidence or causality.",Zepbound,PRODUCT STORAGE ERROR,466,fda_faers_quarterly,collected_openfda_faers_count,https://api.fda.gov/drug/event.json?search=patient.drug.medicinalproduct%3A%22Zepbound%22&count=patient.reaction.reactionmeddrapt.exact&limit=100
safety_tolerability,patient.reaction.reactionmeddrapt.exact,Zepbound,"FAERS/openFDA spontaneous adverse-event report counts are reporting signals, not incidence or causality.",Zepbound,FEELING ABNORMAL,460,fda_faers_quarterly,collected_openfda_faers_count,https://api.fda.gov/drug/event.json?search=patient.drug.medicinalproduct%3A%22Zepbound%22&count=patient.reaction.reactionmeddrapt.exact&limit=100
safety_tolerability,patient.reaction.reactionmeddrapt.exact,Zepbound,"FAERS/openFDA spontaneous adverse-event report counts are reporting signals, not incidence or causality.",Zepbound,DEHYDRATION,456,fda_faers_quarterly,collected_openfda_faers_count,https://api.fda.gov/drug/event.json?search=patient.drug.medicinalproduct%3A%22Zepbound%22&count=patient.reaction.reactionmeddrapt.exact&limit=100
safety_tolerability,patient.reaction.reactionmeddrapt.exact,Zepbound,"FAERS/openFDA spontaneous adverse-event report counts are reporting signals, not incidence or causality.",Zepbound,GASTROINTESTINAL DISORDER,450,fda_faers_quarterly,collected_openfda_faers_count,https://api.fda.gov/drug/event.json?search=patient.drug.medicinalproduct%3A%22Zepbound%22&count=patient.reaction.reactionmeddrapt.exact&limit=100
safety_tolerability,patient.reaction.reactionmeddrapt.exact,Zepbound,"FAERS/openFDA spontaneous adverse-event report counts are reporting signals, not incidence or causality.",Zepbound,INTERCEPTED PRODUCT DISPENSING ERROR,450,fda_faers_quarterly,collected_openfda_faers_count,https://api.fda.gov/drug/event.json?search=patient.drug.medicinalproduct%3A%22Zepbound%22&count=patient.reaction.reactionmeddrapt.exact&limit=100
safety_tolerability,patient.reaction.reactionmeddrapt.exact,Zepbound,"FAERS/openFDA spontaneous adverse-event report counts are reporting signals, not incidence or causality.",Zepbound,PRODUCT ADMINISTERED AT INAPPROPRIATE SITE,413,fda_faers_quarterly,collected_openfda_faers_count,https://api.fda.gov/drug/event.json?search=patient.drug.medicinalproduct%3A%22Zepbound%22&count=patient.reaction.reactionmeddrapt.exact&limit=100
safety_tolerability,patient.reaction.reactionmeddrapt.exact,Zepbound,"FAERS/openFDA spontaneous adverse-event report counts are reporting signals, not incidence or causality.",Zepbound,INJECTION SITE URTICARIA,411,fda_faers_quarterly,collected_openfda_faers_count,https://api.fda.gov/drug/event.json?search=patient.drug.medicinalproduct%3A%22Zepbound%22&count=patient.reaction.reactionmeddrapt.exact&limit=100
safety_tolerability,patient.reaction.reactionmeddrapt.exact,Zepbound,"FAERS/openFDA spontaneous adverse-event report counts are reporting signals, not incidence or causality.",Zepbound,INCREASED APPETITE,391,fda_faers_quarterly,collected_openfda_faers_count,https://api.fda.gov/drug/event.json?search=patient.drug.medicinalproduct%3A%22Zepbound%22&count=patient.reaction.reactionmeddrapt.exact&limit=100
safety_tolerability,patient.reaction.reactionmeddrapt.exact,Zepbound,"FAERS/openFDA spontaneous adverse-event report counts are reporting signals, not incidence or causality.",Zepbound,UNDERDOSE,390,fda_faers_quarterly,collected_openfda_faers_count,https://api.fda.gov/drug/event.json?search=patient.drug.medicinalproduct%3A%22Zepbound%22&count=patient.reaction.reactionmeddrapt.exact&limit=100
safety_tolerability,patient.reaction.reactionmeddrapt.exact,Zepbound,"FAERS/openFDA spontaneous adverse-event report counts are reporting signals, not incidence or causality.",Zepbound,ANXIETY,387,fda_faers_quarterly,collected_openfda_faers_count,https://api.fda.gov/drug/event.json?search=patient.drug.medicinalproduct%3A%22Zepbound%22&count=patient.reaction.reactionmeddrapt.exact&limit=100
safety_tolerability,patient.reaction.reactionmeddrapt.exact,Zepbound,"FAERS/openFDA spontaneous adverse-event report counts are reporting signals, not incidence or causality.",Zepbound,PRODUCT DISPENSING ERROR,379,fda_faers_quarterly,collected_openfda_faers_count,https://api.fda.gov/drug/event.json?search=patient.drug.medicinalproduct%3A%22Zepbound%22&count=patient.reaction.reactionmeddrapt.exact&limit=100
safety_tolerability,patient.reaction.reactionmeddrapt.exact,Zepbound,"FAERS/openFDA spontaneous adverse-event report counts are reporting signals, not incidence or causality.",Zepbound,RASH,376,fda_faers_quarterly,collected_openfda_faers_count,https://api.fda.gov/drug/event.json?search=patient.drug.medicinalproduct%3A%22Zepbound%22&count=patient.reaction.reactionmeddrapt.exact&limit=100
safety_tolerability,patient.reaction.reactionmeddrapt.exact,Zepbound,"FAERS/openFDA spontaneous adverse-event report counts are reporting signals, not incidence or causality.",Zepbound,INSOMNIA,371,fda_faers_quarterly,collected_openfda_faers_count,https://api.fda.gov/drug/event.json?search=patient.drug.medicinalproduct%3A%22Zepbound%22&count=patient.reaction.reactionmeddrapt.exact&limit=100
safety_tolerability,patient.reaction.reactionmeddrapt.exact,Zepbound,"FAERS/openFDA spontaneous adverse-event report counts are reporting signals, not incidence or causality.",Zepbound,PRURITUS,362,fda_faers_quarterly,collected_openfda_faers_count,https://api.fda.gov/drug/event.json?search=patient.drug.medicinalproduct%3A%22Zepbound%22&count=patient.reaction.reactionmeddrapt.exact&limit=100
safety_tolerability,patient.reaction.reactionmeddrapt.exact,Zepbound,"FAERS/openFDA spontaneous adverse-event report counts are reporting signals, not incidence or causality.",Zepbound,INJURY ASSOCIATED WITH DEVICE,361,fda_faers_quarterly,collected_openfda_faers_count,https://api.fda.gov/drug/event.json?search=patient.drug.medicinalproduct%3A%22Zepbound%22&count=patient.reaction.reactionmeddrapt.exact&limit=100
safety_tolerability,patient.reaction.reactionmeddrapt.exact,Zepbound,"FAERS/openFDA spontaneous adverse-event report counts are reporting signals, not incidence or causality.",Zepbound,HYPERSENSITIVITY,353,fda_faers_quarterly,collected_openfda_faers_count,https://api.fda.gov/drug/event.json?search=patient.drug.medicinalproduct%3A%22Zepbound%22&count=patient.reaction.reactionmeddrapt.exact&limit=100
safety_tolerability,patient.reaction.reactionmeddrapt.exact,Zepbound,"FAERS/openFDA spontaneous adverse-event report counts are reporting signals, not incidence or causality.",Zepbound,MATERNAL EXPOSURE DURING PREGNANCY,321,fda_faers_quarterly,collected_openfda_faers_count,https://api.fda.gov/drug/event.json?search=patient.drug.medicinalproduct%3A%22Zepbound%22&count=patient.reaction.reactionmeddrapt.exact&limit=100
safety_tolerability,patient.reaction.reactionmeddrapt.exact,Zepbound,"FAERS/openFDA spontaneous adverse-event report counts are reporting signals, not incidence or causality.",Zepbound,FEEDING DISORDER,316,fda_faers_quarterly,collected_openfda_faers_count,https://api.fda.gov/drug/event.json?search=patient.drug.medicinalproduct%3A%22Zepbound%22&count=patient.reaction.reactionmeddrapt.exact&limit=100
safety_tolerability,patient.reaction.reactionmeddrapt.exact,Zepbound,"FAERS/openFDA spontaneous adverse-event report counts are reporting signals, not incidence or causality.",Zepbound,INTERCEPTED PRODUCT SELECTION ERROR,281,fda_faers_quarterly,collected_openfda_faers_count,https://api.fda.gov/drug/event.json?search=patient.drug.medicinalproduct%3A%22Zepbound%22&count=patient.reaction.reactionmeddrapt.exact&limit=100
safety_tolerability,patient.reaction.reactionmeddrapt.exact,Zepbound,"FAERS/openFDA spontaneous adverse-event report counts are reporting signals, not incidence or causality.",Zepbound,NASOPHARYNGITIS,280,fda_faers_quarterly,collected_openfda_faers_count,https://api.fda.gov/drug/event.json?search=patient.drug.medicinalproduct%3A%22Zepbound%22&count=patient.reaction.reactionmeddrapt.exact&limit=100
safety_tolerability,patient.reaction.reactionmeddrapt.exact,Zepbound,"FAERS/openFDA spontaneous adverse-event report counts are reporting signals, not incidence or causality.",Zepbound,INJECTION SITE HYPERSENSITIVITY,273,fda_faers_quarterly,collected_openfda_faers_count,https://api.fda.gov/drug/event.json?search=patient.drug.medicinalproduct%3A%22Zepbound%22&count=patient.reaction.reactionmeddrapt.exact&limit=100
safety_tolerability,patient.reaction.reactionmeddrapt.exact,Zepbound,"FAERS/openFDA spontaneous adverse-event report counts are reporting signals, not incidence or causality.",Zepbound,COUGH,272,fda_faers_quarterly,collected_openfda_faers_count,https://api.fda.gov/drug/event.json?search=patient.drug.medicinalproduct%3A%22Zepbound%22&count=patient.reaction.reactionmeddrapt.exact&limit=100
safety_tolerability,patient.reaction.reactionmeddrapt.exact,Zepbound,"FAERS/openFDA spontaneous adverse-event report counts are reporting signals, not incidence or causality.",Zepbound,FOOD CRAVING,255,fda_faers_quarterly,collected_openfda_faers_count,https://api.fda.gov/drug/event.json?search=patient.drug.medicinalproduct%3A%22Zepbound%22&count=patient.reaction.reactionmeddrapt.exact&limit=100
safety_tolerability,patient.reaction.reactionmeddrapt.exact,Zepbound,"FAERS/openFDA spontaneous adverse-event report counts are reporting signals, not incidence or causality.",Zepbound,ARTHRALGIA,252,fda_faers_quarterly,collected_openfda_faers_count,https://api.fda.gov/drug/event.json?search=patient.drug.medicinalproduct%3A%22Zepbound%22&count=patient.reaction.reactionmeddrapt.exact&limit=100
safety_tolerability,patient.reaction.reactionmeddrapt.exact,Zepbound,"FAERS/openFDA spontaneous adverse-event report counts are reporting signals, not incidence or causality.",Zepbound,DEPRESSION,252,fda_faers_quarterly,collected_openfda_faers_count,https://api.fda.gov/drug/event.json?search=patient.drug.medicinalproduct%3A%22Zepbound%22&count=patient.reaction.reactionmeddrapt.exact&limit=100
safety_tolerability,patient.reaction.reactionmeddrapt.exact,Zepbound,"FAERS/openFDA spontaneous adverse-event report counts are reporting signals, not incidence or causality.",Zepbound,URTICARIA,247,fda_faers_quarterly,collected_openfda_faers_count,https://api.fda.gov/drug/event.json?search=patient.drug.medicinalproduct%3A%22Zepbound%22&count=patient.reaction.reactionmeddrapt.exact&limit=100
safety_tolerability,patient.reaction.reactionmeddrapt.exact,Zepbound,"FAERS/openFDA spontaneous adverse-event report counts are reporting signals, not incidence or causality.",Zepbound,VISUAL IMPAIRMENT,247,fda_faers_quarterly,collected_openfda_faers_count,https://api.fda.gov/drug/event.json?search=patient.drug.medicinalproduct%3A%22Zepbound%22&count=patient.reaction.reactionmeddrapt.exact&limit=100
safety_tolerability,patient.reaction.reactionmeddrapt.exact,Zepbound,"FAERS/openFDA spontaneous adverse-event report counts are reporting signals, not incidence or causality.",Zepbound,INJECTION SITE IRRITATION,225,fda_faers_quarterly,collected_openfda_faers_count,https://api.fda.gov/drug/event.json?search=patient.drug.medicinalproduct%3A%22Zepbound%22&count=patient.reaction.reactionmeddrapt.exact&limit=100
safety_tolerability,patient.reaction.reactionmeddrapt.exact,Zepbound,"FAERS/openFDA spontaneous adverse-event report counts are reporting signals, not incidence or causality.",Zepbound,INAPPROPRIATE SCHEDULE OF PRODUCT ADMINISTRATION,222,fda_faers_quarterly,collected_openfda_faers_count,https://api.fda.gov/drug/event.json?search=patient.drug.medicinalproduct%3A%22Zepbound%22&count=patient.reaction.reactionmeddrapt.exact&limit=100
safety_tolerability,patient.reaction.reactionmeddrapt.exact,Zepbound,"FAERS/openFDA spontaneous adverse-event report counts are reporting signals, not incidence or causality.",Zepbound,WEIGHT DECREASED,221,fda_faers_quarterly,collected_openfda_faers_count,https://api.fda.gov/drug/event.json?search=patient.drug.medicinalproduct%3A%22Zepbound%22&count=patient.reaction.reactionmeddrapt.exact&limit=100
safety_tolerability,patient.reaction.reactionmeddrapt.exact,Zepbound,"FAERS/openFDA spontaneous adverse-event report counts are reporting signals, not incidence or causality.",Zepbound,PANCREATITIS,218,fda_faers_quarterly,collected_openfda_faers_count,https://api.fda.gov/drug/event.json?search=patient.drug.medicinalproduct%3A%22Zepbound%22&count=patient.reaction.reactionmeddrapt.exact&limit=100
safety_tolerability,patient.reaction.reactionmeddrapt.exact,Zepbound,"FAERS/openFDA spontaneous adverse-event report counts are reporting signals, not incidence or causality.",Zepbound,HEART RATE INCREASED,216,fda_faers_quarterly,collected_openfda_faers_count,https://api.fda.gov/drug/event.json?search=patient.drug.medicinalproduct%3A%22Zepbound%22&count=patient.reaction.reactionmeddrapt.exact&limit=100
safety_tolerability,patient.reaction.reactionmeddrapt.exact,Zepbound,"FAERS/openFDA spontaneous adverse-event report counts are reporting signals, not incidence or causality.",Zepbound,OVERDOSE,215,fda_faers_quarterly,collected_openfda_faers_count,https://api.fda.gov/drug/event.json?search=patient.drug.medicinalproduct%3A%22Zepbound%22&count=patient.reaction.reactionmeddrapt.exact&limit=100
safety_tolerability,patient.reaction.reactionmeddrapt.exact,Zepbound,"FAERS/openFDA spontaneous adverse-event report counts are reporting signals, not incidence or causality.",Zepbound,DYSPNOEA,211,fda_faers_quarterly,collected_openfda_faers_count,https://api.fda.gov/drug/event.json?search=patient.drug.medicinalproduct%3A%22Zepbound%22&count=patient.reaction.reactionmeddrapt.exact&limit=100
safety_tolerability,patient.reaction.reactionmeddrapt.exact,Zepbound,"FAERS/openFDA spontaneous adverse-event report counts are reporting signals, not incidence or causality.",Zepbound,TREATMENT FAILURE,208,fda_faers_quarterly,collected_openfda_faers_count,https://api.fda.gov/drug/event.json?search=patient.drug.medicinalproduct%3A%22Zepbound%22&count=patient.reaction.reactionmeddrapt.exact&limit=100
safety_tolerability,patient.reaction.reactionmeddrapt.exact,Zepbound,"FAERS/openFDA spontaneous adverse-event report counts are reporting signals, not incidence or causality.",Zepbound,INFLUENZA,207,fda_faers_quarterly,collected_openfda_faers_count,https://api.fda.gov/drug/event.json?search=patient.drug.medicinalproduct%3A%22Zepbound%22&count=patient.reaction.reactionmeddrapt.exact&limit=100
safety_tolerability,patient.reaction.reactionmeddrapt.exact,Zepbound,"FAERS/openFDA spontaneous adverse-event report counts are reporting signals, not incidence or causality.",Zepbound,BACK PAIN,197,fda_faers_quarterly,collected_openfda_faers_count,https://api.fda.gov/drug/event.json?search=patient.drug.medicinalproduct%3A%22Zepbound%22&count=patient.reaction.reactionmeddrapt.exact&limit=100
safety_tolerability,patient.reaction.reactionmeddrapt.exact,Zepbound,"FAERS/openFDA spontaneous adverse-event report counts are reporting signals, not incidence or causality.",Zepbound,MUSCLE SPASMS,195,fda_faers_quarterly,collected_openfda_faers_count,https://api.fda.gov/drug/event.json?search=patient.drug.medicinalproduct%3A%22Zepbound%22&count=patient.reaction.reactionmeddrapt.exact&limit=100
safety_tolerability,patient.reaction.reactionmeddrapt.exact,Zepbound,"FAERS/openFDA spontaneous adverse-event report counts are reporting signals, not incidence or causality.",Zepbound,VISION BLURRED,192,fda_faers_quarterly,collected_openfda_faers_count,https://api.fda.gov/drug/event.json?search=patient.drug.medicinalproduct%3A%22Zepbound%22&count=patient.reaction.reactionmeddrapt.exact&limit=100
safety_tolerability,patient.reaction.reactionmeddrapt.exact,Zepbound,"FAERS/openFDA spontaneous adverse-event report counts are reporting signals, not incidence or causality.",Zepbound,DRUG HYPERSENSITIVITY,190,fda_faers_quarterly,collected_openfda_faers_count,https://api.fda.gov/drug/event.json?search=patient.drug.medicinalproduct%3A%22Zepbound%22&count=patient.reaction.reactionmeddrapt.exact&limit=100
safety_tolerability,patient.reaction.reactionmeddrapt.exact,Zepbound,"FAERS/openFDA spontaneous adverse-event report counts are reporting signals, not incidence or causality.",Zepbound,PALPITATIONS,190,fda_faers_quarterly,collected_openfda_faers_count,https://api.fda.gov/drug/event.json?search=patient.drug.medicinalproduct%3A%22Zepbound%22&count=patient.reaction.reactionmeddrapt.exact&limit=100
safety_tolerability,patient.reaction.reactionmeddrapt.exact,Zepbound,"FAERS/openFDA spontaneous adverse-event report counts are reporting signals, not incidence or causality.",Zepbound,CHILLS,183,fda_faers_quarterly,collected_openfda_faers_count,https://api.fda.gov/drug/event.json?search=patient.drug.medicinalproduct%3A%22Zepbound%22&count=patient.reaction.reactionmeddrapt.exact&limit=100
safety_tolerability,patient.reaction.reactionmeddrapt.exact,Zepbound,"FAERS/openFDA spontaneous adverse-event report counts are reporting signals, not incidence or causality.",Zepbound,TREMOR,182,fda_faers_quarterly,collected_openfda_faers_count,https://api.fda.gov/drug/event.json?search=patient.drug.medicinalproduct%3A%22Zepbound%22&count=patient.reaction.reactionmeddrapt.exact&limit=100
safety_tolerability,patient.reaction.reactionmeddrapt.exact,Zepbound,"FAERS/openFDA spontaneous adverse-event report counts are reporting signals, not incidence or causality.",Zepbound,DRY MOUTH,179,fda_faers_quarterly,collected_openfda_faers_count,https://api.fda.gov/drug/event.json?search=patient.drug.medicinalproduct%3A%22Zepbound%22&count=patient.reaction.reactionmeddrapt.exact&limit=100
safety_tolerability,patient.reaction.reactionmeddrapt.exact,Zepbound,"FAERS/openFDA spontaneous adverse-event report counts are reporting signals, not incidence or causality.",Zepbound,MYALGIA,178,fda_faers_quarterly,collected_openfda_faers_count,https://api.fda.gov/drug/event.json?search=patient.drug.medicinalproduct%3A%22Zepbound%22&count=patient.reaction.reactionmeddrapt.exact&limit=100
safety_tolerability,patient.reaction.reactionmeddrapt.exact,Zepbound,"FAERS/openFDA spontaneous adverse-event report counts are reporting signals, not incidence or causality.",Zepbound,MIGRAINE,160,fda_faers_quarterly,collected_openfda_faers_count,https://api.fda.gov/drug/event.json?search=patient.drug.medicinalproduct%3A%22Zepbound%22&count=patient.reaction.reactionmeddrapt.exact&limit=100
safety_tolerability,patient.reaction.reactionmeddrapt.exact,Zepbound,"FAERS/openFDA spontaneous adverse-event report counts are reporting signals, not incidence or causality.",Zepbound,NO ADVERSE EVENT,158,fda_faers_quarterly,collected_openfda_faers_count,https://api.fda.gov/drug/event.json?search=patient.drug.medicinalproduct%3A%22Zepbound%22&count=patient.reaction.reactionmeddrapt.exact&limit=100
safety_tolerability,patient.reaction.reactionmeddrapt.exact,Zepbound,"FAERS/openFDA spontaneous adverse-event report counts are reporting signals, not incidence or causality.",Zepbound,INJECTION SITE DISCOMFORT,154,fda_faers_quarterly,collected_openfda_faers_count,https://api.fda.gov/drug/event.json?search=patient.drug.medicinalproduct%3A%22Zepbound%22&count=patient.reaction.reactionmeddrapt.exact&limit=100
safety_tolerability,patient.reaction.reactionmeddrapt.exact,Zepbound,"FAERS/openFDA spontaneous adverse-event report counts are reporting signals, not incidence or causality.",Zepbound,SOMNOLENCE,154,fda_faers_quarterly,collected_openfda_faers_count,https://api.fda.gov/drug/event.json?search=patient.drug.medicinalproduct%3A%22Zepbound%22&count=patient.reaction.reactionmeddrapt.exact&limit=100
safety_tolerability,patient.reaction.reactionmeddrapt.exact,Zepbound,"FAERS/openFDA spontaneous adverse-event report counts are reporting signals, not incidence or causality.",Zepbound,PAIN IN EXTREMITY,153,fda_faers_quarterly,collected_openfda_faers_count,https://api.fda.gov/drug/event.json?search=patient.drug.medicinalproduct%3A%22Zepbound%22&count=patient.reaction.reactionmeddrapt.exact&limit=100
safety_tolerability,patient.reaction.reactionmeddrapt.exact,Zepbound,"FAERS/openFDA spontaneous adverse-event report counts are reporting signals, not incidence or causality.",Zepbound,INTENTIONAL PRODUCT MISUSE,148,fda_faers_quarterly,collected_openfda_faers_count,https://api.fda.gov/drug/event.json?search=patient.drug.medicinalproduct%3A%22Zepbound%22&count=patient.reaction.reactionmeddrapt.exact&limit=100
safety_tolerability,patient.reaction.reactionmeddrapt.exact,Zepbound,"FAERS/openFDA spontaneous adverse-event report counts are reporting signals, not incidence or causality.",Zepbound,"SLEEP DISORDER DUE TO GENERAL MEDICAL CONDITION, INSOMNIA TYPE",145,fda_faers_quarterly,collected_openfda_faers_count,https://api.fda.gov/drug/event.json?search=patient.drug.medicinalproduct%3A%22Zepbound%22&count=patient.reaction.reactionmeddrapt.exact&limit=100
safety_tolerability,patient.reaction.reactionmeddrapt.exact,Zepbound,"FAERS/openFDA spontaneous adverse-event report counts are reporting signals, not incidence or causality.",Zepbound,PARAESTHESIA,143,fda_faers_quarterly,collected_openfda_faers_count,https://api.fda.gov/drug/event.json?search=patient.drug.medicinalproduct%3A%22Zepbound%22&count=patient.reaction.reactionmeddrapt.exact&limit=100
safety_tolerability,patient.reaction.reactionmeddrapt.exact,Zepbound,"FAERS/openFDA spontaneous adverse-event report counts are reporting signals, not incidence or causality.",Zepbound,HYPOPHAGIA,139,fda_faers_quarterly,collected_openfda_faers_count,https://api.fda.gov/drug/event.json?search=patient.drug.medicinalproduct%3A%22Zepbound%22&count=patient.reaction.reactionmeddrapt.exact&limit=100
safety_tolerability,patient.reaction.reactionmeddrapt.exact,Zepbound,"FAERS/openFDA spontaneous adverse-event report counts are reporting signals, not incidence or causality.",Zepbound,LETHARGY,136,fda_faers_quarterly,collected_openfda_faers_count,https://api.fda.gov/drug/event.json?search=patient.drug.medicinalproduct%3A%22Zepbound%22&count=patient.reaction.reactionmeddrapt.exact&limit=100
safety_tolerability,patient.reaction.reactionmeddrapt.exact,Zepbound,"FAERS/openFDA spontaneous adverse-event report counts are reporting signals, not incidence or causality.",Zepbound,IMPAIRED GASTRIC EMPTYING,134,fda_faers_quarterly,collected_openfda_faers_count,https://api.fda.gov/drug/event.json?search=patient.drug.medicinalproduct%3A%22Zepbound%22&count=patient.reaction.reactionmeddrapt.exact&limit=100
safety_tolerability,patient.reaction.reactionmeddrapt.exact,Zepbound,"FAERS/openFDA spontaneous adverse-event report counts are reporting signals, not incidence or causality.",Zepbound,BLOOD PRESSURE INCREASED,133,fda_faers_quarterly,collected_openfda_faers_count,https://api.fda.gov/drug/event.json?search=patient.drug.medicinalproduct%3A%22Zepbound%22&count=patient.reaction.reactionmeddrapt.exact&limit=100
safety_tolerability,patient.reaction.reactionmeddrapt.exact,Zepbound,"FAERS/openFDA spontaneous adverse-event report counts are reporting signals, not incidence or causality.",Zepbound,INSURANCE ISSUE,128,fda_faers_quarterly,collected_openfda_faers_count,https://api.fda.gov/drug/event.json?search=patient.drug.medicinalproduct%3A%22Zepbound%22&count=patient.reaction.reactionmeddrapt.exact&limit=100
safety_tolerability,patient.reaction.reactionmeddrapt.exact,Mounjaro,"FAERS/openFDA spontaneous adverse-event report counts are reporting signals, not incidence or causality.",Mounjaro,INCORRECT DOSE ADMINISTERED,16692,fda_faers_quarterly,collected_openfda_faers_count,https://api.fda.gov/drug/event.json?search=patient.drug.medicinalproduct%3A%22Mounjaro%22&count=patient.reaction.reactionmeddrapt.exact&limit=100
safety_tolerability,patient.reaction.reactionmeddrapt.exact,Mounjaro,"FAERS/openFDA spontaneous adverse-event report counts are reporting signals, not incidence or causality.",Mounjaro,INJECTION SITE PAIN,8880,fda_faers_quarterly,collected_openfda_faers_count,https://api.fda.gov/drug/event.json?search=patient.drug.medicinalproduct%3A%22Mounjaro%22&count=patient.reaction.reactionmeddrapt.exact&limit=100
safety_tolerability,patient.reaction.reactionmeddrapt.exact,Mounjaro,"FAERS/openFDA spontaneous adverse-event report counts are reporting signals, not incidence or causality.",Mounjaro,NAUSEA,8656,fda_faers_quarterly,collected_openfda_faers_count,https://api.fda.gov/drug/event.json?search=patient.drug.medicinalproduct%3A%22Mounjaro%22&count=patient.reaction.reactionmeddrapt.exact&limit=100
safety_tolerability,patient.reaction.reactionmeddrapt.exact,Mounjaro,"FAERS/openFDA spontaneous adverse-event report counts are reporting signals, not incidence or causality.",Mounjaro,OFF LABEL USE,7394,fda_faers_quarterly,collected_openfda_faers_count,https://api.fda.gov/drug/event.json?search=patient.drug.medicinalproduct%3A%22Mounjaro%22&count=patient.reaction.reactionmeddrapt.exact&limit=100
safety_tolerability,patient.reaction.reactionmeddrapt.exact,Mounjaro,"FAERS/openFDA spontaneous adverse-event report counts are reporting signals, not incidence or causality.",Mounjaro,DIARRHOEA,5180,fda_faers_quarterly,collected_openfda_faers_count,https://api.fda.gov/drug/event.json?search=patient.drug.medicinalproduct%3A%22Mounjaro%22&count=patient.reaction.reactionmeddrapt.exact&limit=100
safety_tolerability,patient.reaction.reactionmeddrapt.exact,Mounjaro,"FAERS/openFDA spontaneous adverse-event report counts are reporting signals, not incidence or causality.",Mounjaro,EXTRA DOSE ADMINISTERED,4991,fda_faers_quarterly,collected_openfda_faers_count,https://api.fda.gov/drug/event.json?search=patient.drug.medicinalproduct%3A%22Mounjaro%22&count=patient.reaction.reactionmeddrapt.exact&limit=100
safety_tolerability,patient.reaction.reactionmeddrapt.exact,Mounjaro,"FAERS/openFDA spontaneous adverse-event report counts are reporting signals, not incidence or causality.",Mounjaro,VOMITING,4384,fda_faers_quarterly,collected_openfda_faers_count,https://api.fda.gov/drug/event.json?search=patient.drug.medicinalproduct%3A%22Mounjaro%22&count=patient.reaction.reactionmeddrapt.exact&limit=100
safety_tolerability,patient.reaction.reactionmeddrapt.exact,Mounjaro,"FAERS/openFDA spontaneous adverse-event report counts are reporting signals, not incidence or causality.",Mounjaro,INJECTION SITE HAEMORRHAGE,3453,fda_faers_quarterly,collected_openfda_faers_count,https://api.fda.gov/drug/event.json?search=patient.drug.medicinalproduct%3A%22Mounjaro%22&count=patient.reaction.reactionmeddrapt.exact&limit=100
safety_tolerability,patient.reaction.reactionmeddrapt.exact,Mounjaro,"FAERS/openFDA spontaneous adverse-event report counts are reporting signals, not incidence or causality.",Mounjaro,CONSTIPATION,3183,fda_faers_quarterly,collected_openfda_faers_count,https://api.fda.gov/drug/event.json?search=patient.drug.medicinalproduct%3A%22Mounjaro%22&count=patient.reaction.reactionmeddrapt.exact&limit=100
safety_tolerability,patient.reaction.reactionmeddrapt.exact,Mounjaro,"FAERS/openFDA spontaneous adverse-event report counts are reporting signals, not incidence or causality.",Mounjaro,INJECTION SITE ERYTHEMA,2940,fda_faers_quarterly,collected_openfda_faers_count,https://api.fda.gov/drug/event.json?search=patient.drug.medicinalproduct%3A%22Mounjaro%22&count=patient.reaction.reactionmeddrapt.exact&limit=100
safety_tolerability,patient.reaction.reactionmeddrapt.exact,Mounjaro,"FAERS/openFDA spontaneous adverse-event report counts are reporting signals, not incidence or causality.",Mounjaro,PRODUCT DOSE OMISSION ISSUE,2897,fda_faers_quarterly,collected_openfda_faers_count,https://api.fda.gov/drug/event.json?search=patient.drug.medicinalproduct%3A%22Mounjaro%22&count=patient.reaction.reactionmeddrapt.exact&limit=100
safety_tolerability,patient.reaction.reactionmeddrapt.exact,Mounjaro,"FAERS/openFDA spontaneous adverse-event report counts are reporting signals, not incidence or causality.",Mounjaro,BLOOD GLUCOSE INCREASED,2743,fda_faers_quarterly,collected_openfda_faers_count,https://api.fda.gov/drug/event.json?search=patient.drug.medicinalproduct%3A%22Mounjaro%22&count=patient.reaction.reactionmeddrapt.exact&limit=100
safety_tolerability,patient.reaction.reactionmeddrapt.exact,Mounjaro,"FAERS/openFDA spontaneous adverse-event report counts are reporting signals, not incidence or causality.",Mounjaro,FATIGUE,2140,fda_faers_quarterly,collected_openfda_faers_count,https://api.fda.gov/drug/event.json?search=patient.drug.medicinalproduct%3A%22Mounjaro%22&count=patient.reaction.reactionmeddrapt.exact&limit=100
safety_tolerability,patient.reaction.reactionmeddrapt.exact,Mounjaro,"FAERS/openFDA spontaneous adverse-event report counts are reporting signals, not incidence or causality.",Mounjaro,DECREASED APPETITE,2133,fda_faers_quarterly,collected_openfda_faers_count,https://api.fda.gov/drug/event.json?search=patient.drug.medicinalproduct%3A%22Mounjaro%22&count=patient.reaction.reactionmeddrapt.exact&limit=100
safety_tolerability,patient.reaction.reactionmeddrapt.exact,Mounjaro,"FAERS/openFDA spontaneous adverse-event report counts are reporting signals, not incidence or causality.",Mounjaro,DRUG INEFFECTIVE,2132,fda_faers_quarterly,collected_openfda_faers_count,https://api.fda.gov/drug/event.json?search=patient.drug.medicinalproduct%3A%22Mounjaro%22&count=patient.reaction.reactionmeddrapt.exact&limit=100
safety_tolerability,patient.reaction.reactionmeddrapt.exact,Mounjaro,"FAERS/openFDA spontaneous adverse-event report counts are reporting signals, not incidence or causality.",Mounjaro,ACCIDENTAL UNDERDOSE,1999,fda_faers_quarterly,collected_openfda_faers_count,https://api.fda.gov/drug/event.json?search=patient.drug.medicinalproduct%3A%22Mounjaro%22&count=patient.reaction.reactionmeddrapt.exact&limit=100
safety_tolerability,patient.reaction.reactionmeddrapt.exact,Mounjaro,"FAERS/openFDA spontaneous adverse-event report counts are reporting signals, not incidence or causality.",Mounjaro,INJECTION SITE BRUISING,1973,fda_faers_quarterly,collected_openfda_faers_count,https://api.fda.gov/drug/event.json?search=patient.drug.medicinalproduct%3A%22Mounjaro%22&count=patient.reaction.reactionmeddrapt.exact&limit=100
safety_tolerability,patient.reaction.reactionmeddrapt.exact,Mounjaro,"FAERS/openFDA spontaneous adverse-event report counts are reporting signals, not incidence or causality.",Mounjaro,ABDOMINAL PAIN UPPER,1893,fda_faers_quarterly,collected_openfda_faers_count,https://api.fda.gov/drug/event.json?search=patient.drug.medicinalproduct%3A%22Mounjaro%22&count=patient.reaction.reactionmeddrapt.exact&limit=100
safety_tolerability,patient.reaction.reactionmeddrapt.exact,Mounjaro,"FAERS/openFDA spontaneous adverse-event report counts are reporting signals, not incidence or causality.",Mounjaro,WEIGHT DECREASED,1838,fda_faers_quarterly,collected_openfda_faers_count,https://api.fda.gov/drug/event.json?search=patient.drug.medicinalproduct%3A%22Mounjaro%22&count=patient.reaction.reactionmeddrapt.exact&limit=100
safety_tolerability,patient.reaction.reactionmeddrapt.exact,Mounjaro,"FAERS/openFDA spontaneous adverse-event report counts are reporting signals, not incidence or causality.",Mounjaro,HEADACHE,1759,fda_faers_quarterly,collected_openfda_faers_count,https://api.fda.gov/drug/event.json?search=patient.drug.medicinalproduct%3A%22Mounjaro%22&count=patient.reaction.reactionmeddrapt.exact&limit=100
safety_tolerability,patient.reaction.reactionmeddrapt.exact,Mounjaro,"FAERS/openFDA spontaneous adverse-event report counts are reporting signals, not incidence or causality.",Mounjaro,ABDOMINAL PAIN,1653,fda_faers_quarterly,collected_openfda_faers_count,https://api.fda.gov/drug/event.json?search=patient.drug.medicinalproduct%3A%22Mounjaro%22&count=patient.reaction.reactionmeddrapt.exact&limit=100
safety_tolerability,patient.reaction.reactionmeddrapt.exact,Mounjaro,"FAERS/openFDA spontaneous adverse-event report counts are reporting signals, not incidence or causality.",Mounjaro,ILLNESS,1550,fda_faers_quarterly,collected_openfda_faers_count,https://api.fda.gov/drug/event.json?search=patient.drug.medicinalproduct%3A%22Mounjaro%22&count=patient.reaction.reactionmeddrapt.exact&limit=100
safety_tolerability,patient.reaction.reactionmeddrapt.exact,Mounjaro,"FAERS/openFDA spontaneous adverse-event report counts are reporting signals, not incidence or causality.",Mounjaro,DIZZINESS,1547,fda_faers_quarterly,collected_openfda_faers_count,https://api.fda.gov/drug/event.json?search=patient.drug.medicinalproduct%3A%22Mounjaro%22&count=patient.reaction.reactionmeddrapt.exact&limit=100
safety_tolerability,patient.reaction.reactionmeddrapt.exact,Mounjaro,"FAERS/openFDA spontaneous adverse-event report counts are reporting signals, not incidence or causality.",Mounjaro,INJECTION SITE PRURITUS,1546,fda_faers_quarterly,collected_openfda_faers_count,https://api.fda.gov/drug/event.json?search=patient.drug.medicinalproduct%3A%22Mounjaro%22&count=patient.reaction.reactionmeddrapt.exact&limit=100
safety_tolerability,patient.reaction.reactionmeddrapt.exact,Mounjaro,"FAERS/openFDA spontaneous adverse-event report counts are reporting signals, not incidence or causality.",Mounjaro,ERUCTATION,1473,fda_faers_quarterly,collected_openfda_faers_count,https://api.fda.gov/drug/event.json?search=patient.drug.medicinalproduct%3A%22Mounjaro%22&count=patient.reaction.reactionmeddrapt.exact&limit=100
safety_tolerability,patient.reaction.reactionmeddrapt.exact,Mounjaro,"FAERS/openFDA spontaneous adverse-event report counts are reporting signals, not incidence or causality.",Mounjaro,ACCIDENTAL OVERDOSE,1384,fda_faers_quarterly,collected_openfda_faers_count,https://api.fda.gov/drug/event.json?search=patient.drug.medicinalproduct%3A%22Mounjaro%22&count=patient.reaction.reactionmeddrapt.exact&limit=100
safety_tolerability,patient.reaction.reactionmeddrapt.exact,Mounjaro,"FAERS/openFDA spontaneous adverse-event report counts are reporting signals, not incidence or causality.",Mounjaro,WEIGHT INCREASED,1324,fda_faers_quarterly,collected_openfda_faers_count,https://api.fda.gov/drug/event.json?search=patient.drug.medicinalproduct%3A%22Mounjaro%22&count=patient.reaction.reactionmeddrapt.exact&limit=100
safety_tolerability,patient.reaction.reactionmeddrapt.exact,Mounjaro,"FAERS/openFDA spontaneous adverse-event report counts are reporting signals, not incidence or causality.",Mounjaro,DYSPEPSIA,1285,fda_faers_quarterly,collected_openfda_faers_count,https://api.fda.gov/drug/event.json?search=patient.drug.medicinalproduct%3A%22Mounjaro%22&count=patient.reaction.reactionmeddrapt.exact&limit=100
safety_tolerability,patient.reaction.reactionmeddrapt.exact,Mounjaro,"FAERS/openFDA spontaneous adverse-event report counts are reporting signals, not incidence or causality.",Mounjaro,IMPAIRED GASTRIC EMPTYING,1260,fda_faers_quarterly,collected_openfda_faers_count,https://api.fda.gov/drug/event.json?search=patient.drug.medicinalproduct%3A%22Mounjaro%22&count=patient.reaction.reactionmeddrapt.exact&limit=100
safety_tolerability,patient.reaction.reactionmeddrapt.exact,Mounjaro,"FAERS/openFDA spontaneous adverse-event report counts are reporting signals, not incidence or causality.",Mounjaro,INAPPROPRIATE SCHEDULE OF PRODUCT ADMINISTRATION,1250,fda_faers_quarterly,collected_openfda_faers_count,https://api.fda.gov/drug/event.json?search=patient.drug.medicinalproduct%3A%22Mounjaro%22&count=patient.reaction.reactionmeddrapt.exact&limit=100
safety_tolerability,patient.reaction.reactionmeddrapt.exact,Mounjaro,"FAERS/openFDA spontaneous adverse-event report counts are reporting signals, not incidence or causality.",Mounjaro,DEHYDRATION,1229,fda_faers_quarterly,collected_openfda_faers_count,https://api.fda.gov/drug/event.json?search=patient.drug.medicinalproduct%3A%22Mounjaro%22&count=patient.reaction.reactionmeddrapt.exact&limit=100
safety_tolerability,patient.reaction.reactionmeddrapt.exact,Mounjaro,"FAERS/openFDA spontaneous adverse-event report counts are reporting signals, not incidence or causality.",Mounjaro,ABDOMINAL DISCOMFORT,1214,fda_faers_quarterly,collected_openfda_faers_count,https://api.fda.gov/drug/event.json?search=patient.drug.medicinalproduct%3A%22Mounjaro%22&count=patient.reaction.reactionmeddrapt.exact&limit=100
safety_tolerability,patient.reaction.reactionmeddrapt.exact,Mounjaro,"FAERS/openFDA spontaneous adverse-event report counts are reporting signals, not incidence or causality.",Mounjaro,INJECTION SITE MASS,1205,fda_faers_quarterly,collected_openfda_faers_count,https://api.fda.gov/drug/event.json?search=patient.drug.medicinalproduct%3A%22Mounjaro%22&count=patient.reaction.reactionmeddrapt.exact&limit=100
safety_tolerability,patient.reaction.reactionmeddrapt.exact,Mounjaro,"FAERS/openFDA spontaneous adverse-event report counts are reporting signals, not incidence or causality.",Mounjaro,ALOPECIA,962,fda_faers_quarterly,collected_openfda_faers_count,https://api.fda.gov/drug/event.json?search=patient.drug.medicinalproduct%3A%22Mounjaro%22&count=patient.reaction.reactionmeddrapt.exact&limit=100
safety_tolerability,patient.reaction.reactionmeddrapt.exact,Mounjaro,"FAERS/openFDA spontaneous adverse-event report counts are reporting signals, not incidence or causality.",Mounjaro,PAIN,937,fda_faers_quarterly,collected_openfda_faers_count,https://api.fda.gov/drug/event.json?search=patient.drug.medicinalproduct%3A%22Mounjaro%22&count=patient.reaction.reactionmeddrapt.exact&limit=100
safety_tolerability,patient.reaction.reactionmeddrapt.exact,Mounjaro,"FAERS/openFDA spontaneous adverse-event report counts are reporting signals, not incidence or causality.",Mounjaro,PANCREATITIS,926,fda_faers_quarterly,collected_openfda_faers_count,https://api.fda.gov/drug/event.json?search=patient.drug.medicinalproduct%3A%22Mounjaro%22&count=patient.reaction.reactionmeddrapt.exact&limit=100
safety_tolerability,patient.reaction.reactionmeddrapt.exact,Mounjaro,"FAERS/openFDA spontaneous adverse-event report counts are reporting signals, not incidence or causality.",Mounjaro,GASTROINTESTINAL DISORDER,924,fda_faers_quarterly,collected_openfda_faers_count,https://api.fda.gov/drug/event.json?search=patient.drug.medicinalproduct%3A%22Mounjaro%22&count=patient.reaction.reactionmeddrapt.exact&limit=100
safety_tolerability,patient.reaction.reactionmeddrapt.exact,Mounjaro,"FAERS/openFDA spontaneous adverse-event report counts are reporting signals, not incidence or causality.",Mounjaro,INJECTION SITE SWELLING,918,fda_faers_quarterly,collected_openfda_faers_count,https://api.fda.gov/drug/event.json?search=patient.drug.medicinalproduct%3A%22Mounjaro%22&count=patient.reaction.reactionmeddrapt.exact&limit=100
safety_tolerability,patient.reaction.reactionmeddrapt.exact,Mounjaro,"FAERS/openFDA spontaneous adverse-event report counts are reporting signals, not incidence or causality.",Mounjaro,BLOOD GLUCOSE DECREASED,899,fda_faers_quarterly,collected_openfda_faers_count,https://api.fda.gov/drug/event.json?search=patient.drug.medicinalproduct%3A%22Mounjaro%22&count=patient.reaction.reactionmeddrapt.exact&limit=100
safety_tolerability,patient.reaction.reactionmeddrapt.exact,Mounjaro,"FAERS/openFDA spontaneous adverse-event report counts are reporting signals, not incidence or causality.",Mounjaro,MALAISE,893,fda_faers_quarterly,collected_openfda_faers_count,https://api.fda.gov/drug/event.json?search=patient.drug.medicinalproduct%3A%22Mounjaro%22&count=patient.reaction.reactionmeddrapt.exact&limit=100
safety_tolerability,patient.reaction.reactionmeddrapt.exact,Mounjaro,"FAERS/openFDA spontaneous adverse-event report counts are reporting signals, not incidence or causality.",Mounjaro,ABDOMINAL DISTENSION,892,fda_faers_quarterly,collected_openfda_faers_count,https://api.fda.gov/drug/event.json?search=patient.drug.medicinalproduct%3A%22Mounjaro%22&count=patient.reaction.reactionmeddrapt.exact&limit=100
safety_tolerability,patient.reaction.reactionmeddrapt.exact,Mounjaro,"FAERS/openFDA spontaneous adverse-event report counts are reporting signals, not incidence or causality.",Mounjaro,DEPRESSED MOOD,847,fda_faers_quarterly,collected_openfda_faers_count,https://api.fda.gov/drug/event.json?search=patient.drug.medicinalproduct%3A%22Mounjaro%22&count=patient.reaction.reactionmeddrapt.exact&limit=100
safety_tolerability,patient.reaction.reactionmeddrapt.exact,Mounjaro,"FAERS/openFDA spontaneous adverse-event report counts are reporting signals, not incidence or causality.",Mounjaro,ASTHENIA,843,fda_faers_quarterly,collected_openfda_faers_count,https://api.fda.gov/drug/event.json?search=patient.drug.medicinalproduct%3A%22Mounjaro%22&count=patient.reaction.reactionmeddrapt.exact&limit=100
safety_tolerability,patient.reaction.reactionmeddrapt.exact,Mounjaro,"FAERS/openFDA spontaneous adverse-event report counts are reporting signals, not incidence or causality.",Mounjaro,FLATULENCE,837,fda_faers_quarterly,collected_openfda_faers_count,https://api.fda.gov/drug/event.json?search=patient.drug.medicinalproduct%3A%22Mounjaro%22&count=patient.reaction.reactionmeddrapt.exact&limit=100
safety_tolerability,patient.reaction.reactionmeddrapt.exact,Mounjaro,"FAERS/openFDA spontaneous adverse-event report counts are reporting signals, not incidence or causality.",Mounjaro,INJECTION SITE INJURY,822,fda_faers_quarterly,collected_openfda_faers_count,https://api.fda.gov/drug/event.json?search=patient.drug.medicinalproduct%3A%22Mounjaro%22&count=patient.reaction.reactionmeddrapt.exact&limit=100
safety_tolerability,patient.reaction.reactionmeddrapt.exact,Mounjaro,"FAERS/openFDA spontaneous adverse-event report counts are reporting signals, not incidence or causality.",Mounjaro,ANXIETY,820,fda_faers_quarterly,collected_openfda_faers_count,https://api.fda.gov/drug/event.json?search=patient.drug.medicinalproduct%3A%22Mounjaro%22&count=patient.reaction.reactionmeddrapt.exact&limit=100
safety_tolerability,patient.reaction.reactionmeddrapt.exact,Mounjaro,"FAERS/openFDA spontaneous adverse-event report counts are reporting signals, not incidence or causality.",Mounjaro,INJECTION SITE REACTION,818,fda_faers_quarterly,collected_openfda_faers_count,https://api.fda.gov/drug/event.json?search=patient.drug.medicinalproduct%3A%22Mounjaro%22&count=patient.reaction.reactionmeddrapt.exact&limit=100
safety_tolerability,patient.reaction.reactionmeddrapt.exact,Mounjaro,"FAERS/openFDA spontaneous adverse-event report counts are reporting signals, not incidence or causality.",Mounjaro,FEELING ABNORMAL,814,fda_faers_quarterly,collected_openfda_faers_count,https://api.fda.gov/drug/event.json?search=patient.drug.medicinalproduct%3A%22Mounjaro%22&count=patient.reaction.reactionmeddrapt.exact&limit=100
safety_tolerability,patient.reaction.reactionmeddrapt.exact,Mounjaro,"FAERS/openFDA spontaneous adverse-event report counts are reporting signals, not incidence or causality.",Mounjaro,INJECTION SITE RASH,802,fda_faers_quarterly,collected_openfda_faers_count,https://api.fda.gov/drug/event.json?search=patient.drug.medicinalproduct%3A%22Mounjaro%22&count=patient.reaction.reactionmeddrapt.exact&limit=100
safety_tolerability,patient.reaction.reactionmeddrapt.exact,Mounjaro,"FAERS/openFDA spontaneous adverse-event report counts are reporting signals, not incidence or causality.",Mounjaro,VISUAL IMPAIRMENT,765,fda_faers_quarterly,collected_openfda_faers_count,https://api.fda.gov/drug/event.json?search=patient.drug.medicinalproduct%3A%22Mounjaro%22&count=patient.reaction.reactionmeddrapt.exact&limit=100
safety_tolerability,patient.reaction.reactionmeddrapt.exact,Mounjaro,"FAERS/openFDA spontaneous adverse-event report counts are reporting signals, not incidence or causality.",Mounjaro,PRODUCT ADMINISTERED AT INAPPROPRIATE SITE,764,fda_faers_quarterly,collected_openfda_faers_count,https://api.fda.gov/drug/event.json?search=patient.drug.medicinalproduct%3A%22Mounjaro%22&count=patient.reaction.reactionmeddrapt.exact&limit=100
safety_tolerability,patient.reaction.reactionmeddrapt.exact,Mounjaro,"FAERS/openFDA spontaneous adverse-event report counts are reporting signals, not incidence or causality.",Mounjaro,HUNGER,746,fda_faers_quarterly,collected_openfda_faers_count,https://api.fda.gov/drug/event.json?search=patient.drug.medicinalproduct%3A%22Mounjaro%22&count=patient.reaction.reactionmeddrapt.exact&limit=100
safety_tolerability,patient.reaction.reactionmeddrapt.exact,Mounjaro,"FAERS/openFDA spontaneous adverse-event report counts are reporting signals, not incidence or causality.",Mounjaro,ARTHRALGIA,689,fda_faers_quarterly,collected_openfda_faers_count,https://api.fda.gov/drug/event.json?search=patient.drug.medicinalproduct%3A%22Mounjaro%22&count=patient.reaction.reactionmeddrapt.exact&limit=100
safety_tolerability,patient.reaction.reactionmeddrapt.exact,Mounjaro,"FAERS/openFDA spontaneous adverse-event report counts are reporting signals, not incidence or causality.",Mounjaro,INJECTION SITE URTICARIA,673,fda_faers_quarterly,collected_openfda_faers_count,https://api.fda.gov/drug/event.json?search=patient.drug.medicinalproduct%3A%22Mounjaro%22&count=patient.reaction.reactionmeddrapt.exact&limit=100
safety_tolerability,patient.reaction.reactionmeddrapt.exact,Mounjaro,"FAERS/openFDA spontaneous adverse-event report counts are reporting signals, not incidence or causality.",Mounjaro,GLYCOSYLATED HAEMOGLOBIN INCREASED,664,fda_faers_quarterly,collected_openfda_faers_count,https://api.fda.gov/drug/event.json?search=patient.drug.medicinalproduct%3A%22Mounjaro%22&count=patient.reaction.reactionmeddrapt.exact&limit=100
safety_tolerability,patient.reaction.reactionmeddrapt.exact,Mounjaro,"FAERS/openFDA spontaneous adverse-event report counts are reporting signals, not incidence or causality.",Mounjaro,RASH,655,fda_faers_quarterly,collected_openfda_faers_count,https://api.fda.gov/drug/event.json?search=patient.drug.medicinalproduct%3A%22Mounjaro%22&count=patient.reaction.reactionmeddrapt.exact&limit=100
safety_tolerability,patient.reaction.reactionmeddrapt.exact,Mounjaro,"FAERS/openFDA spontaneous adverse-event report counts are reporting signals, not incidence or causality.",Mounjaro,GASTROOESOPHAGEAL REFLUX DISEASE,645,fda_faers_quarterly,collected_openfda_faers_count,https://api.fda.gov/drug/event.json?search=patient.drug.medicinalproduct%3A%22Mounjaro%22&count=patient.reaction.reactionmeddrapt.exact&limit=100
safety_tolerability,patient.reaction.reactionmeddrapt.exact,Mounjaro,"FAERS/openFDA spontaneous adverse-event report counts are reporting signals, not incidence or causality.",Mounjaro,INJURY ASSOCIATED WITH DEVICE,644,fda_faers_quarterly,collected_openfda_faers_count,https://api.fda.gov/drug/event.json?search=patient.drug.medicinalproduct%3A%22Mounjaro%22&count=patient.reaction.reactionmeddrapt.exact&limit=100
safety_tolerability,patient.reaction.reactionmeddrapt.exact,Mounjaro,"FAERS/openFDA spontaneous adverse-event report counts are reporting signals, not incidence or causality.",Mounjaro,WRONG TECHNIQUE IN PRODUCT USAGE PROCESS,640,fda_faers_quarterly,collected_openfda_faers_count,https://api.fda.gov/drug/event.json?search=patient.drug.medicinalproduct%3A%22Mounjaro%22&count=patient.reaction.reactionmeddrapt.exact&limit=100
safety_tolerability,patient.reaction.reactionmeddrapt.exact,Mounjaro,"FAERS/openFDA spontaneous adverse-event report counts are reporting signals, not incidence or causality.",Mounjaro,PRURITUS,608,fda_faers_quarterly,collected_openfda_faers_count,https://api.fda.gov/drug/event.json?search=patient.drug.medicinalproduct%3A%22Mounjaro%22&count=patient.reaction.reactionmeddrapt.exact&limit=100
safety_tolerability,patient.reaction.reactionmeddrapt.exact,Mounjaro,"FAERS/openFDA spontaneous adverse-event report counts are reporting signals, not incidence or causality.",Mounjaro,DEPRESSION,553,fda_faers_quarterly,collected_openfda_faers_count,https://api.fda.gov/drug/event.json?search=patient.drug.medicinalproduct%3A%22Mounjaro%22&count=patient.reaction.reactionmeddrapt.exact&limit=100
safety_tolerability,patient.reaction.reactionmeddrapt.exact,Mounjaro,"FAERS/openFDA spontaneous adverse-event report counts are reporting signals, not incidence or causality.",Mounjaro,DYSPNOEA,547,fda_faers_quarterly,collected_openfda_faers_count,https://api.fda.gov/drug/event.json?search=patient.drug.medicinalproduct%3A%22Mounjaro%22&count=patient.reaction.reactionmeddrapt.exact&limit=100
safety_tolerability,patient.reaction.reactionmeddrapt.exact,Mounjaro,"FAERS/openFDA spontaneous adverse-event report counts are reporting signals, not incidence or causality.",Mounjaro,HYPOGLYCAEMIA,545,fda_faers_quarterly,collected_openfda_faers_count,https://api.fda.gov/drug/event.json?search=patient.drug.medicinalproduct%3A%22Mounjaro%22&count=patient.reaction.reactionmeddrapt.exact&limit=100
safety_tolerability,patient.reaction.reactionmeddrapt.exact,Mounjaro,"FAERS/openFDA spontaneous adverse-event report counts are reporting signals, not incidence or causality.",Mounjaro,COUGH,535,fda_faers_quarterly,collected_openfda_faers_count,https://api.fda.gov/drug/event.json?search=patient.drug.medicinalproduct%3A%22Mounjaro%22&count=patient.reaction.reactionmeddrapt.exact&limit=100
safety_tolerability,patient.reaction.reactionmeddrapt.exact,Mounjaro,"FAERS/openFDA spontaneous adverse-event report counts are reporting signals, not incidence or causality.",Mounjaro,VISION BLURRED,526,fda_faers_quarterly,collected_openfda_faers_count,https://api.fda.gov/drug/event.json?search=patient.drug.medicinalproduct%3A%22Mounjaro%22&count=patient.reaction.reactionmeddrapt.exact&limit=100
safety_tolerability,patient.reaction.reactionmeddrapt.exact,Mounjaro,"FAERS/openFDA spontaneous adverse-event report counts are reporting signals, not incidence or causality.",Mounjaro,PRODUCT STORAGE ERROR,522,fda_faers_quarterly,collected_openfda_faers_count,https://api.fda.gov/drug/event.json?search=patient.drug.medicinalproduct%3A%22Mounjaro%22&count=patient.reaction.reactionmeddrapt.exact&limit=100
safety_tolerability,patient.reaction.reactionmeddrapt.exact,Mounjaro,"FAERS/openFDA spontaneous adverse-event report counts are reporting signals, not incidence or causality.",Mounjaro,INSOMNIA,520,fda_faers_quarterly,collected_openfda_faers_count,https://api.fda.gov/drug/event.json?search=patient.drug.medicinalproduct%3A%22Mounjaro%22&count=patient.reaction.reactionmeddrapt.exact&limit=100
safety_tolerability,patient.reaction.reactionmeddrapt.exact,Mounjaro,"FAERS/openFDA spontaneous adverse-event report counts are reporting signals, not incidence or causality.",Mounjaro,FEEDING DISORDER,500,fda_faers_quarterly,collected_openfda_faers_count,https://api.fda.gov/drug/event.json?search=patient.drug.medicinalproduct%3A%22Mounjaro%22&count=patient.reaction.reactionmeddrapt.exact&limit=100
safety_tolerability,patient.reaction.reactionmeddrapt.exact,Mounjaro,"FAERS/openFDA spontaneous adverse-event report counts are reporting signals, not incidence or causality.",Mounjaro,HYPERSENSITIVITY,497,fda_faers_quarterly,collected_openfda_faers_count,https://api.fda.gov/drug/event.json?search=patient.drug.medicinalproduct%3A%22Mounjaro%22&count=patient.reaction.reactionmeddrapt.exact&limit=100
safety_tolerability,patient.reaction.reactionmeddrapt.exact,Mounjaro,"FAERS/openFDA spontaneous adverse-event report counts are reporting signals, not incidence or causality.",Mounjaro,MYALGIA,494,fda_faers_quarterly,collected_openfda_faers_count,https://api.fda.gov/drug/event.json?search=patient.drug.medicinalproduct%3A%22Mounjaro%22&count=patient.reaction.reactionmeddrapt.exact&limit=100
safety_tolerability,patient.reaction.reactionmeddrapt.exact,Mounjaro,"FAERS/openFDA spontaneous adverse-event report counts are reporting signals, not incidence or causality.",Mounjaro,INCREASED APPETITE,492,fda_faers_quarterly,collected_openfda_faers_count,https://api.fda.gov/drug/event.json?search=patient.drug.medicinalproduct%3A%22Mounjaro%22&count=patient.reaction.reactionmeddrapt.exact&limit=100
safety_tolerability,patient.reaction.reactionmeddrapt.exact,Mounjaro,"FAERS/openFDA spontaneous adverse-event report counts are reporting signals, not incidence or causality.",Mounjaro,BACK PAIN,484,fda_faers_quarterly,collected_openfda_faers_count,https://api.fda.gov/drug/event.json?search=patient.drug.medicinalproduct%3A%22Mounjaro%22&count=patient.reaction.reactionmeddrapt.exact&limit=100
safety_tolerability,patient.reaction.reactionmeddrapt.exact,Mounjaro,"FAERS/openFDA spontaneous adverse-event report counts are reporting signals, not incidence or causality.",Mounjaro,COVID-19,462,fda_faers_quarterly,collected_openfda_faers_count,https://api.fda.gov/drug/event.json?search=patient.drug.medicinalproduct%3A%22Mounjaro%22&count=patient.reaction.reactionmeddrapt.exact&limit=100
safety_tolerability,patient.reaction.reactionmeddrapt.exact,Mounjaro,"FAERS/openFDA spontaneous adverse-event report counts are reporting signals, not incidence or causality.",Mounjaro,CHOLELITHIASIS,453,fda_faers_quarterly,collected_openfda_faers_count,https://api.fda.gov/drug/event.json?search=patient.drug.medicinalproduct%3A%22Mounjaro%22&count=patient.reaction.reactionmeddrapt.exact&limit=100
safety_tolerability,patient.reaction.reactionmeddrapt.exact,Mounjaro,"FAERS/openFDA spontaneous adverse-event report counts are reporting signals, not incidence or causality.",Mounjaro,NASOPHARYNGITIS,442,fda_faers_quarterly,collected_openfda_faers_count,https://api.fda.gov/drug/event.json?search=patient.drug.medicinalproduct%3A%22Mounjaro%22&count=patient.reaction.reactionmeddrapt.exact&limit=100
safety_tolerability,patient.reaction.reactionmeddrapt.exact,Mounjaro,"FAERS/openFDA spontaneous adverse-event report counts are reporting signals, not incidence or causality.",Mounjaro,INTESTINAL OBSTRUCTION,438,fda_faers_quarterly,collected_openfda_faers_count,https://api.fda.gov/drug/event.json?search=patient.drug.medicinalproduct%3A%22Mounjaro%22&count=patient.reaction.reactionmeddrapt.exact&limit=100
safety_tolerability,patient.reaction.reactionmeddrapt.exact,Mounjaro,"FAERS/openFDA spontaneous adverse-event report counts are reporting signals, not incidence or causality.",Mounjaro,PAIN IN EXTREMITY,438,fda_faers_quarterly,collected_openfda_faers_count,https://api.fda.gov/drug/event.json?search=patient.drug.medicinalproduct%3A%22Mounjaro%22&count=patient.reaction.reactionmeddrapt.exact&limit=100
safety_tolerability,patient.reaction.reactionmeddrapt.exact,Mounjaro,"FAERS/openFDA spontaneous adverse-event report counts are reporting signals, not incidence or causality.",Mounjaro,FALL,428,fda_faers_quarterly,collected_openfda_faers_count,https://api.fda.gov/drug/event.json?search=patient.drug.medicinalproduct%3A%22Mounjaro%22&count=patient.reaction.reactionmeddrapt.exact&limit=100
safety_tolerability,patient.reaction.reactionmeddrapt.exact,Mounjaro,"FAERS/openFDA spontaneous adverse-event report counts are reporting signals, not incidence or causality.",Mounjaro,PALPITATIONS,416,fda_faers_quarterly,collected_openfda_faers_count,https://api.fda.gov/drug/event.json?search=patient.drug.medicinalproduct%3A%22Mounjaro%22&count=patient.reaction.reactionmeddrapt.exact&limit=100
safety_tolerability,patient.reaction.reactionmeddrapt.exact,Mounjaro,"FAERS/openFDA spontaneous adverse-event report counts are reporting signals, not incidence or causality.",Mounjaro,MUSCLE SPASMS,387,fda_faers_quarterly,collected_openfda_faers_count,https://api.fda.gov/drug/event.json?search=patient.drug.medicinalproduct%3A%22Mounjaro%22&count=patient.reaction.reactionmeddrapt.exact&limit=100
safety_tolerability,patient.reaction.reactionmeddrapt.exact,Mounjaro,"FAERS/openFDA spontaneous adverse-event report counts are reporting signals, not incidence or causality.",Mounjaro,URTICARIA,383,fda_faers_quarterly,collected_openfda_faers_count,https://api.fda.gov/drug/event.json?search=patient.drug.medicinalproduct%3A%22Mounjaro%22&count=patient.reaction.reactionmeddrapt.exact&limit=100
safety_tolerability,patient.reaction.reactionmeddrapt.exact,Mounjaro,"FAERS/openFDA spontaneous adverse-event report counts are reporting signals, not incidence or causality.",Mounjaro,OVERDOSE,362,fda_faers_quarterly,collected_openfda_faers_count,https://api.fda.gov/drug/event.json?search=patient.drug.medicinalproduct%3A%22Mounjaro%22&count=patient.reaction.reactionmeddrapt.exact&limit=100
safety_tolerability,patient.reaction.reactionmeddrapt.exact,Mounjaro,"FAERS/openFDA spontaneous adverse-event report counts are reporting signals, not incidence or causality.",Mounjaro,MATERNAL EXPOSURE DURING PREGNANCY,360,fda_faers_quarterly,collected_openfda_faers_count,https://api.fda.gov/drug/event.json?search=patient.drug.medicinalproduct%3A%22Mounjaro%22&count=patient.reaction.reactionmeddrapt.exact&limit=100
safety_tolerability,patient.reaction.reactionmeddrapt.exact,Mounjaro,"FAERS/openFDA spontaneous adverse-event report counts are reporting signals, not incidence or causality.",Mounjaro,SYNCOPE,338,fda_faers_quarterly,collected_openfda_faers_count,https://api.fda.gov/drug/event.json?search=patient.drug.medicinalproduct%3A%22Mounjaro%22&count=patient.reaction.reactionmeddrapt.exact&limit=100
safety_tolerability,patient.reaction.reactionmeddrapt.exact,Mounjaro,"FAERS/openFDA spontaneous adverse-event report counts are reporting signals, not incidence or causality.",Mounjaro,ACUTE KIDNEY INJURY,328,fda_faers_quarterly,collected_openfda_faers_count,https://api.fda.gov/drug/event.json?search=patient.drug.medicinalproduct%3A%22Mounjaro%22&count=patient.reaction.reactionmeddrapt.exact&limit=100
safety_tolerability,patient.reaction.reactionmeddrapt.exact,Mounjaro,"FAERS/openFDA spontaneous adverse-event report counts are reporting signals, not incidence or causality.",Mounjaro,GASTROINTESTINAL HYPOMOTILITY,322,fda_faers_quarterly,collected_openfda_faers_count,https://api.fda.gov/drug/event.json?search=patient.drug.medicinalproduct%3A%22Mounjaro%22&count=patient.reaction.reactionmeddrapt.exact&limit=100
safety_tolerability,patient.reaction.reactionmeddrapt.exact,Mounjaro,"FAERS/openFDA spontaneous adverse-event report counts are reporting signals, not incidence or causality.",Mounjaro,URINARY TRACT INFECTION,320,fda_faers_quarterly,collected_openfda_faers_count,https://api.fda.gov/drug/event.json?search=patient.drug.medicinalproduct%3A%22Mounjaro%22&count=patient.reaction.reactionmeddrapt.exact&limit=100
safety_tolerability,patient.reaction.reactionmeddrapt.exact,Mounjaro,"FAERS/openFDA spontaneous adverse-event report counts are reporting signals, not incidence or causality.",Mounjaro,TREMOR,319,fda_faers_quarterly,collected_openfda_faers_count,https://api.fda.gov/drug/event.json?search=patient.drug.medicinalproduct%3A%22Mounjaro%22&count=patient.reaction.reactionmeddrapt.exact&limit=100
safety_tolerability,patient.reaction.reactionmeddrapt.exact,Mounjaro,"FAERS/openFDA spontaneous adverse-event report counts are reporting signals, not incidence or causality.",Mounjaro,BLOOD GLUCOSE ABNORMAL,315,fda_faers_quarterly,collected_openfda_faers_count,https://api.fda.gov/drug/event.json?search=patient.drug.medicinalproduct%3A%22Mounjaro%22&count=patient.reaction.reactionmeddrapt.exact&limit=100
safety_tolerability,patient.reaction.reactionmeddrapt.exact,Mounjaro,"FAERS/openFDA spontaneous adverse-event report counts are reporting signals, not incidence or causality.",Mounjaro,HEART RATE INCREASED,304,fda_faers_quarterly,collected_openfda_faers_count,https://api.fda.gov/drug/event.json?search=patient.drug.medicinalproduct%3A%22Mounjaro%22&count=patient.reaction.reactionmeddrapt.exact&limit=100
safety_tolerability,patient.reaction.reactionmeddrapt.exact,Mounjaro,"FAERS/openFDA spontaneous adverse-event report counts are reporting signals, not incidence or causality.",Mounjaro,BLOOD PRESSURE INCREASED,298,fda_faers_quarterly,collected_openfda_faers_count,https://api.fda.gov/drug/event.json?search=patient.drug.medicinalproduct%3A%22Mounjaro%22&count=patient.reaction.reactionmeddrapt.exact&limit=100
safety_tolerability,patient.reaction.reactionmeddrapt.exact,Mounjaro,"FAERS/openFDA spontaneous adverse-event report counts are reporting signals, not incidence or causality.",Mounjaro,DRUG HYPERSENSITIVITY,295,fda_faers_quarterly,collected_openfda_faers_count,https://api.fda.gov/drug/event.json?search=patient.drug.medicinalproduct%3A%22Mounjaro%22&count=patient.reaction.reactionmeddrapt.exact&limit=100
safety_tolerability,patient.reaction.reactionmeddrapt.exact,Mounjaro,"FAERS/openFDA spontaneous adverse-event report counts are reporting signals, not incidence or causality.",Mounjaro,HYPOTENSION,289,fda_faers_quarterly,collected_openfda_faers_count,https://api.fda.gov/drug/event.json?search=patient.drug.medicinalproduct%3A%22Mounjaro%22&count=patient.reaction.reactionmeddrapt.exact&limit=100
safety_tolerability,patient.reaction.reactionmeddrapt.exact,Mounjaro,"FAERS/openFDA spontaneous adverse-event report counts are reporting signals, not incidence or causality.",Mounjaro,INFLUENZA,289,fda_faers_quarterly,collected_openfda_faers_count,https://api.fda.gov/drug/event.json?search=patient.drug.medicinalproduct%3A%22Mounjaro%22&count=patient.reaction.reactionmeddrapt.exact&limit=100
safety_tolerability,patient.reaction.reactionmeddrapt.exact,Mounjaro,"FAERS/openFDA spontaneous adverse-event report counts are reporting signals, not incidence or causality.",Mounjaro,DEATH,281,fda_faers_quarterly,collected_openfda_faers_count,https://api.fda.gov/drug/event.json?search=patient.drug.medicinalproduct%3A%22Mounjaro%22&count=patient.reaction.reactionmeddrapt.exact&limit=100
safety_tolerability,patient.reaction.reactionmeddrapt.exact,Mounjaro,"FAERS/openFDA spontaneous adverse-event report counts are reporting signals, not incidence or causality.",Mounjaro,CHEST PAIN,278,fda_faers_quarterly,collected_openfda_faers_count,https://api.fda.gov/drug/event.json?search=patient.drug.medicinalproduct%3A%22Mounjaro%22&count=patient.reaction.reactionmeddrapt.exact&limit=100
safety_tolerability,patient.reaction.reactionmeddrapt.exact,Mounjaro,"FAERS/openFDA spontaneous adverse-event report counts are reporting signals, not incidence or causality.",Mounjaro,SOMNOLENCE,277,fda_faers_quarterly,collected_openfda_faers_count,https://api.fda.gov/drug/event.json?search=patient.drug.medicinalproduct%3A%22Mounjaro%22&count=patient.reaction.reactionmeddrapt.exact&limit=100
safety_tolerability,patient.reaction.reactionmeddrapt.exact,Mounjaro,"FAERS/openFDA spontaneous adverse-event report counts are reporting signals, not incidence or causality.",Mounjaro,SUICIDAL IDEATION,277,fda_faers_quarterly,collected_openfda_faers_count,https://api.fda.gov/drug/event.json?search=patient.drug.medicinalproduct%3A%22Mounjaro%22&count=patient.reaction.reactionmeddrapt.exact&limit=100
safety_tolerability,patient.reaction.reactionmeddrapt.exact,Mounjaro,"FAERS/openFDA spontaneous adverse-event report counts are reporting signals, not incidence or causality.",Mounjaro,PARAESTHESIA,276,fda_faers_quarterly,collected_openfda_faers_count,https://api.fda.gov/drug/event.json?search=patient.drug.medicinalproduct%3A%22Mounjaro%22&count=patient.reaction.reactionmeddrapt.exact&limit=100
safety_tolerability,patient.reaction.reactionmeddrapt.exact,Mounjaro,"FAERS/openFDA spontaneous adverse-event report counts are reporting signals, not incidence or causality.",Mounjaro,LOSS OF CONSCIOUSNESS,273,fda_faers_quarterly,collected_openfda_faers_count,https://api.fda.gov/drug/event.json?search=patient.drug.medicinalproduct%3A%22Mounjaro%22&count=patient.reaction.reactionmeddrapt.exact&limit=100
safety_tolerability,patient.reaction.reactionmeddrapt.exact,Saxenda,"FAERS/openFDA spontaneous adverse-event report counts are reporting signals, not incidence or causality.",Saxenda,NAUSEA,1168,fda_faers_quarterly,collected_openfda_faers_count,https://api.fda.gov/drug/event.json?search=patient.drug.medicinalproduct%3A%22Saxenda%22&count=patient.reaction.reactionmeddrapt.exact&limit=100
safety_tolerability,patient.reaction.reactionmeddrapt.exact,Saxenda,"FAERS/openFDA spontaneous adverse-event report counts are reporting signals, not incidence or causality.",Saxenda,VOMITING,602,fda_faers_quarterly,collected_openfda_faers_count,https://api.fda.gov/drug/event.json?search=patient.drug.medicinalproduct%3A%22Saxenda%22&count=patient.reaction.reactionmeddrapt.exact&limit=100
safety_tolerability,patient.reaction.reactionmeddrapt.exact,Saxenda,"FAERS/openFDA spontaneous adverse-event report counts are reporting signals, not incidence or causality.",Saxenda,DIARRHOEA,414,fda_faers_quarterly,collected_openfda_faers_count,https://api.fda.gov/drug/event.json?search=patient.drug.medicinalproduct%3A%22Saxenda%22&count=patient.reaction.reactionmeddrapt.exact&limit=100
safety_tolerability,patient.reaction.reactionmeddrapt.exact,Saxenda,"FAERS/openFDA spontaneous adverse-event report counts are reporting signals, not incidence or causality.",Saxenda,DRUG INEFFECTIVE,359,fda_faers_quarterly,collected_openfda_faers_count,https://api.fda.gov/drug/event.json?search=patient.drug.medicinalproduct%3A%22Saxenda%22&count=patient.reaction.reactionmeddrapt.exact&limit=100
safety_tolerability,patient.reaction.reactionmeddrapt.exact,Saxenda,"FAERS/openFDA spontaneous adverse-event report counts are reporting signals, not incidence or causality.",Saxenda,WEIGHT INCREASED,334,fda_faers_quarterly,collected_openfda_faers_count,https://api.fda.gov/drug/event.json?search=patient.drug.medicinalproduct%3A%22Saxenda%22&count=patient.reaction.reactionmeddrapt.exact&limit=100
safety_tolerability,patient.reaction.reactionmeddrapt.exact,Saxenda,"FAERS/openFDA spontaneous adverse-event report counts are reporting signals, not incidence or causality.",Saxenda,CONSTIPATION,331,fda_faers_quarterly,collected_openfda_faers_count,https://api.fda.gov/drug/event.json?search=patient.drug.medicinalproduct%3A%22Saxenda%22&count=patient.reaction.reactionmeddrapt.exact&limit=100
safety_tolerability,patient.reaction.reactionmeddrapt.exact,Saxenda,"FAERS/openFDA spontaneous adverse-event report counts are reporting signals, not incidence or causality.",Saxenda,WEIGHT LOSS POOR,328,fda_faers_quarterly,collected_openfda_faers_count,https://api.fda.gov/drug/event.json?search=patient.drug.medicinalproduct%3A%22Saxenda%22&count=patient.reaction.reactionmeddrapt.exact&limit=100
safety_tolerability,patient.reaction.reactionmeddrapt.exact,Saxenda,"FAERS/openFDA spontaneous adverse-event report counts are reporting signals, not incidence or causality.",Saxenda,FATIGUE,319,fda_faers_quarterly,collected_openfda_faers_count,https://api.fda.gov/drug/event.json?search=patient.drug.medicinalproduct%3A%22Saxenda%22&count=patient.reaction.reactionmeddrapt.exact&limit=100
safety_tolerability,patient.reaction.reactionmeddrapt.exact,Saxenda,"FAERS/openFDA spontaneous adverse-event report counts are reporting signals, not incidence or causality.",Saxenda,OFF LABEL USE,316,fda_faers_quarterly,collected_openfda_faers_count,https://api.fda.gov/drug/event.json?search=patient.drug.medicinalproduct%3A%22Saxenda%22&count=patient.reaction.reactionmeddrapt.exact&limit=100
safety_tolerability,patient.reaction.reactionmeddrapt.exact,Saxenda,"FAERS/openFDA spontaneous adverse-event report counts are reporting signals, not incidence or causality.",Saxenda,HEADACHE,311,fda_faers_quarterly,collected_openfda_faers_count,https://api.fda.gov/drug/event.json?search=patient.drug.medicinalproduct%3A%22Saxenda%22&count=patient.reaction.reactionmeddrapt.exact&limit=100
safety_tolerability,patient.reaction.reactionmeddrapt.exact,Saxenda,"FAERS/openFDA spontaneous adverse-event report counts are reporting signals, not incidence or causality.",Saxenda,DECREASED APPETITE,260,fda_faers_quarterly,collected_openfda_faers_count,https://api.fda.gov/drug/event.json?search=patient.drug.medicinalproduct%3A%22Saxenda%22&count=patient.reaction.reactionmeddrapt.exact&limit=100
safety_tolerability,patient.reaction.reactionmeddrapt.exact,Saxenda,"FAERS/openFDA spontaneous adverse-event report counts are reporting signals, not incidence or causality.",Saxenda,PANCREATITIS,226,fda_faers_quarterly,collected_openfda_faers_count,https://api.fda.gov/drug/event.json?search=patient.drug.medicinalproduct%3A%22Saxenda%22&count=patient.reaction.reactionmeddrapt.exact&limit=100
safety_tolerability,patient.reaction.reactionmeddrapt.exact,Saxenda,"FAERS/openFDA spontaneous adverse-event report counts are reporting signals, not incidence or causality.",Saxenda,DIZZINESS,217,fda_faers_quarterly,collected_openfda_faers_count,https://api.fda.gov/drug/event.json?search=patient.drug.medicinalproduct%3A%22Saxenda%22&count=patient.reaction.reactionmeddrapt.exact&limit=100
safety_tolerability,patient.reaction.reactionmeddrapt.exact,Saxenda,"FAERS/openFDA spontaneous adverse-event report counts are reporting signals, not incidence or causality.",Saxenda,ABDOMINAL PAIN UPPER,214,fda_faers_quarterly,collected_openfda_faers_count,https://api.fda.gov/drug/event.json?search=patient.drug.medicinalproduct%3A%22Saxenda%22&count=patient.reaction.reactionmeddrapt.exact&limit=100
safety_tolerability,patient.reaction.reactionmeddrapt.exact,Saxenda,"FAERS/openFDA spontaneous adverse-event report counts are reporting signals, not incidence or causality.",Saxenda,ABDOMINAL PAIN,187,fda_faers_quarterly,collected_openfda_faers_count,https://api.fda.gov/drug/event.json?search=patient.drug.medicinalproduct%3A%22Saxenda%22&count=patient.reaction.reactionmeddrapt.exact&limit=100
safety_tolerability,patient.reaction.reactionmeddrapt.exact,Saxenda,"FAERS/openFDA spontaneous adverse-event report counts are reporting signals, not incidence or causality.",Saxenda,CHOLELITHIASIS,154,fda_faers_quarterly,collected_openfda_faers_count,https://api.fda.gov/drug/event.json?search=patient.drug.medicinalproduct%3A%22Saxenda%22&count=patient.reaction.reactionmeddrapt.exact&limit=100
safety_tolerability,patient.reaction.reactionmeddrapt.exact,Saxenda,"FAERS/openFDA spontaneous adverse-event report counts are reporting signals, not incidence or causality.",Saxenda,INJECTION SITE ERYTHEMA,154,fda_faers_quarterly,collected_openfda_faers_count,https://api.fda.gov/drug/event.json?search=patient.drug.medicinalproduct%3A%22Saxenda%22&count=patient.reaction.reactionmeddrapt.exact&limit=100
safety_tolerability,patient.reaction.reactionmeddrapt.exact,Saxenda,"FAERS/openFDA spontaneous adverse-event report counts are reporting signals, not incidence or causality.",Saxenda,MALAISE,151,fda_faers_quarterly,collected_openfda_faers_count,https://api.fda.gov/drug/event.json?search=patient.drug.medicinalproduct%3A%22Saxenda%22&count=patient.reaction.reactionmeddrapt.exact&limit=100
safety_tolerability,patient.reaction.reactionmeddrapt.exact,Saxenda,"FAERS/openFDA spontaneous adverse-event report counts are reporting signals, not incidence or causality.",Saxenda,ERUCTATION,140,fda_faers_quarterly,collected_openfda_faers_count,https://api.fda.gov/drug/event.json?search=patient.drug.medicinalproduct%3A%22Saxenda%22&count=patient.reaction.reactionmeddrapt.exact&limit=100
safety_tolerability,patient.reaction.reactionmeddrapt.exact,Saxenda,"FAERS/openFDA spontaneous adverse-event report counts are reporting signals, not incidence or causality.",Saxenda,HUNGER,139,fda_faers_quarterly,collected_openfda_faers_count,https://api.fda.gov/drug/event.json?search=patient.drug.medicinalproduct%3A%22Saxenda%22&count=patient.reaction.reactionmeddrapt.exact&limit=100
safety_tolerability,patient.reaction.reactionmeddrapt.exact,Saxenda,"FAERS/openFDA spontaneous adverse-event report counts are reporting signals, not incidence or causality.",Saxenda,DYSPEPSIA,136,fda_faers_quarterly,collected_openfda_faers_count,https://api.fda.gov/drug/event.json?search=patient.drug.medicinalproduct%3A%22Saxenda%22&count=patient.reaction.reactionmeddrapt.exact&limit=100
safety_tolerability,patient.reaction.reactionmeddrapt.exact,Saxenda,"FAERS/openFDA spontaneous adverse-event report counts are reporting signals, not incidence or causality.",Saxenda,DEHYDRATION,135,fda_faers_quarterly,collected_openfda_faers_count,https://api.fda.gov/drug/event.json?search=patient.drug.medicinalproduct%3A%22Saxenda%22&count=patient.reaction.reactionmeddrapt.exact&limit=100
safety_tolerability,patient.reaction.reactionmeddrapt.exact,Saxenda,"FAERS/openFDA spontaneous adverse-event report counts are reporting signals, not incidence or causality.",Saxenda,INJECTION SITE PRURITUS,129,fda_faers_quarterly,collected_openfda_faers_count,https://api.fda.gov/drug/event.json?search=patient.drug.medicinalproduct%3A%22Saxenda%22&count=patient.reaction.reactionmeddrapt.exact&limit=100
safety_tolerability,patient.reaction.reactionmeddrapt.exact,Saxenda,"FAERS/openFDA spontaneous adverse-event report counts are reporting signals, not incidence or causality.",Saxenda,INCREASED APPETITE,121,fda_faers_quarterly,collected_openfda_faers_count,https://api.fda.gov/drug/event.json?search=patient.drug.medicinalproduct%3A%22Saxenda%22&count=patient.reaction.reactionmeddrapt.exact&limit=100
safety_tolerability,patient.reaction.reactionmeddrapt.exact,Saxenda,"FAERS/openFDA spontaneous adverse-event report counts are reporting signals, not incidence or causality.",Saxenda,ASTHENIA,119,fda_faers_quarterly,collected_openfda_faers_count,https://api.fda.gov/drug/event.json?search=patient.drug.medicinalproduct%3A%22Saxenda%22&count=patient.reaction.reactionmeddrapt.exact&limit=100
safety_tolerability,patient.reaction.reactionmeddrapt.exact,Saxenda,"FAERS/openFDA spontaneous adverse-event report counts are reporting signals, not incidence or causality.",Saxenda,ABDOMINAL DISCOMFORT,115,fda_faers_quarterly,collected_openfda_faers_count,https://api.fda.gov/drug/event.json?search=patient.drug.medicinalproduct%3A%22Saxenda%22&count=patient.reaction.reactionmeddrapt.exact&limit=100
safety_tolerability,patient.reaction.reactionmeddrapt.exact,Saxenda,"FAERS/openFDA spontaneous adverse-event report counts are reporting signals, not incidence or causality.",Saxenda,RASH,115,fda_faers_quarterly,collected_openfda_faers_count,https://api.fda.gov/drug/event.json?search=patient.drug.medicinalproduct%3A%22Saxenda%22&count=patient.reaction.reactionmeddrapt.exact&limit=100
safety_tolerability,patient.reaction.reactionmeddrapt.exact,Saxenda,"FAERS/openFDA spontaneous adverse-event report counts are reporting signals, not incidence or causality.",Saxenda,INJECTION SITE BRUISING,113,fda_faers_quarterly,collected_openfda_faers_count,https://api.fda.gov/drug/event.json?search=patient.drug.medicinalproduct%3A%22Saxenda%22&count=patient.reaction.reactionmeddrapt.exact&limit=100
safety_tolerability,patient.reaction.reactionmeddrapt.exact,Saxenda,"FAERS/openFDA spontaneous adverse-event report counts are reporting signals, not incidence or causality.",Saxenda,ANXIETY,110,fda_faers_quarterly,collected_openfda_faers_count,https://api.fda.gov/drug/event.json?search=patient.drug.medicinalproduct%3A%22Saxenda%22&count=patient.reaction.reactionmeddrapt.exact&limit=100
safety_tolerability,patient.reaction.reactionmeddrapt.exact,Saxenda,"FAERS/openFDA spontaneous adverse-event report counts are reporting signals, not incidence or causality.",Saxenda,ABDOMINAL DISTENSION,106,fda_faers_quarterly,collected_openfda_faers_count,https://api.fda.gov/drug/event.json?search=patient.drug.medicinalproduct%3A%22Saxenda%22&count=patient.reaction.reactionmeddrapt.exact&limit=100
safety_tolerability,patient.reaction.reactionmeddrapt.exact,Saxenda,"FAERS/openFDA spontaneous adverse-event report counts are reporting signals, not incidence or causality.",Saxenda,PAIN,106,fda_faers_quarterly,collected_openfda_faers_count,https://api.fda.gov/drug/event.json?search=patient.drug.medicinalproduct%3A%22Saxenda%22&count=patient.reaction.reactionmeddrapt.exact&limit=100
safety_tolerability,patient.reaction.reactionmeddrapt.exact,Saxenda,"FAERS/openFDA spontaneous adverse-event report counts are reporting signals, not incidence or causality.",Saxenda,GASTROOESOPHAGEAL REFLUX DISEASE,105,fda_faers_quarterly,collected_openfda_faers_count,https://api.fda.gov/drug/event.json?search=patient.drug.medicinalproduct%3A%22Saxenda%22&count=patient.reaction.reactionmeddrapt.exact&limit=100
safety_tolerability,patient.reaction.reactionmeddrapt.exact,Saxenda,"FAERS/openFDA spontaneous adverse-event report counts are reporting signals, not incidence or causality.",Saxenda,INAPPROPRIATE SCHEDULE OF PRODUCT ADMINISTRATION,99,fda_faers_quarterly,collected_openfda_faers_count,https://api.fda.gov/drug/event.json?search=patient.drug.medicinalproduct%3A%22Saxenda%22&count=patient.reaction.reactionmeddrapt.exact&limit=100
safety_tolerability,patient.reaction.reactionmeddrapt.exact,Saxenda,"FAERS/openFDA spontaneous adverse-event report counts are reporting signals, not incidence or causality.",Saxenda,INJECTION SITE PAIN,99,fda_faers_quarterly,collected_openfda_faers_count,https://api.fda.gov/drug/event.json?search=patient.drug.medicinalproduct%3A%22Saxenda%22&count=patient.reaction.reactionmeddrapt.exact&limit=100
safety_tolerability,patient.reaction.reactionmeddrapt.exact,Saxenda,"FAERS/openFDA spontaneous adverse-event report counts are reporting signals, not incidence or causality.",Saxenda,DEPRESSION,96,fda_faers_quarterly,collected_openfda_faers_count,https://api.fda.gov/drug/event.json?search=patient.drug.medicinalproduct%3A%22Saxenda%22&count=patient.reaction.reactionmeddrapt.exact&limit=100
safety_tolerability,patient.reaction.reactionmeddrapt.exact,Saxenda,"FAERS/openFDA spontaneous adverse-event report counts are reporting signals, not incidence or causality.",Saxenda,DYSPNOEA,95,fda_faers_quarterly,collected_openfda_faers_count,https://api.fda.gov/drug/event.json?search=patient.drug.medicinalproduct%3A%22Saxenda%22&count=patient.reaction.reactionmeddrapt.exact&limit=100
safety_tolerability,patient.reaction.reactionmeddrapt.exact,Saxenda,"FAERS/openFDA spontaneous adverse-event report counts are reporting signals, not incidence or causality.",Saxenda,PRODUCT USE ISSUE,94,fda_faers_quarterly,collected_openfda_faers_count,https://api.fda.gov/drug/event.json?search=patient.drug.medicinalproduct%3A%22Saxenda%22&count=patient.reaction.reactionmeddrapt.exact&limit=100
safety_tolerability,patient.reaction.reactionmeddrapt.exact,Saxenda,"FAERS/openFDA spontaneous adverse-event report counts are reporting signals, not incidence or causality.",Saxenda,ALOPECIA,87,fda_faers_quarterly,collected_openfda_faers_count,https://api.fda.gov/drug/event.json?search=patient.drug.medicinalproduct%3A%22Saxenda%22&count=patient.reaction.reactionmeddrapt.exact&limit=100
safety_tolerability,patient.reaction.reactionmeddrapt.exact,Saxenda,"FAERS/openFDA spontaneous adverse-event report counts are reporting signals, not incidence or causality.",Saxenda,SYNCOPE,86,fda_faers_quarterly,collected_openfda_faers_count,https://api.fda.gov/drug/event.json?search=patient.drug.medicinalproduct%3A%22Saxenda%22&count=patient.reaction.reactionmeddrapt.exact&limit=100
safety_tolerability,patient.reaction.reactionmeddrapt.exact,Saxenda,"FAERS/openFDA spontaneous adverse-event report counts are reporting signals, not incidence or causality.",Saxenda,ARTHRALGIA,85,fda_faers_quarterly,collected_openfda_faers_count,https://api.fda.gov/drug/event.json?search=patient.drug.medicinalproduct%3A%22Saxenda%22&count=patient.reaction.reactionmeddrapt.exact&limit=100
safety_tolerability,patient.reaction.reactionmeddrapt.exact,Saxenda,"FAERS/openFDA spontaneous adverse-event report counts are reporting signals, not incidence or causality.",Saxenda,BACK PAIN,85,fda_faers_quarterly,collected_openfda_faers_count,https://api.fda.gov/drug/event.json?search=patient.drug.medicinalproduct%3A%22Saxenda%22&count=patient.reaction.reactionmeddrapt.exact&limit=100
safety_tolerability,patient.reaction.reactionmeddrapt.exact,Saxenda,"FAERS/openFDA spontaneous adverse-event report counts are reporting signals, not incidence or causality.",Saxenda,CONDITION AGGRAVATED,84,fda_faers_quarterly,collected_openfda_faers_count,https://api.fda.gov/drug/event.json?search=patient.drug.medicinalproduct%3A%22Saxenda%22&count=patient.reaction.reactionmeddrapt.exact&limit=100
safety_tolerability,patient.reaction.reactionmeddrapt.exact,Saxenda,"FAERS/openFDA spontaneous adverse-event report counts are reporting signals, not incidence or causality.",Saxenda,WEIGHT DECREASED,77,fda_faers_quarterly,collected_openfda_faers_count,https://api.fda.gov/drug/event.json?search=patient.drug.medicinalproduct%3A%22Saxenda%22&count=patient.reaction.reactionmeddrapt.exact&limit=100
safety_tolerability,patient.reaction.reactionmeddrapt.exact,Saxenda,"FAERS/openFDA spontaneous adverse-event report counts are reporting signals, not incidence or causality.",Saxenda,FLATULENCE,76,fda_faers_quarterly,collected_openfda_faers_count,https://api.fda.gov/drug/event.json?search=patient.drug.medicinalproduct%3A%22Saxenda%22&count=patient.reaction.reactionmeddrapt.exact&limit=100
safety_tolerability,patient.reaction.reactionmeddrapt.exact,Saxenda,"FAERS/openFDA spontaneous adverse-event report counts are reporting signals, not incidence or causality.",Saxenda,IMPAIRED GASTRIC EMPTYING,76,fda_faers_quarterly,collected_openfda_faers_count,https://api.fda.gov/drug/event.json?search=patient.drug.medicinalproduct%3A%22Saxenda%22&count=patient.reaction.reactionmeddrapt.exact&limit=100
safety_tolerability,patient.reaction.reactionmeddrapt.exact,Saxenda,"FAERS/openFDA spontaneous adverse-event report counts are reporting signals, not incidence or causality.",Saxenda,PALPITATIONS,76,fda_faers_quarterly,collected_openfda_faers_count,https://api.fda.gov/drug/event.json?search=patient.drug.medicinalproduct%3A%22Saxenda%22&count=patient.reaction.reactionmeddrapt.exact&limit=100
safety_tolerability,patient.reaction.reactionmeddrapt.exact,Saxenda,"FAERS/openFDA spontaneous adverse-event report counts are reporting signals, not incidence or causality.",Saxenda,PRODUCT USE IN UNAPPROVED INDICATION,76,fda_faers_quarterly,collected_openfda_faers_count,https://api.fda.gov/drug/event.json?search=patient.drug.medicinalproduct%3A%22Saxenda%22&count=patient.reaction.reactionmeddrapt.exact&limit=100
safety_tolerability,patient.reaction.reactionmeddrapt.exact,Saxenda,"FAERS/openFDA spontaneous adverse-event report counts are reporting signals, not incidence or causality.",Saxenda,COVID-19,75,fda_faers_quarterly,collected_openfda_faers_count,https://api.fda.gov/drug/event.json?search=patient.drug.medicinalproduct%3A%22Saxenda%22&count=patient.reaction.reactionmeddrapt.exact&limit=100
safety_tolerability,patient.reaction.reactionmeddrapt.exact,Saxenda,"FAERS/openFDA spontaneous adverse-event report counts are reporting signals, not incidence or causality.",Saxenda,HYPERHIDROSIS,74,fda_faers_quarterly,collected_openfda_faers_count,https://api.fda.gov/drug/event.json?search=patient.drug.medicinalproduct%3A%22Saxenda%22&count=patient.reaction.reactionmeddrapt.exact&limit=100
safety_tolerability,patient.reaction.reactionmeddrapt.exact,Saxenda,"FAERS/openFDA spontaneous adverse-event report counts are reporting signals, not incidence or causality.",Saxenda,MIGRAINE,73,fda_faers_quarterly,collected_openfda_faers_count,https://api.fda.gov/drug/event.json?search=patient.drug.medicinalproduct%3A%22Saxenda%22&count=patient.reaction.reactionmeddrapt.exact&limit=100
safety_tolerability,patient.reaction.reactionmeddrapt.exact,Saxenda,"FAERS/openFDA spontaneous adverse-event report counts are reporting signals, not incidence or causality.",Saxenda,PRURITUS,71,fda_faers_quarterly,collected_openfda_faers_count,https://api.fda.gov/drug/event.json?search=patient.drug.medicinalproduct%3A%22Saxenda%22&count=patient.reaction.reactionmeddrapt.exact&limit=100
safety_tolerability,patient.reaction.reactionmeddrapt.exact,Saxenda,"FAERS/openFDA spontaneous adverse-event report counts are reporting signals, not incidence or causality.",Saxenda,INJECTION SITE URTICARIA,70,fda_faers_quarterly,collected_openfda_faers_count,https://api.fda.gov/drug/event.json?search=patient.drug.medicinalproduct%3A%22Saxenda%22&count=patient.reaction.reactionmeddrapt.exact&limit=100
safety_tolerability,patient.reaction.reactionmeddrapt.exact,Saxenda,"FAERS/openFDA spontaneous adverse-event report counts are reporting signals, not incidence or causality.",Saxenda,FEELING ABNORMAL,69,fda_faers_quarterly,collected_openfda_faers_count,https://api.fda.gov/drug/event.json?search=patient.drug.medicinalproduct%3A%22Saxenda%22&count=patient.reaction.reactionmeddrapt.exact&limit=100
safety_tolerability,patient.reaction.reactionmeddrapt.exact,Saxenda,"FAERS/openFDA spontaneous adverse-event report counts are reporting signals, not incidence or causality.",Saxenda,INSOMNIA,68,fda_faers_quarterly,collected_openfda_faers_count,https://api.fda.gov/drug/event.json?search=patient.drug.medicinalproduct%3A%22Saxenda%22&count=patient.reaction.reactionmeddrapt.exact&limit=100
safety_tolerability,patient.reaction.reactionmeddrapt.exact,Saxenda,"FAERS/openFDA spontaneous adverse-event report counts are reporting signals, not incidence or causality.",Saxenda,MUSCLE SPASMS,68,fda_faers_quarterly,collected_openfda_faers_count,https://api.fda.gov/drug/event.json?search=patient.drug.medicinalproduct%3A%22Saxenda%22&count=patient.reaction.reactionmeddrapt.exact&limit=100
safety_tolerability,patient.reaction.reactionmeddrapt.exact,Saxenda,"FAERS/openFDA spontaneous adverse-event report counts are reporting signals, not incidence or causality.",Saxenda,WRONG TECHNIQUE IN PRODUCT USAGE PROCESS,68,fda_faers_quarterly,collected_openfda_faers_count,https://api.fda.gov/drug/event.json?search=patient.drug.medicinalproduct%3A%22Saxenda%22&count=patient.reaction.reactionmeddrapt.exact&limit=100
safety_tolerability,patient.reaction.reactionmeddrapt.exact,Saxenda,"FAERS/openFDA spontaneous adverse-event report counts are reporting signals, not incidence or causality.",Saxenda,HYPERTENSION,66,fda_faers_quarterly,collected_openfda_faers_count,https://api.fda.gov/drug/event.json?search=patient.drug.medicinalproduct%3A%22Saxenda%22&count=patient.reaction.reactionmeddrapt.exact&limit=100
safety_tolerability,patient.reaction.reactionmeddrapt.exact,Saxenda,"FAERS/openFDA spontaneous adverse-event report counts are reporting signals, not incidence or causality.",Saxenda,PRODUCT QUALITY ISSUE,66,fda_faers_quarterly,collected_openfda_faers_count,https://api.fda.gov/drug/event.json?search=patient.drug.medicinalproduct%3A%22Saxenda%22&count=patient.reaction.reactionmeddrapt.exact&limit=100
safety_tolerability,patient.reaction.reactionmeddrapt.exact,Saxenda,"FAERS/openFDA spontaneous adverse-event report counts are reporting signals, not incidence or causality.",Saxenda,SUICIDAL IDEATION,66,fda_faers_quarterly,collected_openfda_faers_count,https://api.fda.gov/drug/event.json?search=patient.drug.medicinalproduct%3A%22Saxenda%22&count=patient.reaction.reactionmeddrapt.exact&limit=100
safety_tolerability,patient.reaction.reactionmeddrapt.exact,Saxenda,"FAERS/openFDA spontaneous adverse-event report counts are reporting signals, not incidence or causality.",Saxenda,URTICARIA,66,fda_faers_quarterly,collected_openfda_faers_count,https://api.fda.gov/drug/event.json?search=patient.drug.medicinalproduct%3A%22Saxenda%22&count=patient.reaction.reactionmeddrapt.exact&limit=100
safety_tolerability,patient.reaction.reactionmeddrapt.exact,Saxenda,"FAERS/openFDA spontaneous adverse-event report counts are reporting signals, not incidence or causality.",Saxenda,CHOLECYSTECTOMY,65,fda_faers_quarterly,collected_openfda_faers_count,https://api.fda.gov/drug/event.json?search=patient.drug.medicinalproduct%3A%22Saxenda%22&count=patient.reaction.reactionmeddrapt.exact&limit=100
safety_tolerability,patient.reaction.reactionmeddrapt.exact,Saxenda,"FAERS/openFDA spontaneous adverse-event report counts are reporting signals, not incidence or causality.",Saxenda,BLOOD GLUCOSE DECREASED,62,fda_faers_quarterly,collected_openfda_faers_count,https://api.fda.gov/drug/event.json?search=patient.drug.medicinalproduct%3A%22Saxenda%22&count=patient.reaction.reactionmeddrapt.exact&limit=100
safety_tolerability,patient.reaction.reactionmeddrapt.exact,Saxenda,"FAERS/openFDA spontaneous adverse-event report counts are reporting signals, not incidence or causality.",Saxenda,DRY MOUTH,62,fda_faers_quarterly,collected_openfda_faers_count,https://api.fda.gov/drug/event.json?search=patient.drug.medicinalproduct%3A%22Saxenda%22&count=patient.reaction.reactionmeddrapt.exact&limit=100
safety_tolerability,patient.reaction.reactionmeddrapt.exact,Saxenda,"FAERS/openFDA spontaneous adverse-event report counts are reporting signals, not incidence or causality.",Saxenda,DRUG INTERACTION,60,fda_faers_quarterly,collected_openfda_faers_count,https://api.fda.gov/drug/event.json?search=patient.drug.medicinalproduct%3A%22Saxenda%22&count=patient.reaction.reactionmeddrapt.exact&limit=100
safety_tolerability,patient.reaction.reactionmeddrapt.exact,Saxenda,"FAERS/openFDA spontaneous adverse-event report counts are reporting signals, not incidence or causality.",Saxenda,LOSS OF CONSCIOUSNESS,59,fda_faers_quarterly,collected_openfda_faers_count,https://api.fda.gov/drug/event.json?search=patient.drug.medicinalproduct%3A%22Saxenda%22&count=patient.reaction.reactionmeddrapt.exact&limit=100
safety_tolerability,patient.reaction.reactionmeddrapt.exact,Saxenda,"FAERS/openFDA spontaneous adverse-event report counts are reporting signals, not incidence or causality.",Saxenda,NASOPHARYNGITIS,59,fda_faers_quarterly,collected_openfda_faers_count,https://api.fda.gov/drug/event.json?search=patient.drug.medicinalproduct%3A%22Saxenda%22&count=patient.reaction.reactionmeddrapt.exact&limit=100
safety_tolerability,patient.reaction.reactionmeddrapt.exact,Saxenda,"FAERS/openFDA spontaneous adverse-event report counts are reporting signals, not incidence or causality.",Saxenda,FALL,57,fda_faers_quarterly,collected_openfda_faers_count,https://api.fda.gov/drug/event.json?search=patient.drug.medicinalproduct%3A%22Saxenda%22&count=patient.reaction.reactionmeddrapt.exact&limit=100
safety_tolerability,patient.reaction.reactionmeddrapt.exact,Saxenda,"FAERS/openFDA spontaneous adverse-event report counts are reporting signals, not incidence or causality.",Saxenda,HEART RATE INCREASED,57,fda_faers_quarterly,collected_openfda_faers_count,https://api.fda.gov/drug/event.json?search=patient.drug.medicinalproduct%3A%22Saxenda%22&count=patient.reaction.reactionmeddrapt.exact&limit=100
safety_tolerability,patient.reaction.reactionmeddrapt.exact,Saxenda,"FAERS/openFDA spontaneous adverse-event report counts are reporting signals, not incidence or causality.",Saxenda,INJECTION SITE REACTION,57,fda_faers_quarterly,collected_openfda_faers_count,https://api.fda.gov/drug/event.json?search=patient.drug.medicinalproduct%3A%22Saxenda%22&count=patient.reaction.reactionmeddrapt.exact&limit=100
safety_tolerability,patient.reaction.reactionmeddrapt.exact,Saxenda,"FAERS/openFDA spontaneous adverse-event report counts are reporting signals, not incidence or causality.",Saxenda,ILLNESS,56,fda_faers_quarterly,collected_openfda_faers_count,https://api.fda.gov/drug/event.json?search=patient.drug.medicinalproduct%3A%22Saxenda%22&count=patient.reaction.reactionmeddrapt.exact&limit=100
safety_tolerability,patient.reaction.reactionmeddrapt.exact,Saxenda,"FAERS/openFDA spontaneous adverse-event report counts are reporting signals, not incidence or causality.",Saxenda,INJECTION SITE RASH,56,fda_faers_quarterly,collected_openfda_faers_count,https://api.fda.gov/drug/event.json?search=patient.drug.medicinalproduct%3A%22Saxenda%22&count=patient.reaction.reactionmeddrapt.exact&limit=100
safety_tolerability,patient.reaction.reactionmeddrapt.exact,Saxenda,"FAERS/openFDA spontaneous adverse-event report counts are reporting signals, not incidence or causality.",Saxenda,FOOD CRAVING,55,fda_faers_quarterly,collected_openfda_faers_count,https://api.fda.gov/drug/event.json?search=patient.drug.medicinalproduct%3A%22Saxenda%22&count=patient.reaction.reactionmeddrapt.exact&limit=100
safety_tolerability,patient.reaction.reactionmeddrapt.exact,Saxenda,"FAERS/openFDA spontaneous adverse-event report counts are reporting signals, not incidence or causality.",Saxenda,PANCREATITIS ACUTE,55,fda_faers_quarterly,collected_openfda_faers_count,https://api.fda.gov/drug/event.json?search=patient.drug.medicinalproduct%3A%22Saxenda%22&count=patient.reaction.reactionmeddrapt.exact&limit=100
safety_tolerability,patient.reaction.reactionmeddrapt.exact,Saxenda,"FAERS/openFDA spontaneous adverse-event report counts are reporting signals, not incidence or causality.",Saxenda,SOMNOLENCE,55,fda_faers_quarterly,collected_openfda_faers_count,https://api.fda.gov/drug/event.json?search=patient.drug.medicinalproduct%3A%22Saxenda%22&count=patient.reaction.reactionmeddrapt.exact&limit=100
safety_tolerability,patient.reaction.reactionmeddrapt.exact,Saxenda,"FAERS/openFDA spontaneous adverse-event report counts are reporting signals, not incidence or causality.",Saxenda,GASTRITIS,54,fda_faers_quarterly,collected_openfda_faers_count,https://api.fda.gov/drug/event.json?search=patient.drug.medicinalproduct%3A%22Saxenda%22&count=patient.reaction.reactionmeddrapt.exact&limit=100
safety_tolerability,patient.reaction.reactionmeddrapt.exact,Saxenda,"FAERS/openFDA spontaneous adverse-event report counts are reporting signals, not incidence or causality.",Saxenda,DYSGEUSIA,53,fda_faers_quarterly,collected_openfda_faers_count,https://api.fda.gov/drug/event.json?search=patient.drug.medicinalproduct%3A%22Saxenda%22&count=patient.reaction.reactionmeddrapt.exact&limit=100
safety_tolerability,patient.reaction.reactionmeddrapt.exact,Saxenda,"FAERS/openFDA spontaneous adverse-event report counts are reporting signals, not incidence or causality.",Saxenda,GASTROINTESTINAL DISORDER,52,fda_faers_quarterly,collected_openfda_faers_count,https://api.fda.gov/drug/event.json?search=patient.drug.medicinalproduct%3A%22Saxenda%22&count=patient.reaction.reactionmeddrapt.exact&limit=100
safety_tolerability,patient.reaction.reactionmeddrapt.exact,Saxenda,"FAERS/openFDA spontaneous adverse-event report counts are reporting signals, not incidence or causality.",Saxenda,ADVERSE DRUG REACTION,51,fda_faers_quarterly,collected_openfda_faers_count,https://api.fda.gov/drug/event.json?search=patient.drug.medicinalproduct%3A%22Saxenda%22&count=patient.reaction.reactionmeddrapt.exact&limit=100
safety_tolerability,patient.reaction.reactionmeddrapt.exact,Saxenda,"FAERS/openFDA spontaneous adverse-event report counts are reporting signals, not incidence or causality.",Saxenda,BLOOD GLUCOSE INCREASED,51,fda_faers_quarterly,collected_openfda_faers_count,https://api.fda.gov/drug/event.json?search=patient.drug.medicinalproduct%3A%22Saxenda%22&count=patient.reaction.reactionmeddrapt.exact&limit=100
safety_tolerability,patient.reaction.reactionmeddrapt.exact,Saxenda,"FAERS/openFDA spontaneous adverse-event report counts are reporting signals, not incidence or causality.",Saxenda,BLOOD PRESSURE INCREASED,51,fda_faers_quarterly,collected_openfda_faers_count,https://api.fda.gov/drug/event.json?search=patient.drug.medicinalproduct%3A%22Saxenda%22&count=patient.reaction.reactionmeddrapt.exact&limit=100
safety_tolerability,patient.reaction.reactionmeddrapt.exact,Saxenda,"FAERS/openFDA spontaneous adverse-event report counts are reporting signals, not incidence or causality.",Saxenda,SURGERY,50,fda_faers_quarterly,collected_openfda_faers_count,https://api.fda.gov/drug/event.json?search=patient.drug.medicinalproduct%3A%22Saxenda%22&count=patient.reaction.reactionmeddrapt.exact&limit=100
safety_tolerability,patient.reaction.reactionmeddrapt.exact,Saxenda,"FAERS/openFDA spontaneous adverse-event report counts are reporting signals, not incidence or causality.",Saxenda,MATERNAL EXPOSURE DURING PREGNANCY,47,fda_faers_quarterly,collected_openfda_faers_count,https://api.fda.gov/drug/event.json?search=patient.drug.medicinalproduct%3A%22Saxenda%22&count=patient.reaction.reactionmeddrapt.exact&limit=100
safety_tolerability,patient.reaction.reactionmeddrapt.exact,Saxenda,"FAERS/openFDA spontaneous adverse-event report counts are reporting signals, not incidence or causality.",Saxenda,HYPOTENSION,45,fda_faers_quarterly,collected_openfda_faers_count,https://api.fda.gov/drug/event.json?search=patient.drug.medicinalproduct%3A%22Saxenda%22&count=patient.reaction.reactionmeddrapt.exact&limit=100
safety_tolerability,patient.reaction.reactionmeddrapt.exact,Saxenda,"FAERS/openFDA spontaneous adverse-event report counts are reporting signals, not incidence or causality.",Saxenda,INCORRECT DOSE ADMINISTERED,45,fda_faers_quarterly,collected_openfda_faers_count,https://api.fda.gov/drug/event.json?search=patient.drug.medicinalproduct%3A%22Saxenda%22&count=patient.reaction.reactionmeddrapt.exact&limit=100
safety_tolerability,patient.reaction.reactionmeddrapt.exact,Saxenda,"FAERS/openFDA spontaneous adverse-event report counts are reporting signals, not incidence or causality.",Saxenda,URINARY TRACT INFECTION,45,fda_faers_quarterly,collected_openfda_faers_count,https://api.fda.gov/drug/event.json?search=patient.drug.medicinalproduct%3A%22Saxenda%22&count=patient.reaction.reactionmeddrapt.exact&limit=100
safety_tolerability,patient.reaction.reactionmeddrapt.exact,Saxenda,"FAERS/openFDA spontaneous adverse-event report counts are reporting signals, not incidence or causality.",Saxenda,CHILLS,44,fda_faers_quarterly,collected_openfda_faers_count,https://api.fda.gov/drug/event.json?search=patient.drug.medicinalproduct%3A%22Saxenda%22&count=patient.reaction.reactionmeddrapt.exact&limit=100
safety_tolerability,patient.reaction.reactionmeddrapt.exact,Saxenda,"FAERS/openFDA spontaneous adverse-event report counts are reporting signals, not incidence or causality.",Saxenda,HYPERSENSITIVITY,44,fda_faers_quarterly,collected_openfda_faers_count,https://api.fda.gov/drug/event.json?search=patient.drug.medicinalproduct%3A%22Saxenda%22&count=patient.reaction.reactionmeddrapt.exact&limit=100
safety_tolerability,patient.reaction.reactionmeddrapt.exact,Saxenda,"FAERS/openFDA spontaneous adverse-event report counts are reporting signals, not incidence or causality.",Saxenda,INJECTION SITE MASS,44,fda_faers_quarterly,collected_openfda_faers_count,https://api.fda.gov/drug/event.json?search=patient.drug.medicinalproduct%3A%22Saxenda%22&count=patient.reaction.reactionmeddrapt.exact&limit=100
safety_tolerability,patient.reaction.reactionmeddrapt.exact,Saxenda,"FAERS/openFDA spontaneous adverse-event report counts are reporting signals, not incidence or causality.",Saxenda,PRODUCT DOSE OMISSION ISSUE,42,fda_faers_quarterly,collected_openfda_faers_count,https://api.fda.gov/drug/event.json?search=patient.drug.medicinalproduct%3A%22Saxenda%22&count=patient.reaction.reactionmeddrapt.exact&limit=100
safety_tolerability,patient.reaction.reactionmeddrapt.exact,Saxenda,"FAERS/openFDA spontaneous adverse-event report counts are reporting signals, not incidence or causality.",Saxenda,CHOLECYSTITIS,41,fda_faers_quarterly,collected_openfda_faers_count,https://api.fda.gov/drug/event.json?search=patient.drug.medicinalproduct%3A%22Saxenda%22&count=patient.reaction.reactionmeddrapt.exact&limit=100
safety_tolerability,patient.reaction.reactionmeddrapt.exact,Saxenda,"FAERS/openFDA spontaneous adverse-event report counts are reporting signals, not incidence or causality.",Saxenda,INTESTINAL OBSTRUCTION,41,fda_faers_quarterly,collected_openfda_faers_count,https://api.fda.gov/drug/event.json?search=patient.drug.medicinalproduct%3A%22Saxenda%22&count=patient.reaction.reactionmeddrapt.exact&limit=100
safety_tolerability,patient.reaction.reactionmeddrapt.exact,Saxenda,"FAERS/openFDA spontaneous adverse-event report counts are reporting signals, not incidence or causality.",Saxenda,SEIZURE,41,fda_faers_quarterly,collected_openfda_faers_count,https://api.fda.gov/drug/event.json?search=patient.drug.medicinalproduct%3A%22Saxenda%22&count=patient.reaction.reactionmeddrapt.exact&limit=100
safety_tolerability,patient.reaction.reactionmeddrapt.exact,Saxenda,"FAERS/openFDA spontaneous adverse-event report counts are reporting signals, not incidence or causality.",Saxenda,COUGH,40,fda_faers_quarterly,collected_openfda_faers_count,https://api.fda.gov/drug/event.json?search=patient.drug.medicinalproduct%3A%22Saxenda%22&count=patient.reaction.reactionmeddrapt.exact&limit=100
safety_tolerability,patient.reaction.reactionmeddrapt.exact,Saxenda,"FAERS/openFDA spontaneous adverse-event report counts are reporting signals, not incidence or causality.",Saxenda,ERYTHEMA,39,fda_faers_quarterly,collected_openfda_faers_count,https://api.fda.gov/drug/event.json?search=patient.drug.medicinalproduct%3A%22Saxenda%22&count=patient.reaction.reactionmeddrapt.exact&limit=100
safety_tolerability,patient.reaction.reactionmeddrapt.exact,Saxenda,"FAERS/openFDA spontaneous adverse-event report counts are reporting signals, not incidence or causality.",Saxenda,HOSPITALISATION,39,fda_faers_quarterly,collected_openfda_faers_count,https://api.fda.gov/drug/event.json?search=patient.drug.medicinalproduct%3A%22Saxenda%22&count=patient.reaction.reactionmeddrapt.exact&limit=100
safety_tolerability,patient.reaction.reactionmeddrapt.exact,Saxenda,"FAERS/openFDA spontaneous adverse-event report counts are reporting signals, not incidence or causality.",Saxenda,PAIN IN EXTREMITY,39,fda_faers_quarterly,collected_openfda_faers_count,https://api.fda.gov/drug/event.json?search=patient.drug.medicinalproduct%3A%22Saxenda%22&count=patient.reaction.reactionmeddrapt.exact&limit=100
safety_tolerability,patient.reaction.reactionmeddrapt.exact,Saxenda,"FAERS/openFDA spontaneous adverse-event report counts are reporting signals, not incidence or causality.",Saxenda,CHEST PAIN,38,fda_faers_quarterly,collected_openfda_faers_count,https://api.fda.gov/drug/event.json?search=patient.drug.medicinalproduct%3A%22Saxenda%22&count=patient.reaction.reactionmeddrapt.exact&limit=100
safety_tolerability,patient.reaction.reactionmeddrapt.exact,Saxenda,"FAERS/openFDA spontaneous adverse-event report counts are reporting signals, not incidence or causality.",Saxenda,CONTUSION,37,fda_faers_quarterly,collected_openfda_faers_count,https://api.fda.gov/drug/event.json?search=patient.drug.medicinalproduct%3A%22Saxenda%22&count=patient.reaction.reactionmeddrapt.exact&limit=100
safety_tolerability,patient.reaction.reactionmeddrapt.exact,Saxenda,"FAERS/openFDA spontaneous adverse-event report counts are reporting signals, not incidence or causality.",Saxenda,HYPOGLYCAEMIA,37,fda_faers_quarterly,collected_openfda_faers_count,https://api.fda.gov/drug/event.json?search=patient.drug.medicinalproduct%3A%22Saxenda%22&count=patient.reaction.reactionmeddrapt.exact&limit=100
safety_tolerability,patient.reaction.reactionmeddrapt.exact,Saxenda,"FAERS/openFDA spontaneous adverse-event report counts are reporting signals, not incidence or causality.",Saxenda,INJECTION SITE SWELLING,37,fda_faers_quarterly,collected_openfda_faers_count,https://api.fda.gov/drug/event.json?search=patient.drug.medicinalproduct%3A%22Saxenda%22&count=patient.reaction.reactionmeddrapt.exact&limit=100
safety_tolerability,patient.reaction.reactionmeddrapt.exact,Victoza,"FAERS/openFDA spontaneous adverse-event report counts are reporting signals, not incidence or causality.",Victoza,NAUSEA,6244,fda_faers_quarterly,collected_openfda_faers_count,https://api.fda.gov/drug/event.json?search=patient.drug.medicinalproduct%3A%22Victoza%22&count=patient.reaction.reactionmeddrapt.exact&limit=100
safety_tolerability,patient.reaction.reactionmeddrapt.exact,Victoza,"FAERS/openFDA spontaneous adverse-event report counts are reporting signals, not incidence or causality.",Victoza,BLOOD GLUCOSE INCREASED,4060,fda_faers_quarterly,collected_openfda_faers_count,https://api.fda.gov/drug/event.json?search=patient.drug.medicinalproduct%3A%22Victoza%22&count=patient.reaction.reactionmeddrapt.exact&limit=100
safety_tolerability,patient.reaction.reactionmeddrapt.exact,Victoza,"FAERS/openFDA spontaneous adverse-event report counts are reporting signals, not incidence or causality.",Victoza,DIARRHOEA,2994,fda_faers_quarterly,collected_openfda_faers_count,https://api.fda.gov/drug/event.json?search=patient.drug.medicinalproduct%3A%22Victoza%22&count=patient.reaction.reactionmeddrapt.exact&limit=100
safety_tolerability,patient.reaction.reactionmeddrapt.exact,Victoza,"FAERS/openFDA spontaneous adverse-event report counts are reporting signals, not incidence or causality.",Victoza,VOMITING,2860,fda_faers_quarterly,collected_openfda_faers_count,https://api.fda.gov/drug/event.json?search=patient.drug.medicinalproduct%3A%22Victoza%22&count=patient.reaction.reactionmeddrapt.exact&limit=100
safety_tolerability,patient.reaction.reactionmeddrapt.exact,Victoza,"FAERS/openFDA spontaneous adverse-event report counts are reporting signals, not incidence or causality.",Victoza,PANCREATITIS,2183,fda_faers_quarterly,collected_openfda_faers_count,https://api.fda.gov/drug/event.json?search=patient.drug.medicinalproduct%3A%22Victoza%22&count=patient.reaction.reactionmeddrapt.exact&limit=100
safety_tolerability,patient.reaction.reactionmeddrapt.exact,Victoza,"FAERS/openFDA spontaneous adverse-event report counts are reporting signals, not incidence or causality.",Victoza,WEIGHT DECREASED,2036,fda_faers_quarterly,collected_openfda_faers_count,https://api.fda.gov/drug/event.json?search=patient.drug.medicinalproduct%3A%22Victoza%22&count=patient.reaction.reactionmeddrapt.exact&limit=100
safety_tolerability,patient.reaction.reactionmeddrapt.exact,Victoza,"FAERS/openFDA spontaneous adverse-event report counts are reporting signals, not incidence or causality.",Victoza,DECREASED APPETITE,1957,fda_faers_quarterly,collected_openfda_faers_count,https://api.fda.gov/drug/event.json?search=patient.drug.medicinalproduct%3A%22Victoza%22&count=patient.reaction.reactionmeddrapt.exact&limit=100
safety_tolerability,patient.reaction.reactionmeddrapt.exact,Victoza,"FAERS/openFDA spontaneous adverse-event report counts are reporting signals, not incidence or causality.",Victoza,HEADACHE,1702,fda_faers_quarterly,collected_openfda_faers_count,https://api.fda.gov/drug/event.json?search=patient.drug.medicinalproduct%3A%22Victoza%22&count=patient.reaction.reactionmeddrapt.exact&limit=100
safety_tolerability,patient.reaction.reactionmeddrapt.exact,Victoza,"FAERS/openFDA spontaneous adverse-event report counts are reporting signals, not incidence or causality.",Victoza,OFF LABEL USE,1363,fda_faers_quarterly,collected_openfda_faers_count,https://api.fda.gov/drug/event.json?search=patient.drug.medicinalproduct%3A%22Victoza%22&count=patient.reaction.reactionmeddrapt.exact&limit=100
safety_tolerability,patient.reaction.reactionmeddrapt.exact,Victoza,"FAERS/openFDA spontaneous adverse-event report counts are reporting signals, not incidence or causality.",Victoza,FATIGUE,1296,fda_faers_quarterly,collected_openfda_faers_count,https://api.fda.gov/drug/event.json?search=patient.drug.medicinalproduct%3A%22Victoza%22&count=patient.reaction.reactionmeddrapt.exact&limit=100
safety_tolerability,patient.reaction.reactionmeddrapt.exact,Victoza,"FAERS/openFDA spontaneous adverse-event report counts are reporting signals, not incidence or causality.",Victoza,DIZZINESS,1277,fda_faers_quarterly,collected_openfda_faers_count,https://api.fda.gov/drug/event.json?search=patient.drug.medicinalproduct%3A%22Victoza%22&count=patient.reaction.reactionmeddrapt.exact&limit=100
safety_tolerability,patient.reaction.reactionmeddrapt.exact,Victoza,"FAERS/openFDA spontaneous adverse-event report counts are reporting signals, not incidence or causality.",Victoza,ABDOMINAL PAIN UPPER,1275,fda_faers_quarterly,collected_openfda_faers_count,https://api.fda.gov/drug/event.json?search=patient.drug.medicinalproduct%3A%22Victoza%22&count=patient.reaction.reactionmeddrapt.exact&limit=100
safety_tolerability,patient.reaction.reactionmeddrapt.exact,Victoza,"FAERS/openFDA spontaneous adverse-event report counts are reporting signals, not incidence or causality.",Victoza,CONSTIPATION,1260,fda_faers_quarterly,collected_openfda_faers_count,https://api.fda.gov/drug/event.json?search=patient.drug.medicinalproduct%3A%22Victoza%22&count=patient.reaction.reactionmeddrapt.exact&limit=100
safety_tolerability,patient.reaction.reactionmeddrapt.exact,Victoza,"FAERS/openFDA spontaneous adverse-event report counts are reporting signals, not incidence or causality.",Victoza,MALAISE,1184,fda_faers_quarterly,collected_openfda_faers_count,https://api.fda.gov/drug/event.json?search=patient.drug.medicinalproduct%3A%22Victoza%22&count=patient.reaction.reactionmeddrapt.exact&limit=100
safety_tolerability,patient.reaction.reactionmeddrapt.exact,Victoza,"FAERS/openFDA spontaneous adverse-event report counts are reporting signals, not incidence or causality.",Victoza,BLOOD GLUCOSE DECREASED,1142,fda_faers_quarterly,collected_openfda_faers_count,https://api.fda.gov/drug/event.json?search=patient.drug.medicinalproduct%3A%22Victoza%22&count=patient.reaction.reactionmeddrapt.exact&limit=100
safety_tolerability,patient.reaction.reactionmeddrapt.exact,Victoza,"FAERS/openFDA spontaneous adverse-event report counts are reporting signals, not incidence or causality.",Victoza,DRUG INEFFECTIVE,1102,fda_faers_quarterly,collected_openfda_faers_count,https://api.fda.gov/drug/event.json?search=patient.drug.medicinalproduct%3A%22Victoza%22&count=patient.reaction.reactionmeddrapt.exact&limit=100
safety_tolerability,patient.reaction.reactionmeddrapt.exact,Victoza,"FAERS/openFDA spontaneous adverse-event report counts are reporting signals, not incidence or causality.",Victoza,ABDOMINAL PAIN,1041,fda_faers_quarterly,collected_openfda_faers_count,https://api.fda.gov/drug/event.json?search=patient.drug.medicinalproduct%3A%22Victoza%22&count=patient.reaction.reactionmeddrapt.exact&limit=100
safety_tolerability,patient.reaction.reactionmeddrapt.exact,Victoza,"FAERS/openFDA spontaneous adverse-event report counts are reporting signals, not incidence or causality.",Victoza,ABDOMINAL DISCOMFORT,934,fda_faers_quarterly,collected_openfda_faers_count,https://api.fda.gov/drug/event.json?search=patient.drug.medicinalproduct%3A%22Victoza%22&count=patient.reaction.reactionmeddrapt.exact&limit=100
safety_tolerability,patient.reaction.reactionmeddrapt.exact,Victoza,"FAERS/openFDA spontaneous adverse-event report counts are reporting signals, not incidence or causality.",Victoza,PANCREATIC CARCINOMA,908,fda_faers_quarterly,collected_openfda_faers_count,https://api.fda.gov/drug/event.json?search=patient.drug.medicinalproduct%3A%22Victoza%22&count=patient.reaction.reactionmeddrapt.exact&limit=100
safety_tolerability,patient.reaction.reactionmeddrapt.exact,Victoza,"FAERS/openFDA spontaneous adverse-event report counts are reporting signals, not incidence or causality.",Victoza,ASTHENIA,845,fda_faers_quarterly,collected_openfda_faers_count,https://api.fda.gov/drug/event.json?search=patient.drug.medicinalproduct%3A%22Victoza%22&count=patient.reaction.reactionmeddrapt.exact&limit=100
safety_tolerability,patient.reaction.reactionmeddrapt.exact,Victoza,"FAERS/openFDA spontaneous adverse-event report counts are reporting signals, not incidence or causality.",Victoza,WEIGHT INCREASED,826,fda_faers_quarterly,collected_openfda_faers_count,https://api.fda.gov/drug/event.json?search=patient.drug.medicinalproduct%3A%22Victoza%22&count=patient.reaction.reactionmeddrapt.exact&limit=100
safety_tolerability,patient.reaction.reactionmeddrapt.exact,Victoza,"FAERS/openFDA spontaneous adverse-event report counts are reporting signals, not incidence or causality.",Victoza,INJECTION SITE PAIN,809,fda_faers_quarterly,collected_openfda_faers_count,https://api.fda.gov/drug/event.json?search=patient.drug.medicinalproduct%3A%22Victoza%22&count=patient.reaction.reactionmeddrapt.exact&limit=100
safety_tolerability,patient.reaction.reactionmeddrapt.exact,Victoza,"FAERS/openFDA spontaneous adverse-event report counts are reporting signals, not incidence or causality.",Victoza,DYSPEPSIA,704,fda_faers_quarterly,collected_openfda_faers_count,https://api.fda.gov/drug/event.json?search=patient.drug.medicinalproduct%3A%22Victoza%22&count=patient.reaction.reactionmeddrapt.exact&limit=100
safety_tolerability,patient.reaction.reactionmeddrapt.exact,Victoza,"FAERS/openFDA spontaneous adverse-event report counts are reporting signals, not incidence or causality.",Victoza,DYSPNOEA,689,fda_faers_quarterly,collected_openfda_faers_count,https://api.fda.gov/drug/event.json?search=patient.drug.medicinalproduct%3A%22Victoza%22&count=patient.reaction.reactionmeddrapt.exact&limit=100
safety_tolerability,patient.reaction.reactionmeddrapt.exact,Victoza,"FAERS/openFDA spontaneous adverse-event report counts are reporting signals, not incidence or causality.",Victoza,GLYCOSYLATED HAEMOGLOBIN INCREASED,689,fda_faers_quarterly,collected_openfda_faers_count,https://api.fda.gov/drug/event.json?search=patient.drug.medicinalproduct%3A%22Victoza%22&count=patient.reaction.reactionmeddrapt.exact&limit=100
safety_tolerability,patient.reaction.reactionmeddrapt.exact,Victoza,"FAERS/openFDA spontaneous adverse-event report counts are reporting signals, not incidence or causality.",Victoza,PANCREATITIS ACUTE,670,fda_faers_quarterly,collected_openfda_faers_count,https://api.fda.gov/drug/event.json?search=patient.drug.medicinalproduct%3A%22Victoza%22&count=patient.reaction.reactionmeddrapt.exact&limit=100
safety_tolerability,patient.reaction.reactionmeddrapt.exact,Victoza,"FAERS/openFDA spontaneous adverse-event report counts are reporting signals, not incidence or causality.",Victoza,ERUCTATION,668,fda_faers_quarterly,collected_openfda_faers_count,https://api.fda.gov/drug/event.json?search=patient.drug.medicinalproduct%3A%22Victoza%22&count=patient.reaction.reactionmeddrapt.exact&limit=100
safety_tolerability,patient.reaction.reactionmeddrapt.exact,Victoza,"FAERS/openFDA spontaneous adverse-event report counts are reporting signals, not incidence or causality.",Victoza,DEHYDRATION,648,fda_faers_quarterly,collected_openfda_faers_count,https://api.fda.gov/drug/event.json?search=patient.drug.medicinalproduct%3A%22Victoza%22&count=patient.reaction.reactionmeddrapt.exact&limit=100
safety_tolerability,patient.reaction.reactionmeddrapt.exact,Victoza,"FAERS/openFDA spontaneous adverse-event report counts are reporting signals, not incidence or causality.",Victoza,PAIN,646,fda_faers_quarterly,collected_openfda_faers_count,https://api.fda.gov/drug/event.json?search=patient.drug.medicinalproduct%3A%22Victoza%22&count=patient.reaction.reactionmeddrapt.exact&limit=100
safety_tolerability,patient.reaction.reactionmeddrapt.exact,Victoza,"FAERS/openFDA spontaneous adverse-event report counts are reporting signals, not incidence or causality.",Victoza,ACUTE KIDNEY INJURY,615,fda_faers_quarterly,collected_openfda_faers_count,https://api.fda.gov/drug/event.json?search=patient.drug.medicinalproduct%3A%22Victoza%22&count=patient.reaction.reactionmeddrapt.exact&limit=100
safety_tolerability,patient.reaction.reactionmeddrapt.exact,Victoza,"FAERS/openFDA spontaneous adverse-event report counts are reporting signals, not incidence or causality.",Victoza,ABDOMINAL DISTENSION,612,fda_faers_quarterly,collected_openfda_faers_count,https://api.fda.gov/drug/event.json?search=patient.drug.medicinalproduct%3A%22Victoza%22&count=patient.reaction.reactionmeddrapt.exact&limit=100
safety_tolerability,patient.reaction.reactionmeddrapt.exact,Victoza,"FAERS/openFDA spontaneous adverse-event report counts are reporting signals, not incidence or causality.",Victoza,RASH,554,fda_faers_quarterly,collected_openfda_faers_count,https://api.fda.gov/drug/event.json?search=patient.drug.medicinalproduct%3A%22Victoza%22&count=patient.reaction.reactionmeddrapt.exact&limit=100
safety_tolerability,patient.reaction.reactionmeddrapt.exact,Victoza,"FAERS/openFDA spontaneous adverse-event report counts are reporting signals, not incidence or causality.",Victoza,BACK PAIN,550,fda_faers_quarterly,collected_openfda_faers_count,https://api.fda.gov/drug/event.json?search=patient.drug.medicinalproduct%3A%22Victoza%22&count=patient.reaction.reactionmeddrapt.exact&limit=100
safety_tolerability,patient.reaction.reactionmeddrapt.exact,Victoza,"FAERS/openFDA spontaneous adverse-event report counts are reporting signals, not incidence or causality.",Victoza,PRURITUS,530,fda_faers_quarterly,collected_openfda_faers_count,https://api.fda.gov/drug/event.json?search=patient.drug.medicinalproduct%3A%22Victoza%22&count=patient.reaction.reactionmeddrapt.exact&limit=100
safety_tolerability,patient.reaction.reactionmeddrapt.exact,Victoza,"FAERS/openFDA spontaneous adverse-event report counts are reporting signals, not incidence or causality.",Victoza,FALL,516,fda_faers_quarterly,collected_openfda_faers_count,https://api.fda.gov/drug/event.json?search=patient.drug.medicinalproduct%3A%22Victoza%22&count=patient.reaction.reactionmeddrapt.exact&limit=100
safety_tolerability,patient.reaction.reactionmeddrapt.exact,Victoza,"FAERS/openFDA spontaneous adverse-event report counts are reporting signals, not incidence or causality.",Victoza,FLATULENCE,516,fda_faers_quarterly,collected_openfda_faers_count,https://api.fda.gov/drug/event.json?search=patient.drug.medicinalproduct%3A%22Victoza%22&count=patient.reaction.reactionmeddrapt.exact&limit=100
safety_tolerability,patient.reaction.reactionmeddrapt.exact,Victoza,"FAERS/openFDA spontaneous adverse-event report counts are reporting signals, not incidence or causality.",Victoza,IMPAIRED GASTRIC EMPTYING,495,fda_faers_quarterly,collected_openfda_faers_count,https://api.fda.gov/drug/event.json?search=patient.drug.medicinalproduct%3A%22Victoza%22&count=patient.reaction.reactionmeddrapt.exact&limit=100
safety_tolerability,patient.reaction.reactionmeddrapt.exact,Victoza,"FAERS/openFDA spontaneous adverse-event report counts are reporting signals, not incidence or causality.",Victoza,GASTROOESOPHAGEAL REFLUX DISEASE,476,fda_faers_quarterly,collected_openfda_faers_count,https://api.fda.gov/drug/event.json?search=patient.drug.medicinalproduct%3A%22Victoza%22&count=patient.reaction.reactionmeddrapt.exact&limit=100
safety_tolerability,patient.reaction.reactionmeddrapt.exact,Victoza,"FAERS/openFDA spontaneous adverse-event report counts are reporting signals, not incidence or causality.",Victoza,INJECTION SITE ERYTHEMA,469,fda_faers_quarterly,collected_openfda_faers_count,https://api.fda.gov/drug/event.json?search=patient.drug.medicinalproduct%3A%22Victoza%22&count=patient.reaction.reactionmeddrapt.exact&limit=100
safety_tolerability,patient.reaction.reactionmeddrapt.exact,Victoza,"FAERS/openFDA spontaneous adverse-event report counts are reporting signals, not incidence or causality.",Victoza,RENAL FAILURE,459,fda_faers_quarterly,collected_openfda_faers_count,https://api.fda.gov/drug/event.json?search=patient.drug.medicinalproduct%3A%22Victoza%22&count=patient.reaction.reactionmeddrapt.exact&limit=100
safety_tolerability,patient.reaction.reactionmeddrapt.exact,Victoza,"FAERS/openFDA spontaneous adverse-event report counts are reporting signals, not incidence or causality.",Victoza,INJECTION SITE HAEMATOMA,446,fda_faers_quarterly,collected_openfda_faers_count,https://api.fda.gov/drug/event.json?search=patient.drug.medicinalproduct%3A%22Victoza%22&count=patient.reaction.reactionmeddrapt.exact&limit=100
safety_tolerability,patient.reaction.reactionmeddrapt.exact,Victoza,"FAERS/openFDA spontaneous adverse-event report counts are reporting signals, not incidence or causality.",Victoza,ARTHRALGIA,435,fda_faers_quarterly,collected_openfda_faers_count,https://api.fda.gov/drug/event.json?search=patient.drug.medicinalproduct%3A%22Victoza%22&count=patient.reaction.reactionmeddrapt.exact&limit=100
safety_tolerability,patient.reaction.reactionmeddrapt.exact,Victoza,"FAERS/openFDA spontaneous adverse-event report counts are reporting signals, not incidence or causality.",Victoza,FEELING ABNORMAL,429,fda_faers_quarterly,collected_openfda_faers_count,https://api.fda.gov/drug/event.json?search=patient.drug.medicinalproduct%3A%22Victoza%22&count=patient.reaction.reactionmeddrapt.exact&limit=100
safety_tolerability,patient.reaction.reactionmeddrapt.exact,Victoza,"FAERS/openFDA spontaneous adverse-event report counts are reporting signals, not incidence or causality.",Victoza,INSOMNIA,420,fda_faers_quarterly,collected_openfda_faers_count,https://api.fda.gov/drug/event.json?search=patient.drug.medicinalproduct%3A%22Victoza%22&count=patient.reaction.reactionmeddrapt.exact&limit=100
safety_tolerability,patient.reaction.reactionmeddrapt.exact,Victoza,"FAERS/openFDA spontaneous adverse-event report counts are reporting signals, not incidence or causality.",Victoza,DEPRESSION,419,fda_faers_quarterly,collected_openfda_faers_count,https://api.fda.gov/drug/event.json?search=patient.drug.medicinalproduct%3A%22Victoza%22&count=patient.reaction.reactionmeddrapt.exact&limit=100
safety_tolerability,patient.reaction.reactionmeddrapt.exact,Victoza,"FAERS/openFDA spontaneous adverse-event report counts are reporting signals, not incidence or causality.",Victoza,PAIN IN EXTREMITY,416,fda_faers_quarterly,collected_openfda_faers_count,https://api.fda.gov/drug/event.json?search=patient.drug.medicinalproduct%3A%22Victoza%22&count=patient.reaction.reactionmeddrapt.exact&limit=100
safety_tolerability,patient.reaction.reactionmeddrapt.exact,Victoza,"FAERS/openFDA spontaneous adverse-event report counts are reporting signals, not incidence or causality.",Victoza,DRUG DOSE OMISSION,405,fda_faers_quarterly,collected_openfda_faers_count,https://api.fda.gov/drug/event.json?search=patient.drug.medicinalproduct%3A%22Victoza%22&count=patient.reaction.reactionmeddrapt.exact&limit=100
safety_tolerability,patient.reaction.reactionmeddrapt.exact,Victoza,"FAERS/openFDA spontaneous adverse-event report counts are reporting signals, not incidence or causality.",Victoza,DIABETIC KETOACIDOSIS,403,fda_faers_quarterly,collected_openfda_faers_count,https://api.fda.gov/drug/event.json?search=patient.drug.medicinalproduct%3A%22Victoza%22&count=patient.reaction.reactionmeddrapt.exact&limit=100
safety_tolerability,patient.reaction.reactionmeddrapt.exact,Victoza,"FAERS/openFDA spontaneous adverse-event report counts are reporting signals, not incidence or causality.",Victoza,CHRONIC KIDNEY DISEASE,391,fda_faers_quarterly,collected_openfda_faers_count,https://api.fda.gov/drug/event.json?search=patient.drug.medicinalproduct%3A%22Victoza%22&count=patient.reaction.reactionmeddrapt.exact&limit=100
safety_tolerability,patient.reaction.reactionmeddrapt.exact,Victoza,"FAERS/openFDA spontaneous adverse-event report counts are reporting signals, not incidence or causality.",Victoza,HYPOGLYCAEMIA,378,fda_faers_quarterly,collected_openfda_faers_count,https://api.fda.gov/drug/event.json?search=patient.drug.medicinalproduct%3A%22Victoza%22&count=patient.reaction.reactionmeddrapt.exact&limit=100
safety_tolerability,patient.reaction.reactionmeddrapt.exact,Victoza,"FAERS/openFDA spontaneous adverse-event report counts are reporting signals, not incidence or causality.",Victoza,INCORRECT DOSE ADMINISTERED,374,fda_faers_quarterly,collected_openfda_faers_count,https://api.fda.gov/drug/event.json?search=patient.drug.medicinalproduct%3A%22Victoza%22&count=patient.reaction.reactionmeddrapt.exact&limit=100
safety_tolerability,patient.reaction.reactionmeddrapt.exact,Victoza,"FAERS/openFDA spontaneous adverse-event report counts are reporting signals, not incidence or causality.",Victoza,VISUAL IMPAIRMENT,373,fda_faers_quarterly,collected_openfda_faers_count,https://api.fda.gov/drug/event.json?search=patient.drug.medicinalproduct%3A%22Victoza%22&count=patient.reaction.reactionmeddrapt.exact&limit=100
safety_tolerability,patient.reaction.reactionmeddrapt.exact,Victoza,"FAERS/openFDA spontaneous adverse-event report counts are reporting signals, not incidence or causality.",Victoza,INJECTION SITE HAEMORRHAGE,364,fda_faers_quarterly,collected_openfda_faers_count,https://api.fda.gov/drug/event.json?search=patient.drug.medicinalproduct%3A%22Victoza%22&count=patient.reaction.reactionmeddrapt.exact&limit=100
safety_tolerability,patient.reaction.reactionmeddrapt.exact,Victoza,"FAERS/openFDA spontaneous adverse-event report counts are reporting signals, not incidence or causality.",Victoza,MUSCLE SPASMS,363,fda_faers_quarterly,collected_openfda_faers_count,https://api.fda.gov/drug/event.json?search=patient.drug.medicinalproduct%3A%22Victoza%22&count=patient.reaction.reactionmeddrapt.exact&limit=100
safety_tolerability,patient.reaction.reactionmeddrapt.exact,Victoza,"FAERS/openFDA spontaneous adverse-event report counts are reporting signals, not incidence or causality.",Victoza,DIABETES MELLITUS INADEQUATE CONTROL,358,fda_faers_quarterly,collected_openfda_faers_count,https://api.fda.gov/drug/event.json?search=patient.drug.medicinalproduct%3A%22Victoza%22&count=patient.reaction.reactionmeddrapt.exact&limit=100
safety_tolerability,patient.reaction.reactionmeddrapt.exact,Victoza,"FAERS/openFDA spontaneous adverse-event report counts are reporting signals, not incidence or causality.",Victoza,ANXIETY,357,fda_faers_quarterly,collected_openfda_faers_count,https://api.fda.gov/drug/event.json?search=patient.drug.medicinalproduct%3A%22Victoza%22&count=patient.reaction.reactionmeddrapt.exact&limit=100
safety_tolerability,patient.reaction.reactionmeddrapt.exact,Victoza,"FAERS/openFDA spontaneous adverse-event report counts are reporting signals, not incidence or causality.",Victoza,DEVICE MALFUNCTION,357,fda_faers_quarterly,collected_openfda_faers_count,https://api.fda.gov/drug/event.json?search=patient.drug.medicinalproduct%3A%22Victoza%22&count=patient.reaction.reactionmeddrapt.exact&limit=100
safety_tolerability,patient.reaction.reactionmeddrapt.exact,Victoza,"FAERS/openFDA spontaneous adverse-event report counts are reporting signals, not incidence or causality.",Victoza,URINARY TRACT INFECTION,354,fda_faers_quarterly,collected_openfda_faers_count,https://api.fda.gov/drug/event.json?search=patient.drug.medicinalproduct%3A%22Victoza%22&count=patient.reaction.reactionmeddrapt.exact&limit=100
safety_tolerability,patient.reaction.reactionmeddrapt.exact,Victoza,"FAERS/openFDA spontaneous adverse-event report counts are reporting signals, not incidence or causality.",Victoza,DEATH,350,fda_faers_quarterly,collected_openfda_faers_count,https://api.fda.gov/drug/event.json?search=patient.drug.medicinalproduct%3A%22Victoza%22&count=patient.reaction.reactionmeddrapt.exact&limit=100
safety_tolerability,patient.reaction.reactionmeddrapt.exact,Victoza,"FAERS/openFDA spontaneous adverse-event report counts are reporting signals, not incidence or causality.",Victoza,INJECTION SITE PRURITUS,350,fda_faers_quarterly,collected_openfda_faers_count,https://api.fda.gov/drug/event.json?search=patient.drug.medicinalproduct%3A%22Victoza%22&count=patient.reaction.reactionmeddrapt.exact&limit=100
safety_tolerability,patient.reaction.reactionmeddrapt.exact,Victoza,"FAERS/openFDA spontaneous adverse-event report counts are reporting signals, not incidence or causality.",Victoza,ALOPECIA,344,fda_faers_quarterly,collected_openfda_faers_count,https://api.fda.gov/drug/event.json?search=patient.drug.medicinalproduct%3A%22Victoza%22&count=patient.reaction.reactionmeddrapt.exact&limit=100
safety_tolerability,patient.reaction.reactionmeddrapt.exact,Victoza,"FAERS/openFDA spontaneous adverse-event report counts are reporting signals, not incidence or causality.",Victoza,HYPERHIDROSIS,342,fda_faers_quarterly,collected_openfda_faers_count,https://api.fda.gov/drug/event.json?search=patient.drug.medicinalproduct%3A%22Victoza%22&count=patient.reaction.reactionmeddrapt.exact&limit=100
safety_tolerability,patient.reaction.reactionmeddrapt.exact,Victoza,"FAERS/openFDA spontaneous adverse-event report counts are reporting signals, not incidence or causality.",Victoza,CONDITION AGGRAVATED,341,fda_faers_quarterly,collected_openfda_faers_count,https://api.fda.gov/drug/event.json?search=patient.drug.medicinalproduct%3A%22Victoza%22&count=patient.reaction.reactionmeddrapt.exact&limit=100
safety_tolerability,patient.reaction.reactionmeddrapt.exact,Victoza,"FAERS/openFDA spontaneous adverse-event report counts are reporting signals, not incidence or causality.",Victoza,CHEST PAIN,327,fda_faers_quarterly,collected_openfda_faers_count,https://api.fda.gov/drug/event.json?search=patient.drug.medicinalproduct%3A%22Victoza%22&count=patient.reaction.reactionmeddrapt.exact&limit=100
safety_tolerability,patient.reaction.reactionmeddrapt.exact,Victoza,"FAERS/openFDA spontaneous adverse-event report counts are reporting signals, not incidence or causality.",Victoza,TREMOR,320,fda_faers_quarterly,collected_openfda_faers_count,https://api.fda.gov/drug/event.json?search=patient.drug.medicinalproduct%3A%22Victoza%22&count=patient.reaction.reactionmeddrapt.exact&limit=100
safety_tolerability,patient.reaction.reactionmeddrapt.exact,Victoza,"FAERS/openFDA spontaneous adverse-event report counts are reporting signals, not incidence or causality.",Victoza,INJECTION SITE REACTION,318,fda_faers_quarterly,collected_openfda_faers_count,https://api.fda.gov/drug/event.json?search=patient.drug.medicinalproduct%3A%22Victoza%22&count=patient.reaction.reactionmeddrapt.exact&limit=100
safety_tolerability,patient.reaction.reactionmeddrapt.exact,Victoza,"FAERS/openFDA spontaneous adverse-event report counts are reporting signals, not incidence or causality.",Victoza,SOMNOLENCE,310,fda_faers_quarterly,collected_openfda_faers_count,https://api.fda.gov/drug/event.json?search=patient.drug.medicinalproduct%3A%22Victoza%22&count=patient.reaction.reactionmeddrapt.exact&limit=100
safety_tolerability,patient.reaction.reactionmeddrapt.exact,Victoza,"FAERS/openFDA spontaneous adverse-event report counts are reporting signals, not incidence or causality.",Victoza,URTICARIA,308,fda_faers_quarterly,collected_openfda_faers_count,https://api.fda.gov/drug/event.json?search=patient.drug.medicinalproduct%3A%22Victoza%22&count=patient.reaction.reactionmeddrapt.exact&limit=100
safety_tolerability,patient.reaction.reactionmeddrapt.exact,Victoza,"FAERS/openFDA spontaneous adverse-event report counts are reporting signals, not incidence or causality.",Victoza,HYPERTENSION,302,fda_faers_quarterly,collected_openfda_faers_count,https://api.fda.gov/drug/event.json?search=patient.drug.medicinalproduct%3A%22Victoza%22&count=patient.reaction.reactionmeddrapt.exact&limit=100
safety_tolerability,patient.reaction.reactionmeddrapt.exact,Victoza,"FAERS/openFDA spontaneous adverse-event report counts are reporting signals, not incidence or causality.",Victoza,INJECTION SITE BRUISING,298,fda_faers_quarterly,collected_openfda_faers_count,https://api.fda.gov/drug/event.json?search=patient.drug.medicinalproduct%3A%22Victoza%22&count=patient.reaction.reactionmeddrapt.exact&limit=100
safety_tolerability,patient.reaction.reactionmeddrapt.exact,Victoza,"FAERS/openFDA spontaneous adverse-event report counts are reporting signals, not incidence or causality.",Victoza,DYSGEUSIA,297,fda_faers_quarterly,collected_openfda_faers_count,https://api.fda.gov/drug/event.json?search=patient.drug.medicinalproduct%3A%22Victoza%22&count=patient.reaction.reactionmeddrapt.exact&limit=100
safety_tolerability,patient.reaction.reactionmeddrapt.exact,Victoza,"FAERS/openFDA spontaneous adverse-event report counts are reporting signals, not incidence or causality.",Victoza,VISION BLURRED,297,fda_faers_quarterly,collected_openfda_faers_count,https://api.fda.gov/drug/event.json?search=patient.drug.medicinalproduct%3A%22Victoza%22&count=patient.reaction.reactionmeddrapt.exact&limit=100
safety_tolerability,patient.reaction.reactionmeddrapt.exact,Victoza,"FAERS/openFDA spontaneous adverse-event report counts are reporting signals, not incidence or causality.",Victoza,PRODUCT USE IN UNAPPROVED INDICATION,291,fda_faers_quarterly,collected_openfda_faers_count,https://api.fda.gov/drug/event.json?search=patient.drug.medicinalproduct%3A%22Victoza%22&count=patient.reaction.reactionmeddrapt.exact&limit=100
safety_tolerability,patient.reaction.reactionmeddrapt.exact,Victoza,"FAERS/openFDA spontaneous adverse-event report counts are reporting signals, not incidence or causality.",Victoza,COUGH,285,fda_faers_quarterly,collected_openfda_faers_count,https://api.fda.gov/drug/event.json?search=patient.drug.medicinalproduct%3A%22Victoza%22&count=patient.reaction.reactionmeddrapt.exact&limit=100
safety_tolerability,patient.reaction.reactionmeddrapt.exact,Victoza,"FAERS/openFDA spontaneous adverse-event report counts are reporting signals, not incidence or causality.",Victoza,PNEUMONIA,285,fda_faers_quarterly,collected_openfda_faers_count,https://api.fda.gov/drug/event.json?search=patient.drug.medicinalproduct%3A%22Victoza%22&count=patient.reaction.reactionmeddrapt.exact&limit=100
safety_tolerability,patient.reaction.reactionmeddrapt.exact,Victoza,"FAERS/openFDA spontaneous adverse-event report counts are reporting signals, not incidence or causality.",Victoza,PERIPHERAL SWELLING,272,fda_faers_quarterly,collected_openfda_faers_count,https://api.fda.gov/drug/event.json?search=patient.drug.medicinalproduct%3A%22Victoza%22&count=patient.reaction.reactionmeddrapt.exact&limit=100
safety_tolerability,patient.reaction.reactionmeddrapt.exact,Victoza,"FAERS/openFDA spontaneous adverse-event report counts are reporting signals, not incidence or causality.",Victoza,PANCREATIC CARCINOMA METASTATIC,271,fda_faers_quarterly,collected_openfda_faers_count,https://api.fda.gov/drug/event.json?search=patient.drug.medicinalproduct%3A%22Victoza%22&count=patient.reaction.reactionmeddrapt.exact&limit=100
safety_tolerability,patient.reaction.reactionmeddrapt.exact,Victoza,"FAERS/openFDA spontaneous adverse-event report counts are reporting signals, not incidence or causality.",Victoza,PRODUCT USE ISSUE,269,fda_faers_quarterly,collected_openfda_faers_count,https://api.fda.gov/drug/event.json?search=patient.drug.medicinalproduct%3A%22Victoza%22&count=patient.reaction.reactionmeddrapt.exact&limit=100
safety_tolerability,patient.reaction.reactionmeddrapt.exact,Victoza,"FAERS/openFDA spontaneous adverse-event report counts are reporting signals, not incidence or causality.",Victoza,PYREXIA,269,fda_faers_quarterly,collected_openfda_faers_count,https://api.fda.gov/drug/event.json?search=patient.drug.medicinalproduct%3A%22Victoza%22&count=patient.reaction.reactionmeddrapt.exact&limit=100
safety_tolerability,patient.reaction.reactionmeddrapt.exact,Victoza,"FAERS/openFDA spontaneous adverse-event report counts are reporting signals, not incidence or causality.",Victoza,HYPERSENSITIVITY,265,fda_faers_quarterly,collected_openfda_faers_count,https://api.fda.gov/drug/event.json?search=patient.drug.medicinalproduct%3A%22Victoza%22&count=patient.reaction.reactionmeddrapt.exact&limit=100
safety_tolerability,patient.reaction.reactionmeddrapt.exact,Victoza,"FAERS/openFDA spontaneous adverse-event report counts are reporting signals, not incidence or causality.",Victoza,HEART RATE INCREASED,261,fda_faers_quarterly,collected_openfda_faers_count,https://api.fda.gov/drug/event.json?search=patient.drug.medicinalproduct%3A%22Victoza%22&count=patient.reaction.reactionmeddrapt.exact&limit=100
safety_tolerability,patient.reaction.reactionmeddrapt.exact,Victoza,"FAERS/openFDA spontaneous adverse-event report counts are reporting signals, not incidence or causality.",Victoza,BLOOD PRESSURE INCREASED,259,fda_faers_quarterly,collected_openfda_faers_count,https://api.fda.gov/drug/event.json?search=patient.drug.medicinalproduct%3A%22Victoza%22&count=patient.reaction.reactionmeddrapt.exact&limit=100
safety_tolerability,patient.reaction.reactionmeddrapt.exact,Victoza,"FAERS/openFDA spontaneous adverse-event report counts are reporting signals, not incidence or causality.",Victoza,CHOLELITHIASIS,259,fda_faers_quarterly,collected_openfda_faers_count,https://api.fda.gov/drug/event.json?search=patient.drug.medicinalproduct%3A%22Victoza%22&count=patient.reaction.reactionmeddrapt.exact&limit=100
safety_tolerability,patient.reaction.reactionmeddrapt.exact,Victoza,"FAERS/openFDA spontaneous adverse-event report counts are reporting signals, not incidence or causality.",Victoza,PRODUCT QUALITY ISSUE,258,fda_faers_quarterly,collected_openfda_faers_count,https://api.fda.gov/drug/event.json?search=patient.drug.medicinalproduct%3A%22Victoza%22&count=patient.reaction.reactionmeddrapt.exact&limit=100
safety_tolerability,patient.reaction.reactionmeddrapt.exact,Victoza,"FAERS/openFDA spontaneous adverse-event report counts are reporting signals, not incidence or causality.",Victoza,CEREBROVASCULAR ACCIDENT,255,fda_faers_quarterly,collected_openfda_faers_count,https://api.fda.gov/drug/event.json?search=patient.drug.medicinalproduct%3A%22Victoza%22&count=patient.reaction.reactionmeddrapt.exact&limit=100
safety_tolerability,patient.reaction.reactionmeddrapt.exact,Victoza,"FAERS/openFDA spontaneous adverse-event report counts are reporting signals, not incidence or causality.",Victoza,MYOCARDIAL INFARCTION,253,fda_faers_quarterly,collected_openfda_faers_count,https://api.fda.gov/drug/event.json?search=patient.drug.medicinalproduct%3A%22Victoza%22&count=patient.reaction.reactionmeddrapt.exact&limit=100
safety_tolerability,patient.reaction.reactionmeddrapt.exact,Victoza,"FAERS/openFDA spontaneous adverse-event report counts are reporting signals, not incidence or causality.",Victoza,INJECTION SITE RASH,247,fda_faers_quarterly,collected_openfda_faers_count,https://api.fda.gov/drug/event.json?search=patient.drug.medicinalproduct%3A%22Victoza%22&count=patient.reaction.reactionmeddrapt.exact&limit=100
safety_tolerability,patient.reaction.reactionmeddrapt.exact,Victoza,"FAERS/openFDA spontaneous adverse-event report counts are reporting signals, not incidence or causality.",Victoza,LIPASE INCREASED,247,fda_faers_quarterly,collected_openfda_faers_count,https://api.fda.gov/drug/event.json?search=patient.drug.medicinalproduct%3A%22Victoza%22&count=patient.reaction.reactionmeddrapt.exact&limit=100
safety_tolerability,patient.reaction.reactionmeddrapt.exact,Victoza,"FAERS/openFDA spontaneous adverse-event report counts are reporting signals, not incidence or causality.",Victoza,PALPITATIONS,244,fda_faers_quarterly,collected_openfda_faers_count,https://api.fda.gov/drug/event.json?search=patient.drug.medicinalproduct%3A%22Victoza%22&count=patient.reaction.reactionmeddrapt.exact&limit=100
safety_tolerability,patient.reaction.reactionmeddrapt.exact,Victoza,"FAERS/openFDA spontaneous adverse-event report counts are reporting signals, not incidence or causality.",Victoza,MYALGIA,243,fda_faers_quarterly,collected_openfda_faers_count,https://api.fda.gov/drug/event.json?search=patient.drug.medicinalproduct%3A%22Victoza%22&count=patient.reaction.reactionmeddrapt.exact&limit=100
safety_tolerability,patient.reaction.reactionmeddrapt.exact,Victoza,"FAERS/openFDA spontaneous adverse-event report counts are reporting signals, not incidence or causality.",Victoza,WRONG TECHNIQUE IN PRODUCT USAGE PROCESS,234,fda_faers_quarterly,collected_openfda_faers_count,https://api.fda.gov/drug/event.json?search=patient.drug.medicinalproduct%3A%22Victoza%22&count=patient.reaction.reactionmeddrapt.exact&limit=100
safety_tolerability,patient.reaction.reactionmeddrapt.exact,Victoza,"FAERS/openFDA spontaneous adverse-event report counts are reporting signals, not incidence or causality.",Victoza,BLOOD GLUCOSE FLUCTUATION,230,fda_faers_quarterly,collected_openfda_faers_count,https://api.fda.gov/drug/event.json?search=patient.drug.medicinalproduct%3A%22Victoza%22&count=patient.reaction.reactionmeddrapt.exact&limit=100
safety_tolerability,patient.reaction.reactionmeddrapt.exact,Victoza,"FAERS/openFDA spontaneous adverse-event report counts are reporting signals, not incidence or causality.",Victoza,HYPOTENSION,230,fda_faers_quarterly,collected_openfda_faers_count,https://api.fda.gov/drug/event.json?search=patient.drug.medicinalproduct%3A%22Victoza%22&count=patient.reaction.reactionmeddrapt.exact&limit=100
safety_tolerability,patient.reaction.reactionmeddrapt.exact,Victoza,"FAERS/openFDA spontaneous adverse-event report counts are reporting signals, not incidence or causality.",Victoza,LOSS OF CONSCIOUSNESS,222,fda_faers_quarterly,collected_openfda_faers_count,https://api.fda.gov/drug/event.json?search=patient.drug.medicinalproduct%3A%22Victoza%22&count=patient.reaction.reactionmeddrapt.exact&limit=100
safety_tolerability,patient.reaction.reactionmeddrapt.exact,Victoza,"FAERS/openFDA spontaneous adverse-event report counts are reporting signals, not incidence or causality.",Victoza,GASTROINTESTINAL DISORDER,221,fda_faers_quarterly,collected_openfda_faers_count,https://api.fda.gov/drug/event.json?search=patient.drug.medicinalproduct%3A%22Victoza%22&count=patient.reaction.reactionmeddrapt.exact&limit=100
safety_tolerability,patient.reaction.reactionmeddrapt.exact,Victoza,"FAERS/openFDA spontaneous adverse-event report counts are reporting signals, not incidence or causality.",Victoza,INCREASED APPETITE,220,fda_faers_quarterly,collected_openfda_faers_count,https://api.fda.gov/drug/event.json?search=patient.drug.medicinalproduct%3A%22Victoza%22&count=patient.reaction.reactionmeddrapt.exact&limit=100
safety_tolerability,patient.reaction.reactionmeddrapt.exact,Victoza,"FAERS/openFDA spontaneous adverse-event report counts are reporting signals, not incidence or causality.",Victoza,INAPPROPRIATE SCHEDULE OF PRODUCT ADMINISTRATION,218,fda_faers_quarterly,collected_openfda_faers_count,https://api.fda.gov/drug/event.json?search=patient.drug.medicinalproduct%3A%22Victoza%22&count=patient.reaction.reactionmeddrapt.exact&limit=100
safety_tolerability,patient.reaction.reactionmeddrapt.exact,Victoza,"FAERS/openFDA spontaneous adverse-event report counts are reporting signals, not incidence or causality.",Victoza,INJECTION SITE URTICARIA,216,fda_faers_quarterly,collected_openfda_faers_count,https://api.fda.gov/drug/event.json?search=patient.drug.medicinalproduct%3A%22Victoza%22&count=patient.reaction.reactionmeddrapt.exact&limit=100
safety_tolerability,patient.reaction.reactionmeddrapt.exact,Victoza,"FAERS/openFDA spontaneous adverse-event report counts are reporting signals, not incidence or causality.",Victoza,GAIT DISTURBANCE,214,fda_faers_quarterly,collected_openfda_faers_count,https://api.fda.gov/drug/event.json?search=patient.drug.medicinalproduct%3A%22Victoza%22&count=patient.reaction.reactionmeddrapt.exact&limit=100
safety_tolerability,patient.reaction.reactionmeddrapt.exact,Victoza,"FAERS/openFDA spontaneous adverse-event report counts are reporting signals, not incidence or causality.",Victoza,NASOPHARYNGITIS,214,fda_faers_quarterly,collected_openfda_faers_count,https://api.fda.gov/drug/event.json?search=patient.drug.medicinalproduct%3A%22Victoza%22&count=patient.reaction.reactionmeddrapt.exact&limit=100
safety_tolerability,patient.reaction.reactionmeddrapt.exact,Trulicity,"FAERS/openFDA spontaneous adverse-event report counts are reporting signals, not incidence or causality.",Trulicity,NAUSEA,10025,fda_faers_quarterly,collected_openfda_faers_count,https://api.fda.gov/drug/event.json?search=patient.drug.medicinalproduct%3A%22Trulicity%22&count=patient.reaction.reactionmeddrapt.exact&limit=100
safety_tolerability,patient.reaction.reactionmeddrapt.exact,Trulicity,"FAERS/openFDA spontaneous adverse-event report counts are reporting signals, not incidence or causality.",Trulicity,INJECTION SITE PAIN,9830,fda_faers_quarterly,collected_openfda_faers_count,https://api.fda.gov/drug/event.json?search=patient.drug.medicinalproduct%3A%22Trulicity%22&count=patient.reaction.reactionmeddrapt.exact&limit=100
safety_tolerability,patient.reaction.reactionmeddrapt.exact,Trulicity,"FAERS/openFDA spontaneous adverse-event report counts are reporting signals, not incidence or causality.",Trulicity,BLOOD GLUCOSE INCREASED,9746,fda_faers_quarterly,collected_openfda_faers_count,https://api.fda.gov/drug/event.json?search=patient.drug.medicinalproduct%3A%22Trulicity%22&count=patient.reaction.reactionmeddrapt.exact&limit=100
safety_tolerability,patient.reaction.reactionmeddrapt.exact,Trulicity,"FAERS/openFDA spontaneous adverse-event report counts are reporting signals, not incidence or causality.",Trulicity,DIARRHOEA,5821,fda_faers_quarterly,collected_openfda_faers_count,https://api.fda.gov/drug/event.json?search=patient.drug.medicinalproduct%3A%22Trulicity%22&count=patient.reaction.reactionmeddrapt.exact&limit=100
safety_tolerability,patient.reaction.reactionmeddrapt.exact,Trulicity,"FAERS/openFDA spontaneous adverse-event report counts are reporting signals, not incidence or causality.",Trulicity,INCORRECT DOSE ADMINISTERED,5517,fda_faers_quarterly,collected_openfda_faers_count,https://api.fda.gov/drug/event.json?search=patient.drug.medicinalproduct%3A%22Trulicity%22&count=patient.reaction.reactionmeddrapt.exact&limit=100
safety_tolerability,patient.reaction.reactionmeddrapt.exact,Trulicity,"FAERS/openFDA spontaneous adverse-event report counts are reporting signals, not incidence or causality.",Trulicity,VOMITING,5483,fda_faers_quarterly,collected_openfda_faers_count,https://api.fda.gov/drug/event.json?search=patient.drug.medicinalproduct%3A%22Trulicity%22&count=patient.reaction.reactionmeddrapt.exact&limit=100
safety_tolerability,patient.reaction.reactionmeddrapt.exact,Trulicity,"FAERS/openFDA spontaneous adverse-event report counts are reporting signals, not incidence or causality.",Trulicity,INAPPROPRIATE SCHEDULE OF PRODUCT ADMINISTRATION,3819,fda_faers_quarterly,collected_openfda_faers_count,https://api.fda.gov/drug/event.json?search=patient.drug.medicinalproduct%3A%22Trulicity%22&count=patient.reaction.reactionmeddrapt.exact&limit=100
safety_tolerability,patient.reaction.reactionmeddrapt.exact,Trulicity,"FAERS/openFDA spontaneous adverse-event report counts are reporting signals, not incidence or causality.",Trulicity,DRUG INEFFECTIVE,3522,fda_faers_quarterly,collected_openfda_faers_count,https://api.fda.gov/drug/event.json?search=patient.drug.medicinalproduct%3A%22Trulicity%22&count=patient.reaction.reactionmeddrapt.exact&limit=100
safety_tolerability,patient.reaction.reactionmeddrapt.exact,Trulicity,"FAERS/openFDA spontaneous adverse-event report counts are reporting signals, not incidence or causality.",Trulicity,WEIGHT DECREASED,3322,fda_faers_quarterly,collected_openfda_faers_count,https://api.fda.gov/drug/event.json?search=patient.drug.medicinalproduct%3A%22Trulicity%22&count=patient.reaction.reactionmeddrapt.exact&limit=100
safety_tolerability,patient.reaction.reactionmeddrapt.exact,Trulicity,"FAERS/openFDA spontaneous adverse-event report counts are reporting signals, not incidence or causality.",Trulicity,DECREASED APPETITE,3162,fda_faers_quarterly,collected_openfda_faers_count,https://api.fda.gov/drug/event.json?search=patient.drug.medicinalproduct%3A%22Trulicity%22&count=patient.reaction.reactionmeddrapt.exact&limit=100
safety_tolerability,patient.reaction.reactionmeddrapt.exact,Trulicity,"FAERS/openFDA spontaneous adverse-event report counts are reporting signals, not incidence or causality.",Trulicity,EXTRA DOSE ADMINISTERED,3135,fda_faers_quarterly,collected_openfda_faers_count,https://api.fda.gov/drug/event.json?search=patient.drug.medicinalproduct%3A%22Trulicity%22&count=patient.reaction.reactionmeddrapt.exact&limit=100
safety_tolerability,patient.reaction.reactionmeddrapt.exact,Trulicity,"FAERS/openFDA spontaneous adverse-event report counts are reporting signals, not incidence or causality.",Trulicity,INJECTION SITE HAEMORRHAGE,3129,fda_faers_quarterly,collected_openfda_faers_count,https://api.fda.gov/drug/event.json?search=patient.drug.medicinalproduct%3A%22Trulicity%22&count=patient.reaction.reactionmeddrapt.exact&limit=100
safety_tolerability,patient.reaction.reactionmeddrapt.exact,Trulicity,"FAERS/openFDA spontaneous adverse-event report counts are reporting signals, not incidence or causality.",Trulicity,GLYCOSYLATED HAEMOGLOBIN INCREASED,2872,fda_faers_quarterly,collected_openfda_faers_count,https://api.fda.gov/drug/event.json?search=patient.drug.medicinalproduct%3A%22Trulicity%22&count=patient.reaction.reactionmeddrapt.exact&limit=100
safety_tolerability,patient.reaction.reactionmeddrapt.exact,Trulicity,"FAERS/openFDA spontaneous adverse-event report counts are reporting signals, not incidence or causality.",Trulicity,ABDOMINAL PAIN UPPER,2394,fda_faers_quarterly,collected_openfda_faers_count,https://api.fda.gov/drug/event.json?search=patient.drug.medicinalproduct%3A%22Trulicity%22&count=patient.reaction.reactionmeddrapt.exact&limit=100
safety_tolerability,patient.reaction.reactionmeddrapt.exact,Trulicity,"FAERS/openFDA spontaneous adverse-event report counts are reporting signals, not incidence or causality.",Trulicity,FATIGUE,2375,fda_faers_quarterly,collected_openfda_faers_count,https://api.fda.gov/drug/event.json?search=patient.drug.medicinalproduct%3A%22Trulicity%22&count=patient.reaction.reactionmeddrapt.exact&limit=100
safety_tolerability,patient.reaction.reactionmeddrapt.exact,Trulicity,"FAERS/openFDA spontaneous adverse-event report counts are reporting signals, not incidence or causality.",Trulicity,ACCIDENTAL UNDERDOSE,2359,fda_faers_quarterly,collected_openfda_faers_count,https://api.fda.gov/drug/event.json?search=patient.drug.medicinalproduct%3A%22Trulicity%22&count=patient.reaction.reactionmeddrapt.exact&limit=100
safety_tolerability,patient.reaction.reactionmeddrapt.exact,Trulicity,"FAERS/openFDA spontaneous adverse-event report counts are reporting signals, not incidence or causality.",Trulicity,PRODUCT DOSE OMISSION ISSUE,2243,fda_faers_quarterly,collected_openfda_faers_count,https://api.fda.gov/drug/event.json?search=patient.drug.medicinalproduct%3A%22Trulicity%22&count=patient.reaction.reactionmeddrapt.exact&limit=100
safety_tolerability,patient.reaction.reactionmeddrapt.exact,Trulicity,"FAERS/openFDA spontaneous adverse-event report counts are reporting signals, not incidence or causality.",Trulicity,CONSTIPATION,2197,fda_faers_quarterly,collected_openfda_faers_count,https://api.fda.gov/drug/event.json?search=patient.drug.medicinalproduct%3A%22Trulicity%22&count=patient.reaction.reactionmeddrapt.exact&limit=100
safety_tolerability,patient.reaction.reactionmeddrapt.exact,Trulicity,"FAERS/openFDA spontaneous adverse-event report counts are reporting signals, not incidence or causality.",Trulicity,ABDOMINAL PAIN,2169,fda_faers_quarterly,collected_openfda_faers_count,https://api.fda.gov/drug/event.json?search=patient.drug.medicinalproduct%3A%22Trulicity%22&count=patient.reaction.reactionmeddrapt.exact&limit=100
safety_tolerability,patient.reaction.reactionmeddrapt.exact,Trulicity,"FAERS/openFDA spontaneous adverse-event report counts are reporting signals, not incidence or causality.",Trulicity,MALAISE,2016,fda_faers_quarterly,collected_openfda_faers_count,https://api.fda.gov/drug/event.json?search=patient.drug.medicinalproduct%3A%22Trulicity%22&count=patient.reaction.reactionmeddrapt.exact&limit=100
safety_tolerability,patient.reaction.reactionmeddrapt.exact,Trulicity,"FAERS/openFDA spontaneous adverse-event report counts are reporting signals, not incidence or causality.",Trulicity,INJECTION SITE BRUISING,1926,fda_faers_quarterly,collected_openfda_faers_count,https://api.fda.gov/drug/event.json?search=patient.drug.medicinalproduct%3A%22Trulicity%22&count=patient.reaction.reactionmeddrapt.exact&limit=100
safety_tolerability,patient.reaction.reactionmeddrapt.exact,Trulicity,"FAERS/openFDA spontaneous adverse-event report counts are reporting signals, not incidence or causality.",Trulicity,ACCIDENTAL OVERDOSE,1859,fda_faers_quarterly,collected_openfda_faers_count,https://api.fda.gov/drug/event.json?search=patient.drug.medicinalproduct%3A%22Trulicity%22&count=patient.reaction.reactionmeddrapt.exact&limit=100
safety_tolerability,patient.reaction.reactionmeddrapt.exact,Trulicity,"FAERS/openFDA spontaneous adverse-event report counts are reporting signals, not incidence or causality.",Trulicity,DIZZINESS,1809,fda_faers_quarterly,collected_openfda_faers_count,https://api.fda.gov/drug/event.json?search=patient.drug.medicinalproduct%3A%22Trulicity%22&count=patient.reaction.reactionmeddrapt.exact&limit=100
safety_tolerability,patient.reaction.reactionmeddrapt.exact,Trulicity,"FAERS/openFDA spontaneous adverse-event report counts are reporting signals, not incidence or causality.",Trulicity,BLOOD GLUCOSE DECREASED,1800,fda_faers_quarterly,collected_openfda_faers_count,https://api.fda.gov/drug/event.json?search=patient.drug.medicinalproduct%3A%22Trulicity%22&count=patient.reaction.reactionmeddrapt.exact&limit=100
safety_tolerability,patient.reaction.reactionmeddrapt.exact,Trulicity,"FAERS/openFDA spontaneous adverse-event report counts are reporting signals, not incidence or causality.",Trulicity,ABDOMINAL DISCOMFORT,1740,fda_faers_quarterly,collected_openfda_faers_count,https://api.fda.gov/drug/event.json?search=patient.drug.medicinalproduct%3A%22Trulicity%22&count=patient.reaction.reactionmeddrapt.exact&limit=100
safety_tolerability,patient.reaction.reactionmeddrapt.exact,Trulicity,"FAERS/openFDA spontaneous adverse-event report counts are reporting signals, not incidence or causality.",Trulicity,OFF LABEL USE,1734,fda_faers_quarterly,collected_openfda_faers_count,https://api.fda.gov/drug/event.json?search=patient.drug.medicinalproduct%3A%22Trulicity%22&count=patient.reaction.reactionmeddrapt.exact&limit=100
safety_tolerability,patient.reaction.reactionmeddrapt.exact,Trulicity,"FAERS/openFDA spontaneous adverse-event report counts are reporting signals, not incidence or causality.",Trulicity,HEADACHE,1662,fda_faers_quarterly,collected_openfda_faers_count,https://api.fda.gov/drug/event.json?search=patient.drug.medicinalproduct%3A%22Trulicity%22&count=patient.reaction.reactionmeddrapt.exact&limit=100
safety_tolerability,patient.reaction.reactionmeddrapt.exact,Trulicity,"FAERS/openFDA spontaneous adverse-event report counts are reporting signals, not incidence or causality.",Trulicity,INJECTION SITE ERYTHEMA,1617,fda_faers_quarterly,collected_openfda_faers_count,https://api.fda.gov/drug/event.json?search=patient.drug.medicinalproduct%3A%22Trulicity%22&count=patient.reaction.reactionmeddrapt.exact&limit=100
safety_tolerability,patient.reaction.reactionmeddrapt.exact,Trulicity,"FAERS/openFDA spontaneous adverse-event report counts are reporting signals, not incidence or causality.",Trulicity,IMPAIRED GASTRIC EMPTYING,1590,fda_faers_quarterly,collected_openfda_faers_count,https://api.fda.gov/drug/event.json?search=patient.drug.medicinalproduct%3A%22Trulicity%22&count=patient.reaction.reactionmeddrapt.exact&limit=100
safety_tolerability,patient.reaction.reactionmeddrapt.exact,Trulicity,"FAERS/openFDA spontaneous adverse-event report counts are reporting signals, not incidence or causality.",Trulicity,PANCREATITIS,1477,fda_faers_quarterly,collected_openfda_faers_count,https://api.fda.gov/drug/event.json?search=patient.drug.medicinalproduct%3A%22Trulicity%22&count=patient.reaction.reactionmeddrapt.exact&limit=100
safety_tolerability,patient.reaction.reactionmeddrapt.exact,Trulicity,"FAERS/openFDA spontaneous adverse-event report counts are reporting signals, not incidence or causality.",Trulicity,DYSPEPSIA,1462,fda_faers_quarterly,collected_openfda_faers_count,https://api.fda.gov/drug/event.json?search=patient.drug.medicinalproduct%3A%22Trulicity%22&count=patient.reaction.reactionmeddrapt.exact&limit=100
safety_tolerability,patient.reaction.reactionmeddrapt.exact,Trulicity,"FAERS/openFDA spontaneous adverse-event report counts are reporting signals, not incidence or causality.",Trulicity,INJECTION SITE MASS,1410,fda_faers_quarterly,collected_openfda_faers_count,https://api.fda.gov/drug/event.json?search=patient.drug.medicinalproduct%3A%22Trulicity%22&count=patient.reaction.reactionmeddrapt.exact&limit=100
safety_tolerability,patient.reaction.reactionmeddrapt.exact,Trulicity,"FAERS/openFDA spontaneous adverse-event report counts are reporting signals, not incidence or causality.",Trulicity,ILLNESS,1403,fda_faers_quarterly,collected_openfda_faers_count,https://api.fda.gov/drug/event.json?search=patient.drug.medicinalproduct%3A%22Trulicity%22&count=patient.reaction.reactionmeddrapt.exact&limit=100
safety_tolerability,patient.reaction.reactionmeddrapt.exact,Trulicity,"FAERS/openFDA spontaneous adverse-event report counts are reporting signals, not incidence or causality.",Trulicity,VISUAL IMPAIRMENT,1371,fda_faers_quarterly,collected_openfda_faers_count,https://api.fda.gov/drug/event.json?search=patient.drug.medicinalproduct%3A%22Trulicity%22&count=patient.reaction.reactionmeddrapt.exact&limit=100
safety_tolerability,patient.reaction.reactionmeddrapt.exact,Trulicity,"FAERS/openFDA spontaneous adverse-event report counts are reporting signals, not incidence or causality.",Trulicity,DRUG DOSE OMISSION,1332,fda_faers_quarterly,collected_openfda_faers_count,https://api.fda.gov/drug/event.json?search=patient.drug.medicinalproduct%3A%22Trulicity%22&count=patient.reaction.reactionmeddrapt.exact&limit=100
safety_tolerability,patient.reaction.reactionmeddrapt.exact,Trulicity,"FAERS/openFDA spontaneous adverse-event report counts are reporting signals, not incidence or causality.",Trulicity,FEELING ABNORMAL,1304,fda_faers_quarterly,collected_openfda_faers_count,https://api.fda.gov/drug/event.json?search=patient.drug.medicinalproduct%3A%22Trulicity%22&count=patient.reaction.reactionmeddrapt.exact&limit=100
safety_tolerability,patient.reaction.reactionmeddrapt.exact,Trulicity,"FAERS/openFDA spontaneous adverse-event report counts are reporting signals, not incidence or causality.",Trulicity,ASTHENIA,1276,fda_faers_quarterly,collected_openfda_faers_count,https://api.fda.gov/drug/event.json?search=patient.drug.medicinalproduct%3A%22Trulicity%22&count=patient.reaction.reactionmeddrapt.exact&limit=100
safety_tolerability,patient.reaction.reactionmeddrapt.exact,Trulicity,"FAERS/openFDA spontaneous adverse-event report counts are reporting signals, not incidence or causality.",Trulicity,WEIGHT INCREASED,1255,fda_faers_quarterly,collected_openfda_faers_count,https://api.fda.gov/drug/event.json?search=patient.drug.medicinalproduct%3A%22Trulicity%22&count=patient.reaction.reactionmeddrapt.exact&limit=100
safety_tolerability,patient.reaction.reactionmeddrapt.exact,Trulicity,"FAERS/openFDA spontaneous adverse-event report counts are reporting signals, not incidence or causality.",Trulicity,INJECTION SITE PRURITUS,1249,fda_faers_quarterly,collected_openfda_faers_count,https://api.fda.gov/drug/event.json?search=patient.drug.medicinalproduct%3A%22Trulicity%22&count=patient.reaction.reactionmeddrapt.exact&limit=100
safety_tolerability,patient.reaction.reactionmeddrapt.exact,Trulicity,"FAERS/openFDA spontaneous adverse-event report counts are reporting signals, not incidence or causality.",Trulicity,ABDOMINAL DISTENSION,1138,fda_faers_quarterly,collected_openfda_faers_count,https://api.fda.gov/drug/event.json?search=patient.drug.medicinalproduct%3A%22Trulicity%22&count=patient.reaction.reactionmeddrapt.exact&limit=100
safety_tolerability,patient.reaction.reactionmeddrapt.exact,Trulicity,"FAERS/openFDA spontaneous adverse-event report counts are reporting signals, not incidence or causality.",Trulicity,DEHYDRATION,1136,fda_faers_quarterly,collected_openfda_faers_count,https://api.fda.gov/drug/event.json?search=patient.drug.medicinalproduct%3A%22Trulicity%22&count=patient.reaction.reactionmeddrapt.exact&limit=100
safety_tolerability,patient.reaction.reactionmeddrapt.exact,Trulicity,"FAERS/openFDA spontaneous adverse-event report counts are reporting signals, not incidence or causality.",Trulicity,PAIN,1133,fda_faers_quarterly,collected_openfda_faers_count,https://api.fda.gov/drug/event.json?search=patient.drug.medicinalproduct%3A%22Trulicity%22&count=patient.reaction.reactionmeddrapt.exact&limit=100
safety_tolerability,patient.reaction.reactionmeddrapt.exact,Trulicity,"FAERS/openFDA spontaneous adverse-event report counts are reporting signals, not incidence or causality.",Trulicity,ERUCTATION,1082,fda_faers_quarterly,collected_openfda_faers_count,https://api.fda.gov/drug/event.json?search=patient.drug.medicinalproduct%3A%22Trulicity%22&count=patient.reaction.reactionmeddrapt.exact&limit=100
safety_tolerability,patient.reaction.reactionmeddrapt.exact,Trulicity,"FAERS/openFDA spontaneous adverse-event report counts are reporting signals, not incidence or causality.",Trulicity,UNDERDOSE,1061,fda_faers_quarterly,collected_openfda_faers_count,https://api.fda.gov/drug/event.json?search=patient.drug.medicinalproduct%3A%22Trulicity%22&count=patient.reaction.reactionmeddrapt.exact&limit=100
safety_tolerability,patient.reaction.reactionmeddrapt.exact,Trulicity,"FAERS/openFDA spontaneous adverse-event report counts are reporting signals, not incidence or causality.",Trulicity,BLOOD GLUCOSE ABNORMAL,999,fda_faers_quarterly,collected_openfda_faers_count,https://api.fda.gov/drug/event.json?search=patient.drug.medicinalproduct%3A%22Trulicity%22&count=patient.reaction.reactionmeddrapt.exact&limit=100
safety_tolerability,patient.reaction.reactionmeddrapt.exact,Trulicity,"FAERS/openFDA spontaneous adverse-event report counts are reporting signals, not incidence or causality.",Trulicity,OVERDOSE,934,fda_faers_quarterly,collected_openfda_faers_count,https://api.fda.gov/drug/event.json?search=patient.drug.medicinalproduct%3A%22Trulicity%22&count=patient.reaction.reactionmeddrapt.exact&limit=100
safety_tolerability,patient.reaction.reactionmeddrapt.exact,Trulicity,"FAERS/openFDA spontaneous adverse-event report counts are reporting signals, not incidence or causality.",Trulicity,DYSPNOEA,864,fda_faers_quarterly,collected_openfda_faers_count,https://api.fda.gov/drug/event.json?search=patient.drug.medicinalproduct%3A%22Trulicity%22&count=patient.reaction.reactionmeddrapt.exact&limit=100
safety_tolerability,patient.reaction.reactionmeddrapt.exact,Trulicity,"FAERS/openFDA spontaneous adverse-event report counts are reporting signals, not incidence or causality.",Trulicity,RASH,859,fda_faers_quarterly,collected_openfda_faers_count,https://api.fda.gov/drug/event.json?search=patient.drug.medicinalproduct%3A%22Trulicity%22&count=patient.reaction.reactionmeddrapt.exact&limit=100
safety_tolerability,patient.reaction.reactionmeddrapt.exact,Trulicity,"FAERS/openFDA spontaneous adverse-event report counts are reporting signals, not incidence or causality.",Trulicity,FALL,849,fda_faers_quarterly,collected_openfda_faers_count,https://api.fda.gov/drug/event.json?search=patient.drug.medicinalproduct%3A%22Trulicity%22&count=patient.reaction.reactionmeddrapt.exact&limit=100
safety_tolerability,patient.reaction.reactionmeddrapt.exact,Trulicity,"FAERS/openFDA spontaneous adverse-event report counts are reporting signals, not incidence or causality.",Trulicity,FLATULENCE,829,fda_faers_quarterly,collected_openfda_faers_count,https://api.fda.gov/drug/event.json?search=patient.drug.medicinalproduct%3A%22Trulicity%22&count=patient.reaction.reactionmeddrapt.exact&limit=100
safety_tolerability,patient.reaction.reactionmeddrapt.exact,Trulicity,"FAERS/openFDA spontaneous adverse-event report counts are reporting signals, not incidence or causality.",Trulicity,COVID-19,814,fda_faers_quarterly,collected_openfda_faers_count,https://api.fda.gov/drug/event.json?search=patient.drug.medicinalproduct%3A%22Trulicity%22&count=patient.reaction.reactionmeddrapt.exact&limit=100
safety_tolerability,patient.reaction.reactionmeddrapt.exact,Trulicity,"FAERS/openFDA spontaneous adverse-event report counts are reporting signals, not incidence or causality.",Trulicity,INJECTION SITE SWELLING,801,fda_faers_quarterly,collected_openfda_faers_count,https://api.fda.gov/drug/event.json?search=patient.drug.medicinalproduct%3A%22Trulicity%22&count=patient.reaction.reactionmeddrapt.exact&limit=100
safety_tolerability,patient.reaction.reactionmeddrapt.exact,Trulicity,"FAERS/openFDA spontaneous adverse-event report counts are reporting signals, not incidence or causality.",Trulicity,PRURITUS,791,fda_faers_quarterly,collected_openfda_faers_count,https://api.fda.gov/drug/event.json?search=patient.drug.medicinalproduct%3A%22Trulicity%22&count=patient.reaction.reactionmeddrapt.exact&limit=100
safety_tolerability,patient.reaction.reactionmeddrapt.exact,Trulicity,"FAERS/openFDA spontaneous adverse-event report counts are reporting signals, not incidence or causality.",Trulicity,GASTROINTESTINAL DISORDER,759,fda_faers_quarterly,collected_openfda_faers_count,https://api.fda.gov/drug/event.json?search=patient.drug.medicinalproduct%3A%22Trulicity%22&count=patient.reaction.reactionmeddrapt.exact&limit=100
safety_tolerability,patient.reaction.reactionmeddrapt.exact,Trulicity,"FAERS/openFDA spontaneous adverse-event report counts are reporting signals, not incidence or causality.",Trulicity,DEATH,737,fda_faers_quarterly,collected_openfda_faers_count,https://api.fda.gov/drug/event.json?search=patient.drug.medicinalproduct%3A%22Trulicity%22&count=patient.reaction.reactionmeddrapt.exact&limit=100
safety_tolerability,patient.reaction.reactionmeddrapt.exact,Trulicity,"FAERS/openFDA spontaneous adverse-event report counts are reporting signals, not incidence or causality.",Trulicity,PRODUCT DOSE OMISSION,723,fda_faers_quarterly,collected_openfda_faers_count,https://api.fda.gov/drug/event.json?search=patient.drug.medicinalproduct%3A%22Trulicity%22&count=patient.reaction.reactionmeddrapt.exact&limit=100
safety_tolerability,patient.reaction.reactionmeddrapt.exact,Trulicity,"FAERS/openFDA spontaneous adverse-event report counts are reporting signals, not incidence or causality.",Trulicity,GASTROOESOPHAGEAL REFLUX DISEASE,690,fda_faers_quarterly,collected_openfda_faers_count,https://api.fda.gov/drug/event.json?search=patient.drug.medicinalproduct%3A%22Trulicity%22&count=patient.reaction.reactionmeddrapt.exact&limit=100
safety_tolerability,patient.reaction.reactionmeddrapt.exact,Trulicity,"FAERS/openFDA spontaneous adverse-event report counts are reporting signals, not incidence or causality.",Trulicity,ANXIETY,656,fda_faers_quarterly,collected_openfda_faers_count,https://api.fda.gov/drug/event.json?search=patient.drug.medicinalproduct%3A%22Trulicity%22&count=patient.reaction.reactionmeddrapt.exact&limit=100
safety_tolerability,patient.reaction.reactionmeddrapt.exact,Trulicity,"FAERS/openFDA spontaneous adverse-event report counts are reporting signals, not incidence or causality.",Trulicity,MEMORY IMPAIRMENT,653,fda_faers_quarterly,collected_openfda_faers_count,https://api.fda.gov/drug/event.json?search=patient.drug.medicinalproduct%3A%22Trulicity%22&count=patient.reaction.reactionmeddrapt.exact&limit=100
safety_tolerability,patient.reaction.reactionmeddrapt.exact,Trulicity,"FAERS/openFDA spontaneous adverse-event report counts are reporting signals, not incidence or causality.",Trulicity,PRODUCT STORAGE ERROR,651,fda_faers_quarterly,collected_openfda_faers_count,https://api.fda.gov/drug/event.json?search=patient.drug.medicinalproduct%3A%22Trulicity%22&count=patient.reaction.reactionmeddrapt.exact&limit=100
safety_tolerability,patient.reaction.reactionmeddrapt.exact,Trulicity,"FAERS/openFDA spontaneous adverse-event report counts are reporting signals, not incidence or causality.",Trulicity,PAIN IN EXTREMITY,648,fda_faers_quarterly,collected_openfda_faers_count,https://api.fda.gov/drug/event.json?search=patient.drug.medicinalproduct%3A%22Trulicity%22&count=patient.reaction.reactionmeddrapt.exact&limit=100
safety_tolerability,patient.reaction.reactionmeddrapt.exact,Trulicity,"FAERS/openFDA spontaneous adverse-event report counts are reporting signals, not incidence or causality.",Trulicity,WRONG TECHNIQUE IN PRODUCT USAGE PROCESS,648,fda_faers_quarterly,collected_openfda_faers_count,https://api.fda.gov/drug/event.json?search=patient.drug.medicinalproduct%3A%22Trulicity%22&count=patient.reaction.reactionmeddrapt.exact&limit=100
safety_tolerability,patient.reaction.reactionmeddrapt.exact,Trulicity,"FAERS/openFDA spontaneous adverse-event report counts are reporting signals, not incidence or causality.",Trulicity,ARTHRALGIA,632,fda_faers_quarterly,collected_openfda_faers_count,https://api.fda.gov/drug/event.json?search=patient.drug.medicinalproduct%3A%22Trulicity%22&count=patient.reaction.reactionmeddrapt.exact&limit=100
safety_tolerability,patient.reaction.reactionmeddrapt.exact,Trulicity,"FAERS/openFDA spontaneous adverse-event report counts are reporting signals, not incidence or causality.",Trulicity,ACUTE KIDNEY INJURY,621,fda_faers_quarterly,collected_openfda_faers_count,https://api.fda.gov/drug/event.json?search=patient.drug.medicinalproduct%3A%22Trulicity%22&count=patient.reaction.reactionmeddrapt.exact&limit=100
safety_tolerability,patient.reaction.reactionmeddrapt.exact,Trulicity,"FAERS/openFDA spontaneous adverse-event report counts are reporting signals, not incidence or causality.",Trulicity,VISION BLURRED,620,fda_faers_quarterly,collected_openfda_faers_count,https://api.fda.gov/drug/event.json?search=patient.drug.medicinalproduct%3A%22Trulicity%22&count=patient.reaction.reactionmeddrapt.exact&limit=100
safety_tolerability,patient.reaction.reactionmeddrapt.exact,Trulicity,"FAERS/openFDA spontaneous adverse-event report counts are reporting signals, not incidence or causality.",Trulicity,BACK PAIN,614,fda_faers_quarterly,collected_openfda_faers_count,https://api.fda.gov/drug/event.json?search=patient.drug.medicinalproduct%3A%22Trulicity%22&count=patient.reaction.reactionmeddrapt.exact&limit=100
safety_tolerability,patient.reaction.reactionmeddrapt.exact,Trulicity,"FAERS/openFDA spontaneous adverse-event report counts are reporting signals, not incidence or causality.",Trulicity,CEREBROVASCULAR ACCIDENT,563,fda_faers_quarterly,collected_openfda_faers_count,https://api.fda.gov/drug/event.json?search=patient.drug.medicinalproduct%3A%22Trulicity%22&count=patient.reaction.reactionmeddrapt.exact&limit=100
safety_tolerability,patient.reaction.reactionmeddrapt.exact,Trulicity,"FAERS/openFDA spontaneous adverse-event report counts are reporting signals, not incidence or causality.",Trulicity,DRUG HYPERSENSITIVITY,547,fda_faers_quarterly,collected_openfda_faers_count,https://api.fda.gov/drug/event.json?search=patient.drug.medicinalproduct%3A%22Trulicity%22&count=patient.reaction.reactionmeddrapt.exact&limit=100
safety_tolerability,patient.reaction.reactionmeddrapt.exact,Trulicity,"FAERS/openFDA spontaneous adverse-event report counts are reporting signals, not incidence or causality.",Trulicity,GAIT DISTURBANCE,534,fda_faers_quarterly,collected_openfda_faers_count,https://api.fda.gov/drug/event.json?search=patient.drug.medicinalproduct%3A%22Trulicity%22&count=patient.reaction.reactionmeddrapt.exact&limit=100
safety_tolerability,patient.reaction.reactionmeddrapt.exact,Trulicity,"FAERS/openFDA spontaneous adverse-event report counts are reporting signals, not incidence or causality.",Trulicity,COUGH,520,fda_faers_quarterly,collected_openfda_faers_count,https://api.fda.gov/drug/event.json?search=patient.drug.medicinalproduct%3A%22Trulicity%22&count=patient.reaction.reactionmeddrapt.exact&limit=100
safety_tolerability,patient.reaction.reactionmeddrapt.exact,Trulicity,"FAERS/openFDA spontaneous adverse-event report counts are reporting signals, not incidence or causality.",Trulicity,DEPRESSION,520,fda_faers_quarterly,collected_openfda_faers_count,https://api.fda.gov/drug/event.json?search=patient.drug.medicinalproduct%3A%22Trulicity%22&count=patient.reaction.reactionmeddrapt.exact&limit=100
safety_tolerability,patient.reaction.reactionmeddrapt.exact,Trulicity,"FAERS/openFDA spontaneous adverse-event report counts are reporting signals, not incidence or causality.",Trulicity,INJECTION SITE RASH,520,fda_faers_quarterly,collected_openfda_faers_count,https://api.fda.gov/drug/event.json?search=patient.drug.medicinalproduct%3A%22Trulicity%22&count=patient.reaction.reactionmeddrapt.exact&limit=100
safety_tolerability,patient.reaction.reactionmeddrapt.exact,Trulicity,"FAERS/openFDA spontaneous adverse-event report counts are reporting signals, not incidence or causality.",Trulicity,GASTROINTESTINAL HYPOMOTILITY,506,fda_faers_quarterly,collected_openfda_faers_count,https://api.fda.gov/drug/event.json?search=patient.drug.medicinalproduct%3A%22Trulicity%22&count=patient.reaction.reactionmeddrapt.exact&limit=100
safety_tolerability,patient.reaction.reactionmeddrapt.exact,Trulicity,"FAERS/openFDA spontaneous adverse-event report counts are reporting signals, not incidence or causality.",Trulicity,INJURY ASSOCIATED WITH DEVICE,504,fda_faers_quarterly,collected_openfda_faers_count,https://api.fda.gov/drug/event.json?search=patient.drug.medicinalproduct%3A%22Trulicity%22&count=patient.reaction.reactionmeddrapt.exact&limit=100
safety_tolerability,patient.reaction.reactionmeddrapt.exact,Trulicity,"FAERS/openFDA spontaneous adverse-event report counts are reporting signals, not incidence or causality.",Trulicity,PRODUCT ADMINISTERED AT INAPPROPRIATE SITE,499,fda_faers_quarterly,collected_openfda_faers_count,https://api.fda.gov/drug/event.json?search=patient.drug.medicinalproduct%3A%22Trulicity%22&count=patient.reaction.reactionmeddrapt.exact&limit=100
safety_tolerability,patient.reaction.reactionmeddrapt.exact,Trulicity,"FAERS/openFDA spontaneous adverse-event report counts are reporting signals, not incidence or causality.",Trulicity,HYPOGLYCAEMIA,490,fda_faers_quarterly,collected_openfda_faers_count,https://api.fda.gov/drug/event.json?search=patient.drug.medicinalproduct%3A%22Trulicity%22&count=patient.reaction.reactionmeddrapt.exact&limit=100
safety_tolerability,patient.reaction.reactionmeddrapt.exact,Trulicity,"FAERS/openFDA spontaneous adverse-event report counts are reporting signals, not incidence or causality.",Trulicity,TREMOR,487,fda_faers_quarterly,collected_openfda_faers_count,https://api.fda.gov/drug/event.json?search=patient.drug.medicinalproduct%3A%22Trulicity%22&count=patient.reaction.reactionmeddrapt.exact&limit=100
safety_tolerability,patient.reaction.reactionmeddrapt.exact,Trulicity,"FAERS/openFDA spontaneous adverse-event report counts are reporting signals, not incidence or causality.",Trulicity,URINARY TRACT INFECTION,480,fda_faers_quarterly,collected_openfda_faers_count,https://api.fda.gov/drug/event.json?search=patient.drug.medicinalproduct%3A%22Trulicity%22&count=patient.reaction.reactionmeddrapt.exact&limit=100
safety_tolerability,patient.reaction.reactionmeddrapt.exact,Trulicity,"FAERS/openFDA spontaneous adverse-event report counts are reporting signals, not incidence or causality.",Trulicity,INAPPROPRIATE SCHEDULE OF DRUG ADMINISTRATION,479,fda_faers_quarterly,collected_openfda_faers_count,https://api.fda.gov/drug/event.json?search=patient.drug.medicinalproduct%3A%22Trulicity%22&count=patient.reaction.reactionmeddrapt.exact&limit=100
safety_tolerability,patient.reaction.reactionmeddrapt.exact,Trulicity,"FAERS/openFDA spontaneous adverse-event report counts are reporting signals, not incidence or causality.",Trulicity,INJECTION SITE URTICARIA,472,fda_faers_quarterly,collected_openfda_faers_count,https://api.fda.gov/drug/event.json?search=patient.drug.medicinalproduct%3A%22Trulicity%22&count=patient.reaction.reactionmeddrapt.exact&limit=100
safety_tolerability,patient.reaction.reactionmeddrapt.exact,Trulicity,"FAERS/openFDA spontaneous adverse-event report counts are reporting signals, not incidence or causality.",Trulicity,MUSCLE SPASMS,465,fda_faers_quarterly,collected_openfda_faers_count,https://api.fda.gov/drug/event.json?search=patient.drug.medicinalproduct%3A%22Trulicity%22&count=patient.reaction.reactionmeddrapt.exact&limit=100
safety_tolerability,patient.reaction.reactionmeddrapt.exact,Trulicity,"FAERS/openFDA spontaneous adverse-event report counts are reporting signals, not incidence or causality.",Trulicity,FEEDING DISORDER,464,fda_faers_quarterly,collected_openfda_faers_count,https://api.fda.gov/drug/event.json?search=patient.drug.medicinalproduct%3A%22Trulicity%22&count=patient.reaction.reactionmeddrapt.exact&limit=100
safety_tolerability,patient.reaction.reactionmeddrapt.exact,Trulicity,"FAERS/openFDA spontaneous adverse-event report counts are reporting signals, not incidence or causality.",Trulicity,BLOOD PRESSURE INCREASED,460,fda_faers_quarterly,collected_openfda_faers_count,https://api.fda.gov/drug/event.json?search=patient.drug.medicinalproduct%3A%22Trulicity%22&count=patient.reaction.reactionmeddrapt.exact&limit=100
safety_tolerability,patient.reaction.reactionmeddrapt.exact,Trulicity,"FAERS/openFDA spontaneous adverse-event report counts are reporting signals, not incidence or causality.",Trulicity,HYPOACUSIS,455,fda_faers_quarterly,collected_openfda_faers_count,https://api.fda.gov/drug/event.json?search=patient.drug.medicinalproduct%3A%22Trulicity%22&count=patient.reaction.reactionmeddrapt.exact&limit=100
safety_tolerability,patient.reaction.reactionmeddrapt.exact,Trulicity,"FAERS/openFDA spontaneous adverse-event report counts are reporting signals, not incidence or causality.",Trulicity,INSOMNIA,450,fda_faers_quarterly,collected_openfda_faers_count,https://api.fda.gov/drug/event.json?search=patient.drug.medicinalproduct%3A%22Trulicity%22&count=patient.reaction.reactionmeddrapt.exact&limit=100
safety_tolerability,patient.reaction.reactionmeddrapt.exact,Trulicity,"FAERS/openFDA spontaneous adverse-event report counts are reporting signals, not incidence or causality.",Trulicity,DIABETES MELLITUS INADEQUATE CONTROL,449,fda_faers_quarterly,collected_openfda_faers_count,https://api.fda.gov/drug/event.json?search=patient.drug.medicinalproduct%3A%22Trulicity%22&count=patient.reaction.reactionmeddrapt.exact&limit=100
safety_tolerability,patient.reaction.reactionmeddrapt.exact,Trulicity,"FAERS/openFDA spontaneous adverse-event report counts are reporting signals, not incidence or causality.",Trulicity,HYPERSENSITIVITY,421,fda_faers_quarterly,collected_openfda_faers_count,https://api.fda.gov/drug/event.json?search=patient.drug.medicinalproduct%3A%22Trulicity%22&count=patient.reaction.reactionmeddrapt.exact&limit=100
safety_tolerability,patient.reaction.reactionmeddrapt.exact,Trulicity,"FAERS/openFDA spontaneous adverse-event report counts are reporting signals, not incidence or causality.",Trulicity,SOMNOLENCE,421,fda_faers_quarterly,collected_openfda_faers_count,https://api.fda.gov/drug/event.json?search=patient.drug.medicinalproduct%3A%22Trulicity%22&count=patient.reaction.reactionmeddrapt.exact&limit=100
safety_tolerability,patient.reaction.reactionmeddrapt.exact,Trulicity,"FAERS/openFDA spontaneous adverse-event report counts are reporting signals, not incidence or causality.",Trulicity,ALOPECIA,416,fda_faers_quarterly,collected_openfda_faers_count,https://api.fda.gov/drug/event.json?search=patient.drug.medicinalproduct%3A%22Trulicity%22&count=patient.reaction.reactionmeddrapt.exact&limit=100
safety_tolerability,patient.reaction.reactionmeddrapt.exact,Trulicity,"FAERS/openFDA spontaneous adverse-event report counts are reporting signals, not incidence or causality.",Trulicity,CATARACT,410,fda_faers_quarterly,collected_openfda_faers_count,https://api.fda.gov/drug/event.json?search=patient.drug.medicinalproduct%3A%22Trulicity%22&count=patient.reaction.reactionmeddrapt.exact&limit=100
safety_tolerability,patient.reaction.reactionmeddrapt.exact,Trulicity,"FAERS/openFDA spontaneous adverse-event report counts are reporting signals, not incidence or causality.",Trulicity,PNEUMONIA,410,fda_faers_quarterly,collected_openfda_faers_count,https://api.fda.gov/drug/event.json?search=patient.drug.medicinalproduct%3A%22Trulicity%22&count=patient.reaction.reactionmeddrapt.exact&limit=100
safety_tolerability,patient.reaction.reactionmeddrapt.exact,Trulicity,"FAERS/openFDA spontaneous adverse-event report counts are reporting signals, not incidence or causality.",Trulicity,PERIPHERAL SWELLING,407,fda_faers_quarterly,collected_openfda_faers_count,https://api.fda.gov/drug/event.json?search=patient.drug.medicinalproduct%3A%22Trulicity%22&count=patient.reaction.reactionmeddrapt.exact&limit=100
safety_tolerability,patient.reaction.reactionmeddrapt.exact,Trulicity,"FAERS/openFDA spontaneous adverse-event report counts are reporting signals, not incidence or causality.",Trulicity,NASOPHARYNGITIS,403,fda_faers_quarterly,collected_openfda_faers_count,https://api.fda.gov/drug/event.json?search=patient.drug.medicinalproduct%3A%22Trulicity%22&count=patient.reaction.reactionmeddrapt.exact&limit=100
safety_tolerability,patient.reaction.reactionmeddrapt.exact,Trulicity,"FAERS/openFDA spontaneous adverse-event report counts are reporting signals, not incidence or causality.",Trulicity,HYPERTENSION,402,fda_faers_quarterly,collected_openfda_faers_count,https://api.fda.gov/drug/event.json?search=patient.drug.medicinalproduct%3A%22Trulicity%22&count=patient.reaction.reactionmeddrapt.exact&limit=100
safety_tolerability,patient.reaction.reactionmeddrapt.exact,Trulicity,"FAERS/openFDA spontaneous adverse-event report counts are reporting signals, not incidence or causality.",Trulicity,URTICARIA,392,fda_faers_quarterly,collected_openfda_faers_count,https://api.fda.gov/drug/event.json?search=patient.drug.medicinalproduct%3A%22Trulicity%22&count=patient.reaction.reactionmeddrapt.exact&limit=100
safety_tolerability,patient.reaction.reactionmeddrapt.exact,Trulicity,"FAERS/openFDA spontaneous adverse-event report counts are reporting signals, not incidence or causality.",Trulicity,MYOCARDIAL INFARCTION,382,fda_faers_quarterly,collected_openfda_faers_count,https://api.fda.gov/drug/event.json?search=patient.drug.medicinalproduct%3A%22Trulicity%22&count=patient.reaction.reactionmeddrapt.exact&limit=100
safety_tolerability,patient.reaction.reactionmeddrapt.exact,Trulicity,"FAERS/openFDA spontaneous adverse-event report counts are reporting signals, not incidence or causality.",Trulicity,HYPERHIDROSIS,374,fda_faers_quarterly,collected_openfda_faers_count,https://api.fda.gov/drug/event.json?search=patient.drug.medicinalproduct%3A%22Trulicity%22&count=patient.reaction.reactionmeddrapt.exact&limit=100
safety_tolerability,patient.reaction.reactionmeddrapt.exact,Trulicity,"FAERS/openFDA spontaneous adverse-event report counts are reporting signals, not incidence or causality.",Trulicity,INJECTION SITE DISCOMFORT,374,fda_faers_quarterly,collected_openfda_faers_count,https://api.fda.gov/drug/event.json?search=patient.drug.medicinalproduct%3A%22Trulicity%22&count=patient.reaction.reactionmeddrapt.exact&limit=100
safety_tolerability,patient.reaction.reactionmeddrapt.exact,Trulicity,"FAERS/openFDA spontaneous adverse-event report counts are reporting signals, not incidence or causality.",Trulicity,DIABETIC KETOACIDOSIS,369,fda_faers_quarterly,collected_openfda_faers_count,https://api.fda.gov/drug/event.json?search=patient.drug.medicinalproduct%3A%22Trulicity%22&count=patient.reaction.reactionmeddrapt.exact&limit=100
safety_tolerability,patient.reaction.reactionmeddrapt.exact,Trulicity,"FAERS/openFDA spontaneous adverse-event report counts are reporting signals, not incidence or causality.",Trulicity,INJECTION SITE INJURY,356,fda_faers_quarterly,collected_openfda_faers_count,https://api.fda.gov/drug/event.json?search=patient.drug.medicinalproduct%3A%22Trulicity%22&count=patient.reaction.reactionmeddrapt.exact&limit=100
safety_tolerability,patient.reaction.reactionmeddrapt.exact,Bydureon,"FAERS/openFDA spontaneous adverse-event report counts are reporting signals, not incidence or causality.",Bydureon,INJECTION SITE HAEMORRHAGE,6013,fda_faers_quarterly,collected_openfda_faers_count,https://api.fda.gov/drug/event.json?search=patient.drug.medicinalproduct%3A%22Bydureon%22&count=patient.reaction.reactionmeddrapt.exact&limit=100
safety_tolerability,patient.reaction.reactionmeddrapt.exact,Bydureon,"FAERS/openFDA spontaneous adverse-event report counts are reporting signals, not incidence or causality.",Bydureon,DEVICE LEAKAGE,5078,fda_faers_quarterly,collected_openfda_faers_count,https://api.fda.gov/drug/event.json?search=patient.drug.medicinalproduct%3A%22Bydureon%22&count=patient.reaction.reactionmeddrapt.exact&limit=100
safety_tolerability,patient.reaction.reactionmeddrapt.exact,Bydureon,"FAERS/openFDA spontaneous adverse-event report counts are reporting signals, not incidence or causality.",Bydureon,INJECTION SITE PAIN,5067,fda_faers_quarterly,collected_openfda_faers_count,https://api.fda.gov/drug/event.json?search=patient.drug.medicinalproduct%3A%22Bydureon%22&count=patient.reaction.reactionmeddrapt.exact&limit=100
safety_tolerability,patient.reaction.reactionmeddrapt.exact,Bydureon,"FAERS/openFDA spontaneous adverse-event report counts are reporting signals, not incidence or causality.",Bydureon,INJECTION SITE MASS,3806,fda_faers_quarterly,collected_openfda_faers_count,https://api.fda.gov/drug/event.json?search=patient.drug.medicinalproduct%3A%22Bydureon%22&count=patient.reaction.reactionmeddrapt.exact&limit=100
safety_tolerability,patient.reaction.reactionmeddrapt.exact,Bydureon,"FAERS/openFDA spontaneous adverse-event report counts are reporting signals, not incidence or causality.",Bydureon,INCORRECT DOSE ADMINISTERED BY DEVICE,3277,fda_faers_quarterly,collected_openfda_faers_count,https://api.fda.gov/drug/event.json?search=patient.drug.medicinalproduct%3A%22Bydureon%22&count=patient.reaction.reactionmeddrapt.exact&limit=100
safety_tolerability,patient.reaction.reactionmeddrapt.exact,Bydureon,"FAERS/openFDA spontaneous adverse-event report counts are reporting signals, not incidence or causality.",Bydureon,WRONG TECHNIQUE IN DEVICE USAGE PROCESS,3214,fda_faers_quarterly,collected_openfda_faers_count,https://api.fda.gov/drug/event.json?search=patient.drug.medicinalproduct%3A%22Bydureon%22&count=patient.reaction.reactionmeddrapt.exact&limit=100
safety_tolerability,patient.reaction.reactionmeddrapt.exact,Bydureon,"FAERS/openFDA spontaneous adverse-event report counts are reporting signals, not incidence or causality.",Bydureon,BLOOD GLUCOSE INCREASED,3198,fda_faers_quarterly,collected_openfda_faers_count,https://api.fda.gov/drug/event.json?search=patient.drug.medicinalproduct%3A%22Bydureon%22&count=patient.reaction.reactionmeddrapt.exact&limit=100
safety_tolerability,patient.reaction.reactionmeddrapt.exact,Bydureon,"FAERS/openFDA spontaneous adverse-event report counts are reporting signals, not incidence or causality.",Bydureon,DEVICE MALFUNCTION,3159,fda_faers_quarterly,collected_openfda_faers_count,https://api.fda.gov/drug/event.json?search=patient.drug.medicinalproduct%3A%22Bydureon%22&count=patient.reaction.reactionmeddrapt.exact&limit=100
safety_tolerability,patient.reaction.reactionmeddrapt.exact,Bydureon,"FAERS/openFDA spontaneous adverse-event report counts are reporting signals, not incidence or causality.",Bydureon,INJECTION SITE NODULE,3023,fda_faers_quarterly,collected_openfda_faers_count,https://api.fda.gov/drug/event.json?search=patient.drug.medicinalproduct%3A%22Bydureon%22&count=patient.reaction.reactionmeddrapt.exact&limit=100
safety_tolerability,patient.reaction.reactionmeddrapt.exact,Bydureon,"FAERS/openFDA spontaneous adverse-event report counts are reporting signals, not incidence or causality.",Bydureon,DEVICE ISSUE,2776,fda_faers_quarterly,collected_openfda_faers_count,https://api.fda.gov/drug/event.json?search=patient.drug.medicinalproduct%3A%22Bydureon%22&count=patient.reaction.reactionmeddrapt.exact&limit=100
safety_tolerability,patient.reaction.reactionmeddrapt.exact,Bydureon,"FAERS/openFDA spontaneous adverse-event report counts are reporting signals, not incidence or causality.",Bydureon,WEIGHT DECREASED,2696,fda_faers_quarterly,collected_openfda_faers_count,https://api.fda.gov/drug/event.json?search=patient.drug.medicinalproduct%3A%22Bydureon%22&count=patient.reaction.reactionmeddrapt.exact&limit=100
safety_tolerability,patient.reaction.reactionmeddrapt.exact,Bydureon,"FAERS/openFDA spontaneous adverse-event report counts are reporting signals, not incidence or causality.",Bydureon,INJECTION SITE EXTRAVASATION,2512,fda_faers_quarterly,collected_openfda_faers_count,https://api.fda.gov/drug/event.json?search=patient.drug.medicinalproduct%3A%22Bydureon%22&count=patient.reaction.reactionmeddrapt.exact&limit=100
safety_tolerability,patient.reaction.reactionmeddrapt.exact,Bydureon,"FAERS/openFDA spontaneous adverse-event report counts are reporting signals, not incidence or causality.",Bydureon,NAUSEA,2335,fda_faers_quarterly,collected_openfda_faers_count,https://api.fda.gov/drug/event.json?search=patient.drug.medicinalproduct%3A%22Bydureon%22&count=patient.reaction.reactionmeddrapt.exact&limit=100
safety_tolerability,patient.reaction.reactionmeddrapt.exact,Bydureon,"FAERS/openFDA spontaneous adverse-event report counts are reporting signals, not incidence or causality.",Bydureon,NEEDLE ISSUE,1806,fda_faers_quarterly,collected_openfda_faers_count,https://api.fda.gov/drug/event.json?search=patient.drug.medicinalproduct%3A%22Bydureon%22&count=patient.reaction.reactionmeddrapt.exact&limit=100
safety_tolerability,patient.reaction.reactionmeddrapt.exact,Bydureon,"FAERS/openFDA spontaneous adverse-event report counts are reporting signals, not incidence or causality.",Bydureon,PRODUCT QUALITY ISSUE,1696,fda_faers_quarterly,collected_openfda_faers_count,https://api.fda.gov/drug/event.json?search=patient.drug.medicinalproduct%3A%22Bydureon%22&count=patient.reaction.reactionmeddrapt.exact&limit=100
safety_tolerability,patient.reaction.reactionmeddrapt.exact,Bydureon,"FAERS/openFDA spontaneous adverse-event report counts are reporting signals, not incidence or causality.",Bydureon,INJECTION SITE PRURITUS,1688,fda_faers_quarterly,collected_openfda_faers_count,https://api.fda.gov/drug/event.json?search=patient.drug.medicinalproduct%3A%22Bydureon%22&count=patient.reaction.reactionmeddrapt.exact&limit=100
safety_tolerability,patient.reaction.reactionmeddrapt.exact,Bydureon,"FAERS/openFDA spontaneous adverse-event report counts are reporting signals, not incidence or causality.",Bydureon,UNDERDOSE,1625,fda_faers_quarterly,collected_openfda_faers_count,https://api.fda.gov/drug/event.json?search=patient.drug.medicinalproduct%3A%22Bydureon%22&count=patient.reaction.reactionmeddrapt.exact&limit=100
safety_tolerability,patient.reaction.reactionmeddrapt.exact,Bydureon,"FAERS/openFDA spontaneous adverse-event report counts are reporting signals, not incidence or causality.",Bydureon,DEVICE DELIVERY SYSTEM ISSUE,1507,fda_faers_quarterly,collected_openfda_faers_count,https://api.fda.gov/drug/event.json?search=patient.drug.medicinalproduct%3A%22Bydureon%22&count=patient.reaction.reactionmeddrapt.exact&limit=100
safety_tolerability,patient.reaction.reactionmeddrapt.exact,Bydureon,"FAERS/openFDA spontaneous adverse-event report counts are reporting signals, not incidence or causality.",Bydureon,INJECTION SITE BRUISING,1388,fda_faers_quarterly,collected_openfda_faers_count,https://api.fda.gov/drug/event.json?search=patient.drug.medicinalproduct%3A%22Bydureon%22&count=patient.reaction.reactionmeddrapt.exact&limit=100
safety_tolerability,patient.reaction.reactionmeddrapt.exact,Bydureon,"FAERS/openFDA spontaneous adverse-event report counts are reporting signals, not incidence or causality.",Bydureon,INCORRECT DOSE ADMINISTERED,1259,fda_faers_quarterly,collected_openfda_faers_count,https://api.fda.gov/drug/event.json?search=patient.drug.medicinalproduct%3A%22Bydureon%22&count=patient.reaction.reactionmeddrapt.exact&limit=100
safety_tolerability,patient.reaction.reactionmeddrapt.exact,Bydureon,"FAERS/openFDA spontaneous adverse-event report counts are reporting signals, not incidence or causality.",Bydureon,INTENTIONAL PRODUCT MISUSE,1216,fda_faers_quarterly,collected_openfda_faers_count,https://api.fda.gov/drug/event.json?search=patient.drug.medicinalproduct%3A%22Bydureon%22&count=patient.reaction.reactionmeddrapt.exact&limit=100
safety_tolerability,patient.reaction.reactionmeddrapt.exact,Bydureon,"FAERS/openFDA spontaneous adverse-event report counts are reporting signals, not incidence or causality.",Bydureon,INTENTIONAL DEVICE MISUSE,1187,fda_faers_quarterly,collected_openfda_faers_count,https://api.fda.gov/drug/event.json?search=patient.drug.medicinalproduct%3A%22Bydureon%22&count=patient.reaction.reactionmeddrapt.exact&limit=100
safety_tolerability,patient.reaction.reactionmeddrapt.exact,Bydureon,"FAERS/openFDA spontaneous adverse-event report counts are reporting signals, not incidence or causality.",Bydureon,INJECTION SITE ERYTHEMA,1144,fda_faers_quarterly,collected_openfda_faers_count,https://api.fda.gov/drug/event.json?search=patient.drug.medicinalproduct%3A%22Bydureon%22&count=patient.reaction.reactionmeddrapt.exact&limit=100
safety_tolerability,patient.reaction.reactionmeddrapt.exact,Bydureon,"FAERS/openFDA spontaneous adverse-event report counts are reporting signals, not incidence or causality.",Bydureon,VOMITING,1119,fda_faers_quarterly,collected_openfda_faers_count,https://api.fda.gov/drug/event.json?search=patient.drug.medicinalproduct%3A%22Bydureon%22&count=patient.reaction.reactionmeddrapt.exact&limit=100
safety_tolerability,patient.reaction.reactionmeddrapt.exact,Bydureon,"FAERS/openFDA spontaneous adverse-event report counts are reporting signals, not incidence or causality.",Bydureon,DRUG DOSE OMISSION,1113,fda_faers_quarterly,collected_openfda_faers_count,https://api.fda.gov/drug/event.json?search=patient.drug.medicinalproduct%3A%22Bydureon%22&count=patient.reaction.reactionmeddrapt.exact&limit=100
safety_tolerability,patient.reaction.reactionmeddrapt.exact,Bydureon,"FAERS/openFDA spontaneous adverse-event report counts are reporting signals, not incidence or causality.",Bydureon,DIARRHOEA,1100,fda_faers_quarterly,collected_openfda_faers_count,https://api.fda.gov/drug/event.json?search=patient.drug.medicinalproduct%3A%22Bydureon%22&count=patient.reaction.reactionmeddrapt.exact&limit=100
safety_tolerability,patient.reaction.reactionmeddrapt.exact,Bydureon,"FAERS/openFDA spontaneous adverse-event report counts are reporting signals, not incidence or causality.",Bydureon,WRONG TECHNIQUE IN PRODUCT USAGE PROCESS,1029,fda_faers_quarterly,collected_openfda_faers_count,https://api.fda.gov/drug/event.json?search=patient.drug.medicinalproduct%3A%22Bydureon%22&count=patient.reaction.reactionmeddrapt.exact&limit=100
safety_tolerability,patient.reaction.reactionmeddrapt.exact,Bydureon,"FAERS/openFDA spontaneous adverse-event report counts are reporting signals, not incidence or causality.",Bydureon,PRODUCT DOSE OMISSION ISSUE,1027,fda_faers_quarterly,collected_openfda_faers_count,https://api.fda.gov/drug/event.json?search=patient.drug.medicinalproduct%3A%22Bydureon%22&count=patient.reaction.reactionmeddrapt.exact&limit=100
safety_tolerability,patient.reaction.reactionmeddrapt.exact,Bydureon,"FAERS/openFDA spontaneous adverse-event report counts are reporting signals, not incidence or causality.",Bydureon,DECREASED APPETITE,983,fda_faers_quarterly,collected_openfda_faers_count,https://api.fda.gov/drug/event.json?search=patient.drug.medicinalproduct%3A%22Bydureon%22&count=patient.reaction.reactionmeddrapt.exact&limit=100
safety_tolerability,patient.reaction.reactionmeddrapt.exact,Bydureon,"FAERS/openFDA spontaneous adverse-event report counts are reporting signals, not incidence or causality.",Bydureon,DRUG DOSE OMISSION BY DEVICE,962,fda_faers_quarterly,collected_openfda_faers_count,https://api.fda.gov/drug/event.json?search=patient.drug.medicinalproduct%3A%22Bydureon%22&count=patient.reaction.reactionmeddrapt.exact&limit=100
safety_tolerability,patient.reaction.reactionmeddrapt.exact,Bydureon,"FAERS/openFDA spontaneous adverse-event report counts are reporting signals, not incidence or causality.",Bydureon,DEVICE USE ISSUE,957,fda_faers_quarterly,collected_openfda_faers_count,https://api.fda.gov/drug/event.json?search=patient.drug.medicinalproduct%3A%22Bydureon%22&count=patient.reaction.reactionmeddrapt.exact&limit=100
safety_tolerability,patient.reaction.reactionmeddrapt.exact,Bydureon,"FAERS/openFDA spontaneous adverse-event report counts are reporting signals, not incidence or causality.",Bydureon,GLYCOSYLATED HAEMOGLOBIN INCREASED,880,fda_faers_quarterly,collected_openfda_faers_count,https://api.fda.gov/drug/event.json?search=patient.drug.medicinalproduct%3A%22Bydureon%22&count=patient.reaction.reactionmeddrapt.exact&limit=100
safety_tolerability,patient.reaction.reactionmeddrapt.exact,Bydureon,"FAERS/openFDA spontaneous adverse-event report counts are reporting signals, not incidence or causality.",Bydureon,OFF LABEL USE,849,fda_faers_quarterly,collected_openfda_faers_count,https://api.fda.gov/drug/event.json?search=patient.drug.medicinalproduct%3A%22Bydureon%22&count=patient.reaction.reactionmeddrapt.exact&limit=100
safety_tolerability,patient.reaction.reactionmeddrapt.exact,Bydureon,"FAERS/openFDA spontaneous adverse-event report counts are reporting signals, not incidence or causality.",Bydureon,DRUG INEFFECTIVE,847,fda_faers_quarterly,collected_openfda_faers_count,https://api.fda.gov/drug/event.json?search=patient.drug.medicinalproduct%3A%22Bydureon%22&count=patient.reaction.reactionmeddrapt.exact&limit=100
safety_tolerability,patient.reaction.reactionmeddrapt.exact,Bydureon,"FAERS/openFDA spontaneous adverse-event report counts are reporting signals, not incidence or causality.",Bydureon,INJECTION SITE SWELLING,787,fda_faers_quarterly,collected_openfda_faers_count,https://api.fda.gov/drug/event.json?search=patient.drug.medicinalproduct%3A%22Bydureon%22&count=patient.reaction.reactionmeddrapt.exact&limit=100
safety_tolerability,patient.reaction.reactionmeddrapt.exact,Bydureon,"FAERS/openFDA spontaneous adverse-event report counts are reporting signals, not incidence or causality.",Bydureon,MALAISE,783,fda_faers_quarterly,collected_openfda_faers_count,https://api.fda.gov/drug/event.json?search=patient.drug.medicinalproduct%3A%22Bydureon%22&count=patient.reaction.reactionmeddrapt.exact&limit=100
safety_tolerability,patient.reaction.reactionmeddrapt.exact,Bydureon,"FAERS/openFDA spontaneous adverse-event report counts are reporting signals, not incidence or causality.",Bydureon,PRODUCT DOSE OMISSION,737,fda_faers_quarterly,collected_openfda_faers_count,https://api.fda.gov/drug/event.json?search=patient.drug.medicinalproduct%3A%22Bydureon%22&count=patient.reaction.reactionmeddrapt.exact&limit=100
safety_tolerability,patient.reaction.reactionmeddrapt.exact,Bydureon,"FAERS/openFDA spontaneous adverse-event report counts are reporting signals, not incidence or causality.",Bydureon,BLOOD GLUCOSE DECREASED,717,fda_faers_quarterly,collected_openfda_faers_count,https://api.fda.gov/drug/event.json?search=patient.drug.medicinalproduct%3A%22Bydureon%22&count=patient.reaction.reactionmeddrapt.exact&limit=100
safety_tolerability,patient.reaction.reactionmeddrapt.exact,Bydureon,"FAERS/openFDA spontaneous adverse-event report counts are reporting signals, not incidence or causality.",Bydureon,HEADACHE,699,fda_faers_quarterly,collected_openfda_faers_count,https://api.fda.gov/drug/event.json?search=patient.drug.medicinalproduct%3A%22Bydureon%22&count=patient.reaction.reactionmeddrapt.exact&limit=100
safety_tolerability,patient.reaction.reactionmeddrapt.exact,Bydureon,"FAERS/openFDA spontaneous adverse-event report counts are reporting signals, not incidence or causality.",Bydureon,CIRCUMSTANCE OR INFORMATION CAPABLE OF LEADING TO MEDICATION ERROR,683,fda_faers_quarterly,collected_openfda_faers_count,https://api.fda.gov/drug/event.json?search=patient.drug.medicinalproduct%3A%22Bydureon%22&count=patient.reaction.reactionmeddrapt.exact&limit=100
safety_tolerability,patient.reaction.reactionmeddrapt.exact,Bydureon,"FAERS/openFDA spontaneous adverse-event report counts are reporting signals, not incidence or causality.",Bydureon,PRODUCT USE ISSUE,667,fda_faers_quarterly,collected_openfda_faers_count,https://api.fda.gov/drug/event.json?search=patient.drug.medicinalproduct%3A%22Bydureon%22&count=patient.reaction.reactionmeddrapt.exact&limit=100
safety_tolerability,patient.reaction.reactionmeddrapt.exact,Bydureon,"FAERS/openFDA spontaneous adverse-event report counts are reporting signals, not incidence or causality.",Bydureon,FATIGUE,651,fda_faers_quarterly,collected_openfda_faers_count,https://api.fda.gov/drug/event.json?search=patient.drug.medicinalproduct%3A%22Bydureon%22&count=patient.reaction.reactionmeddrapt.exact&limit=100
safety_tolerability,patient.reaction.reactionmeddrapt.exact,Bydureon,"FAERS/openFDA spontaneous adverse-event report counts are reporting signals, not incidence or causality.",Bydureon,DIZZINESS,625,fda_faers_quarterly,collected_openfda_faers_count,https://api.fda.gov/drug/event.json?search=patient.drug.medicinalproduct%3A%22Bydureon%22&count=patient.reaction.reactionmeddrapt.exact&limit=100
safety_tolerability,patient.reaction.reactionmeddrapt.exact,Bydureon,"FAERS/openFDA spontaneous adverse-event report counts are reporting signals, not incidence or causality.",Bydureon,WEIGHT INCREASED,608,fda_faers_quarterly,collected_openfda_faers_count,https://api.fda.gov/drug/event.json?search=patient.drug.medicinalproduct%3A%22Bydureon%22&count=patient.reaction.reactionmeddrapt.exact&limit=100
safety_tolerability,patient.reaction.reactionmeddrapt.exact,Bydureon,"FAERS/openFDA spontaneous adverse-event report counts are reporting signals, not incidence or causality.",Bydureon,FEELING ABNORMAL,583,fda_faers_quarterly,collected_openfda_faers_count,https://api.fda.gov/drug/event.json?search=patient.drug.medicinalproduct%3A%22Bydureon%22&count=patient.reaction.reactionmeddrapt.exact&limit=100
safety_tolerability,patient.reaction.reactionmeddrapt.exact,Bydureon,"FAERS/openFDA spontaneous adverse-event report counts are reporting signals, not incidence or causality.",Bydureon,PAIN,570,fda_faers_quarterly,collected_openfda_faers_count,https://api.fda.gov/drug/event.json?search=patient.drug.medicinalproduct%3A%22Bydureon%22&count=patient.reaction.reactionmeddrapt.exact&limit=100
safety_tolerability,patient.reaction.reactionmeddrapt.exact,Bydureon,"FAERS/openFDA spontaneous adverse-event report counts are reporting signals, not incidence or causality.",Bydureon,CONSTIPATION,520,fda_faers_quarterly,collected_openfda_faers_count,https://api.fda.gov/drug/event.json?search=patient.drug.medicinalproduct%3A%22Bydureon%22&count=patient.reaction.reactionmeddrapt.exact&limit=100
safety_tolerability,patient.reaction.reactionmeddrapt.exact,Bydureon,"FAERS/openFDA spontaneous adverse-event report counts are reporting signals, not incidence or causality.",Bydureon,PRURITUS,520,fda_faers_quarterly,collected_openfda_faers_count,https://api.fda.gov/drug/event.json?search=patient.drug.medicinalproduct%3A%22Bydureon%22&count=patient.reaction.reactionmeddrapt.exact&limit=100
safety_tolerability,patient.reaction.reactionmeddrapt.exact,Bydureon,"FAERS/openFDA spontaneous adverse-event report counts are reporting signals, not incidence or causality.",Bydureon,BLOOD GLUCOSE ABNORMAL,509,fda_faers_quarterly,collected_openfda_faers_count,https://api.fda.gov/drug/event.json?search=patient.drug.medicinalproduct%3A%22Bydureon%22&count=patient.reaction.reactionmeddrapt.exact&limit=100
safety_tolerability,patient.reaction.reactionmeddrapt.exact,Bydureon,"FAERS/openFDA spontaneous adverse-event report counts are reporting signals, not incidence or causality.",Bydureon,ABDOMINAL DISCOMFORT,461,fda_faers_quarterly,collected_openfda_faers_count,https://api.fda.gov/drug/event.json?search=patient.drug.medicinalproduct%3A%22Bydureon%22&count=patient.reaction.reactionmeddrapt.exact&limit=100
safety_tolerability,patient.reaction.reactionmeddrapt.exact,Bydureon,"FAERS/openFDA spontaneous adverse-event report counts are reporting signals, not incidence or causality.",Bydureon,PANCREATITIS,457,fda_faers_quarterly,collected_openfda_faers_count,https://api.fda.gov/drug/event.json?search=patient.drug.medicinalproduct%3A%22Bydureon%22&count=patient.reaction.reactionmeddrapt.exact&limit=100
safety_tolerability,patient.reaction.reactionmeddrapt.exact,Bydureon,"FAERS/openFDA spontaneous adverse-event report counts are reporting signals, not incidence or causality.",Bydureon,VISUAL IMPAIRMENT,450,fda_faers_quarterly,collected_openfda_faers_count,https://api.fda.gov/drug/event.json?search=patient.drug.medicinalproduct%3A%22Bydureon%22&count=patient.reaction.reactionmeddrapt.exact&limit=100
safety_tolerability,patient.reaction.reactionmeddrapt.exact,Bydureon,"FAERS/openFDA spontaneous adverse-event report counts are reporting signals, not incidence or causality.",Bydureon,MEMORY IMPAIRMENT,439,fda_faers_quarterly,collected_openfda_faers_count,https://api.fda.gov/drug/event.json?search=patient.drug.medicinalproduct%3A%22Bydureon%22&count=patient.reaction.reactionmeddrapt.exact&limit=100
safety_tolerability,patient.reaction.reactionmeddrapt.exact,Bydureon,"FAERS/openFDA spontaneous adverse-event report counts are reporting signals, not incidence or causality.",Bydureon,ABDOMINAL PAIN UPPER,430,fda_faers_quarterly,collected_openfda_faers_count,https://api.fda.gov/drug/event.json?search=patient.drug.medicinalproduct%3A%22Bydureon%22&count=patient.reaction.reactionmeddrapt.exact&limit=100
safety_tolerability,patient.reaction.reactionmeddrapt.exact,Bydureon,"FAERS/openFDA spontaneous adverse-event report counts are reporting signals, not incidence or causality.",Bydureon,ASTHENIA,410,fda_faers_quarterly,collected_openfda_faers_count,https://api.fda.gov/drug/event.json?search=patient.drug.medicinalproduct%3A%22Bydureon%22&count=patient.reaction.reactionmeddrapt.exact&limit=100
safety_tolerability,patient.reaction.reactionmeddrapt.exact,Bydureon,"FAERS/openFDA spontaneous adverse-event report counts are reporting signals, not incidence or causality.",Bydureon,INJURY ASSOCIATED WITH DEVICE,400,fda_faers_quarterly,collected_openfda_faers_count,https://api.fda.gov/drug/event.json?search=patient.drug.medicinalproduct%3A%22Bydureon%22&count=patient.reaction.reactionmeddrapt.exact&limit=100
safety_tolerability,patient.reaction.reactionmeddrapt.exact,Bydureon,"FAERS/openFDA spontaneous adverse-event report counts are reporting signals, not incidence or causality.",Bydureon,DIABETES MELLITUS INADEQUATE CONTROL,398,fda_faers_quarterly,collected_openfda_faers_count,https://api.fda.gov/drug/event.json?search=patient.drug.medicinalproduct%3A%22Bydureon%22&count=patient.reaction.reactionmeddrapt.exact&limit=100
safety_tolerability,patient.reaction.reactionmeddrapt.exact,Bydureon,"FAERS/openFDA spontaneous adverse-event report counts are reporting signals, not incidence or causality.",Bydureon,PAIN IN EXTREMITY,396,fda_faers_quarterly,collected_openfda_faers_count,https://api.fda.gov/drug/event.json?search=patient.drug.medicinalproduct%3A%22Bydureon%22&count=patient.reaction.reactionmeddrapt.exact&limit=100
safety_tolerability,patient.reaction.reactionmeddrapt.exact,Bydureon,"FAERS/openFDA spontaneous adverse-event report counts are reporting signals, not incidence or causality.",Bydureon,RASH,388,fda_faers_quarterly,collected_openfda_faers_count,https://api.fda.gov/drug/event.json?search=patient.drug.medicinalproduct%3A%22Bydureon%22&count=patient.reaction.reactionmeddrapt.exact&limit=100
safety_tolerability,patient.reaction.reactionmeddrapt.exact,Bydureon,"FAERS/openFDA spontaneous adverse-event report counts are reporting signals, not incidence or causality.",Bydureon,INJECTION SITE REACTION,372,fda_faers_quarterly,collected_openfda_faers_count,https://api.fda.gov/drug/event.json?search=patient.drug.medicinalproduct%3A%22Bydureon%22&count=patient.reaction.reactionmeddrapt.exact&limit=100
safety_tolerability,patient.reaction.reactionmeddrapt.exact,Bydureon,"FAERS/openFDA spontaneous adverse-event report counts are reporting signals, not incidence or causality.",Bydureon,DEVICE DEFECTIVE,370,fda_faers_quarterly,collected_openfda_faers_count,https://api.fda.gov/drug/event.json?search=patient.drug.medicinalproduct%3A%22Bydureon%22&count=patient.reaction.reactionmeddrapt.exact&limit=100
safety_tolerability,patient.reaction.reactionmeddrapt.exact,Bydureon,"FAERS/openFDA spontaneous adverse-event report counts are reporting signals, not incidence or causality.",Bydureon,INJECTION SITE INJURY,356,fda_faers_quarterly,collected_openfda_faers_count,https://api.fda.gov/drug/event.json?search=patient.drug.medicinalproduct%3A%22Bydureon%22&count=patient.reaction.reactionmeddrapt.exact&limit=100
safety_tolerability,patient.reaction.reactionmeddrapt.exact,Bydureon,"FAERS/openFDA spontaneous adverse-event report counts are reporting signals, not incidence or causality.",Bydureon,URTICARIA,352,fda_faers_quarterly,collected_openfda_faers_count,https://api.fda.gov/drug/event.json?search=patient.drug.medicinalproduct%3A%22Bydureon%22&count=patient.reaction.reactionmeddrapt.exact&limit=100
safety_tolerability,patient.reaction.reactionmeddrapt.exact,Bydureon,"FAERS/openFDA spontaneous adverse-event report counts are reporting signals, not incidence or causality.",Bydureon,DRUG DELIVERY SYSTEM ISSUE,343,fda_faers_quarterly,collected_openfda_faers_count,https://api.fda.gov/drug/event.json?search=patient.drug.medicinalproduct%3A%22Bydureon%22&count=patient.reaction.reactionmeddrapt.exact&limit=100
safety_tolerability,patient.reaction.reactionmeddrapt.exact,Bydureon,"FAERS/openFDA spontaneous adverse-event report counts are reporting signals, not incidence or causality.",Bydureon,NODULE,331,fda_faers_quarterly,collected_openfda_faers_count,https://api.fda.gov/drug/event.json?search=patient.drug.medicinalproduct%3A%22Bydureon%22&count=patient.reaction.reactionmeddrapt.exact&limit=100
safety_tolerability,patient.reaction.reactionmeddrapt.exact,Bydureon,"FAERS/openFDA spontaneous adverse-event report counts are reporting signals, not incidence or causality.",Bydureon,DYSPEPSIA,323,fda_faers_quarterly,collected_openfda_faers_count,https://api.fda.gov/drug/event.json?search=patient.drug.medicinalproduct%3A%22Bydureon%22&count=patient.reaction.reactionmeddrapt.exact&limit=100
safety_tolerability,patient.reaction.reactionmeddrapt.exact,Bydureon,"FAERS/openFDA spontaneous adverse-event report counts are reporting signals, not incidence or causality.",Bydureon,INJECTION SITE DISCOLOURATION,323,fda_faers_quarterly,collected_openfda_faers_count,https://api.fda.gov/drug/event.json?search=patient.drug.medicinalproduct%3A%22Bydureon%22&count=patient.reaction.reactionmeddrapt.exact&limit=100
safety_tolerability,patient.reaction.reactionmeddrapt.exact,Bydureon,"FAERS/openFDA spontaneous adverse-event report counts are reporting signals, not incidence or causality.",Bydureon,DYSPNOEA,319,fda_faers_quarterly,collected_openfda_faers_count,https://api.fda.gov/drug/event.json?search=patient.drug.medicinalproduct%3A%22Bydureon%22&count=patient.reaction.reactionmeddrapt.exact&limit=100
safety_tolerability,patient.reaction.reactionmeddrapt.exact,Bydureon,"FAERS/openFDA spontaneous adverse-event report counts are reporting signals, not incidence or causality.",Bydureon,CONTUSION,318,fda_faers_quarterly,collected_openfda_faers_count,https://api.fda.gov/drug/event.json?search=patient.drug.medicinalproduct%3A%22Bydureon%22&count=patient.reaction.reactionmeddrapt.exact&limit=100
safety_tolerability,patient.reaction.reactionmeddrapt.exact,Bydureon,"FAERS/openFDA spontaneous adverse-event report counts are reporting signals, not incidence or causality.",Bydureon,ABDOMINAL PAIN,313,fda_faers_quarterly,collected_openfda_faers_count,https://api.fda.gov/drug/event.json?search=patient.drug.medicinalproduct%3A%22Bydureon%22&count=patient.reaction.reactionmeddrapt.exact&limit=100
safety_tolerability,patient.reaction.reactionmeddrapt.exact,Bydureon,"FAERS/openFDA spontaneous adverse-event report counts are reporting signals, not incidence or causality.",Bydureon,FALL,294,fda_faers_quarterly,collected_openfda_faers_count,https://api.fda.gov/drug/event.json?search=patient.drug.medicinalproduct%3A%22Bydureon%22&count=patient.reaction.reactionmeddrapt.exact&limit=100
safety_tolerability,patient.reaction.reactionmeddrapt.exact,Bydureon,"FAERS/openFDA spontaneous adverse-event report counts are reporting signals, not incidence or causality.",Bydureon,ANXIETY,280,fda_faers_quarterly,collected_openfda_faers_count,https://api.fda.gov/drug/event.json?search=patient.drug.medicinalproduct%3A%22Bydureon%22&count=patient.reaction.reactionmeddrapt.exact&limit=100
safety_tolerability,patient.reaction.reactionmeddrapt.exact,Bydureon,"FAERS/openFDA spontaneous adverse-event report counts are reporting signals, not incidence or causality.",Bydureon,HYPERTENSION,267,fda_faers_quarterly,collected_openfda_faers_count,https://api.fda.gov/drug/event.json?search=patient.drug.medicinalproduct%3A%22Bydureon%22&count=patient.reaction.reactionmeddrapt.exact&limit=100
safety_tolerability,patient.reaction.reactionmeddrapt.exact,Bydureon,"FAERS/openFDA spontaneous adverse-event report counts are reporting signals, not incidence or causality.",Bydureon,BLOOD GLUCOSE FLUCTUATION,260,fda_faers_quarterly,collected_openfda_faers_count,https://api.fda.gov/drug/event.json?search=patient.drug.medicinalproduct%3A%22Bydureon%22&count=patient.reaction.reactionmeddrapt.exact&limit=100
safety_tolerability,patient.reaction.reactionmeddrapt.exact,Bydureon,"FAERS/openFDA spontaneous adverse-event report counts are reporting signals, not incidence or causality.",Bydureon,ABDOMINAL DISTENSION,259,fda_faers_quarterly,collected_openfda_faers_count,https://api.fda.gov/drug/event.json?search=patient.drug.medicinalproduct%3A%22Bydureon%22&count=patient.reaction.reactionmeddrapt.exact&limit=100
safety_tolerability,patient.reaction.reactionmeddrapt.exact,Bydureon,"FAERS/openFDA spontaneous adverse-event report counts are reporting signals, not incidence or causality.",Bydureon,BACK PAIN,248,fda_faers_quarterly,collected_openfda_faers_count,https://api.fda.gov/drug/event.json?search=patient.drug.medicinalproduct%3A%22Bydureon%22&count=patient.reaction.reactionmeddrapt.exact&limit=100
safety_tolerability,patient.reaction.reactionmeddrapt.exact,Bydureon,"FAERS/openFDA spontaneous adverse-event report counts are reporting signals, not incidence or causality.",Bydureon,GASTROOESOPHAGEAL REFLUX DISEASE,238,fda_faers_quarterly,collected_openfda_faers_count,https://api.fda.gov/drug/event.json?search=patient.drug.medicinalproduct%3A%22Bydureon%22&count=patient.reaction.reactionmeddrapt.exact&limit=100
safety_tolerability,patient.reaction.reactionmeddrapt.exact,Bydureon,"FAERS/openFDA spontaneous adverse-event report counts are reporting signals, not incidence or causality.",Bydureon,DRUG DELIVERY SYSTEM MALFUNCTION,237,fda_faers_quarterly,collected_openfda_faers_count,https://api.fda.gov/drug/event.json?search=patient.drug.medicinalproduct%3A%22Bydureon%22&count=patient.reaction.reactionmeddrapt.exact&limit=100
safety_tolerability,patient.reaction.reactionmeddrapt.exact,Bydureon,"FAERS/openFDA spontaneous adverse-event report counts are reporting signals, not incidence or causality.",Bydureon,COUGH,235,fda_faers_quarterly,collected_openfda_faers_count,https://api.fda.gov/drug/event.json?search=patient.drug.medicinalproduct%3A%22Bydureon%22&count=patient.reaction.reactionmeddrapt.exact&limit=100
safety_tolerability,patient.reaction.reactionmeddrapt.exact,Bydureon,"FAERS/openFDA spontaneous adverse-event report counts are reporting signals, not incidence or causality.",Bydureon,DEATH,235,fda_faers_quarterly,collected_openfda_faers_count,https://api.fda.gov/drug/event.json?search=patient.drug.medicinalproduct%3A%22Bydureon%22&count=patient.reaction.reactionmeddrapt.exact&limit=100
safety_tolerability,patient.reaction.reactionmeddrapt.exact,Bydureon,"FAERS/openFDA spontaneous adverse-event report counts are reporting signals, not incidence or causality.",Bydureon,ERUCTATION,235,fda_faers_quarterly,collected_openfda_faers_count,https://api.fda.gov/drug/event.json?search=patient.drug.medicinalproduct%3A%22Bydureon%22&count=patient.reaction.reactionmeddrapt.exact&limit=100
safety_tolerability,patient.reaction.reactionmeddrapt.exact,Bydureon,"FAERS/openFDA spontaneous adverse-event report counts are reporting signals, not incidence or causality.",Bydureon,HYPOACUSIS,231,fda_faers_quarterly,collected_openfda_faers_count,https://api.fda.gov/drug/event.json?search=patient.drug.medicinalproduct%3A%22Bydureon%22&count=patient.reaction.reactionmeddrapt.exact&limit=100
safety_tolerability,patient.reaction.reactionmeddrapt.exact,Bydureon,"FAERS/openFDA spontaneous adverse-event report counts are reporting signals, not incidence or causality.",Bydureon,INJECTION SITE URTICARIA,225,fda_faers_quarterly,collected_openfda_faers_count,https://api.fda.gov/drug/event.json?search=patient.drug.medicinalproduct%3A%22Bydureon%22&count=patient.reaction.reactionmeddrapt.exact&limit=100
safety_tolerability,patient.reaction.reactionmeddrapt.exact,Bydureon,"FAERS/openFDA spontaneous adverse-event report counts are reporting signals, not incidence or causality.",Bydureon,BODY HEIGHT DECREASED,224,fda_faers_quarterly,collected_openfda_faers_count,https://api.fda.gov/drug/event.json?search=patient.drug.medicinalproduct%3A%22Bydureon%22&count=patient.reaction.reactionmeddrapt.exact&limit=100
safety_tolerability,patient.reaction.reactionmeddrapt.exact,Bydureon,"FAERS/openFDA spontaneous adverse-event report counts are reporting signals, not incidence or causality.",Bydureon,HYPERSENSITIVITY,224,fda_faers_quarterly,collected_openfda_faers_count,https://api.fda.gov/drug/event.json?search=patient.drug.medicinalproduct%3A%22Bydureon%22&count=patient.reaction.reactionmeddrapt.exact&limit=100
safety_tolerability,patient.reaction.reactionmeddrapt.exact,Bydureon,"FAERS/openFDA spontaneous adverse-event report counts are reporting signals, not incidence or causality.",Bydureon,INJECTION SITE INDENTATION,223,fda_faers_quarterly,collected_openfda_faers_count,https://api.fda.gov/drug/event.json?search=patient.drug.medicinalproduct%3A%22Bydureon%22&count=patient.reaction.reactionmeddrapt.exact&limit=100
safety_tolerability,patient.reaction.reactionmeddrapt.exact,Bydureon,"FAERS/openFDA spontaneous adverse-event report counts are reporting signals, not incidence or causality.",Bydureon,ACUTE KIDNEY INJURY,222,fda_faers_quarterly,collected_openfda_faers_count,https://api.fda.gov/drug/event.json?search=patient.drug.medicinalproduct%3A%22Bydureon%22&count=patient.reaction.reactionmeddrapt.exact&limit=100
safety_tolerability,patient.reaction.reactionmeddrapt.exact,Bydureon,"FAERS/openFDA spontaneous adverse-event report counts are reporting signals, not incidence or causality.",Bydureon,INJECTION SITE RASH,221,fda_faers_quarterly,collected_openfda_faers_count,https://api.fda.gov/drug/event.json?search=patient.drug.medicinalproduct%3A%22Bydureon%22&count=patient.reaction.reactionmeddrapt.exact&limit=100
safety_tolerability,patient.reaction.reactionmeddrapt.exact,Bydureon,"FAERS/openFDA spontaneous adverse-event report counts are reporting signals, not incidence or causality.",Bydureon,HAEMORRHAGE,215,fda_faers_quarterly,collected_openfda_faers_count,https://api.fda.gov/drug/event.json?search=patient.drug.medicinalproduct%3A%22Bydureon%22&count=patient.reaction.reactionmeddrapt.exact&limit=100
safety_tolerability,patient.reaction.reactionmeddrapt.exact,Bydureon,"FAERS/openFDA spontaneous adverse-event report counts are reporting signals, not incidence or causality.",Bydureon,TREMOR,215,fda_faers_quarterly,collected_openfda_faers_count,https://api.fda.gov/drug/event.json?search=patient.drug.medicinalproduct%3A%22Bydureon%22&count=patient.reaction.reactionmeddrapt.exact&limit=100
safety_tolerability,patient.reaction.reactionmeddrapt.exact,Bydureon,"FAERS/openFDA spontaneous adverse-event report counts are reporting signals, not incidence or causality.",Bydureon,NERVOUSNESS,214,fda_faers_quarterly,collected_openfda_faers_count,https://api.fda.gov/drug/event.json?search=patient.drug.medicinalproduct%3A%22Bydureon%22&count=patient.reaction.reactionmeddrapt.exact&limit=100
safety_tolerability,patient.reaction.reactionmeddrapt.exact,Bydureon,"FAERS/openFDA spontaneous adverse-event report counts are reporting signals, not incidence or causality.",Bydureon,TYPE 2 DIABETES MELLITUS,206,fda_faers_quarterly,collected_openfda_faers_count,https://api.fda.gov/drug/event.json?search=patient.drug.medicinalproduct%3A%22Bydureon%22&count=patient.reaction.reactionmeddrapt.exact&limit=100
safety_tolerability,patient.reaction.reactionmeddrapt.exact,Bydureon,"FAERS/openFDA spontaneous adverse-event report counts are reporting signals, not incidence or causality.",Bydureon,DIABETES MELLITUS,200,fda_faers_quarterly,collected_openfda_faers_count,https://api.fda.gov/drug/event.json?search=patient.drug.medicinalproduct%3A%22Bydureon%22&count=patient.reaction.reactionmeddrapt.exact&limit=100
safety_tolerability,patient.reaction.reactionmeddrapt.exact,Bydureon,"FAERS/openFDA spontaneous adverse-event report counts are reporting signals, not incidence or causality.",Bydureon,FLATULENCE,198,fda_faers_quarterly,collected_openfda_faers_count,https://api.fda.gov/drug/event.json?search=patient.drug.medicinalproduct%3A%22Bydureon%22&count=patient.reaction.reactionmeddrapt.exact&limit=100
safety_tolerability,patient.reaction.reactionmeddrapt.exact,Bydureon,"FAERS/openFDA spontaneous adverse-event report counts are reporting signals, not incidence or causality.",Bydureon,PRODUCT USE IN UNAPPROVED INDICATION,193,fda_faers_quarterly,collected_openfda_faers_count,https://api.fda.gov/drug/event.json?search=patient.drug.medicinalproduct%3A%22Bydureon%22&count=patient.reaction.reactionmeddrapt.exact&limit=100
safety_tolerability,patient.reaction.reactionmeddrapt.exact,Bydureon,"FAERS/openFDA spontaneous adverse-event report counts are reporting signals, not incidence or causality.",Bydureon,ARTHRALGIA,192,fda_faers_quarterly,collected_openfda_faers_count,https://api.fda.gov/drug/event.json?search=patient.drug.medicinalproduct%3A%22Bydureon%22&count=patient.reaction.reactionmeddrapt.exact&limit=100
safety_tolerability,patient.reaction.reactionmeddrapt.exact,Bydureon,"FAERS/openFDA spontaneous adverse-event report counts are reporting signals, not incidence or causality.",Bydureon,DEHYDRATION,192,fda_faers_quarterly,collected_openfda_faers_count,https://api.fda.gov/drug/event.json?search=patient.drug.medicinalproduct%3A%22Bydureon%22&count=patient.reaction.reactionmeddrapt.exact&limit=100
safety_tolerability,patient.reaction.reactionmeddrapt.exact,Bydureon,"FAERS/openFDA spontaneous adverse-event report counts are reporting signals, not incidence or causality.",Bydureon,CATARACT,188,fda_faers_quarterly,collected_openfda_faers_count,https://api.fda.gov/drug/event.json?search=patient.drug.medicinalproduct%3A%22Bydureon%22&count=patient.reaction.reactionmeddrapt.exact&limit=100
safety_tolerability,patient.reaction.reactionmeddrapt.exact,Bydureon,"FAERS/openFDA spontaneous adverse-event report counts are reporting signals, not incidence or causality.",Bydureon,INSOMNIA,188,fda_faers_quarterly,collected_openfda_faers_count,https://api.fda.gov/drug/event.json?search=patient.drug.medicinalproduct%3A%22Bydureon%22&count=patient.reaction.reactionmeddrapt.exact&limit=100
safety_tolerability,patient.reaction.reactionmeddrapt.exact,Bydureon,"FAERS/openFDA spontaneous adverse-event report counts are reporting signals, not incidence or causality.",Bydureon,MUSCLE SPASMS,185,fda_faers_quarterly,collected_openfda_faers_count,https://api.fda.gov/drug/event.json?search=patient.drug.medicinalproduct%3A%22Bydureon%22&count=patient.reaction.reactionmeddrapt.exact&limit=100
safety_tolerability,patient.reaction.reactionmeddrapt.exact,Byetta,"FAERS/openFDA spontaneous adverse-event report counts are reporting signals, not incidence or causality.",Byetta,BLOOD GLUCOSE INCREASED,15612,fda_faers_quarterly,collected_openfda_faers_count,https://api.fda.gov/drug/event.json?search=patient.drug.medicinalproduct%3A%22Byetta%22&count=patient.reaction.reactionmeddrapt.exact&limit=100
safety_tolerability,patient.reaction.reactionmeddrapt.exact,Byetta,"FAERS/openFDA spontaneous adverse-event report counts are reporting signals, not incidence or causality.",Byetta,WEIGHT DECREASED,12195,fda_faers_quarterly,collected_openfda_faers_count,https://api.fda.gov/drug/event.json?search=patient.drug.medicinalproduct%3A%22Byetta%22&count=patient.reaction.reactionmeddrapt.exact&limit=100
safety_tolerability,patient.reaction.reactionmeddrapt.exact,Byetta,"FAERS/openFDA spontaneous adverse-event report counts are reporting signals, not incidence or causality.",Byetta,NAUSEA,12074,fda_faers_quarterly,collected_openfda_faers_count,https://api.fda.gov/drug/event.json?search=patient.drug.medicinalproduct%3A%22Byetta%22&count=patient.reaction.reactionmeddrapt.exact&limit=100
safety_tolerability,patient.reaction.reactionmeddrapt.exact,Byetta,"FAERS/openFDA spontaneous adverse-event report counts are reporting signals, not incidence or causality.",Byetta,DECREASED APPETITE,5659,fda_faers_quarterly,collected_openfda_faers_count,https://api.fda.gov/drug/event.json?search=patient.drug.medicinalproduct%3A%22Byetta%22&count=patient.reaction.reactionmeddrapt.exact&limit=100
safety_tolerability,patient.reaction.reactionmeddrapt.exact,Byetta,"FAERS/openFDA spontaneous adverse-event report counts are reporting signals, not incidence or causality.",Byetta,BLOOD GLUCOSE DECREASED,5556,fda_faers_quarterly,collected_openfda_faers_count,https://api.fda.gov/drug/event.json?search=patient.drug.medicinalproduct%3A%22Byetta%22&count=patient.reaction.reactionmeddrapt.exact&limit=100
safety_tolerability,patient.reaction.reactionmeddrapt.exact,Byetta,"FAERS/openFDA spontaneous adverse-event report counts are reporting signals, not incidence or causality.",Byetta,VOMITING,4324,fda_faers_quarterly,collected_openfda_faers_count,https://api.fda.gov/drug/event.json?search=patient.drug.medicinalproduct%3A%22Byetta%22&count=patient.reaction.reactionmeddrapt.exact&limit=100
safety_tolerability,patient.reaction.reactionmeddrapt.exact,Byetta,"FAERS/openFDA spontaneous adverse-event report counts are reporting signals, not incidence or causality.",Byetta,DIARRHOEA,2747,fda_faers_quarterly,collected_openfda_faers_count,https://api.fda.gov/drug/event.json?search=patient.drug.medicinalproduct%3A%22Byetta%22&count=patient.reaction.reactionmeddrapt.exact&limit=100
safety_tolerability,patient.reaction.reactionmeddrapt.exact,Byetta,"FAERS/openFDA spontaneous adverse-event report counts are reporting signals, not incidence or causality.",Byetta,DIZZINESS,2675,fda_faers_quarterly,collected_openfda_faers_count,https://api.fda.gov/drug/event.json?search=patient.drug.medicinalproduct%3A%22Byetta%22&count=patient.reaction.reactionmeddrapt.exact&limit=100
safety_tolerability,patient.reaction.reactionmeddrapt.exact,Byetta,"FAERS/openFDA spontaneous adverse-event report counts are reporting signals, not incidence or causality.",Byetta,DRUG INEFFECTIVE,2258,fda_faers_quarterly,collected_openfda_faers_count,https://api.fda.gov/drug/event.json?search=patient.drug.medicinalproduct%3A%22Byetta%22&count=patient.reaction.reactionmeddrapt.exact&limit=100
safety_tolerability,patient.reaction.reactionmeddrapt.exact,Byetta,"FAERS/openFDA spontaneous adverse-event report counts are reporting signals, not incidence or causality.",Byetta,HEADACHE,2090,fda_faers_quarterly,collected_openfda_faers_count,https://api.fda.gov/drug/event.json?search=patient.drug.medicinalproduct%3A%22Byetta%22&count=patient.reaction.reactionmeddrapt.exact&limit=100
safety_tolerability,patient.reaction.reactionmeddrapt.exact,Byetta,"FAERS/openFDA spontaneous adverse-event report counts are reporting signals, not incidence or causality.",Byetta,INJECTION SITE PAIN,2042,fda_faers_quarterly,collected_openfda_faers_count,https://api.fda.gov/drug/event.json?search=patient.drug.medicinalproduct%3A%22Byetta%22&count=patient.reaction.reactionmeddrapt.exact&limit=100
safety_tolerability,patient.reaction.reactionmeddrapt.exact,Byetta,"FAERS/openFDA spontaneous adverse-event report counts are reporting signals, not incidence or causality.",Byetta,PANCREATITIS,2004,fda_faers_quarterly,collected_openfda_faers_count,https://api.fda.gov/drug/event.json?search=patient.drug.medicinalproduct%3A%22Byetta%22&count=patient.reaction.reactionmeddrapt.exact&limit=100
safety_tolerability,patient.reaction.reactionmeddrapt.exact,Byetta,"FAERS/openFDA spontaneous adverse-event report counts are reporting signals, not incidence or causality.",Byetta,INJECTION SITE BRUISING,1857,fda_faers_quarterly,collected_openfda_faers_count,https://api.fda.gov/drug/event.json?search=patient.drug.medicinalproduct%3A%22Byetta%22&count=patient.reaction.reactionmeddrapt.exact&limit=100
safety_tolerability,patient.reaction.reactionmeddrapt.exact,Byetta,"FAERS/openFDA spontaneous adverse-event report counts are reporting signals, not incidence or causality.",Byetta,INJECTION SITE HAEMORRHAGE,1831,fda_faers_quarterly,collected_openfda_faers_count,https://api.fda.gov/drug/event.json?search=patient.drug.medicinalproduct%3A%22Byetta%22&count=patient.reaction.reactionmeddrapt.exact&limit=100
safety_tolerability,patient.reaction.reactionmeddrapt.exact,Byetta,"FAERS/openFDA spontaneous adverse-event report counts are reporting signals, not incidence or causality.",Byetta,FATIGUE,1762,fda_faers_quarterly,collected_openfda_faers_count,https://api.fda.gov/drug/event.json?search=patient.drug.medicinalproduct%3A%22Byetta%22&count=patient.reaction.reactionmeddrapt.exact&limit=100
safety_tolerability,patient.reaction.reactionmeddrapt.exact,Byetta,"FAERS/openFDA spontaneous adverse-event report counts are reporting signals, not incidence or causality.",Byetta,FEELING ABNORMAL,1668,fda_faers_quarterly,collected_openfda_faers_count,https://api.fda.gov/drug/event.json?search=patient.drug.medicinalproduct%3A%22Byetta%22&count=patient.reaction.reactionmeddrapt.exact&limit=100
safety_tolerability,patient.reaction.reactionmeddrapt.exact,Byetta,"FAERS/openFDA spontaneous adverse-event report counts are reporting signals, not incidence or causality.",Byetta,INCORRECT DOSE ADMINISTERED,1635,fda_faers_quarterly,collected_openfda_faers_count,https://api.fda.gov/drug/event.json?search=patient.drug.medicinalproduct%3A%22Byetta%22&count=patient.reaction.reactionmeddrapt.exact&limit=100
safety_tolerability,patient.reaction.reactionmeddrapt.exact,Byetta,"FAERS/openFDA spontaneous adverse-event report counts are reporting signals, not incidence or causality.",Byetta,MALAISE,1581,fda_faers_quarterly,collected_openfda_faers_count,https://api.fda.gov/drug/event.json?search=patient.drug.medicinalproduct%3A%22Byetta%22&count=patient.reaction.reactionmeddrapt.exact&limit=100
safety_tolerability,patient.reaction.reactionmeddrapt.exact,Byetta,"FAERS/openFDA spontaneous adverse-event report counts are reporting signals, not incidence or causality.",Byetta,ASTHENIA,1545,fda_faers_quarterly,collected_openfda_faers_count,https://api.fda.gov/drug/event.json?search=patient.drug.medicinalproduct%3A%22Byetta%22&count=patient.reaction.reactionmeddrapt.exact&limit=100
safety_tolerability,patient.reaction.reactionmeddrapt.exact,Byetta,"FAERS/openFDA spontaneous adverse-event report counts are reporting signals, not incidence or causality.",Byetta,DRUG EFFECT DECREASED,1524,fda_faers_quarterly,collected_openfda_faers_count,https://api.fda.gov/drug/event.json?search=patient.drug.medicinalproduct%3A%22Byetta%22&count=patient.reaction.reactionmeddrapt.exact&limit=100
safety_tolerability,patient.reaction.reactionmeddrapt.exact,Byetta,"FAERS/openFDA spontaneous adverse-event report counts are reporting signals, not incidence or causality.",Byetta,TREMOR,1514,fda_faers_quarterly,collected_openfda_faers_count,https://api.fda.gov/drug/event.json?search=patient.drug.medicinalproduct%3A%22Byetta%22&count=patient.reaction.reactionmeddrapt.exact&limit=100
safety_tolerability,patient.reaction.reactionmeddrapt.exact,Byetta,"FAERS/openFDA spontaneous adverse-event report counts are reporting signals, not incidence or causality.",Byetta,DYSPEPSIA,1378,fda_faers_quarterly,collected_openfda_faers_count,https://api.fda.gov/drug/event.json?search=patient.drug.medicinalproduct%3A%22Byetta%22&count=patient.reaction.reactionmeddrapt.exact&limit=100
safety_tolerability,patient.reaction.reactionmeddrapt.exact,Byetta,"FAERS/openFDA spontaneous adverse-event report counts are reporting signals, not incidence or causality.",Byetta,WEIGHT INCREASED,1360,fda_faers_quarterly,collected_openfda_faers_count,https://api.fda.gov/drug/event.json?search=patient.drug.medicinalproduct%3A%22Byetta%22&count=patient.reaction.reactionmeddrapt.exact&limit=100
safety_tolerability,patient.reaction.reactionmeddrapt.exact,Byetta,"FAERS/openFDA spontaneous adverse-event report counts are reporting signals, not incidence or causality.",Byetta,ABDOMINAL DISTENSION,1305,fda_faers_quarterly,collected_openfda_faers_count,https://api.fda.gov/drug/event.json?search=patient.drug.medicinalproduct%3A%22Byetta%22&count=patient.reaction.reactionmeddrapt.exact&limit=100
safety_tolerability,patient.reaction.reactionmeddrapt.exact,Byetta,"FAERS/openFDA spontaneous adverse-event report counts are reporting signals, not incidence or causality.",Byetta,ABDOMINAL PAIN UPPER,1256,fda_faers_quarterly,collected_openfda_faers_count,https://api.fda.gov/drug/event.json?search=patient.drug.medicinalproduct%3A%22Byetta%22&count=patient.reaction.reactionmeddrapt.exact&limit=100
safety_tolerability,patient.reaction.reactionmeddrapt.exact,Byetta,"FAERS/openFDA spontaneous adverse-event report counts are reporting signals, not incidence or causality.",Byetta,PANCREATIC CARCINOMA,1192,fda_faers_quarterly,collected_openfda_faers_count,https://api.fda.gov/drug/event.json?search=patient.drug.medicinalproduct%3A%22Byetta%22&count=patient.reaction.reactionmeddrapt.exact&limit=100
safety_tolerability,patient.reaction.reactionmeddrapt.exact,Byetta,"FAERS/openFDA spontaneous adverse-event report counts are reporting signals, not incidence or causality.",Byetta,CONSTIPATION,1181,fda_faers_quarterly,collected_openfda_faers_count,https://api.fda.gov/drug/event.json?search=patient.drug.medicinalproduct%3A%22Byetta%22&count=patient.reaction.reactionmeddrapt.exact&limit=100
safety_tolerability,patient.reaction.reactionmeddrapt.exact,Byetta,"FAERS/openFDA spontaneous adverse-event report counts are reporting signals, not incidence or causality.",Byetta,HYPERHIDROSIS,1109,fda_faers_quarterly,collected_openfda_faers_count,https://api.fda.gov/drug/event.json?search=patient.drug.medicinalproduct%3A%22Byetta%22&count=patient.reaction.reactionmeddrapt.exact&limit=100
safety_tolerability,patient.reaction.reactionmeddrapt.exact,Byetta,"FAERS/openFDA spontaneous adverse-event report counts are reporting signals, not incidence or causality.",Byetta,OFF LABEL USE,1105,fda_faers_quarterly,collected_openfda_faers_count,https://api.fda.gov/drug/event.json?search=patient.drug.medicinalproduct%3A%22Byetta%22&count=patient.reaction.reactionmeddrapt.exact&limit=100
safety_tolerability,patient.reaction.reactionmeddrapt.exact,Byetta,"FAERS/openFDA spontaneous adverse-event report counts are reporting signals, not incidence or causality.",Byetta,GLYCOSYLATED HAEMOGLOBIN INCREASED,997,fda_faers_quarterly,collected_openfda_faers_count,https://api.fda.gov/drug/event.json?search=patient.drug.medicinalproduct%3A%22Byetta%22&count=patient.reaction.reactionmeddrapt.exact&limit=100
safety_tolerability,patient.reaction.reactionmeddrapt.exact,Byetta,"FAERS/openFDA spontaneous adverse-event report counts are reporting signals, not incidence or causality.",Byetta,DRUG DOSE OMISSION,913,fda_faers_quarterly,collected_openfda_faers_count,https://api.fda.gov/drug/event.json?search=patient.drug.medicinalproduct%3A%22Byetta%22&count=patient.reaction.reactionmeddrapt.exact&limit=100
safety_tolerability,patient.reaction.reactionmeddrapt.exact,Byetta,"FAERS/openFDA spontaneous adverse-event report counts are reporting signals, not incidence or causality.",Byetta,FEELING JITTERY,899,fda_faers_quarterly,collected_openfda_faers_count,https://api.fda.gov/drug/event.json?search=patient.drug.medicinalproduct%3A%22Byetta%22&count=patient.reaction.reactionmeddrapt.exact&limit=100
safety_tolerability,patient.reaction.reactionmeddrapt.exact,Byetta,"FAERS/openFDA spontaneous adverse-event report counts are reporting signals, not incidence or causality.",Byetta,ANOREXIA,888,fda_faers_quarterly,collected_openfda_faers_count,https://api.fda.gov/drug/event.json?search=patient.drug.medicinalproduct%3A%22Byetta%22&count=patient.reaction.reactionmeddrapt.exact&limit=100
safety_tolerability,patient.reaction.reactionmeddrapt.exact,Byetta,"FAERS/openFDA spontaneous adverse-event report counts are reporting signals, not incidence or causality.",Byetta,ERUCTATION,801,fda_faers_quarterly,collected_openfda_faers_count,https://api.fda.gov/drug/event.json?search=patient.drug.medicinalproduct%3A%22Byetta%22&count=patient.reaction.reactionmeddrapt.exact&limit=100
safety_tolerability,patient.reaction.reactionmeddrapt.exact,Byetta,"FAERS/openFDA spontaneous adverse-event report counts are reporting signals, not incidence or causality.",Byetta,PRODUCT QUALITY ISSUE,794,fda_faers_quarterly,collected_openfda_faers_count,https://api.fda.gov/drug/event.json?search=patient.drug.medicinalproduct%3A%22Byetta%22&count=patient.reaction.reactionmeddrapt.exact&limit=100
safety_tolerability,patient.reaction.reactionmeddrapt.exact,Byetta,"FAERS/openFDA spontaneous adverse-event report counts are reporting signals, not incidence or causality.",Byetta,ABDOMINAL PAIN,793,fda_faers_quarterly,collected_openfda_faers_count,https://api.fda.gov/drug/event.json?search=patient.drug.medicinalproduct%3A%22Byetta%22&count=patient.reaction.reactionmeddrapt.exact&limit=100
safety_tolerability,patient.reaction.reactionmeddrapt.exact,Byetta,"FAERS/openFDA spontaneous adverse-event report counts are reporting signals, not incidence or causality.",Byetta,MEDICATION ERROR,767,fda_faers_quarterly,collected_openfda_faers_count,https://api.fda.gov/drug/event.json?search=patient.drug.medicinalproduct%3A%22Byetta%22&count=patient.reaction.reactionmeddrapt.exact&limit=100
safety_tolerability,patient.reaction.reactionmeddrapt.exact,Byetta,"FAERS/openFDA spontaneous adverse-event report counts are reporting signals, not incidence or causality.",Byetta,BLOOD GLUCOSE FLUCTUATION,746,fda_faers_quarterly,collected_openfda_faers_count,https://api.fda.gov/drug/event.json?search=patient.drug.medicinalproduct%3A%22Byetta%22&count=patient.reaction.reactionmeddrapt.exact&limit=100
safety_tolerability,patient.reaction.reactionmeddrapt.exact,Byetta,"FAERS/openFDA spontaneous adverse-event report counts are reporting signals, not incidence or causality.",Byetta,PANCREATITIS ACUTE,742,fda_faers_quarterly,collected_openfda_faers_count,https://api.fda.gov/drug/event.json?search=patient.drug.medicinalproduct%3A%22Byetta%22&count=patient.reaction.reactionmeddrapt.exact&limit=100
safety_tolerability,patient.reaction.reactionmeddrapt.exact,Byetta,"FAERS/openFDA spontaneous adverse-event report counts are reporting signals, not incidence or causality.",Byetta,BLOOD GLUCOSE ABNORMAL,737,fda_faers_quarterly,collected_openfda_faers_count,https://api.fda.gov/drug/event.json?search=patient.drug.medicinalproduct%3A%22Byetta%22&count=patient.reaction.reactionmeddrapt.exact&limit=100
safety_tolerability,patient.reaction.reactionmeddrapt.exact,Byetta,"FAERS/openFDA spontaneous adverse-event report counts are reporting signals, not incidence or causality.",Byetta,DYSPNOEA,717,fda_faers_quarterly,collected_openfda_faers_count,https://api.fda.gov/drug/event.json?search=patient.drug.medicinalproduct%3A%22Byetta%22&count=patient.reaction.reactionmeddrapt.exact&limit=100
safety_tolerability,patient.reaction.reactionmeddrapt.exact,Byetta,"FAERS/openFDA spontaneous adverse-event report counts are reporting signals, not incidence or causality.",Byetta,HYPOGLYCAEMIA,683,fda_faers_quarterly,collected_openfda_faers_count,https://api.fda.gov/drug/event.json?search=patient.drug.medicinalproduct%3A%22Byetta%22&count=patient.reaction.reactionmeddrapt.exact&limit=100
safety_tolerability,patient.reaction.reactionmeddrapt.exact,Byetta,"FAERS/openFDA spontaneous adverse-event report counts are reporting signals, not incidence or causality.",Byetta,GASTROOESOPHAGEAL REFLUX DISEASE,649,fda_faers_quarterly,collected_openfda_faers_count,https://api.fda.gov/drug/event.json?search=patient.drug.medicinalproduct%3A%22Byetta%22&count=patient.reaction.reactionmeddrapt.exact&limit=100
safety_tolerability,patient.reaction.reactionmeddrapt.exact,Byetta,"FAERS/openFDA spontaneous adverse-event report counts are reporting signals, not incidence or causality.",Byetta,PAIN,647,fda_faers_quarterly,collected_openfda_faers_count,https://api.fda.gov/drug/event.json?search=patient.drug.medicinalproduct%3A%22Byetta%22&count=patient.reaction.reactionmeddrapt.exact&limit=100
safety_tolerability,patient.reaction.reactionmeddrapt.exact,Byetta,"FAERS/openFDA spontaneous adverse-event report counts are reporting signals, not incidence or causality.",Byetta,SOMNOLENCE,641,fda_faers_quarterly,collected_openfda_faers_count,https://api.fda.gov/drug/event.json?search=patient.drug.medicinalproduct%3A%22Byetta%22&count=patient.reaction.reactionmeddrapt.exact&limit=100
safety_tolerability,patient.reaction.reactionmeddrapt.exact,Byetta,"FAERS/openFDA spontaneous adverse-event report counts are reporting signals, not incidence or causality.",Byetta,EARLY SATIETY,635,fda_faers_quarterly,collected_openfda_faers_count,https://api.fda.gov/drug/event.json?search=patient.drug.medicinalproduct%3A%22Byetta%22&count=patient.reaction.reactionmeddrapt.exact&limit=100
safety_tolerability,patient.reaction.reactionmeddrapt.exact,Byetta,"FAERS/openFDA spontaneous adverse-event report counts are reporting signals, not incidence or causality.",Byetta,FALL,631,fda_faers_quarterly,collected_openfda_faers_count,https://api.fda.gov/drug/event.json?search=patient.drug.medicinalproduct%3A%22Byetta%22&count=patient.reaction.reactionmeddrapt.exact&limit=100
safety_tolerability,patient.reaction.reactionmeddrapt.exact,Byetta,"FAERS/openFDA spontaneous adverse-event report counts are reporting signals, not incidence or causality.",Byetta,RENAL FAILURE,630,fda_faers_quarterly,collected_openfda_faers_count,https://api.fda.gov/drug/event.json?search=patient.drug.medicinalproduct%3A%22Byetta%22&count=patient.reaction.reactionmeddrapt.exact&limit=100
safety_tolerability,patient.reaction.reactionmeddrapt.exact,Byetta,"FAERS/openFDA spontaneous adverse-event report counts are reporting signals, not incidence or causality.",Byetta,DYSGEUSIA,626,fda_faers_quarterly,collected_openfda_faers_count,https://api.fda.gov/drug/event.json?search=patient.drug.medicinalproduct%3A%22Byetta%22&count=patient.reaction.reactionmeddrapt.exact&limit=100
safety_tolerability,patient.reaction.reactionmeddrapt.exact,Byetta,"FAERS/openFDA spontaneous adverse-event report counts are reporting signals, not incidence or causality.",Byetta,FLATULENCE,609,fda_faers_quarterly,collected_openfda_faers_count,https://api.fda.gov/drug/event.json?search=patient.drug.medicinalproduct%3A%22Byetta%22&count=patient.reaction.reactionmeddrapt.exact&limit=100
safety_tolerability,patient.reaction.reactionmeddrapt.exact,Byetta,"FAERS/openFDA spontaneous adverse-event report counts are reporting signals, not incidence or causality.",Byetta,BACK PAIN,560,fda_faers_quarterly,collected_openfda_faers_count,https://api.fda.gov/drug/event.json?search=patient.drug.medicinalproduct%3A%22Byetta%22&count=patient.reaction.reactionmeddrapt.exact&limit=100
safety_tolerability,patient.reaction.reactionmeddrapt.exact,Byetta,"FAERS/openFDA spontaneous adverse-event report counts are reporting signals, not incidence or causality.",Byetta,NASOPHARYNGITIS,548,fda_faers_quarterly,collected_openfda_faers_count,https://api.fda.gov/drug/event.json?search=patient.drug.medicinalproduct%3A%22Byetta%22&count=patient.reaction.reactionmeddrapt.exact&limit=100
safety_tolerability,patient.reaction.reactionmeddrapt.exact,Byetta,"FAERS/openFDA spontaneous adverse-event report counts are reporting signals, not incidence or causality.",Byetta,INJECTION SITE ERYTHEMA,535,fda_faers_quarterly,collected_openfda_faers_count,https://api.fda.gov/drug/event.json?search=patient.drug.medicinalproduct%3A%22Byetta%22&count=patient.reaction.reactionmeddrapt.exact&limit=100
safety_tolerability,patient.reaction.reactionmeddrapt.exact,Byetta,"FAERS/openFDA spontaneous adverse-event report counts are reporting signals, not incidence or causality.",Byetta,PAIN IN EXTREMITY,535,fda_faers_quarterly,collected_openfda_faers_count,https://api.fda.gov/drug/event.json?search=patient.drug.medicinalproduct%3A%22Byetta%22&count=patient.reaction.reactionmeddrapt.exact&limit=100
safety_tolerability,patient.reaction.reactionmeddrapt.exact,Byetta,"FAERS/openFDA spontaneous adverse-event report counts are reporting signals, not incidence or causality.",Byetta,NERVOUSNESS,530,fda_faers_quarterly,collected_openfda_faers_count,https://api.fda.gov/drug/event.json?search=patient.drug.medicinalproduct%3A%22Byetta%22&count=patient.reaction.reactionmeddrapt.exact&limit=100
safety_tolerability,patient.reaction.reactionmeddrapt.exact,Byetta,"FAERS/openFDA spontaneous adverse-event report counts are reporting signals, not incidence or causality.",Byetta,INCREASED APPETITE,519,fda_faers_quarterly,collected_openfda_faers_count,https://api.fda.gov/drug/event.json?search=patient.drug.medicinalproduct%3A%22Byetta%22&count=patient.reaction.reactionmeddrapt.exact&limit=100
safety_tolerability,patient.reaction.reactionmeddrapt.exact,Byetta,"FAERS/openFDA spontaneous adverse-event report counts are reporting signals, not incidence or causality.",Byetta,CHILLS,512,fda_faers_quarterly,collected_openfda_faers_count,https://api.fda.gov/drug/event.json?search=patient.drug.medicinalproduct%3A%22Byetta%22&count=patient.reaction.reactionmeddrapt.exact&limit=100
safety_tolerability,patient.reaction.reactionmeddrapt.exact,Byetta,"FAERS/openFDA spontaneous adverse-event report counts are reporting signals, not incidence or causality.",Byetta,INJECTION SITE EXTRAVASATION,502,fda_faers_quarterly,collected_openfda_faers_count,https://api.fda.gov/drug/event.json?search=patient.drug.medicinalproduct%3A%22Byetta%22&count=patient.reaction.reactionmeddrapt.exact&limit=100
safety_tolerability,patient.reaction.reactionmeddrapt.exact,Byetta,"FAERS/openFDA spontaneous adverse-event report counts are reporting signals, not incidence or causality.",Byetta,CHEST PAIN,495,fda_faers_quarterly,collected_openfda_faers_count,https://api.fda.gov/drug/event.json?search=patient.drug.medicinalproduct%3A%22Byetta%22&count=patient.reaction.reactionmeddrapt.exact&limit=100
safety_tolerability,patient.reaction.reactionmeddrapt.exact,Byetta,"FAERS/openFDA spontaneous adverse-event report counts are reporting signals, not incidence or causality.",Byetta,COUGH,491,fda_faers_quarterly,collected_openfda_faers_count,https://api.fda.gov/drug/event.json?search=patient.drug.medicinalproduct%3A%22Byetta%22&count=patient.reaction.reactionmeddrapt.exact&limit=100
safety_tolerability,patient.reaction.reactionmeddrapt.exact,Byetta,"FAERS/openFDA spontaneous adverse-event report counts are reporting signals, not incidence or causality.",Byetta,INSOMNIA,488,fda_faers_quarterly,collected_openfda_faers_count,https://api.fda.gov/drug/event.json?search=patient.drug.medicinalproduct%3A%22Byetta%22&count=patient.reaction.reactionmeddrapt.exact&limit=100
safety_tolerability,patient.reaction.reactionmeddrapt.exact,Byetta,"FAERS/openFDA spontaneous adverse-event report counts are reporting signals, not incidence or causality.",Byetta,DEHYDRATION,486,fda_faers_quarterly,collected_openfda_faers_count,https://api.fda.gov/drug/event.json?search=patient.drug.medicinalproduct%3A%22Byetta%22&count=patient.reaction.reactionmeddrapt.exact&limit=100
safety_tolerability,patient.reaction.reactionmeddrapt.exact,Byetta,"FAERS/openFDA spontaneous adverse-event report counts are reporting signals, not incidence or causality.",Byetta,INJECTION SITE URTICARIA,484,fda_faers_quarterly,collected_openfda_faers_count,https://api.fda.gov/drug/event.json?search=patient.drug.medicinalproduct%3A%22Byetta%22&count=patient.reaction.reactionmeddrapt.exact&limit=100
safety_tolerability,patient.reaction.reactionmeddrapt.exact,Byetta,"FAERS/openFDA spontaneous adverse-event report counts are reporting signals, not incidence or causality.",Byetta,PRURITUS,477,fda_faers_quarterly,collected_openfda_faers_count,https://api.fda.gov/drug/event.json?search=patient.drug.medicinalproduct%3A%22Byetta%22&count=patient.reaction.reactionmeddrapt.exact&limit=100
safety_tolerability,patient.reaction.reactionmeddrapt.exact,Byetta,"FAERS/openFDA spontaneous adverse-event report counts are reporting signals, not incidence or causality.",Byetta,ARTHRALGIA,471,fda_faers_quarterly,collected_openfda_faers_count,https://api.fda.gov/drug/event.json?search=patient.drug.medicinalproduct%3A%22Byetta%22&count=patient.reaction.reactionmeddrapt.exact&limit=100
safety_tolerability,patient.reaction.reactionmeddrapt.exact,Byetta,"FAERS/openFDA spontaneous adverse-event report counts are reporting signals, not incidence or causality.",Byetta,THERAPEUTIC RESPONSE UNEXPECTED,469,fda_faers_quarterly,collected_openfda_faers_count,https://api.fda.gov/drug/event.json?search=patient.drug.medicinalproduct%3A%22Byetta%22&count=patient.reaction.reactionmeddrapt.exact&limit=100
safety_tolerability,patient.reaction.reactionmeddrapt.exact,Byetta,"FAERS/openFDA spontaneous adverse-event report counts are reporting signals, not incidence or causality.",Byetta,HUNGER,465,fda_faers_quarterly,collected_openfda_faers_count,https://api.fda.gov/drug/event.json?search=patient.drug.medicinalproduct%3A%22Byetta%22&count=patient.reaction.reactionmeddrapt.exact&limit=100
safety_tolerability,patient.reaction.reactionmeddrapt.exact,Byetta,"FAERS/openFDA spontaneous adverse-event report counts are reporting signals, not incidence or causality.",Byetta,INJECTION SITE IRRITATION,461,fda_faers_quarterly,collected_openfda_faers_count,https://api.fda.gov/drug/event.json?search=patient.drug.medicinalproduct%3A%22Byetta%22&count=patient.reaction.reactionmeddrapt.exact&limit=100
safety_tolerability,patient.reaction.reactionmeddrapt.exact,Byetta,"FAERS/openFDA spontaneous adverse-event report counts are reporting signals, not incidence or causality.",Byetta,VISION BLURRED,460,fda_faers_quarterly,collected_openfda_faers_count,https://api.fda.gov/drug/event.json?search=patient.drug.medicinalproduct%3A%22Byetta%22&count=patient.reaction.reactionmeddrapt.exact&limit=100
safety_tolerability,patient.reaction.reactionmeddrapt.exact,Byetta,"FAERS/openFDA spontaneous adverse-event report counts are reporting signals, not incidence or causality.",Byetta,ANXIETY,457,fda_faers_quarterly,collected_openfda_faers_count,https://api.fda.gov/drug/event.json?search=patient.drug.medicinalproduct%3A%22Byetta%22&count=patient.reaction.reactionmeddrapt.exact&limit=100
safety_tolerability,patient.reaction.reactionmeddrapt.exact,Byetta,"FAERS/openFDA spontaneous adverse-event report counts are reporting signals, not incidence or causality.",Byetta,INJECTION SITE PRURITUS,457,fda_faers_quarterly,collected_openfda_faers_count,https://api.fda.gov/drug/event.json?search=patient.drug.medicinalproduct%3A%22Byetta%22&count=patient.reaction.reactionmeddrapt.exact&limit=100
safety_tolerability,patient.reaction.reactionmeddrapt.exact,Byetta,"FAERS/openFDA spontaneous adverse-event report counts are reporting signals, not incidence or causality.",Byetta,OEDEMA PERIPHERAL,441,fda_faers_quarterly,collected_openfda_faers_count,https://api.fda.gov/drug/event.json?search=patient.drug.medicinalproduct%3A%22Byetta%22&count=patient.reaction.reactionmeddrapt.exact&limit=100
safety_tolerability,patient.reaction.reactionmeddrapt.exact,Byetta,"FAERS/openFDA spontaneous adverse-event report counts are reporting signals, not incidence or causality.",Byetta,STOMACH DISCOMFORT,437,fda_faers_quarterly,collected_openfda_faers_count,https://api.fda.gov/drug/event.json?search=patient.drug.medicinalproduct%3A%22Byetta%22&count=patient.reaction.reactionmeddrapt.exact&limit=100
safety_tolerability,patient.reaction.reactionmeddrapt.exact,Byetta,"FAERS/openFDA spontaneous adverse-event report counts are reporting signals, not incidence or causality.",Byetta,UNDERDOSE,435,fda_faers_quarterly,collected_openfda_faers_count,https://api.fda.gov/drug/event.json?search=patient.drug.medicinalproduct%3A%22Byetta%22&count=patient.reaction.reactionmeddrapt.exact&limit=100
safety_tolerability,patient.reaction.reactionmeddrapt.exact,Byetta,"FAERS/openFDA spontaneous adverse-event report counts are reporting signals, not incidence or causality.",Byetta,INTENTIONAL PRODUCT MISUSE,428,fda_faers_quarterly,collected_openfda_faers_count,https://api.fda.gov/drug/event.json?search=patient.drug.medicinalproduct%3A%22Byetta%22&count=patient.reaction.reactionmeddrapt.exact&limit=100
safety_tolerability,patient.reaction.reactionmeddrapt.exact,Byetta,"FAERS/openFDA spontaneous adverse-event report counts are reporting signals, not incidence or causality.",Byetta,FEELING COLD,421,fda_faers_quarterly,collected_openfda_faers_count,https://api.fda.gov/drug/event.json?search=patient.drug.medicinalproduct%3A%22Byetta%22&count=patient.reaction.reactionmeddrapt.exact&limit=100
safety_tolerability,patient.reaction.reactionmeddrapt.exact,Byetta,"FAERS/openFDA spontaneous adverse-event report counts are reporting signals, not incidence or causality.",Byetta,PYREXIA,416,fda_faers_quarterly,collected_openfda_faers_count,https://api.fda.gov/drug/event.json?search=patient.drug.medicinalproduct%3A%22Byetta%22&count=patient.reaction.reactionmeddrapt.exact&limit=100
safety_tolerability,patient.reaction.reactionmeddrapt.exact,Byetta,"FAERS/openFDA spontaneous adverse-event report counts are reporting signals, not incidence or causality.",Byetta,ABDOMINAL DISCOMFORT,407,fda_faers_quarterly,collected_openfda_faers_count,https://api.fda.gov/drug/event.json?search=patient.drug.medicinalproduct%3A%22Byetta%22&count=patient.reaction.reactionmeddrapt.exact&limit=100
safety_tolerability,patient.reaction.reactionmeddrapt.exact,Byetta,"FAERS/openFDA spontaneous adverse-event report counts are reporting signals, not incidence or causality.",Byetta,HYPERTENSION,401,fda_faers_quarterly,collected_openfda_faers_count,https://api.fda.gov/drug/event.json?search=patient.drug.medicinalproduct%3A%22Byetta%22&count=patient.reaction.reactionmeddrapt.exact&limit=100
safety_tolerability,patient.reaction.reactionmeddrapt.exact,Byetta,"FAERS/openFDA spontaneous adverse-event report counts are reporting signals, not incidence or causality.",Byetta,MUSCLE SPASMS,401,fda_faers_quarterly,collected_openfda_faers_count,https://api.fda.gov/drug/event.json?search=patient.drug.medicinalproduct%3A%22Byetta%22&count=patient.reaction.reactionmeddrapt.exact&limit=100
safety_tolerability,patient.reaction.reactionmeddrapt.exact,Byetta,"FAERS/openFDA spontaneous adverse-event report counts are reporting signals, not incidence or causality.",Byetta,INJECTION SITE NODULE,396,fda_faers_quarterly,collected_openfda_faers_count,https://api.fda.gov/drug/event.json?search=patient.drug.medicinalproduct%3A%22Byetta%22&count=patient.reaction.reactionmeddrapt.exact&limit=100
safety_tolerability,patient.reaction.reactionmeddrapt.exact,Byetta,"FAERS/openFDA spontaneous adverse-event report counts are reporting signals, not incidence or causality.",Byetta,BLOOD PRESSURE INCREASED,391,fda_faers_quarterly,collected_openfda_faers_count,https://api.fda.gov/drug/event.json?search=patient.drug.medicinalproduct%3A%22Byetta%22&count=patient.reaction.reactionmeddrapt.exact&limit=100
safety_tolerability,patient.reaction.reactionmeddrapt.exact,Byetta,"FAERS/openFDA spontaneous adverse-event report counts are reporting signals, not incidence or causality.",Byetta,STRESS,385,fda_faers_quarterly,collected_openfda_faers_count,https://api.fda.gov/drug/event.json?search=patient.drug.medicinalproduct%3A%22Byetta%22&count=patient.reaction.reactionmeddrapt.exact&limit=100
safety_tolerability,patient.reaction.reactionmeddrapt.exact,Byetta,"FAERS/openFDA spontaneous adverse-event report counts are reporting signals, not incidence or causality.",Byetta,HEART RATE INCREASED,383,fda_faers_quarterly,collected_openfda_faers_count,https://api.fda.gov/drug/event.json?search=patient.drug.medicinalproduct%3A%22Byetta%22&count=patient.reaction.reactionmeddrapt.exact&limit=100
safety_tolerability,patient.reaction.reactionmeddrapt.exact,Byetta,"FAERS/openFDA spontaneous adverse-event report counts are reporting signals, not incidence or causality.",Byetta,URTICARIA,383,fda_faers_quarterly,collected_openfda_faers_count,https://api.fda.gov/drug/event.json?search=patient.drug.medicinalproduct%3A%22Byetta%22&count=patient.reaction.reactionmeddrapt.exact&limit=100
safety_tolerability,patient.reaction.reactionmeddrapt.exact,Byetta,"FAERS/openFDA spontaneous adverse-event report counts are reporting signals, not incidence or causality.",Byetta,INJECTION SITE RASH,371,fda_faers_quarterly,collected_openfda_faers_count,https://api.fda.gov/drug/event.json?search=patient.drug.medicinalproduct%3A%22Byetta%22&count=patient.reaction.reactionmeddrapt.exact&limit=100
safety_tolerability,patient.reaction.reactionmeddrapt.exact,Byetta,"FAERS/openFDA spontaneous adverse-event report counts are reporting signals, not incidence or causality.",Byetta,RASH,366,fda_faers_quarterly,collected_openfda_faers_count,https://api.fda.gov/drug/event.json?search=patient.drug.medicinalproduct%3A%22Byetta%22&count=patient.reaction.reactionmeddrapt.exact&limit=100
safety_tolerability,patient.reaction.reactionmeddrapt.exact,Byetta,"FAERS/openFDA spontaneous adverse-event report counts are reporting signals, not incidence or causality.",Byetta,CHOLELITHIASIS,359,fda_faers_quarterly,collected_openfda_faers_count,https://api.fda.gov/drug/event.json?search=patient.drug.medicinalproduct%3A%22Byetta%22&count=patient.reaction.reactionmeddrapt.exact&limit=100
safety_tolerability,patient.reaction.reactionmeddrapt.exact,Byetta,"FAERS/openFDA spontaneous adverse-event report counts are reporting signals, not incidence or causality.",Byetta,PALPITATIONS,351,fda_faers_quarterly,collected_openfda_faers_count,https://api.fda.gov/drug/event.json?search=patient.drug.medicinalproduct%3A%22Byetta%22&count=patient.reaction.reactionmeddrapt.exact&limit=100
safety_tolerability,patient.reaction.reactionmeddrapt.exact,Byetta,"FAERS/openFDA spontaneous adverse-event report counts are reporting signals, not incidence or causality.",Byetta,RENAL FAILURE ACUTE,348,fda_faers_quarterly,collected_openfda_faers_count,https://api.fda.gov/drug/event.json?search=patient.drug.medicinalproduct%3A%22Byetta%22&count=patient.reaction.reactionmeddrapt.exact&limit=100
safety_tolerability,patient.reaction.reactionmeddrapt.exact,Byetta,"FAERS/openFDA spontaneous adverse-event report counts are reporting signals, not incidence or causality.",Byetta,MYOCARDIAL INFARCTION,346,fda_faers_quarterly,collected_openfda_faers_count,https://api.fda.gov/drug/event.json?search=patient.drug.medicinalproduct%3A%22Byetta%22&count=patient.reaction.reactionmeddrapt.exact&limit=100
safety_tolerability,patient.reaction.reactionmeddrapt.exact,Byetta,"FAERS/openFDA spontaneous adverse-event report counts are reporting signals, not incidence or causality.",Byetta,DEVICE MALFUNCTION,341,fda_faers_quarterly,collected_openfda_faers_count,https://api.fda.gov/drug/event.json?search=patient.drug.medicinalproduct%3A%22Byetta%22&count=patient.reaction.reactionmeddrapt.exact&limit=100
safety_tolerability,patient.reaction.reactionmeddrapt.exact,Byetta,"FAERS/openFDA spontaneous adverse-event report counts are reporting signals, not incidence or causality.",Byetta,CONDITION AGGRAVATED,339,fda_faers_quarterly,collected_openfda_faers_count,https://api.fda.gov/drug/event.json?search=patient.drug.medicinalproduct%3A%22Byetta%22&count=patient.reaction.reactionmeddrapt.exact&limit=100
safety_tolerability,patient.reaction.reactionmeddrapt.exact,Byetta,"FAERS/openFDA spontaneous adverse-event report counts are reporting signals, not incidence or causality.",Byetta,ACCIDENTAL OVERDOSE,337,fda_faers_quarterly,collected_openfda_faers_count,https://api.fda.gov/drug/event.json?search=patient.drug.medicinalproduct%3A%22Byetta%22&count=patient.reaction.reactionmeddrapt.exact&limit=100
safety_tolerability,patient.reaction.reactionmeddrapt.exact,Byetta,"FAERS/openFDA spontaneous adverse-event report counts are reporting signals, not incidence or causality.",Byetta,DEPRESSION,334,fda_faers_quarterly,collected_openfda_faers_count,https://api.fda.gov/drug/event.json?search=patient.drug.medicinalproduct%3A%22Byetta%22&count=patient.reaction.reactionmeddrapt.exact&limit=100
safety_tolerability,patient.reaction.reactionmeddrapt.exact,Byetta,"FAERS/openFDA spontaneous adverse-event report counts are reporting signals, not incidence or causality.",Byetta,DEATH,333,fda_faers_quarterly,collected_openfda_faers_count,https://api.fda.gov/drug/event.json?search=patient.drug.medicinalproduct%3A%22Byetta%22&count=patient.reaction.reactionmeddrapt.exact&limit=100
safety_tolerability,patient.reaction.reactionmeddrapt.exact,Byetta,"FAERS/openFDA spontaneous adverse-event report counts are reporting signals, not incidence or causality.",Byetta,PANCREATIC CARCINOMA METASTATIC,327,fda_faers_quarterly,collected_openfda_faers_count,https://api.fda.gov/drug/event.json?search=patient.drug.medicinalproduct%3A%22Byetta%22&count=patient.reaction.reactionmeddrapt.exact&limit=100
safety_tolerability,patient.reaction.reactionmeddrapt.exact,Byetta,"FAERS/openFDA spontaneous adverse-event report counts are reporting signals, not incidence or causality.",Byetta,URINARY TRACT INFECTION,326,fda_faers_quarterly,collected_openfda_faers_count,https://api.fda.gov/drug/event.json?search=patient.drug.medicinalproduct%3A%22Byetta%22&count=patient.reaction.reactionmeddrapt.exact&limit=100
safety_tolerability,patient.reaction.reactionmeddrapt.exact,Byetta,"FAERS/openFDA spontaneous adverse-event report counts are reporting signals, not incidence or causality.",Byetta,CONFUSIONAL STATE,324,fda_faers_quarterly,collected_openfda_faers_count,https://api.fda.gov/drug/event.json?search=patient.drug.medicinalproduct%3A%22Byetta%22&count=patient.reaction.reactionmeddrapt.exact&limit=100
safety_tolerability,patient.reaction.reactionmeddrapt.exact,Byetta,"FAERS/openFDA spontaneous adverse-event report counts are reporting signals, not incidence or causality.",Byetta,PARAESTHESIA,321,fda_faers_quarterly,collected_openfda_faers_count,https://api.fda.gov/drug/event.json?search=patient.drug.medicinalproduct%3A%22Byetta%22&count=patient.reaction.reactionmeddrapt.exact&limit=100
safety_tolerability,patient.reaction.reactionmeddrapt.exact,Adlyxin,"FAERS/openFDA spontaneous adverse-event report counts are reporting signals, not incidence or causality.",Adlyxin,PRODUCT DOSE OMISSION ISSUE,3,fda_faers_quarterly,collected_openfda_faers_count,https://api.fda.gov/drug/event.json?search=patient.drug.medicinalproduct%3A%22Adlyxin%22&count=patient.reaction.reactionmeddrapt.exact&limit=100
safety_tolerability,patient.reaction.reactionmeddrapt.exact,Adlyxin,"FAERS/openFDA spontaneous adverse-event report counts are reporting signals, not incidence or causality.",Adlyxin,DIZZINESS,2,fda_faers_quarterly,collected_openfda_faers_count,https://api.fda.gov/drug/event.json?search=patient.drug.medicinalproduct%3A%22Adlyxin%22&count=patient.reaction.reactionmeddrapt.exact&limit=100
safety_tolerability,patient.reaction.reactionmeddrapt.exact,Adlyxin,"FAERS/openFDA spontaneous adverse-event report counts are reporting signals, not incidence or causality.",Adlyxin,UNEVALUABLE EVENT,2,fda_faers_quarterly,collected_openfda_faers_count,https://api.fda.gov/drug/event.json?search=patient.drug.medicinalproduct%3A%22Adlyxin%22&count=patient.reaction.reactionmeddrapt.exact&limit=100
safety_tolerability,patient.reaction.reactionmeddrapt.exact,Adlyxin,"FAERS/openFDA spontaneous adverse-event report counts are reporting signals, not incidence or causality.",Adlyxin,ABDOMINAL PAIN,1,fda_faers_quarterly,collected_openfda_faers_count,https://api.fda.gov/drug/event.json?search=patient.drug.medicinalproduct%3A%22Adlyxin%22&count=patient.reaction.reactionmeddrapt.exact&limit=100
safety_tolerability,patient.reaction.reactionmeddrapt.exact,Adlyxin,"FAERS/openFDA spontaneous adverse-event report counts are reporting signals, not incidence or causality.",Adlyxin,ABDOMINAL PAIN UPPER,1,fda_faers_quarterly,collected_openfda_faers_count,https://api.fda.gov/drug/event.json?search=patient.drug.medicinalproduct%3A%22Adlyxin%22&count=patient.reaction.reactionmeddrapt.exact&limit=100
safety_tolerability,patient.reaction.reactionmeddrapt.exact,Adlyxin,"FAERS/openFDA spontaneous adverse-event report counts are reporting signals, not incidence or causality.",Adlyxin,ACCIDENTAL UNDERDOSE,1,fda_faers_quarterly,collected_openfda_faers_count,https://api.fda.gov/drug/event.json?search=patient.drug.medicinalproduct%3A%22Adlyxin%22&count=patient.reaction.reactionmeddrapt.exact&limit=100
safety_tolerability,patient.reaction.reactionmeddrapt.exact,Adlyxin,"FAERS/openFDA spontaneous adverse-event report counts are reporting signals, not incidence or causality.",Adlyxin,ANTIBODY TEST ABNORMAL,1,fda_faers_quarterly,collected_openfda_faers_count,https://api.fda.gov/drug/event.json?search=patient.drug.medicinalproduct%3A%22Adlyxin%22&count=patient.reaction.reactionmeddrapt.exact&limit=100
safety_tolerability,patient.reaction.reactionmeddrapt.exact,Adlyxin,"FAERS/openFDA spontaneous adverse-event report counts are reporting signals, not incidence or causality.",Adlyxin,ARTHROPATHY,1,fda_faers_quarterly,collected_openfda_faers_count,https://api.fda.gov/drug/event.json?search=patient.drug.medicinalproduct%3A%22Adlyxin%22&count=patient.reaction.reactionmeddrapt.exact&limit=100
safety_tolerability,patient.reaction.reactionmeddrapt.exact,Adlyxin,"FAERS/openFDA spontaneous adverse-event report counts are reporting signals, not incidence or causality.",Adlyxin,BACK PAIN,1,fda_faers_quarterly,collected_openfda_faers_count,https://api.fda.gov/drug/event.json?search=patient.drug.medicinalproduct%3A%22Adlyxin%22&count=patient.reaction.reactionmeddrapt.exact&limit=100
safety_tolerability,patient.reaction.reactionmeddrapt.exact,Adlyxin,"FAERS/openFDA spontaneous adverse-event report counts are reporting signals, not incidence or causality.",Adlyxin,BALANCE DISORDER,1,fda_faers_quarterly,collected_openfda_faers_count,https://api.fda.gov/drug/event.json?search=patient.drug.medicinalproduct%3A%22Adlyxin%22&count=patient.reaction.reactionmeddrapt.exact&limit=100
safety_tolerability,patient.reaction.reactionmeddrapt.exact,Adlyxin,"FAERS/openFDA spontaneous adverse-event report counts are reporting signals, not incidence or causality.",Adlyxin,BURSITIS,1,fda_faers_quarterly,collected_openfda_faers_count,https://api.fda.gov/drug/event.json?search=patient.drug.medicinalproduct%3A%22Adlyxin%22&count=patient.reaction.reactionmeddrapt.exact&limit=100
safety_tolerability,patient.reaction.reactionmeddrapt.exact,Adlyxin,"FAERS/openFDA spontaneous adverse-event report counts are reporting signals, not incidence or causality.",Adlyxin,CONSTIPATION,1,fda_faers_quarterly,collected_openfda_faers_count,https://api.fda.gov/drug/event.json?search=patient.drug.medicinalproduct%3A%22Adlyxin%22&count=patient.reaction.reactionmeddrapt.exact&limit=100
safety_tolerability,patient.reaction.reactionmeddrapt.exact,Adlyxin,"FAERS/openFDA spontaneous adverse-event report counts are reporting signals, not incidence or causality.",Adlyxin,CONTUSION,1,fda_faers_quarterly,collected_openfda_faers_count,https://api.fda.gov/drug/event.json?search=patient.drug.medicinalproduct%3A%22Adlyxin%22&count=patient.reaction.reactionmeddrapt.exact&limit=100
safety_tolerability,patient.reaction.reactionmeddrapt.exact,Adlyxin,"FAERS/openFDA spontaneous adverse-event report counts are reporting signals, not incidence or causality.",Adlyxin,COVID-19,1,fda_faers_quarterly,collected_openfda_faers_count,https://api.fda.gov/drug/event.json?search=patient.drug.medicinalproduct%3A%22Adlyxin%22&count=patient.reaction.reactionmeddrapt.exact&limit=100
safety_tolerability,patient.reaction.reactionmeddrapt.exact,Adlyxin,"FAERS/openFDA spontaneous adverse-event report counts are reporting signals, not incidence or causality.",Adlyxin,DEHYDRATION,1,fda_faers_quarterly,collected_openfda_faers_count,https://api.fda.gov/drug/event.json?search=patient.drug.medicinalproduct%3A%22Adlyxin%22&count=patient.reaction.reactionmeddrapt.exact&limit=100
safety_tolerability,patient.reaction.reactionmeddrapt.exact,Adlyxin,"FAERS/openFDA spontaneous adverse-event report counts are reporting signals, not incidence or causality.",Adlyxin,DISTURBANCE IN ATTENTION,1,fda_faers_quarterly,collected_openfda_faers_count,https://api.fda.gov/drug/event.json?search=patient.drug.medicinalproduct%3A%22Adlyxin%22&count=patient.reaction.reactionmeddrapt.exact&limit=100
safety_tolerability,patient.reaction.reactionmeddrapt.exact,Adlyxin,"FAERS/openFDA spontaneous adverse-event report counts are reporting signals, not incidence or causality.",Adlyxin,DRUG INTOLERANCE,1,fda_faers_quarterly,collected_openfda_faers_count,https://api.fda.gov/drug/event.json?search=patient.drug.medicinalproduct%3A%22Adlyxin%22&count=patient.reaction.reactionmeddrapt.exact&limit=100
safety_tolerability,patient.reaction.reactionmeddrapt.exact,Adlyxin,"FAERS/openFDA spontaneous adverse-event report counts are reporting signals, not incidence or causality.",Adlyxin,EXTRA DOSE ADMINISTERED,1,fda_faers_quarterly,collected_openfda_faers_count,https://api.fda.gov/drug/event.json?search=patient.drug.medicinalproduct%3A%22Adlyxin%22&count=patient.reaction.reactionmeddrapt.exact&limit=100
safety_tolerability,patient.reaction.reactionmeddrapt.exact,Adlyxin,"FAERS/openFDA spontaneous adverse-event report counts are reporting signals, not incidence or causality.",Adlyxin,FALL,1,fda_faers_quarterly,collected_openfda_faers_count,https://api.fda.gov/drug/event.json?search=patient.drug.medicinalproduct%3A%22Adlyxin%22&count=patient.reaction.reactionmeddrapt.exact&limit=100
safety_tolerability,patient.reaction.reactionmeddrapt.exact,Adlyxin,"FAERS/openFDA spontaneous adverse-event report counts are reporting signals, not incidence or causality.",Adlyxin,FEELING HOT,1,fda_faers_quarterly,collected_openfda_faers_count,https://api.fda.gov/drug/event.json?search=patient.drug.medicinalproduct%3A%22Adlyxin%22&count=patient.reaction.reactionmeddrapt.exact&limit=100
safety_tolerability,patient.reaction.reactionmeddrapt.exact,Adlyxin,"FAERS/openFDA spontaneous adverse-event report counts are reporting signals, not incidence or causality.",Adlyxin,GAIT DISTURBANCE,1,fda_faers_quarterly,collected_openfda_faers_count,https://api.fda.gov/drug/event.json?search=patient.drug.medicinalproduct%3A%22Adlyxin%22&count=patient.reaction.reactionmeddrapt.exact&limit=100
safety_tolerability,patient.reaction.reactionmeddrapt.exact,Adlyxin,"FAERS/openFDA spontaneous adverse-event report counts are reporting signals, not incidence or causality.",Adlyxin,GASTROINTESTINAL HYPOMOTILITY,1,fda_faers_quarterly,collected_openfda_faers_count,https://api.fda.gov/drug/event.json?search=patient.drug.medicinalproduct%3A%22Adlyxin%22&count=patient.reaction.reactionmeddrapt.exact&limit=100
safety_tolerability,patient.reaction.reactionmeddrapt.exact,Adlyxin,"FAERS/openFDA spontaneous adverse-event report counts are reporting signals, not incidence or causality.",Adlyxin,GLYCOSYLATED HAEMOGLOBIN DECREASED,1,fda_faers_quarterly,collected_openfda_faers_count,https://api.fda.gov/drug/event.json?search=patient.drug.medicinalproduct%3A%22Adlyxin%22&count=patient.reaction.reactionmeddrapt.exact&limit=100
safety_tolerability,patient.reaction.reactionmeddrapt.exact,Adlyxin,"FAERS/openFDA spontaneous adverse-event report counts are reporting signals, not incidence or causality.",Adlyxin,IMPAIRED GASTRIC EMPTYING,1,fda_faers_quarterly,collected_openfda_faers_count,https://api.fda.gov/drug/event.json?search=patient.drug.medicinalproduct%3A%22Adlyxin%22&count=patient.reaction.reactionmeddrapt.exact&limit=100
safety_tolerability,patient.reaction.reactionmeddrapt.exact,Adlyxin,"FAERS/openFDA spontaneous adverse-event report counts are reporting signals, not incidence or causality.",Adlyxin,INCORRECT DOSE ADMINISTERED,1,fda_faers_quarterly,collected_openfda_faers_count,https://api.fda.gov/drug/event.json?search=patient.drug.medicinalproduct%3A%22Adlyxin%22&count=patient.reaction.reactionmeddrapt.exact&limit=100
safety_tolerability,patient.reaction.reactionmeddrapt.exact,Adlyxin,"FAERS/openFDA spontaneous adverse-event report counts are reporting signals, not incidence or causality.",Adlyxin,INJECTION SITE BRUISING,1,fda_faers_quarterly,collected_openfda_faers_count,https://api.fda.gov/drug/event.json?search=patient.drug.medicinalproduct%3A%22Adlyxin%22&count=patient.reaction.reactionmeddrapt.exact&limit=100
safety_tolerability,patient.reaction.reactionmeddrapt.exact,Adlyxin,"FAERS/openFDA spontaneous adverse-event report counts are reporting signals, not incidence or causality.",Adlyxin,INJECTION SITE ERYTHEMA,1,fda_faers_quarterly,collected_openfda_faers_count,https://api.fda.gov/drug/event.json?search=patient.drug.medicinalproduct%3A%22Adlyxin%22&count=patient.reaction.reactionmeddrapt.exact&limit=100
safety_tolerability,patient.reaction.reactionmeddrapt.exact,Adlyxin,"FAERS/openFDA spontaneous adverse-event report counts are reporting signals, not incidence or causality.",Adlyxin,INJECTION SITE PAIN,1,fda_faers_quarterly,collected_openfda_faers_count,https://api.fda.gov/drug/event.json?search=patient.drug.medicinalproduct%3A%22Adlyxin%22&count=patient.reaction.reactionmeddrapt.exact&limit=100
safety_tolerability,patient.reaction.reactionmeddrapt.exact,Adlyxin,"FAERS/openFDA spontaneous adverse-event report counts are reporting signals, not incidence or causality.",Adlyxin,INJECTION SITE PRURITUS,1,fda_faers_quarterly,collected_openfda_faers_count,https://api.fda.gov/drug/event.json?search=patient.drug.medicinalproduct%3A%22Adlyxin%22&count=patient.reaction.reactionmeddrapt.exact&limit=100
safety_tolerability,patient.reaction.reactionmeddrapt.exact,Adlyxin,"FAERS/openFDA spontaneous adverse-event report counts are reporting signals, not incidence or causality.",Adlyxin,INJECTION SITE RASH,1,fda_faers_quarterly,collected_openfda_faers_count,https://api.fda.gov/drug/event.json?search=patient.drug.medicinalproduct%3A%22Adlyxin%22&count=patient.reaction.reactionmeddrapt.exact&limit=100
safety_tolerability,patient.reaction.reactionmeddrapt.exact,Adlyxin,"FAERS/openFDA spontaneous adverse-event report counts are reporting signals, not incidence or causality.",Adlyxin,INJECTION SITE SWELLING,1,fda_faers_quarterly,collected_openfda_faers_count,https://api.fda.gov/drug/event.json?search=patient.drug.medicinalproduct%3A%22Adlyxin%22&count=patient.reaction.reactionmeddrapt.exact&limit=100
safety_tolerability,patient.reaction.reactionmeddrapt.exact,Adlyxin,"FAERS/openFDA spontaneous adverse-event report counts are reporting signals, not incidence or causality.",Adlyxin,INSOMNIA,1,fda_faers_quarterly,collected_openfda_faers_count,https://api.fda.gov/drug/event.json?search=patient.drug.medicinalproduct%3A%22Adlyxin%22&count=patient.reaction.reactionmeddrapt.exact&limit=100
safety_tolerability,patient.reaction.reactionmeddrapt.exact,Adlyxin,"FAERS/openFDA spontaneous adverse-event report counts are reporting signals, not incidence or causality.",Adlyxin,IRRITABLE BOWEL SYNDROME,1,fda_faers_quarterly,collected_openfda_faers_count,https://api.fda.gov/drug/event.json?search=patient.drug.medicinalproduct%3A%22Adlyxin%22&count=patient.reaction.reactionmeddrapt.exact&limit=100
safety_tolerability,patient.reaction.reactionmeddrapt.exact,Adlyxin,"FAERS/openFDA spontaneous adverse-event report counts are reporting signals, not incidence or causality.",Adlyxin,LIMB INJURY,1,fda_faers_quarterly,collected_openfda_faers_count,https://api.fda.gov/drug/event.json?search=patient.drug.medicinalproduct%3A%22Adlyxin%22&count=patient.reaction.reactionmeddrapt.exact&limit=100
safety_tolerability,patient.reaction.reactionmeddrapt.exact,Adlyxin,"FAERS/openFDA spontaneous adverse-event report counts are reporting signals, not incidence or causality.",Adlyxin,LIVER DISORDER,1,fda_faers_quarterly,collected_openfda_faers_count,https://api.fda.gov/drug/event.json?search=patient.drug.medicinalproduct%3A%22Adlyxin%22&count=patient.reaction.reactionmeddrapt.exact&limit=100
safety_tolerability,patient.reaction.reactionmeddrapt.exact,Adlyxin,"FAERS/openFDA spontaneous adverse-event report counts are reporting signals, not incidence or causality.",Adlyxin,LUNG INFILTRATION,1,fda_faers_quarterly,collected_openfda_faers_count,https://api.fda.gov/drug/event.json?search=patient.drug.medicinalproduct%3A%22Adlyxin%22&count=patient.reaction.reactionmeddrapt.exact&limit=100
safety_tolerability,patient.reaction.reactionmeddrapt.exact,Adlyxin,"FAERS/openFDA spontaneous adverse-event report counts are reporting signals, not incidence or causality.",Adlyxin,MEMORY IMPAIRMENT,1,fda_faers_quarterly,collected_openfda_faers_count,https://api.fda.gov/drug/event.json?search=patient.drug.medicinalproduct%3A%22Adlyxin%22&count=patient.reaction.reactionmeddrapt.exact&limit=100
safety_tolerability,patient.reaction.reactionmeddrapt.exact,Adlyxin,"FAERS/openFDA spontaneous adverse-event report counts are reporting signals, not incidence or causality.",Adlyxin,NAUSEA,1,fda_faers_quarterly,collected_openfda_faers_count,https://api.fda.gov/drug/event.json?search=patient.drug.medicinalproduct%3A%22Adlyxin%22&count=patient.reaction.reactionmeddrapt.exact&limit=100
safety_tolerability,patient.reaction.reactionmeddrapt.exact,Adlyxin,"FAERS/openFDA spontaneous adverse-event report counts are reporting signals, not incidence or causality.",Adlyxin,NEUROPATHY PERIPHERAL,1,fda_faers_quarterly,collected_openfda_faers_count,https://api.fda.gov/drug/event.json?search=patient.drug.medicinalproduct%3A%22Adlyxin%22&count=patient.reaction.reactionmeddrapt.exact&limit=100
safety_tolerability,patient.reaction.reactionmeddrapt.exact,Adlyxin,"FAERS/openFDA spontaneous adverse-event report counts are reporting signals, not incidence or causality.",Adlyxin,OSTEOARTHRITIS,1,fda_faers_quarterly,collected_openfda_faers_count,https://api.fda.gov/drug/event.json?search=patient.drug.medicinalproduct%3A%22Adlyxin%22&count=patient.reaction.reactionmeddrapt.exact&limit=100
safety_tolerability,patient.reaction.reactionmeddrapt.exact,Adlyxin,"FAERS/openFDA spontaneous adverse-event report counts are reporting signals, not incidence or causality.",Adlyxin,OXYGEN SATURATION DECREASED,1,fda_faers_quarterly,collected_openfda_faers_count,https://api.fda.gov/drug/event.json?search=patient.drug.medicinalproduct%3A%22Adlyxin%22&count=patient.reaction.reactionmeddrapt.exact&limit=100
safety_tolerability,patient.reaction.reactionmeddrapt.exact,Adlyxin,"FAERS/openFDA spontaneous adverse-event report counts are reporting signals, not incidence or causality.",Adlyxin,PAIN,1,fda_faers_quarterly,collected_openfda_faers_count,https://api.fda.gov/drug/event.json?search=patient.drug.medicinalproduct%3A%22Adlyxin%22&count=patient.reaction.reactionmeddrapt.exact&limit=100
safety_tolerability,patient.reaction.reactionmeddrapt.exact,Adlyxin,"FAERS/openFDA spontaneous adverse-event report counts are reporting signals, not incidence or causality.",Adlyxin,PALPITATIONS,1,fda_faers_quarterly,collected_openfda_faers_count,https://api.fda.gov/drug/event.json?search=patient.drug.medicinalproduct%3A%22Adlyxin%22&count=patient.reaction.reactionmeddrapt.exact&limit=100
safety_tolerability,patient.reaction.reactionmeddrapt.exact,Adlyxin,"FAERS/openFDA spontaneous adverse-event report counts are reporting signals, not incidence or causality.",Adlyxin,PANCREATITIS,1,fda_faers_quarterly,collected_openfda_faers_count,https://api.fda.gov/drug/event.json?search=patient.drug.medicinalproduct%3A%22Adlyxin%22&count=patient.reaction.reactionmeddrapt.exact&limit=100
safety_tolerability,patient.reaction.reactionmeddrapt.exact,Adlyxin,"FAERS/openFDA spontaneous adverse-event report counts are reporting signals, not incidence or causality.",Adlyxin,PERIPHERAL SWELLING,1,fda_faers_quarterly,collected_openfda_faers_count,https://api.fda.gov/drug/event.json?search=patient.drug.medicinalproduct%3A%22Adlyxin%22&count=patient.reaction.reactionmeddrapt.exact&limit=100
safety_tolerability,patient.reaction.reactionmeddrapt.exact,Adlyxin,"FAERS/openFDA spontaneous adverse-event report counts are reporting signals, not incidence or causality.",Adlyxin,PLEURAL EFFUSION,1,fda_faers_quarterly,collected_openfda_faers_count,https://api.fda.gov/drug/event.json?search=patient.drug.medicinalproduct%3A%22Adlyxin%22&count=patient.reaction.reactionmeddrapt.exact&limit=100
safety_tolerability,patient.reaction.reactionmeddrapt.exact,Adlyxin,"FAERS/openFDA spontaneous adverse-event report counts are reporting signals, not incidence or causality.",Adlyxin,PNEUMONIA,1,fda_faers_quarterly,collected_openfda_faers_count,https://api.fda.gov/drug/event.json?search=patient.drug.medicinalproduct%3A%22Adlyxin%22&count=patient.reaction.reactionmeddrapt.exact&limit=100
safety_tolerability,patient.reaction.reactionmeddrapt.exact,Adlyxin,"FAERS/openFDA spontaneous adverse-event report counts are reporting signals, not incidence or causality.",Adlyxin,PRODUCT DISTRIBUTION ISSUE,1,fda_faers_quarterly,collected_openfda_faers_count,https://api.fda.gov/drug/event.json?search=patient.drug.medicinalproduct%3A%22Adlyxin%22&count=patient.reaction.reactionmeddrapt.exact&limit=100
safety_tolerability,patient.reaction.reactionmeddrapt.exact,Adlyxin,"FAERS/openFDA spontaneous adverse-event report counts are reporting signals, not incidence or causality.",Adlyxin,PRODUCT DOSE OMISSION,1,fda_faers_quarterly,collected_openfda_faers_count,https://api.fda.gov/drug/event.json?search=patient.drug.medicinalproduct%3A%22Adlyxin%22&count=patient.reaction.reactionmeddrapt.exact&limit=100
safety_tolerability,patient.reaction.reactionmeddrapt.exact,Adlyxin,"FAERS/openFDA spontaneous adverse-event report counts are reporting signals, not incidence or causality.",Adlyxin,PRODUCT STORAGE ERROR,1,fda_faers_quarterly,collected_openfda_faers_count,https://api.fda.gov/drug/event.json?search=patient.drug.medicinalproduct%3A%22Adlyxin%22&count=patient.reaction.reactionmeddrapt.exact&limit=100
safety_tolerability,patient.reaction.reactionmeddrapt.exact,Adlyxin,"FAERS/openFDA spontaneous adverse-event report counts are reporting signals, not incidence or causality.",Adlyxin,PRODUCT USE IN UNAPPROVED INDICATION,1,fda_faers_quarterly,collected_openfda_faers_count,https://api.fda.gov/drug/event.json?search=patient.drug.medicinalproduct%3A%22Adlyxin%22&count=patient.reaction.reactionmeddrapt.exact&limit=100
safety_tolerability,patient.reaction.reactionmeddrapt.exact,Adlyxin,"FAERS/openFDA spontaneous adverse-event report counts are reporting signals, not incidence or causality.",Adlyxin,PSORIATIC ARTHROPATHY,1,fda_faers_quarterly,collected_openfda_faers_count,https://api.fda.gov/drug/event.json?search=patient.drug.medicinalproduct%3A%22Adlyxin%22&count=patient.reaction.reactionmeddrapt.exact&limit=100
safety_tolerability,patient.reaction.reactionmeddrapt.exact,Adlyxin,"FAERS/openFDA spontaneous adverse-event report counts are reporting signals, not incidence or causality.",Adlyxin,RENAL DISORDER,1,fda_faers_quarterly,collected_openfda_faers_count,https://api.fda.gov/drug/event.json?search=patient.drug.medicinalproduct%3A%22Adlyxin%22&count=patient.reaction.reactionmeddrapt.exact&limit=100
safety_tolerability,patient.reaction.reactionmeddrapt.exact,Adlyxin,"FAERS/openFDA spontaneous adverse-event report counts are reporting signals, not incidence or causality.",Adlyxin,SCIATICA,1,fda_faers_quarterly,collected_openfda_faers_count,https://api.fda.gov/drug/event.json?search=patient.drug.medicinalproduct%3A%22Adlyxin%22&count=patient.reaction.reactionmeddrapt.exact&limit=100
safety_tolerability,patient.reaction.reactionmeddrapt.exact,Adlyxin,"FAERS/openFDA spontaneous adverse-event report counts are reporting signals, not incidence or causality.",Adlyxin,SLEEP DISORDER,1,fda_faers_quarterly,collected_openfda_faers_count,https://api.fda.gov/drug/event.json?search=patient.drug.medicinalproduct%3A%22Adlyxin%22&count=patient.reaction.reactionmeddrapt.exact&limit=100
safety_tolerability,patient.reaction.reactionmeddrapt.exact,Adlyxin,"FAERS/openFDA spontaneous adverse-event report counts are reporting signals, not incidence or causality.",Adlyxin,VISION BLURRED,1,fda_faers_quarterly,collected_openfda_faers_count,https://api.fda.gov/drug/event.json?search=patient.drug.medicinalproduct%3A%22Adlyxin%22&count=patient.reaction.reactionmeddrapt.exact&limit=100
safety_tolerability,patient.reaction.reactionmeddrapt.exact,Adlyxin,"FAERS/openFDA spontaneous adverse-event report counts are reporting signals, not incidence or causality.",Adlyxin,VOMITING,1,fda_faers_quarterly,collected_openfda_faers_count,https://api.fda.gov/drug/event.json?search=patient.drug.medicinalproduct%3A%22Adlyxin%22&count=patient.reaction.reactionmeddrapt.exact&limit=100
safety_tolerability,patient.reaction.reactionmeddrapt.exact,Adlyxin,"FAERS/openFDA spontaneous adverse-event report counts are reporting signals, not incidence or causality.",Adlyxin,WEIGHT DECREASED,1,fda_faers_quarterly,collected_openfda_faers_count,https://api.fda.gov/drug/event.json?search=patient.drug.medicinalproduct%3A%22Adlyxin%22&count=patient.reaction.reactionmeddrapt.exact&limit=100
safety_tolerability,patient.reaction.reactionmeddrapt.exact,Adlyxin,"FAERS/openFDA spontaneous adverse-event report counts are reporting signals, not incidence or causality.",Adlyxin,WRONG TECHNIQUE IN PRODUCT USAGE PROCESS,1,fda_faers_quarterly,collected_openfda_faers_count,https://api.fda.gov/drug/event.json?search=patient.drug.medicinalproduct%3A%22Adlyxin%22&count=patient.reaction.reactionmeddrapt.exact&limit=100
safety_tolerability,patient.reaction.reactionmeddrapt.exact,Soliqua,"FAERS/openFDA spontaneous adverse-event report counts are reporting signals, not incidence or causality.",Soliqua,BLOOD GLUCOSE INCREASED,454,fda_faers_quarterly,collected_openfda_faers_count,https://api.fda.gov/drug/event.json?search=patient.drug.medicinalproduct%3A%22Soliqua%22&count=patient.reaction.reactionmeddrapt.exact&limit=100
safety_tolerability,patient.reaction.reactionmeddrapt.exact,Soliqua,"FAERS/openFDA spontaneous adverse-event report counts are reporting signals, not incidence or causality.",Soliqua,PRODUCT STORAGE ERROR,402,fda_faers_quarterly,collected_openfda_faers_count,https://api.fda.gov/drug/event.json?search=patient.drug.medicinalproduct%3A%22Soliqua%22&count=patient.reaction.reactionmeddrapt.exact&limit=100
safety_tolerability,patient.reaction.reactionmeddrapt.exact,Soliqua,"FAERS/openFDA spontaneous adverse-event report counts are reporting signals, not incidence or causality.",Soliqua,ACCIDENTAL EXPOSURE TO PRODUCT,309,fda_faers_quarterly,collected_openfda_faers_count,https://api.fda.gov/drug/event.json?search=patient.drug.medicinalproduct%3A%22Soliqua%22&count=patient.reaction.reactionmeddrapt.exact&limit=100
safety_tolerability,patient.reaction.reactionmeddrapt.exact,Soliqua,"FAERS/openFDA spontaneous adverse-event report counts are reporting signals, not incidence or causality.",Soliqua,OFF LABEL USE,284,fda_faers_quarterly,collected_openfda_faers_count,https://api.fda.gov/drug/event.json?search=patient.drug.medicinalproduct%3A%22Soliqua%22&count=patient.reaction.reactionmeddrapt.exact&limit=100
safety_tolerability,patient.reaction.reactionmeddrapt.exact,Soliqua,"FAERS/openFDA spontaneous adverse-event report counts are reporting signals, not incidence or causality.",Soliqua,EXPOSURE VIA SKIN CONTACT,172,fda_faers_quarterly,collected_openfda_faers_count,https://api.fda.gov/drug/event.json?search=patient.drug.medicinalproduct%3A%22Soliqua%22&count=patient.reaction.reactionmeddrapt.exact&limit=100
safety_tolerability,patient.reaction.reactionmeddrapt.exact,Soliqua,"FAERS/openFDA spontaneous adverse-event report counts are reporting signals, not incidence or causality.",Soliqua,NAUSEA,150,fda_faers_quarterly,collected_openfda_faers_count,https://api.fda.gov/drug/event.json?search=patient.drug.medicinalproduct%3A%22Soliqua%22&count=patient.reaction.reactionmeddrapt.exact&limit=100
safety_tolerability,patient.reaction.reactionmeddrapt.exact,Soliqua,"FAERS/openFDA spontaneous adverse-event report counts are reporting signals, not incidence or causality.",Soliqua,INAPPROPRIATE SCHEDULE OF PRODUCT ADMINISTRATION,144,fda_faers_quarterly,collected_openfda_faers_count,https://api.fda.gov/drug/event.json?search=patient.drug.medicinalproduct%3A%22Soliqua%22&count=patient.reaction.reactionmeddrapt.exact&limit=100
safety_tolerability,patient.reaction.reactionmeddrapt.exact,Soliqua,"FAERS/openFDA spontaneous adverse-event report counts are reporting signals, not incidence or causality.",Soliqua,VISUAL IMPAIRMENT,143,fda_faers_quarterly,collected_openfda_faers_count,https://api.fda.gov/drug/event.json?search=patient.drug.medicinalproduct%3A%22Soliqua%22&count=patient.reaction.reactionmeddrapt.exact&limit=100
safety_tolerability,patient.reaction.reactionmeddrapt.exact,Soliqua,"FAERS/openFDA spontaneous adverse-event report counts are reporting signals, not incidence or causality.",Soliqua,DRUG INEFFECTIVE,115,fda_faers_quarterly,collected_openfda_faers_count,https://api.fda.gov/drug/event.json?search=patient.drug.medicinalproduct%3A%22Soliqua%22&count=patient.reaction.reactionmeddrapt.exact&limit=100
safety_tolerability,patient.reaction.reactionmeddrapt.exact,Soliqua,"FAERS/openFDA spontaneous adverse-event report counts are reporting signals, not incidence or causality.",Soliqua,BLOOD GLUCOSE DECREASED,96,fda_faers_quarterly,collected_openfda_faers_count,https://api.fda.gov/drug/event.json?search=patient.drug.medicinalproduct%3A%22Soliqua%22&count=patient.reaction.reactionmeddrapt.exact&limit=100
safety_tolerability,patient.reaction.reactionmeddrapt.exact,Soliqua,"FAERS/openFDA spontaneous adverse-event report counts are reporting signals, not incidence or causality.",Soliqua,DEVICE ISSUE,91,fda_faers_quarterly,collected_openfda_faers_count,https://api.fda.gov/drug/event.json?search=patient.drug.medicinalproduct%3A%22Soliqua%22&count=patient.reaction.reactionmeddrapt.exact&limit=100
safety_tolerability,patient.reaction.reactionmeddrapt.exact,Soliqua,"FAERS/openFDA spontaneous adverse-event report counts are reporting signals, not incidence or causality.",Soliqua,DIARRHOEA,79,fda_faers_quarterly,collected_openfda_faers_count,https://api.fda.gov/drug/event.json?search=patient.drug.medicinalproduct%3A%22Soliqua%22&count=patient.reaction.reactionmeddrapt.exact&limit=100
safety_tolerability,patient.reaction.reactionmeddrapt.exact,Soliqua,"FAERS/openFDA spontaneous adverse-event report counts are reporting signals, not incidence or causality.",Soliqua,INJECTION SITE PAIN,77,fda_faers_quarterly,collected_openfda_faers_count,https://api.fda.gov/drug/event.json?search=patient.drug.medicinalproduct%3A%22Soliqua%22&count=patient.reaction.reactionmeddrapt.exact&limit=100
safety_tolerability,patient.reaction.reactionmeddrapt.exact,Soliqua,"FAERS/openFDA spontaneous adverse-event report counts are reporting signals, not incidence or causality.",Soliqua,WRONG TECHNIQUE IN DEVICE USAGE PROCESS,77,fda_faers_quarterly,collected_openfda_faers_count,https://api.fda.gov/drug/event.json?search=patient.drug.medicinalproduct%3A%22Soliqua%22&count=patient.reaction.reactionmeddrapt.exact&limit=100
safety_tolerability,patient.reaction.reactionmeddrapt.exact,Soliqua,"FAERS/openFDA spontaneous adverse-event report counts are reporting signals, not incidence or causality.",Soliqua,VOMITING,75,fda_faers_quarterly,collected_openfda_faers_count,https://api.fda.gov/drug/event.json?search=patient.drug.medicinalproduct%3A%22Soliqua%22&count=patient.reaction.reactionmeddrapt.exact&limit=100
safety_tolerability,patient.reaction.reactionmeddrapt.exact,Soliqua,"FAERS/openFDA spontaneous adverse-event report counts are reporting signals, not incidence or causality.",Soliqua,BLOOD GLUCOSE ABNORMAL,71,fda_faers_quarterly,collected_openfda_faers_count,https://api.fda.gov/drug/event.json?search=patient.drug.medicinalproduct%3A%22Soliqua%22&count=patient.reaction.reactionmeddrapt.exact&limit=100
safety_tolerability,patient.reaction.reactionmeddrapt.exact,Soliqua,"FAERS/openFDA spontaneous adverse-event report counts are reporting signals, not incidence or causality.",Soliqua,DEVICE OPERATIONAL ISSUE,71,fda_faers_quarterly,collected_openfda_faers_count,https://api.fda.gov/drug/event.json?search=patient.drug.medicinalproduct%3A%22Soliqua%22&count=patient.reaction.reactionmeddrapt.exact&limit=100
safety_tolerability,patient.reaction.reactionmeddrapt.exact,Soliqua,"FAERS/openFDA spontaneous adverse-event report counts are reporting signals, not incidence or causality.",Soliqua,GLYCOSYLATED HAEMOGLOBIN INCREASED,70,fda_faers_quarterly,collected_openfda_faers_count,https://api.fda.gov/drug/event.json?search=patient.drug.medicinalproduct%3A%22Soliqua%22&count=patient.reaction.reactionmeddrapt.exact&limit=100
safety_tolerability,patient.reaction.reactionmeddrapt.exact,Soliqua,"FAERS/openFDA spontaneous adverse-event report counts are reporting signals, not incidence or causality.",Soliqua,PRODUCT DISPENSING ERROR,63,fda_faers_quarterly,collected_openfda_faers_count,https://api.fda.gov/drug/event.json?search=patient.drug.medicinalproduct%3A%22Soliqua%22&count=patient.reaction.reactionmeddrapt.exact&limit=100
safety_tolerability,patient.reaction.reactionmeddrapt.exact,Soliqua,"FAERS/openFDA spontaneous adverse-event report counts are reporting signals, not incidence or causality.",Soliqua,DIZZINESS,59,fda_faers_quarterly,collected_openfda_faers_count,https://api.fda.gov/drug/event.json?search=patient.drug.medicinalproduct%3A%22Soliqua%22&count=patient.reaction.reactionmeddrapt.exact&limit=100
safety_tolerability,patient.reaction.reactionmeddrapt.exact,Soliqua,"FAERS/openFDA spontaneous adverse-event report counts are reporting signals, not incidence or causality.",Soliqua,HEADACHE,59,fda_faers_quarterly,collected_openfda_faers_count,https://api.fda.gov/drug/event.json?search=patient.drug.medicinalproduct%3A%22Soliqua%22&count=patient.reaction.reactionmeddrapt.exact&limit=100
safety_tolerability,patient.reaction.reactionmeddrapt.exact,Soliqua,"FAERS/openFDA spontaneous adverse-event report counts are reporting signals, not incidence or causality.",Soliqua,INCORRECT DOSE ADMINISTERED,59,fda_faers_quarterly,collected_openfda_faers_count,https://api.fda.gov/drug/event.json?search=patient.drug.medicinalproduct%3A%22Soliqua%22&count=patient.reaction.reactionmeddrapt.exact&limit=100
safety_tolerability,patient.reaction.reactionmeddrapt.exact,Soliqua,"FAERS/openFDA spontaneous adverse-event report counts are reporting signals, not incidence or causality.",Soliqua,HYPOGLYCAEMIA,57,fda_faers_quarterly,collected_openfda_faers_count,https://api.fda.gov/drug/event.json?search=patient.drug.medicinalproduct%3A%22Soliqua%22&count=patient.reaction.reactionmeddrapt.exact&limit=100
safety_tolerability,patient.reaction.reactionmeddrapt.exact,Soliqua,"FAERS/openFDA spontaneous adverse-event report counts are reporting signals, not incidence or causality.",Soliqua,MALAISE,55,fda_faers_quarterly,collected_openfda_faers_count,https://api.fda.gov/drug/event.json?search=patient.drug.medicinalproduct%3A%22Soliqua%22&count=patient.reaction.reactionmeddrapt.exact&limit=100
safety_tolerability,patient.reaction.reactionmeddrapt.exact,Soliqua,"FAERS/openFDA spontaneous adverse-event report counts are reporting signals, not incidence or causality.",Soliqua,PRODUCT DOSE OMISSION ISSUE,51,fda_faers_quarterly,collected_openfda_faers_count,https://api.fda.gov/drug/event.json?search=patient.drug.medicinalproduct%3A%22Soliqua%22&count=patient.reaction.reactionmeddrapt.exact&limit=100
safety_tolerability,patient.reaction.reactionmeddrapt.exact,Soliqua,"FAERS/openFDA spontaneous adverse-event report counts are reporting signals, not incidence or causality.",Soliqua,PRURITUS,50,fda_faers_quarterly,collected_openfda_faers_count,https://api.fda.gov/drug/event.json?search=patient.drug.medicinalproduct%3A%22Soliqua%22&count=patient.reaction.reactionmeddrapt.exact&limit=100
safety_tolerability,patient.reaction.reactionmeddrapt.exact,Soliqua,"FAERS/openFDA spontaneous adverse-event report counts are reporting signals, not incidence or causality.",Soliqua,FATIGUE,48,fda_faers_quarterly,collected_openfda_faers_count,https://api.fda.gov/drug/event.json?search=patient.drug.medicinalproduct%3A%22Soliqua%22&count=patient.reaction.reactionmeddrapt.exact&limit=100
safety_tolerability,patient.reaction.reactionmeddrapt.exact,Soliqua,"FAERS/openFDA spontaneous adverse-event report counts are reporting signals, not incidence or causality.",Soliqua,INTENTIONAL PRODUCT MISUSE,48,fda_faers_quarterly,collected_openfda_faers_count,https://api.fda.gov/drug/event.json?search=patient.drug.medicinalproduct%3A%22Soliqua%22&count=patient.reaction.reactionmeddrapt.exact&limit=100
safety_tolerability,patient.reaction.reactionmeddrapt.exact,Soliqua,"FAERS/openFDA spontaneous adverse-event report counts are reporting signals, not incidence or causality.",Soliqua,WEIGHT INCREASED,48,fda_faers_quarterly,collected_openfda_faers_count,https://api.fda.gov/drug/event.json?search=patient.drug.medicinalproduct%3A%22Soliqua%22&count=patient.reaction.reactionmeddrapt.exact&limit=100
safety_tolerability,patient.reaction.reactionmeddrapt.exact,Soliqua,"FAERS/openFDA spontaneous adverse-event report counts are reporting signals, not incidence or causality.",Soliqua,RASH,47,fda_faers_quarterly,collected_openfda_faers_count,https://api.fda.gov/drug/event.json?search=patient.drug.medicinalproduct%3A%22Soliqua%22&count=patient.reaction.reactionmeddrapt.exact&limit=100
safety_tolerability,patient.reaction.reactionmeddrapt.exact,Soliqua,"FAERS/openFDA spontaneous adverse-event report counts are reporting signals, not incidence or causality.",Soliqua,COUGH,45,fda_faers_quarterly,collected_openfda_faers_count,https://api.fda.gov/drug/event.json?search=patient.drug.medicinalproduct%3A%22Soliqua%22&count=patient.reaction.reactionmeddrapt.exact&limit=100
safety_tolerability,patient.reaction.reactionmeddrapt.exact,Soliqua,"FAERS/openFDA spontaneous adverse-event report counts are reporting signals, not incidence or causality.",Soliqua,WEIGHT DECREASED,45,fda_faers_quarterly,collected_openfda_faers_count,https://api.fda.gov/drug/event.json?search=patient.drug.medicinalproduct%3A%22Soliqua%22&count=patient.reaction.reactionmeddrapt.exact&limit=100
safety_tolerability,patient.reaction.reactionmeddrapt.exact,Soliqua,"FAERS/openFDA spontaneous adverse-event report counts are reporting signals, not incidence or causality.",Soliqua,HYPOACUSIS,41,fda_faers_quarterly,collected_openfda_faers_count,https://api.fda.gov/drug/event.json?search=patient.drug.medicinalproduct%3A%22Soliqua%22&count=patient.reaction.reactionmeddrapt.exact&limit=100
safety_tolerability,patient.reaction.reactionmeddrapt.exact,Soliqua,"FAERS/openFDA spontaneous adverse-event report counts are reporting signals, not incidence or causality.",Soliqua,BLOOD GLUCOSE FLUCTUATION,36,fda_faers_quarterly,collected_openfda_faers_count,https://api.fda.gov/drug/event.json?search=patient.drug.medicinalproduct%3A%22Soliqua%22&count=patient.reaction.reactionmeddrapt.exact&limit=100
safety_tolerability,patient.reaction.reactionmeddrapt.exact,Soliqua,"FAERS/openFDA spontaneous adverse-event report counts are reporting signals, not incidence or causality.",Soliqua,DIABETES MELLITUS INADEQUATE CONTROL,36,fda_faers_quarterly,collected_openfda_faers_count,https://api.fda.gov/drug/event.json?search=patient.drug.medicinalproduct%3A%22Soliqua%22&count=patient.reaction.reactionmeddrapt.exact&limit=100
safety_tolerability,patient.reaction.reactionmeddrapt.exact,Soliqua,"FAERS/openFDA spontaneous adverse-event report counts are reporting signals, not incidence or causality.",Soliqua,DYSPNOEA,36,fda_faers_quarterly,collected_openfda_faers_count,https://api.fda.gov/drug/event.json?search=patient.drug.medicinalproduct%3A%22Soliqua%22&count=patient.reaction.reactionmeddrapt.exact&limit=100
safety_tolerability,patient.reaction.reactionmeddrapt.exact,Soliqua,"FAERS/openFDA spontaneous adverse-event report counts are reporting signals, not incidence or causality.",Soliqua,PRODUCT DOSE OMISSION,36,fda_faers_quarterly,collected_openfda_faers_count,https://api.fda.gov/drug/event.json?search=patient.drug.medicinalproduct%3A%22Soliqua%22&count=patient.reaction.reactionmeddrapt.exact&limit=100
safety_tolerability,patient.reaction.reactionmeddrapt.exact,Soliqua,"FAERS/openFDA spontaneous adverse-event report counts are reporting signals, not incidence or causality.",Soliqua,PAIN,35,fda_faers_quarterly,collected_openfda_faers_count,https://api.fda.gov/drug/event.json?search=patient.drug.medicinalproduct%3A%22Soliqua%22&count=patient.reaction.reactionmeddrapt.exact&limit=100
safety_tolerability,patient.reaction.reactionmeddrapt.exact,Soliqua,"FAERS/openFDA spontaneous adverse-event report counts are reporting signals, not incidence or causality.",Soliqua,PRODUCT USE ISSUE,35,fda_faers_quarterly,collected_openfda_faers_count,https://api.fda.gov/drug/event.json?search=patient.drug.medicinalproduct%3A%22Soliqua%22&count=patient.reaction.reactionmeddrapt.exact&limit=100
safety_tolerability,patient.reaction.reactionmeddrapt.exact,Soliqua,"FAERS/openFDA spontaneous adverse-event report counts are reporting signals, not incidence or causality.",Soliqua,INCORRECT DOSE ADMINISTERED BY DEVICE,34,fda_faers_quarterly,collected_openfda_faers_count,https://api.fda.gov/drug/event.json?search=patient.drug.medicinalproduct%3A%22Soliqua%22&count=patient.reaction.reactionmeddrapt.exact&limit=100
safety_tolerability,patient.reaction.reactionmeddrapt.exact,Soliqua,"FAERS/openFDA spontaneous adverse-event report counts are reporting signals, not incidence or causality.",Soliqua,WRONG TECHNIQUE IN PRODUCT USAGE PROCESS,34,fda_faers_quarterly,collected_openfda_faers_count,https://api.fda.gov/drug/event.json?search=patient.drug.medicinalproduct%3A%22Soliqua%22&count=patient.reaction.reactionmeddrapt.exact&limit=100
safety_tolerability,patient.reaction.reactionmeddrapt.exact,Soliqua,"FAERS/openFDA spontaneous adverse-event report counts are reporting signals, not incidence or causality.",Soliqua,INTENTIONAL PRODUCT USE ISSUE,32,fda_faers_quarterly,collected_openfda_faers_count,https://api.fda.gov/drug/event.json?search=patient.drug.medicinalproduct%3A%22Soliqua%22&count=patient.reaction.reactionmeddrapt.exact&limit=100
safety_tolerability,patient.reaction.reactionmeddrapt.exact,Soliqua,"FAERS/openFDA spontaneous adverse-event report counts are reporting signals, not incidence or causality.",Soliqua,ABDOMINAL PAIN UPPER,31,fda_faers_quarterly,collected_openfda_faers_count,https://api.fda.gov/drug/event.json?search=patient.drug.medicinalproduct%3A%22Soliqua%22&count=patient.reaction.reactionmeddrapt.exact&limit=100
safety_tolerability,patient.reaction.reactionmeddrapt.exact,Soliqua,"FAERS/openFDA spontaneous adverse-event report counts are reporting signals, not incidence or causality.",Soliqua,DEVICE LEAKAGE,31,fda_faers_quarterly,collected_openfda_faers_count,https://api.fda.gov/drug/event.json?search=patient.drug.medicinalproduct%3A%22Soliqua%22&count=patient.reaction.reactionmeddrapt.exact&limit=100
safety_tolerability,patient.reaction.reactionmeddrapt.exact,Soliqua,"FAERS/openFDA spontaneous adverse-event report counts are reporting signals, not incidence or causality.",Soliqua,ASTHENIA,30,fda_faers_quarterly,collected_openfda_faers_count,https://api.fda.gov/drug/event.json?search=patient.drug.medicinalproduct%3A%22Soliqua%22&count=patient.reaction.reactionmeddrapt.exact&limit=100
safety_tolerability,patient.reaction.reactionmeddrapt.exact,Soliqua,"FAERS/openFDA spontaneous adverse-event report counts are reporting signals, not incidence or causality.",Soliqua,CEREBROVASCULAR ACCIDENT,30,fda_faers_quarterly,collected_openfda_faers_count,https://api.fda.gov/drug/event.json?search=patient.drug.medicinalproduct%3A%22Soliqua%22&count=patient.reaction.reactionmeddrapt.exact&limit=100
safety_tolerability,patient.reaction.reactionmeddrapt.exact,Soliqua,"FAERS/openFDA spontaneous adverse-event report counts are reporting signals, not incidence or causality.",Soliqua,FEELING ABNORMAL,29,fda_faers_quarterly,collected_openfda_faers_count,https://api.fda.gov/drug/event.json?search=patient.drug.medicinalproduct%3A%22Soliqua%22&count=patient.reaction.reactionmeddrapt.exact&limit=100
safety_tolerability,patient.reaction.reactionmeddrapt.exact,Soliqua,"FAERS/openFDA spontaneous adverse-event report counts are reporting signals, not incidence or causality.",Soliqua,DECREASED APPETITE,27,fda_faers_quarterly,collected_openfda_faers_count,https://api.fda.gov/drug/event.json?search=patient.drug.medicinalproduct%3A%22Soliqua%22&count=patient.reaction.reactionmeddrapt.exact&limit=100
safety_tolerability,patient.reaction.reactionmeddrapt.exact,Soliqua,"FAERS/openFDA spontaneous adverse-event report counts are reporting signals, not incidence or causality.",Soliqua,ABDOMINAL PAIN,26,fda_faers_quarterly,collected_openfda_faers_count,https://api.fda.gov/drug/event.json?search=patient.drug.medicinalproduct%3A%22Soliqua%22&count=patient.reaction.reactionmeddrapt.exact&limit=100
safety_tolerability,patient.reaction.reactionmeddrapt.exact,Soliqua,"FAERS/openFDA spontaneous adverse-event report counts are reporting signals, not incidence or causality.",Soliqua,CONSTIPATION,26,fda_faers_quarterly,collected_openfda_faers_count,https://api.fda.gov/drug/event.json?search=patient.drug.medicinalproduct%3A%22Soliqua%22&count=patient.reaction.reactionmeddrapt.exact&limit=100
safety_tolerability,patient.reaction.reactionmeddrapt.exact,Soliqua,"FAERS/openFDA spontaneous adverse-event report counts are reporting signals, not incidence or causality.",Soliqua,COVID-19,26,fda_faers_quarterly,collected_openfda_faers_count,https://api.fda.gov/drug/event.json?search=patient.drug.medicinalproduct%3A%22Soliqua%22&count=patient.reaction.reactionmeddrapt.exact&limit=100
safety_tolerability,patient.reaction.reactionmeddrapt.exact,Soliqua,"FAERS/openFDA spontaneous adverse-event report counts are reporting signals, not incidence or causality.",Soliqua,DEVICE MECHANICAL ISSUE,26,fda_faers_quarterly,collected_openfda_faers_count,https://api.fda.gov/drug/event.json?search=patient.drug.medicinalproduct%3A%22Soliqua%22&count=patient.reaction.reactionmeddrapt.exact&limit=100
safety_tolerability,patient.reaction.reactionmeddrapt.exact,Soliqua,"FAERS/openFDA spontaneous adverse-event report counts are reporting signals, not incidence or causality.",Soliqua,PANCREATITIS,26,fda_faers_quarterly,collected_openfda_faers_count,https://api.fda.gov/drug/event.json?search=patient.drug.medicinalproduct%3A%22Soliqua%22&count=patient.reaction.reactionmeddrapt.exact&limit=100
safety_tolerability,patient.reaction.reactionmeddrapt.exact,Soliqua,"FAERS/openFDA spontaneous adverse-event report counts are reporting signals, not incidence or causality.",Soliqua,PERIPHERAL SWELLING,26,fda_faers_quarterly,collected_openfda_faers_count,https://api.fda.gov/drug/event.json?search=patient.drug.medicinalproduct%3A%22Soliqua%22&count=patient.reaction.reactionmeddrapt.exact&limit=100
safety_tolerability,patient.reaction.reactionmeddrapt.exact,Soliqua,"FAERS/openFDA spontaneous adverse-event report counts are reporting signals, not incidence or causality.",Soliqua,PRODUCT PRESCRIBING ISSUE,26,fda_faers_quarterly,collected_openfda_faers_count,https://api.fda.gov/drug/event.json?search=patient.drug.medicinalproduct%3A%22Soliqua%22&count=patient.reaction.reactionmeddrapt.exact&limit=100
safety_tolerability,patient.reaction.reactionmeddrapt.exact,Soliqua,"FAERS/openFDA spontaneous adverse-event report counts are reporting signals, not incidence or causality.",Soliqua,TREMOR,26,fda_faers_quarterly,collected_openfda_faers_count,https://api.fda.gov/drug/event.json?search=patient.drug.medicinalproduct%3A%22Soliqua%22&count=patient.reaction.reactionmeddrapt.exact&limit=100
safety_tolerability,patient.reaction.reactionmeddrapt.exact,Soliqua,"FAERS/openFDA spontaneous adverse-event report counts are reporting signals, not incidence or causality.",Soliqua,VISION BLURRED,26,fda_faers_quarterly,collected_openfda_faers_count,https://api.fda.gov/drug/event.json?search=patient.drug.medicinalproduct%3A%22Soliqua%22&count=patient.reaction.reactionmeddrapt.exact&limit=100
safety_tolerability,patient.reaction.reactionmeddrapt.exact,Soliqua,"FAERS/openFDA spontaneous adverse-event report counts are reporting signals, not incidence or causality.",Soliqua,CONDITION AGGRAVATED,25,fda_faers_quarterly,collected_openfda_faers_count,https://api.fda.gov/drug/event.json?search=patient.drug.medicinalproduct%3A%22Soliqua%22&count=patient.reaction.reactionmeddrapt.exact&limit=100
safety_tolerability,patient.reaction.reactionmeddrapt.exact,Soliqua,"FAERS/openFDA spontaneous adverse-event report counts are reporting signals, not incidence or causality.",Soliqua,URTICARIA,25,fda_faers_quarterly,collected_openfda_faers_count,https://api.fda.gov/drug/event.json?search=patient.drug.medicinalproduct%3A%22Soliqua%22&count=patient.reaction.reactionmeddrapt.exact&limit=100
safety_tolerability,patient.reaction.reactionmeddrapt.exact,Soliqua,"FAERS/openFDA spontaneous adverse-event report counts are reporting signals, not incidence or causality.",Soliqua,INJURY ASSOCIATED WITH DEVICE,24,fda_faers_quarterly,collected_openfda_faers_count,https://api.fda.gov/drug/event.json?search=patient.drug.medicinalproduct%3A%22Soliqua%22&count=patient.reaction.reactionmeddrapt.exact&limit=100
safety_tolerability,patient.reaction.reactionmeddrapt.exact,Soliqua,"FAERS/openFDA spontaneous adverse-event report counts are reporting signals, not incidence or causality.",Soliqua,ABDOMINAL DISCOMFORT,23,fda_faers_quarterly,collected_openfda_faers_count,https://api.fda.gov/drug/event.json?search=patient.drug.medicinalproduct%3A%22Soliqua%22&count=patient.reaction.reactionmeddrapt.exact&limit=100
safety_tolerability,patient.reaction.reactionmeddrapt.exact,Soliqua,"FAERS/openFDA spontaneous adverse-event report counts are reporting signals, not incidence or causality.",Soliqua,PRODUCT USE IN UNAPPROVED INDICATION,22,fda_faers_quarterly,collected_openfda_faers_count,https://api.fda.gov/drug/event.json?search=patient.drug.medicinalproduct%3A%22Soliqua%22&count=patient.reaction.reactionmeddrapt.exact&limit=100
safety_tolerability,patient.reaction.reactionmeddrapt.exact,Soliqua,"FAERS/openFDA spontaneous adverse-event report counts are reporting signals, not incidence or causality.",Soliqua,HYPERGLYCAEMIA,21,fda_faers_quarterly,collected_openfda_faers_count,https://api.fda.gov/drug/event.json?search=patient.drug.medicinalproduct%3A%22Soliqua%22&count=patient.reaction.reactionmeddrapt.exact&limit=100
safety_tolerability,patient.reaction.reactionmeddrapt.exact,Soliqua,"FAERS/openFDA spontaneous adverse-event report counts are reporting signals, not incidence or causality.",Soliqua,HYPERSENSITIVITY,21,fda_faers_quarterly,collected_openfda_faers_count,https://api.fda.gov/drug/event.json?search=patient.drug.medicinalproduct%3A%22Soliqua%22&count=patient.reaction.reactionmeddrapt.exact&limit=100
safety_tolerability,patient.reaction.reactionmeddrapt.exact,Soliqua,"FAERS/openFDA spontaneous adverse-event report counts are reporting signals, not incidence or causality.",Soliqua,INJECTION SITE HAEMORRHAGE,21,fda_faers_quarterly,collected_openfda_faers_count,https://api.fda.gov/drug/event.json?search=patient.drug.medicinalproduct%3A%22Soliqua%22&count=patient.reaction.reactionmeddrapt.exact&limit=100
safety_tolerability,patient.reaction.reactionmeddrapt.exact,Soliqua,"FAERS/openFDA spontaneous adverse-event report counts are reporting signals, not incidence or causality.",Soliqua,INJECTION SITE REACTION,21,fda_faers_quarterly,collected_openfda_faers_count,https://api.fda.gov/drug/event.json?search=patient.drug.medicinalproduct%3A%22Soliqua%22&count=patient.reaction.reactionmeddrapt.exact&limit=100
safety_tolerability,patient.reaction.reactionmeddrapt.exact,Soliqua,"FAERS/openFDA spontaneous adverse-event report counts are reporting signals, not incidence or causality.",Soliqua,NASOPHARYNGITIS,21,fda_faers_quarterly,collected_openfda_faers_count,https://api.fda.gov/drug/event.json?search=patient.drug.medicinalproduct%3A%22Soliqua%22&count=patient.reaction.reactionmeddrapt.exact&limit=100
safety_tolerability,patient.reaction.reactionmeddrapt.exact,Soliqua,"FAERS/openFDA spontaneous adverse-event report counts are reporting signals, not incidence or causality.",Soliqua,PRODUCT DISPENSING ISSUE,21,fda_faers_quarterly,collected_openfda_faers_count,https://api.fda.gov/drug/event.json?search=patient.drug.medicinalproduct%3A%22Soliqua%22&count=patient.reaction.reactionmeddrapt.exact&limit=100
safety_tolerability,patient.reaction.reactionmeddrapt.exact,Soliqua,"FAERS/openFDA spontaneous adverse-event report counts are reporting signals, not incidence or causality.",Soliqua,BACK PAIN,20,fda_faers_quarterly,collected_openfda_faers_count,https://api.fda.gov/drug/event.json?search=patient.drug.medicinalproduct%3A%22Soliqua%22&count=patient.reaction.reactionmeddrapt.exact&limit=100
safety_tolerability,patient.reaction.reactionmeddrapt.exact,Soliqua,"FAERS/openFDA spontaneous adverse-event report counts are reporting signals, not incidence or causality.",Soliqua,GASTROINTESTINAL DISORDER,20,fda_faers_quarterly,collected_openfda_faers_count,https://api.fda.gov/drug/event.json?search=patient.drug.medicinalproduct%3A%22Soliqua%22&count=patient.reaction.reactionmeddrapt.exact&limit=100
safety_tolerability,patient.reaction.reactionmeddrapt.exact,Soliqua,"FAERS/openFDA spontaneous adverse-event report counts are reporting signals, not incidence or causality.",Soliqua,ILLNESS,20,fda_faers_quarterly,collected_openfda_faers_count,https://api.fda.gov/drug/event.json?search=patient.drug.medicinalproduct%3A%22Soliqua%22&count=patient.reaction.reactionmeddrapt.exact&limit=100
safety_tolerability,patient.reaction.reactionmeddrapt.exact,Soliqua,"FAERS/openFDA spontaneous adverse-event report counts are reporting signals, not incidence or causality.",Soliqua,MUSCLE SPASMS,20,fda_faers_quarterly,collected_openfda_faers_count,https://api.fda.gov/drug/event.json?search=patient.drug.medicinalproduct%3A%22Soliqua%22&count=patient.reaction.reactionmeddrapt.exact&limit=100
safety_tolerability,patient.reaction.reactionmeddrapt.exact,Soliqua,"FAERS/openFDA spontaneous adverse-event report counts are reporting signals, not incidence or causality.",Soliqua,PAIN IN EXTREMITY,20,fda_faers_quarterly,collected_openfda_faers_count,https://api.fda.gov/drug/event.json?search=patient.drug.medicinalproduct%3A%22Soliqua%22&count=patient.reaction.reactionmeddrapt.exact&limit=100
safety_tolerability,patient.reaction.reactionmeddrapt.exact,Soliqua,"FAERS/openFDA spontaneous adverse-event report counts are reporting signals, not incidence or causality.",Soliqua,BLOOD PRESSURE INCREASED,19,fda_faers_quarterly,collected_openfda_faers_count,https://api.fda.gov/drug/event.json?search=patient.drug.medicinalproduct%3A%22Soliqua%22&count=patient.reaction.reactionmeddrapt.exact&limit=100
safety_tolerability,patient.reaction.reactionmeddrapt.exact,Soliqua,"FAERS/openFDA spontaneous adverse-event report counts are reporting signals, not incidence or causality.",Soliqua,GAIT DISTURBANCE,19,fda_faers_quarterly,collected_openfda_faers_count,https://api.fda.gov/drug/event.json?search=patient.drug.medicinalproduct%3A%22Soliqua%22&count=patient.reaction.reactionmeddrapt.exact&limit=100
safety_tolerability,patient.reaction.reactionmeddrapt.exact,Soliqua,"FAERS/openFDA spontaneous adverse-event report counts are reporting signals, not incidence or causality.",Soliqua,INJECTION SITE PRURITUS,19,fda_faers_quarterly,collected_openfda_faers_count,https://api.fda.gov/drug/event.json?search=patient.drug.medicinalproduct%3A%22Soliqua%22&count=patient.reaction.reactionmeddrapt.exact&limit=100
safety_tolerability,patient.reaction.reactionmeddrapt.exact,Soliqua,"FAERS/openFDA spontaneous adverse-event report counts are reporting signals, not incidence or causality.",Soliqua,MEMORY IMPAIRMENT,19,fda_faers_quarterly,collected_openfda_faers_count,https://api.fda.gov/drug/event.json?search=patient.drug.medicinalproduct%3A%22Soliqua%22&count=patient.reaction.reactionmeddrapt.exact&limit=100
safety_tolerability,patient.reaction.reactionmeddrapt.exact,Soliqua,"FAERS/openFDA spontaneous adverse-event report counts are reporting signals, not incidence or causality.",Soliqua,SOMNOLENCE,19,fda_faers_quarterly,collected_openfda_faers_count,https://api.fda.gov/drug/event.json?search=patient.drug.medicinalproduct%3A%22Soliqua%22&count=patient.reaction.reactionmeddrapt.exact&limit=100
safety_tolerability,patient.reaction.reactionmeddrapt.exact,Soliqua,"FAERS/openFDA spontaneous adverse-event report counts are reporting signals, not incidence or causality.",Soliqua,FALL,18,fda_faers_quarterly,collected_openfda_faers_count,https://api.fda.gov/drug/event.json?search=patient.drug.medicinalproduct%3A%22Soliqua%22&count=patient.reaction.reactionmeddrapt.exact&limit=100
safety_tolerability,patient.reaction.reactionmeddrapt.exact,Soliqua,"FAERS/openFDA spontaneous adverse-event report counts are reporting signals, not incidence or causality.",Soliqua,INJECTION SITE ERYTHEMA,18,fda_faers_quarterly,collected_openfda_faers_count,https://api.fda.gov/drug/event.json?search=patient.drug.medicinalproduct%3A%22Soliqua%22&count=patient.reaction.reactionmeddrapt.exact&limit=100
safety_tolerability,patient.reaction.reactionmeddrapt.exact,Soliqua,"FAERS/openFDA spontaneous adverse-event report counts are reporting signals, not incidence or causality.",Soliqua,INJECTION SITE SWELLING,18,fda_faers_quarterly,collected_openfda_faers_count,https://api.fda.gov/drug/event.json?search=patient.drug.medicinalproduct%3A%22Soliqua%22&count=patient.reaction.reactionmeddrapt.exact&limit=100
safety_tolerability,patient.reaction.reactionmeddrapt.exact,Soliqua,"FAERS/openFDA spontaneous adverse-event report counts are reporting signals, not incidence or causality.",Soliqua,PRODUCT TEMPERATURE EXCURSION ISSUE,18,fda_faers_quarterly,collected_openfda_faers_count,https://api.fda.gov/drug/event.json?search=patient.drug.medicinalproduct%3A%22Soliqua%22&count=patient.reaction.reactionmeddrapt.exact&limit=100
safety_tolerability,patient.reaction.reactionmeddrapt.exact,Soliqua,"FAERS/openFDA spontaneous adverse-event report counts are reporting signals, not incidence or causality.",Soliqua,CATARACT,17,fda_faers_quarterly,collected_openfda_faers_count,https://api.fda.gov/drug/event.json?search=patient.drug.medicinalproduct%3A%22Soliqua%22&count=patient.reaction.reactionmeddrapt.exact&limit=100
safety_tolerability,patient.reaction.reactionmeddrapt.exact,Soliqua,"FAERS/openFDA spontaneous adverse-event report counts are reporting signals, not incidence or causality.",Soliqua,DEATH,17,fda_faers_quarterly,collected_openfda_faers_count,https://api.fda.gov/drug/event.json?search=patient.drug.medicinalproduct%3A%22Soliqua%22&count=patient.reaction.reactionmeddrapt.exact&limit=100
safety_tolerability,patient.reaction.reactionmeddrapt.exact,Soliqua,"FAERS/openFDA spontaneous adverse-event report counts are reporting signals, not incidence or causality.",Soliqua,EXTRA DOSE ADMINISTERED,17,fda_faers_quarterly,collected_openfda_faers_count,https://api.fda.gov/drug/event.json?search=patient.drug.medicinalproduct%3A%22Soliqua%22&count=patient.reaction.reactionmeddrapt.exact&limit=100
safety_tolerability,patient.reaction.reactionmeddrapt.exact,Soliqua,"FAERS/openFDA spontaneous adverse-event report counts are reporting signals, not incidence or causality.",Soliqua,HYPERHIDROSIS,17,fda_faers_quarterly,collected_openfda_faers_count,https://api.fda.gov/drug/event.json?search=patient.drug.medicinalproduct%3A%22Soliqua%22&count=patient.reaction.reactionmeddrapt.exact&limit=100
safety_tolerability,patient.reaction.reactionmeddrapt.exact,Soliqua,"FAERS/openFDA spontaneous adverse-event report counts are reporting signals, not incidence or causality.",Soliqua,LOSS OF CONSCIOUSNESS,17,fda_faers_quarterly,collected_openfda_faers_count,https://api.fda.gov/drug/event.json?search=patient.drug.medicinalproduct%3A%22Soliqua%22&count=patient.reaction.reactionmeddrapt.exact&limit=100
safety_tolerability,patient.reaction.reactionmeddrapt.exact,Soliqua,"FAERS/openFDA spontaneous adverse-event report counts are reporting signals, not incidence or causality.",Soliqua,CARDIAC DISORDER,16,fda_faers_quarterly,collected_openfda_faers_count,https://api.fda.gov/drug/event.json?search=patient.drug.medicinalproduct%3A%22Soliqua%22&count=patient.reaction.reactionmeddrapt.exact&limit=100
safety_tolerability,patient.reaction.reactionmeddrapt.exact,Soliqua,"FAERS/openFDA spontaneous adverse-event report counts are reporting signals, not incidence or causality.",Soliqua,EXPIRED PRODUCT ADMINISTERED,16,fda_faers_quarterly,collected_openfda_faers_count,https://api.fda.gov/drug/event.json?search=patient.drug.medicinalproduct%3A%22Soliqua%22&count=patient.reaction.reactionmeddrapt.exact&limit=100
safety_tolerability,patient.reaction.reactionmeddrapt.exact,Soliqua,"FAERS/openFDA spontaneous adverse-event report counts are reporting signals, not incidence or causality.",Soliqua,INJECTION SITE BRUISING,16,fda_faers_quarterly,collected_openfda_faers_count,https://api.fda.gov/drug/event.json?search=patient.drug.medicinalproduct%3A%22Soliqua%22&count=patient.reaction.reactionmeddrapt.exact&limit=100
safety_tolerability,patient.reaction.reactionmeddrapt.exact,Soliqua,"FAERS/openFDA spontaneous adverse-event report counts are reporting signals, not incidence or causality.",Soliqua,INJECTION SITE RASH,16,fda_faers_quarterly,collected_openfda_faers_count,https://api.fda.gov/drug/event.json?search=patient.drug.medicinalproduct%3A%22Soliqua%22&count=patient.reaction.reactionmeddrapt.exact&limit=100
safety_tolerability,patient.reaction.reactionmeddrapt.exact,Soliqua,"FAERS/openFDA spontaneous adverse-event report counts are reporting signals, not incidence or causality.",Soliqua,CONTRAINDICATED PRODUCT ADMINISTERED,15,fda_faers_quarterly,collected_openfda_faers_count,https://api.fda.gov/drug/event.json?search=patient.drug.medicinalproduct%3A%22Soliqua%22&count=patient.reaction.reactionmeddrapt.exact&limit=100
safety_tolerability,patient.reaction.reactionmeddrapt.exact,Soliqua,"FAERS/openFDA spontaneous adverse-event report counts are reporting signals, not incidence or causality.",Soliqua,DRUG DOSE OMISSION,15,fda_faers_quarterly,collected_openfda_faers_count,https://api.fda.gov/drug/event.json?search=patient.drug.medicinalproduct%3A%22Soliqua%22&count=patient.reaction.reactionmeddrapt.exact&limit=100
safety_tolerability,patient.reaction.reactionmeddrapt.exact,Soliqua,"FAERS/openFDA spontaneous adverse-event report counts are reporting signals, not incidence or causality.",Soliqua,IMPAIRED GASTRIC EMPTYING,15,fda_faers_quarterly,collected_openfda_faers_count,https://api.fda.gov/drug/event.json?search=patient.drug.medicinalproduct%3A%22Soliqua%22&count=patient.reaction.reactionmeddrapt.exact&limit=100
safety_tolerability,patient.reaction.reactionmeddrapt.exact,Soliqua,"FAERS/openFDA spontaneous adverse-event report counts are reporting signals, not incidence or causality.",Soliqua,ANAEMIA,14,fda_faers_quarterly,collected_openfda_faers_count,https://api.fda.gov/drug/event.json?search=patient.drug.medicinalproduct%3A%22Soliqua%22&count=patient.reaction.reactionmeddrapt.exact&limit=100
safety_tolerability,patient.reaction.reactionmeddrapt.exact,Soliqua,"FAERS/openFDA spontaneous adverse-event report counts are reporting signals, not incidence or causality.",Soliqua,DEVICE USE ISSUE,14,fda_faers_quarterly,collected_openfda_faers_count,https://api.fda.gov/drug/event.json?search=patient.drug.medicinalproduct%3A%22Soliqua%22&count=patient.reaction.reactionmeddrapt.exact&limit=100
safety_tolerability,patient.reaction.reactionmeddrapt.exact,Soliqua,"FAERS/openFDA spontaneous adverse-event report counts are reporting signals, not incidence or causality.",Soliqua,DRUG DOSE OMISSION BY DEVICE,14,fda_faers_quarterly,collected_openfda_faers_count,https://api.fda.gov/drug/event.json?search=patient.drug.medicinalproduct%3A%22Soliqua%22&count=patient.reaction.reactionmeddrapt.exact&limit=100
safety_tolerability,patient.reaction.reactionmeddrapt.exact,Soliqua,"FAERS/openFDA spontaneous adverse-event report counts are reporting signals, not incidence or causality.",Soliqua,MULTIPLE USE OF SINGLE-USE PRODUCT,14,fda_faers_quarterly,collected_openfda_faers_count,https://api.fda.gov/drug/event.json?search=patient.drug.medicinalproduct%3A%22Soliqua%22&count=patient.reaction.reactionmeddrapt.exact&limit=100
safety_tolerability,patient.reaction.reactionmeddrapt.exact,Soliqua,"FAERS/openFDA spontaneous adverse-event report counts are reporting signals, not incidence or causality.",Soliqua,ARTHRALGIA,13,fda_faers_quarterly,collected_openfda_faers_count,https://api.fda.gov/drug/event.json?search=patient.drug.medicinalproduct%3A%22Soliqua%22&count=patient.reaction.reactionmeddrapt.exact&limit=100
safety_tolerability,patient.reaction.reactionmeddrapt.exact,Soliqua,"FAERS/openFDA spontaneous adverse-event report counts are reporting signals, not incidence or causality.",Soliqua,HYPERTENSION,13,fda_faers_quarterly,collected_openfda_faers_count,https://api.fda.gov/drug/event.json?search=patient.drug.medicinalproduct%3A%22Soliqua%22&count=patient.reaction.reactionmeddrapt.exact&limit=100
safety_tolerability,patient.reaction.reactionmeddrapt.exact,Xultophy,"FAERS/openFDA spontaneous adverse-event report counts are reporting signals, not incidence or causality.",Xultophy,BLOOD GLUCOSE INCREASED,184,fda_faers_quarterly,collected_openfda_faers_count,https://api.fda.gov/drug/event.json?search=patient.drug.medicinalproduct%3A%22Xultophy%22&count=patient.reaction.reactionmeddrapt.exact&limit=100
safety_tolerability,patient.reaction.reactionmeddrapt.exact,Xultophy,"FAERS/openFDA spontaneous adverse-event report counts are reporting signals, not incidence or causality.",Xultophy,NAUSEA,120,fda_faers_quarterly,collected_openfda_faers_count,https://api.fda.gov/drug/event.json?search=patient.drug.medicinalproduct%3A%22Xultophy%22&count=patient.reaction.reactionmeddrapt.exact&limit=100
safety_tolerability,patient.reaction.reactionmeddrapt.exact,Xultophy,"FAERS/openFDA spontaneous adverse-event report counts are reporting signals, not incidence or causality.",Xultophy,ACUTE KIDNEY INJURY,88,fda_faers_quarterly,collected_openfda_faers_count,https://api.fda.gov/drug/event.json?search=patient.drug.medicinalproduct%3A%22Xultophy%22&count=patient.reaction.reactionmeddrapt.exact&limit=100
safety_tolerability,patient.reaction.reactionmeddrapt.exact,Xultophy,"FAERS/openFDA spontaneous adverse-event report counts are reporting signals, not incidence or causality.",Xultophy,DIARRHOEA,87,fda_faers_quarterly,collected_openfda_faers_count,https://api.fda.gov/drug/event.json?search=patient.drug.medicinalproduct%3A%22Xultophy%22&count=patient.reaction.reactionmeddrapt.exact&limit=100
safety_tolerability,patient.reaction.reactionmeddrapt.exact,Xultophy,"FAERS/openFDA spontaneous adverse-event report counts are reporting signals, not incidence or causality.",Xultophy,VOMITING,87,fda_faers_quarterly,collected_openfda_faers_count,https://api.fda.gov/drug/event.json?search=patient.drug.medicinalproduct%3A%22Xultophy%22&count=patient.reaction.reactionmeddrapt.exact&limit=100
safety_tolerability,patient.reaction.reactionmeddrapt.exact,Xultophy,"FAERS/openFDA spontaneous adverse-event report counts are reporting signals, not incidence or causality.",Xultophy,HYPOGLYCAEMIA,70,fda_faers_quarterly,collected_openfda_faers_count,https://api.fda.gov/drug/event.json?search=patient.drug.medicinalproduct%3A%22Xultophy%22&count=patient.reaction.reactionmeddrapt.exact&limit=100
safety_tolerability,patient.reaction.reactionmeddrapt.exact,Xultophy,"FAERS/openFDA spontaneous adverse-event report counts are reporting signals, not incidence or causality.",Xultophy,GLYCOSYLATED HAEMOGLOBIN INCREASED,60,fda_faers_quarterly,collected_openfda_faers_count,https://api.fda.gov/drug/event.json?search=patient.drug.medicinalproduct%3A%22Xultophy%22&count=patient.reaction.reactionmeddrapt.exact&limit=100
safety_tolerability,patient.reaction.reactionmeddrapt.exact,Xultophy,"FAERS/openFDA spontaneous adverse-event report counts are reporting signals, not incidence or causality.",Xultophy,LACTIC ACIDOSIS,58,fda_faers_quarterly,collected_openfda_faers_count,https://api.fda.gov/drug/event.json?search=patient.drug.medicinalproduct%3A%22Xultophy%22&count=patient.reaction.reactionmeddrapt.exact&limit=100
safety_tolerability,patient.reaction.reactionmeddrapt.exact,Xultophy,"FAERS/openFDA spontaneous adverse-event report counts are reporting signals, not incidence or causality.",Xultophy,DECREASED APPETITE,52,fda_faers_quarterly,collected_openfda_faers_count,https://api.fda.gov/drug/event.json?search=patient.drug.medicinalproduct%3A%22Xultophy%22&count=patient.reaction.reactionmeddrapt.exact&limit=100
safety_tolerability,patient.reaction.reactionmeddrapt.exact,Xultophy,"FAERS/openFDA spontaneous adverse-event report counts are reporting signals, not incidence or causality.",Xultophy,ASTHENIA,50,fda_faers_quarterly,collected_openfda_faers_count,https://api.fda.gov/drug/event.json?search=patient.drug.medicinalproduct%3A%22Xultophy%22&count=patient.reaction.reactionmeddrapt.exact&limit=100
safety_tolerability,patient.reaction.reactionmeddrapt.exact,Xultophy,"FAERS/openFDA spontaneous adverse-event report counts are reporting signals, not incidence or causality.",Xultophy,DIZZINESS,44,fda_faers_quarterly,collected_openfda_faers_count,https://api.fda.gov/drug/event.json?search=patient.drug.medicinalproduct%3A%22Xultophy%22&count=patient.reaction.reactionmeddrapt.exact&limit=100
safety_tolerability,patient.reaction.reactionmeddrapt.exact,Xultophy,"FAERS/openFDA spontaneous adverse-event report counts are reporting signals, not incidence or causality.",Xultophy,HYPERGLYCAEMIA,43,fda_faers_quarterly,collected_openfda_faers_count,https://api.fda.gov/drug/event.json?search=patient.drug.medicinalproduct%3A%22Xultophy%22&count=patient.reaction.reactionmeddrapt.exact&limit=100
safety_tolerability,patient.reaction.reactionmeddrapt.exact,Xultophy,"FAERS/openFDA spontaneous adverse-event report counts are reporting signals, not incidence or causality.",Xultophy,BLOOD GLUCOSE DECREASED,41,fda_faers_quarterly,collected_openfda_faers_count,https://api.fda.gov/drug/event.json?search=patient.drug.medicinalproduct%3A%22Xultophy%22&count=patient.reaction.reactionmeddrapt.exact&limit=100
safety_tolerability,patient.reaction.reactionmeddrapt.exact,Xultophy,"FAERS/openFDA spontaneous adverse-event report counts are reporting signals, not incidence or causality.",Xultophy,WEIGHT DECREASED,41,fda_faers_quarterly,collected_openfda_faers_count,https://api.fda.gov/drug/event.json?search=patient.drug.medicinalproduct%3A%22Xultophy%22&count=patient.reaction.reactionmeddrapt.exact&limit=100
safety_tolerability,patient.reaction.reactionmeddrapt.exact,Xultophy,"FAERS/openFDA spontaneous adverse-event report counts are reporting signals, not incidence or causality.",Xultophy,HOSPITALISATION,38,fda_faers_quarterly,collected_openfda_faers_count,https://api.fda.gov/drug/event.json?search=patient.drug.medicinalproduct%3A%22Xultophy%22&count=patient.reaction.reactionmeddrapt.exact&limit=100
safety_tolerability,patient.reaction.reactionmeddrapt.exact,Xultophy,"FAERS/openFDA spontaneous adverse-event report counts are reporting signals, not incidence or causality.",Xultophy,HYPERKALAEMIA,36,fda_faers_quarterly,collected_openfda_faers_count,https://api.fda.gov/drug/event.json?search=patient.drug.medicinalproduct%3A%22Xultophy%22&count=patient.reaction.reactionmeddrapt.exact&limit=100
safety_tolerability,patient.reaction.reactionmeddrapt.exact,Xultophy,"FAERS/openFDA spontaneous adverse-event report counts are reporting signals, not incidence or causality.",Xultophy,COVID-19,34,fda_faers_quarterly,collected_openfda_faers_count,https://api.fda.gov/drug/event.json?search=patient.drug.medicinalproduct%3A%22Xultophy%22&count=patient.reaction.reactionmeddrapt.exact&limit=100
safety_tolerability,patient.reaction.reactionmeddrapt.exact,Xultophy,"FAERS/openFDA spontaneous adverse-event report counts are reporting signals, not incidence or causality.",Xultophy,DYSPNOEA,34,fda_faers_quarterly,collected_openfda_faers_count,https://api.fda.gov/drug/event.json?search=patient.drug.medicinalproduct%3A%22Xultophy%22&count=patient.reaction.reactionmeddrapt.exact&limit=100
safety_tolerability,patient.reaction.reactionmeddrapt.exact,Xultophy,"FAERS/openFDA spontaneous adverse-event report counts are reporting signals, not incidence or causality.",Xultophy,OFF LABEL USE,34,fda_faers_quarterly,collected_openfda_faers_count,https://api.fda.gov/drug/event.json?search=patient.drug.medicinalproduct%3A%22Xultophy%22&count=patient.reaction.reactionmeddrapt.exact&limit=100
safety_tolerability,patient.reaction.reactionmeddrapt.exact,Xultophy,"FAERS/openFDA spontaneous adverse-event report counts are reporting signals, not incidence or causality.",Xultophy,DEHYDRATION,32,fda_faers_quarterly,collected_openfda_faers_count,https://api.fda.gov/drug/event.json?search=patient.drug.medicinalproduct%3A%22Xultophy%22&count=patient.reaction.reactionmeddrapt.exact&limit=100
safety_tolerability,patient.reaction.reactionmeddrapt.exact,Xultophy,"FAERS/openFDA spontaneous adverse-event report counts are reporting signals, not incidence or causality.",Xultophy,FALL,32,fda_faers_quarterly,collected_openfda_faers_count,https://api.fda.gov/drug/event.json?search=patient.drug.medicinalproduct%3A%22Xultophy%22&count=patient.reaction.reactionmeddrapt.exact&limit=100
safety_tolerability,patient.reaction.reactionmeddrapt.exact,Xultophy,"FAERS/openFDA spontaneous adverse-event report counts are reporting signals, not incidence or causality.",Xultophy,DIABETES MELLITUS INADEQUATE CONTROL,30,fda_faers_quarterly,collected_openfda_faers_count,https://api.fda.gov/drug/event.json?search=patient.drug.medicinalproduct%3A%22Xultophy%22&count=patient.reaction.reactionmeddrapt.exact&limit=100
safety_tolerability,patient.reaction.reactionmeddrapt.exact,Xultophy,"FAERS/openFDA spontaneous adverse-event report counts are reporting signals, not incidence or causality.",Xultophy,HEADACHE,30,fda_faers_quarterly,collected_openfda_faers_count,https://api.fda.gov/drug/event.json?search=patient.drug.medicinalproduct%3A%22Xultophy%22&count=patient.reaction.reactionmeddrapt.exact&limit=100
safety_tolerability,patient.reaction.reactionmeddrapt.exact,Xultophy,"FAERS/openFDA spontaneous adverse-event report counts are reporting signals, not incidence or causality.",Xultophy,ABDOMINAL PAIN,29,fda_faers_quarterly,collected_openfda_faers_count,https://api.fda.gov/drug/event.json?search=patient.drug.medicinalproduct%3A%22Xultophy%22&count=patient.reaction.reactionmeddrapt.exact&limit=100
safety_tolerability,patient.reaction.reactionmeddrapt.exact,Xultophy,"FAERS/openFDA spontaneous adverse-event report counts are reporting signals, not incidence or causality.",Xultophy,DRUG INEFFECTIVE,29,fda_faers_quarterly,collected_openfda_faers_count,https://api.fda.gov/drug/event.json?search=patient.drug.medicinalproduct%3A%22Xultophy%22&count=patient.reaction.reactionmeddrapt.exact&limit=100
safety_tolerability,patient.reaction.reactionmeddrapt.exact,Xultophy,"FAERS/openFDA spontaneous adverse-event report counts are reporting signals, not incidence or causality.",Xultophy,PNEUMONIA,28,fda_faers_quarterly,collected_openfda_faers_count,https://api.fda.gov/drug/event.json?search=patient.drug.medicinalproduct%3A%22Xultophy%22&count=patient.reaction.reactionmeddrapt.exact&limit=100
safety_tolerability,patient.reaction.reactionmeddrapt.exact,Xultophy,"FAERS/openFDA spontaneous adverse-event report counts are reporting signals, not incidence or causality.",Xultophy,PANCREATITIS,27,fda_faers_quarterly,collected_openfda_faers_count,https://api.fda.gov/drug/event.json?search=patient.drug.medicinalproduct%3A%22Xultophy%22&count=patient.reaction.reactionmeddrapt.exact&limit=100
safety_tolerability,patient.reaction.reactionmeddrapt.exact,Xultophy,"FAERS/openFDA spontaneous adverse-event report counts are reporting signals, not incidence or causality.",Xultophy,FATIGUE,26,fda_faers_quarterly,collected_openfda_faers_count,https://api.fda.gov/drug/event.json?search=patient.drug.medicinalproduct%3A%22Xultophy%22&count=patient.reaction.reactionmeddrapt.exact&limit=100
safety_tolerability,patient.reaction.reactionmeddrapt.exact,Xultophy,"FAERS/openFDA spontaneous adverse-event report counts are reporting signals, not incidence or causality.",Xultophy,CONSTIPATION,25,fda_faers_quarterly,collected_openfda_faers_count,https://api.fda.gov/drug/event.json?search=patient.drug.medicinalproduct%3A%22Xultophy%22&count=patient.reaction.reactionmeddrapt.exact&limit=100
safety_tolerability,patient.reaction.reactionmeddrapt.exact,Xultophy,"FAERS/openFDA spontaneous adverse-event report counts are reporting signals, not incidence or causality.",Xultophy,PANCREATIC CARCINOMA,23,fda_faers_quarterly,collected_openfda_faers_count,https://api.fda.gov/drug/event.json?search=patient.drug.medicinalproduct%3A%22Xultophy%22&count=patient.reaction.reactionmeddrapt.exact&limit=100
safety_tolerability,patient.reaction.reactionmeddrapt.exact,Xultophy,"FAERS/openFDA spontaneous adverse-event report counts are reporting signals, not incidence or causality.",Xultophy,DIABETIC KETOACIDOSIS,22,fda_faers_quarterly,collected_openfda_faers_count,https://api.fda.gov/drug/event.json?search=patient.drug.medicinalproduct%3A%22Xultophy%22&count=patient.reaction.reactionmeddrapt.exact&limit=100
safety_tolerability,patient.reaction.reactionmeddrapt.exact,Xultophy,"FAERS/openFDA spontaneous adverse-event report counts are reporting signals, not incidence or causality.",Xultophy,ANAEMIA,21,fda_faers_quarterly,collected_openfda_faers_count,https://api.fda.gov/drug/event.json?search=patient.drug.medicinalproduct%3A%22Xultophy%22&count=patient.reaction.reactionmeddrapt.exact&limit=100
safety_tolerability,patient.reaction.reactionmeddrapt.exact,Xultophy,"FAERS/openFDA spontaneous adverse-event report counts are reporting signals, not incidence or causality.",Xultophy,DEVICE FAILURE,21,fda_faers_quarterly,collected_openfda_faers_count,https://api.fda.gov/drug/event.json?search=patient.drug.medicinalproduct%3A%22Xultophy%22&count=patient.reaction.reactionmeddrapt.exact&limit=100
safety_tolerability,patient.reaction.reactionmeddrapt.exact,Xultophy,"FAERS/openFDA spontaneous adverse-event report counts are reporting signals, not incidence or causality.",Xultophy,HYPERTENSION,21,fda_faers_quarterly,collected_openfda_faers_count,https://api.fda.gov/drug/event.json?search=patient.drug.medicinalproduct%3A%22Xultophy%22&count=patient.reaction.reactionmeddrapt.exact&limit=100
safety_tolerability,patient.reaction.reactionmeddrapt.exact,Xultophy,"FAERS/openFDA spontaneous adverse-event report counts are reporting signals, not incidence or causality.",Xultophy,MALAISE,21,fda_faers_quarterly,collected_openfda_faers_count,https://api.fda.gov/drug/event.json?search=patient.drug.medicinalproduct%3A%22Xultophy%22&count=patient.reaction.reactionmeddrapt.exact&limit=100
safety_tolerability,patient.reaction.reactionmeddrapt.exact,Xultophy,"FAERS/openFDA spontaneous adverse-event report counts are reporting signals, not incidence or causality.",Xultophy,MYOCARDIAL INFARCTION,21,fda_faers_quarterly,collected_openfda_faers_count,https://api.fda.gov/drug/event.json?search=patient.drug.medicinalproduct%3A%22Xultophy%22&count=patient.reaction.reactionmeddrapt.exact&limit=100
safety_tolerability,patient.reaction.reactionmeddrapt.exact,Xultophy,"FAERS/openFDA spontaneous adverse-event report counts are reporting signals, not incidence or causality.",Xultophy,CONDITION AGGRAVATED,20,fda_faers_quarterly,collected_openfda_faers_count,https://api.fda.gov/drug/event.json?search=patient.drug.medicinalproduct%3A%22Xultophy%22&count=patient.reaction.reactionmeddrapt.exact&limit=100
safety_tolerability,patient.reaction.reactionmeddrapt.exact,Xultophy,"FAERS/openFDA spontaneous adverse-event report counts are reporting signals, not incidence or causality.",Xultophy,DRUG INTERACTION,20,fda_faers_quarterly,collected_openfda_faers_count,https://api.fda.gov/drug/event.json?search=patient.drug.medicinalproduct%3A%22Xultophy%22&count=patient.reaction.reactionmeddrapt.exact&limit=100
safety_tolerability,patient.reaction.reactionmeddrapt.exact,Xultophy,"FAERS/openFDA spontaneous adverse-event report counts are reporting signals, not incidence or causality.",Xultophy,PRURITUS,20,fda_faers_quarterly,collected_openfda_faers_count,https://api.fda.gov/drug/event.json?search=patient.drug.medicinalproduct%3A%22Xultophy%22&count=patient.reaction.reactionmeddrapt.exact&limit=100
safety_tolerability,patient.reaction.reactionmeddrapt.exact,Xultophy,"FAERS/openFDA spontaneous adverse-event report counts are reporting signals, not incidence or causality.",Xultophy,PYREXIA,20,fda_faers_quarterly,collected_openfda_faers_count,https://api.fda.gov/drug/event.json?search=patient.drug.medicinalproduct%3A%22Xultophy%22&count=patient.reaction.reactionmeddrapt.exact&limit=100
safety_tolerability,patient.reaction.reactionmeddrapt.exact,Xultophy,"FAERS/openFDA spontaneous adverse-event report counts are reporting signals, not incidence or causality.",Xultophy,URINARY TRACT INFECTION,20,fda_faers_quarterly,collected_openfda_faers_count,https://api.fda.gov/drug/event.json?search=patient.drug.medicinalproduct%3A%22Xultophy%22&count=patient.reaction.reactionmeddrapt.exact&limit=100
safety_tolerability,patient.reaction.reactionmeddrapt.exact,Xultophy,"FAERS/openFDA spontaneous adverse-event report counts are reporting signals, not incidence or causality.",Xultophy,ABDOMINAL DISTENSION,19,fda_faers_quarterly,collected_openfda_faers_count,https://api.fda.gov/drug/event.json?search=patient.drug.medicinalproduct%3A%22Xultophy%22&count=patient.reaction.reactionmeddrapt.exact&limit=100
safety_tolerability,patient.reaction.reactionmeddrapt.exact,Xultophy,"FAERS/openFDA spontaneous adverse-event report counts are reporting signals, not incidence or causality.",Xultophy,ABDOMINAL DISCOMFORT,18,fda_faers_quarterly,collected_openfda_faers_count,https://api.fda.gov/drug/event.json?search=patient.drug.medicinalproduct%3A%22Xultophy%22&count=patient.reaction.reactionmeddrapt.exact&limit=100
safety_tolerability,patient.reaction.reactionmeddrapt.exact,Xultophy,"FAERS/openFDA spontaneous adverse-event report counts are reporting signals, not incidence or causality.",Xultophy,DEATH,18,fda_faers_quarterly,collected_openfda_faers_count,https://api.fda.gov/drug/event.json?search=patient.drug.medicinalproduct%3A%22Xultophy%22&count=patient.reaction.reactionmeddrapt.exact&limit=100
safety_tolerability,patient.reaction.reactionmeddrapt.exact,Xultophy,"FAERS/openFDA spontaneous adverse-event report counts are reporting signals, not incidence or causality.",Xultophy,SYNCOPE,18,fda_faers_quarterly,collected_openfda_faers_count,https://api.fda.gov/drug/event.json?search=patient.drug.medicinalproduct%3A%22Xultophy%22&count=patient.reaction.reactionmeddrapt.exact&limit=100
safety_tolerability,patient.reaction.reactionmeddrapt.exact,Xultophy,"FAERS/openFDA spontaneous adverse-event report counts are reporting signals, not incidence or causality.",Xultophy,WRONG TECHNIQUE IN PRODUCT USAGE PROCESS,18,fda_faers_quarterly,collected_openfda_faers_count,https://api.fda.gov/drug/event.json?search=patient.drug.medicinalproduct%3A%22Xultophy%22&count=patient.reaction.reactionmeddrapt.exact&limit=100
safety_tolerability,patient.reaction.reactionmeddrapt.exact,Xultophy,"FAERS/openFDA spontaneous adverse-event report counts are reporting signals, not incidence or causality.",Xultophy,BACK PAIN,17,fda_faers_quarterly,collected_openfda_faers_count,https://api.fda.gov/drug/event.json?search=patient.drug.medicinalproduct%3A%22Xultophy%22&count=patient.reaction.reactionmeddrapt.exact&limit=100
safety_tolerability,patient.reaction.reactionmeddrapt.exact,Xultophy,"FAERS/openFDA spontaneous adverse-event report counts are reporting signals, not incidence or causality.",Xultophy,CARDIAC FAILURE,17,fda_faers_quarterly,collected_openfda_faers_count,https://api.fda.gov/drug/event.json?search=patient.drug.medicinalproduct%3A%22Xultophy%22&count=patient.reaction.reactionmeddrapt.exact&limit=100
safety_tolerability,patient.reaction.reactionmeddrapt.exact,Xultophy,"FAERS/openFDA spontaneous adverse-event report counts are reporting signals, not incidence or causality.",Xultophy,RASH,17,fda_faers_quarterly,collected_openfda_faers_count,https://api.fda.gov/drug/event.json?search=patient.drug.medicinalproduct%3A%22Xultophy%22&count=patient.reaction.reactionmeddrapt.exact&limit=100
safety_tolerability,patient.reaction.reactionmeddrapt.exact,Xultophy,"FAERS/openFDA spontaneous adverse-event report counts are reporting signals, not incidence or causality.",Xultophy,ABDOMINAL PAIN UPPER,16,fda_faers_quarterly,collected_openfda_faers_count,https://api.fda.gov/drug/event.json?search=patient.drug.medicinalproduct%3A%22Xultophy%22&count=patient.reaction.reactionmeddrapt.exact&limit=100
safety_tolerability,patient.reaction.reactionmeddrapt.exact,Xultophy,"FAERS/openFDA spontaneous adverse-event report counts are reporting signals, not incidence or causality.",Xultophy,GASTROINTESTINAL DISORDER,16,fda_faers_quarterly,collected_openfda_faers_count,https://api.fda.gov/drug/event.json?search=patient.drug.medicinalproduct%3A%22Xultophy%22&count=patient.reaction.reactionmeddrapt.exact&limit=100
safety_tolerability,patient.reaction.reactionmeddrapt.exact,Xultophy,"FAERS/openFDA spontaneous adverse-event report counts are reporting signals, not incidence or causality.",Xultophy,CEREBROVASCULAR ACCIDENT,15,fda_faers_quarterly,collected_openfda_faers_count,https://api.fda.gov/drug/event.json?search=patient.drug.medicinalproduct%3A%22Xultophy%22&count=patient.reaction.reactionmeddrapt.exact&limit=100
safety_tolerability,patient.reaction.reactionmeddrapt.exact,Xultophy,"FAERS/openFDA spontaneous adverse-event report counts are reporting signals, not incidence or causality.",Xultophy,METABOLIC ACIDOSIS,15,fda_faers_quarterly,collected_openfda_faers_count,https://api.fda.gov/drug/event.json?search=patient.drug.medicinalproduct%3A%22Xultophy%22&count=patient.reaction.reactionmeddrapt.exact&limit=100
safety_tolerability,patient.reaction.reactionmeddrapt.exact,Xultophy,"FAERS/openFDA spontaneous adverse-event report counts are reporting signals, not incidence or causality.",Xultophy,PRODUCT STORAGE ERROR,15,fda_faers_quarterly,collected_openfda_faers_count,https://api.fda.gov/drug/event.json?search=patient.drug.medicinalproduct%3A%22Xultophy%22&count=patient.reaction.reactionmeddrapt.exact&limit=100
safety_tolerability,patient.reaction.reactionmeddrapt.exact,Xultophy,"FAERS/openFDA spontaneous adverse-event report counts are reporting signals, not incidence or causality.",Xultophy,SUICIDE ATTEMPT,15,fda_faers_quarterly,collected_openfda_faers_count,https://api.fda.gov/drug/event.json?search=patient.drug.medicinalproduct%3A%22Xultophy%22&count=patient.reaction.reactionmeddrapt.exact&limit=100
safety_tolerability,patient.reaction.reactionmeddrapt.exact,Xultophy,"FAERS/openFDA spontaneous adverse-event report counts are reporting signals, not incidence or causality.",Xultophy,THROMBOCYTOPENIA,15,fda_faers_quarterly,collected_openfda_faers_count,https://api.fda.gov/drug/event.json?search=patient.drug.medicinalproduct%3A%22Xultophy%22&count=patient.reaction.reactionmeddrapt.exact&limit=100
safety_tolerability,patient.reaction.reactionmeddrapt.exact,Xultophy,"FAERS/openFDA spontaneous adverse-event report counts are reporting signals, not incidence or causality.",Xultophy,WEIGHT INCREASED,15,fda_faers_quarterly,collected_openfda_faers_count,https://api.fda.gov/drug/event.json?search=patient.drug.medicinalproduct%3A%22Xultophy%22&count=patient.reaction.reactionmeddrapt.exact&limit=100
safety_tolerability,patient.reaction.reactionmeddrapt.exact,Xultophy,"FAERS/openFDA spontaneous adverse-event report counts are reporting signals, not incidence or causality.",Xultophy,DIABETIC METABOLIC DECOMPENSATION,14,fda_faers_quarterly,collected_openfda_faers_count,https://api.fda.gov/drug/event.json?search=patient.drug.medicinalproduct%3A%22Xultophy%22&count=patient.reaction.reactionmeddrapt.exact&limit=100
safety_tolerability,patient.reaction.reactionmeddrapt.exact,Xultophy,"FAERS/openFDA spontaneous adverse-event report counts are reporting signals, not incidence or causality.",Xultophy,INJECTION SITE PAIN,14,fda_faers_quarterly,collected_openfda_faers_count,https://api.fda.gov/drug/event.json?search=patient.drug.medicinalproduct%3A%22Xultophy%22&count=patient.reaction.reactionmeddrapt.exact&limit=100
safety_tolerability,patient.reaction.reactionmeddrapt.exact,Xultophy,"FAERS/openFDA spontaneous adverse-event report counts are reporting signals, not incidence or causality.",Xultophy,ANXIETY,13,fda_faers_quarterly,collected_openfda_faers_count,https://api.fda.gov/drug/event.json?search=patient.drug.medicinalproduct%3A%22Xultophy%22&count=patient.reaction.reactionmeddrapt.exact&limit=100
safety_tolerability,patient.reaction.reactionmeddrapt.exact,Xultophy,"FAERS/openFDA spontaneous adverse-event report counts are reporting signals, not incidence or causality.",Xultophy,ARTHRALGIA,13,fda_faers_quarterly,collected_openfda_faers_count,https://api.fda.gov/drug/event.json?search=patient.drug.medicinalproduct%3A%22Xultophy%22&count=patient.reaction.reactionmeddrapt.exact&limit=100
safety_tolerability,patient.reaction.reactionmeddrapt.exact,Xultophy,"FAERS/openFDA spontaneous adverse-event report counts are reporting signals, not incidence or causality.",Xultophy,CHRONIC KIDNEY DISEASE,13,fda_faers_quarterly,collected_openfda_faers_count,https://api.fda.gov/drug/event.json?search=patient.drug.medicinalproduct%3A%22Xultophy%22&count=patient.reaction.reactionmeddrapt.exact&limit=100
safety_tolerability,patient.reaction.reactionmeddrapt.exact,Xultophy,"FAERS/openFDA spontaneous adverse-event report counts are reporting signals, not incidence or causality.",Xultophy,LOSS OF CONSCIOUSNESS,13,fda_faers_quarterly,collected_openfda_faers_count,https://api.fda.gov/drug/event.json?search=patient.drug.medicinalproduct%3A%22Xultophy%22&count=patient.reaction.reactionmeddrapt.exact&limit=100
safety_tolerability,patient.reaction.reactionmeddrapt.exact,Xultophy,"FAERS/openFDA spontaneous adverse-event report counts are reporting signals, not incidence or causality.",Xultophy,RENAL FAILURE,13,fda_faers_quarterly,collected_openfda_faers_count,https://api.fda.gov/drug/event.json?search=patient.drug.medicinalproduct%3A%22Xultophy%22&count=patient.reaction.reactionmeddrapt.exact&limit=100
safety_tolerability,patient.reaction.reactionmeddrapt.exact,Xultophy,"FAERS/openFDA spontaneous adverse-event report counts are reporting signals, not incidence or causality.",Xultophy,TREMOR,13,fda_faers_quarterly,collected_openfda_faers_count,https://api.fda.gov/drug/event.json?search=patient.drug.medicinalproduct%3A%22Xultophy%22&count=patient.reaction.reactionmeddrapt.exact&limit=100
safety_tolerability,patient.reaction.reactionmeddrapt.exact,Xultophy,"FAERS/openFDA spontaneous adverse-event report counts are reporting signals, not incidence or causality.",Xultophy,ACUTE CORONARY SYNDROME,12,fda_faers_quarterly,collected_openfda_faers_count,https://api.fda.gov/drug/event.json?search=patient.drug.medicinalproduct%3A%22Xultophy%22&count=patient.reaction.reactionmeddrapt.exact&limit=100
safety_tolerability,patient.reaction.reactionmeddrapt.exact,Xultophy,"FAERS/openFDA spontaneous adverse-event report counts are reporting signals, not incidence or causality.",Xultophy,APHASIA,12,fda_faers_quarterly,collected_openfda_faers_count,https://api.fda.gov/drug/event.json?search=patient.drug.medicinalproduct%3A%22Xultophy%22&count=patient.reaction.reactionmeddrapt.exact&limit=100
safety_tolerability,patient.reaction.reactionmeddrapt.exact,Xultophy,"FAERS/openFDA spontaneous adverse-event report counts are reporting signals, not incidence or causality.",Xultophy,ATRIAL FIBRILLATION,12,fda_faers_quarterly,collected_openfda_faers_count,https://api.fda.gov/drug/event.json?search=patient.drug.medicinalproduct%3A%22Xultophy%22&count=patient.reaction.reactionmeddrapt.exact&limit=100
safety_tolerability,patient.reaction.reactionmeddrapt.exact,Xultophy,"FAERS/openFDA spontaneous adverse-event report counts are reporting signals, not incidence or causality.",Xultophy,BLOOD GLUCOSE ABNORMAL,12,fda_faers_quarterly,collected_openfda_faers_count,https://api.fda.gov/drug/event.json?search=patient.drug.medicinalproduct%3A%22Xultophy%22&count=patient.reaction.reactionmeddrapt.exact&limit=100
safety_tolerability,patient.reaction.reactionmeddrapt.exact,Xultophy,"FAERS/openFDA spontaneous adverse-event report counts are reporting signals, not incidence or causality.",Xultophy,CONFUSIONAL STATE,12,fda_faers_quarterly,collected_openfda_faers_count,https://api.fda.gov/drug/event.json?search=patient.drug.medicinalproduct%3A%22Xultophy%22&count=patient.reaction.reactionmeddrapt.exact&limit=100
safety_tolerability,patient.reaction.reactionmeddrapt.exact,Xultophy,"FAERS/openFDA spontaneous adverse-event report counts are reporting signals, not incidence or causality.",Xultophy,DEVICE LEAKAGE,12,fda_faers_quarterly,collected_openfda_faers_count,https://api.fda.gov/drug/event.json?search=patient.drug.medicinalproduct%3A%22Xultophy%22&count=patient.reaction.reactionmeddrapt.exact&limit=100
safety_tolerability,patient.reaction.reactionmeddrapt.exact,Xultophy,"FAERS/openFDA spontaneous adverse-event report counts are reporting signals, not incidence or causality.",Xultophy,HYPERHIDROSIS,12,fda_faers_quarterly,collected_openfda_faers_count,https://api.fda.gov/drug/event.json?search=patient.drug.medicinalproduct%3A%22Xultophy%22&count=patient.reaction.reactionmeddrapt.exact&limit=100
safety_tolerability,patient.reaction.reactionmeddrapt.exact,Xultophy,"FAERS/openFDA spontaneous adverse-event report counts are reporting signals, not incidence or causality.",Xultophy,PAIN IN EXTREMITY,12,fda_faers_quarterly,collected_openfda_faers_count,https://api.fda.gov/drug/event.json?search=patient.drug.medicinalproduct%3A%22Xultophy%22&count=patient.reaction.reactionmeddrapt.exact&limit=100
safety_tolerability,patient.reaction.reactionmeddrapt.exact,Xultophy,"FAERS/openFDA spontaneous adverse-event report counts are reporting signals, not incidence or causality.",Xultophy,PERIPHERAL SWELLING,12,fda_faers_quarterly,collected_openfda_faers_count,https://api.fda.gov/drug/event.json?search=patient.drug.medicinalproduct%3A%22Xultophy%22&count=patient.reaction.reactionmeddrapt.exact&limit=100
safety_tolerability,patient.reaction.reactionmeddrapt.exact,Xultophy,"FAERS/openFDA spontaneous adverse-event report counts are reporting signals, not incidence or causality.",Xultophy,BLOOD GLUCOSE FLUCTUATION,11,fda_faers_quarterly,collected_openfda_faers_count,https://api.fda.gov/drug/event.json?search=patient.drug.medicinalproduct%3A%22Xultophy%22&count=patient.reaction.reactionmeddrapt.exact&limit=100
safety_tolerability,patient.reaction.reactionmeddrapt.exact,Xultophy,"FAERS/openFDA spontaneous adverse-event report counts are reporting signals, not incidence or causality.",Xultophy,BLOOD PRESSURE INCREASED,11,fda_faers_quarterly,collected_openfda_faers_count,https://api.fda.gov/drug/event.json?search=patient.drug.medicinalproduct%3A%22Xultophy%22&count=patient.reaction.reactionmeddrapt.exact&limit=100
safety_tolerability,patient.reaction.reactionmeddrapt.exact,Xultophy,"FAERS/openFDA spontaneous adverse-event report counts are reporting signals, not incidence or causality.",Xultophy,FEELING ABNORMAL,11,fda_faers_quarterly,collected_openfda_faers_count,https://api.fda.gov/drug/event.json?search=patient.drug.medicinalproduct%3A%22Xultophy%22&count=patient.reaction.reactionmeddrapt.exact&limit=100
safety_tolerability,patient.reaction.reactionmeddrapt.exact,Xultophy,"FAERS/openFDA spontaneous adverse-event report counts are reporting signals, not incidence or causality.",Xultophy,HYPOAESTHESIA,11,fda_faers_quarterly,collected_openfda_faers_count,https://api.fda.gov/drug/event.json?search=patient.drug.medicinalproduct%3A%22Xultophy%22&count=patient.reaction.reactionmeddrapt.exact&limit=100
safety_tolerability,patient.reaction.reactionmeddrapt.exact,Xultophy,"FAERS/openFDA spontaneous adverse-event report counts are reporting signals, not incidence or causality.",Xultophy,HYPOTENSION,11,fda_faers_quarterly,collected_openfda_faers_count,https://api.fda.gov/drug/event.json?search=patient.drug.medicinalproduct%3A%22Xultophy%22&count=patient.reaction.reactionmeddrapt.exact&limit=100
safety_tolerability,patient.reaction.reactionmeddrapt.exact,Xultophy,"FAERS/openFDA spontaneous adverse-event report counts are reporting signals, not incidence or causality.",Xultophy,NEPHROLITHIASIS,11,fda_faers_quarterly,collected_openfda_faers_count,https://api.fda.gov/drug/event.json?search=patient.drug.medicinalproduct%3A%22Xultophy%22&count=patient.reaction.reactionmeddrapt.exact&limit=100
safety_tolerability,patient.reaction.reactionmeddrapt.exact,Xultophy,"FAERS/openFDA spontaneous adverse-event report counts are reporting signals, not incidence or causality.",Xultophy,PAIN,11,fda_faers_quarterly,collected_openfda_faers_count,https://api.fda.gov/drug/event.json?search=patient.drug.medicinalproduct%3A%22Xultophy%22&count=patient.reaction.reactionmeddrapt.exact&limit=100
safety_tolerability,patient.reaction.reactionmeddrapt.exact,Xultophy,"FAERS/openFDA spontaneous adverse-event report counts are reporting signals, not incidence or causality.",Xultophy,PRODUCT DOSE OMISSION ISSUE,11,fda_faers_quarterly,collected_openfda_faers_count,https://api.fda.gov/drug/event.json?search=patient.drug.medicinalproduct%3A%22Xultophy%22&count=patient.reaction.reactionmeddrapt.exact&limit=100
safety_tolerability,patient.reaction.reactionmeddrapt.exact,Xultophy,"FAERS/openFDA spontaneous adverse-event report counts are reporting signals, not incidence or causality.",Xultophy,VISUAL IMPAIRMENT,11,fda_faers_quarterly,collected_openfda_faers_count,https://api.fda.gov/drug/event.json?search=patient.drug.medicinalproduct%3A%22Xultophy%22&count=patient.reaction.reactionmeddrapt.exact&limit=100
safety_tolerability,patient.reaction.reactionmeddrapt.exact,Xultophy,"FAERS/openFDA spontaneous adverse-event report counts are reporting signals, not incidence or causality.",Xultophy,CARDIAC ARREST,10,fda_faers_quarterly,collected_openfda_faers_count,https://api.fda.gov/drug/event.json?search=patient.drug.medicinalproduct%3A%22Xultophy%22&count=patient.reaction.reactionmeddrapt.exact&limit=100
safety_tolerability,patient.reaction.reactionmeddrapt.exact,Xultophy,"FAERS/openFDA spontaneous adverse-event report counts are reporting signals, not incidence or causality.",Xultophy,CHEST PAIN,10,fda_faers_quarterly,collected_openfda_faers_count,https://api.fda.gov/drug/event.json?search=patient.drug.medicinalproduct%3A%22Xultophy%22&count=patient.reaction.reactionmeddrapt.exact&limit=100
safety_tolerability,patient.reaction.reactionmeddrapt.exact,Xultophy,"FAERS/openFDA spontaneous adverse-event report counts are reporting signals, not incidence or causality.",Xultophy,COUGH,10,fda_faers_quarterly,collected_openfda_faers_count,https://api.fda.gov/drug/event.json?search=patient.drug.medicinalproduct%3A%22Xultophy%22&count=patient.reaction.reactionmeddrapt.exact&limit=100
safety_tolerability,patient.reaction.reactionmeddrapt.exact,Xultophy,"FAERS/openFDA spontaneous adverse-event report counts are reporting signals, not incidence or causality.",Xultophy,DEVICE LOOSENING,10,fda_faers_quarterly,collected_openfda_faers_count,https://api.fda.gov/drug/event.json?search=patient.drug.medicinalproduct%3A%22Xultophy%22&count=patient.reaction.reactionmeddrapt.exact&limit=100
safety_tolerability,patient.reaction.reactionmeddrapt.exact,Xultophy,"FAERS/openFDA spontaneous adverse-event report counts are reporting signals, not incidence or causality.",Xultophy,DEVICE MALFUNCTION,10,fda_faers_quarterly,collected_openfda_faers_count,https://api.fda.gov/drug/event.json?search=patient.drug.medicinalproduct%3A%22Xultophy%22&count=patient.reaction.reactionmeddrapt.exact&limit=100
safety_tolerability,patient.reaction.reactionmeddrapt.exact,Xultophy,"FAERS/openFDA spontaneous adverse-event report counts are reporting signals, not incidence or causality.",Xultophy,DISTURBANCE IN ATTENTION,10,fda_faers_quarterly,collected_openfda_faers_count,https://api.fda.gov/drug/event.json?search=patient.drug.medicinalproduct%3A%22Xultophy%22&count=patient.reaction.reactionmeddrapt.exact&limit=100
safety_tolerability,patient.reaction.reactionmeddrapt.exact,Xultophy,"FAERS/openFDA spontaneous adverse-event report counts are reporting signals, not incidence or causality.",Xultophy,GAIT DISTURBANCE,10,fda_faers_quarterly,collected_openfda_faers_count,https://api.fda.gov/drug/event.json?search=patient.drug.medicinalproduct%3A%22Xultophy%22&count=patient.reaction.reactionmeddrapt.exact&limit=100
safety_tolerability,patient.reaction.reactionmeddrapt.exact,Xultophy,"FAERS/openFDA spontaneous adverse-event report counts are reporting signals, not incidence or causality.",Xultophy,HYPERPHOSPHATAEMIA,10,fda_faers_quarterly,collected_openfda_faers_count,https://api.fda.gov/drug/event.json?search=patient.drug.medicinalproduct%3A%22Xultophy%22&count=patient.reaction.reactionmeddrapt.exact&limit=100
safety_tolerability,patient.reaction.reactionmeddrapt.exact,Xultophy,"FAERS/openFDA spontaneous adverse-event report counts are reporting signals, not incidence or causality.",Xultophy,INFLUENZA,10,fda_faers_quarterly,collected_openfda_faers_count,https://api.fda.gov/drug/event.json?search=patient.drug.medicinalproduct%3A%22Xultophy%22&count=patient.reaction.reactionmeddrapt.exact&limit=100
safety_tolerability,patient.reaction.reactionmeddrapt.exact,Xultophy,"FAERS/openFDA spontaneous adverse-event report counts are reporting signals, not incidence or causality.",Xultophy,INSOMNIA,10,fda_faers_quarterly,collected_openfda_faers_count,https://api.fda.gov/drug/event.json?search=patient.drug.medicinalproduct%3A%22Xultophy%22&count=patient.reaction.reactionmeddrapt.exact&limit=100
safety_tolerability,patient.reaction.reactionmeddrapt.exact,Xultophy,"FAERS/openFDA spontaneous adverse-event report counts are reporting signals, not incidence or causality.",Xultophy,PRODUCT QUALITY ISSUE,10,fda_faers_quarterly,collected_openfda_faers_count,https://api.fda.gov/drug/event.json?search=patient.drug.medicinalproduct%3A%22Xultophy%22&count=patient.reaction.reactionmeddrapt.exact&limit=100
safety_tolerability,patient.reaction.reactionmeddrapt.exact,Xultophy,"FAERS/openFDA spontaneous adverse-event report counts are reporting signals, not incidence or causality.",Xultophy,ACUTE MYOCARDIAL INFARCTION,9,fda_faers_quarterly,collected_openfda_faers_count,https://api.fda.gov/drug/event.json?search=patient.drug.medicinalproduct%3A%22Xultophy%22&count=patient.reaction.reactionmeddrapt.exact&limit=100
safety_tolerability,patient.reaction.reactionmeddrapt.exact,Xultophy,"FAERS/openFDA spontaneous adverse-event report counts are reporting signals, not incidence or causality.",Xultophy,DYSPEPSIA,9,fda_faers_quarterly,collected_openfda_faers_count,https://api.fda.gov/drug/event.json?search=patient.drug.medicinalproduct%3A%22Xultophy%22&count=patient.reaction.reactionmeddrapt.exact&limit=100
safety_tolerability,patient.reaction.reactionmeddrapt.exact,Xultophy,"FAERS/openFDA spontaneous adverse-event report counts are reporting signals, not incidence or causality.",Xultophy,ILLNESS,9,fda_faers_quarterly,collected_openfda_faers_count,https://api.fda.gov/drug/event.json?search=patient.drug.medicinalproduct%3A%22Xultophy%22&count=patient.reaction.reactionmeddrapt.exact&limit=100
safety_tolerability,patient.reaction.reactionmeddrapt.exact,Xultophy,"FAERS/openFDA spontaneous adverse-event report counts are reporting signals, not incidence or causality.",Xultophy,INCORRECT DOSE ADMINISTERED BY DEVICE,9,fda_faers_quarterly,collected_openfda_faers_count,https://api.fda.gov/drug/event.json?search=patient.drug.medicinalproduct%3A%22Xultophy%22&count=patient.reaction.reactionmeddrapt.exact&limit=100
safety_tolerability,patient.reaction.reactionmeddrapt.exact,Xultophy,"FAERS/openFDA spontaneous adverse-event report counts are reporting signals, not incidence or causality.",Xultophy,MUSCLE SPASMS,9,fda_faers_quarterly,collected_openfda_faers_count,https://api.fda.gov/drug/event.json?search=patient.drug.medicinalproduct%3A%22Xultophy%22&count=patient.reaction.reactionmeddrapt.exact&limit=100
safety_tolerability,patient.reaction.reactionmeddrapt.exact,Xultophy,"FAERS/openFDA spontaneous adverse-event report counts are reporting signals, not incidence or causality.",Xultophy,OEDEMA PERIPHERAL,9,fda_faers_quarterly,collected_openfda_faers_count,https://api.fda.gov/drug/event.json?search=patient.drug.medicinalproduct%3A%22Xultophy%22&count=patient.reaction.reactionmeddrapt.exact&limit=100
