accession_number,category,cik,company,filing_date,filing_text_bytes,filing_text_matched_terms,filing_text_sha256,filing_text_snippet,form,matched_dictionary_terms,primary_document,report_date,source_id,source_status,ticker,url
0001193125-26-232707,company_disclosures,0000059478,Eli Lilly,2026-05-20,53650,Eli Lilly,24dba5b2a8812b5a44001f8ce15415860f7e91b58a9df82a70e60b42f46fdf8e,8-K ELI LILLY & Co false 0000059478 0000059478 2026-05-20 2026-05-20 0000059478 us-gaap:CommonClassAMember 2026-05-20 2026-05-20 0000059478 lly:A1.625NotesDueJune22026Member 2026-05-20 2026-05-20 0000059478 lly:A2.125NotesDueJune3203,8-K,Eli Lilly,d148580d8k.htm,2026-05-20,sec_edgar_submissions,collected_with_text,LLY,https://www.sec.gov/Archives/edgar/data/59478/000119312526232707/d148580d8k.htm
0000059478-26-000048,company_disclosures,0000059478,Eli Lilly,2026-05-07,66908,Eli Lilly,580add23de0794394d1ca5e391a6b234bb6ceda2f67d64e2738fc8b5858e59a5,"ATES SECURITIES AND EXCHANGE COMMISSION Washington, D.C. 20549 FORM 8-K CURRENT REPORT Pursuant to Section 13 or 15(d) of the Securities Exchange Act of 1934 Date of Report (Date of Earliest Event Reported): May 4, 2026 ELI LILLY AND COMPANY (Exact Name of Registrant as Specified in its Charter) Indiana 001-06351 35-0470950 (State or Other Jurisdiction of Incorporation) (Commission File Number) (I.R.S. Employer Identification No.) Lilly Corporat",8-K,Eli Lilly,lly-20260504.htm,2026-05-04,sec_edgar_submissions,collected_with_text,LLY,https://www.sec.gov/Archives/edgar/data/59478/000005947826000048/lly-20260504.htm
0000059478-26-000045,company_disclosures,0000059478,Eli Lilly,2026-04-30,885445,Eli Lilly; Mounjaro; Novo Nordisk; Orforglipron; Retatrutide; Trulicity; Zepbound; orforglipron; retatrutide; tirzepatide,605a1ea623da2a88ed075f2f03c43aac118ff73ec732f6738812cfbb3105132a," EXCHANGE COMMISSION Washington, D.C. 20549 Form 10-Q Quarterly Report Pursuant to Section 13 or 15(d) of the Securities Exchange Act of 1934 For the quarterly period ended March 31, 2026 COMMISSION FILE NUMBER 001-6351 ELI LILLY AND COMPANY (Exact name of Registrant as specified in its charter) Indiana 35-0470950 (State or other jurisdiction of (I.R.S. Employer incorporation or organization) Identification No.) Lilly Corporate Center , Indianap",10-Q,Eli Lilly; Mounjaro; Novo Nordisk; Orforglipron; Retatrutide; Trulicity; Zepbound; orforglipron; retatrutide; tirzepatide,lly-20260331.htm,2026-03-31,sec_edgar_submissions,collected_with_text,LLY,https://www.sec.gov/Archives/edgar/data/59478/000005947826000045/lly-20260331.htm
0000059478-26-000043,company_disclosures,0000059478,Eli Lilly,2026-04-30,48756,Eli Lilly,4db1a14dd6e0f72a0ac9bc8d2bbd7760b3572e88851f17a14062486173ae9eb1,"S SECURITIES AND EXCHANGE COMMISSION Washington, D.C. 20549 FORM 8-K CURRENT REPORT Pursuant to Section 13 or 15(d) of the Securities Exchange Act of 1934 Date of Report (Date of Earliest Event Reported): April 30, 2026 ELI LILLY AND COMPANY (Exact Name of Registrant as Specified in its Charter) Indiana 001-06351 35-0470950 (State or Other Jurisdiction of Incorporation) (Commission File Number) (I.R.S. Employer Identification No.) Lilly Corporat",8-K,Eli Lilly,lly-20260430.htm,2026-04-30,sec_edgar_submissions,collected_with_text,LLY,https://www.sec.gov/Archives/edgar/data/59478/000005947826000043/lly-20260430.htm
0000059478-26-000013,company_disclosures,0000059478,Eli Lilly,2026-02-12,2370324,Amgen; Eli Lilly; Mounjaro; Novo Nordisk; Orforglipron; Pfizer; Retatrutide; Trulicity; Zepbound; orforglipron; retatrutide; tirzepatide,25a16f99d403ff21a3164f79592e73f2276c6858bb5cc9b6a7431afb23499458,"for this graph to align with the peer group used for executive compensation purposes for 2025. The 2025 peer group is comprised of the following companies in the pharmaceutical and biotechnology industries: AbbVie Inc.; Amgen Inc.; AstraZeneca PLC; Bristol-Myers Squibb Company; Gilead Sciences Inc.; GlaxoSmithKline plc; Johnson & Johnson; Medtronic plc; Merck & Co., Inc.; Novartis AG; Pfizer Inc.; Roche Holding AG; Sanofi S.A.; and Stryker C",10-K,Amgen; Eli Lilly; Mounjaro; Novo Nordisk; Orforglipron; Pfizer; Retatrutide; Trulicity; Zepbound; orforglipron; retatrutide; tirzepatide,lly-20251231.htm,2025-12-31,sec_edgar_submissions,collected_with_text,LLY,https://www.sec.gov/Archives/edgar/data/59478/000005947826000013/lly-20251231.htm
0000059478-26-000008,company_disclosures,0000059478,Eli Lilly,2026-02-04,49177,Eli Lilly,db9bcf951a85fb0d7c1f2ea93db62b50b8e945eee8906dcdb3c8288bec651739,"SECURITIES AND EXCHANGE COMMISSION Washington, D.C. 20549 FORM 8-K CURRENT REPORT Pursuant to Section 13 or 15(d) of the Securities Exchange Act of 1934 Date of Report (Date of Earliest Event Reported): February 4, 2026 ELI LILLY AND COMPANY (Exact Name of Registrant as Specified in its Charter) Indiana 001-06351 35-0470950 (State or Other Jurisdiction of Incorporation) (Commission File Number) (I.R.S. Employer Identification No.) Lilly Corporat",8-K,Eli Lilly,lly-20260204.htm,2026-02-04,sec_edgar_submissions,collected_with_text,LLY,https://www.sec.gov/Archives/edgar/data/59478/000005947826000008/lly-20260204.htm
0000059478-25-000271,company_disclosures,0000059478,Eli Lilly,2025-11-21,48667,Eli Lilly,9ca191f01192aa4b42af8fabd0f6a06cf164fc5c095857c3cb4a23a0ab828d8c,"ECURITIES AND EXCHANGE COMMISSION Washington, D.C. 20549 FORM 8-K CURRENT REPORT Pursuant to Section 13 or 15(d) of the Securities Exchange Act of 1934 Date of Report (Date of Earliest Event Reported): November 18, 2025 ELI LILLY AND COMPANY (Exact Name of Registrant as Specified in its Charter) Indiana 001-06351 35-0470950 (State or Other Jurisdiction of Incorporation) (Commission File Number) (I.R.S. Employer Identification No.) Lilly Corporat",8-K,Eli Lilly,lly-20251118.htm,2025-11-18,sec_edgar_submissions,collected_with_text,LLY,https://www.sec.gov/Archives/edgar/data/59478/000005947825000271/lly-20251118.htm
0000059478-25-000254,company_disclosures,0000059478,Eli Lilly,2025-10-30,1778973,Eli Lilly; Mounjaro; Novo Nordisk; Orforglipron; Retatrutide; Trulicity; Zepbound; orforglipron; retatrutide; tirzepatide,d0470661c0c026152f770ffa0d4a01214cacbcf9fd9602a5600fe13499f4c5ea,"HANGE COMMISSION Washington, D.C. 20549 Form 10-Q Quarterly Report Pursuant to Section 13 or 15(d) of the Securities Exchange Act of 1934 For the quarterly period ended September 30, 2025 COMMISSION FILE NUMBER 001-6351 ELI LILLY AND COMPANY (Exact name of Registrant as specified in its charter) Indiana 35-0470950 (State or other jurisdiction of (I.R.S. Employer incorporation or organization) Identification No.) Lilly Corporate Center , Indianap",10-Q,Eli Lilly; Mounjaro; Novo Nordisk; Orforglipron; Retatrutide; Trulicity; Zepbound; orforglipron; retatrutide; tirzepatide,lly-20250930.htm,2025-09-30,sec_edgar_submissions,collected_with_text,LLY,https://www.sec.gov/Archives/edgar/data/59478/000005947825000254/lly-20250930.htm
0000059478-25-000251,company_disclosures,0000059478,Eli Lilly,2025-10-30,,,,,8-K,Eli Lilly,lly-20251030.htm,2025-10-30,sec_edgar_submissions,collected_metadata,LLY,https://www.sec.gov/Archives/edgar/data/59478/000005947825000251/lly-20251030.htm
0001193125-25-184093,company_disclosures,0000059478,Eli Lilly,2025-08-20,,,,,8-K,Eli Lilly,d929636d8k.htm,2025-08-18,sec_edgar_submissions,collected_metadata,LLY,https://www.sec.gov/Archives/edgar/data/59478/000119312525184093/d929636d8k.htm
0000059478-25-000204,company_disclosures,0000059478,Eli Lilly,2025-08-07,,,,,10-Q,Eli Lilly,lly-20250630.htm,2025-06-30,sec_edgar_submissions,collected_metadata,LLY,https://www.sec.gov/Archives/edgar/data/59478/000005947825000204/lly-20250630.htm
0000059478-25-000202,company_disclosures,0000059478,Eli Lilly,2025-08-07,,,,,8-K,Eli Lilly,lly-20250807.htm,2025-08-07,sec_edgar_submissions,collected_metadata,LLY,https://www.sec.gov/Archives/edgar/data/59478/000005947825000202/lly-20250807.htm
0000059478-25-000138,company_disclosures,0000059478,Eli Lilly,2025-05-08,,,,,8-K,Eli Lilly,lly-20250505.htm,2025-05-05,sec_edgar_submissions,collected_metadata,LLY,https://www.sec.gov/Archives/edgar/data/59478/000005947825000138/lly-20250505.htm
0000059478-25-000132,company_disclosures,0000059478,Eli Lilly,2025-05-01,,,,,10-Q,Eli Lilly,lly-20250331.htm,2025-03-31,sec_edgar_submissions,collected_metadata,LLY,https://www.sec.gov/Archives/edgar/data/59478/000005947825000132/lly-20250331.htm
0000059478-25-000129,company_disclosures,0000059478,Eli Lilly,2025-05-01,,,,,8-K,Eli Lilly,lly-20250501.htm,2025-05-01,sec_edgar_submissions,collected_metadata,LLY,https://www.sec.gov/Archives/edgar/data/59478/000005947825000129/lly-20250501.htm
0000059478-25-000067,company_disclosures,0000059478,Eli Lilly,2025-02-19,,,,,10-K,Eli Lilly,lly-20241231.htm,2024-12-31,sec_edgar_submissions,collected_metadata,LLY,https://www.sec.gov/Archives/edgar/data/59478/000005947825000067/lly-20241231.htm
0001193125-25-025057,company_disclosures,0000059478,Eli Lilly,2025-02-12,,,,,8-K,Eli Lilly,d868986d8k.htm,2025-02-10,sec_edgar_submissions,collected_metadata,LLY,https://www.sec.gov/Archives/edgar/data/59478/000119312525025057/d868986d8k.htm
0000059478-25-000037,company_disclosures,0000059478,Eli Lilly,2025-02-06,,,,,8-K,Eli Lilly,lly-20250206.htm,2025-02-06,sec_edgar_submissions,collected_metadata,LLY,https://www.sec.gov/Archives/edgar/data/59478/000005947825000037/lly-20250206.htm
0000059478-25-000005,company_disclosures,0000059478,Eli Lilly,2025-01-14,,,,,8-K,Eli Lilly,lly-20250114.htm,2025-01-14,sec_edgar_submissions,collected_metadata,LLY,https://www.sec.gov/Archives/edgar/data/59478/000005947825000005/lly-20250114.htm
0000059478-24-000258,company_disclosures,0000059478,Eli Lilly,2024-11-19,,,,,8-K,Eli Lilly,lly-20241119.htm,2024-11-19,sec_edgar_submissions,collected_metadata,LLY,https://www.sec.gov/Archives/edgar/data/59478/000005947824000258/lly-20241119.htm
0000059478-24-000245,company_disclosures,0000059478,Eli Lilly,2024-10-30,,,,,10-Q,Eli Lilly,lly-20240930.htm,2024-09-30,sec_edgar_submissions,collected_metadata,LLY,https://www.sec.gov/Archives/edgar/data/59478/000005947824000245/lly-20240930.htm
0000059478-24-000242,company_disclosures,0000059478,Eli Lilly,2024-10-30,,,,,8-K,Eli Lilly,lly-20241030.htm,2024-10-30,sec_edgar_submissions,collected_metadata,LLY,https://www.sec.gov/Archives/edgar/data/59478/000005947824000242/lly-20241030.htm
0000059478-24-000213,company_disclosures,0000059478,Eli Lilly,2024-09-09,,,,,8-K,Eli Lilly,lly-20240905.htm,2024-09-05,sec_edgar_submissions,collected_metadata,LLY,https://www.sec.gov/Archives/edgar/data/59478/000005947824000213/lly-20240905.htm
0000059478-24-000196,company_disclosures,0000059478,Eli Lilly,2024-08-16,,,,,8-K,Eli Lilly,lly-20240813.htm,2024-08-13,sec_edgar_submissions,collected_metadata,LLY,https://www.sec.gov/Archives/edgar/data/59478/000005947824000196/lly-20240813.htm
0001193125-24-200435,company_disclosures,0000059478,Eli Lilly,2024-08-14,,,,,8-K,Eli Lilly,d876011d8k.htm,2024-08-12,sec_edgar_submissions,collected_metadata,LLY,https://www.sec.gov/Archives/edgar/data/59478/000119312524200435/d876011d8k.htm
0000059478-24-000187,company_disclosures,0000059478,Eli Lilly,2024-08-08,,,,,10-Q,Eli Lilly,lly-20240630.htm,2024-06-30,sec_edgar_submissions,collected_metadata,LLY,https://www.sec.gov/Archives/edgar/data/59478/000005947824000187/lly-20240630.htm
0000059478-24-000185,company_disclosures,0000059478,Eli Lilly,2024-08-08,,,,,8-K,Eli Lilly,lly-20240808.htm,2024-08-08,sec_edgar_submissions,collected_metadata,LLY,https://www.sec.gov/Archives/edgar/data/59478/000005947824000185/lly-20240808.htm
0000059478-24-000164,company_disclosures,0000059478,Eli Lilly,2024-07-10,,,,,8-K,Eli Lilly,lly-20240705.htm,2024-07-05,sec_edgar_submissions,collected_metadata,LLY,https://www.sec.gov/Archives/edgar/data/59478/000005947824000164/lly-20240705.htm
0000059478-24-000146,company_disclosures,0000059478,Eli Lilly,2024-06-05,,,,,8-K,Eli Lilly,lly-20240602.htm,2024-06-02,sec_edgar_submissions,collected_metadata,LLY,https://www.sec.gov/Archives/edgar/data/59478/000005947824000146/lly-20240602.htm
0000059478-24-000127,company_disclosures,0000059478,Eli Lilly,2024-05-09,,,,,8-K,Eli Lilly,lly-20240506.htm,2024-05-06,sec_edgar_submissions,collected_metadata,LLY,https://www.sec.gov/Archives/edgar/data/59478/000005947824000127/lly-20240506.htm
0000059478-24-000118,company_disclosures,0000059478,Eli Lilly,2024-04-30,,,,,10-Q,Eli Lilly,lly-20240331.htm,2024-03-31,sec_edgar_submissions,collected_metadata,LLY,https://www.sec.gov/Archives/edgar/data/59478/000005947824000118/lly-20240331.htm
0000059478-24-000116,company_disclosures,0000059478,Eli Lilly,2024-04-30,,,,,8-K,Eli Lilly,lly-20240430.htm,2024-04-30,sec_edgar_submissions,collected_metadata,LLY,https://www.sec.gov/Archives/edgar/data/59478/000005947824000116/lly-20240430.htm
0000059478-24-000065,company_disclosures,0000059478,Eli Lilly,2024-02-21,,,,,10-K,Eli Lilly,lly-20231231.htm,2023-12-31,sec_edgar_submissions,collected_metadata,LLY,https://www.sec.gov/Archives/edgar/data/59478/000005947824000065/lly-20231231.htm
0001193125-24-029551,company_disclosures,0000059478,Eli Lilly,2024-02-09,,,,,8-K,Eli Lilly,d728700d8k.htm,2024-02-07,sec_edgar_submissions,collected_metadata,LLY,https://www.sec.gov/Archives/edgar/data/59478/000119312524029551/d728700d8k.htm
0000059478-24-000032,company_disclosures,0000059478,Eli Lilly,2024-02-06,,,,,8-K,Eli Lilly,lly-20240206.htm,2024-02-06,sec_edgar_submissions,collected_metadata,LLY,https://www.sec.gov/Archives/edgar/data/59478/000005947824000032/lly-20240206.htm
0000059478-23-000284,company_disclosures,0000059478,Eli Lilly,2023-11-02,,,,,10-Q,Eli Lilly,lly-20230930.htm,2023-09-30,sec_edgar_submissions,collected_metadata,LLY,https://www.sec.gov/Archives/edgar/data/59478/000005947823000284/lly-20230930.htm
0000059478-23-000282,company_disclosures,0000059478,Eli Lilly,2023-11-02,,,,,8-K,Eli Lilly,lly-20231102.htm,2023-11-02,sec_edgar_submissions,collected_metadata,LLY,https://www.sec.gov/Archives/edgar/data/59478/000005947823000282/lly-20231102.htm
0000059478-23-000221,company_disclosures,0000059478,Eli Lilly,2023-08-08,,,,,10-Q,Eli Lilly,lly-20230630.htm,2023-06-30,sec_edgar_submissions,collected_metadata,LLY,https://www.sec.gov/Archives/edgar/data/59478/000005947823000221/lly-20230630.htm
0000059478-23-000219,company_disclosures,0000059478,Eli Lilly,2023-08-08,,,,,8-K,Eli Lilly,lly-20230808.htm,2023-08-08,sec_edgar_submissions,collected_metadata,LLY,https://www.sec.gov/Archives/edgar/data/59478/000005947823000219/lly-20230808.htm
0000059478-23-000165,company_disclosures,0000059478,Eli Lilly,2023-05-04,,,,,8-K,Eli Lilly,lly-20230501.htm,2023-05-01,sec_edgar_submissions,collected_metadata,LLY,https://www.sec.gov/Archives/edgar/data/59478/000005947823000165/lly-20230501.htm
0000059478-23-000162,company_disclosures,0000059478,Eli Lilly,2023-04-27,,,,,10-Q,Eli Lilly,lly-20230331.htm,2023-03-31,sec_edgar_submissions,collected_metadata,LLY,https://www.sec.gov/Archives/edgar/data/59478/000005947823000162/lly-20230331.htm
0000059478-23-000160,company_disclosures,0000059478,Eli Lilly,2023-04-27,,,,,8-K,Eli Lilly,lly-20230427.htm,2023-04-27,sec_edgar_submissions,collected_metadata,LLY,https://www.sec.gov/Archives/edgar/data/59478/000005947823000160/lly-20230427.htm
0000059478-23-000118,company_disclosures,0000059478,Eli Lilly,2023-03-17,,,,,8-K,Eli Lilly,lly-20230317.htm,2023-03-17,sec_edgar_submissions,collected_metadata,LLY,https://www.sec.gov/Archives/edgar/data/59478/000005947823000118/lly-20230317.htm
0001193125-23-048910,company_disclosures,0000059478,Eli Lilly,2023-02-24,,,,,8-K,Eli Lilly,d575646d8k.htm,2023-02-23,sec_edgar_submissions,collected_metadata,LLY,https://www.sec.gov/Archives/edgar/data/59478/000119312523048910/d575646d8k.htm
0000059478-23-000082,company_disclosures,0000059478,Eli Lilly,2023-02-22,,,,,10-K,Eli Lilly,lly-20221231.htm,2022-12-31,sec_edgar_submissions,collected_metadata,LLY,https://www.sec.gov/Archives/edgar/data/59478/000005947823000082/lly-20221231.htm
0000059478-23-000025,company_disclosures,0000059478,Eli Lilly,2023-02-02,,,,,8-K,Eli Lilly,lly-20230202.htm,2023-02-02,sec_edgar_submissions,collected_metadata,LLY,https://www.sec.gov/Archives/edgar/data/59478/000005947823000025/lly-20230202.htm
0000059478-22-000277,company_disclosures,0000059478,Eli Lilly,2022-12-13,,,,,8-K,Eli Lilly,lly-20221213.htm,2022-12-13,sec_edgar_submissions,collected_metadata,LLY,https://www.sec.gov/Archives/edgar/data/59478/000005947822000277/lly-20221213.htm
0000059478-22-000250,company_disclosures,0000059478,Eli Lilly,2022-11-01,,,,,10-Q,Eli Lilly,lly-20220930.htm,2022-09-30,sec_edgar_submissions,collected_metadata,LLY,https://www.sec.gov/Archives/edgar/data/59478/000005947822000250/lly-20220930.htm
0000059478-22-000248,company_disclosures,0000059478,Eli Lilly,2022-11-01,,,,,8-K,Eli Lilly,lly-20221101.htm,2022-11-01,sec_edgar_submissions,collected_metadata,LLY,https://www.sec.gov/Archives/edgar/data/59478/000005947822000248/lly-20221101.htm
0000059478-22-000233,company_disclosures,0000059478,Eli Lilly,2022-10-12,,,,,8-K,Eli Lilly,lly-20221012.htm,2022-10-12,sec_edgar_submissions,collected_metadata,LLY,https://www.sec.gov/Archives/edgar/data/59478/000005947822000233/lly-20221012.htm
0000059478-22-000196,company_disclosures,0000059478,Eli Lilly,2022-08-04,,,,,10-Q,Eli Lilly,lly-20220630.htm,2022-06-30,sec_edgar_submissions,collected_metadata,LLY,https://www.sec.gov/Archives/edgar/data/59478/000005947822000196/lly-20220630.htm
0000059478-22-000194,company_disclosures,0000059478,Eli Lilly,2022-08-04,,,,,8-K,Eli Lilly,lly-20220804.htm,2022-08-04,sec_edgar_submissions,collected_metadata,LLY,https://www.sec.gov/Archives/edgar/data/59478/000005947822000194/lly-20220804.htm
0000059478-22-000143,company_disclosures,0000059478,Eli Lilly,2022-05-06,,,,,8-K,Eli Lilly,lly-20220502.htm,2022-05-02,sec_edgar_submissions,collected_metadata,LLY,https://www.sec.gov/Archives/edgar/data/59478/000005947822000143/lly-20220502.htm
0000059478-22-000138,company_disclosures,0000059478,Eli Lilly,2022-05-04,,,,,8-K,Eli Lilly,lly-20220502.htm,2022-05-02,sec_edgar_submissions,collected_metadata,LLY,https://www.sec.gov/Archives/edgar/data/59478/000005947822000138/lly-20220502.htm
0000059478-22-000133,company_disclosures,0000059478,Eli Lilly,2022-04-29,,,,,10-Q,Eli Lilly,lly-20220331.htm,2022-03-31,sec_edgar_submissions,collected_metadata,LLY,https://www.sec.gov/Archives/edgar/data/59478/000005947822000133/lly-20220331.htm
0000059478-22-000130,company_disclosures,0000059478,Eli Lilly,2022-04-28,,,,,8-K,Eli Lilly,lly-20220428.htm,2022-04-28,sec_edgar_submissions,collected_metadata,LLY,https://www.sec.gov/Archives/edgar/data/59478/000005947822000130/lly-20220428.htm
0000059478-22-000117,company_disclosures,0000059478,Eli Lilly,2022-04-14,,,,,8-K,Eli Lilly,lly-20220414.htm,2022-04-14,sec_edgar_submissions,collected_metadata,LLY,https://www.sec.gov/Archives/edgar/data/59478/000005947822000117/lly-20220414.htm
0000059478-22-000068,company_disclosures,0000059478,Eli Lilly,2022-02-23,,,,,10-K,Eli Lilly,lly-20211231.htm,2021-12-31,sec_edgar_submissions,collected_metadata,LLY,https://www.sec.gov/Archives/edgar/data/59478/000005947822000068/lly-20211231.htm
0000059478-22-000016,company_disclosures,0000059478,Eli Lilly,2022-02-03,,,,,8-K,Eli Lilly,lly-20220203.htm,2022-02-03,sec_edgar_submissions,collected_metadata,LLY,https://www.sec.gov/Archives/edgar/data/59478/000005947822000016/lly-20220203.htm
0001193125-22-022446,company_disclosures,0000059478,Eli Lilly,2022-01-31,,,,,8-K,Eli Lilly,d275834d8k.htm,2022-01-31,sec_edgar_submissions,collected_metadata,LLY,https://www.sec.gov/Archives/edgar/data/59478/000119312522022446/d275834d8k.htm
0001193125-21-359144,company_disclosures,0000059478,Eli Lilly,2021-12-16,,,,,8-K,Eli Lilly,d246572d8k.htm,2021-12-13,sec_edgar_submissions,collected_metadata,LLY,https://www.sec.gov/Archives/edgar/data/59478/000119312521359144/d246572d8k.htm
0001193125-21-357380,company_disclosures,0000059478,Eli Lilly,2021-12-15,,,,,8-K,Eli Lilly,d212746d8k.htm,2021-12-15,sec_edgar_submissions,collected_metadata,LLY,https://www.sec.gov/Archives/edgar/data/59478/000119312521357380/d212746d8k.htm
0000059478-21-000216,company_disclosures,0000059478,Eli Lilly,2021-10-27,,,,,10-Q,Eli Lilly,lly-20210930.htm,2021-09-30,sec_edgar_submissions,collected_metadata,LLY,https://www.sec.gov/Archives/edgar/data/59478/000005947821000216/lly-20210930.htm
0000059478-21-000213,company_disclosures,0000059478,Eli Lilly,2021-10-26,,,,,8-K,Eli Lilly,lly-20211026.htm,2021-10-26,sec_edgar_submissions,collected_metadata,LLY,https://www.sec.gov/Archives/edgar/data/59478/000005947821000213/lly-20211026.htm
0001193125-21-270093,company_disclosures,0000059478,Eli Lilly,2021-09-10,,,,,8-K,Eli Lilly,d129207d8k.htm,2021-09-08,sec_edgar_submissions,collected_metadata,LLY,https://www.sec.gov/Archives/edgar/data/59478/000119312521270093/d129207d8k.htm
0000059478-21-000190,company_disclosures,0000059478,Eli Lilly,2021-08-25,,,,,8-K,Eli Lilly,lly-20210823.htm,2021-08-23,sec_edgar_submissions,collected_metadata,LLY,https://www.sec.gov/Archives/edgar/data/59478/000005947821000190/lly-20210823.htm
0000059478-21-000175,company_disclosures,0000059478,Eli Lilly,2021-08-17,,,,,8-K,Eli Lilly,lly-20210811.htm,2021-08-11,sec_edgar_submissions,collected_metadata,LLY,https://www.sec.gov/Archives/edgar/data/59478/000005947821000175/lly-20210811.htm
0001171843-26-003710,company_disclosures,0000353278,Novo Nordisk ADR,2026-05-27,28189,Novo Nordisk,e472b429f2f1fedeb88ca54faa9065f6f6353218f80aed5874a4919f86ef3fdd,"CHANGE COMMISSION Washington, D.C. 20549 ________________ FORM 6-K ________________ REPORT OF FOREIGN PRIVATE ISSUER Pursuant to Rule 13a-16 or 15d-16 of the Securities Exchange Act of 1934 May 26, 2026 ________________ NOVO NORDISK A/S (Exact name of Registrant as specified in its charter) Novo Allé 1 DK- 2880, Bagsvaerd Denmark (Address of principal executive offices) ________________ Indicate by check mark whether the registrant files or will fi",6-K,Novo Nordisk,f6k_052626.htm,2026-05-26,sec_edgar_submissions,collected_with_text,NVO,https://www.sec.gov/Archives/edgar/data/353278/000117184326003710/f6k_052626.htm
0001171843-26-003645,company_disclosures,0000353278,Novo Nordisk ADR,2026-05-22,28003,Novo Nordisk; Wegovy; semaglutide,24cf86f19a30cd563ee33c2e3f578fb0dbecd559568bb0c99edfd4612ea36b99,"CHANGE COMMISSION Washington, D.C. 20549 ________________ FORM 6-K ________________ REPORT OF FOREIGN PRIVATE ISSUER Pursuant to Rule 13a-16 or 15d-16 of the Securities Exchange Act of 1934 May 22, 2026 ________________ NOVO NORDISK A/S (Exact name of Registrant as specified in its charter) Novo Allé 1 DK- 2880, Bagsvaerd Denmark (Address of principal executive offices) ________________ Indicate by check mark whether the registrant files or will fi",6-K,Novo Nordisk; Wegovy; semaglutide,f6k_052226.htm,2026-05-22,sec_edgar_submissions,collected_with_text,NVO,https://www.sec.gov/Archives/edgar/data/353278/000117184326003645/f6k_052226.htm
0001171843-26-003634,company_disclosures,0000353278,Novo Nordisk ADR,2026-05-22,24609,Novo Nordisk; Wegovy; semaglutide,7017affa775432336ffaf49d4916c6d1174adc29ef57e95de5fae6f9b67f6e00,"CHANGE COMMISSION Washington, D.C. 20549 ________________ FORM 6-K ________________ REPORT OF FOREIGN PRIVATE ISSUER Pursuant to Rule 13a-16 or 15d-16 of the Securities Exchange Act of 1934 May 22, 2026 ________________ NOVO NORDISK A/S (Exact name of Registrant as specified in its charter) Novo Allé 1 DK- 2880, Bagsvaerd Denmark (Address of principal executive offices) ________________ Indicate by check mark whether the registrant files or will fi",6-K,Novo Nordisk; Wegovy; semaglutide,f6k_052226.htm,2026-05-22,sec_edgar_submissions,collected_with_text,NVO,https://www.sec.gov/Archives/edgar/data/353278/000117184326003634/f6k_052226.htm
0001171843-26-003506,company_disclosures,0000353278,Novo Nordisk ADR,2026-05-18,28323,Novo Nordisk,050185ea5385dec36a42568e8db0b46786781bc73aa519c4defa46e8c35a1aaa,"CHANGE COMMISSION Washington, D.C. 20549 ________________ FORM 6-K ________________ REPORT OF FOREIGN PRIVATE ISSUER Pursuant to Rule 13a-16 or 15d-16 of the Securities Exchange Act of 1934 May 18, 2026 ________________ NOVO NORDISK A/S (Exact name of Registrant as specified in its charter) Novo Allé 1 DK- 2880, Bagsvaerd Denmark (Address of principal executive offices) ________________ Indicate by check mark whether the registrant files or will fi",6-K,Novo Nordisk,f6k_051826.htm,2026-05-18,sec_edgar_submissions,collected_with_text,NVO,https://www.sec.gov/Archives/edgar/data/353278/000117184326003506/f6k_051826.htm
0001171843-26-003349,company_disclosures,0000353278,Novo Nordisk ADR,2026-05-13,33512,Novo Nordisk,a41957cdf8f09362e6eb3f99093c8bab771a38bd0bea084e41608bba096f2df9,"CHANGE COMMISSION Washington, D.C. 20549 ________________ FORM 6-K ________________ REPORT OF FOREIGN PRIVATE ISSUER Pursuant to Rule 13a-16 or 15d-16 of the Securities Exchange Act of 1934 May 12, 2026 ________________ NOVO NORDISK A/S (Exact name of Registrant as specified in its charter) Novo Allé 1 DK- 2880, Bagsvaerd Denmark (Address of principal executive offices) ________________ Indicate by check mark whether the registrant files or will fi",6-K,Novo Nordisk,f6k_051226.htm,2026-05-12,sec_edgar_submissions,collected_with_text,NVO,https://www.sec.gov/Archives/edgar/data/353278/000117184326003349/f6k_051226.htm
0000353278-26-000018,company_disclosures,0000353278,Novo Nordisk ADR,2026-05-06,1260833,CagriSema; Cagrilintide; Eli Lilly; Novo Nordisk; Ozempic; Rybelsus; Saxenda; Victoza; Wegovy; Xultophy; cagrilintide; liraglutide; semaglutide; tirzepatide,0ae0fc6c76739f81274e87ecc6dc0f484589b66d5cfb070d0e0d20157fbe0e1d,"the US and Europe • Novo Nordisk submitted a paediatric label extension application to the US FDA and to the EMA for Alhemo ® (concizumab). Regulatory decision is expected in the first quarter of 2027. Clinical Obesity& CagriSema 2.4 mg/2.4 mg Completion of the CagriSema open-label head-to-head REDEFINE 4 trial • In February, Novo Nordisk announced headline results from REDEFINE 4, an open-label phase 3 trial from the global REDEFINE clinical tr",6-K,CagriSema; Cagrilintide; Eli Lilly; Novo Nordisk; Ozempic; Rybelsus; Saxenda; Victoza; Wegovy; Xultophy; cagrilintide; liraglutide; semaglutide; tirzepatide,caq12026.htm,2026-03-31,sec_edgar_submissions,collected_with_text,NVO,https://www.sec.gov/Archives/edgar/data/353278/000035327826000018/caq12026.htm
0001171843-26-003010,company_disclosures,0000353278,Novo Nordisk ADR,2026-05-05,28881,Novo Nordisk,e665adec880f2d4ec7ed427124595782a7958bf136bc4a7657f48a675de4723e,"XCHANGE COMMISSION Washington, D.C. 20549 ________________ FORM 6-K ________________ REPORT OF FOREIGN PRIVATE ISSUER Pursuant to Rule 13a-16 or 15d-16 of the Securities Exchange Act of 1934 May 5, 2026 ________________ NOVO NORDISK A/S (Exact name of Registrant as specified in its charter) Novo Allé 1 DK- 2880, Bagsvaerd Denmark (Address of principal executive offices) ________________ Indicate by check mark whether the registrant files or will fi",6-K,Novo Nordisk,f6k_050526.htm,2026-05-05,sec_edgar_submissions,collected_with_text,NVO,https://www.sec.gov/Archives/edgar/data/353278/000117184326003010/f6k_050526.htm
0001171843-26-002719,company_disclosures,0000353278,Novo Nordisk ADR,2026-04-27,33192,Novo Nordisk,2d1cbee434f3b9b86ca9756676efe9f2e5d472b73f3a30d27c35a8c7daef5d81,"ANGE COMMISSION Washington, D.C. 20549 ________________ FORM 6-K ________________ REPORT OF FOREIGN PRIVATE ISSUER Pursuant to Rule 13a-16 or 15d-16 of the Securities Exchange Act of 1934 April 27, 2026 ________________ NOVO NORDISK A/S (Exact name of Registrant as specified in its charter) Novo Allé 1 DK- 2880, Bagsvaerd Denmark (Address of principal executive offices) ________________ Indicate by check mark whether the registrant files or will fi",6-K,Novo Nordisk,f6k_042726.htm,2026-04-27,sec_edgar_submissions,collected_with_text,NVO,https://www.sec.gov/Archives/edgar/data/353278/000117184326002719/f6k_042726.htm
0001171843-26-002554,company_disclosures,0000353278,Novo Nordisk ADR,2026-04-20,,,,,6-K,Novo Nordisk,f6k_042026.htm,2026-04-20,sec_edgar_submissions,collected_metadata,NVO,https://www.sec.gov/Archives/edgar/data/353278/000117184326002554/f6k_042026.htm
0001171843-26-002549,company_disclosures,0000353278,Novo Nordisk ADR,2026-04-20,,,,,6-K,Novo Nordisk,f6k_042026.htm,2026-04-20,sec_edgar_submissions,collected_metadata,NVO,https://www.sec.gov/Archives/edgar/data/353278/000117184326002549/f6k_042026.htm
0001171843-26-002394,company_disclosures,0000353278,Novo Nordisk ADR,2026-04-13,,,,,6-K,Novo Nordisk,f6k_041326.htm,2026-04-13,sec_edgar_submissions,collected_metadata,NVO,https://www.sec.gov/Archives/edgar/data/353278/000117184326002394/f6k_041326.htm
0001171843-26-002279,company_disclosures,0000353278,Novo Nordisk ADR,2026-04-07,,,,,6-K,Novo Nordisk,f6k_040726.htm,2026-04-07,sec_edgar_submissions,collected_metadata,NVO,https://www.sec.gov/Archives/edgar/data/353278/000117184326002279/f6k_040726.htm
0001171843-26-002013,company_disclosures,0000353278,Novo Nordisk ADR,2026-03-30,,,,,6-K,Novo Nordisk,f6k_033026.htm,2026-03-30,sec_edgar_submissions,collected_metadata,NVO,https://www.sec.gov/Archives/edgar/data/353278/000117184326002013/f6k_033026.htm
0001171843-26-001967,company_disclosures,0000353278,Novo Nordisk ADR,2026-03-27,,,,,6-K,Novo Nordisk,f6k_032726.htm,2026-03-27,sec_edgar_submissions,collected_metadata,NVO,https://www.sec.gov/Archives/edgar/data/353278/000117184326001967/f6k_032726.htm
0001171843-26-001959,company_disclosures,0000353278,Novo Nordisk ADR,2026-03-27,,,,,6-K,Novo Nordisk,f6k_032626.htm,2026-03-27,sec_edgar_submissions,collected_metadata,NVO,https://www.sec.gov/Archives/edgar/data/353278/000117184326001959/f6k_032626.htm
0001171843-26-001932,company_disclosures,0000353278,Novo Nordisk ADR,2026-03-26,,,,,6-K,Novo Nordisk,f6k_032626.htm,2026-03-26,sec_edgar_submissions,collected_metadata,NVO,https://www.sec.gov/Archives/edgar/data/353278/000117184326001932/f6k_032626.htm
0001171843-26-001842,company_disclosures,0000353278,Novo Nordisk ADR,2026-03-23,,,,,6-K,Novo Nordisk,f6k_032326.htm,2026-03-23,sec_edgar_submissions,collected_metadata,NVO,https://www.sec.gov/Archives/edgar/data/353278/000117184326001842/f6k_032326.htm
0001171843-26-001813,company_disclosures,0000353278,Novo Nordisk ADR,2026-03-20,,,,,6-K,Novo Nordisk,f6k_031926.htm,2026-03-19,sec_edgar_submissions,collected_metadata,NVO,https://www.sec.gov/Archives/edgar/data/353278/000117184326001813/f6k_031926.htm
0001171843-26-001613,company_disclosures,0000353278,Novo Nordisk ADR,2026-03-17,,,,,6-K,Novo Nordisk,f6k_031626.htm,2026-03-16,sec_edgar_submissions,collected_metadata,NVO,https://www.sec.gov/Archives/edgar/data/353278/000117184326001613/f6k_031626.htm
0001171843-26-001400,company_disclosures,0000353278,Novo Nordisk ADR,2026-03-09,,,,,6-K,Novo Nordisk,f6k_030926.htm,2026-03-09,sec_edgar_submissions,collected_metadata,NVO,https://www.sec.gov/Archives/edgar/data/353278/000117184326001400/f6k_030926.htm
0001171843-26-001236,company_disclosures,0000353278,Novo Nordisk ADR,2026-03-02,,,,,6-K,Novo Nordisk,f6k_030226.htm,2026-03-02,sec_edgar_submissions,collected_metadata,NVO,https://www.sec.gov/Archives/edgar/data/353278/000117184326001236/f6k_030226.htm
0001171843-26-001224,company_disclosures,0000353278,Novo Nordisk ADR,2026-03-02,,,,,6-K,Novo Nordisk,f6k_030226.htm,2026-03-02,sec_edgar_submissions,collected_metadata,NVO,https://www.sec.gov/Archives/edgar/data/353278/000117184326001224/f6k_030226.htm
0001171843-26-001001,company_disclosures,0000353278,Novo Nordisk ADR,2026-02-23,,,,,6-K,Novo Nordisk,f6k_022326.htm,2026-02-23,sec_edgar_submissions,collected_metadata,NVO,https://www.sec.gov/Archives/edgar/data/353278/000117184326001001/f6k_022326.htm
0001171843-26-000996,company_disclosures,0000353278,Novo Nordisk ADR,2026-02-23,,,,,6-K,Novo Nordisk,f6k_022326.htm,2026-02-23,sec_edgar_submissions,collected_metadata,NVO,https://www.sec.gov/Archives/edgar/data/353278/000117184326000996/f6k_022326.htm
0001171843-26-000959,company_disclosures,0000353278,Novo Nordisk ADR,2026-02-20,,,,,6-K,Novo Nordisk,f6k_022026.htm,2026-02-20,sec_edgar_submissions,collected_metadata,NVO,https://www.sec.gov/Archives/edgar/data/353278/000117184326000959/f6k_022026.htm
0001171843-26-000834,company_disclosures,0000353278,Novo Nordisk ADR,2026-02-17,,,,,6-K,Novo Nordisk,f6k_021626.htm,2026-02-16,sec_edgar_submissions,collected_metadata,NVO,https://www.sec.gov/Archives/edgar/data/353278/000117184326000834/f6k_021626.htm
0001171843-26-000749,company_disclosures,0000353278,Novo Nordisk ADR,2026-02-11,,,,,6-K,Novo Nordisk,f6k_021126.htm,2026-02-11,sec_edgar_submissions,collected_metadata,NVO,https://www.sec.gov/Archives/edgar/data/353278/000117184326000749/f6k_021126.htm
0001171843-26-000718,company_disclosures,0000353278,Novo Nordisk ADR,2026-02-10,,,,,6-K,Novo Nordisk,f6k_021026.htm,2026-02-10,sec_edgar_submissions,collected_metadata,NVO,https://www.sec.gov/Archives/edgar/data/353278/000117184326000718/f6k_021026.htm
0001171843-26-000691,company_disclosures,0000353278,Novo Nordisk ADR,2026-02-09,,,,,6-K,Novo Nordisk,f6k_020926.htm,2026-02-09,sec_edgar_submissions,collected_metadata,NVO,https://www.sec.gov/Archives/edgar/data/353278/000117184326000691/f6k_020926.htm
0001171843-26-000652,company_disclosures,0000353278,Novo Nordisk ADR,2026-02-05,,,,,6-K,Novo Nordisk,f6k_020426.htm,2026-02-05,sec_edgar_submissions,collected_metadata,NVO,https://www.sec.gov/Archives/edgar/data/353278/000117184326000652/f6k_020426.htm
0001171843-26-000651,company_disclosures,0000353278,Novo Nordisk ADR,2026-02-05,,,,,6-K,Novo Nordisk,f6k_020426.htm,2026-02-04,sec_edgar_submissions,collected_metadata,NVO,https://www.sec.gov/Archives/edgar/data/353278/000117184326000651/f6k_020426.htm
0001171843-26-000650,company_disclosures,0000353278,Novo Nordisk ADR,2026-02-05,,,,,6-K,Novo Nordisk,f6k_020426.htm,2026-02-04,sec_edgar_submissions,collected_metadata,NVO,https://www.sec.gov/Archives/edgar/data/353278/000117184326000650/f6k_020426.htm
0000353278-26-000012,company_disclosures,0000353278,Novo Nordisk ADR,2026-02-04,,,,,20-F,Novo Nordisk,nvo-20251231.htm,2025-12-31,sec_edgar_submissions,collected_metadata,NVO,https://www.sec.gov/Archives/edgar/data/353278/000035327826000012/nvo-20251231.htm
0000353278-26-000009,company_disclosures,0000353278,Novo Nordisk ADR,2026-02-04,,,,,6-K,Novo Nordisk,novonordisk_remuneration.htm,2025-12-31,sec_edgar_submissions,collected_metadata,NVO,https://www.sec.gov/Archives/edgar/data/353278/000035327826000009/novonordisk_remuneration.htm
0000353278-26-000006,company_disclosures,0000353278,Novo Nordisk ADR,2026-02-03,,,,,6-K,Novo Nordisk,caq42025.htm,2025-12-31,sec_edgar_submissions,collected_metadata,NVO,https://www.sec.gov/Archives/edgar/data/353278/000035327826000006/caq42025.htm
0001171843-26-000596,company_disclosures,0000353278,Novo Nordisk ADR,2026-02-03,,,,,6-K,Novo Nordisk,f6k_020326.htm,2026-02-03,sec_edgar_submissions,collected_metadata,NVO,https://www.sec.gov/Archives/edgar/data/353278/000117184326000596/f6k_020326.htm
0001171843-26-000557,company_disclosures,0000353278,Novo Nordisk ADR,2026-02-02,,,,,6-K,Novo Nordisk,f6k_020226.htm,2026-02-02,sec_edgar_submissions,collected_metadata,NVO,https://www.sec.gov/Archives/edgar/data/353278/000117184326000557/f6k_020226.htm
0001171843-26-000549,company_disclosures,0000353278,Novo Nordisk ADR,2026-02-02,,,,,6-K,Novo Nordisk,f6k_020226.htm,2026-01-31,sec_edgar_submissions,collected_metadata,NVO,https://www.sec.gov/Archives/edgar/data/353278/000117184326000549/f6k_020226.htm
0001171843-25-008080,company_disclosures,0000353278,Novo Nordisk ADR,2025-12-23,,,,,6-K,Novo Nordisk,f6k_122225.htm,2025-12-22,sec_edgar_submissions,collected_metadata,NVO,https://www.sec.gov/Archives/edgar/data/353278/000117184325008080/f6k_122225.htm
0001171843-25-007566,company_disclosures,0000353278,Novo Nordisk ADR,2025-11-25,,,,,6-K,Novo Nordisk,f6k_112525.htm,2025-11-25,sec_edgar_submissions,collected_metadata,NVO,https://www.sec.gov/Archives/edgar/data/353278/000117184325007566/f6k_112525.htm
0001171843-25-007519,company_disclosures,0000353278,Novo Nordisk ADR,2025-11-24,,,,,6-K,Novo Nordisk,f6k_112425.htm,2025-11-24,sec_edgar_submissions,collected_metadata,NVO,https://www.sec.gov/Archives/edgar/data/353278/000117184325007519/f6k_112425.htm
0001171843-25-007383,company_disclosures,0000353278,Novo Nordisk ADR,2025-11-17,,,,,6-K,Novo Nordisk,f6k_111725.htm,2025-11-17,sec_edgar_submissions,collected_metadata,NVO,https://www.sec.gov/Archives/edgar/data/353278/000117184325007383/f6k_111725.htm
0001171843-25-007325,company_disclosures,0000353278,Novo Nordisk ADR,2025-11-14,,,,,6-K,Novo Nordisk,f6k_111425.htm,2025-11-14,sec_edgar_submissions,collected_metadata,NVO,https://www.sec.gov/Archives/edgar/data/353278/000117184325007325/f6k_111425.htm
0001171843-25-007307,company_disclosures,0000353278,Novo Nordisk ADR,2025-11-14,,,,,6-K,Novo Nordisk,f6k_111325.htm,2025-11-13,sec_edgar_submissions,collected_metadata,NVO,https://www.sec.gov/Archives/edgar/data/353278/000117184325007307/f6k_111325.htm
0001171843-25-007200,company_disclosures,0000353278,Novo Nordisk ADR,2025-11-12,,,,,6-K,Novo Nordisk,f6k_111125.htm,2025-11-11,sec_edgar_submissions,collected_metadata,NVO,https://www.sec.gov/Archives/edgar/data/353278/000117184325007200/f6k_111125.htm
0001171843-25-007120,company_disclosures,0000353278,Novo Nordisk ADR,2025-11-07,,,,,6-K,Novo Nordisk,f6k_110625.htm,2025-11-06,sec_edgar_submissions,collected_metadata,NVO,https://www.sec.gov/Archives/edgar/data/353278/000117184325007120/f6k_110625.htm
0000353278-25-000005,company_disclosures,0000353278,Novo Nordisk ADR,2025-11-05,,,,,6-K,Novo Nordisk,caq32025.htm,2025-09-30,sec_edgar_submissions,collected_metadata,NVO,https://www.sec.gov/Archives/edgar/data/353278/000035327825000005/caq32025.htm
0001171843-25-006795,company_disclosures,0000353278,Novo Nordisk ADR,2025-10-30,,,,,6-K,Novo Nordisk,f6k_103025.htm,2025-10-30,sec_edgar_submissions,collected_metadata,NVO,https://www.sec.gov/Archives/edgar/data/353278/000117184325006795/f6k_103025.htm
0001171843-25-006551,company_disclosures,0000353278,Novo Nordisk ADR,2025-10-21,,,,,6-K,Novo Nordisk,f6k_102125.htm,2025-10-21,sec_edgar_submissions,collected_metadata,NVO,https://www.sec.gov/Archives/edgar/data/353278/000117184325006551/f6k_102125.htm
0001171843-25-006550,company_disclosures,0000353278,Novo Nordisk ADR,2025-10-21,,,,,6-K,Novo Nordisk,f6k_102125.htm,2025-10-21,sec_edgar_submissions,collected_metadata,NVO,https://www.sec.gov/Archives/edgar/data/353278/000117184325006550/f6k_102125.htm
0001171843-25-006370,company_disclosures,0000353278,Novo Nordisk ADR,2025-10-09,,,,,6-K,Novo Nordisk,f6k_100925.htm,2025-10-09,sec_edgar_submissions,collected_metadata,NVO,https://www.sec.gov/Archives/edgar/data/353278/000117184325006370/f6k_100925.htm
0001171843-25-005809,company_disclosures,0000353278,Novo Nordisk ADR,2025-09-10,,,,,6-K,Novo Nordisk,f6k_091025.htm,2025-09-10,sec_edgar_submissions,collected_metadata,NVO,https://www.sec.gov/Archives/edgar/data/353278/000117184325005809/f6k_091025.htm
0001171843-25-005478,company_disclosures,0000353278,Novo Nordisk ADR,2025-08-19,,,,,6-K,Novo Nordisk,f6k_081925.htm,2025-08-19,sec_edgar_submissions,collected_metadata,NVO,https://www.sec.gov/Archives/edgar/data/353278/000117184325005478/f6k_081925.htm
0001171843-25-005454,company_disclosures,0000353278,Novo Nordisk ADR,2025-08-18,,,,,6-K,Novo Nordisk,f6k_081525.htm,2025-08-15,sec_edgar_submissions,collected_metadata,NVO,https://www.sec.gov/Archives/edgar/data/353278/000117184325005454/f6k_081525.htm
0001171843-25-005391,company_disclosures,0000353278,Novo Nordisk ADR,2025-08-14,,,,,6-K,Novo Nordisk,f6k_081225.htm,2025-08-12,sec_edgar_submissions,collected_metadata,NVO,https://www.sec.gov/Archives/edgar/data/353278/000117184325005391/f6k_081225.htm
0001171843-25-005210,company_disclosures,0000353278,Novo Nordisk ADR,2025-08-08,,,,,6-K,Novo Nordisk,f6k_080825.htm,2025-08-08,sec_edgar_submissions,collected_metadata,NVO,https://www.sec.gov/Archives/edgar/data/353278/000117184325005210/f6k_080825.htm
0001171843-25-005208,company_disclosures,0000353278,Novo Nordisk ADR,2025-08-08,,,,,6-K,Novo Nordisk,f6k_080725.htm,2025-08-07,sec_edgar_submissions,collected_metadata,NVO,https://www.sec.gov/Archives/edgar/data/353278/000117184325005208/f6k_080725.htm
0001628280-25-038087,company_disclosures,0000353278,Novo Nordisk ADR,2025-08-06,,,,,6-K,Novo Nordisk,caq22025.htm,2025-06-30,sec_edgar_submissions,collected_metadata,NVO,https://www.sec.gov/Archives/edgar/data/353278/000162828025038087/caq22025.htm
0001171843-25-004986,company_disclosures,0000353278,Novo Nordisk ADR,2025-08-04,,,,,6-K,Novo Nordisk,f6k_080425.htm,2025-08-04,sec_edgar_submissions,collected_metadata,NVO,https://www.sec.gov/Archives/edgar/data/353278/000117184325004986/f6k_080425.htm
0001171843-25-004761,company_disclosures,0000353278,Novo Nordisk ADR,2025-07-29,,,,,6-K,Novo Nordisk,f6k_072925.htm,2025-07-29,sec_edgar_submissions,collected_metadata,NVO,https://www.sec.gov/Archives/edgar/data/353278/000117184325004761/f6k_072925.htm
0001171843-25-004760,company_disclosures,0000353278,Novo Nordisk ADR,2025-07-29,,,,,6-K,Novo Nordisk,f6k_072925.htm,2025-07-29,sec_edgar_submissions,collected_metadata,NVO,https://www.sec.gov/Archives/edgar/data/353278/000117184325004760/f6k_072925.htm
0001171843-25-003877,company_disclosures,0000353278,Novo Nordisk ADR,2025-06-13,,,,,6-K,Novo Nordisk,f6k_061225.htm,2025-06-12,sec_edgar_submissions,collected_metadata,NVO,https://www.sec.gov/Archives/edgar/data/353278/000117184325003877/f6k_061225.htm
0001171843-25-003274,company_disclosures,0000353278,Novo Nordisk ADR,2025-05-16,,,,,6-K,Novo Nordisk,f6k_051625.htm,2025-05-16,sec_edgar_submissions,collected_metadata,NVO,https://www.sec.gov/Archives/edgar/data/353278/000117184325003274/f6k_051625.htm
0001171843-25-003007,company_disclosures,0000353278,Novo Nordisk ADR,2025-05-09,,,,,6-K,Novo Nordisk,f6k_050925.htm,2025-05-09,sec_edgar_submissions,collected_metadata,NVO,https://www.sec.gov/Archives/edgar/data/353278/000117184325003007/f6k_050925.htm
0001628280-25-022877,company_disclosures,0000353278,Novo Nordisk ADR,2025-05-07,,,,,6-K,Novo Nordisk,caq12025.htm,2025-03-31,sec_edgar_submissions,collected_metadata,NVO,https://www.sec.gov/Archives/edgar/data/353278/000162828025022877/caq12025.htm
0001171843-25-001981,company_disclosures,0000353278,Novo Nordisk ADR,2025-04-03,,,,,6-K,Novo Nordisk,f6k_040325.htm,2025-04-03,sec_edgar_submissions,collected_metadata,NVO,https://www.sec.gov/Archives/edgar/data/353278/000117184325001981/f6k_040325.htm
0001171843-25-001822,company_disclosures,0000353278,Novo Nordisk ADR,2025-03-31,,,,,6-K,Novo Nordisk,f6k_032725.htm,2025-03-27,sec_edgar_submissions,collected_metadata,NVO,https://www.sec.gov/Archives/edgar/data/353278/000117184325001822/f6k_032725.htm
0001171843-25-001350,company_disclosures,0000353278,Novo Nordisk ADR,2025-03-10,,,,,6-K,Novo Nordisk,f6k_031025.htm,2025-03-10,sec_edgar_submissions,collected_metadata,NVO,https://www.sec.gov/Archives/edgar/data/353278/000117184325001350/f6k_031025.htm
0001171843-25-001113,company_disclosures,0000353278,Novo Nordisk ADR,2025-02-27,,,,,6-K,Novo Nordisk,f6k_022725.htm,2025-02-27,sec_edgar_submissions,collected_metadata,NVO,https://www.sec.gov/Archives/edgar/data/353278/000117184325001113/f6k_022725.htm
0001171843-25-000689,company_disclosures,0000353278,Novo Nordisk ADR,2025-02-07,,,,,6-K,Novo Nordisk,f6k_020725.htm,2025-02-07,sec_edgar_submissions,collected_metadata,NVO,https://www.sec.gov/Archives/edgar/data/353278/000117184325000689/f6k_020725.htm
0001171843-25-000664,company_disclosures,0000353278,Novo Nordisk ADR,2025-02-06,,,,,6-K,Novo Nordisk,f6k_020625.htm,2025-02-06,sec_edgar_submissions,collected_metadata,NVO,https://www.sec.gov/Archives/edgar/data/353278/000117184325000664/f6k_020625.htm
0001628280-25-003924,company_disclosures,0000353278,Novo Nordisk ADR,2025-02-05,,,,,6-K,Novo Nordisk,caq42024.htm,2024-12-31,sec_edgar_submissions,collected_metadata,NVO,https://www.sec.gov/Archives/edgar/data/353278/000162828025003924/caq42024.htm
0001628280-25-003923,company_disclosures,0000353278,Novo Nordisk ADR,2025-02-05,,,,,6-K,Novo Nordisk,irannotice2024.htm,2024-12-31,sec_edgar_submissions,collected_metadata,NVO,https://www.sec.gov/Archives/edgar/data/353278/000162828025003923/irannotice2024.htm
0001628280-25-003920,company_disclosures,0000353278,Novo Nordisk ADR,2025-02-05,,,,,20-F,Novo Nordisk,nvo-20241231.htm,2024-12-31,sec_edgar_submissions,collected_metadata,NVO,https://www.sec.gov/Archives/edgar/data/353278/000162828025003920/nvo-20241231.htm
0001628280-25-003906,company_disclosures,0000353278,Novo Nordisk ADR,2025-02-05,,,,,6-K,Novo Nordisk,novonordiskremunerationr.htm,2024-12-31,sec_edgar_submissions,collected_metadata,NVO,https://www.sec.gov/Archives/edgar/data/353278/000162828025003906/novonordiskremunerationr.htm
0001171843-25-000599,company_disclosures,0000353278,Novo Nordisk ADR,2025-02-04,,,,,6-K,Novo Nordisk,f6k_020425.htm,2025-02-04,sec_edgar_submissions,collected_metadata,NVO,https://www.sec.gov/Archives/edgar/data/353278/000117184325000599/f6k_020425.htm
0001171843-25-000429,company_disclosures,0000353278,Novo Nordisk ADR,2025-01-27,,,,,6-K,Novo Nordisk,f6k_012725.htm,2025-01-27,sec_edgar_submissions,collected_metadata,NVO,https://www.sec.gov/Archives/edgar/data/353278/000117184325000429/f6k_012725.htm
0001171843-25-000397,company_disclosures,0000353278,Novo Nordisk ADR,2025-01-24,,,,,6-K,Novo Nordisk,f6k_012425.htm,2025-01-24,sec_edgar_submissions,collected_metadata,NVO,https://www.sec.gov/Archives/edgar/data/353278/000117184325000397/f6k_012425.htm
0001171843-25-000328,company_disclosures,0000353278,Novo Nordisk ADR,2025-01-21,,,,,6-K,Novo Nordisk,f6k_012025.htm,2025-01-20,sec_edgar_submissions,collected_metadata,NVO,https://www.sec.gov/Archives/edgar/data/353278/000117184325000328/f6k_012025.htm
0001171843-25-000305,company_disclosures,0000353278,Novo Nordisk ADR,2025-01-17,,,,,6-K,Novo Nordisk,f6k_011725.htm,2025-01-17,sec_edgar_submissions,collected_metadata,NVO,https://www.sec.gov/Archives/edgar/data/353278/000117184325000305/f6k_011725.htm
0001171843-25-000262,company_disclosures,0000353278,Novo Nordisk ADR,2025-01-15,,,,,6-K,Novo Nordisk,f6k_011325.htm,2025-01-13,sec_edgar_submissions,collected_metadata,NVO,https://www.sec.gov/Archives/edgar/data/353278/000117184325000262/f6k_011325.htm
0001171843-24-007024,company_disclosures,0000353278,Novo Nordisk ADR,2024-12-20,,,,,6-K,Novo Nordisk,f6k_122024.htm,2024-12-20,sec_edgar_submissions,collected_metadata,NVO,https://www.sec.gov/Archives/edgar/data/353278/000117184324007024/f6k_122024.htm
0001171843-24-007023,company_disclosures,0000353278,Novo Nordisk ADR,2024-12-20,,,,,6-K,Novo Nordisk,f6k_122024.htm,2024-12-20,sec_edgar_submissions,collected_metadata,NVO,https://www.sec.gov/Archives/edgar/data/353278/000117184324007023/f6k_122024.htm
0001171843-24-006991,company_disclosures,0000353278,Novo Nordisk ADR,2024-12-18,,,,,6-K,Novo Nordisk,f6k_121824.htm,2024-12-18,sec_edgar_submissions,collected_metadata,NVO,https://www.sec.gov/Archives/edgar/data/353278/000117184324006991/f6k_121824.htm
0001171843-24-006956,company_disclosures,0000353278,Novo Nordisk ADR,2024-12-16,,,,,6-K,Novo Nordisk,f6k_121624.htm,2024-12-16,sec_edgar_submissions,collected_metadata,NVO,https://www.sec.gov/Archives/edgar/data/353278/000117184324006956/f6k_121624.htm
0001171843-24-006955,company_disclosures,0000353278,Novo Nordisk ADR,2024-12-16,,,,,6-K,Novo Nordisk,f6k_121424.htm,2024-12-14,sec_edgar_submissions,collected_metadata,NVO,https://www.sec.gov/Archives/edgar/data/353278/000117184324006955/f6k_121424.htm
0001171843-24-006920,company_disclosures,0000353278,Novo Nordisk ADR,2024-12-13,,,,,6-K,Novo Nordisk,f6k_121224.htm,2024-12-12,sec_edgar_submissions,collected_metadata,NVO,https://www.sec.gov/Archives/edgar/data/353278/000117184324006920/f6k_121224.htm
0001171843-24-006813,company_disclosures,0000353278,Novo Nordisk ADR,2024-12-09,,,,,6-K,Novo Nordisk,f6k_120924.htm,2024-12-09,sec_edgar_submissions,collected_metadata,NVO,https://www.sec.gov/Archives/edgar/data/353278/000117184324006813/f6k_120924.htm
0001171843-24-006787,company_disclosures,0000353278,Novo Nordisk ADR,2024-12-06,,,,,6-K,Novo Nordisk,f6k_120624.htm,2024-12-06,sec_edgar_submissions,collected_metadata,NVO,https://www.sec.gov/Archives/edgar/data/353278/000117184324006787/f6k_120624.htm
0001171843-24-006645,company_disclosures,0000353278,Novo Nordisk ADR,2024-12-02,,,,,6-K,Novo Nordisk,f6k_120224.htm,2024-12-02,sec_edgar_submissions,collected_metadata,NVO,https://www.sec.gov/Archives/edgar/data/353278/000117184324006645/f6k_120224.htm
0001171843-24-006549,company_disclosures,0000353278,Novo Nordisk ADR,2024-11-25,,,,,6-K,Novo Nordisk,f6k_112524.htm,2024-11-25,sec_edgar_submissions,collected_metadata,NVO,https://www.sec.gov/Archives/edgar/data/353278/000117184324006549/f6k_112524.htm
0001171843-24-006444,company_disclosures,0000353278,Novo Nordisk ADR,2024-11-19,,,,,6-K,Novo Nordisk,f6k_111924.htm,2024-11-19,sec_edgar_submissions,collected_metadata,NVO,https://www.sec.gov/Archives/edgar/data/353278/000117184324006444/f6k_111924.htm
0001171843-24-006420,company_disclosures,0000353278,Novo Nordisk ADR,2024-11-18,,,,,6-K,Novo Nordisk,f6k_111824.htm,2024-11-18,sec_edgar_submissions,collected_metadata,NVO,https://www.sec.gov/Archives/edgar/data/353278/000117184324006420/f6k_111824.htm
0001171843-24-006354,company_disclosures,0000353278,Novo Nordisk ADR,2024-11-14,,,,,6-K,Novo Nordisk,f6k_111324.htm,2024-11-13,sec_edgar_submissions,collected_metadata,NVO,https://www.sec.gov/Archives/edgar/data/353278/000117184324006354/f6k_111324.htm
0001171843-24-006304,company_disclosures,0000353278,Novo Nordisk ADR,2024-11-13,,,,,6-K,Novo Nordisk,f6k_111224.htm,2024-11-12,sec_edgar_submissions,collected_metadata,NVO,https://www.sec.gov/Archives/edgar/data/353278/000117184324006304/f6k_111224.htm
0001171843-24-006186,company_disclosures,0000353278,Novo Nordisk ADR,2024-11-08,,,,,6-K,Novo Nordisk,f6k_110824ca86.htm,2024-11-08,sec_edgar_submissions,collected_metadata,NVO,https://www.sec.gov/Archives/edgar/data/353278/000117184324006186/f6k_110824ca86.htm
0001171843-24-006185,company_disclosures,0000353278,Novo Nordisk ADR,2024-11-08,,,,,6-K,Novo Nordisk,f6k_110824.htm,2024-11-08,sec_edgar_submissions,collected_metadata,NVO,https://www.sec.gov/Archives/edgar/data/353278/000117184324006185/f6k_110824.htm
0001171843-24-006184,company_disclosures,0000353278,Novo Nordisk ADR,2024-11-08,,,,,6-K,Novo Nordisk,f6k_110824ca84.htm,2024-11-08,sec_edgar_submissions,collected_metadata,NVO,https://www.sec.gov/Archives/edgar/data/353278/000117184324006184/f6k_110824ca84.htm
0001171843-24-006182,company_disclosures,0000353278,Novo Nordisk ADR,2024-11-08,,,,,6-K,Novo Nordisk,f6k_110824.htm,2024-11-08,sec_edgar_submissions,collected_metadata,NVO,https://www.sec.gov/Archives/edgar/data/353278/000117184324006182/f6k_110824.htm
0001171843-24-006117,company_disclosures,0000353278,Novo Nordisk ADR,2024-11-07,,,,,6-K,Novo Nordisk,f6k_110724.htm,2024-11-07,sec_edgar_submissions,collected_metadata,NVO,https://www.sec.gov/Archives/edgar/data/353278/000117184324006117/f6k_110724.htm
0001193125-26-232786,company_disclosures,0000318154,Amgen,2026-05-20,91787,Amgen,50c51aed155ab247a2574ccf31772d371db5648bb22ec36b6031623ef2acfda9,"TES SECURITIES AND EXCHANGE COMMISSION WASHINGTON, D.C. 20549 FORM 8-K CURRENT REPORT Pursuant to Section 13 or 15(d) of the Securities Exchange Act of 1934 Date of Report (Date of earliest event reported): May 19, 2026 Amgen Inc. (Exact name of Registrant as Specified in Its Charter) Delaware 001-37702 95-3540776 (State or Other Jurisdiction of Incorporation) (Commission File Number) (IRS Employer Identification No.) One Amgen Center Drive ",8-K,Amgen,amgn-20260519.htm,2026-05-19,sec_edgar_submissions,collected_with_text,AMGN,https://www.sec.gov/Archives/edgar/data/318154/000119312526232786/amgn-20260519.htm
0000318154-26-000097,company_disclosures,0000318154,Amgen,2026-05-19,63907,Amgen,a873177c5a76fd7c1275bfe75e69b0786427e6f6b1500d1c931516e766246f92,"TES SECURITIES AND EXCHANGE COMMISSION WASHINGTON, D.C. 20549 FORM 8-K CURRENT REPORT Pursuant to Section 13 or 15(d) of the Securities Exchange Act of 1934 Date of Report (Date of earliest event reported): May 19, 2026 Amgen Inc. (Exact name of Registrant as Specified in Its Charter) Delaware 001-37702 95-3540776 (State or Other Jurisdiction of Incorporation) (Commission File Number) (IRS Employer Identification No.) One Amgen Center Drive ",8-K,Amgen,amgn-20260519.htm,2026-05-19,sec_edgar_submissions,collected_with_text,AMGN,https://www.sec.gov/Archives/edgar/data/318154/000031815426000097/amgn-20260519.htm
0000318154-26-000057,company_disclosures,0000318154,Amgen,2026-05-01,1922177,Amgen; MariTide; maridebart cafraglutide,6d7b2f61c3016e72c79db952fe8922d61f93971959efbdc2ceceebbdb807ffa1," 15(d) OF THE SECURITIES EXCHANGE ACT OF 1934 For the quarterly period ended March 31, 2026 or ☐ TRANSITION REPORT PURSUANT TO SECTION 13 OR 15(d) OF THE SECURITIES EXCHANGE ACT OF 1934 Commission File Number: 001-37702 Amgen Inc. (Exact name of registrant as specified in its charter) Delaware 95-3540776 (State or other jurisdiction of incorporation or organization) (I.R.S. Employer Identification No.) One Amgen Center Drive 91320-1799 Thous",10-Q,Amgen; MariTide; maridebart cafraglutide,amgn-20260331.htm,2026-03-31,sec_edgar_submissions,collected_with_text,AMGN,https://www.sec.gov/Archives/edgar/data/318154/000031815426000057/amgn-20260331.htm
0000318154-26-000054,company_disclosures,0000318154,Amgen,2026-04-30,41655,Amgen,5c4dac6970c74e66fed3e61fdc5db2a643ed60d6a85fc2fa923d45f5bd1f5050," SECURITIES AND EXCHANGE COMMISSION Washington, D.C. 20549 FORM 8-K CURRENT REPORT Pursuant to Section 13 OR 15(d) of The Securities Exchange Act of 1934 Date of Report (Date of earliest event reported) April 30, 2026 - Amgen Inc. (Exact name of registrant as specified in its charter) Delaware 001-37702 95-3540776 (State or other jurisdiction of incorporation) (Commission File Number) (IRS Employer Identification No.) One Amgen Center Drive ",8-K,Amgen,amgn-20260430.htm,2026-04-30,sec_edgar_submissions,collected_with_text,AMGN,https://www.sec.gov/Archives/edgar/data/318154/000031815426000054/amgn-20260430.htm
0000318154-26-000048,company_disclosures,0000318154,Amgen,2026-04-22,50886,Amgen,9a6b7a3f3904d5d5fd3124d6e8b7423f8c1a74a6f4bde7a4045939375aa8272f,"S SECURITIES AND EXCHANGE COMMISSION WASHINGTON, D.C. 20549 FORM 8-K CURRENT REPORT Pursuant to Section 13 or 15(d) of the Securities Exchange Act of 1934 Date of Report (Date of earliest event reported): April 22, 2026 Amgen Inc. (Exact name of Registrant as Specified in Its Charter) Delaware 001-37702 95-3540776 (State or Other Jurisdiction of Incorporation) (Commission File Number) (IRS Employer Identification No.) One Amgen Center Drive ",8-K,Amgen,amgn-20260422.htm,2026-04-22,sec_edgar_submissions,collected_with_text,AMGN,https://www.sec.gov/Archives/edgar/data/318154/000031815426000048/amgn-20260422.htm
0001193125-26-059490,company_disclosures,0000318154,Amgen,2026-02-19,34187,Amgen,6cbf28778ac0fdf1b28e03b62ea12d99c4a80502dbf43b33e3b5129e9d9af089,8-K AMGEN INC false 0000318154 0000318154 2026-02-17 2026-02-17 0000318154 us-gaap:CommonStockMember 2026-02-17 2026-02-17 0000318154 us-gaap:SeniorNotesMember 2026-02-17 2026-02-17 UNITED STATES SECURITIES AND EXCHANGE COMMISSIO,8-K,Amgen,d106293d8k.htm,2026-02-17,sec_edgar_submissions,collected_with_text,AMGN,https://www.sec.gov/Archives/edgar/data/318154/000119312526059490/d106293d8k.htm
0000318154-26-000010,company_disclosures,0000318154,Amgen,2026-02-13,3761487,Amgen; Eli Lilly; MariTide; Pfizer; maridebart cafraglutide,21cf184c9984e88debb9f06e0d05cfeca80293bee70922afe488bf69c4547921,"OR 15(d) OF THE SECURITIES EXCHANGE ACT OF 1934 For the fiscal year ended December 31 , 2025 or ☐ TRANSITION REPORT PURSUANT TO SECTION 13 OR 15(d) OF THE SECURITIES EXCHANGE ACT OF 1934 Commission file number 001-37702 Amgen Inc. (Exact name of registrant as specified in its charter) Delaware 95-3540776 (State or other jurisdiction of incorporation or organization) (I.R.S. Employer Identification No.) One Amgen Center Drive 91320-1799 Thous",10-K,Amgen; Eli Lilly; MariTide; Pfizer; maridebart cafraglutide,amgn-20251231.htm,2025-12-31,sec_edgar_submissions,collected_with_text,AMGN,https://www.sec.gov/Archives/edgar/data/318154/000031815426000010/amgn-20251231.htm
0000318154-26-000003,company_disclosures,0000318154,Amgen,2026-02-03,43662,Amgen,99a6c0b2fed74ed7706b3a17cda5a5450b6f765e68d164991806f367b6addc18,"ECURITIES AND EXCHANGE COMMISSION Washington, D.C. 20549 FORM 8-K CURRENT REPORT Pursuant to Section 13 OR 15(d) of The Securities Exchange Act of 1934 Date of Report (Date of earliest event reported) February 3, 2026 - Amgen Inc. (Exact name of registrant as specified in its charter) Delaware 001-37702 95-3540776 (State or other jurisdiction of incorporation) (Commission File Number) (IRS Employer Identification No.) One Amgen Center Drive ",8-K,Amgen,amgn-20260203.htm,2026-02-03,sec_edgar_submissions,collected_with_text,AMGN,https://www.sec.gov/Archives/edgar/data/318154/000031815426000003/amgn-20260203.htm
0001193125-26-030518,company_disclosures,0000318154,Amgen,2026-01-30,,,,,8-K,Amgen,d72347d8k.htm,2026-01-30,sec_edgar_submissions,collected_metadata,AMGN,https://www.sec.gov/Archives/edgar/data/318154/000119312526030518/d72347d8k.htm
0000318154-25-000072,company_disclosures,0000318154,Amgen,2025-11-05,,,,,10-Q,Amgen,amgn-20250930.htm,2025-09-30,sec_edgar_submissions,collected_metadata,AMGN,https://www.sec.gov/Archives/edgar/data/318154/000031815425000072/amgn-20250930.htm
0000318154-25-000070,company_disclosures,0000318154,Amgen,2025-11-04,,,,,8-K,Amgen,amgn-20251104.htm,2025-11-04,sec_edgar_submissions,collected_metadata,AMGN,https://www.sec.gov/Archives/edgar/data/318154/000031815425000070/amgn-20251104.htm
0000318154-25-000056,company_disclosures,0000318154,Amgen,2025-08-06,,,,,10-Q,Amgen,amgn-20250630.htm,2025-06-30,sec_edgar_submissions,collected_metadata,AMGN,https://www.sec.gov/Archives/edgar/data/318154/000031815425000056/amgn-20250630.htm
0000318154-25-000054,company_disclosures,0000318154,Amgen,2025-08-05,,,,,8-K,Amgen,amgn-20250805.htm,2025-08-05,sec_edgar_submissions,collected_metadata,AMGN,https://www.sec.gov/Archives/edgar/data/318154/000031815425000054/amgn-20250805.htm
0000950170-25-077233,company_disclosures,0000318154,Amgen,2025-05-27,,,,,8-K,Amgen,amgn-20250523.htm,2025-05-23,sec_edgar_submissions,collected_metadata,AMGN,https://www.sec.gov/Archives/edgar/data/318154/000095017025077233/amgn-20250523.htm
0000318154-25-000020,company_disclosures,0000318154,Amgen,2025-05-02,,,,,10-Q,Amgen,amgn-20250331.htm,2025-03-31,sec_edgar_submissions,collected_metadata,AMGN,https://www.sec.gov/Archives/edgar/data/318154/000031815425000020/amgn-20250331.htm
0000318154-25-000018,company_disclosures,0000318154,Amgen,2025-05-01,,,,,8-K,Amgen,amgn-20250501.htm,2025-05-01,sec_edgar_submissions,collected_metadata,AMGN,https://www.sec.gov/Archives/edgar/data/318154/000031815425000018/amgn-20250501.htm
0000318154-25-000010,company_disclosures,0000318154,Amgen,2025-02-14,,,,,10-K,Amgen,amgn-20241231.htm,2024-12-31,sec_edgar_submissions,collected_metadata,AMGN,https://www.sec.gov/Archives/edgar/data/318154/000031815425000010/amgn-20241231.htm
0000318154-25-000005,company_disclosures,0000318154,Amgen,2025-02-04,,,,,8-K,Amgen,amgn-20250204.htm,2025-02-04,sec_edgar_submissions,collected_metadata,AMGN,https://www.sec.gov/Archives/edgar/data/318154/000031815425000005/amgn-20250204.htm
0000318154-24-000044,company_disclosures,0000318154,Amgen,2024-10-31,,,,,10-Q,Amgen,amgn-20240930.htm,2024-09-30,sec_edgar_submissions,collected_metadata,AMGN,https://www.sec.gov/Archives/edgar/data/318154/000031815424000044/amgn-20240930.htm
0000318154-24-000042,company_disclosures,0000318154,Amgen,2024-10-30,,,,,8-K,Amgen,amgn-20241030.htm,2024-10-30,sec_edgar_submissions,collected_metadata,AMGN,https://www.sec.gov/Archives/edgar/data/318154/000031815424000042/amgn-20241030.htm
0000318154-24-000035,company_disclosures,0000318154,Amgen,2024-08-07,,,,,10-Q,Amgen,amgn-20240630.htm,2024-06-30,sec_edgar_submissions,collected_metadata,AMGN,https://www.sec.gov/Archives/edgar/data/318154/000031815424000035/amgn-20240630.htm
0000318154-24-000033,company_disclosures,0000318154,Amgen,2024-08-06,,,,,8-K,Amgen,amgn-20240806.htm,2024-08-06,sec_edgar_submissions,collected_metadata,AMGN,https://www.sec.gov/Archives/edgar/data/318154/000031815424000033/amgn-20240806.htm
0001193125-24-153221,company_disclosures,0000318154,Amgen,2024-06-03,,,,,8-K,Amgen,d827769d8k.htm,2024-05-31,sec_edgar_submissions,collected_metadata,AMGN,https://www.sec.gov/Archives/edgar/data/318154/000119312524153221/d827769d8k.htm
0000318154-24-000020,company_disclosures,0000318154,Amgen,2024-05-03,,,,,10-Q,Amgen,amgn-20240331.htm,2024-03-31,sec_edgar_submissions,collected_metadata,AMGN,https://www.sec.gov/Archives/edgar/data/318154/000031815424000020/amgn-20240331.htm
0000318154-24-000018,company_disclosures,0000318154,Amgen,2024-05-02,,,,,8-K,Amgen,amgn-20240502.htm,2024-05-02,sec_edgar_submissions,collected_metadata,AMGN,https://www.sec.gov/Archives/edgar/data/318154/000031815424000018/amgn-20240502.htm
0000318154-24-000011,company_disclosures,0000318154,Amgen,2024-02-14,,,,,10-K,Amgen,amgn-20231231.htm,2023-12-31,sec_edgar_submissions,collected_metadata,AMGN,https://www.sec.gov/Archives/edgar/data/318154/000031815424000011/amgn-20231231.htm
0000318154-24-000004,company_disclosures,0000318154,Amgen,2024-02-06,,,,,8-K,Amgen,amgn-202312318xk.htm,2024-02-06,sec_edgar_submissions,collected_metadata,AMGN,https://www.sec.gov/Archives/edgar/data/318154/000031815424000004/amgn-202312318xk.htm
0001193125-23-295027,company_disclosures,0000318154,Amgen,2023-12-14,,,,,8-K,Amgen,d598661d8k.htm,2023-12-12,sec_edgar_submissions,collected_metadata,AMGN,https://www.sec.gov/Archives/edgar/data/318154/000119312523295027/d598661d8k.htm
0000318154-23-000064,company_disclosures,0000318154,Amgen,2023-10-31,,,,,10-Q,Amgen,amgn-20230930.htm,2023-09-30,sec_edgar_submissions,collected_metadata,AMGN,https://www.sec.gov/Archives/edgar/data/318154/000031815423000064/amgn-20230930.htm
0000318154-23-000061,company_disclosures,0000318154,Amgen,2023-10-31,,,,,8-K,Amgen,amgn-20231031.htm,2023-10-31,sec_edgar_submissions,collected_metadata,AMGN,https://www.sec.gov/Archives/edgar/data/318154/000031815423000061/amgn-20231031.htm
0001193125-23-252361,company_disclosures,0000318154,Amgen,2023-10-06,,,,,8-K,Amgen,d534754d8k.htm,2023-10-06,sec_edgar_submissions,collected_metadata,AMGN,https://www.sec.gov/Archives/edgar/data/318154/000119312523252361/d534754d8k.htm
0001193125-23-251090,company_disclosures,0000318154,Amgen,2023-10-05,,,,,8-K,Amgen,d533762d8k.htm,2023-10-05,sec_edgar_submissions,collected_metadata,AMGN,https://www.sec.gov/Archives/edgar/data/318154/000119312523251090/d533762d8k.htm
0001193125-23-233011,company_disclosures,0000318154,Amgen,2023-09-12,,,,,8-K,Amgen,d523167d8k.htm,2023-09-11,sec_edgar_submissions,collected_metadata,AMGN,https://www.sec.gov/Archives/edgar/data/318154/000119312523233011/d523167d8k.htm
0001193125-23-228161,company_disclosures,0000318154,Amgen,2023-09-05,,,,,8-K,Amgen,d449681d8k.htm,2023-09-01,sec_edgar_submissions,collected_metadata,AMGN,https://www.sec.gov/Archives/edgar/data/318154/000119312523228161/d449681d8k.htm
0001193125-23-227040,company_disclosures,0000318154,Amgen,2023-09-01,,,,,8-K,Amgen,d525571d8k.htm,2023-09-01,sec_edgar_submissions,collected_metadata,AMGN,https://www.sec.gov/Archives/edgar/data/318154/000119312523227040/d525571d8k.htm
0000318154-23-000053,company_disclosures,0000318154,Amgen,2023-08-04,,,,,10-Q,Amgen,amgn-20230630.htm,2023-06-30,sec_edgar_submissions,collected_metadata,AMGN,https://www.sec.gov/Archives/edgar/data/318154/000031815423000053/amgn-20230630.htm
0001193125-23-203033,company_disclosures,0000318154,Amgen,2023-08-04,,,,,8-K,Amgen,d525761d8k.htm,2023-08-01,sec_edgar_submissions,collected_metadata,AMGN,https://www.sec.gov/Archives/edgar/data/318154/000119312523203033/d525761d8k.htm
0000318154-23-000049,company_disclosures,0000318154,Amgen,2023-08-03,,,,,8-K,Amgen,amgn-20230803.htm,2023-08-03,sec_edgar_submissions,collected_metadata,AMGN,https://www.sec.gov/Archives/edgar/data/318154/000031815423000049/amgn-20230803.htm
0001193125-23-160316,company_disclosures,0000318154,Amgen,2023-06-05,,,,,8-K,Amgen,d504329d8k.htm,2023-06-02,sec_edgar_submissions,collected_metadata,AMGN,https://www.sec.gov/Archives/edgar/data/318154/000119312523160316/d504329d8k.htm
0001193125-23-150659,company_disclosures,0000318154,Amgen,2023-05-22,,,,,8-K,Amgen,d483298d8k.htm,2023-05-19,sec_edgar_submissions,collected_metadata,AMGN,https://www.sec.gov/Archives/edgar/data/318154/000119312523150659/d483298d8k.htm
0001193125-23-147662,company_disclosures,0000318154,Amgen,2023-05-18,,,,,8-K,Amgen,d499865d8k.htm,2023-05-17,sec_edgar_submissions,collected_metadata,AMGN,https://www.sec.gov/Archives/edgar/data/318154/000119312523147662/d499865d8k.htm
0001193125-23-146219,company_disclosures,0000318154,Amgen,2023-05-16,,,,,8-K,Amgen,d503983d8k.htm,2023-05-16,sec_edgar_submissions,collected_metadata,AMGN,https://www.sec.gov/Archives/edgar/data/318154/000119312523146219/d503983d8k.htm
0000318154-23-000029,company_disclosures,0000318154,Amgen,2023-04-28,,,,,10-Q,Amgen,amgn-20230331.htm,2023-03-31,sec_edgar_submissions,collected_metadata,AMGN,https://www.sec.gov/Archives/edgar/data/318154/000031815423000029/amgn-20230331.htm
0000318154-23-000026,company_disclosures,0000318154,Amgen,2023-04-27,,,,,8-K,Amgen,amgn-20230427.htm,2023-04-27,sec_edgar_submissions,collected_metadata,AMGN,https://www.sec.gov/Archives/edgar/data/318154/000031815423000026/amgn-20230427.htm
0001193125-23-066144,company_disclosures,0000318154,Amgen,2023-03-09,,,,,8-K,Amgen,d466407d8k.htm,2023-03-09,sec_edgar_submissions,collected_metadata,AMGN,https://www.sec.gov/Archives/edgar/data/318154/000119312523066144/d466407d8k.htm
0001193125-23-058235,company_disclosures,0000318154,Amgen,2023-03-02,,,,,8-K,Amgen,d448346d8k.htm,2023-03-02,sec_edgar_submissions,collected_metadata,AMGN,https://www.sec.gov/Archives/edgar/data/318154/000119312523058235/d448346d8k.htm
0001193125-23-040753,company_disclosures,0000318154,Amgen,2023-02-16,,,,,8-K,Amgen,d424593d8k.htm,2023-02-15,sec_edgar_submissions,collected_metadata,AMGN,https://www.sec.gov/Archives/edgar/data/318154/000119312523040753/d424593d8k.htm
0000318154-23-000017,company_disclosures,0000318154,Amgen,2023-02-09,,,,,10-K,Amgen,amgn-20221231.htm,2022-12-31,sec_edgar_submissions,collected_metadata,AMGN,https://www.sec.gov/Archives/edgar/data/318154/000031815423000017/amgn-20221231.htm
0000318154-23-000011,company_disclosures,0000318154,Amgen,2023-01-31,,,,,8-K,Amgen,amgn-20230130.htm,2023-01-30,sec_edgar_submissions,collected_metadata,AMGN,https://www.sec.gov/Archives/edgar/data/318154/000031815423000011/amgn-20230130.htm
0001193125-22-311112,company_disclosures,0000318154,Amgen,2022-12-22,,,,,8-K,Amgen,d429654d8k.htm,2022-12-22,sec_edgar_submissions,collected_metadata,AMGN,https://www.sec.gov/Archives/edgar/data/318154/000119312522311112/d429654d8k.htm
0001193125-22-302256,company_disclosures,0000318154,Amgen,2022-12-12,,,,,8-K,Amgen,d346985d8k.htm,2022-12-11,sec_edgar_submissions,collected_metadata,AMGN,https://www.sec.gov/Archives/edgar/data/318154/000119312522302256/d346985d8k.htm
0001193125-22-297131,company_disclosures,0000318154,Amgen,2022-12-02,,,,,8-K,Amgen,d424230d8k.htm,2022-12-02,sec_edgar_submissions,collected_metadata,AMGN,https://www.sec.gov/Archives/edgar/data/318154/000119312522297131/d424230d8k.htm
0000318154-22-000055,company_disclosures,0000318154,Amgen,2022-11-04,,,,,10-Q,Amgen,amgn-20220930.htm,2022-09-30,sec_edgar_submissions,collected_metadata,AMGN,https://www.sec.gov/Archives/edgar/data/318154/000031815422000055/amgn-20220930.htm
0000318154-22-000053,company_disclosures,0000318154,Amgen,2022-11-03,,,,,8-K,Amgen,amgn-20221103.htm,2022-11-03,sec_edgar_submissions,collected_metadata,AMGN,https://www.sec.gov/Archives/edgar/data/318154/000031815422000053/amgn-20221103.htm
0001193125-22-265755,company_disclosures,0000318154,Amgen,2022-10-20,,,,,8-K,Amgen,d414605d8k.htm,2022-10-20,sec_edgar_submissions,collected_metadata,AMGN,https://www.sec.gov/Archives/edgar/data/318154/000119312522265755/d414605d8k.htm
0001193125-22-224115,company_disclosures,0000318154,Amgen,2022-08-18,,,,,8-K,Amgen,d280175d8k.htm,2022-08-15,sec_edgar_submissions,collected_metadata,AMGN,https://www.sec.gov/Archives/edgar/data/318154/000119312522224115/d280175d8k.htm
0000318154-22-000041,company_disclosures,0000318154,Amgen,2022-08-05,,,,,10-Q,Amgen,amgn-20220630.htm,2022-06-30,sec_edgar_submissions,collected_metadata,AMGN,https://www.sec.gov/Archives/edgar/data/318154/000031815422000041/amgn-20220630.htm
0000318154-22-000039,company_disclosures,0000318154,Amgen,2022-08-04,,,,,8-K,Amgen,amgn-20220804.htm,2022-08-04,sec_edgar_submissions,collected_metadata,AMGN,https://www.sec.gov/Archives/edgar/data/318154/000031815422000039/amgn-20220804.htm
0001193125-22-211860,company_disclosures,0000318154,Amgen,2022-08-04,,,,,8-K,Amgen,d346334d8k.htm,2022-08-03,sec_edgar_submissions,collected_metadata,AMGN,https://www.sec.gov/Archives/edgar/data/318154/000119312522211860/d346334d8k.htm
0001193125-22-211269,company_disclosures,0000318154,Amgen,2022-08-03,,,,,8-K,Amgen,d386700d8k.htm,2022-08-03,sec_edgar_submissions,collected_metadata,AMGN,https://www.sec.gov/Archives/edgar/data/318154/000119312522211269/d386700d8k.htm
0001193125-22-154061,company_disclosures,0000318154,Amgen,2022-05-18,,,,,8-K,Amgen,d317911d8k.htm,2022-05-17,sec_edgar_submissions,collected_metadata,AMGN,https://www.sec.gov/Archives/edgar/data/318154/000119312522154061/d317911d8k.htm
0000318154-22-000021,company_disclosures,0000318154,Amgen,2022-04-28,,,,,10-Q,Amgen,amgn-20220331.htm,2022-03-31,sec_edgar_submissions,collected_metadata,AMGN,https://www.sec.gov/Archives/edgar/data/318154/000031815422000021/amgn-20220331.htm
0000318154-22-000019,company_disclosures,0000318154,Amgen,2022-04-27,,,,,8-K,Amgen,amgn-20220427.htm,2022-04-27,sec_edgar_submissions,collected_metadata,AMGN,https://www.sec.gov/Archives/edgar/data/318154/000031815422000019/amgn-20220427.htm
0001193125-22-052558,company_disclosures,0000318154,Amgen,2022-02-25,,,,,8-K,Amgen,d290205d8k.htm,2022-02-24,sec_edgar_submissions,collected_metadata,AMGN,https://www.sec.gov/Archives/edgar/data/318154/000119312522052558/d290205d8k.htm
0001193125-22-048514,company_disclosures,0000318154,Amgen,2022-02-22,,,,,8-K,Amgen,d302710d8k.htm,2022-02-17,sec_edgar_submissions,collected_metadata,AMGN,https://www.sec.gov/Archives/edgar/data/318154/000119312522048514/d302710d8k.htm
0000318154-22-000010,company_disclosures,0000318154,Amgen,2022-02-16,,,,,10-K,Amgen,amgn-20211231.htm,2021-12-31,sec_edgar_submissions,collected_metadata,AMGN,https://www.sec.gov/Archives/edgar/data/318154/000031815422000010/amgn-20211231.htm
0000318154-22-000005,company_disclosures,0000318154,Amgen,2022-02-07,,,,,8-K,Amgen,amgn-20220207.htm,2022-02-07,sec_edgar_submissions,collected_metadata,AMGN,https://www.sec.gov/Archives/edgar/data/318154/000031815422000005/amgn-20220207.htm
0001193125-22-023401,company_disclosures,0000318154,Amgen,2022-01-31,,,,,8-K,Amgen,d275986d8k.htm,2022-01-31,sec_edgar_submissions,collected_metadata,AMGN,https://www.sec.gov/Archives/edgar/data/318154/000119312522023401/d275986d8k.htm
0000318154-21-000045,company_disclosures,0000318154,Amgen,2021-11-03,,,,,10-Q,Amgen,amgn-20210930.htm,2021-09-30,sec_edgar_submissions,collected_metadata,AMGN,https://www.sec.gov/Archives/edgar/data/318154/000031815421000045/amgn-20210930.htm
0000318154-21-000042,company_disclosures,0000318154,Amgen,2021-11-02,,,,,8-K,Amgen,amgn-20211102.htm,2021-11-02,sec_edgar_submissions,collected_metadata,AMGN,https://www.sec.gov/Archives/edgar/data/318154/000031815421000042/amgn-20211102.htm
0001193125-21-240434,company_disclosures,0000318154,Amgen,2021-08-09,,,,,8-K,Amgen,d213858d8k.htm,2021-08-09,sec_edgar_submissions,collected_metadata,AMGN,https://www.sec.gov/Archives/edgar/data/318154/000119312521240434/d213858d8k.htm
0000318154-21-000034,company_disclosures,0000318154,Amgen,2021-08-04,,,,,10-Q,Amgen,amgn-20210630.htm,2021-06-30,sec_edgar_submissions,collected_metadata,AMGN,https://www.sec.gov/Archives/edgar/data/318154/000031815421000034/amgn-20210630.htm
0000318154-21-000031,company_disclosures,0000318154,Amgen,2021-08-03,,,,,8-K,Amgen,amgn-20210803.htm,2021-08-03,sec_edgar_submissions,collected_metadata,AMGN,https://www.sec.gov/Archives/edgar/data/318154/000031815421000031/amgn-20210803.htm
0001193125-21-229599,company_disclosures,0000318154,Amgen,2021-07-30,,,,,8-K,Amgen,d198092d8k.htm,2021-07-29,sec_edgar_submissions,collected_metadata,AMGN,https://www.sec.gov/Archives/edgar/data/318154/000119312521229599/d198092d8k.htm
0001193125-21-225743,company_disclosures,0000318154,Amgen,2021-07-27,,,,,8-K,Amgen,d194030d8k.htm,2021-07-27,sec_edgar_submissions,collected_metadata,AMGN,https://www.sec.gov/Archives/edgar/data/318154/000119312521225743/d194030d8k.htm
0001193125-21-177693,company_disclosures,0000318154,Amgen,2021-06-01,,,,,8-K,Amgen,d19128d8k.htm,2021-06-01,sec_edgar_submissions,collected_metadata,AMGN,https://www.sec.gov/Archives/edgar/data/318154/000119312521177693/d19128d8k.htm
0001193125-21-166678,company_disclosures,0000318154,Amgen,2021-05-19,,,,,8-K,Amgen,d165963d8k.htm,2021-05-18,sec_edgar_submissions,collected_metadata,AMGN,https://www.sec.gov/Archives/edgar/data/318154/000119312521166678/d165963d8k.htm
0000318154-21-000019,company_disclosures,0000318154,Amgen,2021-04-28,,,,,10-Q,Amgen,amgn-20210331.htm,2021-03-31,sec_edgar_submissions,collected_metadata,AMGN,https://www.sec.gov/Archives/edgar/data/318154/000031815421000019/amgn-20210331.htm
0000318154-21-000017,company_disclosures,0000318154,Amgen,2021-04-27,,,,,8-K,Amgen,amgn-20210427.htm,2021-04-27,sec_edgar_submissions,collected_metadata,AMGN,https://www.sec.gov/Archives/edgar/data/318154/000031815421000017/amgn-20210427.htm
0001193125-21-118557,company_disclosures,0000318154,Amgen,2021-04-16,,,,,8-K,Amgen,d179323d8k.htm,2021-04-16,sec_edgar_submissions,collected_metadata,AMGN,https://www.sec.gov/Archives/edgar/data/318154/000119312521118557/d179323d8k.htm
0001193125-21-068571,company_disclosures,0000318154,Amgen,2021-03-04,,,,,8-K,Amgen,d151856d8k.htm,2021-03-04,sec_edgar_submissions,collected_metadata,AMGN,https://www.sec.gov/Archives/edgar/data/318154/000119312521068571/d151856d8k.htm
0000318154-21-000010,company_disclosures,0000318154,Amgen,2021-02-09,,,,,10-K,Amgen,amgn-20201231.htm,2020-12-31,sec_edgar_submissions,collected_metadata,AMGN,https://www.sec.gov/Archives/edgar/data/318154/000031815421000010/amgn-20201231.htm
0000318154-21-000005,company_disclosures,0000318154,Amgen,2021-02-02,,,,,8-K,Amgen,amgn-20210202.htm,2021-02-02,sec_edgar_submissions,collected_metadata,AMGN,https://www.sec.gov/Archives/edgar/data/318154/000031815421000005/amgn-20210202.htm
0000318154-20-000060,company_disclosures,0000318154,Amgen,2020-10-29,,,,,10-Q,Amgen,amgn-20200930.htm,2020-09-30,sec_edgar_submissions,collected_metadata,AMGN,https://www.sec.gov/Archives/edgar/data/318154/000031815420000060/amgn-20200930.htm
0000318154-20-000058,company_disclosures,0000318154,Amgen,2020-10-28,,,,,8-K,Amgen,amgn-20201028.htm,2020-10-28,sec_edgar_submissions,collected_metadata,AMGN,https://www.sec.gov/Archives/edgar/data/318154/000031815420000058/amgn-20201028.htm
0001193125-20-222579,company_disclosures,0000318154,Amgen,2020-08-18,,,,,8-K,Amgen,d60848d8k.htm,2020-08-17,sec_edgar_submissions,collected_metadata,AMGN,https://www.sec.gov/Archives/edgar/data/318154/000119312520222579/d60848d8k.htm
0001193125-20-219417,company_disclosures,0000318154,Amgen,2020-08-14,,,,,8-K,Amgen,d96041d8k.htm,2020-08-13,sec_edgar_submissions,collected_metadata,AMGN,https://www.sec.gov/Archives/edgar/data/318154/000119312520219417/d96041d8k.htm
0001193125-20-203443,company_disclosures,0000318154,Amgen,2020-07-30,,,,,8-K,Amgen,d58779d8k.htm,2020-07-30,sec_edgar_submissions,collected_metadata,AMGN,https://www.sec.gov/Archives/edgar/data/318154/000119312520203443/d58779d8k.htm
0000318154-20-000048,company_disclosures,0000318154,Amgen,2020-07-29,,,,,10-Q,Amgen,amgn-20200630.htm,2020-06-30,sec_edgar_submissions,collected_metadata,AMGN,https://www.sec.gov/Archives/edgar/data/318154/000031815420000048/amgn-20200630.htm
0000318154-20-000046,company_disclosures,0000318154,Amgen,2020-07-28,,,,,8-K,Amgen,amgn-20200728.htm,2020-07-28,sec_edgar_submissions,collected_metadata,AMGN,https://www.sec.gov/Archives/edgar/data/318154/000031815420000046/amgn-20200728.htm
0001193125-20-197806,company_disclosures,0000318154,Amgen,2020-07-23,,,,,8-K,Amgen,d931570d8k.htm,2020-07-23,sec_edgar_submissions,collected_metadata,AMGN,https://www.sec.gov/Archives/edgar/data/318154/000119312520197806/d931570d8k.htm
0001193125-20-197795,company_disclosures,0000318154,Amgen,2020-07-23,,,,,8-K,Amgen,d931562d8k.htm,2020-07-22,sec_edgar_submissions,collected_metadata,AMGN,https://www.sec.gov/Archives/edgar/data/318154/000119312520197795/d931562d8k.htm
0001193125-20-147476,company_disclosures,0000318154,Amgen,2020-05-20,,,,,8-K,Amgen,d929990d8k.htm,2020-05-19,sec_edgar_submissions,collected_metadata,AMGN,https://www.sec.gov/Archives/edgar/data/318154/000119312520147476/d929990d8k.htm
0001193125-20-134934,company_disclosures,0000318154,Amgen,2020-05-06,,,,,8-K,Amgen,d925911d8k.htm,2020-05-06,sec_edgar_submissions,collected_metadata,AMGN,https://www.sec.gov/Archives/edgar/data/318154/000119312520134934/d925911d8k.htm
0000318154-20-000031,company_disclosures,0000318154,Amgen,2020-05-01,,,,,10-Q,Amgen,amgn-2020331x10q.htm,2020-03-31,sec_edgar_submissions,collected_metadata,AMGN,https://www.sec.gov/Archives/edgar/data/318154/000031815420000031/amgn-2020331x10q.htm
0000318154-20-000027,company_disclosures,0000318154,Amgen,2020-04-30,,,,,8-K,Amgen,amgn-2020331form8xk.htm,2020-04-30,sec_edgar_submissions,collected_metadata,AMGN,https://www.sec.gov/Archives/edgar/data/318154/000031815420000027/amgn-2020331form8xk.htm
0001193125-20-091961,company_disclosures,0000318154,Amgen,2020-03-31,,,,,8-K,Amgen,d909505d8k.htm,2020-03-31,sec_edgar_submissions,collected_metadata,AMGN,https://www.sec.gov/Archives/edgar/data/318154/000119312520091961/d909505d8k.htm
0001193125-20-044757,company_disclosures,0000318154,Amgen,2020-02-21,,,,,8-K,Amgen,d894000d8k.htm,2020-02-21,sec_edgar_submissions,collected_metadata,AMGN,https://www.sec.gov/Archives/edgar/data/318154/000119312520044757/d894000d8k.htm
0000318154-20-000017,company_disclosures,0000318154,Amgen,2020-02-12,,,,,10-K,Amgen,amgn-12312019x10kq42019.htm,2019-12-31,sec_edgar_submissions,collected_metadata,AMGN,https://www.sec.gov/Archives/edgar/data/318154/000031815420000017/amgn-12312019x10kq42019.htm
0000318154-20-000012,company_disclosures,0000318154,Amgen,2020-01-30,,,,,8-K,Amgen,amgn-20191231form8xk.htm,2020-01-30,sec_edgar_submissions,collected_metadata,AMGN,https://www.sec.gov/Archives/edgar/data/318154/000031815420000012/amgn-20191231form8xk.htm
0000078003-26-000054,company_disclosures,0000078003,Pfizer,2026-05-05,2081775,Pfizer,17f657787a12c788ccb2a2708940c6933f1a023b05d804079f0b672b3e36d64b,lAndBiosimilarsMember pfe:BiopharmaSegmentMember 2026-01-01 2026-03-29 0000078003 pfe:AllOtherHospitalAndBiosimilarsMember pfe:HospitalAndBiosimilarsMember pfe:BiopharmaSegmentMember 2025-01-01 2025-03-30 0000078003 pfe:PfizerCentreOneMember 2026-01-01 2026-03-29 0000078003 pfe:PfizerCentreOneMember 2025-01-01 2025-03-30 0000078003 pfe:BiopharmaSegmentMember pfe:U.S.CommercialDivisionMember 2026-01-01 2026-03-29 0000078003 pfe:BiopharmaSegmen,10-Q,Pfizer,pfe-20260329.htm,2026-03-29,sec_edgar_submissions,collected_with_text,PFE,https://www.sec.gov/Archives/edgar/data/78003/000007800326000054/pfe-20260329.htm
0000078003-26-000053,company_disclosures,0000078003,Pfizer,2026-05-05,40858,Pfizer,938469f7d876c65a96983239ae82f2c03321c3d17d2d6ea5c5225e5c10e65b5f,"ATES SECURITIES AND EXCHANGE COMMISSION Washington, D.C. 20549 FORM 8-K CURRENT REPORT PURSUANT TO SECTION 13 OR 15(d) OF THE SECURITIES EXCHANGE ACT OF 1934 Date of Report (Date of earliest event reported): May 5, 2026 PFIZER INC . (Exact name of registrant as specified in its charter) Delaware 1-3619 13-5315170 (State or other (Commission File (I.R.S. Employer jurisdiction of Number) Identification No.) incorporation) 66 Hudson Boulevard Ea",8-K,Pfizer,pfe-20260505.htm,2026-05-05,sec_edgar_submissions,collected_with_text,PFE,https://www.sec.gov/Archives/edgar/data/78003/000007800326000053/pfe-20260505.htm
0000078003-26-000044,company_disclosures,0000078003,Pfizer,2026-04-27,65769,Pfizer,20aadbc8a0f94222049a08003c5ba0435974dbaa4d9f719bd45a57ae4e1266d0,"S SECURITIES AND EXCHANGE COMMISSION Washington, D.C. 20549 FORM 8-K CURRENT REPORT PURSUANT TO SECTION 13 OR 15(d) OF THE SECURITIES EXCHANGE ACT OF 1934 Date of report (Date of earliest event reported): April 23, 2026 PFIZER INC . (Exact name of registrant as specified in its charter) Delaware 1-3619 13-5315170 (State or other (Commission File (I.R.S. Employer jurisdiction of Number) Identification No.) incorporation) 66 Hudson Boulevard Ea",8-K,Pfizer,pfe-20260423.htm,2026-04-23,sec_edgar_submissions,collected_with_text,PFE,https://www.sec.gov/Archives/edgar/data/78003/000007800326000044/pfe-20260423.htm
0000078003-26-000026,company_disclosures,0000078003,Pfizer,2026-02-26,5222687,Amgen; Eli Lilly; Novo Nordisk; Pfizer,438f44d9c6df1ce6b65ca506101f698eea039f470852d3b2235635342ca78b34,"00 investment on December 31, 2020, and reinvestment of all dividends, in each of the Company’s Common Stock, a composite peer group of the major U.S. and European-based pharmaceutical companies, which are: AbbVie Inc., Amgen Inc., AstraZeneca PLC, Bristol-Myers Squibb Company, Eli Lilly and Company, GSK plc, Johnson & Johnson, Merck & Co., Inc., Novartis AG, Novo Nordisk, Roche Holding AG and Sanofi, the S&P 500 Index and the NYSE Arca Phar",10-K,Amgen; Eli Lilly; Novo Nordisk; Pfizer,pfe-20251231.htm,2025-12-31,sec_edgar_submissions,collected_with_text,PFE,https://www.sec.gov/Archives/edgar/data/78003/000007800326000026/pfe-20251231.htm
0000078003-26-000005,company_disclosures,0000078003,Pfizer,2026-02-03,40888,Pfizer,cfa6747f8d3d0535832b39682706a855ae134863412f526823686d252a1cbd57,"SECURITIES AND EXCHANGE COMMISSION Washington, D.C. 20549 FORM 8-K CURRENT REPORT PURSUANT TO SECTION 13 OR 15(d) OF THE SECURITIES EXCHANGE ACT OF 1934 Date of Report (Date of earliest event reported): February 3, 2026 PFIZER INC . (Exact name of registrant as specified in its charter) Delaware 1-3619 13-5315170 (State or other (Commission File (I.R.S. Employer jurisdiction of Number) Identification No.) incorporation) 66 Hudson Boulevard Ea",8-K,Pfizer,pfe-20260203.htm,2026-02-03,sec_edgar_submissions,collected_with_text,PFE,https://www.sec.gov/Archives/edgar/data/78003/000007800326000005/pfe-20260203.htm
0000078003-25-000167,company_disclosures,0000078003,Pfizer,2025-12-16,38464,Pfizer,c4730df0f47308e57dcbf3e25d5d1c0a8f67438ae97a770950e3a077e5def71b,"ECURITIES AND EXCHANGE COMMISSION Washington, D.C. 20549 FORM 8-K CURRENT REPORT PURSUANT TO SECTION 13 OR 15(d) OF THE SECURITIES EXCHANGE ACT OF 1934 Date of Report (Date of earliest event reported): December 16, 2025 PFIZER INC . (Exact name of registrant as specified in its charter) Delaware 1-3619 13-5315170 (State or other (Commission File (I.R.S. Employer jurisdiction of Number) Identification No.) incorporation) 66 Hudson Boulevard Ea",8-K,Pfizer,pfe-20251216.htm,2025-12-16,sec_edgar_submissions,collected_with_text,PFE,https://www.sec.gov/Archives/edgar/data/78003/000007800325000167/pfe-20251216.htm
0001193125-25-291406,company_disclosures,0000078003,Pfizer,2025-11-21,44650,Pfizer,584b5265b13332caa4ded821ef820672d05751fff412ee2f70c402d4874d38df,8-K PFIZER INC false 0000078003 0000078003 2025-11-18 2025-11-18 0000078003 us-gaap:CommonStockMember 2025-11-18 2025-11-18 0000078003 pfe:M1.000NotesDue20275Member 2025-11-18 2025-11-18 0000078003 pfe:M2.875NotesDue20291Member 20,8-K,Pfizer,d80089d8k.htm,2025-11-18,sec_edgar_submissions,collected_with_text,PFE,https://www.sec.gov/Archives/edgar/data/78003/000119312525291406/d80089d8k.htm
0001193125-25-289779,company_disclosures,0000078003,Pfizer,2025-11-20,534828,Pfizer,8327c67adf11557720b11b17135d21394401b4b56f1e0f853570e4c2f5215baa,"424B5 1 d95338d424b5.htm 424B5 424B5 Table of Contents Filed Pursuant to Rule 424(b)(5) Registration No. 333-277323 PROSPECTUS SUPPLEMENT (To Prospectus dated May 13, 2025) Pfizer Inc. $500,000,000 FLOATING RATE NOTES DUE 2027 $1,000,000,000 3.875% NOTES DUE 2027 $1,000,000,000 4.200% NOTES DUE 2030 $1,250,000,000 4.500% NOTES DUE 2032 $1,250,000,000 4.875% NOTES DUE 2035 $500,000,000 5.600% NOTE",424B5,Pfizer,d95338d424b5.htm,,sec_edgar_submissions,collected_with_text,PFE,https://www.sec.gov/Archives/edgar/data/78003/000119312525289779/d95338d424b5.htm
0000078003-25-000159,company_disclosures,0000078003,Pfizer,2025-11-13,,,,,8-K,Pfizer,pfe-20251113.htm,2025-11-13,sec_edgar_submissions,collected_metadata,PFE,https://www.sec.gov/Archives/edgar/data/78003/000007800325000159/pfe-20251113.htm
0000078003-25-000150,company_disclosures,0000078003,Pfizer,2025-11-04,,,,,10-Q,Pfizer,pfe-20250928.htm,2025-09-28,sec_edgar_submissions,collected_metadata,PFE,https://www.sec.gov/Archives/edgar/data/78003/000007800325000150/pfe-20250928.htm
0000078003-25-000149,company_disclosures,0000078003,Pfizer,2025-11-04,,,,,8-K,Pfizer,pfe-20251104.htm,2025-11-04,sec_edgar_submissions,collected_metadata,PFE,https://www.sec.gov/Archives/edgar/data/78003/000007800325000149/pfe-20251104.htm
0000078003-25-000138,company_disclosures,0000078003,Pfizer,2025-08-05,,,,,10-Q,Pfizer,pfe-20250629.htm,2025-06-29,sec_edgar_submissions,collected_metadata,PFE,https://www.sec.gov/Archives/edgar/data/78003/000007800325000138/pfe-20250629.htm
0000078003-25-000136,company_disclosures,0000078003,Pfizer,2025-08-05,,,,,8-K,Pfizer,pfe-20250805.htm,2025-08-05,sec_edgar_submissions,collected_metadata,PFE,https://www.sec.gov/Archives/edgar/data/78003/000007800325000136/pfe-20250805.htm
0001193125-25-122480,company_disclosures,0000078003,Pfizer,2025-05-19,,,,,8-K,Pfizer,d60311d8k.htm,2025-05-14,sec_edgar_submissions,collected_metadata,PFE,https://www.sec.gov/Archives/edgar/data/78003/000119312525122480/d60311d8k.htm
0001193125-25-120844,company_disclosures,0000078003,Pfizer,2025-05-15,,,,,424B5,Pfizer,d910320d424b5.htm,,sec_edgar_submissions,collected_metadata,PFE,https://www.sec.gov/Archives/edgar/data/78003/000119312525120844/d910320d424b5.htm
0000078003-25-000114,company_disclosures,0000078003,Pfizer,2025-05-05,,,,,10-Q,Pfizer,pfe-20250330.htm,2025-03-30,sec_edgar_submissions,collected_metadata,PFE,https://www.sec.gov/Archives/edgar/data/78003/000007800325000114/pfe-20250330.htm
0000078003-25-000111,company_disclosures,0000078003,Pfizer,2025-04-29,,,,,8-K,Pfizer,pfe-20250429.htm,2025-04-29,sec_edgar_submissions,collected_metadata,PFE,https://www.sec.gov/Archives/edgar/data/78003/000007800325000111/pfe-20250429.htm
0000078003-25-000109,company_disclosures,0000078003,Pfizer,2025-04-28,,,,,8-K,Pfizer,pfe-20250424.htm,2025-04-24,sec_edgar_submissions,collected_metadata,PFE,https://www.sec.gov/Archives/edgar/data/78003/000007800325000109/pfe-20250424.htm
0000078003-25-000054,company_disclosures,0000078003,Pfizer,2025-02-27,,,,,10-K,Pfizer,pfe-20241231.htm,2024-12-31,sec_edgar_submissions,collected_metadata,PFE,https://www.sec.gov/Archives/edgar/data/78003/000007800325000054/pfe-20241231.htm
0000078003-25-000017,company_disclosures,0000078003,Pfizer,2025-02-04,,,,,8-K,Pfizer,pfe-20250204.htm,2025-02-04,sec_edgar_submissions,collected_metadata,PFE,https://www.sec.gov/Archives/edgar/data/78003/000007800325000017/pfe-20250204.htm
0000078003-24-000195,company_disclosures,0000078003,Pfizer,2024-12-17,,,,,8-K,Pfizer,pfe-20241217.htm,2024-12-17,sec_edgar_submissions,collected_metadata,PFE,https://www.sec.gov/Archives/edgar/data/78003/000007800324000195/pfe-20241217.htm
0000078003-24-000191,company_disclosures,0000078003,Pfizer,2024-11-04,,,,,10-Q,Pfizer,pfe-20240929.htm,2024-09-29,sec_edgar_submissions,collected_metadata,PFE,https://www.sec.gov/Archives/edgar/data/78003/000007800324000191/pfe-20240929.htm
0000078003-24-000188,company_disclosures,0000078003,Pfizer,2024-10-29,,,,,8-K,Pfizer,pfe-20241029.htm,2024-10-29,sec_edgar_submissions,collected_metadata,PFE,https://www.sec.gov/Archives/edgar/data/78003/000007800324000188/pfe-20241029.htm
0000078003-24-000185,company_disclosures,0000078003,Pfizer,2024-10-15,,,,,8-K,Pfizer,pfe-20241010.htm,2024-10-10,sec_edgar_submissions,collected_metadata,PFE,https://www.sec.gov/Archives/edgar/data/78003/000007800324000185/pfe-20241010.htm
0000078003-24-000166,company_disclosures,0000078003,Pfizer,2024-08-05,,,,,10-Q,Pfizer,pfe-20240630.htm,2024-06-30,sec_edgar_submissions,collected_metadata,PFE,https://www.sec.gov/Archives/edgar/data/78003/000007800324000166/pfe-20240630.htm
0000078003-24-000155,company_disclosures,0000078003,Pfizer,2024-07-30,,,,,8-K,Pfizer,pfe-20240730.htm,2024-07-30,sec_edgar_submissions,collected_metadata,PFE,https://www.sec.gov/Archives/edgar/data/78003/000007800324000155/pfe-20240730.htm
0000078003-24-000144,company_disclosures,0000078003,Pfizer,2024-07-26,,,,,8-K,Pfizer,pfe-20240724.htm,2024-07-24,sec_edgar_submissions,collected_metadata,PFE,https://www.sec.gov/Archives/edgar/data/78003/000007800324000144/pfe-20240724.htm
0000078003-24-000130,company_disclosures,0000078003,Pfizer,2024-07-10,,,,,8-K,Pfizer,pfe-20240709.htm,2024-07-09,sec_edgar_submissions,collected_metadata,PFE,https://www.sec.gov/Archives/edgar/data/78003/000007800324000130/pfe-20240709.htm
0000078003-24-000127,company_disclosures,0000078003,Pfizer,2024-07-01,,,,,8-K,Pfizer,pfe-20240627.htm,2024-06-27,sec_edgar_submissions,collected_metadata,PFE,https://www.sec.gov/Archives/edgar/data/78003/000007800324000127/pfe-20240627.htm
0000078003-24-000113,company_disclosures,0000078003,Pfizer,2024-05-22,,,,,8-K,Pfizer,pfe-20240522.htm,2024-05-22,sec_edgar_submissions,collected_metadata,PFE,https://www.sec.gov/Archives/edgar/data/78003/000007800324000113/pfe-20240522.htm
0000078003-24-000107,company_disclosures,0000078003,Pfizer,2024-05-08,,,,,10-Q,Pfizer,pfe-20240331.htm,2024-03-31,sec_edgar_submissions,collected_metadata,PFE,https://www.sec.gov/Archives/edgar/data/78003/000007800324000107/pfe-20240331.htm
0000078003-24-000103,company_disclosures,0000078003,Pfizer,2024-05-01,,,,,8-K,Pfizer,pfe-20240501.htm,2024-05-01,sec_edgar_submissions,collected_metadata,PFE,https://www.sec.gov/Archives/edgar/data/78003/000007800324000103/pfe-20240501.htm
0000078003-24-000101,company_disclosures,0000078003,Pfizer,2024-04-29,,,,,8-K,Pfizer,pfe-20240425.htm,2024-04-25,sec_edgar_submissions,collected_metadata,PFE,https://www.sec.gov/Archives/edgar/data/78003/000007800324000101/pfe-20240425.htm
0000078003-24-000039,company_disclosures,0000078003,Pfizer,2024-02-22,,,,,10-K,Pfizer,pfe-20231231.htm,2023-12-31,sec_edgar_submissions,collected_metadata,PFE,https://www.sec.gov/Archives/edgar/data/78003/000007800324000039/pfe-20231231.htm
0000078003-24-000017,company_disclosures,0000078003,Pfizer,2024-01-30,,,,,8-K,Pfizer,pfe-20240130.htm,2024-01-30,sec_edgar_submissions,collected_metadata,PFE,https://www.sec.gov/Archives/edgar/data/78003/000007800324000017/pfe-20240130.htm
0000078003-24-000006,company_disclosures,0000078003,Pfizer,2024-01-10,,,,,8-K,Pfizer,pfe-20240110.htm,2024-01-10,sec_edgar_submissions,collected_metadata,PFE,https://www.sec.gov/Archives/edgar/data/78003/000007800324000006/pfe-20240110.htm
0001193125-23-294930,company_disclosures,0000078003,Pfizer,2023-12-14,,,,,8-K,Pfizer,d553734d8k.htm,2023-12-14,sec_edgar_submissions,collected_metadata,PFE,https://www.sec.gov/Archives/edgar/data/78003/000119312523294930/d553734d8k.htm
0000078003-23-000120,company_disclosures,0000078003,Pfizer,2023-12-13,,,,,8-K,Pfizer,pfe-20231213.htm,2023-12-13,sec_edgar_submissions,collected_metadata,PFE,https://www.sec.gov/Archives/edgar/data/78003/000007800323000120/pfe-20231213.htm
0000078003-23-000118,company_disclosures,0000078003,Pfizer,2023-12-12,,,,,8-K,Pfizer,pfe-20231207.htm,2023-12-07,sec_edgar_submissions,collected_metadata,PFE,https://www.sec.gov/Archives/edgar/data/78003/000007800323000118/pfe-20231207.htm
0000078003-23-000115,company_disclosures,0000078003,Pfizer,2023-11-08,,,,,10-Q,Pfizer,pfe-20231001.htm,2023-10-01,sec_edgar_submissions,collected_metadata,PFE,https://www.sec.gov/Archives/edgar/data/78003/000007800323000115/pfe-20231001.htm
0000078003-23-000111,company_disclosures,0000078003,Pfizer,2023-10-31,,,,,8-K,Pfizer,pfe-20231031.htm,2023-10-31,sec_edgar_submissions,collected_metadata,PFE,https://www.sec.gov/Archives/edgar/data/78003/000007800323000111/pfe-20231031.htm
0000078003-23-000099,company_disclosures,0000078003,Pfizer,2023-10-13,,,,,8-K,Pfizer,pfe-20231013.htm,2023-10-13,sec_edgar_submissions,collected_metadata,PFE,https://www.sec.gov/Archives/edgar/data/78003/000007800323000099/pfe-20231013.htm
0000078003-23-000088,company_disclosures,0000078003,Pfizer,2023-08-09,,,,,10-Q,Pfizer,pfe-20230702.htm,2023-07-02,sec_edgar_submissions,collected_metadata,PFE,https://www.sec.gov/Archives/edgar/data/78003/000007800323000088/pfe-20230702.htm
0000078003-23-000085,company_disclosures,0000078003,Pfizer,2023-08-01,,,,,8-K,Pfizer,pfe-20230801.htm,2023-08-01,sec_edgar_submissions,collected_metadata,PFE,https://www.sec.gov/Archives/edgar/data/78003/000007800323000085/pfe-20230801.htm
0000078003-23-000081,company_disclosures,0000078003,Pfizer,2023-07-27,,,,,8-K,Pfizer,pfe-20230721.htm,2023-07-21,sec_edgar_submissions,collected_metadata,PFE,https://www.sec.gov/Archives/edgar/data/78003/000007800323000081/pfe-20230721.htm
0001193125-23-149364,company_disclosures,0000078003,Pfizer,2023-05-19,,,,,8-K,Pfizer,d414076d8k.htm,2023-05-16,sec_edgar_submissions,collected_metadata,PFE,https://www.sec.gov/Archives/edgar/data/78003/000119312523149364/d414076d8k.htm
0001193125-23-148218,company_disclosures,0000078003,Pfizer,2023-05-18,,,,,424B5,Pfizer,d502458d424b5.htm,,sec_edgar_submissions,collected_metadata,PFE,https://www.sec.gov/Archives/edgar/data/78003/000119312523148218/d502458d424b5.htm
0001193125-23-144089,company_disclosures,0000078003,Pfizer,2023-05-15,,,,,8-K,Pfizer,d474141d8k.htm,2023-05-12,sec_edgar_submissions,collected_metadata,PFE,https://www.sec.gov/Archives/edgar/data/78003/000119312523144089/d474141d8k.htm
0001628280-23-017196,company_disclosures,0000078003,Pfizer,2023-05-10,,,,,10-Q,Pfizer,pfe-20230402.htm,2023-04-02,sec_edgar_submissions,collected_metadata,PFE,https://www.sec.gov/Archives/edgar/data/78003/000162828023017196/pfe-20230402.htm
0001628280-23-014759,company_disclosures,0000078003,Pfizer,2023-05-02,,,,,8-K,Pfizer,pfe-20230502.htm,2023-05-02,sec_edgar_submissions,collected_metadata,PFE,https://www.sec.gov/Archives/edgar/data/78003/000162828023014759/pfe-20230502.htm
0001628280-23-014368,company_disclosures,0000078003,Pfizer,2023-05-01,,,,,8-K,Pfizer,pfe-20230427.htm,2023-04-27,sec_edgar_submissions,collected_metadata,PFE,https://www.sec.gov/Archives/edgar/data/78003/000162828023014368/pfe-20230427.htm
0001193125-23-068538,company_disclosures,0000078003,Pfizer,2023-03-13,,,,,8-K,Pfizer,d408093d8k.htm,2023-03-12,sec_edgar_submissions,collected_metadata,PFE,https://www.sec.gov/Archives/edgar/data/78003/000119312523068538/d408093d8k.htm
0000078003-23-000024,company_disclosures,0000078003,Pfizer,2023-02-23,,,,,10-K,Pfizer,pfe-20221231.htm,2022-12-31,sec_edgar_submissions,collected_metadata,PFE,https://www.sec.gov/Archives/edgar/data/78003/000007800323000024/pfe-20221231.htm
0000078003-23-000019,company_disclosures,0000078003,Pfizer,2023-02-21,,,,,8-K,Pfizer,pfe-20230221.htm,2023-02-21,sec_edgar_submissions,collected_metadata,PFE,https://www.sec.gov/Archives/edgar/data/78003/000007800323000019/pfe-20230221.htm
0000078003-23-000004,company_disclosures,0000078003,Pfizer,2023-01-31,,,,,8-K,Pfizer,pfe-20230131.htm,2023-01-31,sec_edgar_submissions,collected_metadata,PFE,https://www.sec.gov/Archives/edgar/data/78003/000007800323000004/pfe-20230131.htm
0000078003-22-000107,company_disclosures,0000078003,Pfizer,2022-12-13,,,,,8-K,Pfizer,pfe-20221209.htm,2022-12-09,sec_edgar_submissions,collected_metadata,PFE,https://www.sec.gov/Archives/edgar/data/78003/000007800322000107/pfe-20221209.htm
0000078003-22-000101,company_disclosures,0000078003,Pfizer,2022-11-09,,,,,10-Q,Pfizer,pfe-20221002.htm,2022-10-02,sec_edgar_submissions,collected_metadata,PFE,https://www.sec.gov/Archives/edgar/data/78003/000007800322000101/pfe-20221002.htm
0000078003-22-000098,company_disclosures,0000078003,Pfizer,2022-11-01,,,,,8-K,Pfizer,pfe-20221101.htm,2022-11-01,sec_edgar_submissions,collected_metadata,PFE,https://www.sec.gov/Archives/edgar/data/78003/000007800322000098/pfe-20221101.htm
0000078003-22-000094,company_disclosures,0000078003,Pfizer,2022-08-10,,,,,10-Q,Pfizer,pfe-20220703.htm,2022-07-03,sec_edgar_submissions,collected_metadata,PFE,https://www.sec.gov/Archives/edgar/data/78003/000007800322000094/pfe-20220703.htm
0000078003-22-000091,company_disclosures,0000078003,Pfizer,2022-07-28,,,,,8-K,Pfizer,pfe-20220728.htm,2022-07-28,sec_edgar_submissions,collected_metadata,PFE,https://www.sec.gov/Archives/edgar/data/78003/000007800322000091/pfe-20220728.htm
0000078003-22-000071,company_disclosures,0000078003,Pfizer,2022-05-11,,,,,10-Q,Pfizer,pfe-20220403.htm,2022-04-03,sec_edgar_submissions,collected_metadata,PFE,https://www.sec.gov/Archives/edgar/data/78003/000007800322000071/pfe-20220403.htm
0001193125-22-145661,company_disclosures,0000078003,Pfizer,2022-05-10,,,,,8-K,Pfizer,d336582d8k.htm,2022-05-09,sec_edgar_submissions,collected_metadata,PFE,https://www.sec.gov/Archives/edgar/data/78003/000119312522145661/d336582d8k.htm
0000078003-22-000068,company_disclosures,0000078003,Pfizer,2022-05-03,,,,,8-K,Pfizer,pfe-20220503.htm,2022-05-03,sec_edgar_submissions,collected_metadata,PFE,https://www.sec.gov/Archives/edgar/data/78003/000007800322000068/pfe-20220503.htm
0000078003-22-000066,company_disclosures,0000078003,Pfizer,2022-05-02,,,,,8-K,Pfizer,pfe-20220428.htm,2022-04-28,sec_edgar_submissions,collected_metadata,PFE,https://www.sec.gov/Archives/edgar/data/78003/000007800322000066/pfe-20220428.htm
0000078003-22-000062,company_disclosures,0000078003,Pfizer,2022-04-20,,,,,8-K,Pfizer,pfe-20220420.htm,2022-04-20,sec_edgar_submissions,collected_metadata,PFE,https://www.sec.gov/Archives/edgar/data/78003/000007800322000062/pfe-20220420.htm
0000078003-22-000057,company_disclosures,0000078003,Pfizer,2022-04-12,,,,,8-K,Pfizer,pfe-20220411.htm,2022-04-11,sec_edgar_submissions,collected_metadata,PFE,https://www.sec.gov/Archives/edgar/data/78003/000007800322000057/pfe-20220411.htm
0001193125-22-088144,company_disclosures,0000078003,Pfizer,2022-03-29,,,,,8-K,Pfizer,d284315d8k.htm,2022-03-24,sec_edgar_submissions,collected_metadata,PFE,https://www.sec.gov/Archives/edgar/data/78003/000119312522088144/d284315d8k.htm
0000078003-22-000027,company_disclosures,0000078003,Pfizer,2022-02-24,,,,,10-K,Pfizer,pfe-20211231.htm,2021-12-31,sec_edgar_submissions,collected_metadata,PFE,https://www.sec.gov/Archives/edgar/data/78003/000007800322000027/pfe-20211231.htm
0000078003-22-000003,company_disclosures,0000078003,Pfizer,2022-02-08,,,,,8-K,Pfizer,pfe-20220208.htm,2022-02-08,sec_edgar_submissions,collected_metadata,PFE,https://www.sec.gov/Archives/edgar/data/78003/000007800322000003/pfe-20220208.htm
0000078003-21-000118,company_disclosures,0000078003,Pfizer,2021-12-15,,,,,8-K,Pfizer,pfe-20211209.htm,2021-12-09,sec_edgar_submissions,collected_metadata,PFE,https://www.sec.gov/Archives/edgar/data/78003/000007800321000118/pfe-20211209.htm
0000078003-21-000114,company_disclosures,0000078003,Pfizer,2021-11-19,,,,,8-K,Pfizer,pfe-20211115.htm,2021-11-15,sec_edgar_submissions,collected_metadata,PFE,https://www.sec.gov/Archives/edgar/data/78003/000007800321000114/pfe-20211115.htm
0000078003-21-000107,company_disclosures,0000078003,Pfizer,2021-11-12,,,,,10-Q,Pfizer,pfe-20211003.htm,2021-10-03,sec_edgar_submissions,collected_metadata,PFE,https://www.sec.gov/Archives/edgar/data/78003/000007800321000107/pfe-20211003.htm
0000078003-21-000104,company_disclosures,0000078003,Pfizer,2021-11-02,,,,,8-K,Pfizer,pfe-20211102.htm,2021-11-02,sec_edgar_submissions,collected_metadata,PFE,https://www.sec.gov/Archives/edgar/data/78003/000007800321000104/pfe-20211102.htm
0001193125-21-250347,company_disclosures,0000078003,Pfizer,2021-08-18,,,,,8-K,Pfizer,d340659d8k.htm,2021-08-16,sec_edgar_submissions,collected_metadata,PFE,https://www.sec.gov/Archives/edgar/data/78003/000119312521250347/d340659d8k.htm
0001193125-21-249117,company_disclosures,0000078003,Pfizer,2021-08-17,,,,,424B5,Pfizer,d195617d424b5.htm,,sec_edgar_submissions,collected_metadata,PFE,https://www.sec.gov/Archives/edgar/data/78003/000119312521249117/d195617d424b5.htm
0000078003-21-000093,company_disclosures,0000078003,Pfizer,2021-08-12,,,,,10-Q,Pfizer,pfe-20210704.htm,2021-07-04,sec_edgar_submissions,collected_metadata,PFE,https://www.sec.gov/Archives/edgar/data/78003/000007800321000093/pfe-20210704.htm
0000078003-21-000090,company_disclosures,0000078003,Pfizer,2021-07-28,,,,,8-K,Pfizer,pfe-20210728.htm,2021-07-28,sec_edgar_submissions,collected_metadata,PFE,https://www.sec.gov/Archives/edgar/data/78003/000007800321000090/pfe-20210728.htm
0000078003-21-000087,company_disclosures,0000078003,Pfizer,2021-07-09,,,,,8-K,Pfizer,pfe-20210706.htm,2021-07-06,sec_edgar_submissions,collected_metadata,PFE,https://www.sec.gov/Archives/edgar/data/78003/000007800321000087/pfe-20210706.htm
0000078003-21-000065,company_disclosures,0000078003,Pfizer,2021-05-13,,,,,10-Q,Pfizer,pfe-20210404.htm,2021-04-04,sec_edgar_submissions,collected_metadata,PFE,https://www.sec.gov/Archives/edgar/data/78003/000007800321000065/pfe-20210404.htm
0000078003-21-000062,company_disclosures,0000078003,Pfizer,2021-05-04,,,,,8-K,Pfizer,pfe-20210504.htm,2021-05-04,sec_edgar_submissions,collected_metadata,PFE,https://www.sec.gov/Archives/edgar/data/78003/000007800321000062/pfe-20210504.htm
0000078003-21-000059,company_disclosures,0000078003,Pfizer,2021-04-26,,,,,8-K,Pfizer,pfe-20210422.htm,2021-04-22,sec_edgar_submissions,collected_metadata,PFE,https://www.sec.gov/Archives/edgar/data/78003/000007800321000059/pfe-20210422.htm
0000078003-21-000038,company_disclosures,0000078003,Pfizer,2021-02-25,,,,,10-K,Pfizer,pfe-20201231.htm,2020-12-31,sec_edgar_submissions,collected_metadata,PFE,https://www.sec.gov/Archives/edgar/data/78003/000007800321000038/pfe-20201231.htm
0000078003-21-000003,company_disclosures,0000078003,Pfizer,2021-02-02,,,,,8-K,Pfizer,pfe-20210202.htm,2021-02-02,sec_edgar_submissions,collected_metadata,PFE,https://www.sec.gov/Archives/edgar/data/78003/000007800321000003/pfe-20210202.htm
0001193125-21-006923,company_disclosures,0000078003,Pfizer,2021-01-12,,,,,8-K,Pfizer,d102109d8k.htm,2021-01-12,sec_edgar_submissions,collected_metadata,PFE,https://www.sec.gov/Archives/edgar/data/78003/000119312521006923/d102109d8k.htm
0001193125-20-317074,company_disclosures,0000078003,Pfizer,2020-12-14,,,,,8-K,Pfizer,d36307d8k.htm,2020-12-14,sec_edgar_submissions,collected_metadata,PFE,https://www.sec.gov/Archives/edgar/data/78003/000119312520317074/d36307d8k.htm
0001193125-26-239535,company_disclosures,0001607678,Viking Therapeutics,2026-05-26,75004,Viking Therapeutics,ad7f66573d3e7739ffc00257e14666fe740e7567bc4137cd36d9927b0164965c,"TES SECURITIES AND EXCHANGE COMMISSION WASHINGTON, D.C. 20549 FORM 8-K CURRENT REPORT Pursuant to Section 13 or 15(d) of the Securities Exchange Act of 1934 Date of Report (Date of earliest event reported): May 19, 2026 Viking Therapeutics, Inc. (Exact name of Registrant as Specified in Its Charter) Delaware 001-37355 46-1073877 (State or Other Jurisdiction of Incorporation) (Commission File Number) (IRS Employer Identification No.) 9920 Pacific Heights B",8-K,Viking Therapeutics,vktx-20260519.htm,2026-05-19,sec_edgar_submissions,collected_with_text,VKTX,https://www.sec.gov/Archives/edgar/data/1607678/000119312526239535/vktx-20260519.htm
0001193125-26-193315,company_disclosures,0001607678,Viking Therapeutics,2026-04-30,2158145,ALT 801; ALT-801; Altimmune; Amgen; BI 456906; CagriSema; Eli Lilly; MariTide; Novo Nordisk; Orforglipron; Pemvidutide; Pfizer; Retatrutide; Saxenda; Survodutide; VK2735; Viking Therapeutics; Wegovy; Zealand Pharma; Zepbound; liraglutide; orforglipron; pemvidutide; retatrutide; semaglutide; survodutide; tirzepatide,6fb947ddee50dbeef4567e1fdc13d23fb57466edf979547b5faf7836aebe4309,"fermin alfa and GSK4532990 (ARO-HSD) from GlaxoSmithKline plc., rapirosiran (ALN-HSD) from Alnylam Pharmaceuticals, Inc./ Regeneron Pharmaceuticals Inc., efinopegdutide (MK-6024) from Merck & Co., Inc., and pemvidutide (ALT-801) from Altimmune, Inc., pegozafermin (BIO89-100) from Hoffmann-La Roche Ltd, and ALG-055009 from Aligos Therapeutics, Inc. In addition, we are aware of active programs at Arrowhead Pharmaceuticals, Inc., Ascletis Pharma ",10-Q,ALT 801; ALT-801; Altimmune; Amgen; BI 456906; CagriSema; Eli Lilly; MariTide; Novo Nordisk; Orforglipron; Pemvidutide; Pfizer; Retatrutide; Saxenda; Survodutide; VK2735; Viking Therapeutics; Wegovy; Zealand Pharma; Zepbound; liraglutide; orforglipron; pemvidutide; retatrutide; semaglutide; survodutide; tirzepatide,vktx-20260331.htm,2026-03-31,sec_edgar_submissions,collected_with_text,VKTX,https://www.sec.gov/Archives/edgar/data/1607678/000119312526193315/vktx-20260331.htm
0001193125-26-191487,company_disclosures,0001607678,Viking Therapeutics,2026-04-29,46097,Viking Therapeutics,b14ae5eeeeffc40b5de6801ad0b44a76d476061bf258ed02ac1d84ff24dd48e5,"S SECURITIES AND EXCHANGE COMMISSION WASHINGTON, D.C. 20549 FORM 8-K CURRENT REPORT Pursuant to Section 13 or 15(d) of the Securities Exchange Act of 1934 Date of Report (Date of earliest event reported): April 29, 2026 Viking Therapeutics, Inc. (Exact name of Registrant as Specified in Its Charter) Delaware 001-37355 46-1073877 (State or Other Jurisdiction of Incorporation) (Commission File Number) (IRS Employer Identification No.) 9920 Pacific Heights B",8-K,Viking Therapeutics,vktx-20260429.htm,2026-04-29,sec_edgar_submissions,collected_with_text,VKTX,https://www.sec.gov/Archives/edgar/data/1607678/000119312526191487/vktx-20260429.htm
0001193125-26-046876,company_disclosures,0001607678,Viking Therapeutics,2026-02-11,3474627,ALT 801; ALT-801; Altimmune; Amgen; BI 456906; CagriSema; Cagrilintide; Eli Lilly; MariTide; Novo Nordisk; Orforglipron; Pemvidutide; Pfizer; Retatrutide; Saxenda; Survodutide; VK2735; Viking Therapeutics; Wegovy; Zealand Pharma; Zepbound; cagrilintide; liraglutide; orforglipron; pemvidutide; retatrutide; semaglutide; survodutide; tirzepatide,361fb628e00025c69e6ada6b34c2578231592a170371214365a2caf4608be989,"sfermin alfa and GSK4532990 (ARO-HSD) from GlaxoSmithKline plc., rapirosiran (ALN-HSD) from Alnylam Pharmaceuticals, Inc./Regeneron Pharmaceuticals Inc., efinopegdutide (MK-6024) from Merck & Co., Inc., and pemvidutide (ALT-801) from Altimmune, Inc., pegozafermin (BIO89-100) from Hoffmann-La Roche Ltd, and ALG-055009 from Aligos Therapeutics, Inc. In addition, we are aware of active programs at Arrowhead Pharmaceuticals, Inc., Ascletis Pharma ",10-K,ALT 801; ALT-801; Altimmune; Amgen; BI 456906; CagriSema; Cagrilintide; Eli Lilly; MariTide; Novo Nordisk; Orforglipron; Pemvidutide; Pfizer; Retatrutide; Saxenda; Survodutide; VK2735; Viking Therapeutics; Wegovy; Zealand Pharma; Zepbound; cagrilintide; liraglutide; orforglipron; pemvidutide; retatrutide; semaglutide; survodutide; tirzepatide,vktx-20251231.htm,2025-12-31,sec_edgar_submissions,collected_with_text,VKTX,https://www.sec.gov/Archives/edgar/data/1607678/000119312526046876/vktx-20251231.htm
0001193125-26-046536,company_disclosures,0001607678,Viking Therapeutics,2026-02-11,46290,Viking Therapeutics,28f3bcc859d221a462555940a68cd032ae1b49d82ec7f3b6d9c0462440e26eb5,"ECURITIES AND EXCHANGE COMMISSION WASHINGTON, D.C. 20549 FORM 8-K CURRENT REPORT Pursuant to Section 13 or 15(d) of the Securities Exchange Act of 1934 Date of Report (Date of earliest event reported): February 11, 2026 Viking Therapeutics, Inc. (Exact name of Registrant as Specified in Its Charter) Delaware 001-37355 46-1073877 (State or Other Jurisdiction of Incorporation) (Commission File Number) (IRS Employer Identification No.) 9920 Pacific Heights B",8-K,Viking Therapeutics,vktx-20260211.htm,2026-02-11,sec_edgar_submissions,collected_with_text,VKTX,https://www.sec.gov/Archives/edgar/data/1607678/000119312526046536/vktx-20260211.htm
0001193125-25-247059,company_disclosures,0001607678,Viking Therapeutics,2025-10-23,2567571,ALT 801; ALT-801; Altimmune; Amgen; BI 456906; CagriSema; Eli Lilly; MariTide; Novo Nordisk; Orforglipron; Pemvidutide; Pfizer; Retatrutide; Saxenda; Survodutide; VK2735; Viking Therapeutics; Wegovy; Zealand Pharma; Zepbound; liraglutide; orforglipron; pemvidutide; retatrutide; semaglutide; survodutide; tirzepatide,70902dc3a999759cf401c13c52bbb7f4ad60866524aad5fb4ca382da0ec86970,"ghTide Therapeutics Inc., GSK4532990 (ARO-HSD) from GlaxoSmithKline plc., rapirosiran from Alnylam Pharmaceuticals, Inc./ Regeneron Pharmaceuticals Inc., efinopegdutide (MK-6024) from Merck & Co., Inc., and pemvidutide (ALT-801) from Altimmune, Inc. In addition, we are aware of active programs at Aligos Therapeutics, Inc., Arrowhead Pharmaceuticals, Inc., Ascletis Biopharmaceutical, AstraZeneca PLC, Can-Fite BioPharma Ltd., ChemomAb Ltd., Corc",10-Q,ALT 801; ALT-801; Altimmune; Amgen; BI 456906; CagriSema; Eli Lilly; MariTide; Novo Nordisk; Orforglipron; Pemvidutide; Pfizer; Retatrutide; Saxenda; Survodutide; VK2735; Viking Therapeutics; Wegovy; Zealand Pharma; Zepbound; liraglutide; orforglipron; pemvidutide; retatrutide; semaglutide; survodutide; tirzepatide,vktx-20250930.htm,2025-09-30,sec_edgar_submissions,collected_with_text,VKTX,https://www.sec.gov/Archives/edgar/data/1607678/000119312525247059/vktx-20250930.htm
0001193125-25-246775,company_disclosures,0001607678,Viking Therapeutics,2025-10-22,46094,Viking Therapeutics,b5140b907cd4e0e1407311d0154b402b79a993c3f0184766f4757756d291357a,"SECURITIES AND EXCHANGE COMMISSION WASHINGTON, D.C. 20549 FORM 8-K CURRENT REPORT Pursuant to Section 13 or 15(d) of the Securities Exchange Act of 1934 Date of Report (Date of earliest event reported): October 22, 2025 Viking Therapeutics, Inc. (Exact name of Registrant as Specified in Its Charter) Delaware 001-37355 46-1073877 (State or Other Jurisdiction of Incorporation) (Commission File Number) (IRS Employer Identification No.) 9920 Pacific Heights B",8-K,Viking Therapeutics,vktx-20251022.htm,2025-10-22,sec_edgar_submissions,collected_with_text,VKTX,https://www.sec.gov/Archives/edgar/data/1607678/000119312525246775/vktx-20251022.htm
0001607678-25-000003,company_disclosures,0001607678,Viking Therapeutics,2025-08-19,45904,VK2735; Viking Therapeutics,509067999d24249caf70784a37716fed5399d7476ad8b8880fec9209e0cec5a7,"nge Act. ☐ Item 7.01 Regulation FD Disclosure. On August 19, 2025, Viking Therapeutics, Inc. issued a press release announcing top-line results from the Company’s Phase 2 clinical trial of the oral tablet formulation of VK2735. A copy of the press release is furnished as Exhibit 99.1 to this Current Report on Form 8-K and incorporated herein by reference. The information furnished under this Item 7.01 (Regulation FD Disclosure) of this Curren",8-K,VK2735; Viking Therapeutics,vktx-20250819.htm,2025-08-19,sec_edgar_submissions,collected_with_text,VKTX,https://www.sec.gov/Archives/edgar/data/1607678/000160767825000003/vktx-20250819.htm
0000950170-25-097950,company_disclosures,0001607678,Viking Therapeutics,2025-07-23,,,,,10-Q,Viking Therapeutics,vktx-20250630.htm,2025-06-30,sec_edgar_submissions,collected_metadata,VKTX,https://www.sec.gov/Archives/edgar/data/1607678/000095017025097950/vktx-20250630.htm
0000950170-25-097885,company_disclosures,0001607678,Viking Therapeutics,2025-07-23,,,,,8-K,Viking Therapeutics,vktx-20250723.htm,2025-07-23,sec_edgar_submissions,collected_metadata,VKTX,https://www.sec.gov/Archives/edgar/data/1607678/000095017025097885/vktx-20250723.htm
0000950170-25-077865,company_disclosures,0001607678,Viking Therapeutics,2025-05-27,,,,,8-K,Viking Therapeutics,vktx-20250520.htm,2025-05-20,sec_edgar_submissions,collected_metadata,VKTX,https://www.sec.gov/Archives/edgar/data/1607678/000095017025077865/vktx-20250520.htm
0000950170-25-058129,company_disclosures,0001607678,Viking Therapeutics,2025-04-24,,,,,10-Q,Viking Therapeutics,vktx-20250331.htm,2025-03-31,sec_edgar_submissions,collected_metadata,VKTX,https://www.sec.gov/Archives/edgar/data/1607678/000095017025058129/vktx-20250331.htm
0000950170-25-057337,company_disclosures,0001607678,Viking Therapeutics,2025-04-23,,,,,8-K,Viking Therapeutics,vktx-20250423.htm,2025-04-23,sec_edgar_submissions,collected_metadata,VKTX,https://www.sec.gov/Archives/edgar/data/1607678/000095017025057337/vktx-20250423.htm
0000950170-25-057323,company_disclosures,0001607678,Viking Therapeutics,2025-04-23,,,,,8-K,Viking Therapeutics,vktx-20250418.htm,2025-04-18,sec_edgar_submissions,collected_metadata,VKTX,https://www.sec.gov/Archives/edgar/data/1607678/000095017025057323/vktx-20250418.htm
0000950170-25-036820,company_disclosures,0001607678,Viking Therapeutics,2025-03-11,,,,,8-K,Viking Therapeutics,vktx-20250310.htm,2025-03-10,sec_edgar_submissions,collected_metadata,VKTX,https://www.sec.gov/Archives/edgar/data/1607678/000095017025036820/vktx-20250310.htm
0000950170-25-027824,company_disclosures,0001607678,Viking Therapeutics,2025-02-26,,,,,10-K,Viking Therapeutics,vktx-20241231.htm,2024-12-31,sec_edgar_submissions,collected_metadata,VKTX,https://www.sec.gov/Archives/edgar/data/1607678/000095017025027824/vktx-20241231.htm
0000950170-25-014464,company_disclosures,0001607678,Viking Therapeutics,2025-02-05,,,,,8-K,Viking Therapeutics,vktx-20250205.htm,2025-02-05,sec_edgar_submissions,collected_metadata,VKTX,https://www.sec.gov/Archives/edgar/data/1607678/000095017025014464/vktx-20250205.htm
0000950170-24-120267,company_disclosures,0001607678,Viking Therapeutics,2024-11-04,,,,,8-K,Viking Therapeutics,vktx-20241104.htm,2024-11-04,sec_edgar_submissions,collected_metadata,VKTX,https://www.sec.gov/Archives/edgar/data/1607678/000095017024120267/vktx-20241104.htm
0000950170-24-116708,company_disclosures,0001607678,Viking Therapeutics,2024-10-23,,,,,10-Q,Viking Therapeutics,vktx-20240930.htm,2024-09-30,sec_edgar_submissions,collected_metadata,VKTX,https://www.sec.gov/Archives/edgar/data/1607678/000095017024116708/vktx-20240930.htm
0000950170-24-116642,company_disclosures,0001607678,Viking Therapeutics,2024-10-23,,,,,8-K,Viking Therapeutics,vktx-20241023.htm,2024-10-23,sec_edgar_submissions,collected_metadata,VKTX,https://www.sec.gov/Archives/edgar/data/1607678/000095017024116642/vktx-20241023.htm
0000950170-24-086111,company_disclosures,0001607678,Viking Therapeutics,2024-07-24,,,,,10-Q,Viking Therapeutics,vktx-20240630.htm,2024-06-30,sec_edgar_submissions,collected_metadata,VKTX,https://www.sec.gov/Archives/edgar/data/1607678/000095017024086111/vktx-20240630.htm
0000950170-24-086039,company_disclosures,0001607678,Viking Therapeutics,2024-07-24,,,,,8-K,Viking Therapeutics,vktx-20240724.htm,2024-07-24,sec_edgar_submissions,collected_metadata,VKTX,https://www.sec.gov/Archives/edgar/data/1607678/000095017024086039/vktx-20240724.htm
0000950170-24-068297,company_disclosures,0001607678,Viking Therapeutics,2024-06-04,,,,,8-K,Viking Therapeutics,vktx-20240604.htm,2024-06-04,sec_edgar_submissions,collected_metadata,VKTX,https://www.sec.gov/Archives/edgar/data/1607678/000095017024068297/vktx-20240604.htm
0000950170-24-063707,company_disclosures,0001607678,Viking Therapeutics,2024-05-23,,,,,8-K,Viking Therapeutics,vktx-20240521.htm,2024-05-21,sec_edgar_submissions,collected_metadata,VKTX,https://www.sec.gov/Archives/edgar/data/1607678/000095017024063707/vktx-20240521.htm
0000950170-24-047833,company_disclosures,0001607678,Viking Therapeutics,2024-04-25,,,,,10-Q,Viking Therapeutics,vktx-20240331.htm,2024-03-31,sec_edgar_submissions,collected_metadata,VKTX,https://www.sec.gov/Archives/edgar/data/1607678/000095017024047833/vktx-20240331.htm
0000950170-24-047567,company_disclosures,0001607678,Viking Therapeutics,2024-04-24,,,,,8-K,Viking Therapeutics,vktx-20240424.htm,2024-04-24,sec_edgar_submissions,collected_metadata,VKTX,https://www.sec.gov/Archives/edgar/data/1607678/000095017024047567/vktx-20240424.htm
0000950170-24-036151,company_disclosures,0001607678,Viking Therapeutics,2024-03-26,,,,,8-K,Viking Therapeutics,vktx-20240326.htm,2024-03-26,sec_edgar_submissions,collected_metadata,VKTX,https://www.sec.gov/Archives/edgar/data/1607678/000095017024036151/vktx-20240326.htm
0000950170-24-024878,company_disclosures,0001607678,Viking Therapeutics,2024-03-04,,,,,8-K,Viking Therapeutics,vktx-20240304.htm,2024-03-04,sec_edgar_submissions,collected_metadata,VKTX,https://www.sec.gov/Archives/edgar/data/1607678/000095017024024878/vktx-20240304.htm
0000950170-24-023848,company_disclosures,0001607678,Viking Therapeutics,2024-03-01,,,,,424B5,Viking Therapeutics,vktx-2024-03-01-424b5.htm,,sec_edgar_submissions,collected_metadata,VKTX,https://www.sec.gov/Archives/edgar/data/1607678/000095017024023848/vktx-2024-03-01-424b5.htm
0000950170-24-023838,company_disclosures,0001607678,Viking Therapeutics,2024-03-01,,,,,8-K,Viking Therapeutics,vktx-20240228.htm,2024-02-28,sec_edgar_submissions,collected_metadata,VKTX,https://www.sec.gov/Archives/edgar/data/1607678/000095017024023838/vktx-20240228.htm
0000950170-24-021420,company_disclosures,0001607678,Viking Therapeutics,2024-02-27,,,,,424B5,Viking Therapeutics,vktx-2024-02-29-424b5_v2.htm,,sec_edgar_submissions,collected_metadata,VKTX,https://www.sec.gov/Archives/edgar/data/1607678/000095017024021420/vktx-2024-02-29-424b5_v2.htm
0000950170-24-020616,company_disclosures,0001607678,Viking Therapeutics,2024-02-27,,,,,8-K,Viking Therapeutics,vktx-20240227.htm,2024-02-27,sec_edgar_submissions,collected_metadata,VKTX,https://www.sec.gov/Archives/edgar/data/1607678/000095017024020616/vktx-20240227.htm
0000950170-24-012322,company_disclosures,0001607678,Viking Therapeutics,2024-02-07,,,,,10-K,Viking Therapeutics,vktx-20231231.htm,2023-12-31,sec_edgar_submissions,collected_metadata,VKTX,https://www.sec.gov/Archives/edgar/data/1607678/000095017024012322/vktx-20231231.htm
0000950170-24-012199,company_disclosures,0001607678,Viking Therapeutics,2024-02-07,,,,,8-K,Viking Therapeutics,vktx-20240207.htm,2024-02-07,sec_edgar_submissions,collected_metadata,VKTX,https://www.sec.gov/Archives/edgar/data/1607678/000095017024012199/vktx-20240207.htm
0000950170-23-055259,company_disclosures,0001607678,Viking Therapeutics,2023-10-25,,,,,10-Q,Viking Therapeutics,vktx-20230930.htm,2023-09-30,sec_edgar_submissions,collected_metadata,VKTX,https://www.sec.gov/Archives/edgar/data/1607678/000095017023055259/vktx-20230930.htm
0000950170-23-055209,company_disclosures,0001607678,Viking Therapeutics,2023-10-25,,,,,8-K,Viking Therapeutics,vktx-20231025.htm,2023-10-25,sec_edgar_submissions,collected_metadata,VKTX,https://www.sec.gov/Archives/edgar/data/1607678/000095017023055209/vktx-20231025.htm
0000950170-23-034773,company_disclosures,0001607678,Viking Therapeutics,2023-07-26,,,,,10-Q,Viking Therapeutics,vktx-20230630.htm,2023-06-30,sec_edgar_submissions,collected_metadata,VKTX,https://www.sec.gov/Archives/edgar/data/1607678/000095017023034773/vktx-20230630.htm
0000950170-23-034741,company_disclosures,0001607678,Viking Therapeutics,2023-07-26,,,,,8-K,Viking Therapeutics,vktx-20230726.htm,2023-07-26,sec_edgar_submissions,collected_metadata,VKTX,https://www.sec.gov/Archives/edgar/data/1607678/000095017023034741/vktx-20230726.htm
0000950170-23-027965,company_disclosures,0001607678,Viking Therapeutics,2023-06-14,,,,,8-K,Viking Therapeutics,vktx-20230613.htm,2023-06-13,sec_edgar_submissions,collected_metadata,VKTX,https://www.sec.gov/Archives/edgar/data/1607678/000095017023027965/vktx-20230613.htm
0000950170-23-021359,company_disclosures,0001607678,Viking Therapeutics,2023-05-11,,,,,8-K,Viking Therapeutics,vktx-20230509.htm,2023-05-09,sec_edgar_submissions,collected_metadata,VKTX,https://www.sec.gov/Archives/edgar/data/1607678/000095017023021359/vktx-20230509.htm
0000950170-23-014883,company_disclosures,0001607678,Viking Therapeutics,2023-04-26,,,,,10-Q,Viking Therapeutics,vktx-20230331.htm,2023-03-31,sec_edgar_submissions,collected_metadata,VKTX,https://www.sec.gov/Archives/edgar/data/1607678/000095017023014883/vktx-20230331.htm
0000950170-23-014788,company_disclosures,0001607678,Viking Therapeutics,2023-04-26,,,,,8-K,Viking Therapeutics,vktx-20230426.htm,2023-04-26,sec_edgar_submissions,collected_metadata,VKTX,https://www.sec.gov/Archives/edgar/data/1607678/000095017023014788/vktx-20230426.htm
0000950170-23-011636,company_disclosures,0001607678,Viking Therapeutics,2023-04-03,,,,,8-K,Viking Therapeutics,vktx-20230403.htm,2023-04-03,sec_edgar_submissions,collected_metadata,VKTX,https://www.sec.gov/Archives/edgar/data/1607678/000095017023011636/vktx-20230403.htm
0000950170-23-011443,company_disclosures,0001607678,Viking Therapeutics,2023-03-31,,,,,8-K,Viking Therapeutics,vktx-20230329.htm,2023-03-29,sec_edgar_submissions,collected_metadata,VKTX,https://www.sec.gov/Archives/edgar/data/1607678/000095017023011443/vktx-20230329.htm
0000950170-23-011441,company_disclosures,0001607678,Viking Therapeutics,2023-03-31,,,,,424B5,Viking Therapeutics,vktx-2023-03-29-424b5_fi.htm,,sec_edgar_submissions,collected_metadata,VKTX,https://www.sec.gov/Archives/edgar/data/1607678/000095017023011441/vktx-2023-03-29-424b5_fi.htm
0000950170-23-010583,company_disclosures,0001607678,Viking Therapeutics,2023-03-29,,,,,424B5,Viking Therapeutics,vktx-2034-03-29-424b5.htm,,sec_edgar_submissions,collected_metadata,VKTX,https://www.sec.gov/Archives/edgar/data/1607678/000095017023010583/vktx-2034-03-29-424b5.htm
0000950170-23-010112,company_disclosures,0001607678,Viking Therapeutics,2023-03-28,,,,,8-K,Viking Therapeutics,vktx-20230328.htm,2023-03-28,sec_edgar_submissions,collected_metadata,VKTX,https://www.sec.gov/Archives/edgar/data/1607678/000095017023010112/vktx-20230328.htm
0000950170-23-010108,company_disclosures,0001607678,Viking Therapeutics,2023-03-28,,,,,8-K,Viking Therapeutics,vktx-20230328.htm,2023-03-28,sec_edgar_submissions,collected_metadata,VKTX,https://www.sec.gov/Archives/edgar/data/1607678/000095017023010108/vktx-20230328.htm
0001564590-23-001685,company_disclosures,0001607678,Viking Therapeutics,2023-02-10,,,,,10-K,Viking Therapeutics,vktx-10k_20221231.htm,2022-12-31,sec_edgar_submissions,collected_metadata,VKTX,https://www.sec.gov/Archives/edgar/data/1607678/000156459023001685/vktx-10k_20221231.htm
0001564590-23-001611,company_disclosures,0001607678,Viking Therapeutics,2023-02-08,,,,,8-K,Viking Therapeutics,vktx-8k_20230208.htm,2023-02-08,sec_edgar_submissions,collected_metadata,VKTX,https://www.sec.gov/Archives/edgar/data/1607678/000156459023001611/vktx-8k_20230208.htm
0001564590-22-035295,company_disclosures,0001607678,Viking Therapeutics,2022-10-26,,,,,10-Q,Viking Therapeutics,vktx-10q_20220930.htm,2022-09-30,sec_edgar_submissions,collected_metadata,VKTX,https://www.sec.gov/Archives/edgar/data/1607678/000156459022035295/vktx-10q_20220930.htm
0001564590-22-035271,company_disclosures,0001607678,Viking Therapeutics,2022-10-26,,,,,8-K,Viking Therapeutics,vktx-8k_20221026.htm,2022-10-26,sec_edgar_submissions,collected_metadata,VKTX,https://www.sec.gov/Archives/edgar/data/1607678/000156459022035271/vktx-8k_20221026.htm
0001564590-22-026717,company_disclosures,0001607678,Viking Therapeutics,2022-07-27,,,,,10-Q,Viking Therapeutics,vktx-10q_20220630.htm,2022-06-30,sec_edgar_submissions,collected_metadata,VKTX,https://www.sec.gov/Archives/edgar/data/1607678/000156459022026717/vktx-10q_20220630.htm
0001564590-22-026689,company_disclosures,0001607678,Viking Therapeutics,2022-07-27,,,,,8-K,Viking Therapeutics,vktx-8k_20220727.htm,2022-07-27,sec_edgar_submissions,collected_metadata,VKTX,https://www.sec.gov/Archives/edgar/data/1607678/000156459022026689/vktx-8k_20220727.htm
0001564590-22-021417,company_disclosures,0001607678,Viking Therapeutics,2022-05-26,,,,,8-K,Viking Therapeutics,vktx-8k_20220524.htm,2022-05-24,sec_edgar_submissions,collected_metadata,VKTX,https://www.sec.gov/Archives/edgar/data/1607678/000156459022021417/vktx-8k_20220524.htm
0001564590-22-016129,company_disclosures,0001607678,Viking Therapeutics,2022-04-27,,,,,10-Q,Viking Therapeutics,vktx-10q_20220331.htm,2022-03-31,sec_edgar_submissions,collected_metadata,VKTX,https://www.sec.gov/Archives/edgar/data/1607678/000156459022016129/vktx-10q_20220331.htm
0001564590-22-016110,company_disclosures,0001607678,Viking Therapeutics,2022-04-27,,,,,8-K,Viking Therapeutics,vktx-8k_20220427.htm,2022-04-27,sec_edgar_submissions,collected_metadata,VKTX,https://www.sec.gov/Archives/edgar/data/1607678/000156459022016110/vktx-8k_20220427.htm
0001564590-22-004429,company_disclosures,0001607678,Viking Therapeutics,2022-02-09,,,,,10-K,Viking Therapeutics,vktx-10k_20211231.htm,2021-12-31,sec_edgar_submissions,collected_metadata,VKTX,https://www.sec.gov/Archives/edgar/data/1607678/000156459022004429/vktx-10k_20211231.htm
0001564590-22-004406,company_disclosures,0001607678,Viking Therapeutics,2022-02-09,,,,,8-K,Viking Therapeutics,vktx-8k_20220209.htm,2022-02-09,sec_edgar_submissions,collected_metadata,VKTX,https://www.sec.gov/Archives/edgar/data/1607678/000156459022004406/vktx-8k_20220209.htm
0001564590-21-054030,company_disclosures,0001607678,Viking Therapeutics,2021-11-03,,,,,10-Q,Viking Therapeutics,vktx-10q_20210930.htm,2021-09-30,sec_edgar_submissions,collected_metadata,VKTX,https://www.sec.gov/Archives/edgar/data/1607678/000156459021054030/vktx-10q_20210930.htm
0001564590-21-053950,company_disclosures,0001607678,Viking Therapeutics,2021-11-03,,,,,8-K,Viking Therapeutics,vktx-8k_20211103.htm,2021-11-03,sec_edgar_submissions,collected_metadata,VKTX,https://www.sec.gov/Archives/edgar/data/1607678/000156459021053950/vktx-8k_20211103.htm
0001564590-21-043489,company_disclosures,0001607678,Viking Therapeutics,2021-08-11,,,,,424B5,Viking Therapeutics,vktx-424b5.htm,,sec_edgar_submissions,collected_metadata,VKTX,https://www.sec.gov/Archives/edgar/data/1607678/000156459021043489/vktx-424b5.htm
0001564590-21-038678,company_disclosures,0001607678,Viking Therapeutics,2021-07-28,,,,,8-K,Viking Therapeutics,vktx-8k_20210728.htm,2021-07-28,sec_edgar_submissions,collected_metadata,VKTX,https://www.sec.gov/Archives/edgar/data/1607678/000156459021038678/vktx-8k_20210728.htm
0001564590-21-038663,company_disclosures,0001607678,Viking Therapeutics,2021-07-28,,,,,10-Q,Viking Therapeutics,vktx-10q_20210630.htm,2021-06-30,sec_edgar_submissions,collected_metadata,VKTX,https://www.sec.gov/Archives/edgar/data/1607678/000156459021038663/vktx-10q_20210630.htm
0001564590-21-038623,company_disclosures,0001607678,Viking Therapeutics,2021-07-28,,,,,8-K,Viking Therapeutics,vktx-8k_20210728.htm,2021-07-28,sec_edgar_submissions,collected_metadata,VKTX,https://www.sec.gov/Archives/edgar/data/1607678/000156459021038623/vktx-8k_20210728.htm
0001564590-21-029335,company_disclosures,0001607678,Viking Therapeutics,2021-05-21,,,,,8-K,Viking Therapeutics,vktx-8k_20210520.htm,2021-05-20,sec_edgar_submissions,collected_metadata,VKTX,https://www.sec.gov/Archives/edgar/data/1607678/000156459021029335/vktx-8k_20210520.htm
0001564590-21-021430,company_disclosures,0001607678,Viking Therapeutics,2021-04-28,,,,,10-Q,Viking Therapeutics,vktx-10q_20210331.htm,2021-03-31,sec_edgar_submissions,collected_metadata,VKTX,https://www.sec.gov/Archives/edgar/data/1607678/000156459021021430/vktx-10q_20210331.htm
0001564590-21-021350,company_disclosures,0001607678,Viking Therapeutics,2021-04-28,,,,,8-K,Viking Therapeutics,vktx-8k_20210428.htm,2021-04-28,sec_edgar_submissions,collected_metadata,VKTX,https://www.sec.gov/Archives/edgar/data/1607678/000156459021021350/vktx-8k_20210428.htm
0001564590-21-006406,company_disclosures,0001607678,Viking Therapeutics,2021-02-17,,,,,10-K,Viking Therapeutics,vktx-10k_20201231.htm,2020-12-31,sec_edgar_submissions,collected_metadata,VKTX,https://www.sec.gov/Archives/edgar/data/1607678/000156459021006406/vktx-10k_20201231.htm
0001564590-21-006376,company_disclosures,0001607678,Viking Therapeutics,2021-02-17,,,,,8-K,Viking Therapeutics,vktx-8k_20210217.htm,2021-02-17,sec_edgar_submissions,collected_metadata,VKTX,https://www.sec.gov/Archives/edgar/data/1607678/000156459021006376/vktx-8k_20210217.htm
0001564590-21-000409,company_disclosures,0001607678,Viking Therapeutics,2021-01-06,,,,,8-K,Viking Therapeutics,vktx-8k_20210104.htm,2021-01-04,sec_edgar_submissions,collected_metadata,VKTX,https://www.sec.gov/Archives/edgar/data/1607678/000156459021000409/vktx-8k_20210104.htm
0001564590-20-048398,company_disclosures,0001607678,Viking Therapeutics,2020-10-28,,,,,10-Q,Viking Therapeutics,vktx-10q_20200930.htm,2020-09-30,sec_edgar_submissions,collected_metadata,VKTX,https://www.sec.gov/Archives/edgar/data/1607678/000156459020048398/vktx-10q_20200930.htm
0001564590-20-048337,company_disclosures,0001607678,Viking Therapeutics,2020-10-28,,,,,8-K,Viking Therapeutics,vktx-8k_20201028.htm,2020-10-28,sec_edgar_submissions,collected_metadata,VKTX,https://www.sec.gov/Archives/edgar/data/1607678/000156459020048337/vktx-8k_20201028.htm
0001564590-20-034329,company_disclosures,0001607678,Viking Therapeutics,2020-07-29,,,,,10-Q,Viking Therapeutics,vktx-10q_20200630.htm,2020-06-30,sec_edgar_submissions,collected_metadata,VKTX,https://www.sec.gov/Archives/edgar/data/1607678/000156459020034329/vktx-10q_20200630.htm
0001564590-20-034308,company_disclosures,0001607678,Viking Therapeutics,2020-07-29,,,,,8-K,Viking Therapeutics,vktx-8k_20200729.htm,2020-07-29,sec_edgar_submissions,collected_metadata,VKTX,https://www.sec.gov/Archives/edgar/data/1607678/000156459020034308/vktx-8k_20200729.htm
0001564590-20-026582,company_disclosures,0001607678,Viking Therapeutics,2020-05-21,,,,,8-K,Viking Therapeutics,vktx-8k_20200521.htm,2020-05-21,sec_edgar_submissions,collected_metadata,VKTX,https://www.sec.gov/Archives/edgar/data/1607678/000156459020026582/vktx-8k_20200521.htm
0001564590-20-020233,company_disclosures,0001607678,Viking Therapeutics,2020-04-30,,,,,10-Q,Viking Therapeutics,vktx-10q_20200331.htm,2020-03-31,sec_edgar_submissions,collected_metadata,VKTX,https://www.sec.gov/Archives/edgar/data/1607678/000156459020020233/vktx-10q_20200331.htm
0001564590-20-020180,company_disclosures,0001607678,Viking Therapeutics,2020-04-30,,,,,8-K,Viking Therapeutics,vktx-8k_20200430.htm,2020-04-30,sec_edgar_submissions,collected_metadata,VKTX,https://www.sec.gov/Archives/edgar/data/1607678/000156459020020180/vktx-8k_20200430.htm
0001564590-20-011413,company_disclosures,0001607678,Viking Therapeutics,2020-03-17,,,,,8-K,Viking Therapeutics,vktx-8k_20200317.htm,2020-03-17,sec_edgar_submissions,collected_metadata,VKTX,https://www.sec.gov/Archives/edgar/data/1607678/000156459020011413/vktx-8k_20200317.htm
0001564590-20-006766,company_disclosures,0001607678,Viking Therapeutics,2020-02-26,,,,,10-K,Viking Therapeutics,vktx-10k_20191231.htm,2019-12-31,sec_edgar_submissions,collected_metadata,VKTX,https://www.sec.gov/Archives/edgar/data/1607678/000156459020006766/vktx-10k_20191231.htm
0001564590-19-040424,company_disclosures,0001607678,Viking Therapeutics,2019-11-05,,,,,10-Q,Viking Therapeutics,vktx-10q_20190930.htm,2019-09-30,sec_edgar_submissions,collected_metadata,VKTX,https://www.sec.gov/Archives/edgar/data/1607678/000156459019040424/vktx-10q_20190930.htm
0001564590-19-040059,company_disclosures,0001607678,Viking Therapeutics,2019-11-05,,,,,8-K,Viking Therapeutics,vktx-8k_20191105.htm,2019-11-05,sec_edgar_submissions,collected_metadata,VKTX,https://www.sec.gov/Archives/edgar/data/1607678/000156459019040059/vktx-8k_20191105.htm
0001564590-19-028063,company_disclosures,0001607678,Viking Therapeutics,2019-08-02,,,,,8-K,Viking Therapeutics,vktx-8k_20190801.htm,2019-08-01,sec_edgar_submissions,collected_metadata,VKTX,https://www.sec.gov/Archives/edgar/data/1607678/000156459019028063/vktx-8k_20190801.htm
0001564590-19-028058,company_disclosures,0001607678,Viking Therapeutics,2019-08-02,,,,,424B5,Viking Therapeutics,vktx-424b5.htm,,sec_edgar_submissions,collected_metadata,VKTX,https://www.sec.gov/Archives/edgar/data/1607678/000156459019028058/vktx-424b5.htm
0001564590-19-028043,company_disclosures,0001607678,Viking Therapeutics,2019-08-01,,,,,10-Q,Viking Therapeutics,vktx-10q_20190630.htm,2019-06-30,sec_edgar_submissions,collected_metadata,VKTX,https://www.sec.gov/Archives/edgar/data/1607678/000156459019028043/vktx-10q_20190630.htm
0001564590-19-027983,company_disclosures,0001607678,Viking Therapeutics,2019-08-01,,,,,8-K,Viking Therapeutics,vktx-8k_20190801.htm,2019-08-01,sec_edgar_submissions,collected_metadata,VKTX,https://www.sec.gov/Archives/edgar/data/1607678/000156459019027983/vktx-8k_20190801.htm
0001564590-19-024412,company_disclosures,0001607678,Viking Therapeutics,2019-07-02,,,,,8-K,Viking Therapeutics,vktx-8k_20190701.htm,2019-07-01,sec_edgar_submissions,collected_metadata,VKTX,https://www.sec.gov/Archives/edgar/data/1607678/000156459019024412/vktx-8k_20190701.htm
0001564590-19-020346,company_disclosures,0001607678,Viking Therapeutics,2019-05-23,,,,,8-K,Viking Therapeutics,vktx-8k_20190523.htm,2019-05-23,sec_edgar_submissions,collected_metadata,VKTX,https://www.sec.gov/Archives/edgar/data/1607678/000156459019020346/vktx-8k_20190523.htm
0001564590-19-015390,company_disclosures,0001607678,Viking Therapeutics,2019-05-02,,,,,10-Q,Viking Therapeutics,vktx-10q_20190331.htm,2019-03-31,sec_edgar_submissions,collected_metadata,VKTX,https://www.sec.gov/Archives/edgar/data/1607678/000156459019015390/vktx-10q_20190331.htm
0001564590-19-015327,company_disclosures,0001607678,Viking Therapeutics,2019-05-02,,,,,8-K,Viking Therapeutics,vktx-8k_20190502.htm,2019-05-02,sec_edgar_submissions,collected_metadata,VKTX,https://www.sec.gov/Archives/edgar/data/1607678/000156459019015327/vktx-8k_20190502.htm
0001564590-19-007584,company_disclosures,0001607678,Viking Therapeutics,2019-03-13,,,,,10-K,Viking Therapeutics,vktx-10k_20181231.htm,2018-12-31,sec_edgar_submissions,collected_metadata,VKTX,https://www.sec.gov/Archives/edgar/data/1607678/000156459019007584/vktx-10k_20181231.htm
0001564590-19-007569,company_disclosures,0001607678,Viking Therapeutics,2019-03-13,,,,,8-K,Viking Therapeutics,vktx-8k_20190313.htm,2019-03-13,sec_edgar_submissions,collected_metadata,VKTX,https://www.sec.gov/Archives/edgar/data/1607678/000156459019007569/vktx-8k_20190313.htm
0001564590-18-028101,company_disclosures,0001607678,Viking Therapeutics,2018-11-07,,,,,10-Q,Viking Therapeutics,vktx-10q_20180930.htm,2018-09-30,sec_edgar_submissions,collected_metadata,VKTX,https://www.sec.gov/Archives/edgar/data/1607678/000156459018028101/vktx-10q_20180930.htm
0001564590-18-028008,company_disclosures,0001607678,Viking Therapeutics,2018-11-07,,,,,8-K,Viking Therapeutics,vktx-8k_20181107.htm,2018-11-07,sec_edgar_submissions,collected_metadata,VKTX,https://www.sec.gov/Archives/edgar/data/1607678/000156459018028008/vktx-8k_20181107.htm
0001564590-18-023464,company_disclosures,0001607678,Viking Therapeutics,2018-09-21,,,,,424B5,Viking Therapeutics,vktx-424b5.htm,,sec_edgar_submissions,collected_metadata,VKTX,https://www.sec.gov/Archives/edgar/data/1607678/000156459018023464/vktx-424b5.htm
0001564590-18-023407,company_disclosures,0001607678,Viking Therapeutics,2018-09-21,,,,,8-K,Viking Therapeutics,vktx-8k_20180919.htm,2018-09-20,sec_edgar_submissions,collected_metadata,VKTX,https://www.sec.gov/Archives/edgar/data/1607678/000156459018023407/vktx-8k_20180919.htm
0001564590-18-023312,company_disclosures,0001607678,Viking Therapeutics,2018-09-19,,,,,424B5,Viking Therapeutics,vktx-424b5.htm,,sec_edgar_submissions,collected_metadata,VKTX,https://www.sec.gov/Archives/edgar/data/1607678/000156459018023312/vktx-424b5.htm
0001564590-18-023246,company_disclosures,0001607678,Viking Therapeutics,2018-09-18,,,,,8-K,Viking Therapeutics,vktx-8k_20180918.htm,2018-09-18,sec_edgar_submissions,collected_metadata,VKTX,https://www.sec.gov/Archives/edgar/data/1607678/000156459018023246/vktx-8k_20180918.htm
0001564590-18-021125,company_disclosures,0001607678,Viking Therapeutics,2018-08-09,,,,,10-Q,Viking Therapeutics,vktx-10q_20180630.htm,2018-06-30,sec_edgar_submissions,collected_metadata,VKTX,https://www.sec.gov/Archives/edgar/data/1607678/000156459018021125/vktx-10q_20180630.htm
0001564590-18-021053,company_disclosures,0001607678,Viking Therapeutics,2018-08-09,,,,,8-K,Viking Therapeutics,vktx-8k_20180809.htm,2018-08-09,sec_edgar_submissions,collected_metadata,VKTX,https://www.sec.gov/Archives/edgar/data/1607678/000156459018021053/vktx-8k_20180809.htm
0001326190-26-000040,company_disclosures,0001326190,Altimmune,2026-05-13,1098443,ALT 801; ALT-801; Altimmune; Pemvidutide; pemvidutide,921775d38c8293a1c199ebdc677cc7a143147c49fafc49dada6e23a4b1a08e17,"iopharmaceutical company incorporated under the laws of the State of Delaware. The Company is developing novel therapies for serious liver diseases. The Company’s lead product candidate is pemvidutide (formerly known as ALT-801), a balanced 1:1 glucagon/GLP-1 dual receptor agonist in development for the treatment of metabolic dysfunction-associated steatohepatitis (“MASH”), alcohol use disorder (“AUD”) and alcohol-associated liver disease (“AL",10-Q,ALT 801; ALT-801; Altimmune; Pemvidutide; pemvidutide,alt-20260331x10q.htm,2026-03-31,sec_edgar_submissions,collected_with_text,ALT,https://www.sec.gov/Archives/edgar/data/1326190/000132619026000040/alt-20260331x10q.htm
0001326190-26-000037,company_disclosures,0001326190,Altimmune,2026-05-13,43803,Altimmune,be7ddb655275947401fcbd294cb8c90f8bebc7a287c043da41a4b81a23052b86,"ALTIMMUNE, INC._May 13, 2026 0001326190 false 0001326190 2026-05-13 2026-05-13 ​ UNITED STATES SECURITIES AND EXCHANGE COMMISSION Washington, DC 20549 FORM 8-K CURRENT REPORT Pursuant to Section 13 or 15(d) of The Securities Exch",8-K,Altimmune,alt-20260513x8k.htm,2026-05-13,sec_edgar_submissions,collected_with_text,ALT,https://www.sec.gov/Archives/edgar/data/1326190/000132619026000037/alt-20260513x8k.htm
0001104659-26-048552,company_disclosures,0001326190,Altimmune,2026-04-24,41412,Altimmune; Pemvidutide; pemvidutide,8e7885fd677ed50d560f56c7306094aa3d3c1fb52831ac959eebba6b461a3609,"TES SECURITIES AND EXCHANGE COMMISSION Washington, DC 20549 FORM 8-K CURRENT REPORT Pursuant to Section 13 or 15(d) of the Securities Exchange Act of 1934 Date of Report (Date of earliest event reported): April 22, 2026 ALTIMMUNE, Inc. (Exact name of registrant as specified in its charter) Delaware 001-32587 20-2726770 (State or other jurisdiction of incorporation) (Commission File Number) (IRS Employer Identification No.) 910 Clopper Road, Suit",8-K,Altimmune; Pemvidutide; pemvidutide,tm2612493d2_8k.htm,2026-04-22,sec_edgar_submissions,collected_with_text,ALT,https://www.sec.gov/Archives/edgar/data/1326190/000110465926048552/tm2612493d2_8k.htm
0001104659-26-047979,company_disclosures,0001326190,Altimmune,2026-04-24,817430,ALT 801; ALT-801; Altimmune; Pemvidutide; pemvidutide,bade4562e79ac254b70ccd9897b773b44916dca161f2caaf3bcc6c40590d4679,"he accompanying prospectuses. Overview Altimmune, Inc. is a late clinical-stage biopharmaceutical company developing novel therapies for serious liver diseases. Our lead product candidate, pemvidutide (formerly known as ALT-801), is a balanced 1:1 glucagon/GLP-1 dual receptor agonist in development for the treatment of MASH, alcohol use disorder (“AUD”) and alcohol-associated liver disease (“ALD”). We may also pursue additional indications for",424B5,ALT 801; ALT-801; Altimmune; Pemvidutide; pemvidutide,alt-20260423x424b5.htm,,sec_edgar_submissions,collected_with_text,ALT,https://www.sec.gov/Archives/edgar/data/1326190/000110465926047979/alt-20260423x424b5.htm
0001326190-26-000031,company_disclosures,0001326190,Altimmune,2026-04-22,837353,ALT 801; ALT-801; Altimmune; Pemvidutide; pemvidutide,f2f992aab64003ae1833bbe8199a104fefa27b6cc10fbf859ebbe34543eab512,"he accompanying prospectuses. Overview Altimmune, Inc. is a late clinical-stage biopharmaceutical company developing novel therapies for serious liver diseases. Our lead product candidate, pemvidutide (formerly known as ALT-801), is a balanced 1:1 glucagon/GLP-1 dual receptor agonist in development for the treatment of MASH, alcohol use disorder (“AUD”) and alcohol-associated liver disease (“ALD”). We may also pursue additional indications for",424B5,ALT 801; ALT-801; Altimmune; Pemvidutide; pemvidutide,alt-20260422x424b5.htm,,sec_edgar_submissions,collected_with_text,ALT,https://www.sec.gov/Archives/edgar/data/1326190/000132619026000031/alt-20260422x424b5.htm
0001326190-26-000027,company_disclosures,0001326190,Altimmune,2026-04-16,99859,Altimmune,d087122aa9f6f310510774dcd0c2695953e0f67dd416a67c7b82d5d5aa238f14,"ALTIMMUNE, INC._April 16, 2026 0001326190 false --12-31 0001326190 2026-04-16 2026-04-16 ​ UNITED STATES SECURITIES AND EXCHANGE COMMISSION Washington, D.C. 20549 FORM 8-K CURRENT REPORT Pursuant to Section 13 or 15(d) of The Sec",8-K,Altimmune,alt-20260416x8k.htm,2026-04-16,sec_edgar_submissions,collected_with_text,ALT,https://www.sec.gov/Archives/edgar/data/1326190/000132619026000027/alt-20260416x8k.htm
0001326190-26-000018,company_disclosures,0001326190,Altimmune,2026-03-06,2155902,ALT 801; ALT-801; Altimmune; Amgen; Cagrilintide; Eli Lilly; Mazdutide; Novo Nordisk; Pemvidutide; Pfizer; Viking Therapeutics; cagrilintide; long-acting amylin analog; mazdutide; pemvidutide; semaglutide,6b7fdcf0cf6c56c7d5bf29ed2275a3752e459f9d8df1ed8e2d9b2cb0e152be0a,"tents PART I Item 1. Business Overview Altimmune, Inc. is a late clinical-stage biopharmaceutical company developing novel therapies for serious liver diseases. Our lead product candidate, pemvidutide (formerly known as ALT-801), is a balanced 1:1 glucagon/GLP-1 dual receptor agonist in development for the treatment of metabolic dysfunction-associated steatohepatitis (“MASH”), alcohol use disorder (“AUD”) and alcohol-associated liver disease (",10-K,ALT 801; ALT-801; Altimmune; Amgen; Cagrilintide; Eli Lilly; Mazdutide; Novo Nordisk; Pemvidutide; Pfizer; Viking Therapeutics; cagrilintide; long-acting amylin analog; mazdutide; pemvidutide; semaglutide,alt-20251231x10k.htm,2025-12-31,sec_edgar_submissions,collected_with_text,ALT,https://www.sec.gov/Archives/edgar/data/1326190/000132619026000018/alt-20251231x10k.htm
0001326190-26-000013,company_disclosures,0001326190,Altimmune,2026-03-05,43779,Altimmune,4a6bdeb960278563bef8c01606e571723497d85077352177365c334dc36ee929,"ALTIMMUNE, INC._March 5, 2026 0001326190 false 0001326190 2026-03-05 2026-03-05 ​ UNITED STATES SECURITIES AND EXCHANGE COMMISSION Washington, DC 20549 FORM 8-K CURRENT REPORT Pursuant to Section 13 or 15(d) of The Securities Exc",8-K,Altimmune,alt-20260305x8k.htm,2026-03-05,sec_edgar_submissions,collected_with_text,ALT,https://www.sec.gov/Archives/edgar/data/1326190/000132619026000013/alt-20260305x8k.htm
0001326190-26-000008,company_disclosures,0001326190,Altimmune,2026-02-03,,,,,8-K,Altimmune,alt-20260202x8k.htm,2026-02-02,sec_edgar_submissions,collected_metadata,ALT,https://www.sec.gov/Archives/edgar/data/1326190/000132619026000008/alt-20260202x8k.htm
0001326190-26-000006,company_disclosures,0001326190,Altimmune,2026-01-28,,,,,8-K,Altimmune,alt-20260127x8k.htm,2026-01-27,sec_edgar_submissions,collected_metadata,ALT,https://www.sec.gov/Archives/edgar/data/1326190/000132619026000006/alt-20260127x8k.htm
0001326190-26-000004,company_disclosures,0001326190,Altimmune,2026-01-28,,,,,424B5,Altimmune,alt-20260128x424b5.htm,,sec_edgar_submissions,collected_metadata,ALT,https://www.sec.gov/Archives/edgar/data/1326190/000132619026000004/alt-20260128x424b5.htm
0001104659-25-122724,company_disclosures,0001326190,Altimmune,2025-12-19,,,,,8-K,Altimmune,tm2533869d1_8k.htm,2025-12-19,sec_edgar_submissions,collected_metadata,ALT,https://www.sec.gov/Archives/edgar/data/1326190/000110465925122724/tm2533869d1_8k.htm
0001104659-25-117144,company_disclosures,0001326190,Altimmune,2025-12-01,,,,,8-K,Altimmune,tm2532420d1_8k.htm,2025-11-30,sec_edgar_submissions,collected_metadata,ALT,https://www.sec.gov/Archives/edgar/data/1326190/000110465925117144/tm2532420d1_8k.htm
0001326190-25-000067,company_disclosures,0001326190,Altimmune,2025-11-06,,,,,8-K,Altimmune,alt-20251106x8k.htm,2025-11-06,sec_edgar_submissions,collected_metadata,ALT,https://www.sec.gov/Archives/edgar/data/1326190/000132619025000067/alt-20251106x8k.htm
0001326190-25-000066,company_disclosures,0001326190,Altimmune,2025-11-06,,,,,424B5,Altimmune,alt-20251106x424b5.htm,,sec_edgar_submissions,collected_metadata,ALT,https://www.sec.gov/Archives/edgar/data/1326190/000132619025000066/alt-20251106x424b5.htm
0001326190-25-000064,company_disclosures,0001326190,Altimmune,2025-11-06,,,,,10-Q,Altimmune,alt-20250930x10q.htm,2025-09-30,sec_edgar_submissions,collected_metadata,ALT,https://www.sec.gov/Archives/edgar/data/1326190/000132619025000064/alt-20250930x10q.htm
0001326190-25-000055,company_disclosures,0001326190,Altimmune,2025-11-06,,,,,8-K,Altimmune,alt-20251106x8k.htm,2025-11-06,sec_edgar_submissions,collected_metadata,ALT,https://www.sec.gov/Archives/edgar/data/1326190/000132619025000055/alt-20251106x8k.htm
0001326190-25-000053,company_disclosures,0001326190,Altimmune,2025-10-03,,,,,8-K,Altimmune,alt-20251001x8k.htm,2025-10-01,sec_edgar_submissions,collected_metadata,ALT,https://www.sec.gov/Archives/edgar/data/1326190/000132619025000053/alt-20251001x8k.htm
0001326190-25-000050,company_disclosures,0001326190,Altimmune,2025-09-25,,,,,8-K,Altimmune,alt-20250925x8k.htm,2025-09-25,sec_edgar_submissions,collected_metadata,ALT,https://www.sec.gov/Archives/edgar/data/1326190/000132619025000050/alt-20250925x8k.htm
0001326190-25-000040,company_disclosures,0001326190,Altimmune,2025-08-12,,,,,10-Q,Altimmune,alt-20250630x10q.htm,2025-06-30,sec_edgar_submissions,collected_metadata,ALT,https://www.sec.gov/Archives/edgar/data/1326190/000132619025000040/alt-20250630x10q.htm
0001558370-25-011145,company_disclosures,0001326190,Altimmune,2025-08-12,,,,,8-K,Altimmune,alt-20250812x8k.htm,2025-08-12,sec_edgar_submissions,collected_metadata,ALT,https://www.sec.gov/Archives/edgar/data/1326190/000155837025011145/alt-20250812x8k.htm
0001326190-25-000037,company_disclosures,0001326190,Altimmune,2025-06-26,,,,,8-K,Altimmune,alt-20250626x8k.htm,2025-06-26,sec_edgar_submissions,collected_metadata,ALT,https://www.sec.gov/Archives/edgar/data/1326190/000132619025000037/alt-20250626x8k.htm
0001326190-25-000034,company_disclosures,0001326190,Altimmune,2025-05-13,,,,,10-Q,Altimmune,alt-20250331x10q.htm,2025-03-31,sec_edgar_submissions,collected_metadata,ALT,https://www.sec.gov/Archives/edgar/data/1326190/000132619025000034/alt-20250331x10q.htm
0001326190-25-000031,company_disclosures,0001326190,Altimmune,2025-05-13,,,,,8-K,Altimmune,alt-20250513x8k.htm,2025-05-13,sec_edgar_submissions,collected_metadata,ALT,https://www.sec.gov/Archives/edgar/data/1326190/000132619025000031/alt-20250513x8k.htm
0001326190-25-000024,company_disclosures,0001326190,Altimmune,2025-03-13,,,,,8-K,Altimmune,alt-20250313x8k.htm,2025-03-13,sec_edgar_submissions,collected_metadata,ALT,https://www.sec.gov/Archives/edgar/data/1326190/000132619025000024/alt-20250313x8k.htm
0001326190-25-000015,company_disclosures,0001326190,Altimmune,2025-02-27,,,,,10-K,Altimmune,alt-20241231x10k.htm,2024-12-31,sec_edgar_submissions,collected_metadata,ALT,https://www.sec.gov/Archives/edgar/data/1326190/000132619025000015/alt-20241231x10k.htm
0001326190-25-000011,company_disclosures,0001326190,Altimmune,2025-02-27,,,,,8-K,Altimmune,alt-20250224x8k.htm,2025-02-24,sec_edgar_submissions,collected_metadata,ALT,https://www.sec.gov/Archives/edgar/data/1326190/000132619025000011/alt-20250224x8k.htm
0001326190-25-000003,company_disclosures,0001326190,Altimmune,2025-02-25,,,,,8-K,Altimmune,alt-20250224x8k.htm,2025-02-24,sec_edgar_submissions,collected_metadata,ALT,https://www.sec.gov/Archives/edgar/data/1326190/000132619025000003/alt-20250224x8k.htm
0001326190-24-000053,company_disclosures,0001326190,Altimmune,2024-12-11,,,,,8-K,Altimmune,alt-20241115x8k.htm,2024-11-15,sec_edgar_submissions,collected_metadata,ALT,https://www.sec.gov/Archives/edgar/data/1326190/000132619024000053/alt-20241115x8k.htm
0001326190-24-000050,company_disclosures,0001326190,Altimmune,2024-11-12,,,,,10-Q,Altimmune,alt-20240930x10q.htm,2024-09-30,sec_edgar_submissions,collected_metadata,ALT,https://www.sec.gov/Archives/edgar/data/1326190/000132619024000050/alt-20240930x10q.htm
0001326190-24-000047,company_disclosures,0001326190,Altimmune,2024-11-12,,,,,8-K,Altimmune,alt-20241112x8k.htm,2024-11-12,sec_edgar_submissions,collected_metadata,ALT,https://www.sec.gov/Archives/edgar/data/1326190/000132619024000047/alt-20241112x8k.htm
0001326190-24-000046,company_disclosures,0001326190,Altimmune,2024-11-12,,,,,8-K,Altimmune,alt-20241111x8k.htm,2024-11-11,sec_edgar_submissions,collected_metadata,ALT,https://www.sec.gov/Archives/edgar/data/1326190/000132619024000046/alt-20241111x8k.htm
0001326190-24-000042,company_disclosures,0001326190,Altimmune,2024-09-26,,,,,8-K,Altimmune,alt-20240926x8k.htm,2024-09-26,sec_edgar_submissions,collected_metadata,ALT,https://www.sec.gov/Archives/edgar/data/1326190/000132619024000042/alt-20240926x8k.htm
0001326190-24-000036,company_disclosures,0001326190,Altimmune,2024-08-15,,,,,8-K,Altimmune,alt-20240813x8k.htm,2024-08-13,sec_edgar_submissions,collected_metadata,ALT,https://www.sec.gov/Archives/edgar/data/1326190/000132619024000036/alt-20240813x8k.htm
0001326190-24-000030,company_disclosures,0001326190,Altimmune,2024-08-08,,,,,10-Q,Altimmune,alt-20240630x10q.htm,2024-06-30,sec_edgar_submissions,collected_metadata,ALT,https://www.sec.gov/Archives/edgar/data/1326190/000132619024000030/alt-20240630x10q.htm
0001326190-24-000027,company_disclosures,0001326190,Altimmune,2024-08-08,,,,,8-K,Altimmune,alt-20240808x8k.htm,2024-08-08,sec_edgar_submissions,collected_metadata,ALT,https://www.sec.gov/Archives/edgar/data/1326190/000132619024000027/alt-20240808x8k.htm
0001326190-24-000022,company_disclosures,0001326190,Altimmune,2024-06-26,,,,,8-K,Altimmune,alt-20240625x8k.htm,2024-06-25,sec_edgar_submissions,collected_metadata,ALT,https://www.sec.gov/Archives/edgar/data/1326190/000132619024000022/alt-20240625x8k.htm
0001326190-24-000019,company_disclosures,0001326190,Altimmune,2024-05-09,,,,,10-Q,Altimmune,alt-20240331x10q.htm,2024-03-31,sec_edgar_submissions,collected_metadata,ALT,https://www.sec.gov/Archives/edgar/data/1326190/000132619024000019/alt-20240331x10q.htm
0001326190-24-000016,company_disclosures,0001326190,Altimmune,2024-05-09,,,,,8-K,Altimmune,alt-20240509x8k.htm,2024-05-09,sec_edgar_submissions,collected_metadata,ALT,https://www.sec.gov/Archives/edgar/data/1326190/000132619024000016/alt-20240509x8k.htm
0001326190-24-000010,company_disclosures,0001326190,Altimmune,2024-03-27,,,,,10-K,Altimmune,alt-20231231x10k.htm,2023-12-31,sec_edgar_submissions,collected_metadata,ALT,https://www.sec.gov/Archives/edgar/data/1326190/000132619024000010/alt-20231231x10k.htm
0001326190-24-000006,company_disclosures,0001326190,Altimmune,2024-03-27,,,,,8-K,Altimmune,alt-20240327x8k.htm,2024-03-27,sec_edgar_submissions,collected_metadata,ALT,https://www.sec.gov/Archives/edgar/data/1326190/000132619024000006/alt-20240327x8k.htm
0001326190-23-000050,company_disclosures,0001326190,Altimmune,2023-11-30,,,,,8-K,Altimmune,alt-20231130x8k.htm,2023-11-30,sec_edgar_submissions,collected_metadata,ALT,https://www.sec.gov/Archives/edgar/data/1326190/000132619023000050/alt-20231130x8k.htm
0001326190-23-000047,company_disclosures,0001326190,Altimmune,2023-11-07,,,,,10-Q,Altimmune,alt-20230930x10q.htm,2023-09-30,sec_edgar_submissions,collected_metadata,ALT,https://www.sec.gov/Archives/edgar/data/1326190/000132619023000047/alt-20230930x10q.htm
0001326190-23-000044,company_disclosures,0001326190,Altimmune,2023-11-07,,,,,8-K,Altimmune,alt-20231107x8k.htm,2023-11-07,sec_edgar_submissions,collected_metadata,ALT,https://www.sec.gov/Archives/edgar/data/1326190/000132619023000044/alt-20231107x8k.htm
0001326190-23-000040,company_disclosures,0001326190,Altimmune,2023-09-28,,,,,8-K,Altimmune,alt-20230928x8k.htm,2023-09-28,sec_edgar_submissions,collected_metadata,ALT,https://www.sec.gov/Archives/edgar/data/1326190/000132619023000040/alt-20230928x8k.htm
0001326190-23-000036,company_disclosures,0001326190,Altimmune,2023-08-10,,,,,10-Q,Altimmune,alt-20230630x10q.htm,2023-06-30,sec_edgar_submissions,collected_metadata,ALT,https://www.sec.gov/Archives/edgar/data/1326190/000132619023000036/alt-20230630x10q.htm
0001326190-23-000033,company_disclosures,0001326190,Altimmune,2023-08-10,,,,,8-K,Altimmune,alt-20230810x8k.htm,2023-08-10,sec_edgar_submissions,collected_metadata,ALT,https://www.sec.gov/Archives/edgar/data/1326190/000132619023000033/alt-20230810x8k.htm
0001326190-23-000028,company_disclosures,0001326190,Altimmune,2023-05-11,,,,,10-Q,Altimmune,alt-20230331x10q.htm,2023-03-31,sec_edgar_submissions,collected_metadata,ALT,https://www.sec.gov/Archives/edgar/data/1326190/000132619023000028/alt-20230331x10q.htm
0001326190-23-000025,company_disclosures,0001326190,Altimmune,2023-05-11,,,,,8-K,Altimmune,alt-20230511x8k.htm,2023-05-11,sec_edgar_submissions,collected_metadata,ALT,https://www.sec.gov/Archives/edgar/data/1326190/000132619023000025/alt-20230511x8k.htm
0001326190-23-000020,company_disclosures,0001326190,Altimmune,2023-03-27,,,,,8-K,Altimmune,alt-20230323x8k.htm,2023-03-23,sec_edgar_submissions,collected_metadata,ALT,https://www.sec.gov/Archives/edgar/data/1326190/000132619023000020/alt-20230323x8k.htm
0001326190-23-000017,company_disclosures,0001326190,Altimmune,2023-03-21,,,,,8-K,Altimmune,alt-20230321x8k.htm,2023-03-21,sec_edgar_submissions,collected_metadata,ALT,https://www.sec.gov/Archives/edgar/data/1326190/000132619023000017/alt-20230321x8k.htm
0001326190-23-000008,company_disclosures,0001326190,Altimmune,2023-02-28,,,,,10-K,Altimmune,alt-20221231x10k.htm,2022-12-31,sec_edgar_submissions,collected_metadata,ALT,https://www.sec.gov/Archives/edgar/data/1326190/000132619023000008/alt-20221231x10k.htm
0001326190-23-000003,company_disclosures,0001326190,Altimmune,2023-02-28,,,,,8-K,Altimmune,alt-20230228x8k.htm,2023-02-28,sec_edgar_submissions,collected_metadata,ALT,https://www.sec.gov/Archives/edgar/data/1326190/000132619023000003/alt-20230228x8k.htm
0001326190-22-000016,company_disclosures,0001326190,Altimmune,2022-12-20,,,,,8-K,Altimmune,alt-20221220x8k.htm,2022-12-20,sec_edgar_submissions,collected_metadata,ALT,https://www.sec.gov/Archives/edgar/data/1326190/000132619022000016/alt-20221220x8k.htm
0001326190-22-000013,company_disclosures,0001326190,Altimmune,2022-11-10,,,,,10-Q,Altimmune,alt-20220930x10q.htm,2022-09-30,sec_edgar_submissions,collected_metadata,ALT,https://www.sec.gov/Archives/edgar/data/1326190/000132619022000013/alt-20220930x10q.htm
0001326190-22-000010,company_disclosures,0001326190,Altimmune,2022-11-10,,,,,8-K,Altimmune,alt-20221110x8k.htm,2022-11-10,sec_edgar_submissions,collected_metadata,ALT,https://www.sec.gov/Archives/edgar/data/1326190/000132619022000010/alt-20221110x8k.htm
0001326190-22-000007,company_disclosures,0001326190,Altimmune,2022-09-29,,,,,8-K,Altimmune,alt-20220929x8k.htm,2022-09-29,sec_edgar_submissions,collected_metadata,ALT,https://www.sec.gov/Archives/edgar/data/1326190/000132619022000007/alt-20220929x8k.htm
0001558370-22-014392,company_disclosures,0001326190,Altimmune,2022-09-14,,,,,8-K,Altimmune,alt-20220914x8k.htm,2022-09-14,sec_edgar_submissions,collected_metadata,ALT,https://www.sec.gov/Archives/edgar/data/1326190/000155837022014392/alt-20220914x8k.htm
0001558370-22-013271,company_disclosures,0001326190,Altimmune,2022-08-11,,,,,10-Q,Altimmune,alt-20220630x10q.htm,2022-06-30,sec_edgar_submissions,collected_metadata,ALT,https://www.sec.gov/Archives/edgar/data/1326190/000155837022013271/alt-20220630x10q.htm
0001558370-22-013169,company_disclosures,0001326190,Altimmune,2022-08-11,,,,,8-K,Altimmune,alt-20220811x8k.htm,2022-08-11,sec_edgar_submissions,collected_metadata,ALT,https://www.sec.gov/Archives/edgar/data/1326190/000155837022013169/alt-20220811x8k.htm
0001558370-22-008535,company_disclosures,0001326190,Altimmune,2022-05-12,,,,,10-Q,Altimmune,alt-20220331x10q.htm,2022-03-31,sec_edgar_submissions,collected_metadata,ALT,https://www.sec.gov/Archives/edgar/data/1326190/000155837022008535/alt-20220331x10q.htm
0001558370-22-008420,company_disclosures,0001326190,Altimmune,2022-05-12,,,,,8-K,Altimmune,alt-20220512x8k.htm,2022-05-12,sec_edgar_submissions,collected_metadata,ALT,https://www.sec.gov/Archives/edgar/data/1326190/000155837022008420/alt-20220512x8k.htm
0001558370-22-003659,company_disclosures,0001326190,Altimmune,2022-03-15,,,,,10-K,Altimmune,alt-20211231x10k.htm,2021-12-31,sec_edgar_submissions,collected_metadata,ALT,https://www.sec.gov/Archives/edgar/data/1326190/000155837022003659/alt-20211231x10k.htm
0001558370-22-003610,company_disclosures,0001326190,Altimmune,2022-03-15,,,,,8-K,Altimmune,alt-20220315x8k.htm,2022-03-15,sec_edgar_submissions,collected_metadata,ALT,https://www.sec.gov/Archives/edgar/data/1326190/000155837022003610/alt-20220315x8k.htm
0001104659-21-151231,company_disclosures,0001326190,Altimmune,2021-12-17,,,,,8-K,Altimmune,tm2135808d1_8k.htm,2021-12-17,sec_edgar_submissions,collected_metadata,ALT,https://www.sec.gov/Archives/edgar/data/1326190/000110465921151231/tm2135808d1_8k.htm
0001104659-21-148822,company_disclosures,0001326190,Altimmune,2021-12-13,,,,,8-K,Altimmune,tm2135141d1_8k.htm,2021-12-09,sec_edgar_submissions,collected_metadata,ALT,https://www.sec.gov/Archives/edgar/data/1326190/000110465921148822/tm2135141d1_8k.htm
0001558370-21-015292,company_disclosures,0001326190,Altimmune,2021-11-09,,,,,10-Q,Altimmune,alt-20210930x10q.htm,2021-09-30,sec_edgar_submissions,collected_metadata,ALT,https://www.sec.gov/Archives/edgar/data/1326190/000155837021015292/alt-20210930x10q.htm
0001558370-21-015281,company_disclosures,0001326190,Altimmune,2021-11-09,,,,,8-K,Altimmune,alt-20211109x8k.htm,2021-11-09,sec_edgar_submissions,collected_metadata,ALT,https://www.sec.gov/Archives/edgar/data/1326190/000155837021015281/alt-20211109x8k.htm
0001193125-21-284839,company_disclosures,0001326190,Altimmune,2021-09-28,,,,,8-K,Altimmune,d200964d8k.htm,2021-09-28,sec_edgar_submissions,collected_metadata,ALT,https://www.sec.gov/Archives/edgar/data/1326190/000119312521284839/d200964d8k.htm
0001104659-21-119390,company_disclosures,0001326190,Altimmune,2021-09-24,,,,,8-K,Altimmune,tm2128419d1_8k.htm,2021-09-23,sec_edgar_submissions,collected_metadata,ALT,https://www.sec.gov/Archives/edgar/data/1326190/000110465921119390/tm2128419d1_8k.htm
0001558370-21-011132,company_disclosures,0001326190,Altimmune,2021-08-10,,,,,10-Q,Altimmune,alt-20210630x10q.htm,2021-06-30,sec_edgar_submissions,collected_metadata,ALT,https://www.sec.gov/Archives/edgar/data/1326190/000155837021011132/alt-20210630x10q.htm
0001558370-21-011129,company_disclosures,0001326190,Altimmune,2021-08-10,,,,,8-K,Altimmune,alt-20210810x8k.htm,2021-08-10,sec_edgar_submissions,collected_metadata,ALT,https://www.sec.gov/Archives/edgar/data/1326190/000155837021011129/alt-20210810x8k.htm
0001104659-21-086854,company_disclosures,0001326190,Altimmune,2021-06-29,,,,,8-K,Altimmune,tm2121014d1_8k.htm,2021-06-29,sec_edgar_submissions,collected_metadata,ALT,https://www.sec.gov/Archives/edgar/data/1326190/000110465921086854/tm2121014d1_8k.htm
0001104659-21-081758,company_disclosures,0001326190,Altimmune,2021-06-16,,,,,8-K,Altimmune,tm2119883d1_8k.htm,2021-06-16,sec_edgar_submissions,collected_metadata,ALT,https://www.sec.gov/Archives/edgar/data/1326190/000110465921081758/tm2119883d1_8k.htm
0001564590-21-028166,company_disclosures,0001326190,Altimmune,2021-05-17,,,,,10-Q,Altimmune,alt-10q_20210331.htm,2021-03-31,sec_edgar_submissions,collected_metadata,ALT,https://www.sec.gov/Archives/edgar/data/1326190/000156459021028166/alt-10q_20210331.htm
0001564590-21-028165,company_disclosures,0001326190,Altimmune,2021-05-17,,,,,8-K,Altimmune,alt-8k_20210517.htm,2021-05-17,sec_edgar_submissions,collected_metadata,ALT,https://www.sec.gov/Archives/edgar/data/1326190/000156459021028165/alt-8k_20210517.htm
0001193125-21-103232,company_disclosures,0001326190,Altimmune,2021-04-01,,,,,8-K,Altimmune,d148089d8k.htm,2021-04-01,sec_edgar_submissions,collected_metadata,ALT,https://www.sec.gov/Archives/edgar/data/1326190/000119312521103232/d148089d8k.htm
0001193125-21-078521,company_disclosures,0001326190,Altimmune,2021-03-12,,,,,8-K,Altimmune,d113879d8k.htm,2021-03-09,sec_edgar_submissions,collected_metadata,ALT,https://www.sec.gov/Archives/edgar/data/1326190/000119312521078521/d113879d8k.htm
0001193125-21-056940,company_disclosures,0001326190,Altimmune,2021-02-25,,,,,8-K,Altimmune,d146142d8k.htm,2021-02-25,sec_edgar_submissions,collected_metadata,ALT,https://www.sec.gov/Archives/edgar/data/1326190/000119312521056940/d146142d8k.htm
0001193125-21-055820,company_disclosures,0001326190,Altimmune,2021-02-25,,,,,424B5,Altimmune,d24591d424b5.htm,,sec_edgar_submissions,collected_metadata,ALT,https://www.sec.gov/Archives/edgar/data/1326190/000119312521055820/d24591d424b5.htm
0001564590-21-008422,company_disclosures,0001326190,Altimmune,2021-02-25,,,,,10-K,Altimmune,alt-10k_20201231.htm,2020-12-31,sec_edgar_submissions,collected_metadata,ALT,https://www.sec.gov/Archives/edgar/data/1326190/000156459021008422/alt-10k_20201231.htm
0001564590-21-008419,company_disclosures,0001326190,Altimmune,2021-02-25,,,,,8-K,Altimmune,alt-8k_20210225.htm,2021-02-25,sec_edgar_submissions,collected_metadata,ALT,https://www.sec.gov/Archives/edgar/data/1326190/000156459021008419/alt-8k_20210225.htm
0001193125-20-326020,company_disclosures,0001326190,Altimmune,2020-12-23,,,,,8-K,Altimmune,d10045d8k.htm,2020-12-23,sec_edgar_submissions,collected_metadata,ALT,https://www.sec.gov/Archives/edgar/data/1326190/000119312520326020/d10045d8k.htm
0001564590-20-052524,company_disclosures,0001326190,Altimmune,2020-11-09,,,,,10-Q,Altimmune,alt-10q_20200930.htm,2020-09-30,sec_edgar_submissions,collected_metadata,ALT,https://www.sec.gov/Archives/edgar/data/1326190/000156459020052524/alt-10q_20200930.htm
0001564590-20-052493,company_disclosures,0001326190,Altimmune,2020-11-09,,,,,8-K,Altimmune,alt-8k_20201109.htm,2020-11-09,sec_edgar_submissions,collected_metadata,ALT,https://www.sec.gov/Archives/edgar/data/1326190/000156459020052493/alt-8k_20201109.htm
0001193125-20-254566,company_disclosures,0001326190,Altimmune,2020-09-25,,,,,8-K,Altimmune,d62189d8k.htm,2020-09-24,sec_edgar_submissions,collected_metadata,ALT,https://www.sec.gov/Archives/edgar/data/1326190/000119312520254566/d62189d8k.htm
0001564590-20-039314,company_disclosures,0001326190,Altimmune,2020-08-11,,,,,10-Q,Altimmune,alt-10q_20200630.htm,2020-06-30,sec_edgar_submissions,collected_metadata,ALT,https://www.sec.gov/Archives/edgar/data/1326190/000156459020039314/alt-10q_20200630.htm
0001564590-20-039298,company_disclosures,0001326190,Altimmune,2020-08-11,,,,,8-K,Altimmune,alt-8k_20200811.htm,2020-08-11,sec_edgar_submissions,collected_metadata,ALT,https://www.sec.gov/Archives/edgar/data/1326190/000156459020039298/alt-8k_20200811.htm
0001193125-20-194024,company_disclosures,0001326190,Altimmune,2020-07-16,,,,,8-K,Altimmune,d95772d8k.htm,2020-07-13,sec_edgar_submissions,collected_metadata,ALT,https://www.sec.gov/Archives/edgar/data/1326190/000119312520194024/d95772d8k.htm
0001193125-20-192791,company_disclosures,0001326190,Altimmune,2020-07-15,,,,,424B5,Altimmune,d30860d424b5.htm,,sec_edgar_submissions,collected_metadata,ALT,https://www.sec.gov/Archives/edgar/data/1326190/000119312520192791/d30860d424b5.htm
0001193125-20-191866,company_disclosures,0001326190,Altimmune,2020-07-13,,,,,424B5,Altimmune,d30860d424b5.htm,,sec_edgar_submissions,collected_metadata,ALT,https://www.sec.gov/Archives/edgar/data/1326190/000119312520191866/d30860d424b5.htm
0001193125-20-191485,company_disclosures,0001326190,Altimmune,2020-07-13,,,,,8-K,Altimmune,d99281d8k.htm,2020-07-13,sec_edgar_submissions,collected_metadata,ALT,https://www.sec.gov/Archives/edgar/data/1326190/000119312520191485/d99281d8k.htm
0001193125-20-156472,company_disclosures,0001326190,Altimmune,2020-06-01,,,,,424B5,Altimmune,d830416d424b5.htm,,sec_edgar_submissions,collected_metadata,ALT,https://www.sec.gov/Archives/edgar/data/1326190/000119312520156472/d830416d424b5.htm
0001193125-20-156447,company_disclosures,0001326190,Altimmune,2020-06-01,,,,,8-K,Altimmune,d830432d8k.htm,2020-06-01,sec_edgar_submissions,collected_metadata,ALT,https://www.sec.gov/Archives/edgar/data/1326190/000119312520156447/d830432d8k.htm
0001564590-20-025137,company_disclosures,0001326190,Altimmune,2020-05-13,,,,,8-K,Altimmune,alt-8k_20200513.htm,2020-05-13,sec_edgar_submissions,collected_metadata,ALT,https://www.sec.gov/Archives/edgar/data/1326190/000156459020025137/alt-8k_20200513.htm
0001564590-20-025123,company_disclosures,0001326190,Altimmune,2020-05-13,,,,,10-Q,Altimmune,alt-10q_20200331.htm,2020-03-31,sec_edgar_submissions,collected_metadata,ALT,https://www.sec.gov/Archives/edgar/data/1326190/000156459020025123/alt-10q_20200331.htm
0001193125-20-139801,company_disclosures,0001326190,Altimmune,2020-05-12,,,,,8-K,Altimmune,d927317d8k.htm,2020-05-11,sec_edgar_submissions,collected_metadata,ALT,https://www.sec.gov/Archives/edgar/data/1326190/000119312520139801/d927317d8k.htm
0001193125-20-100902,company_disclosures,0001326190,Altimmune,2020-04-08,,,,,8-K,Altimmune,d915549d8k.htm,2020-04-02,sec_edgar_submissions,collected_metadata,ALT,https://www.sec.gov/Archives/edgar/data/1326190/000119312520100902/d915549d8k.htm
0001193125-20-088680,company_disclosures,0001326190,Altimmune,2020-03-27,,,,,8-K,Altimmune,d818014d8k.htm,2020-03-27,sec_edgar_submissions,collected_metadata,ALT,https://www.sec.gov/Archives/edgar/data/1326190/000119312520088680/d818014d8k.htm
0001193125-20-087649,company_disclosures,0001326190,Altimmune,2020-03-27,,,,,424B5,Altimmune,d864153d424b5.htm,,sec_edgar_submissions,collected_metadata,ALT,https://www.sec.gov/Archives/edgar/data/1326190/000119312520087649/d864153d424b5.htm
