content_id,abstract_number,eha_abstract_id,title,presentation_type,topic_name,matched_terms,retained,relevance_rationale,href
4209114,PB2563,EHA-3535,TRANSCRIPTOME ANALYSIS IDENTIFIES A MYELOID-LIKE SIGNATURE IN RELAPSED OR REFRACTORY B-CELL ACUTE LYMPHOCYTIC LEUKEMIA PATIENTS WITH POOR RESPONSE TO CD19 CHIMERIC ANTIGEN RECEPTOR T CELL THERAPY,Publication Only,01. Acute lymphoblastic leukemia - Biology & translational research,predictive model,no,Only weak model or classifier language was present without explicit AI or machine-learning framing.,https://library.ehaweb.org/eha/2026/eha-2026/4209114/jianxiang.wang.transcriptome.analysis.identifies.a.myeloid-like.signature.in.html?f=menu%3D6%2Abrowseby%3D8%2Asortby%3D6%2Amedia%3D3%2Ace_id%3D2934%2Aot_id%3D115579%2Amarker%3D6767
4209268,PB2717,EHA-4457,HIGH-RISK UBTF TANDEM DUPLICATIONS IN PEDIATRIC AML: DETECTION CHALLENGES AND INTEGRATED CHARACTERIZATION IN A SINGLE-CENTER COHORT,Publication Only,03. Acute myeloid leukemia - Biology & translational research,algorithmic prediction,no,Only weak model or classifier language was present without explicit AI or machine-learning framing.,https://library.ehaweb.org/eha/2026/eha-2026/4209268/alba.crespo-carrasco.high-riskubtftandem.duplications.in.pediatric.aml.html?f=menu%3D6%2Abrowseby%3D8%2Asortby%3D6%2Amedia%3D3%2Ace_id%3D2934%2Aot_id%3D115580%2Amarker%3D6767
4209358,PB2807,EHA-5265,TRANSCRIPTOMICS-BASED MULTI-OMICS APPROACH FOR IMPROVED RISK STRATIFICATION IN ACUTE MYELOID LEUKEMIA,Publication Only,04. Acute myeloid leukemia - Clinical,predictive model,no,Only weak model or classifier language was present without explicit AI or machine-learning framing.,https://library.ehaweb.org/eha/2026/eha-2026/4209358/yang.yang.transcriptomics-based.multi-omics.approach.for.improved.risk.html?f=menu%3D6%2Abrowseby%3D8%2Asortby%3D6%2Amedia%3D3%2Ace_id%3D2934%2Aot_id%3D115581%2Amarker%3D6767
4209424,PB2873,EHA-4989,GUT FUNGAL MYCOBIOME IN PATIENTS WITH CHRONIC LYMPHOCYTIC LEUKEMIA,Publication Only,05. Chronic lymphocytic leukemia and related disorders - Biology & translational research,classifier,no,Only weak model or classifier language was present without explicit AI or machine-learning framing.,https://library.ehaweb.org/eha/2026/eha-2026/4209424/yajuan.gao.gut.fungal.mycobiome.in.patients.with.chronic.lymphocytic.leukemia.html?f=menu%3D6%2Abrowseby%3D8%2Asortby%3D6%2Amedia%3D3%2Ace_id%3D2934%2Aot_id%3D115582%2Amarker%3D6767
4209645,PB3095,EHA-4391,EVALUATING MLPA AS A COST‑EFFECTIVE DIAGNOSTIC TOOL IN MYELODYSPLASTIC SYNDROMES: A RETROSPECTIVE COMPARISON WITH CYTOGENETICS AND FISH,Publication Only,10. Myelodysplastic syndromes - Clinical,algorithmic prediction,no,Only weak model or classifier language was present without explicit AI or machine-learning framing.,https://library.ehaweb.org/eha/2026/eha-2026/4209645/anna.szilgyi.evaluating.mlpa.as.a.costeffective.diagnostic.tool.in.html?f=menu%3D6%2Abrowseby%3D8%2Asortby%3D6%2Amedia%3D3%2Ace_id%3D2934%2Aot_id%3D115587%2Amarker%3D6767
4209751,PB3201,EHA-5517,"NOVEL ALTERNATIVE SPLICE VARIANTS OF GENES ENCODING LYSOSOME-ASSOCIATED MEMBRANE PROTEINS 1 AND 2 (LAMP1 AND LAMP2) IN MULTIPLE MYELOMA, REVEALED BY COMBINING NEXT-GENERATION AND NANOPORE SEQUENCING",Publication Only,13. Myeloma and other monoclonal gammopathies - Biology & translational research,algorithmic prediction,no,Only weak model or classifier language was present without explicit AI or machine-learning framing.,https://library.ehaweb.org/eha/2026/eha-2026/4209751/evangelos.terpos.novel.alternative.splice.variants.of.genes.encoding.html?f=menu%3D6%2Abrowseby%3D8%2Asortby%3D6%2Amedia%3D3%2Ace_id%3D2934%2Aot_id%3D115590%2Amarker%3D6767
4209828,PB3278,EHA-5112,BEYOND FUNCTIONAL HIGH-RISK: ULTRA-EARLY RELAPSE AFTER AUTOLOGOUS STEM CELL TRANSPLANTATION IDENTIFIES AN EVEN HIGHER-RISK SUBGROUP IN MULTIPLE MYELOMA,Publication Only,14. Myeloma and other monoclonal gammopathies - Clinical,predictive model,no,Only weak model or classifier language was present without explicit AI or machine-learning framing.,https://library.ehaweb.org/eha/2026/eha-2026/4209828/juan.li.beyond.functional.high-risk.ultra-early.relapse.after.autologous.stem.html?f=menu%3D6%2Abrowseby%3D8%2Asortby%3D6%2Amedia%3D3%2Ace_id%3D2934%2Aot_id%3D115575%2Amarker%3D6767
4209855,PB3305,EHA-4097,ESA CO-ADMINISTRATION INDEPENDENTLY INCREASES THROMBOTIC RISK DURING LENALIDOMIDE THERAPY IN MULTIPLE MYELOMA: A REAL-WORLD COHORT STUDY,Publication Only,14. Myeloma and other monoclonal gammopathies - Clinical,AI-framed method; AI,no,"Excluded after weak-term audit because AI was used only as a coding or script-optimization aid, not as an AI-related conference method or topic.",https://library.ehaweb.org/eha/2026/eha-2026/4209855/anthony.naassan.esa.co-administration.independently.increases.thrombotic.risk.html?f=menu%3D6%2Abrowseby%3D8%2Asortby%3D6%2Amedia%3D3%2Ace_id%3D2934%2Aot_id%3D115575%2Amarker%3D6767
4209903,PB3353,EHA-3348,"CARDIOVASCULAR ADVERSE EVENTS IN NEWLY DIAGNOSED MULTIPLE MYELOMA: INCIDENCE, RISK FACTORS, AND PROGNOSTIC IMPACT",Publication Only,14. Myeloma and other monoclonal gammopathies - Clinical,predictive model,no,Only weak model or classifier language was present without explicit AI or machine-learning framing.,https://library.ehaweb.org/eha/2026/eha-2026/4209903/dewan.zhao.cardiovascular.adverse.events.in.newly.diagnosed.multiple.myeloma.html?f=menu%3D6%2Abrowseby%3D8%2Asortby%3D6%2Amedia%3D3%2Ace_id%3D2934%2Aot_id%3D115575%2Amarker%3D6767
4210020,PB3470,EHA-2662,"BELOW THE THRESHOLD, ABOVE THE RISK: THROMBOTIC IMPLICATIONS OF JAK2 VAF",Publication Only,16. Myeloproliferative neoplasms - Clinical,AI,no,"Excluded after weak-term audit because the matched text used AI as a non-AI abbreviation, a general writing/coding aid, or a nonspecific contextual phrase rather than an AI-related conference method.",https://library.ehaweb.org/eha/2026/eha-2026/4210020/laura.de.fazio.below.the.threshold.above.the.risk.thrombotic.implications.of.html?f=menu%3D6%2Abrowseby%3D8%2Asortby%3D6%2Amedia%3D3%2Ace_id%3D2934%2Aot_id%3D115592%2Amarker%3D6767
4210363,PB3813,EHA-6422,PRIMARY CENTRAL NERVOUS SYSTEM LYMPHOMA IN LATIN AMERICA: REAL-WORLD CLINICOPATHOLOGICAL CHARACTERISTICS AND SURVIVAL OUTCOMES FROM A NATIONAL REFERENCE CENTER,Publication Only,19. Large B cell lymphomas - Clinical,algorithmic prediction,no,Only weak model or classifier language was present without explicit AI or machine-learning framing.,https://library.ehaweb.org/eha/2026/eha-2026/4210363/luis.felipe.rubalcava.lara.primary.central.nervous.system.lymphoma.in.latin.html?f=menu%3D6%2Abrowseby%3D8%2Asortby%3D6%2Amedia%3D3%2Ace_id%3D2934%2Aot_id%3D115576%2Amarker%3D6767
4210374,PB3824,EHA-6264,CLINICAL OUTCOMES AND SURVIVAL PREDICTORS IN PRIMARY EXTRANODAL NON-HODGKIN LYMPHOMA: A SINGLE-CENTER EXPERIENCE,Publication Only,19. Large B cell lymphomas - Clinical,AI,no,"Excluded after weak-term audit because the matched text used AI as a non-AI abbreviation, a general writing/coding aid, or a nonspecific contextual phrase rather than an AI-related conference method.",https://library.ehaweb.org/eha/2026/eha-2026/4210374/mihailo.smiljanic.clinical.outcomes.and.survival.predictors.in.primary.html?f=menu%3D6%2Abrowseby%3D8%2Asortby%3D6%2Amedia%3D3%2Ace_id%3D2934%2Aot_id%3D115576%2Amarker%3D6767
4210485,PB3935,EHA-6734,DIVERGENT GENOMIC LANDSCAPES IN DLBCL: NOVEL NFKBIE ALTERATIONS AND TP53 DOMINANCE IN INDIAN PATIENTS CHALLENGE WESTERN FRAMEWORKS,Publication Only,21. Lymphoma biology & translational research,classifier,no,Only weak model or classifier language was present without explicit AI or machine-learning framing.,https://library.ehaweb.org/eha/2026/eha-2026/4210485/rahul.bhargav.divergent.genomic.landscapes.in.dlbcl.novel.nfkbie.alterations.html?f=menu%3D6%2Abrowseby%3D8%2Asortby%3D6%2Amedia%3D3%2Ace_id%3D2934%2Aot_id%3D115595%2Amarker%3D6767
4210652,PB4102,EHA-4386,METABOLIC REMODELLING UNDER THE STRESS OF EX VIVO CULTURE OF HUMAN HAEMATOPOIETIC STEM CELLS,Publication Only,"25. Gene therapy, cellular immunotherapy and vaccination - Biology & translational research",predictive model,no,Only weak model or classifier language was present without explicit AI or machine-learning framing.,https://library.ehaweb.org/eha/2026/eha-2026/4210652/wenjuan.ma.metabolic.remodelling.under.the.stress.of.ex.vivo.culture.of.human.html?f=menu%3D6%2Abrowseby%3D8%2Asortby%3D6%2Amedia%3D3%2Ace_id%3D2934%2Aot_id%3D115600%2Amarker%3D6767
4210726,PB4176,EHA-3671,NATIONAL MAPPING OF BETA-THALASSEMIA TRAIT IN TUNISIA: EVALUATION OF ERYTHROCYTE INDICES AND IMPACT OF THRESHOLD ADAPTATION,Publication Only,28. Thalassemias,predictive model,no,Only weak model or classifier language was present without explicit AI or machine-learning framing.,https://library.ehaweb.org/eha/2026/eha-2026/4210726/ikbel.ghachem.national.mapping.of.beta-thalassemia.trait.in.tunisia.evaluation.html?f=menu%3D6%2Abrowseby%3D8%2Asortby%3D6%2Amedia%3D3%2Ace_id%3D2934%2Aot_id%3D115602%2Amarker%3D6767
4210900,PB4350,EHA-2038,POPULATION PHARMACOKINETICS MODELING OF KOVALTRY BY REAL WORLD DATA: FREE INDIVIDUALIZED MEDICATION GUIDANCE FOR HEMOPHILIA PATIENTS IN CHINA,Publication Only,34. Bleeding disorders (congenital and acquired),predictive model,no,Only weak model or classifier language was present without explicit AI or machine-learning framing.,https://library.ehaweb.org/eha/2026/eha-2026/4210900/ping.zhang.population.pharmacokinetics.modeling.of.kovaltry.by.real.world.data.html?f=menu%3D6%2Abrowseby%3D8%2Asortby%3D6%2Amedia%3D3%2Ace_id%3D2934%2Aot_id%3D115608%2Amarker%3D6767
4210909,PB4359,EHA-2206,THE ENDOTHELIAL ACTIVATION AND STRESS INDEX (EASIX) PREDICTS CLINICAL PROGRESSION TO ANTIPHOSPHOLIPID SYNDROME IN ANTIPHOSPHOLIPID ANTIBODY CARRIERS,Publication Only,35. Thrombosis and vascular biology,predictive model,no,Only weak model or classifier language was present without explicit AI or machine-learning framing.,https://library.ehaweb.org/eha/2026/eha-2026/4210909/rodrigo.cantera.estefana.the.endothelial.activation.and.stress.index.28easix29.html?f=menu%3D6%2Abrowseby%3D8%2Asortby%3D6%2Amedia%3D3%2Ace_id%3D2934%2Aot_id%3D115609%2Amarker%3D6767
4210960,PB4410,EHA-5940,DEVELOPMENT OF A MULTIVARIATE REGRESSION-BASED PREDICTIVE MODEL FOR OPTIMAL INTERNAL JUGULAR VEIN CATHETER INSERTION DEPTH INPATIENTS WITH HEMATOLOGICAL DISEASES,Publication Only,"36. Quality of life, ethics, supportive and palliative care",predictive model,no,Only weak model or classifier language was present without explicit AI or machine-learning framing.,https://library.ehaweb.org/eha/2026/eha-2026/4210960/jing.zhao.development.of.a.multivariate.regression-based.predictive.model.for.html?f=menu%3D6%2Abrowseby%3D8%2Asortby%3D6%2Amedia%3D3%2Ace_id%3D2934%2Aot_id%3D115610%2Amarker%3D6767
4211044,PB4494,EHA-6802,INTEGRATED 5MC/5HMC MICROARRAY PLATFORM FOR BLOOD-BASED EPIGENETIC CLASSIFICATION OF LYMPHOMA,Publication Only,"38. Novel technologies, techniques and digital analytical tools in hematology",classifier,no,Only weak model or classifier language was present without explicit AI or machine-learning framing.,https://library.ehaweb.org/eha/2026/eha-2026/4211044/tahir.detinis.zur.integrated.5mc.5hmc.microarray.platform.for.blood-based.html?f=menu%3D6%2Abrowseby%3D8%2Asortby%3D6%2Amedia%3D3%2Ace_id%3D2934%2Aot_id%3D115612%2Amarker%3D6767
4211048,PB4498,EHA-6244,QUANTITATIVE COMPARISON OF AN AUTOMATED RT-QPCR (GENEXPERT) AND CONVENTIONAL RT-QPCR FOR NPM1 MRD DETECTION IN AML,Publication Only,"38. Novel technologies, techniques and digital analytical tools in hematology",automated diagnosis,no,Only weak model or classifier language was present without explicit AI or machine-learning framing.,https://library.ehaweb.org/eha/2026/eha-2026/4211048/ing.soo.tiong.quantitative.comparison.of.an.automated.rt-qpcr.28genexpert29.and.html?f=menu%3D6%2Abrowseby%3D8%2Asortby%3D6%2Amedia%3D3%2Ace_id%3D2934%2Aot_id%3D115612%2Amarker%3D6767
4206891,PF1002,EHA-2564,"THE PREDIC-TO STUDY: AN INTERNATIONAL, REAL-WORLD COHORT STUDY OF VENOUS THROMBOEMBOLISM RISK MODEL STRATIFICATION IN DLBCL PATIENTS ACROSS ASIA, EUROPE, AND UNITED STATES OF AMERICA",Poster Presentation,19. Large B cell lymphomas - Clinical,predictive model,no,Only weak model or classifier language was present without explicit AI or machine-learning framing.,https://library.ehaweb.org/eha/2026/eha-2026/4206891/giulia.bassi.the.predic-to.study.an.international.real-world.cohort.study.of.html?f=menu%3D6%2Abrowseby%3D8%2Asortby%3D6%2Amedia%3D3%2Ace_id%3D2934%2Aot_id%3D115576%2Amarker%3D6766
4206901,PF1012,EHA-1378,EXTRANODAL METABOLIC TUMOR VOLUME IDENTIFIES LARGE B‑CELL LYMPHOMA SUBGROUPS THAT BENEFIT FROM POLA‑R‑CHP,Poster Presentation,19. Large B cell lymphomas - Clinical,classifier,no,Only weak model or classifier language was present without explicit AI or machine-learning framing.,https://library.ehaweb.org/eha/2026/eha-2026/4206901/hajime.sakuma.extranodal.metabolic.tumor.volume.identifies.large.bcell.html?f=menu%3D6%2Abrowseby%3D8%2Asortby%3D6%2Amedia%3D3%2Ace_id%3D2934%2Aot_id%3D115576%2Amarker%3D6766
4206902,PF1013,EHA-5177,"DEVELOPMENT OF A PROGNOSTIC MODEL INCORPORATING PLASMA EBV-DNA LEVEL FOR EBV-POSITIVE DIFFUSE LARGE B-CELL LYMPHOMA: A RETROSPECTIVE, SINGLE-CENTER STUDY",Poster Presentation,19. Large B cell lymphomas - Clinical,predictive model,no,Only weak model or classifier language was present without explicit AI or machine-learning framing.,https://library.ehaweb.org/eha/2026/eha-2026/4206902/xinzhu.tang.development.of.a.prognostic.model.incorporating.plasma.ebv-dna.html?f=menu%3D6%2Abrowseby%3D8%2Asortby%3D6%2Amedia%3D3%2Ace_id%3D2934%2Aot_id%3D115576%2Amarker%3D6766
4206926,PF1037,EHA-5336,THE AITL-HZ SCORE INCORPORATING EBV AND COMPLEMENT C3 OUTPERFORMS EXISTING PROGNOSTIC MODELS FOR CHINESE AITL PATIENTS,Poster Presentation,20. Other aggressive lymphomas,predictive model,no,Only weak model or classifier language was present without explicit AI or machine-learning framing.,https://library.ehaweb.org/eha/2026/eha-2026/4206926/mengmeng.dong.the.aitl-hz.score.incorporating.ebv.and.complement.c3.html?f=menu%3D6%2Abrowseby%3D8%2Asortby%3D6%2Amedia%3D3%2Ace_id%3D2934%2Aot_id%3D115596%2Amarker%3D6766
4206959,PF1070,EHA-3247,OUTCOMES BY LYMPHOMAP ARCHETYPES IN UNTREATED DIFFUSE LARGE B-CELL LYMPHOMA FROM THE POLARIX TRIAL,Poster Presentation,21. Lymphoma biology & translational research,classifier,no,Only weak model or classifier language was present without explicit AI or machine-learning framing.,https://library.ehaweb.org/eha/2026/eha-2026/4206959/r.andrew.harkins.outcomes.by.lymphomap.archetypes.in.untreated.diffuse.large.html?f=menu%3D6%2Abrowseby%3D8%2Asortby%3D6%2Amedia%3D3%2Ace_id%3D2934%2Aot_id%3D115595%2Amarker%3D6766
4206990,PF1101,EHA-4430,WHOLE-GENOME SEQUENCING REVEALS DISTINCT MOLECULAR CLASSIFICATION PATTERNS IN DIFFUSE LARGE B-CELL LYMPHOMA IN CHINESE PATIENTS,Poster Presentation,21. Lymphoma biology & translational research,classifier,no,Only weak model or classifier language was present without explicit AI or machine-learning framing.,https://library.ehaweb.org/eha/2026/eha-2026/4206990/mingyu.yang.whole-genome.sequencing.reveals.distinctmolecular.classification.html?f=menu%3D6%2Abrowseby%3D8%2Asortby%3D6%2Amedia%3D3%2Ace_id%3D2934%2Aot_id%3D115595%2Amarker%3D6766
4207072,PF1184,EHA-1337,DRIVERS SHAPING PRE-NEOPLASTIC CLONAL EVOLUTION,Poster Presentation,"24. Hematopoiesis, stem cells and microenvironment",computational model,no,Only weak model or classifier language was present without explicit AI or machine-learning framing.,https://library.ehaweb.org/eha/2026/eha-2026/4207072/kristina.kirschner.drivers.shaping.pre-neoplastic.clonal.evolution.html?f=menu%3D6%2Abrowseby%3D8%2Asortby%3D6%2Amedia%3D3%2Ace_id%3D2934%2Aot_id%3D115599%2Amarker%3D6766
4207087,PF1199,EHA-1553,A MULTI-DIMENSIONAL STUDY OF BONE MARROW STROMA DRIVERS OF HEMATOPOIETIC RECOVERY AFTER CHEMOTHERAPY FOR ACUTE MYELOID LEUKEMIA,Poster Presentation,"24. Hematopoiesis, stem cells and microenvironment",classifier,no,Only weak model or classifier language was present without explicit AI or machine-learning framing.,https://library.ehaweb.org/eha/2026/eha-2026/4207087/germaine.chia.a.multi-dimensional.study.of.bone.marrow.stroma.drivers.of.html?f=menu%3D6%2Abrowseby%3D8%2Asortby%3D6%2Amedia%3D3%2Ace_id%3D2934%2Aot_id%3D115599%2Amarker%3D6766
4207097,PF1209,EHA-2380,CAR-T THERAPY RESPONSE AND RESISTANCE STUDIES BASED ON SUBCELLULAR AND MULTIPLEX SINGLE-CELL IMAGING,Poster Presentation,"25. Gene therapy, cellular immunotherapy and vaccination - Biology & translational research",automated diagnosis,no,Only weak model or classifier language was present without explicit AI or machine-learning framing.,https://library.ehaweb.org/eha/2026/eha-2026/4207097/liting.chen.car-t.therapy.response.and.resistance.studies.based.on.subcellular.html?f=menu%3D6%2Abrowseby%3D8%2Asortby%3D6%2Amedia%3D3%2Ace_id%3D2934%2Aot_id%3D115600%2Amarker%3D6766
4207132,PF1244,EHA-5539,PREDICTIVE PERFORMANCE OF MODELS FOR ICAHT IN REAL-WORLD COHORTS OF RELAPSED/REFRACTORY B-CELL MALIGNANCY TREATED WITH CAR-T,Poster Presentation,"26. Gene therapy, cellular immunotherapy and vaccination - Clinical",predictive model,no,Only weak model or classifier language was present without explicit AI or machine-learning framing.,https://library.ehaweb.org/eha/2026/eha-2026/4207132/yuting.gong.predictive.performance.of.models.for.icaht.in.real-world.cohorts.html?f=menu%3D6%2Abrowseby%3D8%2Asortby%3D6%2Amedia%3D3%2Ace_id%3D2934%2Aot_id%3D115601%2Amarker%3D6766
4207316,PF1428,EHA-2442,EVALUATION OF RAPID EPIGENOMICS PROFILING OF ACUTE LEUKEMIA BY NANOPORE SEQUENCING,Poster Presentation,"38. Novel technologies, techniques and digital analytical tools in hematology",classifier,no,Only weak model or classifier language was present without explicit AI or machine-learning framing.,https://library.ehaweb.org/eha/2026/eha-2026/4207316/ka.ngai.lau.evaluation.of.rapid.epigenomics.profiling.of.acute.leukemia.by.html?f=menu%3D6%2Abrowseby%3D8%2Asortby%3D6%2Amedia%3D3%2Ace_id%3D2934%2Aot_id%3D115612%2Amarker%3D6766
4207366,PF378,EHA-2644,GENOMIC ARCHITECTURE OVERRIDES SINGLE-LOCUS RISK SIGNALS IN T-ALL: PROGNOSTIC UTILITY OF A MULTI-GENE NGS CLASSIFIER INDEPENDENT OF MEASURABLE RESIDUAL DISEASE,Poster Presentation,02. Acute lymphoblastic leukemia - Clinical,classifier,no,Only weak model or classifier language was present without explicit AI or machine-learning framing.,https://library.ehaweb.org/eha/2026/eha-2026/4207366/neha.singh.genomic.architecture.overrides.single-locus.risk.signals.in.t-all.html?f=menu%3D6%2Abrowseby%3D8%2Asortby%3D6%2Amedia%3D3%2Ace_id%3D2934%2Aot_id%3D115578%2Amarker%3D6766
4207375,PF387,EHA-5708,PREGNANCY-ASSOCIATED ACUTE LYMPHOBLASTIC LEUKEMIA: A FRENCH NATIONWIDE MULTICENTER RETROSPECTIVE COHORT,Poster Presentation,02. Acute lymphoblastic leukemia - Clinical,classifier,no,Only weak model or classifier language was present without explicit AI or machine-learning framing.,https://library.ehaweb.org/eha/2026/eha-2026/4207375/elise.bandet.pregnancy-associated.acute.lymphoblastic.leukemia.a.french.html?f=menu%3D6%2Abrowseby%3D8%2Asortby%3D6%2Amedia%3D3%2Ace_id%3D2934%2Aot_id%3D115578%2Amarker%3D6766
4207459,PF471,EHA-5352,MAGNETIC-INDUCED CELL-PATIENT-DERIVED XENOGRAFT (MAGIC-PDX) MODEL AS PARALLEL STUDIES FOR PERSONALIZED TREATMENT IN HEMATOLOGICAL MALIGNANCIES,Poster Presentation,03. Acute myeloid leukemia - Biology & translational research,AI,no,"Excluded after weak-term audit because the matched text used AI as a non-AI abbreviation, a general writing/coding aid, or a nonspecific contextual phrase rather than an AI-related conference method.",https://library.ehaweb.org/eha/2026/eha-2026/4207459/qianli.jiang.magnetic-induced.cell-patient-derived.xenograft.28magic-pdx29.model.html?f=menu%3D6%2Abrowseby%3D8%2Asortby%3D6%2Amedia%3D3%2Ace_id%3D2934%2Aot_id%3D115580%2Amarker%3D6766
4207499,PF511,EHA-6176,"OUTCOMES AND RISK STRATIFICATION WITH HIGH-DOSE CYTARABINE, MITOXANTRONE, AND VENETOCLAX IN RELAPSED OR REFRACTORY ACUTE MYELOID LEUKEMIA",Poster Presentation,04. Acute myeloid leukemia - Clinical,classifier,no,Only weak model or classifier language was present without explicit AI or machine-learning framing.,https://library.ehaweb.org/eha/2026/eha-2026/4207499/andrew.berdel.outcomes.and.risk.stratification.with.high-dose.cytarabine.html?f=menu%3D6%2Abrowseby%3D8%2Asortby%3D6%2Amedia%3D3%2Ace_id%3D2934%2Aot_id%3D115581%2Amarker%3D6766
4207527,PF539,EHA-2080,DETERMINANTS OF SURVIVAL IN 356 PATIENTS FAILING FRONTLINE VENETOCLAX–HMA FOR NEWLY DIAGNOSED ACUTE MYELOID LEUKEMIA,Poster Presentation,04. Acute myeloid leukemia - Clinical,predictive model,no,Only weak model or classifier language was present without explicit AI or machine-learning framing.,https://library.ehaweb.org/eha/2026/eha-2026/4207527/naseema.gangat.determinants.of.survival.in.356.patients.failing.frontline.html?f=menu%3D6%2Abrowseby%3D8%2Asortby%3D6%2Amedia%3D3%2Ace_id%3D2934%2Aot_id%3D115581%2Amarker%3D6766
4207650,PF662,EHA-2407,CYTO-CMML: A MUTATION-INDEPENDENT CYTOGENETIC RISK CLASSIFIER FOR CHRONIC MYELOMONOCYTIC LEUKEMIA,Poster Presentation,10. Myelodysplastic syndromes - Clinical,classifier,no,Only weak model or classifier language was present without explicit AI or machine-learning framing.,https://library.ehaweb.org/eha/2026/eha-2026/4207650/matteo.giovanni.della.porta.cyto-cmml.a.mutation-independent.cytogenetic.risk.html?f=menu%3D6%2Abrowseby%3D8%2Asortby%3D6%2Amedia%3D3%2Ace_id%3D2934%2Aot_id%3D115587%2Amarker%3D6766
4207658,PF670,EHA-6964,"REAL-WORLD OUTCOMES OF IMETELSTAT: INTERROGATING SAFETY, EFFICACY AND PREDICTORS OF RESPONSE IN HEAVILY PRETREATED LOWER-RISK MDS PATIENTS",Poster Presentation,10. Myelodysplastic syndromes - Clinical,predictive model,no,Only weak model or classifier language was present without explicit AI or machine-learning framing.,https://library.ehaweb.org/eha/2026/eha-2026/4207658/rami.s.komrokji.real-world.outcomes.of.imetelstat.interrogating.safety.html?f=menu%3D6%2Abrowseby%3D8%2Asortby%3D6%2Amedia%3D3%2Ace_id%3D2934%2Aot_id%3D115587%2Amarker%3D6766
4207706,PF718,EHA-4729,POLYGENIC SCORE PREDICTS MULTIPLE MYELOMA INCIDENCE AND PROGRESSION FROM MGUS ACROSS DIVERSE ANCESTRIES,Poster Presentation,13. Myeloma and other monoclonal gammopathies - Biology & translational research,predictive model,no,Only weak model or classifier language was present without explicit AI or machine-learning framing.,https://library.ehaweb.org/eha/2026/eha-2026/4207706/carl.jannes.neuse.polygenic.score.predicts.multiple.myeloma.incidence.and.html?f=menu%3D6%2Abrowseby%3D8%2Asortby%3D6%2Amedia%3D3%2Ace_id%3D2934%2Aot_id%3D115590%2Amarker%3D6766
4207789,PF801,EHA-5874,SIGNIFICANT IMPROVEMENTS IN SURVIVAL OUTCOMES IN SMOLDERING MULTIPLE MYELOMA: A POPULATION-BASED STUDY,Poster Presentation,14. Myeloma and other monoclonal gammopathies - Clinical,predictive model,no,Only weak model or classifier language was present without explicit AI or machine-learning framing.,https://library.ehaweb.org/eha/2026/eha-2026/4207789/malin.hultcrantz.significant.improvements.in.survival.outcomes.in.smoldering.html?f=menu%3D6%2Abrowseby%3D8%2Asortby%3D6%2Amedia%3D3%2Ace_id%3D2934%2Aot_id%3D115575%2Amarker%3D6766
4207832,PF844,EHA-2338,NORMAL PLASMA CELLS AS A PROGNOSTIC BIOMARKER AND PREDICTOR OF EARLY SEVERE INFECTION IN NEWLY DIAGNOSED MULTIPLE MYELOMA,Poster Presentation,14. Myeloma and other monoclonal gammopathies - Clinical,predictive model,no,Only weak model or classifier language was present without explicit AI or machine-learning framing.,https://library.ehaweb.org/eha/2026/eha-2026/4207832/qun.li.normal.plasma.cells.as.a.prognostic.biomarker.and.predictor.of.early.html?f=menu%3D6%2Abrowseby%3D8%2Asortby%3D6%2Amedia%3D3%2Ace_id%3D2934%2Aot_id%3D115575%2Amarker%3D6766
4207848,PF860,EHA-2369,"BLOOD-BASED SINGLE-CELL PROFILING OF CIRCULATING PROGENITORS RESOLVES DISEASE STATE, PROGRESSION RISK, AND CLONAL IDENTITY ACROSS MYELOPROLIFERATIVE NEOPLASMS",Poster Presentation,15. Myeloproliferative neoplasms - Biology & translational research,classifier,no,Only weak model or classifier language was present without explicit AI or machine-learning framing.,https://library.ehaweb.org/eha/2026/eha-2026/4207848/gal.dadi.blood-based.single-cell.profiling.of.circulating.progenitors.resolves.html?f=menu%3D6%2Abrowseby%3D8%2Asortby%3D6%2Amedia%3D3%2Ace_id%3D2934%2Aot_id%3D115591%2Amarker%3D6766
4207942,PF954,EHA-3221,FLP-R: A CLINICAL PREDICTION MODEL FOR FOLLICULAR LYMPHOMA PROGNOSIS IN THE RELAPSED/REFRACTORY SETTING,Poster Presentation,18. Indolent and mantle-cell non-Hodgkin lymphoma - Clinical,predictive model,no,Only weak model or classifier language was present without explicit AI or machine-learning framing.,https://library.ehaweb.org/eha/2026/eha-2026/4207942/jennifer.bgh.jrgensen.flp-r.a.clinical.prediction.model.for.follicular.html?f=menu%3D6%2Abrowseby%3D8%2Asortby%3D6%2Amedia%3D3%2Ace_id%3D2934%2Aot_id%3D115594%2Amarker%3D6766
4207962,PF974,EHA-5756,"HUMANIZED PDX MODELS REVEAL DRUG-REVERSIBLE EPIGENETIC IMMUNE EXCLUSION GOVERNING THERAPY OUTCOME IN DLBCL, ALLOWING PATIENTS STRATIFICATION.",Poster Presentation,19. Large B cell lymphomas - Clinical,classifier,no,Only weak model or classifier language was present without explicit AI or machine-learning framing.,https://library.ehaweb.org/eha/2026/eha-2026/4207962/giovanni.medico.humanized.pdx.models.reveal.drug-reversible.epigenetic.immune.html?f=menu%3D6%2Abrowseby%3D8%2Asortby%3D6%2Amedia%3D3%2Ace_id%3D2934%2Aot_id%3D115576%2Amarker%3D6766
4208145,PS1593,EHA-2208,PROGNOSTIC RISK INTEGRATION FOR SURVIVAL MODELING IN ACUTE MYELOID LEUKEMIA (PRISM-AML): A MULITNATIONAL COHORT STUDY,Poster Presentation,04. Acute myeloid leukemia - Clinical,classifier,no,Only weak model or classifier language was present without explicit AI or machine-learning framing.,https://library.ehaweb.org/eha/2026/eha-2026/4208145/curtis.lachowiez.prognostic.risk.integration.for.survival.modeling.in.acute.html?f=menu%3D6%2Abrowseby%3D8%2Asortby%3D6%2Amedia%3D3%2Ace_id%3D2934%2Aot_id%3D115581%2Amarker%3D6766
4208176,PS1624,EHA-6502,PROGNOSTIC MODEL FOR NEWLY DIAGNOSED M4/M5 ACUTE MYELOID LEUKEMIA TREATED WITH VENETOCLAX AND AZACITIDINE IN THE REAL-WORLD,Poster Presentation,04. Acute myeloid leukemia - Clinical,predictive model,no,Only weak model or classifier language was present without explicit AI or machine-learning framing.,https://library.ehaweb.org/eha/2026/eha-2026/4208176/dan.wang.prognostic.model.for.newly.diagnosed.m4.m5.acute.myeloid.leukemia.html?f=menu%3D6%2Abrowseby%3D8%2Asortby%3D6%2Amedia%3D3%2Ace_id%3D2934%2Aot_id%3D115581%2Amarker%3D6766
4208216,PS1664,EHA-5139,EARLY BONE MARROW BLAST REDUCTION-GUIDED SELINEXOR-BASED REGIMEN THERAPY IN RELAPSED/REFRACTORY AND NEWLY DIAGNOSED ACUTE MYELOID LEUKEMIA,Poster Presentation,04. Acute myeloid leukemia - Clinical,algorithmic prediction,no,Only weak model or classifier language was present without explicit AI or machine-learning framing.,https://library.ehaweb.org/eha/2026/eha-2026/4208216/donghua.zhang.early.bone.marrowblast.reduction-guided.selinexor-based.regimen.html?f=menu%3D6%2Abrowseby%3D8%2Asortby%3D6%2Amedia%3D3%2Ace_id%3D2934%2Aot_id%3D115581%2Amarker%3D6766
4208218,PS1666,EHA-6536,PATIENT-SPECIFIC DIGITAL PCR MEASURABLE RESIDUAL DISEASE PREDICTS POST-TRANSPLANT OUTCOMES IN MYELODYSPLASIA-RELATED ACUTE MYELOID LEUKEMIA,Poster Presentation,04. Acute myeloid leukemia - Clinical,algorithmic prediction,no,Only weak model or classifier language was present without explicit AI or machine-learning framing.,https://library.ehaweb.org/eha/2026/eha-2026/4208218/caroline.arv.patient-specific.digital.pcr.measurable.residual.disease.predicts.html?f=menu%3D6%2Abrowseby%3D8%2Asortby%3D6%2Amedia%3D3%2Ace_id%3D2934%2Aot_id%3D115581%2Amarker%3D6766
4208219,PS1667,EHA-5587,A RELAPSE RISK SCORING SYSTEM FOR ACUTE MYELOID LEUKEMIA PATIENTS RECEIVING VENETOCLAX-BASED THERAPY,Poster Presentation,04. Acute myeloid leukemia - Clinical,predictive model,no,Only weak model or classifier language was present without explicit AI or machine-learning framing.,https://library.ehaweb.org/eha/2026/eha-2026/4208219/yuxin.li.a.relapse.risk.scoring.system.for.acute.myeloid.leukemia.patients.html?f=menu%3D6%2Abrowseby%3D8%2Asortby%3D6%2Amedia%3D3%2Ace_id%3D2934%2Aot_id%3D115581%2Amarker%3D6766
4208381,PS1829,EHA-1113,RISK-STRATIFIED PATIENT SELECTION IN MULTIPLE MYELOMA FOR FRONTLINE TREATMENT DECISION-MAKING BASED ON A TRANSCRIPTOMIC CLASSIFIER,Poster Presentation,13. Myeloma and other monoclonal gammopathies - Biology & translational research,classifier,no,Only weak model or classifier language was present without explicit AI or machine-learning framing.,https://library.ehaweb.org/eha/2026/eha-2026/4208381/nikita.kotlov.risk-stratified.patient.selection.in.multiple.myeloma.for.html?f=menu%3D6%2Abrowseby%3D8%2Asortby%3D6%2Amedia%3D3%2Ace_id%3D2934%2Aot_id%3D115590%2Amarker%3D6766
4208384,PS1832,EHA-6467,PROGNOSTIC VALUE OF STANDARDIZED QUANTITATIVE FDG PET/CT BIOMARKERS IN NEWLY DIAGNOSED MULTIPLE MYELOMA,Poster Presentation,13. Myeloma and other monoclonal gammopathies - Biology & translational research,predictive model,no,Only weak model or classifier language was present without explicit AI or machine-learning framing.,https://library.ehaweb.org/eha/2026/eha-2026/4208384/georg-michael.krause.prognostic.value.of.standardized.quantitative.fdg.pet.ct.html?f=menu%3D6%2Abrowseby%3D8%2Asortby%3D6%2Amedia%3D3%2Ace_id%3D2934%2Aot_id%3D115590%2Amarker%3D6766
4208388,PS1836,EHA-1862,EXPLORING THE CELL-FREE TRANSCRIPTOME AS A BIOMARKER SOURCE IN IGM GAMMOPATHIES: AN ANALYSIS FROM THE “BIO-WM” TRIAL OF THE FONDAZIONE ITALIANA LINFOMI (FIL),Poster Presentation,13. Myeloma and other monoclonal gammopathies - Biology & translational research,classifier,no,Only weak model or classifier language was present without explicit AI or machine-learning framing.,https://library.ehaweb.org/eha/2026/eha-2026/4208388/philippe.decruyenaere.exploring.the.cell-free.transcriptome.as.a.biomarker.html?f=menu%3D6%2Abrowseby%3D8%2Asortby%3D6%2Amedia%3D3%2Ace_id%3D2934%2Aot_id%3D115590%2Amarker%3D6766
4208444,PS1893,EHA-3646,PHASE 2 STUDY OF APONERMIN + BISPECIFIC ANTIBODIES IN PATIENTS(PTS) WITH RELAPSED/REFRACTORY MULTIPLE : A PROSPECTIVE SINGLE-ARM STUDY,Poster Presentation,14. Myeloma and other monoclonal gammopathies - Clinical,AI,no,"Excluded after weak-term audit because the matched text used AI as a non-AI abbreviation, a general writing/coding aid, or a nonspecific contextual phrase rather than an AI-related conference method.",https://library.ehaweb.org/eha/2026/eha-2026/4208444/aijun.liu.phase.2.study.of.aponermin.2B.bispecific.antibodies.in.patients28pts29.html?f=menu%3D6%2Abrowseby%3D8%2Asortby%3D6%2Amedia%3D3%2Ace_id%3D2934%2Aot_id%3D115575%2Amarker%3D6766
4208628,PS2077,EHA-4003,RISK FOR CYTOKINE RELEASE SYNDROME IN PATIENTS WITH LARGE B-CELL LYMPHOMA TREATED WITH CD3XCD20 BISPECIFIC ANTIBODIES: AN INTERNATIONAL MULTICENTER RETROSPECTIVE STUDY,Poster Presentation,19. Large B cell lymphomas - Clinical,predictive model,no,Only weak model or classifier language was present without explicit AI or machine-learning framing.,https://library.ehaweb.org/eha/2026/eha-2026/4208628/giuseppe.gritti.risk.for.cytokine.release.syndrome.in.patients.with.large.html?f=menu%3D6%2Abrowseby%3D8%2Asortby%3D6%2Amedia%3D3%2Ace_id%3D2934%2Aot_id%3D115576%2Amarker%3D6766
4208656,PS2105,EHA-4100,ESTABLISHMENT AND VALIDATION OF A PROGNOSTIC NOMOGRAM BASED ON THE PROGNOSTIC NUTRITIONAL INDEX FOR CAR-T THERAPY IN RELAPSED/REFRACTORY LYMPHOMA,Poster Presentation,19. Large B cell lymphomas - Clinical,predictive model,no,Only weak model or classifier language was present without explicit AI or machine-learning framing.,https://library.ehaweb.org/eha/2026/eha-2026/4208656/fan.yang.establishment.and.validation.of.a.prognostic.nomogram.based.on.the.html?f=menu%3D6%2Abrowseby%3D8%2Asortby%3D6%2Amedia%3D3%2Ace_id%3D2934%2Aot_id%3D115576%2Amarker%3D6766
4208738,PS2187,EHA-2803,GENOMIC DETERMINANTS OF RESPONSE AND RESISTANCE TO ZANUBRUTINIB IN RELAPSED/REFRACTORY PRIMARY CNS LYMPHOMA: BASELINE BIOMARKER ANALYSIS FROM THE PRIZM+ TRIAL,Poster Presentation,21. Lymphoma biology & translational research,classifier,no,Only weak model or classifier language was present without explicit AI or machine-learning framing.,https://library.ehaweb.org/eha/2026/eha-2026/4208738/donatella.talotta.genomic.determinants.of.response.and.resistance.to.html?f=menu%3D6%2Abrowseby%3D8%2Asortby%3D6%2Amedia%3D3%2Ace_id%3D2934%2Aot_id%3D115595%2Amarker%3D6766
4208754,PS2203,EHA-3355,SINGLE-CELL ATLAS OF PCNSL REVEALS A BCR-DOMINANT SIGNALING ARCHITECTURE AND UPREGULATION OF CD79B: A BIOLOGICAL RATIONALE FOR CD79B-DIRECTED THERAPIES,Poster Presentation,21. Lymphoma biology & translational research,classifier,no,Only weak model or classifier language was present without explicit AI or machine-learning framing.,https://library.ehaweb.org/eha/2026/eha-2026/4208754/byung.woo.yoon.single-cell.atlas.of.pcnsl.reveals.a.bcr-dominant.signaling.html?f=menu%3D6%2Abrowseby%3D8%2Asortby%3D6%2Amedia%3D3%2Ace_id%3D2934%2Aot_id%3D115595%2Amarker%3D6766
4208926,PS2375,EHA-4932,IMPROVING RETINAL SCREENING IN SICKLE CELL DISEASE USING A NOVEL IN-OFFICE SCAN (A QUALITY IMPROVEMENT INITIATIVE),Poster Presentation,27. Sickle cell disease,automated diagnosis,no,Only weak model or classifier language was present without explicit AI or machine-learning framing.,https://library.ehaweb.org/eha/2026/eha-2026/4208926/julie.kanter.improving.retinal.screening.in.sickle.cell.disease.using.a.novel.html?f=menu%3D6%2Abrowseby%3D8%2Asortby%3D6%2Amedia%3D3%2Ace_id%3D2934%2Aot_id%3D115577%2Amarker%3D6766
4208940,PS2389,EHA-3663,REFINED CLASSIFICATION AND PHENOTYPE-DRIVEN ANALYSIS OF PIEZO1 VARIANTS REVEAL DOMAIN-SPECIFIC PATHOGENIC MECHANISMS,Poster Presentation,"29. Enzymopathies, membranopathies and other red blood cell disorders",classifier,no,Only weak model or classifier language was present without explicit AI or machine-learning framing.,https://library.ehaweb.org/eha/2026/eha-2026/4208940/barbara.eleni.rosato.refined.classification.and.phenotype-driven.analysis.of.html?f=menu%3D6%2Abrowseby%3D8%2Asortby%3D6%2Amedia%3D3%2Ace_id%3D2934%2Aot_id%3D115603%2Amarker%3D6766
4208962,PS2411,EHA-1218,INTEGRATIVE BIOINFORMATIC AND REAL-WORLD DATA ANALYSIS REVEAL MECHANISTIC ASSOCIATIONS BETWEEN LETERMOVIR PROPHYLAXIS AND EBV REACTIVATION AFTER ALLOGENIC HEMATOPOIETIC STEM CELL TRANSPLANTATION,Poster Presentation,31. Infections in hematology (incl. supportive care/therapy),predictive model,no,Only weak model or classifier language was present without explicit AI or machine-learning framing.,https://library.ehaweb.org/eha/2026/eha-2026/4208962/zhangjie.chen.integrative.bioinformatic.and.real-world.data.analysis.reveal.html?f=menu%3D6%2Abrowseby%3D8%2Asortby%3D6%2Amedia%3D3%2Ace_id%3D2934%2Aot_id%3D115606%2Amarker%3D6766
4209015,PS2464,EHA-1002,THROMBOELASTOGRAM-GUIDED BLEEDING RISK ASSESSMENT AND PERIOPERATIVE MANAGEMENT OF CONGENTIAL FACTOR VII DEFICIENCY,Poster Presentation,34. Bleeding disorders (congenital and acquired),algorithmic prediction,no,Only weak model or classifier language was present without explicit AI or machine-learning framing.,https://library.ehaweb.org/eha/2026/eha-2026/4209015/kai.shen.thromboelastogram-guided.bleeding.risk.assessment.and.perioperative.html?f=menu%3D6%2Abrowseby%3D8%2Asortby%3D6%2Amedia%3D3%2Ace_id%3D2934%2Aot_id%3D115608%2Amarker%3D6766
4209070,PS2519,EHA-3624,NANOPORE SEQUENCING AS A SINGLE-TEST DIAGNOSTIC PLATFORM FOR PEDIATRIC HEMATOLOGICAL MALIGNANCIES,Poster Presentation,"38. Novel technologies, techniques and digital analytical tools in hematology",classifier,no,Only weak model or classifier language was present without explicit AI or machine-learning framing.,https://library.ehaweb.org/eha/2026/eha-2026/4209070/lennart.a.kester.nanopore.sequencing.as.a.single-test.diagnostic.platform.for.html?f=menu%3D6%2Abrowseby%3D8%2Asortby%3D6%2Amedia%3D3%2Ace_id%3D2934%2Aot_id%3D115612%2Amarker%3D6766
4209076,PS2525,EHA-6604,IMPROVED PREDICTION OF MYELOID MALIGNANCIES USING BAYESIAN JOINT MODELING ON POPULATION LEVEL LABORATORY DATA,Poster Presentation,"38. Novel technologies, techniques and digital analytical tools in hematology",predictive model,no,Only weak model or classifier language was present without explicit AI or machine-learning framing.,https://library.ehaweb.org/eha/2026/eha-2026/4209076/juuso.vedenjuoksu.improved.prediction.of.myeloid.malignancies.using.bayesian.html?f=menu%3D6%2Abrowseby%3D8%2Asortby%3D6%2Amedia%3D3%2Ace_id%3D2934%2Aot_id%3D115612%2Amarker%3D6766
4206768,S214,EHA-6628,"TRANSCRIPTIONAL SUBTYPES OF MYELOFIBROSIS ARE INDEPENDENT OF DRIVER MUTATIONS AND CAPTURE DISTINCT BIOLOGY, OUTCOMES, AND DISEASE TRAJECTORIES",Oral Presentation,16. Myeloproliferative neoplasms - Clinical,classifier,no,Only weak model or classifier language was present without explicit AI or machine-learning framing.,https://library.ehaweb.org/eha/2026/eha-2026/4206768/andy.zeng.transcriptional.subtypes.of.myelofibrosis.are.independent.of.driver.html?f=menu%3D6%2Abrowseby%3D8%2Asortby%3D6%2Amedia%3D3%2Ace_id%3D2934%2Aot_id%3D115592%2Amarker%3D6765
4206791,S237,EHA-3674,"POLATUZUMAB VEDOTIN PLUS RITUXIMAB, IFOSFAMIDE, CARBOPLATIN, ETOPOSIDE (POLA-R-ICE) VS R-ICE AS SECOND LINE TREATMENT IN LARGE B CELL LYMPHOMA (LBCL). FINAL ANALYSIS OF A RANDOMIZED PHASE 3 STUDY",Oral Presentation,19. Large B cell lymphomas - Clinical,classifier,no,Only weak model or classifier language was present without explicit AI or machine-learning framing.,https://library.ehaweb.org/eha/2026/eha-2026/4206791/bertram.glass.polatuzumab.vedotin.plus.rituximab.ifosfamide.carboplatin.html?f=menu%3D6%2Abrowseby%3D8%2Asortby%3D6%2Amedia%3D3%2Ace_id%3D2934%2Aot_id%3D115576%2Amarker%3D6765
4206811,S257,EHA-3477,DIAGNOSING PRIMARY CENTRAL NERVOUS SYSTEM LYMPHOMA THROUGH MOLECULAR AND IMMUNE BIOMARKERS IN CEREBROSPINAL FLUID: A MULTICENTRE PROSPECTIVE COHORT STUDY (PRICELUS),Oral Presentation,19. Large B cell lymphomas - Clinical,algorithmic prediction,no,Only weak model or classifier language was present without explicit AI or machine-learning framing.,https://library.ehaweb.org/eha/2026/eha-2026/4206811/josephus.van.rooij.diagnosing.primary.central.nervous.system.lymphoma.through.html?f=menu%3D6%2Abrowseby%3D8%2Asortby%3D6%2Amedia%3D3%2Ace_id%3D2934%2Aot_id%3D115576%2Amarker%3D6765
4206819,S265,EHA-1909,"DEVELOPMENT AND VALIDATION OF THE FAC-HCT SCALE (FRAILTY, AGE AND COMORBIDITY) TO PREDICT OVERALL SURVIVAL AFTER ALLOGENEIC HEMATOPOIETIC CELL TRANSPLANTATION",Oral Presentation,23. Stem cell transplantation - Clinical,predictive model,no,Only weak model or classifier language was present without explicit AI or machine-learning framing.,https://library.ehaweb.org/eha/2026/eha-2026/4206819/maria.queralt.salas.development.and.validation.of.the.fac-hct.scale.28frailty.html?f=menu%3D6%2Abrowseby%3D8%2Asortby%3D6%2Amedia%3D3%2Ace_id%3D2934%2Aot_id%3D115598%2Amarker%3D6765
4206828,S274,EHA-5420,A GENETIC–CLINICAL PROGNOSTIC ALGORITHM FOR RISK STRATIFICATION IN PATIENTS WITH RELAPSED/REFRACTORY ACUTE MYELOID LEUKAEMIA UNDERGOING ALLOGENEIC HAEMATOPOIETIC STEM CELL TRANSPLANTATION,Oral Presentation,23. Stem cell transplantation - Clinical,algorithmic prediction,no,Only weak model or classifier language was present without explicit AI or machine-learning framing.,https://library.ehaweb.org/eha/2026/eha-2026/4206828/yue.jin.a.geneticclinical.prognostic.algorithm.for.risk.stratification.in.html?f=menu%3D6%2Abrowseby%3D8%2Asortby%3D6%2Amedia%3D3%2Ace_id%3D2934%2Aot_id%3D115598%2Amarker%3D6765
4206837,S283,EHA-5962,INTEGRATED MULTI-OMIC PROFILING IDENTIFIES GENOMIC SUBTYPES ASSOCIATED WITH DIFFERENTIAL OUTCOMES AFTER CAR-T THERAPY IN LARGE B-CELL LYMPHOMA,Oral Presentation,"25. Gene therapy, cellular immunotherapy and vaccination - Biology & translational research",classifier,no,Only weak model or classifier language was present without explicit AI or machine-learning framing.,https://library.ehaweb.org/eha/2026/eha-2026/4206837/silvia.escribano.serrat.integrated.multi-omic.profiling.identifies.genomic.html?f=menu%3D6%2Abrowseby%3D8%2Asortby%3D6%2Amedia%3D3%2Ace_id%3D2934%2Aot_id%3D115600%2Amarker%3D6765
4209209,PB2658,EHA-5374,RAMAN SPECTROSCOPY COMBINED WITH MACHINE LEARNING PREDICTS INITIAL TREATMENT RESPONSE IN NEWLY DIAGNOSED ACUTE MYELOID LEUKEMIA,Publication Only,03. Acute myeloid leukemia - Biology & translational research,machine learning,yes,"Retained after lexical screening and relevance check for explicit AI, machine-learning, image-analysis, language-model, or comparable method framing.",https://library.ehaweb.org/eha/2026/eha-2026/4209209/sujun.gao.raman.spectroscopy.combined.with.machine.learning.predicts.initial.html?f=menu%3D6%2Abrowseby%3D8%2Asortby%3D6%2Amedia%3D3%2Ace_id%3D2934%2Aot_id%3D115580%2Amarker%3D6767
4209223,PB2672,EHA-6913,METABOLOMIC SIGNATURES IN UNTREATED AML SERUM ASSOCIATED WITH IN VITRO SENSITIVITY TO SYK INHIBITION,Publication Only,03. Acute myeloid leukemia - Biology & translational research,random forest,yes,"Retained after lexical screening and relevance check for explicit AI, machine-learning, image-analysis, language-model, or comparable method framing.",https://library.ehaweb.org/eha/2026/eha-2026/4209223/marte.bratts.metabolomic.signatures.in.untreated.aml.serum.associated.with.in.html?f=menu%3D6%2Abrowseby%3D8%2Asortby%3D6%2Amedia%3D3%2Ace_id%3D2934%2Aot_id%3D115580%2Amarker%3D6767
4209230,PB2679,EHA-4164,CELL TYPE AWARE MULTIPLE INSTANCE LEARNING REVEALS ASSOCIATIONS BETWEEN GENETIC ALTERATIONS AND BONE MARROW CYTOMORPHOLOGY IN AML,Publication Only,03. Acute myeloid leukemia - Biology & translational research,machine learning; digital pathology; image analysis,yes,"Retained after lexical screening and relevance check for explicit AI, machine-learning, image-analysis, language-model, or comparable method framing.",https://library.ehaweb.org/eha/2026/eha-2026/4209230/mikko.purhonen.cell.type.aware.multiple.instance.learning.reveals.associations.html?f=menu%3D6%2Abrowseby%3D8%2Asortby%3D6%2Amedia%3D3%2Ace_id%3D2934%2Aot_id%3D115580%2Amarker%3D6767
4209233,PB2682,EHA-6107,INTEGRATION OF MULTIPLE RNA-SEQ DATASETS ENHANCES DEEP PROFILING OF NPM1-MUTATED FLT3-ITD NEGATIVE AML,Publication Only,03. Acute myeloid leukemia - Biology & translational research,artificial intelligence,yes,"Retained after lexical screening and relevance check for explicit AI, machine-learning, image-analysis, language-model, or comparable method framing.",https://library.ehaweb.org/eha/2026/eha-2026/4209233/matteo.caridi.integration.of.multiple.rna-seq.datasets.enhances.deep.profiling.html?f=menu%3D6%2Abrowseby%3D8%2Asortby%3D6%2Amedia%3D3%2Ace_id%3D2934%2Aot_id%3D115580%2Amarker%3D6767
4209239,PB2688,EHA-4373,DYNAMIC BLOOD COUNT TRAJECTORIES IMPROVE SURVIVAL PREDICTION OF INTENSIVELY-TREATED AML PATIENTS OVER STANDARD ELN CLASSIFICATION,Publication Only,03. Acute myeloid leukemia - Biology & translational research,machine learning; gradient boosting,yes,"Retained after lexical screening and relevance check for explicit AI, machine-learning, image-analysis, language-model, or comparable method framing.",https://library.ehaweb.org/eha/2026/eha-2026/4209239/katariina.luukkainen.dynamic.blood.count.trajectories.improve.survival.html?f=menu%3D6%2Abrowseby%3D8%2Asortby%3D6%2Amedia%3D3%2Ace_id%3D2934%2Aot_id%3D115580%2Amarker%3D6767
4209240,PB2689,EHA-6701,FOURIER-TRANSFORM INFRARED (FT-IR) SPECTROSCOPY OF PLASMA AS A LIQUID BIOPSY APPROACH FOR DISEASE MONITORING IN ACUTE MYELOID LEUKEMIA (AML) POST ALLOGENIC HEMATOPOIETIC STEM CELL TRANSPLANTATION,Publication Only,03. Acute myeloid leukemia - Biology & translational research,machine learning,yes,"Retained after lexical screening and relevance check for explicit AI, machine-learning, image-analysis, language-model, or comparable method framing.",https://library.ehaweb.org/eha/2026/eha-2026/4209240/alessandro.leoni.fourier-transform.infrared.28ft-ir29.spectroscopy.of.plasma.as.html?f=menu%3D6%2Abrowseby%3D8%2Asortby%3D6%2Amedia%3D3%2Ace_id%3D2934%2Aot_id%3D115580%2Amarker%3D6767
4209286,PB2735,EHA-4113,"MACHINE LEARNING-GUIDED RISK STRATIFICATION IN ELDERLY AML BASED ON GENOMIC, IMMUNOPHENOTYPIC AND THERAPEUTIC PROFILES",Publication Only,04. Acute myeloid leukemia - Clinical,machine learning; random forest,yes,"Retained after lexical screening and relevance check for explicit AI, machine-learning, image-analysis, language-model, or comparable method framing.",https://library.ehaweb.org/eha/2026/eha-2026/4209286/ling.zhang.machine.learning-guided.risk.stratification.in.elderly.aml.based.on.html?f=menu%3D6%2Abrowseby%3D8%2Asortby%3D6%2Amedia%3D3%2Ace_id%3D2934%2Aot_id%3D115581%2Amarker%3D6767
4209302,PB2751,EHA-2133,ANALYTICAL RELIABILITY OF LARGE LANGUAGE MODELS IN NETWORK META-ANALYSIS: A VALIDATION STUDY IN NEWLY DIAGNOSED ACUTE MYELOID LEUKEMIA INELIGIBLE FOR INTENSIVE CHEMOTHERAPY,Publication Only,04. Acute myeloid leukemia - Clinical,artificial intelligence; large language model,yes,"Retained after lexical screening and relevance check for explicit AI, machine-learning, image-analysis, language-model, or comparable method framing.",https://library.ehaweb.org/eha/2026/eha-2026/4209302/judith.prez-granado.analytical.reliability.of.large.language.models.in.network.html?f=menu%3D6%2Abrowseby%3D8%2Asortby%3D6%2Amedia%3D3%2Ace_id%3D2934%2Aot_id%3D115581%2Amarker%3D6767
4209450,PB2899,EHA-6021,AN INTERPRETABLE MACHINE LEARNING MODEL FOR THERAPY FAILURE IN PATIENTS WITH CHRONIC LYMPHOCYTIC LEUKEMIA RECEIVING BRUTON’S TYROSINE KINASE INHIBITORS,Publication Only,06. Chronic lymphocytic leukemia and related disorders - Clinical,machine learning; gradient boosting; predictive model,yes,"Retained after lexical screening and relevance check for explicit AI, machine-learning, image-analysis, language-model, or comparable method framing.",https://library.ehaweb.org/eha/2026/eha-2026/4209450/yutang.li.an.interpretable.machine.learning.model.for.therapy.failure.in.html?f=menu%3D6%2Abrowseby%3D8%2Asortby%3D6%2Amedia%3D3%2Ace_id%3D2934%2Aot_id%3D115583%2Amarker%3D6767
4209484,PB2934,EHA-4861,UNDERSTANDING PATIENTS' PERSPECTIVES AND PREFERENCES REGARDING FIRST-LINE CHRONIC LYMPHOCYTIC LEUKEMIA (CLL) TREATMENT ACROSS EUROPE,Publication Only,06. Chronic lymphocytic leukemia and related disorders - Clinical,artificial intelligence; AI-framed method; AI; NLP,yes,"Retained after lexical screening and relevance check for explicit AI, machine-learning, image-analysis, language-model, or comparable method framing.",https://library.ehaweb.org/eha/2026/eha-2026/4209484/lydia.scarf.understanding.patients.perspectives.and.preferences.regarding.html?f=menu%3D6%2Abrowseby%3D8%2Asortby%3D6%2Amedia%3D3%2Ace_id%3D2934%2Aot_id%3D115583%2Amarker%3D6767
4209568,PB3018,EHA-6084,PAX5::MLLT3 FUSION DEFINES A HIGH-RISK SHIFT TOWARD LYMPHOID BLAST EVOLUTION IN CML,Publication Only,08. Chronic myeloid leukemia - Clinical,artificial intelligence,yes,"Retained after lexical screening and relevance check for explicit AI, machine-learning, image-analysis, language-model, or comparable method framing.",https://library.ehaweb.org/eha/2026/eha-2026/4209568/matteo.caridi.pax5.mllt3.fusion.defines.a.high-risk.shift.toward.lymphoid.html?f=menu%3D6%2Abrowseby%3D8%2Asortby%3D6%2Amedia%3D3%2Ace_id%3D2934%2Aot_id%3D115585%2Amarker%3D6767
4209615,PB3065,EHA-4486,SELF-REPORTED FATIGUE IN PATIENTS WITH MYELODYSPLASTIC NEOPLASMS IS LINKED TO INNATE IMMUNE AND MITOCHONDRIAL DYSFUNCTION,Publication Only,09. Myelodysplastic syndromes - Biology & translational research,machine learning; random forest,yes,"Retained after lexical screening and relevance check for explicit AI, machine-learning, image-analysis, language-model, or comparable method framing.",https://library.ehaweb.org/eha/2026/eha-2026/4209615/verena.petzer.self-reported.fatigue.in.patients.with.myelodysplastic.neoplasms.html?f=menu%3D6%2Abrowseby%3D8%2Asortby%3D6%2Amedia%3D3%2Ace_id%3D2934%2Aot_id%3D115586%2Amarker%3D6767
4209656,PB3106,EHA-2332,OBSERVATIONAL AND GENETIC ASSOCIATION OF MYELODYSPLASTIC SYNDROMES (MDS) AND AUTOIMMUNE DISEASES IN ADULTS,Publication Only,10. Myelodysplastic syndromes - Clinical,machine learning,yes,"Retained after lexical screening and relevance check for explicit AI, machine-learning, image-analysis, language-model, or comparable method framing.",https://library.ehaweb.org/eha/2026/eha-2026/4209656/shuqian.xu.observational.and.genetic.association.of.myelodysplastic.syndromes.html?f=menu%3D6%2Abrowseby%3D8%2Asortby%3D6%2Amedia%3D3%2Ace_id%3D2934%2Aot_id%3D115587%2Amarker%3D6767
4209665,PB3115,EHA-4348,DECIPHERING BONE DISEASE IN GAUCHER DISEASE: INTEGRATED ENDOCRINE AND MOLECULAR SIGNATURES,Publication Only,11. Bone marrow failure syndromes incl. PNH - Biology & translational research,machine learning; predictive model,yes,"Retained after lexical screening and relevance check for explicit AI, machine-learning, image-analysis, language-model, or comparable method framing.",https://library.ehaweb.org/eha/2026/eha-2026/4209665/sonia.roca.esteve.deciphering.bone.disease.in.gaucher.disease.integrated.html?f=menu%3D6%2Abrowseby%3D8%2Asortby%3D6%2Amedia%3D3%2Ace_id%3D2934%2Aot_id%3D115588%2Amarker%3D6767
4209705,PB3155,EHA-4707,SHORT- AND LONG-TERM OUTCOMES OF EQUINE ANTITHYMOCYTE GLOBULIN-BASED DOUBLE AND TRIPLE IMMUNOSUPPRESSIVE THERAPY IN APLASTIC ANEMIA: A SYSTEMATIC REVIEW,Publication Only,12. Bone marrow failure syndromes incl. PNH - Clinical,artificial intelligence; AI,yes,"Retained after lexical screening and relevance check for explicit AI, machine-learning, image-analysis, language-model, or comparable method framing.",https://library.ehaweb.org/eha/2026/eha-2026/4209705/austin.g.kulasekararaj.short-.and.long-term.outcomes.of.equine.antithymocyte.html?f=menu%3D6%2Abrowseby%3D8%2Asortby%3D6%2Amedia%3D3%2Ace_id%3D2934%2Aot_id%3D115589%2Amarker%3D6767
4209712,PB3162,EHA-4745,A SYSTEMATIC REVIEW OF REAL-WORLD EVIDENCE ON THERAPIES FOR MODERATE APLASTIC ANEMIA,Publication Only,12. Bone marrow failure syndromes incl. PNH - Clinical,artificial intelligence; AI,yes,"Retained after lexical screening and relevance check for explicit AI, machine-learning, image-analysis, language-model, or comparable method framing.",https://library.ehaweb.org/eha/2026/eha-2026/4209712/britta.hchsmann.a.systematic.review.of.real-world.evidence.on.therapies.for.html?f=menu%3D6%2Abrowseby%3D8%2Asortby%3D6%2Amedia%3D3%2Ace_id%3D2934%2Aot_id%3D115589%2Amarker%3D6767
4209739,PB3189,EHA-2388,EARLY DETECTION OF MULTIPLE MYELOMA AND MGUS PROGRESSION RISK USING ARTIFICIAL INTELLIGENCE AND ROUTINE LABORATORY DATA,Publication Only,13. Myeloma and other monoclonal gammopathies - Biology & translational research,artificial intelligence; AI-framed method; AI; machine learning; random forest; gradient boosting,yes,"Retained after lexical screening and relevance check for explicit AI, machine-learning, image-analysis, language-model, or comparable method framing.",https://library.ehaweb.org/eha/2026/eha-2026/4209739/ciro.rinaldi.early.detection.of.multiple.myeloma.and.mgus.progression.risk.html?f=menu%3D6%2Abrowseby%3D8%2Asortby%3D6%2Amedia%3D3%2Ace_id%3D2934%2Aot_id%3D115590%2Amarker%3D6767
4209744,PB3194,EHA-2363,A NOVEL DIAGNOSTIC AND PROGNOSTIC BIOMARKER PANEL FOR MULTIPLE MYELOMA,Publication Only,13. Myeloma and other monoclonal gammopathies - Biology & translational research,machine learning,yes,"Retained after lexical screening and relevance check for explicit AI, machine-learning, image-analysis, language-model, or comparable method framing.",https://library.ehaweb.org/eha/2026/eha-2026/4209744/zhang.liangjun.a.novel.diagnostic.and.prognostic.biomarker.panel.for.multiple.html?f=menu%3D6%2Abrowseby%3D8%2Asortby%3D6%2Amedia%3D3%2Ace_id%3D2934%2Aot_id%3D115590%2Amarker%3D6767
4209771,PB3221,EHA-1423,FTO DRIVES MULTIPLE MYELOMA PROGRESSION VIA CHRM3-MEDIATED DYSREGULATION OF CALCIUM SIGNALING,Publication Only,13. Myeloma and other monoclonal gammopathies - Biology & translational research,machine learning,yes,"Retained after lexical screening and relevance check for explicit AI, machine-learning, image-analysis, language-model, or comparable method framing.",https://library.ehaweb.org/eha/2026/eha-2026/4209771/hengyu.liu.fto.drives.multiple.myeloma.progression.via.chrm3-mediated.html?f=menu%3D6%2Abrowseby%3D8%2Asortby%3D6%2Amedia%3D3%2Ace_id%3D2934%2Aot_id%3D115590%2Amarker%3D6767
4209782,PB3232,EHA-5982,IMPACT OF BITE BRIDGING ON CRS KINETICS AFTER BCMA CAR-T: A MACHINE LEARNING SURVIVAL FRAMEWORK,Publication Only,14. Myeloma and other monoclonal gammopathies - Clinical,machine learning,yes,"Retained after lexical screening and relevance check for explicit AI, machine-learning, image-analysis, language-model, or comparable method framing.",https://library.ehaweb.org/eha/2026/eha-2026/4209782/anushri.soni.impact.of.bite.bridging.on.crs.kinetics.after.bcma.car-t.a.html?f=menu%3D6%2Abrowseby%3D8%2Asortby%3D6%2Amedia%3D3%2Ace_id%3D2934%2Aot_id%3D115575%2Amarker%3D6767
4209906,PB3356,EHA-4368,ADVANCING PERSONALIZED MANAGEMENT IN MULTIPLE MYELOMA: THE UNTAPPED VALUE OF MINIMAL RESIDUAL DISEASE-GUIDED TREATMENT,Publication Only,14. Myeloma and other monoclonal gammopathies - Clinical,AI-framed method; AI,yes,"Retained after lexical screening and relevance check for explicit AI, machine-learning, image-analysis, language-model, or comparable method framing.",https://library.ehaweb.org/eha/2026/eha-2026/4209906/anna.forsythe.advancing.personalized.managementin.multiple.myeloma.the.html?f=menu%3D6%2Abrowseby%3D8%2Asortby%3D6%2Amedia%3D3%2Ace_id%3D2934%2Aot_id%3D115575%2Amarker%3D6767
4209964,PB3414,EHA-3645,DEVELOPMENT AND VALIDATION OF A NOVEL PERIPHERAL BLOOD-BASED BIOMARKER PANEL FOR THE NON-INVASIVE DIAGNOSIS OF MULTIPLE MYELOMA AND PRECURSOR STATES,Publication Only,15. Myeloproliferative neoplasms - Biology & translational research,neural network,yes,"Retained after lexical screening and relevance check for explicit AI, machine-learning, image-analysis, language-model, or comparable method framing.",https://library.ehaweb.org/eha/2026/eha-2026/4209964/irit.avivi.mazza.development.and.validation.of.a.novel.peripheral.blood-based.html?f=menu%3D6%2Abrowseby%3D8%2Asortby%3D6%2Amedia%3D3%2Ace_id%3D2934%2Aot_id%3D115591%2Amarker%3D6767
4209976,PB3426,EHA-6396,AI-BASED SCORE VERSUS CONVENTIONAL PROGNOSTIC SCORES IN MYELOFIBROSIS: A SINGLE-CENTER VALIDATION STUDY,Publication Only,16. Myeloproliferative neoplasms - Clinical,artificial intelligence; AI-framed method; AI; machine learning,yes,"Retained after lexical screening and relevance check for explicit AI, machine-learning, image-analysis, language-model, or comparable method framing.",https://library.ehaweb.org/eha/2026/eha-2026/4209976/marta.ricci.ai-based.score.versus.conventional.prognostic.scores.in.html?f=menu%3D6%2Abrowseby%3D8%2Asortby%3D6%2Amedia%3D3%2Ace_id%3D2934%2Aot_id%3D115592%2Amarker%3D6767
4210044,PB3494,EHA-2628,THE DIAGNOSTIC VALUE OF NEXT-GENERATION-SEQUENCING IN PATIENTS WITH SUSTAINED ELEVATED BLOOD COUNTS,Publication Only,16. Myeloproliferative neoplasms - Clinical,classifier; gradient boosting,yes,"Retained after lexical screening and relevance check for explicit AI, machine-learning, image-analysis, language-model, or comparable method framing.",https://library.ehaweb.org/eha/2026/eha-2026/4210044/jessica.smeds.the.diagnostic.value.of.next-generation-sequencing.in.patients.html?f=menu%3D6%2Abrowseby%3D8%2Asortby%3D6%2Amedia%3D3%2Ace_id%3D2934%2Aot_id%3D115592%2Amarker%3D6767
4210047,PB3497,EHA-2132,SOLID SECOND PRIMARY MALIGNANCIES (SPMS) IN PATIENTS WITH POLYCYTHEMIA VERA (PV): A GLOBAL SYSTEMATIC LITERATURE REVIEW,Publication Only,16. Myeloproliferative neoplasms - Clinical,machine learning,yes,"Retained after lexical screening and relevance check for explicit AI, machine-learning, image-analysis, language-model, or comparable method framing.",https://library.ehaweb.org/eha/2026/eha-2026/4210047/francesca.palandri.solid.second.primary.malignancies.28spms29.in.patients.with.html?f=menu%3D6%2Abrowseby%3D8%2Asortby%3D6%2Amedia%3D3%2Ace_id%3D2934%2Aot_id%3D115592%2Amarker%3D6767
4210065,PB3515,EHA-4774,EXPLORATORY MACHINE LEARNING–BASED IDENTIFICATION OF PREDICTORS OF DISEASE PROGRESSION AND MORTALITY IN POLYCYTHEMIA VERA,Publication Only,16. Myeloproliferative neoplasms - Clinical,machine learning,yes,"Retained after lexical screening and relevance check for explicit AI, machine-learning, image-analysis, language-model, or comparable method framing.",https://library.ehaweb.org/eha/2026/eha-2026/4210065/giulia.benevolo.exploratory.machine.learningbased.identification.of.predictors.html?f=menu%3D6%2Abrowseby%3D8%2Asortby%3D6%2Amedia%3D3%2Ace_id%3D2934%2Aot_id%3D115592%2Amarker%3D6767
4210106,PB3556,EHA-1637,DEEP LEARNING-ENHANCED BASELINE PET FOR PROGNOSTIC PREDICTION IN CLASSICAL HODGKIN LYMPHOMA: A RETROSPECTIVE STUDY,Publication Only,17. Hodgkin lymphoma - Clinical,artificial intelligence; deep learning; radiomics,yes,"Retained after lexical screening and relevance check for explicit AI, machine-learning, image-analysis, language-model, or comparable method framing.",https://library.ehaweb.org/eha/2026/eha-2026/4210106/jingyan.xu.deep.learning-enhanced.baseline.pet.for.prognostic.prediction.in.html?f=menu%3D6%2Abrowseby%3D8%2Asortby%3D6%2Amedia%3D3%2Ace_id%3D2934%2Aot_id%3D115593%2Amarker%3D6767
4210123,PB3573,EHA-5654,SARCOPENIA IN OLDER PATIENTS WITH CLASSICAL HODGKIN LYMPHOMA: PROGNOSTIC AND TOXICITY-RELATED IMPACT IN A REAL-WORLD COHORT,Publication Only,17. Hodgkin lymphoma - Clinical,AI-framed method; AI,yes,"Retained after lexical screening and relevance check for explicit AI, machine-learning, image-analysis, language-model, or comparable method framing.",https://library.ehaweb.org/eha/2026/eha-2026/4210123/silvia.ferrari.sarcopenia.in.older.patients.with.classical.hodgkin.lymphoma.html?f=menu%3D6%2Abrowseby%3D8%2Asortby%3D6%2Amedia%3D3%2Ace_id%3D2934%2Aot_id%3D115593%2Amarker%3D6767
4210271,PB3721,EHA-5595,INDEPENDENT VALIDATION OF THE INTERNATIONAL METABOLIC PROGNOSTIC INDEX (IMPI) ON EFFICACY AND SAFETY OF CAR-T IN PATIENTS WITH AGGRESSIVE LARGE B-CELL LYMPHOMA,Publication Only,19. Large B cell lymphomas - Clinical,AI-framed method; AI,yes,"Retained after lexical screening and relevance check for explicit AI, machine-learning, image-analysis, language-model, or comparable method framing.",https://library.ehaweb.org/eha/2026/eha-2026/4210271/eugenio.galli.independent.validation.of.the.international.metabolic.prognostic.html?f=menu%3D6%2Abrowseby%3D8%2Asortby%3D6%2Amedia%3D3%2Ace_id%3D2934%2Aot_id%3D115576%2Amarker%3D6767
4210278,PB3728,EHA-5438,A MACHINE LEARNING-ASSISTED PROGNOSTIC MODEL FOR PREDICTING OUTCOMES IN B-CELL LYMPHOMA PATIENTS WITH CONCOMITANT HEMOPHAGOCYTIC LYMPHOHISTIOCYTOSIS: CONSTRUCTION AND INTERNAL VALIDATION,Publication Only,19. Large B cell lymphomas - Clinical,machine learning; gradient boosting,yes,"Retained after lexical screening and relevance check for explicit AI, machine-learning, image-analysis, language-model, or comparable method framing.",https://library.ehaweb.org/eha/2026/eha-2026/4210278/luocheng.zhang.a.machine.learning-assisted.prognostic.model.for.predicting.html?f=menu%3D6%2Abrowseby%3D8%2Asortby%3D6%2Amedia%3D3%2Ace_id%3D2934%2Aot_id%3D115576%2Amarker%3D6767
4210444,PB3894,EHA-2951,SPATIAL AND TEMPORAL HETEROGENEITY OF CD30 EXPRESSION IN T-CELL LYMPHOMAS,Publication Only,20. Other aggressive lymphomas,image analysis,yes,"Retained after lexical screening and relevance check for explicit AI, machine-learning, image-analysis, language-model, or comparable method framing.",https://library.ehaweb.org/eha/2026/eha-2026/4210444/leonie.oevel.spatial.and.temporal.heterogeneity.of.cd30.expression.in.t-cell.html?f=menu%3D6%2Abrowseby%3D8%2Asortby%3D6%2Amedia%3D3%2Ace_id%3D2934%2Aot_id%3D115596%2Amarker%3D6767
4210498,PB3948,EHA-6452,DLBCLASS-DEFINED MOLECULAR SUBSETS OF HEPATITIS C VIRUS-ASSOCIATED DIFFUSE LARGE B-CELL LYMPHOMAS,Publication Only,21. Lymphoma biology & translational research,neural network; classifier,yes,"Retained after lexical screening and relevance check for explicit AI, machine-learning, image-analysis, language-model, or comparable method framing.",https://library.ehaweb.org/eha/2026/eha-2026/4210498/michele.merli.dlbclass-defined.molecular.subsets.of.hepatitis.c.html?f=menu%3D6%2Abrowseby%3D8%2Asortby%3D6%2Amedia%3D3%2Ace_id%3D2934%2Aot_id%3D115595%2Amarker%3D6767
4210508,PB3958,EHA-1040,ENHANCING RISK STRATIFICATION IN DIFFUSE LARGE B-CELL LYMPHOMA THROUGH ARTIFICIAL INTELLIGENCE: A SYSTEMATIC REVIEW,Publication Only,21. Lymphoma biology & translational research,artificial intelligence; AI-framed method; AI; machine learning; deep learning; radiomics; digital pathology; classifier,yes,"Retained after lexical screening and relevance check for explicit AI, machine-learning, image-analysis, language-model, or comparable method framing.",https://library.ehaweb.org/eha/2026/eha-2026/4210508/dragos-claudiu.popescu.enhancing.risk.stratification.in.diffuse.large.b-cell.html?f=menu%3D6%2Abrowseby%3D8%2Asortby%3D6%2Amedia%3D3%2Ace_id%3D2934%2Aot_id%3D115595%2Amarker%3D6767
4210527,PB3977,EHA-5977,IDENTIFICATION OF DRUGGABLE AND GUT MICROBIOTA-ASSOCIATED PROGNOSTIC GENES AND EXPLORATION OF THEIR REGULATORY MECHANISMS IN FOLLICULAR LYMPHOMA VIA BULK RNA-SEQ AND MENDELIAN RANDOMIZATION,Publication Only,21. Lymphoma biology & translational research,random forest,yes,"Retained after lexical screening and relevance check for explicit AI, machine-learning, image-analysis, language-model, or comparable method framing.",https://library.ehaweb.org/eha/2026/eha-2026/4210527/heng.li.identification.of.druggable.and.gut.microbiota-associated.prognostic.html?f=menu%3D6%2Abrowseby%3D8%2Asortby%3D6%2Amedia%3D3%2Ace_id%3D2934%2Aot_id%3D115595%2Amarker%3D6767
4210604,PB4054,EHA-2045,"A QUALITATIVE STUDY ON THE CARE NEEDS OF PATIENTS FROM THE PERSPECTIVES OF PATIENTS, CAREGIVERS AND HEALTHCARE PROVIDERS",Publication Only,23. Stem cell transplantation - Clinical,artificial intelligence,yes,"Retained after lexical screening and relevance check for explicit AI, machine-learning, image-analysis, language-model, or comparable method framing.",https://library.ehaweb.org/eha/2026/eha-2026/4210604/yeyan.he.a.qualitative.study.on.the.care.needs.of.patients.from.the.html?f=menu%3D6%2Abrowseby%3D8%2Asortby%3D6%2Amedia%3D3%2Ace_id%3D2934%2Aot_id%3D115598%2Amarker%3D6767
4210685,PB4135,EHA-4931,"AN EVALUATION OF THE ACCURACY, ACCESSIBILITY, AND CLINICAL RELIABILITY OF A SPECIALIZED AI TOOL FOR SICKLE CELL PATIENT EDUCATION ON WEB AND SOCIAL MEDIA PLATFORMS",Publication Only,27. Sickle cell disease,artificial intelligence; AI-framed method; AI; large language model,yes,"Retained after lexical screening and relevance check for explicit AI, machine-learning, image-analysis, language-model, or comparable method framing.",https://library.ehaweb.org/eha/2026/eha-2026/4210685/zacharie.liman-tinguiri.an.evaluation.of.the.accuracy.accessibility.and.html?f=menu%3D6%2Abrowseby%3D8%2Asortby%3D6%2Amedia%3D3%2Ace_id%3D2934%2Aot_id%3D115577%2Amarker%3D6767
4210732,PB4182,EHA-2664,BEYOND DIAGNOSIS: A SYSTEMATIC REVIEW OF ARTIFICIAL INTELLIGENCE AND DEEP LEARNING IN MONITORING IRON OVERLOAD AND ORGAN TOXICITY IN BETA-THALASSEMIA,Publication Only,28. Thalassemias,artificial intelligence; AI; machine learning; deep learning; classifier; predictive model; automated diagnosis,yes,"Retained after lexical screening and relevance check for explicit AI, machine-learning, image-analysis, language-model, or comparable method framing.",https://library.ehaweb.org/eha/2026/eha-2026/4210732/abdulrahman.nasiri.beyond.diagnosis.a.systematic.review.of.artificial.html?f=menu%3D6%2Abrowseby%3D8%2Asortby%3D6%2Amedia%3D3%2Ace_id%3D2934%2Aot_id%3D115602%2Amarker%3D6767
4210837,PB4287,EHA-6122,PREDICTING FATIGUE IN PRIMARY IMMUNE THROMBOCYTOPENIA: A MACHINE LEARNING ANALYSIS USING TRANSFORMER-BASED NEURAL NETWORKS,Publication Only,33. Platelet disorders,machine learning; neural network,yes,"Retained after lexical screening and relevance check for explicit AI, machine-learning, image-analysis, language-model, or comparable method framing.",https://library.ehaweb.org/eha/2026/eha-2026/4210837/justin.oosterlee.predicting.fatigue.in.primary.immune.thrombocytopenia.a.html?f=menu%3D6%2Abrowseby%3D8%2Asortby%3D6%2Amedia%3D3%2Ace_id%3D2934%2Aot_id%3D115607%2Amarker%3D6767
4210933,PB4383,EHA-6814,REAL-WORLD MONOCENTRIC RETROSPECTIVE STUDY ON CANCER ASSOCIATED THROMBOSIS,Publication Only,35. Thrombosis and vascular biology,random forest,yes,"Retained after lexical screening and relevance check for explicit AI, machine-learning, image-analysis, language-model, or comparable method framing.",https://library.ehaweb.org/eha/2026/eha-2026/4210933/bruna.daraia.real-world.monocentric.retrospective.study.on.cancer.associated.html?f=menu%3D6%2Abrowseby%3D8%2Asortby%3D6%2Amedia%3D3%2Ace_id%3D2934%2Aot_id%3D115609%2Amarker%3D6767
4210974,PB4424,EHA-6282,FROM KNOWLEDGE TO SAFETY: A MULTIMODAL SIMULATION APPROACH IN CLINICAL HEMATOLOGY,Publication Only,"36. Quality of life, ethics, supportive and palliative care",machine learning,yes,"Retained after lexical screening and relevance check for explicit AI, machine-learning, image-analysis, language-model, or comparable method framing.",https://library.ehaweb.org/eha/2026/eha-2026/4210974/oumayma.hari.from.knowledge.to.safety.a.multimodal.simulation.approach.in.html?f=menu%3D6%2Abrowseby%3D8%2Asortby%3D6%2Amedia%3D3%2Ace_id%3D2934%2Aot_id%3D115610%2Amarker%3D6767
4211026,PB4476,EHA-4538,ATTENTION-ENHANCED MULTI-OMICS MODELING ENABLES PAN-CANCER DRUG RESPONSE PREDICTION AND BIOMARKER DISCOVERY FOR ANTICANCER AND REPURPOSED COMPOUNDS,Publication Only,"38. Novel technologies, techniques and digital analytical tools in hematology",machine learning; deep learning; random forest,yes,"Retained after lexical screening and relevance check for explicit AI, machine-learning, image-analysis, language-model, or comparable method framing.",https://library.ehaweb.org/eha/2026/eha-2026/4211026/yibo.wang.attention-enhanced.multi-omics.modeling.enables.pan-cancer.drug.html?f=menu%3D6%2Abrowseby%3D8%2Asortby%3D6%2Amedia%3D3%2Ace_id%3D2934%2Aot_id%3D115612%2Amarker%3D6767
4211031,PB4481,EHA-1689,AUTOMATED DEEP LEARNING-BASED BONE MARROW ANALYSIS IN PEDIATRIC LEUKEMIA,Publication Only,"38. Novel technologies, techniques and digital analytical tools in hematology",artificial intelligence; machine learning; deep learning; automated diagnosis,yes,"Retained after lexical screening and relevance check for explicit AI, machine-learning, image-analysis, language-model, or comparable method framing.",https://library.ehaweb.org/eha/2026/eha-2026/4211031/tabita.ghete.automated.deep.learning-based.bone.marrow.analysis.in.pediatric.html?f=menu%3D6%2Abrowseby%3D8%2Asortby%3D6%2Amedia%3D3%2Ace_id%3D2934%2Aot_id%3D115612%2Amarker%3D6767
4211032,PB4482,EHA-2068,MACHINE LEARNING–BASED DIAGNOSTIC DECISION SUPPORT FOR HEMATOLOGIC MALIGNANCIES IN FLOW CYTOMETRY,Publication Only,"38. Novel technologies, techniques and digital analytical tools in hematology",artificial intelligence; machine learning; automated diagnosis,yes,"Retained after lexical screening and relevance check for explicit AI, machine-learning, image-analysis, language-model, or comparable method framing.",https://library.ehaweb.org/eha/2026/eha-2026/4211032/naoko.senda.machine.learningbased.diagnostic.decision.support.for.hematologic.html?f=menu%3D6%2Abrowseby%3D8%2Asortby%3D6%2Amedia%3D3%2Ace_id%3D2934%2Aot_id%3D115612%2Amarker%3D6767
4211033,PB4483,EHA-1449,ALEM-AI: AN EXPLAINABLE LOGISTIC REGRESSION–COX MODEL FOR INDIVIDUALIZED SURVIVAL PREDICTION IN ACUTE LEUKEMIA,Publication Only,"38. Novel technologies, techniques and digital analytical tools in hematology",AI; machine learning,yes,"Retained after lexical screening and relevance check for explicit AI, machine-learning, image-analysis, language-model, or comparable method framing.",https://library.ehaweb.org/eha/2026/eha-2026/4211033/naveed.syed.alem-ai.an.explainable.logistic.regressioncox.model.for.html?f=menu%3D6%2Abrowseby%3D8%2Asortby%3D6%2Amedia%3D3%2Ace_id%3D2934%2Aot_id%3D115612%2Amarker%3D6767
4211034,PB4484,EHA-1584,ARTIFICIAL INTELLIGENCE IN CANCER THERAPEUTICS: EVALUATING CLINICAL REASONING IN HEMATOLOGY AND ONCOLOGY PHARMACOLOGY AND PHARMACOTHERAPY,Publication Only,"38. Novel technologies, techniques and digital analytical tools in hematology",artificial intelligence; AI; large language model,yes,"Retained after lexical screening and relevance check for explicit AI, machine-learning, image-analysis, language-model, or comparable method framing.",https://library.ehaweb.org/eha/2026/eha-2026/4211034/ghaith.mansour.artificial.intelligence.in.cancer.therapeutics.evaluating.html?f=menu%3D6%2Abrowseby%3D8%2Asortby%3D6%2Amedia%3D3%2Ace_id%3D2934%2Aot_id%3D115612%2Amarker%3D6767
4211036,PB4486,EHA-2893,FROM FLAG TO RELEASE: CLINICAL VALIDATION OF ARTIFICIAL INTELLIGENCE–ASSISTED PERIPHERAL BLOOD MORPHOLOGY WITHIN AN INTEGRATED FULL BLOOD COUNT WORKFLOW,Publication Only,"38. Novel technologies, techniques and digital analytical tools in hematology",artificial intelligence,yes,"Retained after lexical screening and relevance check for explicit AI, machine-learning, image-analysis, language-model, or comparable method framing.",https://library.ehaweb.org/eha/2026/eha-2026/4211036/ramlah.mohamed.ibrahim.from.flag.to.release.clinical.validation.of.artificial.html?f=menu%3D6%2Abrowseby%3D8%2Asortby%3D6%2Amedia%3D3%2Ace_id%3D2934%2Aot_id%3D115612%2Amarker%3D6767
4211041,PB4491,EHA-5056,FROM GLASS SLIDE TO ALGORITHM: VALIDATING ARTIFICIAL INTELLIGENCE FOR PERIPHERAL BLOOD FILM REVIEW,Publication Only,"38. Novel technologies, techniques and digital analytical tools in hematology",artificial intelligence; AI,yes,"Retained after lexical screening and relevance check for explicit AI, machine-learning, image-analysis, language-model, or comparable method framing.",https://library.ehaweb.org/eha/2026/eha-2026/4211041/ramlah.mohamed.ibrahim.from.glass.slide.to.algorithm.validating.artificial.html?f=menu%3D6%2Abrowseby%3D8%2Asortby%3D6%2Amedia%3D3%2Ace_id%3D2934%2Aot_id%3D115612%2Amarker%3D6767
4211042,PB4492,EHA-5258,CYSTAINER: A TRANSFORMER-BASED VARIATIONAL AUTOENCODER FOR ROBUST MARKER IMPUTATION IN HIGH-PARAMETER CYTOMETRY,Publication Only,"38. Novel technologies, techniques and digital analytical tools in hematology",machine learning; gradient boosting,yes,"Retained after lexical screening and relevance check for explicit AI, machine-learning, image-analysis, language-model, or comparable method framing.",https://library.ehaweb.org/eha/2026/eha-2026/4211042/konstantin.ivanov.cystainer.a.transformer-based.variational.autoencoder.for.html?f=menu%3D6%2Abrowseby%3D8%2Asortby%3D6%2Amedia%3D3%2Ace_id%3D2934%2Aot_id%3D115612%2Amarker%3D6767
4211043,PB4493,EHA-5335,GENETIC ENCODING OF PER NUCLEOTIDE SINGLE BASE SUBSTITUTION PROBABILITIES FOR INDIVIDUAL PATIENTS WITH MYELOID MALIGNANCIES.,Publication Only,"38. Novel technologies, techniques and digital analytical tools in hematology",artificial intelligence; neural network,yes,"Retained after lexical screening and relevance check for explicit AI, machine-learning, image-analysis, language-model, or comparable method framing.",https://library.ehaweb.org/eha/2026/eha-2026/4211043/anna.poetsch.genetic.encoding.of.per.nucleotide.single.base.substitution.html?f=menu%3D6%2Abrowseby%3D8%2Asortby%3D6%2Amedia%3D3%2Ace_id%3D2934%2Aot_id%3D115612%2Amarker%3D6767
4211045,PB4495,EHA-3357,A MACHINE LEARNING MODEL INCORPORATING HBV INFECTION STATUS TO PREDICT HISTOLOGIC TRANSFORMATION IN FOLLICULAR LYMPHOMA,Publication Only,"38. Novel technologies, techniques and digital analytical tools in hematology",machine learning; neural network; gradient boosting; support vector machine,yes,"Retained after lexical screening and relevance check for explicit AI, machine-learning, image-analysis, language-model, or comparable method framing.",https://library.ehaweb.org/eha/2026/eha-2026/4211045/haiyan.yang.a.machine.learning.model.incorporating.hbv.infection.status.to.html?f=menu%3D6%2Abrowseby%3D8%2Asortby%3D6%2Amedia%3D3%2Ace_id%3D2934%2Aot_id%3D115612%2Amarker%3D6767
4211050,PB4500,EHA-6499,APPLICATION OF UMAP-BASED DIMENSIONALITY REDUCTION AND MACHINE LEARNING FOR AUTOMATED BONE MARROW IMMUNOPHENOTYPING IN LYMPHOPROLIFERATIVE DISORDERS,Publication Only,"38. Novel technologies, techniques and digital analytical tools in hematology",machine learning; classifier; automated diagnosis,yes,"Retained after lexical screening and relevance check for explicit AI, machine-learning, image-analysis, language-model, or comparable method framing.",https://library.ehaweb.org/eha/2026/eha-2026/4211050/vsevolod.misyurin.application.of.umap-based.dimensionality.reduction.and.html?f=menu%3D6%2Abrowseby%3D8%2Asortby%3D6%2Amedia%3D3%2Ace_id%3D2934%2Aot_id%3D115612%2Amarker%3D6767
4211051,PB4501,EHA-4036,ANALYTICAL AND MORPHOLOGICAL PERFORMANCE OF A DIGITAL IMAGE-BASED MORPHOLOGY ANALYZER VERSUS A CONVENTIONAL FLOW-CYTOMETRY-BASED AUTOMATED HEMATOLOGY ANALYZER,Publication Only,"38. Novel technologies, techniques and digital analytical tools in hematology",AI-framed method; AI; machine learning; image analysis; automated diagnosis,yes,"Retained after lexical screening and relevance check for explicit AI, machine-learning, image-analysis, language-model, or comparable method framing.",https://library.ehaweb.org/eha/2026/eha-2026/4211051/jiyeon.kim.analytical.and.morphological.performance.of.a.digital.image-based.html?f=menu%3D6%2Abrowseby%3D8%2Asortby%3D6%2Amedia%3D3%2Ace_id%3D2934%2Aot_id%3D115612%2Amarker%3D6767
4211052,PB4502,EHA-2236,DIAGNOSTIC TEST ACCURACY OF SMARTPHONE-BASED ARTIFICIAL INTELLIGENCE FOR THE SCREENING OF HEMOGLOBINOPATHIES: A SYSTEMATIC REVIEW AND META-ANALYSIS,Publication Only,"38. Novel technologies, techniques and digital analytical tools in hematology",artificial intelligence; AI,yes,"Retained after lexical screening and relevance check for explicit AI, machine-learning, image-analysis, language-model, or comparable method framing.",https://library.ehaweb.org/eha/2026/eha-2026/4211052/rahul.falodia.diagnostic.test.accuracy.of.smartphone-based.artificial.html?f=menu%3D6%2Abrowseby%3D8%2Asortby%3D6%2Amedia%3D3%2Ace_id%3D2934%2Aot_id%3D115612%2Amarker%3D6767
4211057,PB4507,EHA-2711,WEAKLY SUPERVISED AND ATTENTION-BASED MULTI-INSTANCE-LEARNING PREDICTS IDH1 MUTATION STATUS IN ACUTE MYELOID LEUKEMIA FROM BONE MARROW SMEARS,Publication Only,"38. Novel technologies, techniques and digital analytical tools in hematology",artificial intelligence; deep learning; computer vision; classifier,yes,"Retained after lexical screening and relevance check for explicit AI, machine-learning, image-analysis, language-model, or comparable method framing.",https://library.ehaweb.org/eha/2026/eha-2026/4211057/jan-niklas.eckardt.weakly.supervised.and.attention-based.html?f=menu%3D6%2Abrowseby%3D8%2Asortby%3D6%2Amedia%3D3%2Ace_id%3D2934%2Aot_id%3D115612%2Amarker%3D6767
4211059,PB4509,EHA-1634,MEDNEXT-BASED AUTOMATIC SEGMENTATION OF 18F-FDG PET IMAGES IN ANGIOIMMUNOBLASTIC T-CELL LYMPHOMA AND PROGNOSTIC VALUE EXPLORATION OF PREDICTED TOTAL METABOLIC TUMOR VOLUME,Publication Only,"38. Novel technologies, techniques and digital analytical tools in hematology",deep learning,yes,"Retained after lexical screening and relevance check for explicit AI, machine-learning, image-analysis, language-model, or comparable method framing.",https://library.ehaweb.org/eha/2026/eha-2026/4211059/jing-yan.xu.mednext-based.automatic.segmentation.of.18f-fdg.pet.images.in.html?f=menu%3D6%2Abrowseby%3D8%2Asortby%3D6%2Amedia%3D3%2Ace_id%3D2934%2Aot_id%3D115612%2Amarker%3D6767
4211064,PB4514,EHA-4831,ARTIFICIAL INTELLIGENCE MODELS TO PREDICT HIGH‑GRADE CYTOKINE RELEASE SYNDROME IN CELLULAR AND BISPECIFIC ANTIBODY THERAPIES: AN INTEGRATED MULTI‑SOURCE SIMULATION FRAMEWORK,Publication Only,"38. Novel technologies, techniques and digital analytical tools in hematology",artificial intelligence; AI; machine learning; deep learning; classifier; gradient boosting; predictive model,yes,"Retained after lexical screening and relevance check for explicit AI, machine-learning, image-analysis, language-model, or comparable method framing.",https://library.ehaweb.org/eha/2026/eha-2026/4211064/francesco.gaudio.artificial.intelligence.models.to.predict.highgrade.cytokine.html?f=menu%3D6%2Abrowseby%3D8%2Asortby%3D6%2Amedia%3D3%2Ace_id%3D2934%2Aot_id%3D115612%2Amarker%3D6767
4211065,PB4515,EHA-5148,EX VIVO DRUG SENSITIVITY PROFILING OF BONE MARROW CELLS OBTAINED AT DIAGNOSIS FROM PATIENTS WITH CML USING AN AI-ASSISTED MICROFLUIDIC PLATFORM,Publication Only,"38. Novel technologies, techniques and digital analytical tools in hematology",AI-framed method; AI; image analysis,yes,"Retained after lexical screening and relevance check for explicit AI, machine-learning, image-analysis, language-model, or comparable method framing.",https://library.ehaweb.org/eha/2026/eha-2026/4211065/taesung.kim.ex.vivo.drug.sensitivity.profiling.of.bone.marrow.cells.obtained.html?f=menu%3D6%2Abrowseby%3D8%2Asortby%3D6%2Amedia%3D3%2Ace_id%3D2934%2Aot_id%3D115612%2Amarker%3D6767
4211066,PB4516,EHA-5342,VISION LANGUAGE MODEL PERFORMANCE IN ACUTE MYELOID LEUKEMIA DIAGNOSTICS: MULTI-MODEL BENCHMARK REVEALS CRITICAL GAPS IN CLINICAL REASONING,Publication Only,"38. Novel technologies, techniques and digital analytical tools in hematology",artificial intelligence; image analysis,yes,"Retained after lexical screening and relevance check for explicit AI, machine-learning, image-analysis, language-model, or comparable method framing.",https://library.ehaweb.org/eha/2026/eha-2026/4211066/freya.schulze.vision.language.model.performance.in.acute.myeloid.leukemia.html?f=menu%3D6%2Abrowseby%3D8%2Asortby%3D6%2Amedia%3D3%2Ace_id%3D2934%2Aot_id%3D115612%2Amarker%3D6767
4211068,PB4518,EHA-3636,AUTOMATED NATURAL LANGUAGE PROCESSING OF PHYSICIAN HANDOVER NOTES REVEALS REAL-WORLD ANTIBIOTIC STEWARDSHIP PATTERNS IN A HEMATOLOGY WARD,Publication Only,"38. Novel technologies, techniques and digital analytical tools in hematology",artificial intelligence; NLP,yes,"Retained after lexical screening and relevance check for explicit AI, machine-learning, image-analysis, language-model, or comparable method framing.",https://library.ehaweb.org/eha/2026/eha-2026/4211068/federico.de.marchi.automated.natural.language.processing.of.physician.handover.html?f=menu%3D6%2Abrowseby%3D8%2Asortby%3D6%2Amedia%3D3%2Ace_id%3D2934%2Aot_id%3D115612%2Amarker%3D6767
4211069,PB4519,EHA-2367,"DEEP MOLECULAR INQUIRY BY ARTIFICIAL INTELLIGENCE ALGORITHMS UNVEILS THE HIGH DIAGNOSTIC INFORMATIVE YIELD OF SRSF2, RAS AND CHIPS ALLELIC BURDEN.",Publication Only,"38. Novel technologies, techniques and digital analytical tools in hematology",artificial intelligence; AI-framed method; AI; machine learning; neural network; random forest,yes,"Retained after lexical screening and relevance check for explicit AI, machine-learning, image-analysis, language-model, or comparable method framing.",https://library.ehaweb.org/eha/2026/eha-2026/4211069/micol.caccia.deep.molecular.inquiry.by.artificial.intelligence.algorithms.html?f=menu%3D6%2Abrowseby%3D8%2Asortby%3D6%2Amedia%3D3%2Ace_id%3D2934%2Aot_id%3D115612%2Amarker%3D6767
4211072,PB4522,EHA-6361,"BLINDED MULTI-EXPERT VALIDATION OF A BAYESIAN CDSS FOR CBC INTERPRETATION AND CRITICAL-LEVEL EMERGENCY ALERTING IN 3,091 REAL-WORLD CASES",Publication Only,"38. Novel technologies, techniques and digital analytical tools in hematology",artificial intelligence; AI; image analysis,yes,"Retained after lexical screening and relevance check for explicit AI, machine-learning, image-analysis, language-model, or comparable method framing.",https://library.ehaweb.org/eha/2026/eha-2026/4211072/abel.costa.blinded.multi-expert.validation.of.a.bayesian.cdss.for.cbc.html?f=menu%3D6%2Abrowseby%3D8%2Asortby%3D6%2Amedia%3D3%2Ace_id%3D2934%2Aot_id%3D115612%2Amarker%3D6767
4211073,PB4523,EHA-3635,EXPLAINABLE AI-ENABLED WEARABLE SENSORS FOR REAL-TIME THROMBOTIC EVENT EARLY WARNING IN CONNECTED HEALTH ENVIRONMENTS,Publication Only,"38. Novel technologies, techniques and digital analytical tools in hematology",artificial intelligence; AI-framed method; AI,yes,"Retained after lexical screening and relevance check for explicit AI, machine-learning, image-analysis, language-model, or comparable method framing.",https://library.ehaweb.org/eha/2026/eha-2026/4211073/zi.wang.explainable.ai-enabled.wearable.sensors.for.real-time.thrombotic.event.html?f=menu%3D6%2Abrowseby%3D8%2Asortby%3D6%2Amedia%3D3%2Ace_id%3D2934%2Aot_id%3D115612%2Amarker%3D6767
4211076,PB4526,EHA-3413,FROM VISUAL READS TO VISION ALGORITHMS: AI-POWERED INTERPRETATION OF COLUMN AGGLUTINATION FOR RED BLOOD CELL ALLOANTIBODY DETECTION,Publication Only,"38. Novel technologies, techniques and digital analytical tools in hematology",artificial intelligence; AI-framed method; AI; machine learning; deep learning; neural network; image analysis,yes,"Retained after lexical screening and relevance check for explicit AI, machine-learning, image-analysis, language-model, or comparable method framing.",https://library.ehaweb.org/eha/2026/eha-2026/4211076/mara.fernndez.lpez.from.visual.reads.to.vision.algorithms.ai-powered.html?f=menu%3D6%2Abrowseby%3D8%2Asortby%3D6%2Amedia%3D3%2Ace_id%3D2934%2Aot_id%3D115612%2Amarker%3D6767
4211080,PB4530,EHA-6585,LONGITUDINAL HAEMOGLOBIN AS A DYNAMIC MARKER OF CLINICAL BURDEN AND PATIENT QUALITY OF LIFE IN SICKLE CELL DISEASE: EVIDENCE FROM A REAL-WORLD COHORT,Publication Only,"38. Novel technologies, techniques and digital analytical tools in hematology",large language model,yes,"Retained after lexical screening and relevance check for explicit AI, machine-learning, image-analysis, language-model, or comparable method framing.",https://library.ehaweb.org/eha/2026/eha-2026/4211080/kim.summers.longitudinal.haemoglobin.as.a.dynamic.marker.of.clinical.burden.html?f=menu%3D6%2Abrowseby%3D8%2Asortby%3D6%2Amedia%3D3%2Ace_id%3D2934%2Aot_id%3D115612%2Amarker%3D6767
4211081,PB4531,EHA-5189,AI-ASSISTED IDENTIFICATION MODEL FOR T(9;22) TRANSLOCATION CHROMOSOMES,Publication Only,"38. Novel technologies, techniques and digital analytical tools in hematology",artificial intelligence; AI-framed method; AI,yes,"Retained after lexical screening and relevance check for explicit AI, machine-learning, image-analysis, language-model, or comparable method framing.",https://library.ehaweb.org/eha/2026/eha-2026/4211081/hao.wang.ai-assisted.identification.model.for.t289.2229.translocation.chromosomes.html?f=menu%3D6%2Abrowseby%3D8%2Asortby%3D6%2Amedia%3D3%2Ace_id%3D2934%2Aot_id%3D115612%2Amarker%3D6767
4211083,PB4533,EHA-2349,DEVELOPMENT OF A QUPATH EXTENSION FOR AUTOMATED CELL ANNOTATION IN BONE MARROW SMEARS TO ENABLE ACTIVE LEARNING–DRIVEN CELL DETECTION,Publication Only,"38. Novel technologies, techniques and digital analytical tools in hematology",artificial intelligence; AI-framed method; AI; machine learning; automated diagnosis,yes,"Retained after lexical screening and relevance check for explicit AI, machine-learning, image-analysis, language-model, or comparable method framing.",https://library.ehaweb.org/eha/2026/eha-2026/4211083/jon.kristian.nilssen.development.of.a.qupath.extension.for.automated.cell.html?f=menu%3D6%2Abrowseby%3D8%2Asortby%3D6%2Amedia%3D3%2Ace_id%3D2934%2Aot_id%3D115612%2Amarker%3D6767
4211084,PB4534,EHA-6816,DEEP LEARNING DETECTS DOPING: IMAGE-BASED DETECTION OF ERYTHROPOIETIN USE IN ATHLETES VIA WEAKLY SUPERVISED DEEP LEARNING,Publication Only,"38. Novel technologies, techniques and digital analytical tools in hematology",artificial intelligence; deep learning; image analysis; classifier,yes,"Retained after lexical screening and relevance check for explicit AI, machine-learning, image-analysis, language-model, or comparable method framing.",https://library.ehaweb.org/eha/2026/eha-2026/4211084/martin.schneider.deep.learning.detects.doping.image-based.detection.of.html?f=menu%3D6%2Abrowseby%3D8%2Asortby%3D6%2Amedia%3D3%2Ace_id%3D2934%2Aot_id%3D115612%2Amarker%3D6767
4211085,PB4535,EHA-2265,DIAGNOSTIC TEST ACCURACY OF DEEP LEARNING MODELS FOR THE AUTOMATED CLASSIFICATION OF ACUTE LEUKEMIA FROM BONE MARROW ASPIRATES AND BIOPSY: A SYSTEMATIC REVIEW AND META-ANALYSIS,Publication Only,"38. Novel technologies, techniques and digital analytical tools in hematology",AI; deep learning; foundation model; automated diagnosis,yes,"Retained after lexical screening and relevance check for explicit AI, machine-learning, image-analysis, language-model, or comparable method framing.",https://library.ehaweb.org/eha/2026/eha-2026/4211085/rahul.falodia.diagnostic.test.accuracy.of.deep.learning.models.for.the.html?f=menu%3D6%2Abrowseby%3D8%2Asortby%3D6%2Amedia%3D3%2Ace_id%3D2934%2Aot_id%3D115612%2Amarker%3D6767
4211088,PB4538,EHA-4938,ACCELERATING REAL-WORLD DATA: A RANDOMIZED CROSSOVER STUDY COMPARING AI DOCTOR-IN-THE-LOOP VS. MANUAL ABSTRACTION OF FLOW CYTOMETRY DATA IN THE HEALTHTREE REGISTRY,Publication Only,"38. Novel technologies, techniques and digital analytical tools in hematology",artificial intelligence; AI-framed method; AI; large language model,yes,"Retained after lexical screening and relevance check for explicit AI, machine-learning, image-analysis, language-model, or comparable method framing.",https://library.ehaweb.org/eha/2026/eha-2026/4211088/martha.paola.anchondo.commesse.accelerating.real-world.data.a.randomized.html?f=menu%3D6%2Abrowseby%3D8%2Asortby%3D6%2Amedia%3D3%2Ace_id%3D2934%2Aot_id%3D115612%2Amarker%3D6767
4211089,PB4539,EHA-4955,CONSISTENCY ANALYSIS OF AI CELL RECOGNITION RESULTS BETWEEN NON ANTICOAGULANT AND ANTICOAGULANT MARROW SMEAR AFTER WRIGHT'S STAINING,Publication Only,"38. Novel technologies, techniques and digital analytical tools in hematology",artificial intelligence; AI,yes,"Retained after lexical screening and relevance check for explicit AI, machine-learning, image-analysis, language-model, or comparable method framing.",https://library.ehaweb.org/eha/2026/eha-2026/4211089/cheng.zhang.consistency.analysis.of.ai.cell.recognition.results.between.non.html?f=menu%3D6%2Abrowseby%3D8%2Asortby%3D6%2Amedia%3D3%2Ace_id%3D2934%2Aot_id%3D115612%2Amarker%3D6767
4211091,PB4541,EHA-5480,LARGE LANGUAGE MODEL–ASSISTED OUTPATIENT TRIAGE IN A NATIONAL HEMOPHILIA CENTER: A PROSPECTIVE IMPLEMENTATION STUDY,Publication Only,"38. Novel technologies, techniques and digital analytical tools in hematology",artificial intelligence; machine learning; large language model,yes,"Retained after lexical screening and relevance check for explicit AI, machine-learning, image-analysis, language-model, or comparable method framing.",https://library.ehaweb.org/eha/2026/eha-2026/4211091/jian-chuan.deng.large.language.modelassisted.outpatient.triage.in.a.national.html?f=menu%3D6%2Abrowseby%3D8%2Asortby%3D6%2Amedia%3D3%2Ace_id%3D2934%2Aot_id%3D115612%2Amarker%3D6767
4211092,PB4542,EHA-6268,DIGITAL CAMPUS HEMATOLOGY (DCH) – A TEACHING PLATFORM FOR INTERACTIVE LEARNING OF PERIPHERAL BLOOD AND BONE MARROW MORPHOLOGY FOR EDUCATION IN HEMATOLOGY,Publication Only,"38. Novel technologies, techniques and digital analytical tools in hematology",artificial intelligence,yes,"Retained after lexical screening and relevance check for explicit AI, machine-learning, image-analysis, language-model, or comparable method framing.",https://library.ehaweb.org/eha/2026/eha-2026/4211092/anne.marie.asemissen.digital.campus.hematology.28dch29.a.teaching.platform.for.html?f=menu%3D6%2Abrowseby%3D8%2Asortby%3D6%2Amedia%3D3%2Ace_id%3D2934%2Aot_id%3D115612%2Amarker%3D6767
4211093,PB4543,EHA-6465,COMPARATIVE EVALUATION OF MACHINE LEARNING MODELS AND DISCRIMINANT FORMULAE FOR Β-THALASSEMIA TRAIT DETECTION IN AN INDIAN CLINICAL COHORT,Publication Only,"38. Novel technologies, techniques and digital analytical tools in hematology",machine learning; classifier; random forest; gradient boosting,yes,"Retained after lexical screening and relevance check for explicit AI, machine-learning, image-analysis, language-model, or comparable method framing.",https://library.ehaweb.org/eha/2026/eha-2026/4211093/frederik.christensen.comparative.evaluation.of.machine.learning.models.and.html?f=menu%3D6%2Abrowseby%3D8%2Asortby%3D6%2Amedia%3D3%2Ace_id%3D2934%2Aot_id%3D115612%2Amarker%3D6767
4211094,PB4544,EHA-6838,THE AGENTIC HEMATOLOGIST: A PATIENT-CENTRIC AI SYSTEM FOR INTEGRATED REASONING IN COMPLEX HEMATOLOGY,Publication Only,"38. Novel technologies, techniques and digital analytical tools in hematology",artificial intelligence; AI-framed method; AI,yes,"Retained after lexical screening and relevance check for explicit AI, machine-learning, image-analysis, language-model, or comparable method framing.",https://library.ehaweb.org/eha/2026/eha-2026/4211094/miguel.luengo-oroz.the.agentic.hematologist.a.patient-centric.ai.system.for.html?f=menu%3D6%2Abrowseby%3D8%2Asortby%3D6%2Amedia%3D3%2Ace_id%3D2934%2Aot_id%3D115612%2Amarker%3D6767
4211095,PB4545,EHA-5628,AI EMBEDDING MODEL CHOICE HAS MINIMAL IMPACT ON WHOLE-SLIDE CLASSIFICATION PERFORMANCE IN CASTLEMAN DISEASE,Publication Only,"38. Novel technologies, techniques and digital analytical tools in hematology",artificial intelligence; AI; foundation model; classifier,yes,"Retained after lexical screening and relevance check for explicit AI, machine-learning, image-analysis, language-model, or comparable method framing.",https://library.ehaweb.org/eha/2026/eha-2026/4211095/muir.morrison.ai.embedding.model.choice.has.minimal.impact.on.whole-slide.html?f=menu%3D6%2Abrowseby%3D8%2Asortby%3D6%2Amedia%3D3%2Ace_id%3D2934%2Aot_id%3D115612%2Amarker%3D6767
4211101,PB4551,EHA-1190,EXPLORING THE IMPACT OF HERPES ZOSTER AND ITS COMPLICATIONS IN CANCER PATIENTS IN SPAIN. THE HORION OBSERVATIONAL STUDY: DESIGN AND PRELIMINARY RESULTS,Publication Only,"38. Novel technologies, techniques and digital analytical tools in hematology",artificial intelligence; AI-framed method; AI; NLP,yes,"Retained after lexical screening and relevance check for explicit AI, machine-learning, image-analysis, language-model, or comparable method framing.",https://library.ehaweb.org/eha/2026/eha-2026/4211101/lucrecia.yez.exploring.the.impact.of.herpes.zoster.and.its.complications.in.html?f=menu%3D6%2Abrowseby%3D8%2Asortby%3D6%2Amedia%3D3%2Ace_id%3D2934%2Aot_id%3D115612%2Amarker%3D6767
4211102,PB4552,EHA-2457,GENERATIVE ARTIFICIAL INTELLIGENCE FOR SYNTHETIC DATA CREATION: APPLICATION TO ACUTE MYELOID LEUKEMIA,Publication Only,"38. Novel technologies, techniques and digital analytical tools in hematology",artificial intelligence; predictive model,yes,"Retained after lexical screening and relevance check for explicit AI, machine-learning, image-analysis, language-model, or comparable method framing.",https://library.ehaweb.org/eha/2026/eha-2026/4211102/valentin.andral.generative.artificial.intelligence.for.synthetic.data.creation.html?f=menu%3D6%2Abrowseby%3D8%2Asortby%3D6%2Amedia%3D3%2Ace_id%3D2934%2Aot_id%3D115612%2Amarker%3D6767
4211104,PB4554,EHA-7082,DIAGNOSTIC ACCURACY OF DEEP LEARNING FOR BONE MARROW AND PERIPHERAL BLOOD SMEAR ANALYSIS IN LEUKAEMIA: A SYSTEMATIC REVIEW AND META-ANALYSIS,Publication Only,"38. Novel technologies, techniques and digital analytical tools in hematology",artificial intelligence; deep learning,yes,"Retained after lexical screening and relevance check for explicit AI, machine-learning, image-analysis, language-model, or comparable method framing.",https://library.ehaweb.org/eha/2026/eha-2026/4211104/ahmed.elgebaly.diagnostic.accuracy.of.deep.learning.for.bone.marrow.and.html?f=menu%3D6%2Abrowseby%3D8%2Asortby%3D6%2Amedia%3D3%2Ace_id%3D2934%2Aot_id%3D115612%2Amarker%3D6767
4211107,PB4557,EHA-4021,PREDICTIVE VALUE OF AI-ENHANCED ECG METRICS FOR CARDIAC DYSFUNCTION IN TELOMERE BIOLOGY DISORDERS,Publication Only,"38. Novel technologies, techniques and digital analytical tools in hematology",artificial intelligence; AI-framed method; AI,yes,"Retained after lexical screening and relevance check for explicit AI, machine-learning, image-analysis, language-model, or comparable method framing.",https://library.ehaweb.org/eha/2026/eha-2026/4211107/madeline.franke.predictive.value.of.ai-enhanced.ecg.metrics.for.cardiac.html?f=menu%3D6%2Abrowseby%3D8%2Asortby%3D6%2Amedia%3D3%2Ace_id%3D2934%2Aot_id%3D115612%2Amarker%3D6767
4211110,PB4560,EHA-5129,PREPARING A SOUTHERN TUNISIAN HEMOPHILIA REGISTRY FOR AI-DRIVEN CLINICAL KNOWLEDGE RETRIEVAL,Publication Only,"38. Novel technologies, techniques and digital analytical tools in hematology",artificial intelligence; AI-framed method; AI,yes,"Retained after lexical screening and relevance check for explicit AI, machine-learning, image-analysis, language-model, or comparable method framing.",https://library.ehaweb.org/eha/2026/eha-2026/4211110/lobna.kammoun.preparing.a.southern.tunisian.hemophilia.registry.for.ai-driven.html?f=menu%3D6%2Abrowseby%3D8%2Asortby%3D6%2Amedia%3D3%2Ace_id%3D2934%2Aot_id%3D115612%2Amarker%3D6767
4211112,PB4562,EHA-6662,A COMPARATIVE STUDY OF GENERATIVE AI IN HEALTH EDUCATION SUPPORT FOR HEMATOPOIETIC STEM CELL TRANSPLANTATION PATIENTS: CHATGPT-4O VS. DEEPSEEK-V3,Publication Only,"38. Novel technologies, techniques and digital analytical tools in hematology",artificial intelligence; generative AI; AI; large language model,yes,"Retained after lexical screening and relevance check for explicit AI, machine-learning, image-analysis, language-model, or comparable method framing.",https://library.ehaweb.org/eha/2026/eha-2026/4211112/shashali.shasha.a.comparative.study.of.generative.ai.in.health.education.html?f=menu%3D6%2Abrowseby%3D8%2Asortby%3D6%2Amedia%3D3%2Ace_id%3D2934%2Aot_id%3D115612%2Amarker%3D6767
4211113,PB4563,EHA-6966,ARTIFICIAL INTELLIGENCE FOR BONE MARROW IMAGE–BASED DIAGNOSIS OF MYELODYSPLASTIC NEOPLASMS: A SYSTEMATIC REVIEW AND META-ANALYSIS,Publication Only,"38. Novel technologies, techniques and digital analytical tools in hematology",artificial intelligence; AI-framed method; AI; machine learning; deep learning; image analysis; classifier,yes,"Retained after lexical screening and relevance check for explicit AI, machine-learning, image-analysis, language-model, or comparable method framing.",https://library.ehaweb.org/eha/2026/eha-2026/4211113/ahmed.elgebaly.artificial.intelligence.for.bone.marrow.imagebased.diagnosis.of.html?f=menu%3D6%2Abrowseby%3D8%2Asortby%3D6%2Amedia%3D3%2Ace_id%3D2934%2Aot_id%3D115612%2Amarker%3D6767
4206953,PF1064,EHA-2724,PLASMA PROTEOMIC SIGNATURES DISTINGUISH LYMPHOMA FROM OTHER CANCERS AND NON-MALIGNANT CONDITIONS IN PATIENTS PRESENTING WITH NON-SPECIFIC SYMPTOMS,Poster Presentation,21. Lymphoma biology & translational research,machine learning; classifier,yes,"Retained after lexical screening and relevance check for explicit AI, machine-learning, image-analysis, language-model, or comparable method framing.",https://library.ehaweb.org/eha/2026/eha-2026/4206953/fredrika.wannberg.plasma.proteomic.signatures.distinguish.lymphoma.from.other.html?f=menu%3D6%2Abrowseby%3D8%2Asortby%3D6%2Amedia%3D3%2Ace_id%3D2934%2Aot_id%3D115595%2Amarker%3D6766
4206988,PF1099,EHA-4959,INTEGRATIVE TRANSCRIPTOMIC PROFILING REVEAL THE MOLECULAR LANDSCAPE AND REGULATORY DRIVERS OF BLASTOID MANTLE CELL LYMPHOMA,Poster Presentation,21. Lymphoma biology & translational research,classifier; random forest,yes,"Retained after lexical screening and relevance check for explicit AI, machine-learning, image-analysis, language-model, or comparable method framing.",https://library.ehaweb.org/eha/2026/eha-2026/4206988/li.wang.integrative.transcriptomic.profiling.reveal.the.molecular.landscape.html?f=menu%3D6%2Abrowseby%3D8%2Asortby%3D6%2Amedia%3D3%2Ace_id%3D2934%2Aot_id%3D115595%2Amarker%3D6766
4206999,PF1110,EHA-4051,CLONAL DYNAMICS OF THE TCRΒ REPERTOIRE REVEAL PREDICTIVE IMMUNE SIGNATURES OF POST-TRANSPLANT COMPLICATIONS,Poster Presentation,22. Stem cell transplantation - Experimental,deep learning; neural network,yes,"Retained after lexical screening and relevance check for explicit AI, machine-learning, image-analysis, language-model, or comparable method framing.",https://library.ehaweb.org/eha/2026/eha-2026/4206999/xiaodong.lyu.clonal.dynamics.of.the.tcr.repertoire.reveal.predictive.immune.html?f=menu%3D6%2Abrowseby%3D8%2Asortby%3D6%2Amedia%3D3%2Ace_id%3D2934%2Aot_id%3D115597%2Amarker%3D6766
4207046,PF1157,EHA-1278,DEEP LEARNING–BASED PREDICTION OF CD34⁺ CELL MOBILIZATION IN HEALTHY DONORS: AN EXPLAINABLE ARTIFICIAL NEURAL NETWORK MODEL WITH SUPERIOR PREDICTIVE PERFORMANCE,Poster Presentation,23. Stem cell transplantation - Clinical,artificial intelligence; AI; machine learning; deep learning; neural network; gradient boosting; predictive model,yes,"Retained after lexical screening and relevance check for explicit AI, machine-learning, image-analysis, language-model, or comparable method framing.",https://library.ehaweb.org/eha/2026/eha-2026/4207046/bedrettin.orhan.deep.learningbased.prediction.of.cd34.cell.mobilization.in.html?f=menu%3D6%2Abrowseby%3D8%2Asortby%3D6%2Amedia%3D3%2Ace_id%3D2934%2Aot_id%3D115598%2Amarker%3D6766
4207049,PF1160,EHA-2595,INTEGRATING DONOR CHIMERISM IN MACHINE LEARNING MODELS FOR DISEASE RELAPSE PREDICTION FOLLOWING ALLOGENEIC STEM CELL TRANSPLANTATION,Poster Presentation,23. Stem cell transplantation - Clinical,machine learning; random forest; gradient boosting; support vector machine,yes,"Retained after lexical screening and relevance check for explicit AI, machine-learning, image-analysis, language-model, or comparable method framing.",https://library.ehaweb.org/eha/2026/eha-2026/4207049/ray.mun.koo.integrating.donor.chimerism.in.machine.learning.models.for.disease.html?f=menu%3D6%2Abrowseby%3D8%2Asortby%3D6%2Amedia%3D3%2Ace_id%3D2934%2Aot_id%3D115598%2Amarker%3D6766
4207092,PF1204,EHA-6116,ROLE OF LINKER HISTONES AS EPIGENETIC REGULATORS OF HEMATOPOIESIS IN HEALTH AND DISEASE,Poster Presentation,"24. Hematopoiesis, stem cells and microenvironment",random forest,yes,"Retained after lexical screening and relevance check for explicit AI, machine-learning, image-analysis, language-model, or comparable method framing.",https://library.ehaweb.org/eha/2026/eha-2026/4207092/daniel.soto.ortiz.role.of.linker.histones.as.epigenetic.regulators.of.html?f=menu%3D6%2Abrowseby%3D8%2Asortby%3D6%2Amedia%3D3%2Ace_id%3D2934%2Aot_id%3D115599%2Amarker%3D6766
4207096,PF1208,EHA-3483,A NEXT-GENERATION FCRL5/BCMA TRISPECIFIC ANTIBODY DEMONSTRATES SUPERIOR ACTIVITY OVER BISPECIFIC CONSTRUCTS AND SUPPORTS CLINICAL DEVELOPMENT IN B-CELL MALIGNANCIES,Poster Presentation,"25. Gene therapy, cellular immunotherapy and vaccination - Biology & translational research",generative AI; AI,yes,"Retained after lexical screening and relevance check for explicit AI, machine-learning, image-analysis, language-model, or comparable method framing.",https://library.ehaweb.org/eha/2026/eha-2026/4207096/jessica.encinas.mayoral.a.next-generation.fcrl5.bcma.trispecific.antibody.html?f=menu%3D6%2Abrowseby%3D8%2Asortby%3D6%2Amedia%3D3%2Ace_id%3D2934%2Aot_id%3D115600%2Amarker%3D6766
4207133,PF1245,EHA-1739,L-IPM: A NOVEL MODEL FOR PREDICTING LATE NEUTROPENIA IMMUNE EFFECTOR CELL-ASSOCIATED HEMATOTOXICITY (N-ICAHT) AFTER CAR-T THERAPY WITH MULTICENTER VALIDATION,Poster Presentation,"26. Gene therapy, cellular immunotherapy and vaccination - Clinical",machine learning; predictive model,yes,"Retained after lexical screening and relevance check for explicit AI, machine-learning, image-analysis, language-model, or comparable method framing.",https://library.ehaweb.org/eha/2026/eha-2026/4207133/ao-ran.zhang.l-ipm.a.novel.model.for.predicting.late.neutropenia.immune.html?f=menu%3D6%2Abrowseby%3D8%2Asortby%3D6%2Amedia%3D3%2Ace_id%3D2934%2Aot_id%3D115601%2Amarker%3D6766
4207177,PF1289,EHA-6780,REPLICATING HEMATOPATHOLOGIST REASONING: A HYBRID AI PIPELINE FOR COST-EFFECTIVE HEMOGLOBINOPATHY TRIAGE USING CBC AND HPLC,Poster Presentation,28. Thalassemias,artificial intelligence; AI-framed method; AI; large language model,yes,"Retained after lexical screening and relevance check for explicit AI, machine-learning, image-analysis, language-model, or comparable method framing.",https://library.ehaweb.org/eha/2026/eha-2026/4207177/rahul.bhargav.replicating.hematopathologist.reasoning.a.hybrid.ai.pipeline.for.html?f=menu%3D6%2Abrowseby%3D8%2Asortby%3D6%2Amedia%3D3%2Ace_id%3D2934%2Aot_id%3D115602%2Amarker%3D6766
4207230,PF1342,EHA-4095,EARLY PREDICTION OF THROMBOTIC THROMBOCYTOPENIC PURPURA FROM ROUTINE LABORATORY DATA USING MACHINE LEARNING,Poster Presentation,33. Platelet disorders,machine learning,yes,"Retained after lexical screening and relevance check for explicit AI, machine-learning, image-analysis, language-model, or comparable method framing.",https://library.ehaweb.org/eha/2026/eha-2026/4207230/ella.derkzen.early.prediction.of.thrombotic.thrombocytopenic.purpura.from.html?f=menu%3D6%2Abrowseby%3D8%2Asortby%3D6%2Amedia%3D3%2Ace_id%3D2934%2Aot_id%3D115607%2Amarker%3D6766
4207244,PF1356,EHA-4311,ADAPT-BLEED: A PRACTICAL MACHINE LEARNING–BASED BLEEDING RISK SCORE WITH A BEDSIDE DIGITAL APPLICATION,Poster Presentation,34. Bleeding disorders (congenital and acquired),machine learning; gradient boosting,yes,"Retained after lexical screening and relevance check for explicit AI, machine-learning, image-analysis, language-model, or comparable method framing.",https://library.ehaweb.org/eha/2026/eha-2026/4207244/tamar.tadmor.adapt-bleed.a.practical.machine.learningbased.bleeding.risk.score.html?f=menu%3D6%2Abrowseby%3D8%2Asortby%3D6%2Amedia%3D3%2Ace_id%3D2934%2Aot_id%3D115608%2Amarker%3D6766
4207260,PF1372,EHA-2242,DIAGNOSTIC PERFORMANCE OF DEEP LEARNING-BASED ARTIFICIAL INTELLIGENCE VERSUS RADIOLOGISTS FOR THE DETECTION OF PULMONARY EMBOLISM ON COMPUTED TOMOGRAPHY: A SYSTEMATIC REVIEW AND META-ANALYSIS,Poster Presentation,35. Thrombosis and vascular biology,artificial intelligence; AI; deep learning,yes,"Retained after lexical screening and relevance check for explicit AI, machine-learning, image-analysis, language-model, or comparable method framing.",https://library.ehaweb.org/eha/2026/eha-2026/4207260/rahul.falodia.diagnostic.performance.of.deep.learning-based.artificial.html?f=menu%3D6%2Abrowseby%3D8%2Asortby%3D6%2Amedia%3D3%2Ace_id%3D2934%2Aot_id%3D115609%2Amarker%3D6766
4207307,PF1419,EHA-3448,CALM: BUILDING A COMPREHENSIVE ATLAS OF LEUKEMIA AND ITS MICROENVIRONMENT TO ENABLE MECHANISTIC AND THERAPEUTIC DISCOVERIES FOR PRECISION MEDICINE,Poster Presentation,"38. Novel technologies, techniques and digital analytical tools in hematology",machine learning,yes,"Retained after lexical screening and relevance check for explicit AI, machine-learning, image-analysis, language-model, or comparable method framing.",https://library.ehaweb.org/eha/2026/eha-2026/4207307/hussein.abbas.calm.building.acomprehensive.atlas.of.leukemia.and.its.html?f=menu%3D6%2Abrowseby%3D8%2Asortby%3D6%2Amedia%3D3%2Ace_id%3D2934%2Aot_id%3D115612%2Amarker%3D6766
4207308,PF1420,EHA-5640,UNSUPERVISED CLUSTERING FOR MRD FLOW CYTOMETRY IN AML: MULTICENTRIC VALIDATION AND PROGNOSTIC IMPACT AT SUB-ELN THRESHOLDS.,Poster Presentation,"38. Novel technologies, techniques and digital analytical tools in hematology",artificial intelligence,yes,"Retained after lexical screening and relevance check for explicit AI, machine-learning, image-analysis, language-model, or comparable method framing.",https://library.ehaweb.org/eha/2026/eha-2026/4207308/aguirre.mimoun.unsupervised.clustering.for.mrd.flow.cytometry.in.aml.html?f=menu%3D6%2Abrowseby%3D8%2Asortby%3D6%2Amedia%3D3%2Ace_id%3D2934%2Aot_id%3D115612%2Amarker%3D6766
4207309,PF1421,EHA-4408,DISTINGUISHING MYELOPROLIFERATIVE NEOPLASMS AND PREDICTING JAK2 AND CALR MUTATION STATUS FROM BONE MARROW WHOLE SLIDE IMAGES USING SELF-SUPERVISED VISION TRANSFORMERS AND MULTI-INSTANCE LEARNING,Poster Presentation,"38. Novel technologies, techniques and digital analytical tools in hematology",artificial intelligence; AI-framed method; AI; foundation model; computer vision; image analysis,yes,"Retained after lexical screening and relevance check for explicit AI, machine-learning, image-analysis, language-model, or comparable method framing.",https://library.ehaweb.org/eha/2026/eha-2026/4207309/jan-niklas.eckardt.distinguishing.myeloproliferative.neoplasms.and.predicting.html?f=menu%3D6%2Abrowseby%3D8%2Asortby%3D6%2Amedia%3D3%2Ace_id%3D2934%2Aot_id%3D115612%2Amarker%3D6766
4207310,PF1422,EHA-2537,COMET: MUTATION-AGNOSTIC DETECTION OF CLONAL HEMATOPOIESIS FROM DNA METHYLATION,Poster Presentation,"38. Novel technologies, techniques and digital analytical tools in hematology",machine learning; algorithmic prediction,yes,"Retained after lexical screening and relevance check for explicit AI, machine-learning, image-analysis, language-model, or comparable method framing.",https://library.ehaweb.org/eha/2026/eha-2026/4207310/tamir.chandra.comet.mutation-agnostic.detection.of.clonal.hematopoiesis.from.html?f=menu%3D6%2Abrowseby%3D8%2Asortby%3D6%2Amedia%3D3%2Ace_id%3D2934%2Aot_id%3D115612%2Amarker%3D6766
4207312,PF1424,EHA-2162,SCALING CYTOMORPHOLOGICAL ANALYSIS: AN UNSUPERVISED APPROACH TO PHENOTYPING SINGLE CELLS FROM BONE MARROW SMEARS,Poster Presentation,"38. Novel technologies, techniques and digital analytical tools in hematology",machine learning; image analysis,yes,"Retained after lexical screening and relevance check for explicit AI, machine-learning, image-analysis, language-model, or comparable method framing.",https://library.ehaweb.org/eha/2026/eha-2026/4207312/henri.sundquist.scaling.cytomorphological.analysis.an.unsupervised.approach.to.html?f=menu%3D6%2Abrowseby%3D8%2Asortby%3D6%2Amedia%3D3%2Ace_id%3D2934%2Aot_id%3D115612%2Amarker%3D6766
4207315,PF1427,EHA-1922,PREDICTION OF SF3B1 MUTATION FROM DIGITIZED BONE MARROW ASPIRATION SMEARS OF MYELODYSPLASTIC SYNDROMES USING SUPERVISED MACHINE LEARNING,Poster Presentation,"38. Novel technologies, techniques and digital analytical tools in hematology",artificial intelligence; machine learning; foundation model; classifier; gradient boosting,yes,"Retained after lexical screening and relevance check for explicit AI, machine-learning, image-analysis, language-model, or comparable method framing.",https://library.ehaweb.org/eha/2026/eha-2026/4207315/theerin.lanamtieng.prediction.of.sf3b1.mutation.from.digitized.bone.marrow.html?f=menu%3D6%2Abrowseby%3D8%2Asortby%3D6%2Amedia%3D3%2Ace_id%3D2934%2Aot_id%3D115612%2Amarker%3D6766
4207318,PF1430,EHA-6589,DATA DRIVEN CLINICAL-GENOMIC UNSUPERVISED CLUSTERING IDENTIFIES PROGNOSTIC AML SUBTYPES,Poster Presentation,"38. Novel technologies, techniques and digital analytical tools in hematology",artificial intelligence; machine learning,yes,"Retained after lexical screening and relevance check for explicit AI, machine-learning, image-analysis, language-model, or comparable method framing.",https://library.ehaweb.org/eha/2026/eha-2026/4207318/hadil.zureigat.data.drivenclinical-genomic.unsupervised.clustering.identifies.html?f=menu%3D6%2Abrowseby%3D8%2Asortby%3D6%2Amedia%3D3%2Ace_id%3D2934%2Aot_id%3D115612%2Amarker%3D6766
4207319,PF1431,EHA-2258,"SAME AI, DIFFERENT DOCTORS: EXPERTISE DETERMINES RESPONSE TO TREATMENT RECOMMENDATIONS IN LYMPHOMA",Poster Presentation,"38. Novel technologies, techniques and digital analytical tools in hematology",artificial intelligence; AI; large language model,yes,"Retained after lexical screening and relevance check for explicit AI, machine-learning, image-analysis, language-model, or comparable method framing.",https://library.ehaweb.org/eha/2026/eha-2026/4207319/francesco.malaspina.same.ai.different.doctors.expertise.determines.response.to.html?f=menu%3D6%2Abrowseby%3D8%2Asortby%3D6%2Amedia%3D3%2Ace_id%3D2934%2Aot_id%3D115612%2Amarker%3D6766
4207320,PF1432,EHA-3232,AN INTEGRATED COMPUTATIONAL AND SINGLE-CELL SCREENING WORKFLOW FOR RAPID GENERATION OF NOVEL CAR CONSTRUCTS,Poster Presentation,"38. Novel technologies, techniques and digital analytical tools in hematology",artificial intelligence; AI-framed method; AI,yes,"Retained after lexical screening and relevance check for explicit AI, machine-learning, image-analysis, language-model, or comparable method framing.",https://library.ehaweb.org/eha/2026/eha-2026/4207320/alexandra.mayr.an.integrated.computational.and.single-cell.screening.workflow.html?f=menu%3D6%2Abrowseby%3D8%2Asortby%3D6%2Amedia%3D3%2Ace_id%3D2934%2Aot_id%3D115612%2Amarker%3D6766
4207322,PF1434,EHA-5275,FLUX2TARGET: TOOLKIT FOR EXPLORATION OF METABOLIC ACTIVITY PATTERNS AT BULK AND SINGLE CELL LEVEL IN LEUKEMIA,Poster Presentation,"38. Novel technologies, techniques and digital analytical tools in hematology",artificial intelligence; AI,yes,"Retained after lexical screening and relevance check for explicit AI, machine-learning, image-analysis, language-model, or comparable method framing.",https://library.ehaweb.org/eha/2026/eha-2026/4207322/buddika.jayasingha.flux2target.toolkit.for.exploration.of.metabolic.activity.html?f=menu%3D6%2Abrowseby%3D8%2Asortby%3D6%2Amedia%3D3%2Ace_id%3D2934%2Aot_id%3D115612%2Amarker%3D6766
4207329,PF341,EHA-5664,INTEGRATED MULTI-OMIC PROFILING OF MRD IDENTIFIES PLASTICITY-DRIVEN RESISTANCE PROGRAMS IN B-ALL,Poster Presentation,01. Acute lymphoblastic leukemia - Biology & translational research,machine learning; classifier,yes,"Retained after lexical screening and relevance check for explicit AI, machine-learning, image-analysis, language-model, or comparable method framing.",https://library.ehaweb.org/eha/2026/eha-2026/4207329/jolanda.sarno.integrated.multi-omic.profiling.of.mrd.identifies.html?f=menu%3D6%2Abrowseby%3D8%2Asortby%3D6%2Amedia%3D3%2Ace_id%3D2934%2Aot_id%3D115579%2Amarker%3D6766
4207356,PF368,EHA-3857,FUNCTIONAL STUDY OF CIRCRNAS WITH ECTOPIC EXPRESSION IN T-ALL AND CIRCRNA-DRIVEN T-ALL SUBTYPE CLASSIFICATION,Poster Presentation,01. Acute lymphoblastic leukemia - Biology & translational research,machine learning; classifier,yes,"Retained after lexical screening and relevance check for explicit AI, machine-learning, image-analysis, language-model, or comparable method framing.",https://library.ehaweb.org/eha/2026/eha-2026/4207356/stefania.bortoluzzi.functional.study.of.circrnas.with.ectopic.expression.in.html?f=menu%3D6%2Abrowseby%3D8%2Asortby%3D6%2Amedia%3D3%2Ace_id%3D2934%2Aot_id%3D115579%2Amarker%3D6766
4207399,PF411,EHA-1300,RESNET TO THE RESCUE: AN AUTOMATED APPROACH FOR THE DETECTION OF MEASURABLE RESIDUAL DISEASE IN PATIENTS WITH ACUTE MYELOID LEUKEMIA,Poster Presentation,03. Acute myeloid leukemia - Biology & translational research,artificial intelligence; machine learning; image analysis; automated diagnosis,yes,"Retained after lexical screening and relevance check for explicit AI, machine-learning, image-analysis, language-model, or comparable method framing.",https://library.ehaweb.org/eha/2026/eha-2026/4207399/maximilian.roehnert.resnet.to.the.rescue.an.automated.approach.for.the.html?f=menu%3D6%2Abrowseby%3D8%2Asortby%3D6%2Amedia%3D3%2Ace_id%3D2934%2Aot_id%3D115580%2Amarker%3D6766
4207439,PF451,EHA-1365,LIPID METABOLIC REWIRING DRIVES VENETOCLAX RESISTANCE IN ACUTE MYELOID LEUKEMIABEYOND BCL2 DEPENDENCY,Poster Presentation,03. Acute myeloid leukemia - Biology & translational research,machine learning; random forest,yes,"Retained after lexical screening and relevance check for explicit AI, machine-learning, image-analysis, language-model, or comparable method framing.",https://library.ehaweb.org/eha/2026/eha-2026/4207439/giulia.ciotti.lipid.metabolic.rewiring.drives.venetoclax.resistance.in.acute.html?f=menu%3D6%2Abrowseby%3D8%2Asortby%3D6%2Amedia%3D3%2Ace_id%3D2934%2Aot_id%3D115580%2Amarker%3D6766
4207467,PF479,EHA-3072,HIGH PTP4A3 EXPRESSION IS ASSOCIATED WITH ADVERSE PROGNOSIS AND PRO-LEUKEMOGENIC SIGNALING PATHWAYS IN ACUTE MYELOID LEUKEMIA,Poster Presentation,03. Acute myeloid leukemia - Biology & translational research,machine learning,yes,"Retained after lexical screening and relevance check for explicit AI, machine-learning, image-analysis, language-model, or comparable method framing.",https://library.ehaweb.org/eha/2026/eha-2026/4207467/juan.luiz.coelho-silva.high.ptp4a3.expression.is.associated.with.adverse.html?f=menu%3D6%2Abrowseby%3D8%2Asortby%3D6%2Amedia%3D3%2Ace_id%3D2934%2Aot_id%3D115580%2Amarker%3D6766
4207470,PF482,EHA-5123,LACTATE REGULATORY GENE LSP1 LEADING TO BCL-2 INHIBITOR RESISTANCE THROUGH DUAL EFFECTS BY PROMOTING AML CELL INVASION AND IMMUNE ESCAPE,Poster Presentation,03. Acute myeloid leukemia - Biology & translational research,machine learning; support vector machine,yes,"Retained after lexical screening and relevance check for explicit AI, machine-learning, image-analysis, language-model, or comparable method framing.",https://library.ehaweb.org/eha/2026/eha-2026/4207470/zhibo.guo.lactate.regulatory.gene.lsp1.leading.to.bcl-2.inhibitor.resistance.html?f=menu%3D6%2Abrowseby%3D8%2Asortby%3D6%2Amedia%3D3%2Ace_id%3D2934%2Aot_id%3D115580%2Amarker%3D6766
4207472,PF484,EHA-4328,COMPUTATIONAL ASSESSMENT OF CD34+CD38- ACUTE MYELOID LEUKEMIA STEM CELL FREQUENCY AT DIAGNOSIS,Poster Presentation,03. Acute myeloid leukemia - Biology & translational research,machine learning; classifier,yes,"Retained after lexical screening and relevance check for explicit AI, machine-learning, image-analysis, language-model, or comparable method framing.",https://library.ehaweb.org/eha/2026/eha-2026/4207472/felix.zwolle.computational.assessment.of.cd342Bcd38-.acute.myeloid.leukemia.html?f=menu%3D6%2Abrowseby%3D8%2Asortby%3D6%2Amedia%3D3%2Ace_id%3D2934%2Aot_id%3D115580%2Amarker%3D6766
4207479,PF491,EHA-5077,NOVEL RANDOM SURVIVAL FOREST MODEL FOR PRECISION RISK STRATIFICATION IN NPM1-MUTATED ACUTE MYELOID LEUKEMIA,Poster Presentation,04. Acute myeloid leukemia - Clinical,machine learning,yes,"Retained after lexical screening and relevance check for explicit AI, machine-learning, image-analysis, language-model, or comparable method framing.",https://library.ehaweb.org/eha/2026/eha-2026/4207479/yiyi.yao.novel.random.survival.forest.model.for.precision.risk.stratification.html?f=menu%3D6%2Abrowseby%3D8%2Asortby%3D6%2Amedia%3D3%2Ace_id%3D2934%2Aot_id%3D115581%2Amarker%3D6766
4207521,PF533,EHA-6978,AUTOMATIC AND EXPLAINABLE ANALYSIS OF BONE MARROW SMEARS USING MACHINE LEARNING METHODS : AN INNOVATIVE MODEL FOR THE DIAGNOSIS OF ACUTE MYELOID LEUKEMIA,Poster Presentation,04. Acute myeloid leukemia - Clinical,machine learning; deep learning,yes,"Retained after lexical screening and relevance check for explicit AI, machine-learning, image-analysis, language-model, or comparable method framing.",https://library.ehaweb.org/eha/2026/eha-2026/4207521/jules.morata.automatic.and.explainable.analysis.of.bone.marrow.smears.using.html?f=menu%3D6%2Abrowseby%3D8%2Asortby%3D6%2Amedia%3D3%2Ace_id%3D2934%2Aot_id%3D115581%2Amarker%3D6766
4207533,PF545,EHA-2789,PROOF-OF-CONCEPT: DEEP LEARNING-BASED PREDICTION OF MEASURABLE RESIDUAL DISEASE IN ACUTE MYELOID LEUKEMIA WITHOUT REFERENCE VALUES,Poster Presentation,04. Acute myeloid leukemia - Clinical,machine learning; deep learning; random forest,yes,"Retained after lexical screening and relevance check for explicit AI, machine-learning, image-analysis, language-model, or comparable method framing.",https://library.ehaweb.org/eha/2026/eha-2026/4207533/maximilian.roehnert.proof-of-concept.deep.learning-based.prediction.of.html?f=menu%3D6%2Abrowseby%3D8%2Asortby%3D6%2Amedia%3D3%2Ace_id%3D2934%2Aot_id%3D115581%2Amarker%3D6766
4207563,PF575,EHA-4756,3D CLL SPHEROID MODEL RECAPITULATES LYMPH NODE PHENOTYPES AND IN VIVO RESPONSES TO IBRUTINIB; A SINGLE-CELL CHARACTERIZATION,Poster Presentation,05. Chronic lymphocytic leukemia and related disorders - Biology & translational research,AI-framed method; AI,yes,"Retained after lexical screening and relevance check for explicit AI, machine-learning, image-analysis, language-model, or comparable method framing.",https://library.ehaweb.org/eha/2026/eha-2026/4207563/eric.eldering.3d.cll.spheroid.model.recapitulates.lymph.node.phenotypes.and.in.html?f=menu%3D6%2Abrowseby%3D8%2Asortby%3D6%2Amedia%3D3%2Ace_id%3D2934%2Aot_id%3D115582%2Amarker%3D6766
4207591,PF603,EHA-4587,A PRE-TREATMENT PROGNOSTIC SCORE FOR HAIRY CELL LEUKEMIA TREATED WITH 2CDA: DEVELOPMENT AND INTERNAL VALIDATION IN A MULTICENTRIC COHORT OF 513 PATIENTS,Poster Presentation,06. Chronic lymphocytic leukemia and related disorders - Clinical,machine learning,yes,"Retained after lexical screening and relevance check for explicit AI, machine-learning, image-analysis, language-model, or comparable method framing.",https://library.ehaweb.org/eha/2026/eha-2026/4207591/francesco.angotzi.a.pre-treatment.prognostic.score.for.hairy.cell.leukemia.html?f=menu%3D6%2Abrowseby%3D8%2Asortby%3D6%2Amedia%3D3%2Ace_id%3D2934%2Aot_id%3D115583%2Amarker%3D6766
4207637,PF649,EHA-6137,DIVERGENT ROLES OF STAT3 AND STAT5 IN LEUKEMIC TRANSFORMATION,Poster Presentation,09. Myelodysplastic syndromes - Biology & translational research,machine learning,yes,"Retained after lexical screening and relevance check for explicit AI, machine-learning, image-analysis, language-model, or comparable method framing.",https://library.ehaweb.org/eha/2026/eha-2026/4207637/eleni.katsantoni.divergent.roles.of.stat3.and.stat5.in.leukemic.transformation.html?f=menu%3D6%2Abrowseby%3D8%2Asortby%3D6%2Amedia%3D3%2Ace_id%3D2934%2Aot_id%3D115586%2Amarker%3D6766
4207645,PF657,EHA-3265,LARGE-SCALE MULTI-PHENOTYPE WHOLE SLIDE IMAGING ANALYSIS UNCOVERS SPATIAL NICHE ARCHETYPES ALONG THE MDS/AML CONTINUUM,Poster Presentation,09. Myelodysplastic syndromes - Biology & translational research,image analysis,yes,"Retained after lexical screening and relevance check for explicit AI, machine-learning, image-analysis, language-model, or comparable method framing.",https://library.ehaweb.org/eha/2026/eha-2026/4207645/mischa.selig.large-scale.multi-phenotype.whole.slide.imaging.analysis.uncovers.html?f=menu%3D6%2Abrowseby%3D8%2Asortby%3D6%2Amedia%3D3%2Ace_id%3D2934%2Aot_id%3D115586%2Amarker%3D6766
4207704,PF716,EHA-1377,REPROGRAMMING BCMA-TARGETED CAR-T CELLS THROUGH GAMMA-SECRETASE MODULATION BLOCKS ANTIGEN SHEDDING AND EXTENDS CAR-T LONGEVITY,Poster Presentation,13. Myeloma and other monoclonal gammopathies - Biology & translational research,AI-framed method; AI,yes,"Retained after lexical screening and relevance check for explicit AI, machine-learning, image-analysis, language-model, or comparable method framing.",https://library.ehaweb.org/eha/2026/eha-2026/4207704/sheetal.sharma.reprogramming.bcma-targeted.car-t.cells.through.gamma-secretase.html?f=menu%3D6%2Abrowseby%3D8%2Asortby%3D6%2Amedia%3D3%2Ace_id%3D2934%2Aot_id%3D115590%2Amarker%3D6766
4207726,PF738,EHA-6826,T CELL MORPHOLOGY PREDICTS OUTCOME IN MULTIPLE MYELOMA USING HIGH-CONTENT IMAGING,Poster Presentation,13. Myeloma and other monoclonal gammopathies - Biology & translational research,image analysis,yes,"Retained after lexical screening and relevance check for explicit AI, machine-learning, image-analysis, language-model, or comparable method framing.",https://library.ehaweb.org/eha/2026/eha-2026/4207726/frederik.herzberg.t.cell.morphology.predicts.outcome.in.multiple.myeloma.using.html?f=menu%3D6%2Abrowseby%3D8%2Asortby%3D6%2Amedia%3D3%2Ace_id%3D2934%2Aot_id%3D115590%2Amarker%3D6766
4207756,PF768,EHA-4466,VALIDATION OF A MYELOMA ELDERLY PROGNOSTIC SCORE (MEPS) BASED ON FRAILTY AND HIGH-RISK CYTOGENETICS IN TRANSPLANT INELIGIBLE PATIENTS: A COLLABORATION OF THE GREEK AND PORTUGUESE MYELOMA STUDY GROUPS,Poster Presentation,14. Myeloma and other monoclonal gammopathies - Clinical,machine learning,yes,"Retained after lexical screening and relevance check for explicit AI, machine-learning, image-analysis, language-model, or comparable method framing.",https://library.ehaweb.org/eha/2026/eha-2026/4207756/eirini.katodritou.validation.of.a.myeloma.elderly.prognostic.score.28meps29.html?f=menu%3D6%2Abrowseby%3D8%2Asortby%3D6%2Amedia%3D3%2Ace_id%3D2934%2Aot_id%3D115575%2Amarker%3D6766
4207863,PF875,EHA-3009,MEGACALR IHC: AI-DRIVEN QUANTIFICATION OF MUTANT CALR EXPRESSION IN MEGAKARYOCYTES,Poster Presentation,15. Myeloproliferative neoplasms - Biology & translational research,artificial intelligence; AI-framed method; AI; deep learning,yes,"Retained after lexical screening and relevance check for explicit AI, machine-learning, image-analysis, language-model, or comparable method framing.",https://library.ehaweb.org/eha/2026/eha-2026/4207863/thomas.fletcher.megacalr.ihc.ai-driven.quantification.of.mutant.calr.html?f=menu%3D6%2Abrowseby%3D8%2Asortby%3D6%2Amedia%3D3%2Ace_id%3D2934%2Aot_id%3D115591%2Amarker%3D6766
4207875,PF887,EHA-2364,A NOVEL MACHINE LEARNING-BASED APPROACH IN 1206 PATIENTS RELIABLY DIFFERENTIATES CLONAL FROM NON-CLONAL EOSINOPHILIA: THE EOSINOPHILIA DIFFERENTIATION SCORE (EDS),Poster Presentation,16. Myeloproliferative neoplasms - Clinical,machine learning; random forest,yes,"Retained after lexical screening and relevance check for explicit AI, machine-learning, image-analysis, language-model, or comparable method framing.",https://library.ehaweb.org/eha/2026/eha-2026/4207875/johannes.lbke.a.novel.machine.learning-based.approach.in.1206.patients.html?f=menu%3D6%2Abrowseby%3D8%2Asortby%3D6%2Amedia%3D3%2Ace_id%3D2934%2Aot_id%3D115592%2Amarker%3D6766
4207883,PF895,EHA-4313,BIOMETRIC DATA SHOWS GREATER ALIGNMENT WITH HAEMATOLOGIC RESULTS THAN SYMPTOM BURDEN IN PATIENTS WITH MYELOPROLIFERATIVE NEOPLASMS – UPDATES FROM THE MYMPNVOICE PATIENT APP,Poster Presentation,16. Myeloproliferative neoplasms - Clinical,artificial intelligence; machine learning; large language model,yes,"Retained after lexical screening and relevance check for explicit AI, machine-learning, image-analysis, language-model, or comparable method framing.",https://library.ehaweb.org/eha/2026/eha-2026/4207883/patrick.harrington.biometric.data.shows.greater.alignment.with.haematologic.html?f=menu%3D6%2Abrowseby%3D8%2Asortby%3D6%2Amedia%3D3%2Ace_id%3D2934%2Aot_id%3D115592%2Amarker%3D6766
4207948,PF960,EHA-2147,INTERPRETABLE MULTIMODAL PET/CT-EHR FUSION VIA MIXTURE-OF-EXPERTS FOR PROGNOSTIC STRATIFICATION IN MANTLE CELL LYMPHOMA: A MULTICENTER STUDY,Poster Presentation,18. Indolent and mantle-cell non-Hodgkin lymphoma - Clinical,machine learning; deep learning; radiomics,yes,"Retained after lexical screening and relevance check for explicit AI, machine-learning, image-analysis, language-model, or comparable method framing.",https://library.ehaweb.org/eha/2026/eha-2026/4207948/chong.jiang.interpretable.multimodal.pet.ct-ehr.fusion.via.mixture-of-experts.html?f=menu%3D6%2Abrowseby%3D8%2Asortby%3D6%2Amedia%3D3%2Ace_id%3D2934%2Aot_id%3D115594%2Amarker%3D6766
4207966,PF978,EHA-3151,"DEVELOPMENT AND VALIDATION OF CAR-IPI, A MACHINE LEARNING–DERIVED PROGNOSTIC SCORE FOR RELAPSED/REFRACTORY LARGE B-CELL LYMPHOMA TREATED WITH ANTI-CD19 CAR T CELLS",Poster Presentation,19. Large B cell lymphomas - Clinical,machine learning; support vector machine,yes,"Retained after lexical screening and relevance check for explicit AI, machine-learning, image-analysis, language-model, or comparable method framing.",https://library.ehaweb.org/eha/2026/eha-2026/4207966/emmanuel.bachy.development.and.validation.of.car-ipi.a.machine.learningderived.html?f=menu%3D6%2Abrowseby%3D8%2Asortby%3D6%2Amedia%3D3%2Ace_id%3D2934%2Aot_id%3D115576%2Amarker%3D6766
4208005,PS1452,EHA-3678,EPITP - AN EPIGENETIC BIOMARKER OF EARLY T-CELL PRECURSOR ACUTE LYMPHOBLASTIC LEUKEMIA,Poster Presentation,01. Acute lymphoblastic leukemia - Biology & translational research,machine learning; classifier,yes,"Retained after lexical screening and relevance check for explicit AI, machine-learning, image-analysis, language-model, or comparable method framing.",https://library.ehaweb.org/eha/2026/eha-2026/4208005/fernanda.schfer.hackenhaar.epitp.-.an.epigenetic.biomarker.of.early.t-cell.html?f=menu%3D6%2Abrowseby%3D8%2Asortby%3D6%2Amedia%3D3%2Ace_id%3D2934%2Aot_id%3D115579%2Amarker%3D6766
4208019,PS1466,EHA-2361,IGH::ID4-REARRANGEMENTS ARE THE MOST FREQUENT DRIVER ABERRATIONS OF ADULT PAX5ALT B-ALL AND DEFINE A DISTINCT MOLECULAR ENTITY,Poster Presentation,01. Acute lymphoblastic leukemia - Biology & translational research,machine learning; classifier,yes,"Retained after lexical screening and relevance check for explicit AI, machine-learning, image-analysis, language-model, or comparable method framing.",https://library.ehaweb.org/eha/2026/eha-2026/4208019/sonja.bendig.igh.id4-rearrangements.are.the.most.frequent.driver.aberrations.html?f=menu%3D6%2Abrowseby%3D8%2Asortby%3D6%2Amedia%3D3%2Ace_id%3D2934%2Aot_id%3D115579%2Amarker%3D6766
4208067,PS1514,EHA-3631,MULTI-OMICS CLASSIFICATION OF ACUTE MYELOID LEUKEMIA GUIDES DRUG COMBINATIONS TO OVERCOME VENETOCLAX RESISTANCE,Poster Presentation,03. Acute myeloid leukemia - Biology & translational research,artificial intelligence,yes,"Retained after lexical screening and relevance check for explicit AI, machine-learning, image-analysis, language-model, or comparable method framing.",https://library.ehaweb.org/eha/2026/eha-2026/4208067/runyu.yang.multi-omics.classification.of.acute.myeloid.leukemia.guides.drug.html?f=menu%3D6%2Abrowseby%3D8%2Asortby%3D6%2Amedia%3D3%2Ace_id%3D2934%2Aot_id%3D115580%2Amarker%3D6766
4208071,PS1518,EHA-4062,OVERCOMING THE UNDRUGGABLE: AN AI-DRIVEN DESIGN PEPTIDE INHIBITOR TARGETING THE TBK1-OPTN INTERACTION SUPPRESSES AML AND REVERSES VENETOCLAX RESISTANCE,Poster Presentation,03. Acute myeloid leukemia - Biology & translational research,artificial intelligence; AI-framed method; AI; deep learning,yes,"Retained after lexical screening and relevance check for explicit AI, machine-learning, image-analysis, language-model, or comparable method framing.",https://library.ehaweb.org/eha/2026/eha-2026/4208071/fan.niu.overcoming.the.undruggable.an.ai-driven.design.peptide.inhibitor.html?f=menu%3D6%2Abrowseby%3D8%2Asortby%3D6%2Amedia%3D3%2Ace_id%3D2934%2Aot_id%3D115580%2Amarker%3D6766
4208091,PS1538,EHA-2738,TRANSCRIPTIONAL REWIRING TO A MONOCYTIC STATE REVEALS THERAPEUTIC VULNERABILITIES IN MENIN INHIBITOR RESISTANCE AML,Poster Presentation,03. Acute myeloid leukemia - Biology & translational research,large language model,yes,"Retained after lexical screening and relevance check for explicit AI, machine-learning, image-analysis, language-model, or comparable method framing.",https://library.ehaweb.org/eha/2026/eha-2026/4208091/lanpeng.chen.transcriptional.rewiring.to.a.monocytic.state.reveals.therapeutic.html?f=menu%3D6%2Abrowseby%3D8%2Asortby%3D6%2Amedia%3D3%2Ace_id%3D2934%2Aot_id%3D115580%2Amarker%3D6766
4208093,PS1540,EHA-4714,AGE-DRIVEN REMODELLING OF THE TRANSCRIPTOMIC CELL-CELL INTERACTION LANDSCAPE IN THE BONE MARROW NICHE OF TP53-AML PATIENTS,Poster Presentation,03. Acute myeloid leukemia - Biology & translational research,random forest,yes,"Retained after lexical screening and relevance check for explicit AI, machine-learning, image-analysis, language-model, or comparable method framing.",https://library.ehaweb.org/eha/2026/eha-2026/4208093/rebecca.andersson.age-driven.remodelling.of.the.transcriptomic.cell-cell.html?f=menu%3D6%2Abrowseby%3D8%2Asortby%3D6%2Amedia%3D3%2Ace_id%3D2934%2Aot_id%3D115580%2Amarker%3D6766
4208107,PS1555,EHA-3946,DEVELOPMENT AND VALIDATION OF AN RWD-BASED MACHINE LEARNING MODEL PREDICTING FEBRILE NEUTROPENIA WITH DAY-LEVEL ACCURACY IN PATIENTS WITH NEWLY DIAGNOSED AML UNDERGOING INTENSIVE CHEMOTHERAPY,Poster Presentation,03. Acute myeloid leukemia - Biology & translational research,machine learning; gradient boosting; algorithmic prediction,yes,"Retained after lexical screening and relevance check for explicit AI, machine-learning, image-analysis, language-model, or comparable method framing.",https://library.ehaweb.org/eha/2026/eha-2026/4208107/anna.mervaala-muroke.development.and.validation.of.an.rwd-based.machine.html?f=menu%3D6%2Abrowseby%3D8%2Asortby%3D6%2Amedia%3D3%2Ace_id%3D2934%2Aot_id%3D115580%2Amarker%3D6766
4208133,PS1581,EHA-5996,A MULTI-OMICS PLASMACYTOID DENDRITIC CELL SIGNATURE PREDICTS PROGNOSIS AND REFINES RISK STRATIFICATION IN ACUTE MYELOID LEUKEMIA,Poster Presentation,03. Acute myeloid leukemia - Biology & translational research,machine learning; predictive model,yes,"Retained after lexical screening and relevance check for explicit AI, machine-learning, image-analysis, language-model, or comparable method framing.",https://library.ehaweb.org/eha/2026/eha-2026/4208133/xuan.wen.a.multi-omics.plasmacytoid.dendritic.cell.signaturepredicts.prognosis.html?f=menu%3D6%2Abrowseby%3D8%2Asortby%3D6%2Amedia%3D3%2Ace_id%3D2934%2Aot_id%3D115580%2Amarker%3D6766
4208152,PS1600,EHA-1567,BEYOND BCL-2: QUANTITATIVE BCL-XL/MCL-1 AND BH3 PROTEIN PROFILING IDENTIFIES VENETOCLAX RESISTANCE IN ELDERLY AML PATIENTS,Poster Presentation,04. Acute myeloid leukemia - Clinical,digital pathology,yes,"Retained after lexical screening and relevance check for explicit AI, machine-learning, image-analysis, language-model, or comparable method framing.",https://library.ehaweb.org/eha/2026/eha-2026/4208152/chia-jen.liu.beyond.bcl-2.quantitative.bcl-xl.mcl-1.and.bh3.protein.profiling.html?f=menu%3D6%2Abrowseby%3D8%2Asortby%3D6%2Amedia%3D3%2Ace_id%3D2934%2Aot_id%3D115581%2Amarker%3D6766
4208178,PS1626,EHA-5991,LARGE LANGUAGE MODEL-ENHANCED CLINICAL RECORD ANNOTATION SUPPORTS RISK STRATIFICATION AND OUTCOME ANALYSES FOR AML PATIENTS TREATED WITH VENETOCLAX/AZACITIDINE FRONTLINE THERAPY,Poster Presentation,04. Acute myeloid leukemia - Clinical,artificial intelligence; AI-framed method; AI; large language model,yes,"Retained after lexical screening and relevance check for explicit AI, machine-learning, image-analysis, language-model, or comparable method framing.",https://library.ehaweb.org/eha/2026/eha-2026/4208178/xin.wang.large.language.model-enhanced.clinical.record.annotation.supports.html?f=menu%3D6%2Abrowseby%3D8%2Asortby%3D6%2Amedia%3D3%2Ace_id%3D2934%2Aot_id%3D115581%2Amarker%3D6766
4208254,PS1702,EHA-3110,UNDETECTABLE MINIMAL RESIDUAL DISEASE AND SURVIVAL ASSOCIATION IN OVER 4000 FIRST-LINE CHRONIC LYMPHOCYTIC LEUKEMIA PATIENTS: ARTIFICIAL INTELLIGENCE–ASSISTED PATIENT-LEVEL PATIENT ANALYSES,Poster Presentation,06. Chronic lymphocytic leukemia and related disorders - Clinical,artificial intelligence; AI,yes,"Retained after lexical screening and relevance check for explicit AI, machine-learning, image-analysis, language-model, or comparable method framing.",https://library.ehaweb.org/eha/2026/eha-2026/4208254/anthony.mato.undetectable.minimal.residual.disease.and.survival.association.in.html?f=menu%3D6%2Abrowseby%3D8%2Asortby%3D6%2Amedia%3D3%2Ace_id%3D2934%2Aot_id%3D115583%2Amarker%3D6766
4208271,PS1719,EHA-2441,MORPHOLOGY-BASED CELL SORTING USING AI-DRIVEN GHOST CYTOMETRY COMBINED WITH SINGLE-CELL RNA SEQUENCING REVEALS POTENTIAL THERAPEUTIC TARGETS IN CML LEUKEMIC STEM CELLS,Poster Presentation,07. Chronic myeloid leukemia - Biology & translational research,artificial intelligence; AI-framed method; AI,yes,"Retained after lexical screening and relevance check for explicit AI, machine-learning, image-analysis, language-model, or comparable method framing.",https://library.ehaweb.org/eha/2026/eha-2026/4208271/tomoiku.takaku.morphology-based.cell.sorting.using.ai-driven.ghost.cytometry.html?f=menu%3D6%2Abrowseby%3D8%2Asortby%3D6%2Amedia%3D3%2Ace_id%3D2934%2Aot_id%3D115584%2Amarker%3D6766
4208272,PS1720,EHA-1941,CITE-SEQ RESOLVES THE LEUKEMIC STEM CELL HIERARCHY AND IMMUNE MICROENVIRONMENT IN CML DISEASE PROGRESSION VIA MACHINE LEARNING MODELS,Poster Presentation,07. Chronic myeloid leukemia - Biology & translational research,machine learning; classifier; random forest,yes,"Retained after lexical screening and relevance check for explicit AI, machine-learning, image-analysis, language-model, or comparable method framing.",https://library.ehaweb.org/eha/2026/eha-2026/4208272/kristina.kirschner.cite-seq.resolves.the.leukemic.stem.cell.hierarchy.and.html?f=menu%3D6%2Abrowseby%3D8%2Asortby%3D6%2Amedia%3D3%2Ace_id%3D2934%2Aot_id%3D115584%2Amarker%3D6766
4208281,PS1729,EHA-4015,RISK OF PERMANENT FRONTLINE DISCONTINUATION DURING THE FIRST 36 MONTHS OF THERAPY WITH TYROSINE KINASE INHIBITORS IN CHRONIC MYELOID LEUKEMIA: A “CAMPUS CML” STUDY WITH A NEW “AD HOC” SCORE  PROPOSAL,Poster Presentation,08. Chronic myeloid leukemia - Clinical,machine learning,yes,"Retained after lexical screening and relevance check for explicit AI, machine-learning, image-analysis, language-model, or comparable method framing.",https://library.ehaweb.org/eha/2026/eha-2026/4208281/roberto.latagliata.risk.of.permanent.frontline.discontinuation.during.the.html?f=menu%3D6%2Abrowseby%3D8%2Asortby%3D6%2Amedia%3D3%2Ace_id%3D2934%2Aot_id%3D115585%2Amarker%3D6766
4208297,PS1745,EHA-1125,MACHINE LEARNING UNCOVERS INVARIANT EVOLUTIONARY MOLECULAR TRAJECTORIES IN MDS.,Poster Presentation,09. Myelodysplastic syndromes - Biology & translational research,artificial intelligence; machine learning,yes,"Retained after lexical screening and relevance check for explicit AI, machine-learning, image-analysis, language-model, or comparable method framing.",https://library.ehaweb.org/eha/2026/eha-2026/4208297/matteo.d.addona.machine.learning.uncovers.invariant.evolutionary.molecular.html?f=menu%3D6%2Abrowseby%3D8%2Asortby%3D6%2Amedia%3D3%2Ace_id%3D2934%2Aot_id%3D115586%2Amarker%3D6766
4208310,PS1758,EHA-5542,VEXAS PROGNOSTIC SCORE: PERSONALIZED MACHINE LEARNING DERIVED RISK STRATIFICATION MODEL,Poster Presentation,10. Myelodysplastic syndromes - Clinical,artificial intelligence; machine learning; gradient boosting,yes,"Retained after lexical screening and relevance check for explicit AI, machine-learning, image-analysis, language-model, or comparable method framing.",https://library.ehaweb.org/eha/2026/eha-2026/4208310/tariq.kewan.vexas.prognostic.score.personalized.machine.learning.derived.risk.html?f=menu%3D6%2Abrowseby%3D8%2Asortby%3D6%2Amedia%3D3%2Ace_id%3D2934%2Aot_id%3D115587%2Amarker%3D6766
4208418,PS1867,EHA-6932,DISTINCT MUTATIONAL NETWORK ARCHITECTURE DRIVES RACIAL GENOMIC DISPARITIES IN MULTIPLE MYELOMA RATHER THAN INDIVIDUAL MUTATIONS,Poster Presentation,14. Myeloma and other monoclonal gammopathies - Clinical,artificial intelligence,yes,"Retained after lexical screening and relevance check for explicit AI, machine-learning, image-analysis, language-model, or comparable method framing.",https://library.ehaweb.org/eha/2026/eha-2026/4208418/amin.turki.distinct.mutational.network.architecture.drives.racial.genomic.html?f=menu%3D6%2Abrowseby%3D8%2Asortby%3D6%2Amedia%3D3%2Ace_id%3D2934%2Aot_id%3D115575%2Amarker%3D6766
4208430,PS1879,EHA-3531,"A REAL-WORLD STAGING SYSTEM FOR MYELOMA INTEGRATING AGE, PS, RENAL FUNCTION AND THE NEW HIGH-RISK IMS/IMWG SYSTEM OUTPERFORMS EXISTING MODELS: A MACHINE LEARNING STUDY BY THE GREEK MYELOMA STUDY GROUP",Poster Presentation,14. Myeloma and other monoclonal gammopathies - Clinical,machine learning,yes,"Retained after lexical screening and relevance check for explicit AI, machine-learning, image-analysis, language-model, or comparable method framing.",https://library.ehaweb.org/eha/2026/eha-2026/4208430/eirini.katodritou.a.real-world.staging.system.for.myeloma.integrating.age.ps.html?f=menu%3D6%2Abrowseby%3D8%2Asortby%3D6%2Amedia%3D3%2Ace_id%3D2934%2Aot_id%3D115575%2Amarker%3D6766
4208454,PS1903,EHA-4916,DYNAMICS OF SARCOPENIA PARAMETERS PREDICT SURVIVAL IN OLDER PATIENTS WITH MULTIPLE MYELOMA,Poster Presentation,14. Myeloma and other monoclonal gammopathies - Clinical,machine learning,yes,"Retained after lexical screening and relevance check for explicit AI, machine-learning, image-analysis, language-model, or comparable method framing.",https://library.ehaweb.org/eha/2026/eha-2026/4208454/febe.smits.dynamics.of.sarcopenia.parameters.predict.survival.in.older.html?f=menu%3D6%2Abrowseby%3D8%2Asortby%3D6%2Amedia%3D3%2Ace_id%3D2934%2Aot_id%3D115575%2Amarker%3D6766
4208458,PS1907,EHA-4585,TWO STAGE AI UNMASKS IMMUNE DRIVEN FUNCTIONAL HIGH-RISK IN CYTOGENETIC STANDARD RISK MYELOMA: GUIDING DARATUMUMAB AND ASCT THERAPY,Poster Presentation,14. Myeloma and other monoclonal gammopathies - Clinical,artificial intelligence; AI-framed method; AI; foundation model,yes,"Retained after lexical screening and relevance check for explicit AI, machine-learning, image-analysis, language-model, or comparable method framing.",https://library.ehaweb.org/eha/2026/eha-2026/4208458/c.ola.landgren.two.stage.ai.unmasks.immune.driven.functional.high-risk.in.html?f=menu%3D6%2Abrowseby%3D8%2Asortby%3D6%2Amedia%3D3%2Ace_id%3D2934%2Aot_id%3D115575%2Amarker%3D6766
4208472,PS1921,EHA-4785,AI-BASED MODEL FOR IDENTIFICATION FUNCTIONAL HIGH-RISK MULTIPLE MYELOMA,Poster Presentation,14. Myeloma and other monoclonal gammopathies - Clinical,AI-framed method; AI; machine learning; random forest,yes,"Retained after lexical screening and relevance check for explicit AI, machine-learning, image-analysis, language-model, or comparable method framing.",https://library.ehaweb.org/eha/2026/eha-2026/4208472/sonia.more.ai-based.model.for.identification.functional.high-risk.multiple.html?f=menu%3D6%2Abrowseby%3D8%2Asortby%3D6%2Amedia%3D3%2Ace_id%3D2934%2Aot_id%3D115575%2Amarker%3D6766
4208512,PS1961,EHA-4665,AI-QUANTIFIED BONE MARROW FIBROSIS AND MEGAKARYOCYTE FEATURES CORRELATE WITH DRIVER VAF AND OUTCOMES IN THE MOST MPN STUDY,Poster Presentation,15. Myeloproliferative neoplasms - Biology & translational research,artificial intelligence; AI-framed method; AI; digital pathology,yes,"Retained after lexical screening and relevance check for explicit AI, machine-learning, image-analysis, language-model, or comparable method framing.",https://library.ehaweb.org/eha/2026/eha-2026/4208512/len.brandes.ai-quantified.bone.marrow.fibrosis.and.megakaryocyte.features.html?f=menu%3D6%2Abrowseby%3D8%2Asortby%3D6%2Amedia%3D3%2Ace_id%3D2934%2Aot_id%3D115591%2Amarker%3D6766
4208519,PS1968,EHA-3299,MACHINE LEARNING-DERIVED CIRCULATING INFLAMMATORY PROTEIN SIGNATURE FOR RISK STRATIFICATION IN SYSTEMIC MASTOCYTOSIS,Poster Presentation,15. Myeloproliferative neoplasms - Biology & translational research,machine learning; classifier; random forest,yes,"Retained after lexical screening and relevance check for explicit AI, machine-learning, image-analysis, language-model, or comparable method framing.",https://library.ehaweb.org/eha/2026/eha-2026/4208519/jennifer.marvin-peek.machine.learning-derived.circulating.inflammatory.protein.html?f=menu%3D6%2Abrowseby%3D8%2Asortby%3D6%2Amedia%3D3%2Ace_id%3D2934%2Aot_id%3D115591%2Amarker%3D6766
4208529,PS1978,EHA-5710,PROTEOMIC PROFILING FOR NOVEL BIOMARKERS OF THE PROGRESSION FROM ESSENTIAL THROMBOCYTHEMIA  TO POST-ET MYELOFIBROSIS: A RETROSPECTIVE COHORT STUDY,Poster Presentation,15. Myeloproliferative neoplasms - Biology & translational research,machine learning; random forest; predictive model,yes,"Retained after lexical screening and relevance check for explicit AI, machine-learning, image-analysis, language-model, or comparable method framing.",https://library.ehaweb.org/eha/2026/eha-2026/4208529/mingyu.jin.proteomic.profiling.for.novel.biomarkers.of.the.progression.from.html?f=menu%3D6%2Abrowseby%3D8%2Asortby%3D6%2Amedia%3D3%2Ace_id%3D2934%2Aot_id%3D115591%2Amarker%3D6766
4208532,PS1981,EHA-4314,PLASMA METABOLOMIC LANDSCAPE REVEALS A PROTHROMBOTIC MICROENVIRONMENT AND PREDICTIVE BIOMARKERS IN ESSENTIAL THROMBOCYTHEMIA,Poster Presentation,15. Myeloproliferative neoplasms - Biology & translational research,machine learning; support vector machine; predictive model,yes,"Retained after lexical screening and relevance check for explicit AI, machine-learning, image-analysis, language-model, or comparable method framing.",https://library.ehaweb.org/eha/2026/eha-2026/4208532/mingyu.jin.plasma.metabolomic.landscape.reveals.a.prothrombotic.html?f=menu%3D6%2Abrowseby%3D8%2Asortby%3D6%2Amedia%3D3%2Ace_id%3D2934%2Aot_id%3D115591%2Amarker%3D6766
4208550,PS1999,EHA-4495,NOVEL MACHINE LEARNING-BASED MODEL PREDICTS PRESENCE OF ASSOCIATED HEMATOLOGIC NEOPLASMS IN ADVANCED SYSTEMIC MASTOCYTOSIS,Poster Presentation,16. Myeloproliferative neoplasms - Clinical,machine learning; random forest,yes,"Retained after lexical screening and relevance check for explicit AI, machine-learning, image-analysis, language-model, or comparable method framing.",https://library.ehaweb.org/eha/2026/eha-2026/4208550/johannes.lbke.novel.machine.learning-based.model.predicts.presence.of.html?f=menu%3D6%2Abrowseby%3D8%2Asortby%3D6%2Amedia%3D3%2Ace_id%3D2934%2Aot_id%3D115592%2Amarker%3D6766
4208574,PS2023,EHA-3423,SURFACE TUMOR EXTENSION (STE) EXTRACTED FROM BASELINE PET/CT PREDICTS LONG-TERM ABVD THERAPY OUTCOME IN ADVANCED-STAGE HODGKIN LYMPHOMA WITH A NEGATIVE INTERIM PET.,Poster Presentation,17. Hodgkin lymphoma - Clinical,radiomics,yes,"Retained after lexical screening and relevance check for explicit AI, machine-learning, image-analysis, language-model, or comparable method framing.",https://library.ehaweb.org/eha/2026/eha-2026/4208574/andrea.gallamini.surface.tumor.extension.28ste29.extracted.from.baseline.pet.ct.html?f=menu%3D6%2Abrowseby%3D8%2Asortby%3D6%2Amedia%3D3%2Ace_id%3D2934%2Aot_id%3D115593%2Amarker%3D6766
4208597,PS2046,EHA-2166,A DEEP LEARNING PET/CT BIOMARKER FOR EARLY PROGRESSION (POD24) AND SURVIVAL STRATIFICATION IN FOLLICULAR LYMPHOMA: A MULTICENTER STUDY,Poster Presentation,18. Indolent and mantle-cell non-Hodgkin lymphoma - Clinical,machine learning; deep learning; foundation model; radiomics,yes,"Retained after lexical screening and relevance check for explicit AI, machine-learning, image-analysis, language-model, or comparable method framing.",https://library.ehaweb.org/eha/2026/eha-2026/4208597/chong.jiang.a.deep.learning.pet.ct.biomarker.for.early.progression.28pod2429.and.html?f=menu%3D6%2Abrowseby%3D8%2Asortby%3D6%2Amedia%3D3%2Ace_id%3D2934%2Aot_id%3D115594%2Amarker%3D6766
4208609,PS2058,EHA-2256,MACHINE LEARNING-BASED BODY COMPOSITION ANALYSIS FOR RISK STRATIFICATION IN MANTLE CELL LYMPHOMA (MCL) WITH NEED FOR SYSTEMIC TREATMENT,Poster Presentation,18. Indolent and mantle-cell non-Hodgkin lymphoma - Clinical,artificial intelligence; machine learning,yes,"Retained after lexical screening and relevance check for explicit AI, machine-learning, image-analysis, language-model, or comparable method framing.",https://library.ehaweb.org/eha/2026/eha-2026/4208609/marie-kristin.tilch.machine.learning-based.body.composition.analysis.for.risk.html?f=menu%3D6%2Abrowseby%3D8%2Asortby%3D6%2Amedia%3D3%2Ace_id%3D2934%2Aot_id%3D115594%2Amarker%3D6766
4208677,PS2126,EHA-4474,EVALUATION AND VALIDATION OF AUTOMATED MULTIPLEXED IMMUNOFLUORESCENCE FOR CLINICAL LYMPHOMA DIAGNOSES,Poster Presentation,19. Large B cell lymphomas - Clinical,machine learning; image analysis; classifier; automated diagnosis,yes,"Retained after lexical screening and relevance check for explicit AI, machine-learning, image-analysis, language-model, or comparable method framing.",https://library.ehaweb.org/eha/2026/eha-2026/4208677/antonio.sorrentino.evaluation.andvalidation.of.automated.multiplexed.html?f=menu%3D6%2Abrowseby%3D8%2Asortby%3D6%2Amedia%3D3%2Ace_id%3D2934%2Aot_id%3D115576%2Amarker%3D6766
4208694,PS2143,EHA-2756,TUMOR HETEROGENEITY DECIPHERING FOR INTERPRETABLE EARLY WARNING OF ADVERSE THERAPY RESPONSE IN EXTRANODAL NK/T-CELL LYMPHOMA,Poster Presentation,20. Other aggressive lymphomas,radiomics; gradient boosting,yes,"Retained after lexical screening and relevance check for explicit AI, machine-learning, image-analysis, language-model, or comparable method framing.",https://library.ehaweb.org/eha/2026/eha-2026/4208694/chong.jiang.tumor.heterogeneity.deciphering.for.interpretable.early.warning.of.html?f=menu%3D6%2Abrowseby%3D8%2Asortby%3D6%2Amedia%3D3%2Ace_id%3D2934%2Aot_id%3D115596%2Amarker%3D6766
4208698,PS2147,EHA-6681,CHARACTERIZING CASTLEMAN'S DISEASE IN GERMANY: INTERIM RESULTS FROM THE ABC-CD STUDY,Poster Presentation,20. Other aggressive lymphomas,AI-framed method; AI,yes,"Retained after lexical screening and relevance check for explicit AI, machine-learning, image-analysis, language-model, or comparable method framing.",https://library.ehaweb.org/eha/2026/eha-2026/4208698/katharina.cron.characterizing.castleman.s.disease.in.germany.interim.results.html?f=menu%3D6%2Abrowseby%3D8%2Asortby%3D6%2Amedia%3D3%2Ace_id%3D2934%2Aot_id%3D115596%2Amarker%3D6766
4208732,PS2181,EHA-4077,SPATIAL NICHE ORGANIZATION IMPLICATES ANTIGEN-PRESENTING–LIKE EPITHELIAL CELLS AS AN ACTIVE COMPONENT OF THE GASTRIC MALT LYMPHOMA MICROENVIRONMENT,Poster Presentation,21. Lymphoma biology & translational research,image analysis,yes,"Retained after lexical screening and relevance check for explicit AI, machine-learning, image-analysis, language-model, or comparable method framing.",https://library.ehaweb.org/eha/2026/eha-2026/4208732/miki.joyce.spatial.niche.organization.implicates.antigen-presentinglike.html?f=menu%3D6%2Abrowseby%3D8%2Asortby%3D6%2Amedia%3D3%2Ace_id%3D2934%2Aot_id%3D115595%2Amarker%3D6766
4208830,PS2279,EHA-6787,AI BASED FLT3-ITD SENSITIVITY PREDICTION AND ITS CORRELATION WITH CLINICAL OUTCOMES IN FLT3-ITD AML PATIENTS RECEIVED ALLOGENEIC HCT +/- FLT3 INHIBITOR MAINTENANCE,Poster Presentation,23. Stem cell transplantation - Clinical,AI-framed method; AI; predictive model; algorithmic prediction,yes,"Retained after lexical screening and relevance check for explicit AI, machine-learning, image-analysis, language-model, or comparable method framing.",https://library.ehaweb.org/eha/2026/eha-2026/4208830/seda.cakmak.ai.based.flt3-itd.sensitivity.prediction.and.its.correlation.with.html?f=menu%3D6%2Abrowseby%3D8%2Asortby%3D6%2Amedia%3D3%2Ace_id%3D2934%2Aot_id%3D115598%2Amarker%3D6766
4208849,PS2298,EHA-3305,"DECODING BLOOD FORMATION: LINKING CODON USAGE, TRANSFER RNA EXPRESSION AND CELL IDENTITY IN HEMATOPOIESIS",Poster Presentation,"24. Hematopoiesis, stem cells and microenvironment",machine learning,yes,"Retained after lexical screening and relevance check for explicit AI, machine-learning, image-analysis, language-model, or comparable method framing.",https://library.ehaweb.org/eha/2026/eha-2026/4208849/marius.klp.decoding.blood.formation.linking.codon.usage.transfer.rna.html?f=menu%3D6%2Abrowseby%3D8%2Asortby%3D6%2Amedia%3D3%2Ace_id%3D2934%2Aot_id%3D115599%2Amarker%3D6766
4208857,PS2306,EHA-6658,"PRECLINICAL CHARACTERIZATION OF EVX-04, AN AI-DESIGNED OFF-THE-SHELF CANCER VACCINE TARGETING ENDOGENOUS RETROVIRAL ANTIGENS IN ACUTE MYELOID LEUKEMIA",Poster Presentation,"25. Gene therapy, cellular immunotherapy and vaccination - Biology & translational research",AI-framed method; AI,yes,"Retained after lexical screening and relevance check for explicit AI, machine-learning, image-analysis, language-model, or comparable method framing.",https://library.ehaweb.org/eha/2026/eha-2026/4208857/sren.vester.kofoed.preclinical.characterization.of.evx-04.an.ai-designed.html?f=menu%3D6%2Abrowseby%3D8%2Asortby%3D6%2Amedia%3D3%2Ace_id%3D2934%2Aot_id%3D115600%2Amarker%3D6766
4209025,PS2474,EHA-6040,HEALTH CARE UTILIZATION AND MANAGEMENT PATTERNS OF ASYMPTOMATIC INCIDENTAL PULMONARY EMBOLISM IN CANCER PATIENTS,Poster Presentation,35. Thrombosis and vascular biology,artificial intelligence; AI-framed method; AI,yes,"Retained after lexical screening and relevance check for explicit AI, machine-learning, image-analysis, language-model, or comparable method framing.",https://library.ehaweb.org/eha/2026/eha-2026/4209025/neha.agrawal2A.health.care.utilization.and.management.patterns.of.asymptomatic.html?f=menu%3D6%2Abrowseby%3D8%2Asortby%3D6%2Amedia%3D3%2Ace_id%3D2934%2Aot_id%3D115609%2Amarker%3D6766
4209072,PS2521,EHA-5370,DEVELOPMENT AND VALIDATION OF A MACHINE LEARNING-BASED DIAGNOSTIC MODEL FOR BONE MARROW CELL MORPHOLOGY IN MALIGNANT HEMATOLOGICAL DISEASES: A MULTICENTER RETROSPECTIVE STUDY,Poster Presentation,"38. Novel technologies, techniques and digital analytical tools in hematology",machine learning; random forest; gradient boosting,yes,"Retained after lexical screening and relevance check for explicit AI, machine-learning, image-analysis, language-model, or comparable method framing.",https://library.ehaweb.org/eha/2026/eha-2026/4209072/tinglu.tao.development.and.validation.of.a.machine.learning-based.diagnostic.html?f=menu%3D6%2Abrowseby%3D8%2Asortby%3D6%2Amedia%3D3%2Ace_id%3D2934%2Aot_id%3D115612%2Amarker%3D6766
4209073,PS2522,EHA-4428,MACHINE LEARNING AND MECHANISTIC MODELLING-BASED RECONSTRUCTION OF HEMATOPOIETIC TRAJECTORIES BY CSTAR REVEALS NOVEL LEUKEMIA DIFFERENTIATION STRATEGIES,Poster Presentation,"38. Novel technologies, techniques and digital analytical tools in hematology",machine learning; classifier,yes,"Retained after lexical screening and relevance check for explicit AI, machine-learning, image-analysis, language-model, or comparable method framing.",https://library.ehaweb.org/eha/2026/eha-2026/4209073/ciardha.carmody.machine.learning.and.mechanistic.modelling-based.html?f=menu%3D6%2Abrowseby%3D8%2Asortby%3D6%2Amedia%3D3%2Ace_id%3D2934%2Aot_id%3D115612%2Amarker%3D6766
4209074,PS2523,EHA-2081,SELF-SUPERVISED VISION TRANSFORMER WITH UNCERTAINTY-AWARE CALIBRATION FOR AUTOMATED ACUTE LYMPHOBLASTIC LEUKEMIA SCREENING IN PERIPHERAL BLOOD SMEARS,Poster Presentation,"38. Novel technologies, techniques and digital analytical tools in hematology",artificial intelligence; AI; image analysis; classifier; gradient boosting; support vector machine,yes,"Retained after lexical screening and relevance check for explicit AI, machine-learning, image-analysis, language-model, or comparable method framing.",https://library.ehaweb.org/eha/2026/eha-2026/4209074/fatemeh.mohammadsadeghi.self-supervised.vision.transformer.with.html?f=menu%3D6%2Abrowseby%3D8%2Asortby%3D6%2Amedia%3D3%2Ace_id%3D2934%2Aot_id%3D115612%2Amarker%3D6766
4209075,PS2524,EHA-1867,FHIR-FORMER: MATCHING LSTM PERFORMANCE IN PLATELET TRANSFUSION PREDICTION USING A LANGUAGE MODEL WITH ONE-TENTH THE TRAINING DATA,Poster Presentation,"38. Novel technologies, techniques and digital analytical tools in hematology",AI-framed method; AI; machine learning; large language model,yes,"Retained after lexical screening and relevance check for explicit AI, machine-learning, image-analysis, language-model, or comparable method framing.",https://library.ehaweb.org/eha/2026/eha-2026/4209075/merlin.engelke.fhir-former.matching.lstm.performance.in.platelet.transfusion.html?f=menu%3D6%2Abrowseby%3D8%2Asortby%3D6%2Amedia%3D3%2Ace_id%3D2934%2Aot_id%3D115612%2Amarker%3D6766
4209080,PS2529,EHA-5298,CLINICAL VALIDATION OF AN AI PLATFORM FOR BONE MARROW ASPIRATE DIFFERENTIAL COUNT: DIAGNOSTIC ACCURACY AND IMPACT OF EXPERT REVIEW.,Poster Presentation,"38. Novel technologies, techniques and digital analytical tools in hematology",artificial intelligence; AI-framed method; AI; algorithmic prediction; automated diagnosis,yes,"Retained after lexical screening and relevance check for explicit AI, machine-learning, image-analysis, language-model, or comparable method framing.",https://library.ehaweb.org/eha/2026/eha-2026/4209080/irene.zamanillo.clinical.validation.of.an.ai.platform.for.bone.marrow.aspirate.html?f=menu%3D6%2Abrowseby%3D8%2Asortby%3D6%2Amedia%3D3%2Ace_id%3D2934%2Aot_id%3D115612%2Amarker%3D6766
4206670,S116,EHA-2964,NPM1C REQUIRES SNORNA DEPENDENT CHROMATIN BINDING FOR LEUKEMOGENESIS,Oral Presentation,03. Acute myeloid leukemia - Biology & translational research,machine learning,yes,"Retained after lexical screening and relevance check for explicit AI, machine-learning, image-analysis, language-model, or comparable method framing.",https://library.ehaweb.org/eha/2026/eha-2026/4206670/fengbiao.zhou.npm1c.requires.snorna.dependent.chromatin.binding.for.html?f=menu%3D6%2Abrowseby%3D8%2Asortby%3D6%2Amedia%3D3%2Ace_id%3D2934%2Aot_id%3D115580%2Amarker%3D6765
4206697,S143,EHA-4321,"PROSPECTIVE VALIDATION OF THE CLL-TIM MACHINE-LEARNING ALGORITHM PREDICTING INFECTION AND TREATMENT IN CLL: RESULTS FROM THE PHASE 2 CLINICAL TRIAL PREVENT-ACALL, NON-RANDOMIZED COHORT",Oral Presentation,05. Chronic lymphocytic leukemia and related disorders - Biology & translational research,artificial intelligence; algorithmic prediction,yes,"Retained after lexical screening and relevance check for explicit AI, machine-learning, image-analysis, language-model, or comparable method framing.",https://library.ehaweb.org/eha/2026/eha-2026/4206697/carsten.niemann.prospective.validation.of.the.cll-tim.machine-learning.html?f=menu%3D6%2Abrowseby%3D8%2Asortby%3D6%2Amedia%3D3%2Ace_id%3D2934%2Aot_id%3D115582%2Amarker%3D6765
4206721,S167,EHA-6384,LARGE-SCALE SCREENING OF MYELOID NEOPLASTIC PRECURSOR STATES USING BLOOD CELL MORPHOLOGY,Oral Presentation,09. Myelodysplastic syndromes - Biology & translational research,image analysis; gradient boosting,yes,"Retained after lexical screening and relevance check for explicit AI, machine-learning, image-analysis, language-model, or comparable method framing.",https://library.ehaweb.org/eha/2026/eha-2026/4206721/oona.rinkinen.large-scale.screening.of.myeloid.neoplastic.precursor.states.html?f=menu%3D6%2Abrowseby%3D8%2Asortby%3D6%2Amedia%3D3%2Ace_id%3D2934%2Aot_id%3D115586%2Amarker%3D6765
4206776,S222,EHA-4332,AVELUMAB IN THE FRONT-LINE TREATMENT OF ADVANCED CLASSICAL HODGKIN LYMPHOMA (AVENUE)- FINAL 3-YEAR RESULTS OF PHASE II STUDY,Oral Presentation,17. Hodgkin lymphoma - Clinical,radiomics,yes,"Retained after lexical screening and relevance check for explicit AI, machine-learning, image-analysis, language-model, or comparable method framing.",https://library.ehaweb.org/eha/2026/eha-2026/4206776/aisling.barrett.avelumab.in.the.front-line.treatment.of.advanced.classical.html?f=menu%3D6%2Abrowseby%3D8%2Asortby%3D6%2Amedia%3D3%2Ace_id%3D2934%2Aot_id%3D115593%2Amarker%3D6765
4206863,S309,EHA-2692,BEYOND PATIENT FACTORS: THE SUBSTANTIAL IMPACT OF SURGEON AND PROCEDURE VARIABILITY ON BLOOD TRANSFUSION RISK,Oral Presentation,32. Transfusion medicine,machine learning; predictive model,yes,"Retained after lexical screening and relevance check for explicit AI, machine-learning, image-analysis, language-model, or comparable method framing.",https://library.ehaweb.org/eha/2026/eha-2026/4206863/esa.turkulainen.beyond.patient.factors.the.substantial.impact.of.surgeon.and.html?f=menu%3D6%2Abrowseby%3D8%2Asortby%3D6%2Amedia%3D3%2Ace_id%3D2934%2Aot_id%3D115605%2Amarker%3D6765
4206876,S322,EHA-5906,HEAVY MENSTRUAL BLEEDING IN MILD-TO-MODERATE BLEEDING DISORDERS: INVESTIGATING PREVALENCE AND RISK-FACTORS USING MACHINE LEARNING,Oral Presentation,34. Bleeding disorders (congenital and acquired),machine learning; neural network,yes,"Retained after lexical screening and relevance check for explicit AI, machine-learning, image-analysis, language-model, or comparable method framing.",https://library.ehaweb.org/eha/2026/eha-2026/4206876/tim.dreier.heavy.menstrual.bleeding.in.mild-to-moderate.bleeding.disorders.html?f=menu%3D6%2Abrowseby%3D8%2Asortby%3D6%2Amedia%3D3%2Ace_id%3D2934%2Aot_id%3D115608%2Amarker%3D6765
4206885,S331,EHA-5576,DECIPHERING THE EPIGENETIC LANDSCAPE OF MATURE T-CELL LYMPHOMAS AND LEUKEMIAS: INTEGRATING ATAC-SEQ AND MACHINE LEARNING FOR PRECISION DIAGNOSTICS,Oral Presentation,"38. Novel technologies, techniques and digital analytical tools in hematology",machine learning; classifier; predictive model,yes,"Retained after lexical screening and relevance check for explicit AI, machine-learning, image-analysis, language-model, or comparable method framing.",https://library.ehaweb.org/eha/2026/eha-2026/4206885/edith.julia.deciphering.the.epigenetic.landscape.of.mature.t-cell.lymphomas.html?f=menu%3D6%2Abrowseby%3D8%2Asortby%3D6%2Amedia%3D3%2Ace_id%3D2934%2Aot_id%3D115612%2Amarker%3D6765
4206887,S333,EHA-1273,NANOLEUKEMIA - A HIERARCHICAL CLASSIFICATION FRAMEWORK FOR HEMATOPOIETIC NEOPLASMS INTEGRATING EPIGENETIC AND GENETIC INFORMATION FROM WHOLE GENOME NANOPORE SEQUENCING,Oral Presentation,"38. Novel technologies, techniques and digital analytical tools in hematology",machine learning; classifier; gradient boosting,yes,"Retained after lexical screening and relevance check for explicit AI, machine-learning, image-analysis, language-model, or comparable method framing.",https://library.ehaweb.org/eha/2026/eha-2026/4206887/maximilian.schnung.nanoleukemia.-.a.hierarchical.classification.framework.for.html?f=menu%3D6%2Abrowseby%3D8%2Asortby%3D6%2Amedia%3D3%2Ace_id%3D2934%2Aot_id%3D115612%2Amarker%3D6765
4206888,S334,EHA-6184,A BIMODAL FRAMEWORK FOR RELIABLE AND ACCESSIBLE ACUTE LEUKEMIA MACHINE LEARNING CLASSIFICATION USING GENE EXPRESSION AND DNA METHYLATION DATA,Oral Presentation,"38. Novel technologies, techniques and digital analytical tools in hematology",artificial intelligence; machine learning; classifier; random forest,yes,"Retained after lexical screening and relevance check for explicit AI, machine-learning, image-analysis, language-model, or comparable method framing.",https://library.ehaweb.org/eha/2026/eha-2026/4206888/mariya.lysenkova.wiklander.a.bimodal.framework.for.reliable.and.accessible.html?f=menu%3D6%2Abrowseby%3D8%2Asortby%3D6%2Amedia%3D3%2Ace_id%3D2934%2Aot_id%3D115612%2Amarker%3D6765
