brand_name,generic_name,manufacturer_or_labeler,candidate_audience,candidate_url,status,content_type,evidence,review_action
Antara,fenofibrate,"Lupin Pharmaceuticals, Inc.",patient,https://antara.com/,200,text/html;charset=utf-8,visible brand text,verify in browser before merging; candidate identified from direct brand-domain probe
Antara,fenofibrate,"Lupin Pharmaceuticals, Inc.",patient,https://antara.com/,200,text/html;charset=utf-8,visible brand text,verify in browser before merging; candidate identified from direct brand-domain probe
Actoplus Met,pioglitazone and metformin hydrochloride,"Takeda Pharmaceuticals America, Inc.",hcp,https://www.takeda.com/en-us/about/products/,200,text/html; charset=utf-8,patient text,verify in browser before merging; candidate identified from direct brand-domain probe
Actoplus Met,pioglitazone and metformin hydrochloride,"Takeda Pharmaceuticals America, Inc.",hcp,https://www.takeda.com/en-us/about/products/,200,text/html; charset=utf-8,patient text,verify in browser before merging; candidate identified from direct brand-domain probe
Actoplus Met,pioglitazone and metformin hydrochloride,"Takeda Pharmaceuticals America, Inc.",patient,https://www.takeda.com/en-us/about/products/,200,text/html; charset=utf-8,patient text,verify in browser before merging; candidate identified from direct brand-domain probe
Actoplus Met,pioglitazone and metformin hydrochloride,"Takeda Pharmaceuticals America, Inc.",patient,https://www.takeda.com/en-us/about/products/,200,text/html; charset=utf-8,patient text,verify in browser before merging; candidate identified from direct brand-domain probe
Actoplus Met,pioglitazone and metformin hydrochloride,"Takeda Pharmaceuticals America, Inc.",patient,https://www.takeda.com/en-us/about/products/,200,text/html; charset=utf-8,patient text,verify in browser before merging; candidate identified from direct brand-domain probe
Actoplus Met,pioglitazone and metformin hydrochloride,"Takeda Pharmaceuticals America, Inc.",patient,https://www.takeda.com/en-us/about/products/,200,text/html; charset=utf-8,patient text,verify in browser before merging; candidate identified from direct brand-domain probe
Actoplus Met,pioglitazone and metformin hydrochloride,"Takeda Pharmaceuticals America, Inc.",patient,https://www.takeda.com/en-us/about/products/,200,text/html; charset=utf-8,patient text,verify in browser before merging; candidate identified from direct brand-domain probe
Actoplus Met,pioglitazone and metformin hydrochloride,"Takeda Pharmaceuticals America, Inc.",patient,https://www.takeda.com/en-us/about/products/,200,text/html; charset=utf-8,patient text,verify in browser before merging; candidate identified from direct brand-domain probe
AmBisome,amphotericin B,"Astellas Pharma US, Inc.",patient,https://www.ambisome.com/,200,text/html; charset=utf-8,visible brand text; HCP text; patient text,verify in browser before merging; candidate identified from direct brand-domain probe
AmBisome,amphotericin B,"Astellas Pharma US, Inc.",patient,https://ambisome.com/,200,text/html; charset=utf-8,visible brand text; HCP text; patient text,verify in browser before merging; candidate identified from direct brand-domain probe
ALBUMINEX,Albumin Human,BPL,patient,https://www.albuminex.com/,200,text/html; charset=UTF-8,visible brand text; HCP text; patient text,verify in browser before merging; candidate identified from direct brand-domain probe
ALBUMINEX,Albumin Human,BPL,patient,https://www.albuminex.com/,200,text/html; charset=UTF-8,visible brand text; HCP text; patient text,verify in browser before merging; candidate identified from direct brand-domain probe
Alimta,Pemetrexed disodium,Eli Lilly and Company,patient,https://www.lilly.com/medicines/current,403,text/html; charset=UTF-8,direct branded domain blocks simple HTTP,verify in browser before merging; candidate identified from direct brand-domain probe
Alimta,Pemetrexed disodium,Eli Lilly and Company,hcp,https://www.lilly.com/medicines/current,403,text/html; charset=UTF-8,direct branded domain blocks simple HTTP,verify in browser before merging; candidate identified from direct brand-domain probe
Alimta,Pemetrexed disodium,Eli Lilly and Company,hcp,https://www.lilly.com/medicines/current,403,text/html; charset=UTF-8,direct branded domain blocks simple HTTP,verify in browser before merging; candidate identified from direct brand-domain probe
Alimta,Pemetrexed disodium,Eli Lilly and Company,patient,https://www.lilly.com/medicines/current,403,text/html; charset=UTF-8,direct branded domain blocks simple HTTP,verify in browser before merging; candidate identified from direct brand-domain probe
Alimta,Pemetrexed disodium,Eli Lilly and Company,patient,https://www.lilly.com/medicines/current,403,text/html; charset=UTF-8,direct branded domain blocks simple HTTP,verify in browser before merging; candidate identified from direct brand-domain probe
Alimta,Pemetrexed disodium,Eli Lilly and Company,patient,https://www.lilly.com/medicines/current,403,text/html; charset=UTF-8,direct branded domain blocks simple HTTP,verify in browser before merging; candidate identified from direct brand-domain probe
Alimta,Pemetrexed disodium,Eli Lilly and Company,patient,https://www.lilly.com/medicines/current,403,text/html; charset=UTF-8,direct branded domain blocks simple HTTP,verify in browser before merging; candidate identified from direct brand-domain probe
Alimta,Pemetrexed disodium,Eli Lilly and Company,patient,https://www.lilly.com/medicines/current,403,text/html; charset=UTF-8,direct branded domain blocks simple HTTP,verify in browser before merging; candidate identified from direct brand-domain probe
AKEEGA,NIRAPARIB TOSYLATE MONOHYDRATE and ABIRATERONE ACETATE,"Janssen Biotech, Inc.",hcp,https://www.akeegahcp.com/,200,text/html,visible brand text; HCP text; patient text,verify in browser before merging; candidate identified from direct brand-domain probe
AKEEGA,NIRAPARIB TOSYLATE MONOHYDRATE and ABIRATERONE ACETATE,"Janssen Biotech, Inc.",hcp,https://www.akeegahcp.com/,200,text/html,visible brand text; HCP text; patient text,verify in browser before merging; candidate identified from direct brand-domain probe
AKEEGA,NIRAPARIB TOSYLATE MONOHYDRATE and ABIRATERONE ACETATE,"Janssen Biotech, Inc.",patient,https://www.akeega.com/,200,text/html,visible brand text; patient text,verify in browser before merging; candidate identified from direct brand-domain probe
AKEEGA,NIRAPARIB TOSYLATE MONOHYDRATE and ABIRATERONE ACETATE,"Janssen Biotech, Inc.",patient,https://www.akeega.com/,200,text/html,visible brand text; patient text,verify in browser before merging; candidate identified from direct brand-domain probe
Amitiza,lubiprostone,"SpecGx LLC; Takeda Pharmaceuticals America, Inc.",hcp,https://www.takeda.com/en-us/about/products/,200,text/html; charset=utf-8,patient text,verify in browser before merging; candidate identified from direct brand-domain probe
Amitiza,lubiprostone,"SpecGx LLC; Takeda Pharmaceuticals America, Inc.",hcp,https://www.takeda.com/en-us/about/products/,200,text/html; charset=utf-8,patient text,verify in browser before merging; candidate identified from direct brand-domain probe
ALYFTREK,"vanzacaftor, tezacaftor, and deutivacaftor",Vertex Pharmaceuticals Incorporated,hcp,https://www.alyftrek.com/hcp,403,text/html,direct branded domain blocks simple HTTP,verify in browser before merging; candidate identified from direct brand-domain probe
ALYFTREK,"vanzacaftor, tezacaftor, and deutivacaftor",Vertex Pharmaceuticals Incorporated,patient,https://www.alyftrek.com/patient,403,text/html,direct branded domain blocks simple HTTP,verify in browser before merging; candidate identified from direct brand-domain probe
ALYFTREK,"vanzacaftor, tezacaftor, and deutivacaftor",Vertex Pharmaceuticals Incorporated,patient,https://alyftrek.com/,403,text/html,direct branded domain blocks simple HTTP,verify in browser before merging; candidate identified from direct brand-domain probe
ALYFTREK,"vanzacaftor, tezacaftor, and deutivacaftor",Vertex Pharmaceuticals Incorporated,hcp,https://alyftrekhcp.com/,403,text/html,direct branded domain blocks simple HTTP,verify in browser before merging; candidate identified from direct brand-domain probe
ALYFTREK,"vanzacaftor, tezacaftor, and deutivacaftor",Vertex Pharmaceuticals Incorporated,hcp,https://www.alyftrekhcp.com/,403,text/html,direct branded domain blocks simple HTTP,verify in browser before merging; candidate identified from direct brand-domain probe
ALYFTREK,"vanzacaftor, tezacaftor, and deutivacaftor",Vertex Pharmaceuticals Incorporated,patient,https://www.alyftrek.com/,403,text/html,direct branded domain blocks simple HTTP,verify in browser before merging; candidate identified from direct brand-domain probe
ALYFTREK,"vanzacaftor, tezacaftor, and deutivacaftor",Vertex Pharmaceuticals Incorporated,hcp,https://www.alyftrek.com/healthcare-professionals,403,text/html,direct branded domain blocks simple HTTP,verify in browser before merging; candidate identified from direct brand-domain probe
ALYFTREK,"vanzacaftor, tezacaftor, and deutivacaftor",Vertex Pharmaceuticals Incorporated,patient,https://www.alyftrek.com/patient-support,403,text/html,direct branded domain blocks simple HTTP,verify in browser before merging; candidate identified from direct brand-domain probe
ALYFTREK,"vanzacaftor, tezacaftor, and deutivacaftor",Vertex Pharmaceuticals Incorporated,patient,https://www.alyftrek.com/patients,403,text/html,direct branded domain blocks simple HTTP,verify in browser before merging; candidate identified from direct brand-domain probe
ALYFTREK,"vanzacaftor, tezacaftor, and deutivacaftor",Vertex Pharmaceuticals Incorporated,patient,https://www.alyftrek.com/savings,403,text/html,direct branded domain blocks simple HTTP,verify in browser before merging; candidate identified from direct brand-domain probe
ANAFRANIL,clomipramine hydrochloride,SpecGx LLC,patient,https://www.anafranil.com/,200,text/html; charset=utf-8,visible brand text,verify in browser before merging; candidate identified from direct brand-domain probe
ANAFRANIL,clomipramine hydrochloride,SpecGx LLC,patient,https://anafranil.com/,200,text/html; charset=utf-8,visible brand text,verify in browser before merging; candidate identified from direct brand-domain probe
Aptiom,ESLICARBAZEPINE ACETATE,"Sumitomo Pharma America, Inc.",hcp,https://www.us.sumitomo-pharma.com/,200,text/html; charset=utf-8,patient text,verify in browser before merging; candidate identified from direct brand-domain probe
Aptiom,ESLICARBAZEPINE ACETATE,"Sumitomo Pharma America, Inc.",hcp,https://www.us.sumitomo-pharma.com/,200,text/html; charset=utf-8,patient text,verify in browser before merging; candidate identified from direct brand-domain probe
AGGRASTAT,TIROFIBAN,Medicure International Inc,patient,https://www.aggrastathdb.com/?utm_source=Redirect&utm_medium=Domain&utm_campaign=Aggrastat.com,200,text/html; charset=UTF-8,visible brand text; HCP text; patient text,verify in browser before merging; candidate identified from direct brand-domain probe
AGGRASTAT,TIROFIBAN,Medicure International Inc,patient,https://www.aggrastathdb.com/?utm_source=Redirect&utm_medium=Domain&utm_campaign=Aggrastat.com,200,text/html; charset=UTF-8,visible brand text; HCP text; patient text,verify in browser before merging; candidate identified from direct brand-domain probe
ALPHAGAN P,brimonidine tartrate,"Allergan, Inc.",hcp,https://www.alphaganp.com/healthcare-professionals,403,text/html; charset=UTF-8,direct branded domain blocks simple HTTP,verify in browser before merging; candidate identified from direct brand-domain probe
ALPHAGAN P,brimonidine tartrate,"Allergan, Inc.",hcp,https://www.alphaganp.com/hcp,403,text/html; charset=UTF-8,direct branded domain blocks simple HTTP,verify in browser before merging; candidate identified from direct brand-domain probe
ALPHAGAN P,brimonidine tartrate,"Allergan, Inc.",patient,https://www.alphaganp.com/,403,text/html; charset=UTF-8,direct branded domain blocks simple HTTP,verify in browser before merging; candidate identified from direct brand-domain probe
ALPHAGAN P,brimonidine tartrate,"Allergan, Inc.",patient,https://www.alphaganp.com/patients,403,text/html; charset=UTF-8,direct branded domain blocks simple HTTP,verify in browser before merging; candidate identified from direct brand-domain probe
ALPHAGAN P,brimonidine tartrate,"Allergan, Inc.",patient,https://www.alphaganp.com/patient,403,text/html; charset=UTF-8,direct branded domain blocks simple HTTP,verify in browser before merging; candidate identified from direct brand-domain probe
ALPHAGAN P,brimonidine tartrate,"Allergan, Inc.",patient,https://www.alphaganp.com/savings,403,text/html; charset=UTF-8,direct branded domain blocks simple HTTP,verify in browser before merging; candidate identified from direct brand-domain probe
ALPHAGAN P,brimonidine tartrate,"Allergan, Inc.",patient,https://www.alphaganp.com/patient-support,403,text/html; charset=UTF-8,direct branded domain blocks simple HTTP,verify in browser before merging; candidate identified from direct brand-domain probe
ALPHAGAN P,brimonidine tartrate,"Allergan, Inc.",patient,https://www.alphaganp.com/,403,text/html; charset=UTF-8,direct branded domain blocks simple HTTP,verify in browser before merging; candidate identified from direct brand-domain probe
AMONDYS 45,casimersen,"Sarepta Therapeutics, Inc.",patient,https://www.amondys45.com/,200,text/html; charset=UTF-8,visible brand text; HCP text; patient text,verify in browser before merging; candidate identified from direct brand-domain probe
AMONDYS 45,casimersen,"Sarepta Therapeutics, Inc.",patient,https://www.amondys45.com/,200,text/html; charset=UTF-8,visible brand text; HCP text; patient text,verify in browser before merging; candidate identified from direct brand-domain probe
Agrylin,anagrelide hydrochloride,"Takeda Pharmaceuticals America, Inc.",patient,https://www.takeda.com/en-us/about/products/,200,text/html; charset=utf-8,patient text,verify in browser before merging; candidate identified from direct brand-domain probe
Agrylin,anagrelide hydrochloride,"Takeda Pharmaceuticals America, Inc.",hcp,https://www.takeda.com/en-us/about/products/,200,text/html; charset=utf-8,patient text,verify in browser before merging; candidate identified from direct brand-domain probe
Agrylin,anagrelide hydrochloride,"Takeda Pharmaceuticals America, Inc.",patient,https://www.takeda.com/en-us/about/products/,200,text/html; charset=utf-8,patient text,verify in browser before merging; candidate identified from direct brand-domain probe
Agrylin,anagrelide hydrochloride,"Takeda Pharmaceuticals America, Inc.",patient,https://www.takeda.com/en-us/about/products/,200,text/html; charset=utf-8,patient text,verify in browser before merging; candidate identified from direct brand-domain probe
Agrylin,anagrelide hydrochloride,"Takeda Pharmaceuticals America, Inc.",patient,https://www.takeda.com/en-us/about/products/,200,text/html; charset=utf-8,patient text,verify in browser before merging; candidate identified from direct brand-domain probe
Agrylin,anagrelide hydrochloride,"Takeda Pharmaceuticals America, Inc.",patient,https://www.takeda.com/en-us/about/products/,200,text/html; charset=utf-8,patient text,verify in browser before merging; candidate identified from direct brand-domain probe
Agrylin,anagrelide hydrochloride,"Takeda Pharmaceuticals America, Inc.",hcp,https://www.takeda.com/en-us/about/products/,200,text/html; charset=utf-8,patient text,verify in browser before merging; candidate identified from direct brand-domain probe
Agrylin,anagrelide hydrochloride,"Takeda Pharmaceuticals America, Inc.",patient,https://www.takeda.com/en-us/about/products/,200,text/html; charset=utf-8,patient text,verify in browser before merging; candidate identified from direct brand-domain probe
ANDEXXA,andexanet alfa,AstraZeneca Pharmaceuticals LP,patient,https://www.astrazeneca-us.com/,200,text/html; charset=UTF-8,patient text,verify in browser before merging; candidate identified from direct brand-domain probe
ANDEXXA,andexanet alfa,AstraZeneca Pharmaceuticals LP,hcp,https://www.astrazeneca-us.com/,200,text/html; charset=UTF-8,patient text,verify in browser before merging; candidate identified from direct brand-domain probe
ANDEXXA,andexanet alfa,AstraZeneca Pharmaceuticals LP,patient,https://www.astrazeneca-us.com/,200,text/html; charset=UTF-8,patient text,verify in browser before merging; candidate identified from direct brand-domain probe
ANDEXXA,andexanet alfa,AstraZeneca Pharmaceuticals LP,hcp,https://www.astrazeneca-us.com/,200,text/html; charset=UTF-8,patient text,verify in browser before merging; candidate identified from direct brand-domain probe
ANDEXXA,andexanet alfa,AstraZeneca Pharmaceuticals LP,patient,https://www.astrazeneca-us.com/,200,text/html; charset=UTF-8,patient text,verify in browser before merging; candidate identified from direct brand-domain probe
ANDEXXA,andexanet alfa,AstraZeneca Pharmaceuticals LP,hcp,https://www.astrazeneca-us.com/,200,text/html; charset=UTF-8,patient text,verify in browser before merging; candidate identified from direct brand-domain probe
ANDEXXA,andexanet alfa,AstraZeneca Pharmaceuticals LP,patient,https://www.astrazeneca-us.com/,200,text/html; charset=UTF-8,patient text,verify in browser before merging; candidate identified from direct brand-domain probe
ANDEXXA,andexanet alfa,AstraZeneca Pharmaceuticals LP,patient,https://www.astrazeneca-us.com/,200,text/html; charset=UTF-8,patient text,verify in browser before merging; candidate identified from direct brand-domain probe
ANDEXXA,andexanet alfa,AstraZeneca Pharmaceuticals LP,patient,https://www.astrazeneca-us.com/,200,text/html; charset=UTF-8,patient text,verify in browser before merging; candidate identified from direct brand-domain probe
APADAZ,Benzhydrocodone and Acetaminophen,"Zevra Therapeutics, Inc.",patient,https://www.apadaz.com/,403,text/html; charset=iso-8859-1,direct branded domain blocks simple HTTP,verify in browser before merging; candidate identified from direct brand-domain probe
APADAZ,Benzhydrocodone and Acetaminophen,"Zevra Therapeutics, Inc.",patient,https://apadaz.com/,403,text/html; charset=iso-8859-1,direct branded domain blocks simple HTTP,verify in browser before merging; candidate identified from direct brand-domain probe
AKTEN,LIDOCAINE HYDROCHLORIDE ANHYDROUS,Thea Pharma Inc.,patient,https://akten.com/,200,text/html; charset=UTF-8,visible brand text,verify in browser before merging; candidate identified from direct brand-domain probe
Aptivus,tipranavir,"Boehringer Ingelheim Pharmaceuticals, Inc.",patient,https://www.boehringer-ingelheim.com/,403,text/html,direct branded domain blocks simple HTTP,verify in browser before merging; candidate identified from direct brand-domain probe
Aptivus,tipranavir,"Boehringer Ingelheim Pharmaceuticals, Inc.",hcp,https://www.boehringer-ingelheim.com/,403,text/html,direct branded domain blocks simple HTTP,verify in browser before merging; candidate identified from direct brand-domain probe
Aptivus,tipranavir,"Boehringer Ingelheim Pharmaceuticals, Inc.",patient,https://www.boehringer-ingelheim.com/,403,text/html,direct branded domain blocks simple HTTP,verify in browser before merging; candidate identified from direct brand-domain probe
Aptivus,tipranavir,"Boehringer Ingelheim Pharmaceuticals, Inc.",patient,https://www.boehringer-ingelheim.com/,403,text/html,direct branded domain blocks simple HTTP,verify in browser before merging; candidate identified from direct brand-domain probe
Aptivus,tipranavir,"Boehringer Ingelheim Pharmaceuticals, Inc.",patient,https://www.boehringer-ingelheim.com/,403,text/html,direct branded domain blocks simple HTTP,verify in browser before merging; candidate identified from direct brand-domain probe
Aptivus,tipranavir,"Boehringer Ingelheim Pharmaceuticals, Inc.",patient,https://www.boehringer-ingelheim.com/,403,text/html,direct branded domain blocks simple HTTP,verify in browser before merging; candidate identified from direct brand-domain probe
Aptivus,tipranavir,"Boehringer Ingelheim Pharmaceuticals, Inc.",hcp,https://www.boehringer-ingelheim.com/,403,text/html,direct branded domain blocks simple HTTP,verify in browser before merging; candidate identified from direct brand-domain probe
Aptivus,tipranavir,"Boehringer Ingelheim Pharmaceuticals, Inc.",patient,https://www.boehringer-ingelheim.com/,403,text/html,direct branded domain blocks simple HTTP,verify in browser before merging; candidate identified from direct brand-domain probe
Annovera,segesterone acetate and ethinyl estradiol,Mayne Pharma,hcp,https://www.annovera.com/hcp/,200,text/html; charset=UTF-8,visible brand text; HCP text; patient text,verify in browser before merging; candidate identified from direct brand-domain probe
Annovera,segesterone acetate and ethinyl estradiol,Mayne Pharma,hcp,https://www.annovera.com/hcp/,200,text/html; charset=UTF-8,visible brand text; HCP text; patient text,verify in browser before merging; candidate identified from direct brand-domain probe
Annovera,segesterone acetate and ethinyl estradiol,Mayne Pharma,hcp,https://www.annovera.com/hcp/,200,text/html; charset=UTF-8,visible brand text; HCP text; patient text,verify in browser before merging; candidate identified from direct brand-domain probe
Annovera,segesterone acetate and ethinyl estradiol,Mayne Pharma,patient,https://www.annovera.com/,200,text/html; charset=UTF-8,visible brand text; HCP text; patient text,verify in browser before merging; candidate identified from direct brand-domain probe
Annovera,segesterone acetate and ethinyl estradiol,Mayne Pharma,patient,https://www.annovera.com/,200,text/html; charset=UTF-8,visible brand text; HCP text; patient text,verify in browser before merging; candidate identified from direct brand-domain probe
ARMLUPEG,pegfilgrastim-unne,"Lupin Pharmaceuticals, Inc.",patient,https://armlupeg.com/,200,text/html,visible brand text,verify in browser before merging; candidate identified from direct brand-domain probe
ARMLUPEG,pegfilgrastim-unne,"Lupin Pharmaceuticals, Inc.",patient,https://www.armlupeg.com/,200,text/html,visible brand text,verify in browser before merging; candidate identified from direct brand-domain probe
ATACAND,Candesartan Cilexetil,"ANI Pharmaceuticals, Inc.",patient,https://atacand.com/,200,text/html; charset=UTF-8,HCP text; patient text,verify in browser before merging; candidate identified from direct brand-domain probe
ATACAND,Candesartan Cilexetil,"ANI Pharmaceuticals, Inc.",patient,https://www.atacand.com/,200,text/html; charset=UTF-8,HCP text; patient text,verify in browser before merging; candidate identified from direct brand-domain probe
ARYNTA,lisdexamfetamine dimesylate oral,"Azurity Pharmaceuticals, Inc.",hcp,https://www.arynta.com/hcp,200,text/html; charset=utf-8,visible brand text; HCP text; patient text,verify in browser before merging; candidate identified from direct brand-domain probe
ARYNTA,lisdexamfetamine dimesylate oral,"Azurity Pharmaceuticals, Inc.",patient,https://www.arynta.com/,200,text/html; charset=utf-8,visible brand text; HCP text; patient text,verify in browser before merging; candidate identified from direct brand-domain probe
ARYNTA,lisdexamfetamine dimesylate oral,"Azurity Pharmaceuticals, Inc.",patient,https://www.arynta.com/,200,text/html; charset=utf-8,visible brand text; HCP text; patient text,verify in browser before merging; candidate identified from direct brand-domain probe
Asclera,POLIDOCANOL,"Methapharm, Inc",patient,https://asclera.com/,200,text/html; charset=UTF-8,visible brand text,verify in browser before merging; candidate identified from direct brand-domain probe
Asclera,POLIDOCANOL,"Methapharm, Inc",patient,https://asclera.com/places/patient-preferred-dermatology/,200,text/html; charset=UTF-8,visible brand text; patient text,verify in browser before merging; candidate identified from direct brand-domain probe
Asclera,POLIDOCANOL,"Methapharm, Inc",patient,https://asclera.com/,200,text/html; charset=UTF-8,visible brand text,verify in browser before merging; candidate identified from direct brand-domain probe
Atralin,Tretinoin,"Bausch Health US, LLC",patient,https://www.fruits.co/en/domain/atralin.com,200,text/html; charset=utf-8,visible brand text,verify in browser before merging; candidate identified from direct brand-domain probe
Atralin,Tretinoin,"Bausch Health US, LLC",patient,https://www.fruits.co/en/domain/atralin.com,200,text/html; charset=utf-8,visible brand text,verify in browser before merging; candidate identified from direct brand-domain probe
Atralin,Tretinoin,"Bausch Health US, LLC",hcp,https://www.fruits.co/en/domain/atralin.com,200,text/html; charset=utf-8,visible brand text,verify in browser before merging; candidate identified from direct brand-domain probe
Atralin,Tretinoin,"Bausch Health US, LLC",hcp,https://www.fruits.co/en/domain/atralin.com,200,text/html; charset=utf-8,visible brand text,verify in browser before merging; candidate identified from direct brand-domain probe
Atralin,Tretinoin,"Bausch Health US, LLC",patient,https://www.fruits.co/en/domain/atralin.com,200,text/html; charset=utf-8,visible brand text,verify in browser before merging; candidate identified from direct brand-domain probe
Atralin,Tretinoin,"Bausch Health US, LLC",patient,https://www.fruits.co/en/domain/atralin.com,200,text/html; charset=utf-8,visible brand text,verify in browser before merging; candidate identified from direct brand-domain probe
Atralin,Tretinoin,"Bausch Health US, LLC",patient,https://www.fruits.co/en/domain/atralin.com,200,text/html; charset=utf-8,visible brand text,verify in browser before merging; candidate identified from direct brand-domain probe
Atralin,Tretinoin,"Bausch Health US, LLC",patient,https://www.fruits.co/en/domain/atralin.com,200,text/html; charset=utf-8,visible brand text,verify in browser before merging; candidate identified from direct brand-domain probe
AURLUMYN,ILOPROST,BTG International Inc,patient,https://www.aurlumyn.com/,200,text/html; charset=UTF-8,visible brand text; HCP text; patient text,verify in browser before merging; candidate identified from direct brand-domain probe
AURLUMYN,ILOPROST,BTG International Inc,patient,https://aurlumyn.com/,200,text/html; charset=UTF-8,visible brand text; HCP text; patient text,verify in browser before merging; candidate identified from direct brand-domain probe
ATZUMI,DIHYDROERGOTAMINE MESYLATE,"Satsuma Pharmaceuticals, Inc.",patient,https://www.satsumarx.com/our-product/,200,text/html; charset=UTF-8,visible brand text; HCP text,verify in browser before merging; candidate identified from direct brand-domain probe
ATZUMI,DIHYDROERGOTAMINE MESYLATE,"Satsuma Pharmaceuticals, Inc.",patient,https://www.satsumarx.com/our-product/,200,text/html; charset=UTF-8,visible brand text; HCP text,verify in browser before merging; candidate identified from direct brand-domain probe
Avance Nerve Graft,Processed nerve allograft,Axogen Corporation,patient,https://www.avancenervegraft.com/,200,text/html; charset=UTF-8,visible brand text; HCP text; patient text,verify in browser before merging; candidate identified from direct brand-domain probe
Avance Nerve Graft,Processed nerve allograft,Axogen Corporation,patient,https://www.avancenervegraft.com/,200,text/html; charset=UTF-8,visible brand text; HCP text; patient text,verify in browser before merging; candidate identified from direct brand-domain probe
AZASITE,azithromycin monohydrate,Thea Pharma Inc.,patient,https://www.azasite.com/,200,text/html; charset=UTF-8,visible brand text; HCP text; patient text,verify in browser before merging; candidate identified from direct brand-domain probe
AZASITE,azithromycin monohydrate,Thea Pharma Inc.,patient,https://azasite.com/,200,text/html; charset=UTF-8,visible brand text; HCP text; patient text,verify in browser before merging; candidate identified from direct brand-domain probe
AVTOZMA,tocilizumab,"CELLTRION USA, Inc.",patient,https://www.avtozma.com/,200,text/html; charset=UTF-8,visible brand text; HCP text; patient text,verify in browser before merging; candidate identified from direct brand-domain probe
AVTOZMA,tocilizumab,"CELLTRION USA, Inc.",hcp,https://www.avtozma.com/hcp/,200,text/html; charset=UTF-8,visible brand text; HCP text; patient text,verify in browser before merging; candidate identified from direct brand-domain probe
AVTOZMA,tocilizumab,"CELLTRION USA, Inc.",patient,https://www.avtozma.com/,200,text/html; charset=UTF-8,visible brand text; HCP text; patient text,verify in browser before merging; candidate identified from direct brand-domain probe
Azilsartan Medoxomil,Azilsartan kamedoxomil,"Wilshire Pharmaceuticals, Inc.",hcp,https://www.edarbi.com/,200,text/html; charset=utf-8,HCP text; patient text,verify in browser before merging; candidate identified from direct brand-domain probe
Azilsartan Medoxomil,Azilsartan kamedoxomil,"Wilshire Pharmaceuticals, Inc.",patient,https://www.edarbi.com/,200,text/html; charset=utf-8,HCP text; patient text,verify in browser before merging; candidate identified from direct brand-domain probe
Azilsartan Medoxomil,Azilsartan kamedoxomil,"Wilshire Pharmaceuticals, Inc.",patient,https://www.edarbi.com/,200,text/html; charset=utf-8,HCP text; patient text,verify in browser before merging; candidate identified from direct brand-domain probe
Azilsartan Medoxomil,Azilsartan kamedoxomil,"Wilshire Pharmaceuticals, Inc.",patient,https://www.edarbi.com/,200,text/html; charset=utf-8,HCP text; patient text,verify in browser before merging; candidate identified from direct brand-domain probe
Azilsartan Medoxomil,Azilsartan kamedoxomil,"Wilshire Pharmaceuticals, Inc.",patient,https://www.edarbi.com/,200,text/html; charset=utf-8,HCP text; patient text,verify in browser before merging; candidate identified from direct brand-domain probe
Azilsartan Medoxomil,Azilsartan kamedoxomil,"Wilshire Pharmaceuticals, Inc.",patient,https://www.edarbi.com/,200,text/html; charset=utf-8,HCP text; patient text,verify in browser before merging; candidate identified from direct brand-domain probe
Balcoltra,levonorgestrel and ethinyl estradiol,Avion Pharmaceuticals,patient,https://balcoltra.com/,200,text/html; charset=UTF-8,visible brand text; HCP text; patient text,verify in browser before merging; candidate identified from direct brand-domain probe
Balcoltra,levonorgestrel and ethinyl estradiol,Avion Pharmaceuticals,patient,https://balcoltra.com/,200,text/html; charset=UTF-8,visible brand text; HCP text; patient text,verify in browser before merging; candidate identified from direct brand-domain probe
BASAGLAR,Insulin glargine,Eli Lilly and Company,hcp,https://insulins.lilly.com/basaglar,403,text/html; charset=UTF-8,direct branded domain blocks simple HTTP,verify in browser before merging; candidate identified from direct brand-domain probe
BASAGLAR,Insulin glargine,Eli Lilly and Company,hcp,https://insulins.lilly.com/basaglar,403,text/html; charset=UTF-8,direct branded domain blocks simple HTTP,verify in browser before merging; candidate identified from direct brand-domain probe
BASAGLAR,Insulin glargine,Eli Lilly and Company,hcp,https://insulins.lilly.com/basaglar,403,text/html; charset=UTF-8,direct branded domain blocks simple HTTP,verify in browser before merging; candidate identified from direct brand-domain probe
BASAGLAR,Insulin glargine,Eli Lilly and Company,patient,https://insulins.lilly.com/basaglar,403,text/html; charset=UTF-8,direct branded domain blocks simple HTTP,verify in browser before merging; candidate identified from direct brand-domain probe
BASAGLAR,Insulin glargine,Eli Lilly and Company,patient,https://insulins.lilly.com/basaglar,403,text/html; charset=UTF-8,direct branded domain blocks simple HTTP,verify in browser before merging; candidate identified from direct brand-domain probe
BASAGLAR,Insulin glargine,Eli Lilly and Company,patient,https://insulins.lilly.com/basaglar,403,text/html; charset=UTF-8,direct branded domain blocks simple HTTP,verify in browser before merging; candidate identified from direct brand-domain probe
BASAGLAR,Insulin glargine,Eli Lilly and Company,patient,https://insulins.lilly.com/basaglar,403,text/html; charset=UTF-8,direct branded domain blocks simple HTTP,verify in browser before merging; candidate identified from direct brand-domain probe
BASAGLAR,Insulin glargine,Eli Lilly and Company,hcp,https://insulins.lilly.com/basaglar,403,text/html; charset=UTF-8,direct branded domain blocks simple HTTP,verify in browser before merging; candidate identified from direct brand-domain probe
BASAGLAR,Insulin glargine,Eli Lilly and Company,patient,https://insulins.lilly.com/basaglar,403,text/html; charset=UTF-8,direct branded domain blocks simple HTTP,verify in browser before merging; candidate identified from direct brand-domain probe
BASAGLAR,Insulin glargine,Eli Lilly and Company,patient,https://insulins.lilly.com/basaglar,403,text/html; charset=UTF-8,direct branded domain blocks simple HTTP,verify in browser before merging; candidate identified from direct brand-domain probe
BESREMi,ROPEGINTERFERON ALFA-2B,PharmaEssentia USA,hcp,https://www.besremihcp.com/,200,text/html; charset=UTF-8,visible brand text; HCP text; patient text,verify in browser before merging; candidate identified from direct brand-domain probe
BESREMi,ROPEGINTERFERON ALFA-2B,PharmaEssentia USA,patient,https://www.besremi.com/,200,text/html,visible brand text; HCP text; patient text,verify in browser before merging; candidate identified from direct brand-domain probe
BESREMi,ROPEGINTERFERON ALFA-2B,PharmaEssentia USA,hcp,https://www.besremihcp.com/,200,text/html; charset=UTF-8,visible brand text; HCP text; patient text,verify in browser before merging; candidate identified from direct brand-domain probe
BESREMi,ROPEGINTERFERON ALFA-2B,PharmaEssentia USA,patient,https://www.besremi.com/,200,text/html,visible brand text; HCP text; patient text,verify in browser before merging; candidate identified from direct brand-domain probe
BONDLIDO,lidocaine,"MEDRx USA, Inc.",patient,https://www.bondlido.com/,200,text/html; charset=UTF-8,visible brand text,verify in browser before merging; candidate identified from direct brand-domain probe
BONDLIDO,lidocaine,"MEDRx USA, Inc.",patient,https://www.bondlido.com/,200,text/html; charset=UTF-8,visible brand text,verify in browser before merging; candidate identified from direct brand-domain probe
BONJESTA,doxylamine succinate and pyridoxine hydrochloride,"Duchesnay USA, Inc.",patient,https://bonjesta.com/,200,text/html;charset=utf-8,visible brand text,verify in browser before merging; candidate identified from direct brand-domain probe
BONJESTA,doxylamine succinate and pyridoxine hydrochloride,"Duchesnay USA, Inc.",hcp,https://hcp.bonjesta.com/,200,text/html;charset=utf-8,visible brand text; HCP text,verify in browser before merging; candidate identified from direct brand-domain probe
BONJESTA,doxylamine succinate and pyridoxine hydrochloride,"Duchesnay USA, Inc.",patient,https://bonjesta.com/,200,text/html;charset=utf-8,visible brand text,verify in browser before merging; candidate identified from direct brand-domain probe
BRIDION,sugammadex,"Medical Purchasing Solutions, LLC; Merck Sharp & Dohme LLC; ProPharma Distribution",hcp,https://www.merckconnect.com/bridion/dosing-administration/,200,text/html; charset=UTF-8,visible brand text; HCP text,verify in browser before merging; candidate identified from direct brand-domain probe
BRIDION,sugammadex,"Medical Purchasing Solutions, LLC; Merck Sharp & Dohme LLC; ProPharma Distribution",hcp,https://www.merckconnect.com/bridion/dosing-administration/,200,text/html; charset=UTF-8,visible brand text; HCP text,verify in browser before merging; candidate identified from direct brand-domain probe
BRIDION,sugammadex,"Medical Purchasing Solutions, LLC; Merck Sharp & Dohme LLC; ProPharma Distribution",patient,https://www.merckconnect.com/bridion/dosing-administration/,200,text/html; charset=UTF-8,visible brand text; HCP text,verify in browser before merging; candidate identified from direct brand-domain probe
BRIDION,sugammadex,"Medical Purchasing Solutions, LLC; Merck Sharp & Dohme LLC; ProPharma Distribution",patient,https://www.merckconnect.com/bridion/dosing-administration/,200,text/html; charset=UTF-8,visible brand text; HCP text,verify in browser before merging; candidate identified from direct brand-domain probe
BRIDION,sugammadex,"Medical Purchasing Solutions, LLC; Merck Sharp & Dohme LLC; ProPharma Distribution",patient,https://www.merckconnect.com/bridion/dosing-administration/,200,text/html; charset=UTF-8,visible brand text; HCP text,verify in browser before merging; candidate identified from direct brand-domain probe
BRIDION,sugammadex,"Medical Purchasing Solutions, LLC; Merck Sharp & Dohme LLC; ProPharma Distribution",patient,https://www.merckconnect.com/bridion/dosing-administration/,200,text/html; charset=UTF-8,visible brand text; HCP text,verify in browser before merging; candidate identified from direct brand-domain probe
BRIDION,sugammadex,"Medical Purchasing Solutions, LLC; Merck Sharp & Dohme LLC; ProPharma Distribution",patient,https://www.merckconnect.com/bridion/dosing-administration/,200,text/html; charset=UTF-8,visible brand text; HCP text,verify in browser before merging; candidate identified from direct brand-domain probe
BRIDION,sugammadex,"Medical Purchasing Solutions, LLC; Merck Sharp & Dohme LLC; ProPharma Distribution",patient,https://www.merckconnect.com/bridion/dosing-administration/,200,text/html; charset=UTF-8,visible brand text; HCP text,verify in browser before merging; candidate identified from direct brand-domain probe
Betadine,povidone-iodine,"Alcon Laboratories, Inc.",patient,https://betadine.com/,200,text/html; charset=UTF-8,visible brand text,verify in browser before merging; candidate identified from direct brand-domain probe
Betadine,povidone-iodine,"Alcon Laboratories, Inc.",patient,https://betadine.com/,200,text/html; charset=UTF-8,visible brand text,verify in browser before merging; candidate identified from direct brand-domain probe
Blood Collection System,CP2D/AS-3 triple with sampling system,GVS TM INC,patient,https://www.bloodcollectionsystem.com/,200,text/html,visible brand text; patient text,verify in browser before merging; candidate identified from direct brand-domain probe
Blood Collection System,CP2D/AS-3 triple with sampling system,GVS TM INC,patient,https://www.bloodcollectionsystem.com/,200,text/html,visible brand text; patient text,verify in browser before merging; candidate identified from direct brand-domain probe
Cambia,diclofenac potassium,"Assertio Therapeutics, Inc.",hcp,https://www.cambiahealth.com/,200,text/html; charset=UTF-8,visible brand text,verify in browser before merging; candidate identified from direct brand-domain probe
Cambia,diclofenac potassium,"Assertio Therapeutics, Inc.",patient,https://www.cambiahealth.com/,200,text/html; charset=UTF-8,visible brand text,verify in browser before merging; candidate identified from direct brand-domain probe
Cambia,diclofenac potassium,"Assertio Therapeutics, Inc.",patient,https://www.cambiahealth.com/,200,text/html; charset=UTF-8,visible brand text,verify in browser before merging; candidate identified from direct brand-domain probe
Cambia,diclofenac potassium,"Assertio Therapeutics, Inc.",patient,https://www.cambiahealth.com/,200,text/html; charset=UTF-8,visible brand text,verify in browser before merging; candidate identified from direct brand-domain probe
Cambia,diclofenac potassium,"Assertio Therapeutics, Inc.",hcp,https://www.cambiahealth.com/,200,text/html; charset=UTF-8,visible brand text,verify in browser before merging; candidate identified from direct brand-domain probe
Cambia,diclofenac potassium,"Assertio Therapeutics, Inc.",patient,https://www.cambiahealth.com/,200,text/html; charset=UTF-8,visible brand text,verify in browser before merging; candidate identified from direct brand-domain probe
Cambia,diclofenac potassium,"Assertio Therapeutics, Inc.",patient,https://www.cambiahealth.com/,200,text/html; charset=UTF-8,visible brand text,verify in browser before merging; candidate identified from direct brand-domain probe
Cambia,diclofenac potassium,"Assertio Therapeutics, Inc.",patient,https://www.cambiahealth.com/,200,text/html; charset=UTF-8,visible brand text,verify in browser before merging; candidate identified from direct brand-domain probe
Carbatrol,carbamazepine,"Takeda Pharmaceuticals America, Inc.",hcp,https://www.takeda.com/en-us/about/products/,200,text/html; charset=utf-8,patient text,verify in browser before merging; candidate identified from direct brand-domain probe
Carbatrol,carbamazepine,"Takeda Pharmaceuticals America, Inc.",patient,https://www.takeda.com/en-us/about/products/,200,text/html; charset=utf-8,patient text,verify in browser before merging; candidate identified from direct brand-domain probe
Carbatrol,carbamazepine,"Takeda Pharmaceuticals America, Inc.",patient,https://www.takeda.com/en-us/about/products/,200,text/html; charset=utf-8,patient text,verify in browser before merging; candidate identified from direct brand-domain probe
Carbatrol,carbamazepine,"Takeda Pharmaceuticals America, Inc.",patient,https://www.takeda.com/en-us/about/products/,200,text/html; charset=utf-8,patient text,verify in browser before merging; candidate identified from direct brand-domain probe
Carbatrol,carbamazepine,"Takeda Pharmaceuticals America, Inc.",hcp,https://www.takeda.com/en-us/about/products/,200,text/html; charset=utf-8,patient text,verify in browser before merging; candidate identified from direct brand-domain probe
Carbatrol,carbamazepine,"Takeda Pharmaceuticals America, Inc.",patient,https://www.takeda.com/en-us/about/products/,200,text/html; charset=utf-8,patient text,verify in browser before merging; candidate identified from direct brand-domain probe
Carbatrol,carbamazepine,"Takeda Pharmaceuticals America, Inc.",patient,https://www.takeda.com/en-us/about/products/,200,text/html; charset=utf-8,patient text,verify in browser before merging; candidate identified from direct brand-domain probe
Carbatrol,carbamazepine,"Takeda Pharmaceuticals America, Inc.",patient,https://www.takeda.com/en-us/about/products/,200,text/html; charset=utf-8,patient text,verify in browser before merging; candidate identified from direct brand-domain probe
Cardiolite,TETRAKIS(2-METHOXYISOBUTYLISOCYANIDE)COPPER(I) TETRAFLUOROBORATE,"Lantheus Medical Imaging, Inc.",patient,https://www.cardiolite.com/,200,text/html; charset=utf-8,visible brand text; HCP text; patient text,verify in browser before merging; candidate identified from direct brand-domain probe
Cardiolite,TETRAKIS(2-METHOXYISOBUTYLISOCYANIDE)COPPER(I) TETRAFLUOROBORATE,"Lantheus Medical Imaging, Inc.",patient,https://www.cardiolite.com/,200,text/html; charset=utf-8,visible brand text; HCP text; patient text,verify in browser before merging; candidate identified from direct brand-domain probe
BRENZAVVY,Bexagliflozin,"TheracosBio, LLC",patient,https://brenzavvy.com/,200,text/html; charset=UTF-8,visible brand text; patient text,verify in browser before merging; candidate identified from direct brand-domain probe
BRENZAVVY,Bexagliflozin,"TheracosBio, LLC",patient,https://brenzavvy.com/,200,text/html; charset=UTF-8,visible brand text; patient text,verify in browser before merging; candidate identified from direct brand-domain probe
BRENZAVVY,Bexagliflozin,"TheracosBio, LLC",patient,https://brenzavvy.com/,200,text/html; charset=UTF-8,visible brand text; patient text,verify in browser before merging; candidate identified from direct brand-domain probe
CASODEX,Bicalutamide,"ANI Pharmaceuticals, Inc.",patient,https://www.casodex.com/,200,text/html; charset=UTF-8,HCP text; patient text,verify in browser before merging; candidate identified from direct brand-domain probe
CASODEX,Bicalutamide,"ANI Pharmaceuticals, Inc.",patient,https://casodex.com/,200,text/html; charset=UTF-8,HCP text; patient text,verify in browser before merging; candidate identified from direct brand-domain probe
Chemet,succimer,"Recordati Rare Diseases, Inc.",patient,https://www.chemet.com/,200,text/html;charset=utf-8,visible brand text,verify in browser before merging; candidate identified from direct brand-domain probe
Chemet,succimer,"Recordati Rare Diseases, Inc.",patient,https://www.chemet.com/,200,text/html;charset=utf-8,visible brand text,verify in browser before merging; candidate identified from direct brand-domain probe
Cialis,Tadalafil,Eli Lilly and Company,hcp,https://www.cialispro.com/,403,text/html; charset=UTF-8,direct branded domain blocks simple HTTP,verify in browser before merging; candidate identified from direct brand-domain probe
Cialis,Tadalafil,Eli Lilly and Company,hcp,https://cialispro.com/,403,text/html; charset=UTF-8,direct branded domain blocks simple HTTP,verify in browser before merging; candidate identified from direct brand-domain probe
Cialis,Tadalafil,Eli Lilly and Company,hcp,https://www.lilly.com/products/historic-products,403,text/html; charset=UTF-8,direct branded domain blocks simple HTTP,verify in browser before merging; candidate identified from direct brand-domain probe
Cialis,Tadalafil,Eli Lilly and Company,patient,https://www.lilly.com/products/historic-products,403,text/html; charset=UTF-8,direct branded domain blocks simple HTTP,verify in browser before merging; candidate identified from direct brand-domain probe
Cialis,Tadalafil,Eli Lilly and Company,patient,https://www.lilly.com/products/historic-products,403,text/html; charset=UTF-8,direct branded domain blocks simple HTTP,verify in browser before merging; candidate identified from direct brand-domain probe
Cialis,Tadalafil,Eli Lilly and Company,patient,https://www.lilly.com/products/historic-products,403,text/html; charset=UTF-8,direct branded domain blocks simple HTTP,verify in browser before merging; candidate identified from direct brand-domain probe
Cialis,Tadalafil,Eli Lilly and Company,patient,https://www.lilly.com/products/historic-products,403,text/html; charset=UTF-8,direct branded domain blocks simple HTTP,verify in browser before merging; candidate identified from direct brand-domain probe
Cialis,Tadalafil,Eli Lilly and Company,patient,https://www.lilly.com/products/historic-products,403,text/html; charset=UTF-8,direct branded domain blocks simple HTTP,verify in browser before merging; candidate identified from direct brand-domain probe
CIMERLI,ranibizumab-eqrn,Coherus BioSciences Inc; Sandoz Inc,patient,https://www.cimerli.com/,200,text/html; charset=UTF-8,visible brand text,verify in browser before merging; candidate identified from direct brand-domain probe
CIMERLI,ranibizumab-eqrn,Coherus BioSciences Inc; Sandoz Inc,patient,https://www.cimerli.com/,200,text/html; charset=UTF-8,visible brand text,verify in browser before merging; candidate identified from direct brand-domain probe
Cetrotide,cetrorelix acetate,"EMD Serono, Inc.",hcp,https://hcp.cetrotide.com/,403,application/xml,direct branded domain blocks simple HTTP,verify in browser before merging; candidate identified from direct brand-domain probe
Cleviprex,clevipidine,"Chiesi USA, Inc.",patient,https://cleviprex.com/,200,text/html; charset=UTF-8,visible brand text; HCP text; patient text,verify in browser before merging; candidate identified from direct brand-domain probe
Cleviprex,clevipidine,"Chiesi USA, Inc.",patient,https://cleviprex.com/,200,text/html; charset=UTF-8,visible brand text; HCP text; patient text,verify in browser before merging; candidate identified from direct brand-domain probe
Cleviprex,clevidipine,Fresenius Kabi Austria GmbH,patient,https://cleviprex.com/,200,text/html; charset=UTF-8,visible brand text; HCP text; patient text,verify in browser before merging; candidate identified from direct brand-domain probe
Cleviprex,clevidipine,Fresenius Kabi Austria GmbH,patient,https://cleviprex.com/,200,text/html; charset=UTF-8,visible brand text; HCP text; patient text,verify in browser before merging; candidate identified from direct brand-domain probe
Climara Pro,Estradiol and Levonorgestrel,Bayer HealthCare Pharmaceuticals Inc.,hcp,https://www.climarapro.com/healthcare-professionals,403,text/html,direct branded domain blocks simple HTTP,verify in browser before merging; candidate identified from direct brand-domain probe
Climara Pro,Estradiol and Levonorgestrel,Bayer HealthCare Pharmaceuticals Inc.,hcp,https://hcp.climarapro.com/,403,text/html,direct branded domain blocks simple HTTP,verify in browser before merging; candidate identified from direct brand-domain probe
Climara Pro,Estradiol and Levonorgestrel,Bayer HealthCare Pharmaceuticals Inc.,hcp,https://www.climarapro.com/hcp,403,text/html,direct branded domain blocks simple HTTP,verify in browser before merging; candidate identified from direct brand-domain probe
Climara Pro,Estradiol and Levonorgestrel,Bayer HealthCare Pharmaceuticals Inc.,hcp,https://www.climarapro.com/,403,text/html,direct branded domain blocks simple HTTP,verify in browser before merging; candidate identified from direct brand-domain probe
Climara Pro,Estradiol and Levonorgestrel,Bayer HealthCare Pharmaceuticals Inc.,patient,https://www.climarapro.com/patients,403,text/html,direct branded domain blocks simple HTTP,verify in browser before merging; candidate identified from direct brand-domain probe
Climara Pro,Estradiol and Levonorgestrel,Bayer HealthCare Pharmaceuticals Inc.,patient,https://www.climarapro.com/savings,403,text/html,direct branded domain blocks simple HTTP,verify in browser before merging; candidate identified from direct brand-domain probe
Climara Pro,Estradiol and Levonorgestrel,Bayer HealthCare Pharmaceuticals Inc.,patient,https://www.climarapro.com/,403,text/html,direct branded domain blocks simple HTTP,verify in browser before merging; candidate identified from direct brand-domain probe
Climara Pro,Estradiol and Levonorgestrel,Bayer HealthCare Pharmaceuticals Inc.,patient,https://www.climarapro.com/patient-support,403,text/html,direct branded domain blocks simple HTTP,verify in browser before merging; candidate identified from direct brand-domain probe
Climara Pro,Estradiol and Levonorgestrel,Bayer HealthCare Pharmaceuticals Inc.,patient,https://www.climarapro.com/patient,403,text/html,direct branded domain blocks simple HTTP,verify in browser before merging; candidate identified from direct brand-domain probe
Climara Pro,Estradiol and Levonorgestrel,Bayer HealthCare Pharmaceuticals Inc.,hcp,https://www.climarapro.com/,403,text/html,direct branded domain blocks simple HTTP,verify in browser before merging; candidate identified from direct brand-domain probe
Climara Pro,Estradiol and Levonorgestrel,Bayer HealthCare Pharmaceuticals Inc.,patient,https://www.climarapro.com/,403,text/html,direct branded domain blocks simple HTTP,verify in browser before merging; candidate identified from direct brand-domain probe
Clinolipid,Olive Oil and Soybean Oil,Baxter Healthcare Corporation,patient,https://clinolipid.com/,200,text/html,visible brand text,verify in browser before merging; candidate identified from direct brand-domain probe
Clinolipid,Olive Oil and Soybean Oil,Baxter Healthcare Corporation,patient,https://www.clinolipid.com/,200,text/html,visible brand text,verify in browser before merging; candidate identified from direct brand-domain probe
COMBIGAN,"brimonidine tartrate, timolol maleate","Allergan, Inc.",hcp,https://www.combigan.com/hcp,403,text/html; charset=UTF-8,direct branded domain blocks simple HTTP,verify in browser before merging; candidate identified from direct brand-domain probe
COMBIGAN,"brimonidine tartrate, timolol maleate","Allergan, Inc.",patient,https://www.combigan.com/,403,text/html; charset=UTF-8,direct branded domain blocks simple HTTP,verify in browser before merging; candidate identified from direct brand-domain probe
COMBIGAN,"brimonidine tartrate, timolol maleate","Allergan, Inc.",patient,https://www.combigan.com/patient-support,403,text/html; charset=UTF-8,direct branded domain blocks simple HTTP,verify in browser before merging; candidate identified from direct brand-domain probe
COMBIGAN,"brimonidine tartrate, timolol maleate","Allergan, Inc.",patient,https://www.combigan.com/patients,403,text/html; charset=UTF-8,direct branded domain blocks simple HTTP,verify in browser before merging; candidate identified from direct brand-domain probe
COMBIGAN,"brimonidine tartrate, timolol maleate","Allergan, Inc.",hcp,https://www.combigan.com/healthcare-professionals,403,text/html; charset=UTF-8,direct branded domain blocks simple HTTP,verify in browser before merging; candidate identified from direct brand-domain probe
COMBIGAN,"brimonidine tartrate, timolol maleate","Allergan, Inc.",patient,https://www.combigan.com/patient,403,text/html; charset=UTF-8,direct branded domain blocks simple HTTP,verify in browser before merging; candidate identified from direct brand-domain probe
COMBIGAN,"brimonidine tartrate, timolol maleate","Allergan, Inc.",patient,https://www.combigan.com/,403,text/html; charset=UTF-8,direct branded domain blocks simple HTTP,verify in browser before merging; candidate identified from direct brand-domain probe
CONCERTA,Methylphenidate hydrochloride,"Janssen Pharmaceuticals, Inc.",patient,https://www.concerta.com/,200,text/html,visible brand text,verify in browser before merging; candidate identified from direct brand-domain probe
CONCERTA,Methylphenidate hydrochloride,"Janssen Pharmaceuticals, Inc.",patient,https://concerta.com/,200,text/html,visible brand text,verify in browser before merging; candidate identified from direct brand-domain probe
Colcrys,Colchicine,Proficient Rx LP,hcp,https://www.takeda.com/en-us/about/products/,200,text/html; charset=utf-8,patient text,verify in browser before merging; candidate identified from direct brand-domain probe
Colcrys,Colchicine,Proficient Rx LP,hcp,https://www.takeda.com/en-us/about/products/,200,text/html; charset=utf-8,patient text,verify in browser before merging; candidate identified from direct brand-domain probe
Colcrys,Colchicine,Proficient Rx LP,hcp,https://www.takeda.com/en-us/about/products/,200,text/html; charset=utf-8,patient text,verify in browser before merging; candidate identified from direct brand-domain probe
Colcrys,Colchicine,Proficient Rx LP,hcp,https://www.takeda.com/en-us/about/products/,200,text/html; charset=utf-8,patient text,verify in browser before merging; candidate identified from direct brand-domain probe
Colcrys,Colchicine,Proficient Rx LP,patient,https://www.takeda.com/en-us/about/products/,200,text/html; charset=utf-8,patient text,verify in browser before merging; candidate identified from direct brand-domain probe
Colcrys,Colchicine,Proficient Rx LP,patient,https://www.takeda.com/en-us/about/products/,200,text/html; charset=utf-8,patient text,verify in browser before merging; candidate identified from direct brand-domain probe
Colcrys,Colchicine,Proficient Rx LP,patient,https://www.takeda.com/en-us/about/products/,200,text/html; charset=utf-8,patient text,verify in browser before merging; candidate identified from direct brand-domain probe
Colcrys,Colchicine,Proficient Rx LP,patient,https://www.takeda.com/en-us/about/products/,200,text/html; charset=utf-8,patient text,verify in browser before merging; candidate identified from direct brand-domain probe
Colcrys,Colchicine,Proficient Rx LP,patient,https://www.takeda.com/en-us/about/products/,200,text/html; charset=utf-8,patient text,verify in browser before merging; candidate identified from direct brand-domain probe
Colcrys,Colchicine,Proficient Rx LP,patient,https://www.takeda.com/en-us/about/products/,200,text/html; charset=utf-8,patient text,verify in browser before merging; candidate identified from direct brand-domain probe
Conray,iothalamate meglumine,Liebel-Flarsheim Company LLC,patient,https://www.conray.com/,200,text/html;charset=utf-8,visible brand text,verify in browser before merging; candidate identified from direct brand-domain probe
Conray,iothalamate meglumine,Liebel-Flarsheim Company LLC,patient,https://www.conray.com/,200,text/html;charset=utf-8,visible brand text,verify in browser before merging; candidate identified from direct brand-domain probe
Climara,Estradiol,Bayer HealthCare Pharmaceuticals Inc.,hcp,https://www.climarapro.com/,403,text/html,direct branded domain blocks simple HTTP,verify in browser before merging; candidate identified from direct brand-domain probe
Climara,Estradiol,Bayer HealthCare Pharmaceuticals Inc.,hcp,https://www.climarapro.com/,403,text/html,direct branded domain blocks simple HTTP,verify in browser before merging; candidate identified from direct brand-domain probe
Cyanokit,Hydroxocobalamin,BTG INTERNATIONAL INC.,patient,https://cyanokit.com/,200,text/html,visible brand text; HCP text; patient text,verify in browser before merging; candidate identified from direct brand-domain probe
Cyanokit,Hydroxocobalamin,BTG INTERNATIONAL INC.,patient,https://cyanokit.com/,200,text/html,visible brand text; HCP text; patient text,verify in browser before merging; candidate identified from direct brand-domain probe
Corlanor,ivabradine,Amgen Inc,hcp,https://www.amgen.com/products,200,text/html; charset=utf-8,HCP text; patient text,verify in browser before merging; candidate identified from direct brand-domain probe
Corlanor,ivabradine,Amgen Inc,hcp,https://www.amgen.com/products,200,text/html; charset=utf-8,HCP text; patient text,verify in browser before merging; candidate identified from direct brand-domain probe
Corlanor,ivabradine,Amgen Inc,hcp,https://www.amgen.com/products,200,text/html; charset=utf-8,HCP text; patient text,verify in browser before merging; candidate identified from direct brand-domain probe
Corlanor,ivabradine,Amgen Inc,patient,https://www.amgen.com/products,200,text/html; charset=utf-8,HCP text; patient text,verify in browser before merging; candidate identified from direct brand-domain probe
Corlanor,ivabradine,Amgen Inc,hcp,https://www.amgen.com/products,200,text/html; charset=utf-8,HCP text; patient text,verify in browser before merging; candidate identified from direct brand-domain probe
Corlanor,ivabradine,Amgen Inc,patient,https://www.amgen.com/products,200,text/html; charset=utf-8,HCP text; patient text,verify in browser before merging; candidate identified from direct brand-domain probe
Corlanor,ivabradine,Amgen Inc,patient,https://www.amgen.com/products,200,text/html; charset=utf-8,HCP text; patient text,verify in browser before merging; candidate identified from direct brand-domain probe
Corlanor,ivabradine,Amgen Inc,patient,https://www.amgen.com/products,200,text/html; charset=utf-8,HCP text; patient text,verify in browser before merging; candidate identified from direct brand-domain probe
Corlanor,ivabradine,Amgen Inc,patient,https://www.amgen.com/products,200,text/html; charset=utf-8,HCP text; patient text,verify in browser before merging; candidate identified from direct brand-domain probe
Corlanor,ivabradine,Amgen Inc,patient,https://www.amgen.com/products,200,text/html; charset=utf-8,HCP text; patient text,verify in browser before merging; candidate identified from direct brand-domain probe
Cortrosyn,Cosyntropin,"Amphastar Pharmaceuticals, Inc.; Medical Purchasing Solutions, LLC",patient,https://amphastar.com/cortrosyn.html,200,text/html,visible brand text; HCP text; patient text,verify in browser before merging; candidate identified from direct brand-domain probe
Cortrosyn,Cosyntropin,"Amphastar Pharmaceuticals, Inc.; Medical Purchasing Solutions, LLC",patient,https://amphastar.com/cortrosyn.html,200,text/html,visible brand text; HCP text; patient text,verify in browser before merging; candidate identified from direct brand-domain probe
Cyltezo,adalimumab-adbm,"Boehringer Ingelheim Pharmaceuticals, Inc.",hcp,https://pro.boehringer-ingelheim.com/us/products/cyltezo/,403,text/html,direct branded domain blocks simple HTTP,verify in browser before merging; candidate identified from direct brand-domain probe
Cyltezo,adalimumab-adbm,"Boehringer Ingelheim Pharmaceuticals, Inc.",hcp,https://pro.boehringer-ingelheim.com/us/products/cyltezo/,403,text/html,direct branded domain blocks simple HTTP,verify in browser before merging; candidate identified from direct brand-domain probe
Cyltezo,adalimumab-adbm,"Boehringer Ingelheim Pharmaceuticals, Inc.",hcp,https://pro.boehringer-ingelheim.com/us/products/cyltezo/,403,text/html,direct branded domain blocks simple HTTP,verify in browser before merging; candidate identified from direct brand-domain probe
Cyltezo,adalimumab-adbm,"Boehringer Ingelheim Pharmaceuticals, Inc.",hcp,https://pro.boehringer-ingelheim.com/us/products/cyltezo/,403,text/html,direct branded domain blocks simple HTTP,verify in browser before merging; candidate identified from direct brand-domain probe
CYRAMZA,ramucirumab,Eli Lilly and Company,hcp,https://cyramza.lilly.com/,403,text/html; charset=UTF-8,direct branded domain blocks simple HTTP,verify in browser before merging; candidate identified from direct brand-domain probe
CYRAMZA,ramucirumab,Eli Lilly and Company,hcp,https://cyramza.lilly.com/,403,text/html; charset=UTF-8,direct branded domain blocks simple HTTP,verify in browser before merging; candidate identified from direct brand-domain probe
CYRAMZA,ramucirumab,Eli Lilly and Company,hcp,https://cyramza.lilly.com/healthcare-professionals,403,text/html; charset=UTF-8,direct branded domain blocks simple HTTP,verify in browser before merging; candidate identified from direct brand-domain probe
CYRAMZA,ramucirumab,Eli Lilly and Company,hcp,https://cyramza.lilly.com/hcp,403,text/html; charset=UTF-8,direct branded domain blocks simple HTTP,verify in browser before merging; candidate identified from direct brand-domain probe
CYRAMZA,ramucirumab,Eli Lilly and Company,patient,https://cyramza.lilly.com/patients,403,text/html; charset=UTF-8,direct branded domain blocks simple HTTP,verify in browser before merging; candidate identified from direct brand-domain probe
CYRAMZA,ramucirumab,Eli Lilly and Company,patient,https://cyramza.lilly.com/patient-support,403,text/html; charset=UTF-8,direct branded domain blocks simple HTTP,verify in browser before merging; candidate identified from direct brand-domain probe
CYRAMZA,ramucirumab,Eli Lilly and Company,patient,https://cyramza.lilly.com/,403,text/html; charset=UTF-8,direct branded domain blocks simple HTTP,verify in browser before merging; candidate identified from direct brand-domain probe
CYRAMZA,ramucirumab,Eli Lilly and Company,patient,https://cyramza.lilly.com/patient,403,text/html; charset=UTF-8,direct branded domain blocks simple HTTP,verify in browser before merging; candidate identified from direct brand-domain probe
CYRAMZA,ramucirumab,Eli Lilly and Company,patient,https://cyramza.lilly.com/,403,text/html; charset=UTF-8,direct branded domain blocks simple HTTP,verify in browser before merging; candidate identified from direct brand-domain probe
CYRAMZA,ramucirumab,Eli Lilly and Company,patient,https://cyramza.lilly.com/savings,403,text/html; charset=UTF-8,direct branded domain blocks simple HTTP,verify in browser before merging; candidate identified from direct brand-domain probe
DEFENCATH,taurolidine and heparin,CorMedix Inc.,patient,https://www.defencath.com/,200,text/html; charset=utf-8,visible brand text; HCP text; patient text,verify in browser before merging; candidate identified from direct brand-domain probe
DEFENCATH,taurolidine and heparin,CorMedix Inc.,patient,https://www.defencath.com/,200,text/html; charset=utf-8,visible brand text; HCP text; patient text,verify in browser before merging; candidate identified from direct brand-domain probe
CYCLOSET,bromocriptine mesylate,Avvisto Therapeutics LLC,patient,https://cycloset.com/,200,text/html; charset=UTF-8,visible brand text; HCP text; patient text,verify in browser before merging; candidate identified from direct brand-domain probe
CYCLOSET,bromocriptine mesylate,Avvisto Therapeutics LLC,patient,https://cycloset.com/,200,text/html; charset=UTF-8,visible brand text; HCP text; patient text,verify in browser before merging; candidate identified from direct brand-domain probe
Crinone,progesterone,"Allergan, Inc.",hcp,https://hcp.crinone.com/,403,application/xml,direct branded domain blocks simple HTTP,verify in browser before merging; candidate identified from direct brand-domain probe
Denavir,penciclovir,Mylan Pharmaceuticals Inc.,patient,https://www.denavir.com/savings,200,text/html,visible brand text; patient text,verify in browser before merging; candidate identified from direct brand-domain probe
Denavir,penciclovir,Mylan Pharmaceuticals Inc.,patient,https://www.denavir.com/patient,200,text/html,visible brand text; patient text,verify in browser before merging; candidate identified from direct brand-domain probe
Depakote,Divalproex Sodium,AbbVie Inc.,hcp,https://www.depakotehcp.com/,403,text/html; charset=UTF-8,direct branded domain blocks simple HTTP,verify in browser before merging; candidate identified from direct brand-domain probe
Depakote,Divalproex Sodium,AbbVie Inc.,hcp,https://www.depakote.com/healthcare-professionals,403,text/html; charset=UTF-8,direct branded domain blocks simple HTTP,verify in browser before merging; candidate identified from direct brand-domain probe
Depakote,Divalproex Sodium,AbbVie Inc.,patient,https://www.depakote.com/patients,403,text/html; charset=UTF-8,direct branded domain blocks simple HTTP,verify in browser before merging; candidate identified from direct brand-domain probe
Depakote,Divalproex Sodium,AbbVie Inc.,patient,https://www.depakote.com/patient-support,403,text/html; charset=UTF-8,direct branded domain blocks simple HTTP,verify in browser before merging; candidate identified from direct brand-domain probe
Depakote,Divalproex Sodium,AbbVie Inc.,patient,https://www.depakote.com/patient,403,text/html; charset=UTF-8,direct branded domain blocks simple HTTP,verify in browser before merging; candidate identified from direct brand-domain probe
Depakote,Divalproex Sodium,AbbVie Inc.,hcp,https://www.depakote.com/hcp,403,text/html; charset=UTF-8,direct branded domain blocks simple HTTP,verify in browser before merging; candidate identified from direct brand-domain probe
Depakote,Divalproex Sodium,AbbVie Inc.,patient,https://www.depakote.com/,403,text/html; charset=UTF-8,direct branded domain blocks simple HTTP,verify in browser before merging; candidate identified from direct brand-domain probe
Depakote,Divalproex Sodium,AbbVie Inc.,patient,https://www.depakote.com/savings,403,text/html; charset=UTF-8,direct branded domain blocks simple HTTP,verify in browser before merging; candidate identified from direct brand-domain probe
Depakote,Divalproex Sodium,AbbVie Inc.,hcp,https://www.depakotehcp.com/,403,text/html; charset=UTF-8,direct branded domain blocks simple HTTP,verify in browser before merging; candidate identified from direct brand-domain probe
DEXTENZA,dexamethasone,"Ocular Therapeutix, Inc.",patient,https://www.dextenza.com/,200,text/html; charset=UTF-8,visible brand text; HCP text; patient text,verify in browser before merging; candidate identified from direct brand-domain probe
DEXTENZA,dexamethasone,"Ocular Therapeutix, Inc.",patient,https://www.dextenza.com/,200,text/html; charset=UTF-8,visible brand text; HCP text; patient text,verify in browser before merging; candidate identified from direct brand-domain probe
DEXTENZA,dexamethasone,"Ocular Therapeutix, Inc.",patient,https://www.dextenza.com/product-content-kit/patient-education-content/,200,text/html; charset=UTF-8,visible brand text; HCP text; patient text,verify in browser before merging; candidate identified from direct brand-domain probe
Dexilant,dexlansoprazole,"Takeda Pharmaceuticals America, Inc.",hcp,https://www.takeda.com/en-us/about/products/,200,text/html; charset=utf-8,patient text,verify in browser before merging; candidate identified from direct brand-domain probe
Dexilant,dexlansoprazole,"Takeda Pharmaceuticals America, Inc.",hcp,https://www.takeda.com/en-us/about/products/,200,text/html; charset=utf-8,patient text,verify in browser before merging; candidate identified from direct brand-domain probe
Dexilant,dexlansoprazole,"Takeda Pharmaceuticals America, Inc.",hcp,https://www.takeda.com/en-us/about/products/,200,text/html; charset=utf-8,patient text,verify in browser before merging; candidate identified from direct brand-domain probe
Dexilant,dexlansoprazole,"Takeda Pharmaceuticals America, Inc.",patient,https://www.takeda.com/en-us/about/products/,200,text/html; charset=utf-8,patient text,verify in browser before merging; candidate identified from direct brand-domain probe
Dexilant,dexlansoprazole,"Takeda Pharmaceuticals America, Inc.",patient,https://www.takeda.com/en-us/about/products/,200,text/html; charset=utf-8,patient text,verify in browser before merging; candidate identified from direct brand-domain probe
Dexilant,dexlansoprazole,"Takeda Pharmaceuticals America, Inc.",patient,https://www.takeda.com/en-us/about/products/,200,text/html; charset=utf-8,patient text,verify in browser before merging; candidate identified from direct brand-domain probe
Dexilant,dexlansoprazole,"Takeda Pharmaceuticals America, Inc.",patient,https://www.takeda.com/en-us/about/products/,200,text/html; charset=utf-8,patient text,verify in browser before merging; candidate identified from direct brand-domain probe
Dexilant,dexlansoprazole,"Takeda Pharmaceuticals America, Inc.",hcp,https://www.takeda.com/en-us/about/products/,200,text/html; charset=utf-8,patient text,verify in browser before merging; candidate identified from direct brand-domain probe
Dexilant,dexlansoprazole,"Takeda Pharmaceuticals America, Inc.",patient,https://www.takeda.com/en-us/about/products/,200,text/html; charset=utf-8,patient text,verify in browser before merging; candidate identified from direct brand-domain probe
Dexilant,dexlansoprazole,"Takeda Pharmaceuticals America, Inc.",patient,https://www.takeda.com/en-us/about/products/,200,text/html; charset=utf-8,patient text,verify in browser before merging; candidate identified from direct brand-domain probe
Dexycu,dexamethasone,"EyePoint Pharmaceuticals US, Inc",hcp,https://eyepoint.bio/?from=eyepointpharma,200,text/html; charset=UTF-8,patient text,verify in browser before merging; candidate identified from direct brand-domain probe
Dexycu,dexamethasone,"EyePoint Pharmaceuticals US, Inc",hcp,https://eyepoint.bio/?from=eyepointpharma,200,text/html; charset=UTF-8,patient text,verify in browser before merging; candidate identified from direct brand-domain probe
Dexycu,dexamethasone,"EyePoint Pharmaceuticals US, Inc",patient,https://eyepoint.bio/?from=eyepointpharma,200,text/html; charset=UTF-8,patient text,verify in browser before merging; candidate identified from direct brand-domain probe
Dexycu,dexamethasone,"EyePoint Pharmaceuticals US, Inc",patient,https://eyepoint.bio/?from=eyepointpharma,200,text/html; charset=UTF-8,patient text,verify in browser before merging; candidate identified from direct brand-domain probe
Dexycu,dexamethasone,"EyePoint Pharmaceuticals US, Inc",patient,https://eyepoint.bio/?from=eyepointpharma,200,text/html; charset=UTF-8,patient text,verify in browser before merging; candidate identified from direct brand-domain probe
Dexycu,dexamethasone,"EyePoint Pharmaceuticals US, Inc",patient,https://eyepoint.bio/?from=eyepointpharma,200,text/html; charset=UTF-8,patient text,verify in browser before merging; candidate identified from direct brand-domain probe
Dexycu,dexamethasone,"EyePoint Pharmaceuticals US, Inc",patient,https://eyepoint.bio/?from=eyepointpharma,200,text/html; charset=UTF-8,patient text,verify in browser before merging; candidate identified from direct brand-domain probe
Dexycu,dexamethasone,"EyePoint Pharmaceuticals US, Inc",patient,https://eyepoint.bio/?from=eyepointpharma,200,text/html; charset=UTF-8,patient text,verify in browser before merging; candidate identified from direct brand-domain probe
Dilaudid,hydromorphone hydrochloride,"Fresenius Kabi USA, LLC; Rhodes Pharmaceuticals LLC",patient,https://dilaudid.com/,200,text/html; charset=utf-8,visible brand text,verify in browser before merging; candidate identified from direct brand-domain probe
DROXIA,HYDROXYUREA,H2-Pharma LLC; Waylis Therapeutics LLC,hcp,https://www.brandbucket.com/names/droxia,403,text/html; charset=UTF-8,direct branded domain blocks simple HTTP,verify in browser before merging; candidate identified from direct brand-domain probe
DROXIA,HYDROXYUREA,H2-Pharma LLC; Waylis Therapeutics LLC,patient,https://www.brandbucket.com/names/droxia,403,text/html; charset=UTF-8,direct branded domain blocks simple HTTP,verify in browser before merging; candidate identified from direct brand-domain probe
DROXIA,HYDROXYUREA,H2-Pharma LLC; Waylis Therapeutics LLC,hcp,https://www.brandbucket.com/names/droxia,403,text/html; charset=UTF-8,direct branded domain blocks simple HTTP,verify in browser before merging; candidate identified from direct brand-domain probe
DROXIA,HYDROXYUREA,H2-Pharma LLC; Waylis Therapeutics LLC,patient,https://www.brandbucket.com/names/droxia,403,text/html; charset=UTF-8,direct branded domain blocks simple HTTP,verify in browser before merging; candidate identified from direct brand-domain probe
DROXIA,HYDROXYUREA,H2-Pharma LLC; Waylis Therapeutics LLC,patient,https://www.brandbucket.com/names/droxia,403,text/html; charset=UTF-8,direct branded domain blocks simple HTTP,verify in browser before merging; candidate identified from direct brand-domain probe
DROXIA,HYDROXYUREA,H2-Pharma LLC; Waylis Therapeutics LLC,patient,https://www.brandbucket.com/names/droxia,403,text/html; charset=UTF-8,direct branded domain blocks simple HTTP,verify in browser before merging; candidate identified from direct brand-domain probe
DROXIA,HYDROXYUREA,H2-Pharma LLC; Waylis Therapeutics LLC,patient,https://www.brandbucket.com/names/droxia,403,text/html; charset=UTF-8,direct branded domain blocks simple HTTP,verify in browser before merging; candidate identified from direct brand-domain probe
DROXIA,HYDROXYUREA,H2-Pharma LLC; Waylis Therapeutics LLC,patient,https://www.brandbucket.com/names/droxia,403,text/html; charset=UTF-8,direct branded domain blocks simple HTTP,verify in browser before merging; candidate identified from direct brand-domain probe
DRIZALMA SPRINKLE,Duloxetine,"SUN PHARMACEUTICAL INDUSTRIES, INC.",patient,https://drizalmasprinkle.com/,200,text/html;charset=utf-8,visible brand text; HCP text,verify in browser before merging; candidate identified from direct brand-domain probe
DRIZALMA SPRINKLE,Duloxetine,"SUN PHARMACEUTICAL INDUSTRIES, INC.",patient,https://drizalmasprinkle.com/,200,text/html;charset=utf-8,visible brand text; HCP text,verify in browser before merging; candidate identified from direct brand-domain probe
E.E.S,Erythromycin Ethylsuccinate,"Azurity Pharmaceuticals, Inc. (formerly Arbor Pharmaceuticals); Carnegie Pharmaceuticals LLC; REMEDYREPACK INC.",patient,https://e-e-s.com/,200,text/html; charset=UTF-8,visible brand text,verify in browser before merging; candidate identified from direct brand-domain probe
DORYX MPC,doxycycline hyclate,Mayne Pharma Commercial LLC,patient,https://www.maynepharma.com/us-products/doryx-delayed-release-tablets-doxycycline-hyclate/,200,text/html; charset=UTF-8,HCP text,verify in browser before merging; candidate identified from direct brand-domain probe
DORYX MPC,doxycycline hyclate,Mayne Pharma Commercial LLC,patient,https://www.maynepharma.com/us-products/doryx-delayed-release-tablets-doxycycline-hyclate/,200,text/html; charset=UTF-8,HCP text,verify in browser before merging; candidate identified from direct brand-domain probe
Duraclon,clonidine hydrochloride,Mylan Institutional LLC,hcp,https://www.duraclon.com/hcp,200,text/html;charset=UTF-8,visible brand text,verify in browser before merging; candidate identified from direct brand-domain probe
Duraclon,clonidine hydrochloride,Mylan Institutional LLC,hcp,https://www.duraclon.com/healthcare-professionals,200,text/html;charset=UTF-8,visible brand text,verify in browser before merging; candidate identified from direct brand-domain probe
Duraclon,clonidine hydrochloride,Mylan Institutional LLC,patient,https://www.duraclon.com/,200,text/html;charset=UTF-8,visible brand text,verify in browser before merging; candidate identified from direct brand-domain probe
Duraclon,clonidine hydrochloride,Mylan Institutional LLC,patient,https://www.duraclon.com/patient,200,text/html;charset=UTF-8,visible brand text,verify in browser before merging; candidate identified from direct brand-domain probe
Duraclon,clonidine hydrochloride,Mylan Institutional LLC,patient,https://duraclon.com/,200,text/html;charset=UTF-8,visible brand text,verify in browser before merging; candidate identified from direct brand-domain probe
Duraclon,clonidine hydrochloride,Mylan Institutional LLC,patient,https://www.duraclon.com/patients,200,text/html;charset=UTF-8,visible brand text,verify in browser before merging; candidate identified from direct brand-domain probe
Duraclon,clonidine hydrochloride,Mylan Institutional LLC,patient,https://www.duraclon.com/patient-support,200,text/html;charset=UTF-8,visible brand text,verify in browser before merging; candidate identified from direct brand-domain probe
Duraclon,clonidine hydrochloride,Mylan Institutional LLC,patient,https://www.duraclon.com/savings,200,text/html;charset=UTF-8,visible brand text,verify in browser before merging; candidate identified from direct brand-domain probe
Edarbyclor,Azilsartan kamedoxomil and chlorthalidone,"Azurity Pharmaceuticals, Inc. (formerly Arbor Pharmaceuticals); Pharma Packaging Solutions, LLC dba Tjoapack LLC",patient,https://www.edarbi.com/edarbyclor,200,text/html; charset=utf-8,visible brand text; HCP text; patient text,verify in browser before merging; candidate identified from direct brand-domain probe
Edarbyclor,Azilsartan kamedoxomil and chlorthalidone,"Azurity Pharmaceuticals, Inc. (formerly Arbor Pharmaceuticals); Pharma Packaging Solutions, LLC dba Tjoapack LLC",patient,https://www.edarbi.com/edarbyclor,200,text/html; charset=utf-8,visible brand text; HCP text; patient text,verify in browser before merging; candidate identified from direct brand-domain probe
Edarbyclor,Azilsartan kamedoxomil and chlorthalidone,"Azurity Pharmaceuticals, Inc. (formerly Arbor Pharmaceuticals); Pharma Packaging Solutions, LLC dba Tjoapack LLC",patient,https://www.edarbi.com/edarbyclor,200,text/html; charset=utf-8,visible brand text; HCP text; patient text,verify in browser before merging; candidate identified from direct brand-domain probe
Edarbyclor,Azilsartan kamedoxomil and chlorthalidone,"Azurity Pharmaceuticals, Inc. (formerly Arbor Pharmaceuticals); Pharma Packaging Solutions, LLC dba Tjoapack LLC",patient,https://www.edarbi.com/edarbyclor,200,text/html; charset=utf-8,visible brand text; HCP text; patient text,verify in browser before merging; candidate identified from direct brand-domain probe
Edarbyclor,Azilsartan kamedoxomil and chlorthalidone,"Azurity Pharmaceuticals, Inc. (formerly Arbor Pharmaceuticals); Pharma Packaging Solutions, LLC dba Tjoapack LLC",hcp,https://www.edarbi.com/edarbyclor,200,text/html; charset=utf-8,visible brand text; HCP text; patient text,verify in browser before merging; candidate identified from direct brand-domain probe
Edarbyclor,Azilsartan kamedoxomil and chlorthalidone,"Azurity Pharmaceuticals, Inc. (formerly Arbor Pharmaceuticals); Pharma Packaging Solutions, LLC dba Tjoapack LLC",patient,https://www.edarbi.com/edarbyclor,200,text/html; charset=utf-8,visible brand text; HCP text; patient text,verify in browser before merging; candidate identified from direct brand-domain probe
DUREZOL,difluprednate,Sandoz Inc,hcp,https://www.sandoz.com/us-en/about-us/what-we-do/established-medicines/,200,text/html; charset=utf-8,HCP text; patient text,verify in browser before merging; candidate identified from direct brand-domain probe
DUREZOL,difluprednate,Sandoz Inc,hcp,https://www.sandoz.com/us-en/about-us/what-we-do/established-medicines/,200,text/html; charset=utf-8,HCP text; patient text,verify in browser before merging; candidate identified from direct brand-domain probe
Ebanga,Ansuvimab,"Emergent Manufacturing Operations Baltimore, LLC; Ridgeback Biotherapeutics, LP",patient,https://www.ebanga.com/,200,text/html; charset=UTF-8,visible brand text; HCP text; patient text,verify in browser before merging; candidate identified from direct brand-domain probe
Ebanga,Ansuvimab,"Emergent Manufacturing Operations Baltimore, LLC; Ridgeback Biotherapeutics, LP",patient,https://www.ebanga.com/,200,text/html; charset=UTF-8,visible brand text; HCP text; patient text,verify in browser before merging; candidate identified from direct brand-domain probe
EBGLYSS,lebrikizumab-lbkz,Eli Lilly and Company,hcp,https://ebglyss.lilly.com/hcp,403,text/html; charset=UTF-8,direct branded domain blocks simple HTTP,verify in browser before merging; candidate identified from direct brand-domain probe
EBGLYSS,lebrikizumab-lbkz,Eli Lilly and Company,patient,https://ebglyss.lilly.com/,403,text/html; charset=UTF-8,direct branded domain blocks simple HTTP,verify in browser before merging; candidate identified from direct brand-domain probe
EBGLYSS,lebrikizumab-lbkz,Eli Lilly and Company,patient,https://ebglyss.lilly.com/,403,text/html; charset=UTF-8,direct branded domain blocks simple HTTP,verify in browser before merging; candidate identified from direct brand-domain probe
EBGLYSS,lebrikizumab-lbkz,Eli Lilly and Company,hcp,https://ebglyss.lilly.com/healthcare-professionals,403,text/html; charset=UTF-8,direct branded domain blocks simple HTTP,verify in browser before merging; candidate identified from direct brand-domain probe
EBGLYSS,lebrikizumab-lbkz,Eli Lilly and Company,patient,https://ebglyss.lilly.com/patient,403,text/html; charset=UTF-8,direct branded domain blocks simple HTTP,verify in browser before merging; candidate identified from direct brand-domain probe
EBGLYSS,lebrikizumab-lbkz,Eli Lilly and Company,patient,https://ebglyss.lilly.com/patient-support,403,text/html; charset=UTF-8,direct branded domain blocks simple HTTP,verify in browser before merging; candidate identified from direct brand-domain probe
EBGLYSS,lebrikizumab-lbkz,Eli Lilly and Company,patient,https://ebglyss.lilly.com/savings,403,text/html; charset=UTF-8,direct branded domain blocks simple HTTP,verify in browser before merging; candidate identified from direct brand-domain probe
Duetact,pioglitazone and glimepiride,"Takeda Pharmaceuticals America, Inc.",patient,https://www.takeda.com/en-us/about/products/,200,text/html; charset=utf-8,patient text,verify in browser before merging; candidate identified from direct brand-domain probe
Duetact,pioglitazone and glimepiride,"Takeda Pharmaceuticals America, Inc.",patient,https://www.takeda.com/en-us/about/products/,200,text/html; charset=utf-8,patient text,verify in browser before merging; candidate identified from direct brand-domain probe
Duetact,pioglitazone and glimepiride,"Takeda Pharmaceuticals America, Inc.",hcp,https://www.takeda.com/en-us/about/products/,200,text/html; charset=utf-8,patient text,verify in browser before merging; candidate identified from direct brand-domain probe
Duetact,pioglitazone and glimepiride,"Takeda Pharmaceuticals America, Inc.",hcp,https://www.takeda.com/en-us/about/products/,200,text/html; charset=utf-8,patient text,verify in browser before merging; candidate identified from direct brand-domain probe
Duetact,pioglitazone and glimepiride,"Takeda Pharmaceuticals America, Inc.",patient,https://www.takeda.com/en-us/about/products/,200,text/html; charset=utf-8,patient text,verify in browser before merging; candidate identified from direct brand-domain probe
Duetact,pioglitazone and glimepiride,"Takeda Pharmaceuticals America, Inc.",patient,https://www.takeda.com/en-us/about/products/,200,text/html; charset=utf-8,patient text,verify in browser before merging; candidate identified from direct brand-domain probe
Duetact,pioglitazone and glimepiride,"Takeda Pharmaceuticals America, Inc.",patient,https://www.takeda.com/en-us/about/products/,200,text/html; charset=utf-8,patient text,verify in browser before merging; candidate identified from direct brand-domain probe
Duetact,pioglitazone and glimepiride,"Takeda Pharmaceuticals America, Inc.",patient,https://www.takeda.com/en-us/about/products/,200,text/html; charset=utf-8,patient text,verify in browser before merging; candidate identified from direct brand-domain probe
ELUCIREM,gadopiclenol,Guerbet LLC,patient,https://www.elucirem.com/,200,text/html; charset=UTF-8,visible brand text,verify in browser before merging; candidate identified from direct brand-domain probe
ELUCIREM,gadopiclenol,Guerbet LLC,patient,https://www.elucirem.com/,200,text/html; charset=UTF-8,visible brand text,verify in browser before merging; candidate identified from direct brand-domain probe
ELCYS,Cysteine Hydrochloride,"Exela Pharma Sciences, LLC",patient,https://elcys.com/,200,text/html; charset=UTF-8,visible brand text,verify in browser before merging; candidate identified from direct brand-domain probe
ELCYS,Cysteine Hydrochloride,"Exela Pharma Sciences, LLC",patient,https://elcys.com/,200,text/html; charset=UTF-8,visible brand text,verify in browser before merging; candidate identified from direct brand-domain probe
EMRELIS,Telisotuzumab Vedotin,AbbVie Inc.,hcp,https://www.emrelishcp.com/,200,text/html;charset=utf-8,visible brand text; HCP text; patient text,verify in browser before merging; candidate identified from direct brand-domain probe
EMRELIS,Telisotuzumab Vedotin,AbbVie Inc.,patient,https://www.emrelis.com/,200,text/html;charset=utf-8,visible brand text; HCP text; patient text,verify in browser before merging; candidate identified from direct brand-domain probe
EMRELIS,Telisotuzumab Vedotin,AbbVie Inc.,hcp,https://www.emrelishcp.com/,200,text/html;charset=utf-8,visible brand text; HCP text; patient text,verify in browser before merging; candidate identified from direct brand-domain probe
EMRELIS,Telisotuzumab Vedotin,AbbVie Inc.,patient,https://www.emrelis.com/,200,text/html;charset=utf-8,visible brand text; HCP text; patient text,verify in browser before merging; candidate identified from direct brand-domain probe
ELIMITE,permethrin,Aurobindo Pharma Limited,hcp,https://www.hugedomains.com/domain_profile.cfm?d=elimite.com,200,text/html; charset=utf-8,visible brand text,verify in browser before merging; candidate identified from direct brand-domain probe
ELIMITE,permethrin,Aurobindo Pharma Limited,hcp,https://www.hugedomains.com/domain_profile.cfm?d=elimite.com,200,text/html; charset=utf-8,visible brand text,verify in browser before merging; candidate identified from direct brand-domain probe
ELIMITE,permethrin,Aurobindo Pharma Limited,hcp,https://www.hugedomains.com/domain_profile.cfm?d=elimite.com,200,text/html; charset=utf-8,visible brand text,verify in browser before merging; candidate identified from direct brand-domain probe
ELIMITE,permethrin,Aurobindo Pharma Limited,patient,https://www.hugedomains.com/domain_profile.cfm?d=elimite.com,200,text/html; charset=utf-8,visible brand text,verify in browser before merging; candidate identified from direct brand-domain probe
ELIMITE,permethrin,Aurobindo Pharma Limited,patient,https://www.hugedomains.com/domain_profile.cfm?d=elimite.com,200,text/html; charset=utf-8,visible brand text,verify in browser before merging; candidate identified from direct brand-domain probe
ELIMITE,permethrin,Aurobindo Pharma Limited,patient,https://www.hugedomains.com/domain_profile.cfm?d=elimite.com,200,text/html; charset=utf-8,visible brand text,verify in browser before merging; candidate identified from direct brand-domain probe
ELIMITE,permethrin,Aurobindo Pharma Limited,patient,https://www.hugedomains.com/domain_profile.cfm?d=elimite.com,200,text/html; charset=utf-8,visible brand text,verify in browser before merging; candidate identified from direct brand-domain probe
ELIMITE,permethrin,Aurobindo Pharma Limited,patient,https://www.hugedomains.com/domain_profile.cfm?d=elimite.com,200,text/html; charset=utf-8,visible brand text,verify in browser before merging; candidate identified from direct brand-domain probe
ELIMITE,permethrin,Aurobindo Pharma Limited,patient,https://www.hugedomains.com/domain_profile.cfm?d=elimite.com,200,text/html; charset=utf-8,visible brand text,verify in browser before merging; candidate identified from direct brand-domain probe
EMGALITY,galcanezumab-gnlm,Eli Lilly and Company,hcp,https://www.lilly.com/,403,text/html; charset=UTF-8,direct branded domain blocks simple HTTP,verify in browser before merging; candidate identified from direct brand-domain probe
EMGALITY,galcanezumab-gnlm,Eli Lilly and Company,patient,https://emgality.lilly.com/,403,text/html; charset=UTF-8,direct branded domain blocks simple HTTP,verify in browser before merging; candidate identified from direct brand-domain probe
EMGALITY,galcanezumab-gnlm,Eli Lilly and Company,hcp,https://emgality.lilly.com/healthcare-professionals,403,text/html; charset=UTF-8,direct branded domain blocks simple HTTP,verify in browser before merging; candidate identified from direct brand-domain probe
EMGALITY,galcanezumab-gnlm,Eli Lilly and Company,patient,https://emgality.lilly.com/,403,text/html; charset=UTF-8,direct branded domain blocks simple HTTP,verify in browser before merging; candidate identified from direct brand-domain probe
EMGALITY,galcanezumab-gnlm,Eli Lilly and Company,hcp,https://www.lilly.com/,403,text/html; charset=UTF-8,direct branded domain blocks simple HTTP,verify in browser before merging; candidate identified from direct brand-domain probe
EMGALITY,galcanezumab-gnlm,Eli Lilly and Company,hcp,https://emgality.lilly.com/hcp,403,text/html; charset=UTF-8,direct branded domain blocks simple HTTP,verify in browser before merging; candidate identified from direct brand-domain probe
EMGALITY,galcanezumab-gnlm,Eli Lilly and Company,patient,https://emgality.lilly.com/patient,403,text/html; charset=UTF-8,direct branded domain blocks simple HTTP,verify in browser before merging; candidate identified from direct brand-domain probe
EMGALITY,galcanezumab-gnlm,Eli Lilly and Company,patient,https://emgality.lilly.com/savings,403,text/html; charset=UTF-8,direct branded domain blocks simple HTTP,verify in browser before merging; candidate identified from direct brand-domain probe
EMGALITY,galcanezumab-gnlm,Eli Lilly and Company,patient,https://emgality.lilly.com/patients,403,text/html; charset=UTF-8,direct branded domain blocks simple HTTP,verify in browser before merging; candidate identified from direct brand-domain probe
EMGALITY,galcanezumab-gnlm,Eli Lilly and Company,patient,https://emgality.lilly.com/patient-support,403,text/html; charset=UTF-8,direct branded domain blocks simple HTTP,verify in browser before merging; candidate identified from direct brand-domain probe
Enbumyst,bumetanide,Corstasis USA LLC,patient,https://enbumyst.com/,200,text/html; charset=UTF-8,visible brand text,verify in browser before merging; candidate identified from direct brand-domain probe
Enbumyst,bumetanide,Corstasis USA LLC,patient,https://enbumyst.com/,200,text/html; charset=UTF-8,visible brand text,verify in browser before merging; candidate identified from direct brand-domain probe
ENOBY,Denosumab-qbde,Hikma Pharmaceuticals USA Inc.,hcp,https://www.namepros.com/parked/enoby.com?domain=www.enoby.com&path=%2Fhcp&v=20250711,403,text/html; charset=UTF-8,direct branded domain blocks simple HTTP,verify in browser before merging; candidate identified from direct brand-domain probe
ENOBY,Denosumab-qbde,Hikma Pharmaceuticals USA Inc.,hcp,https://www.namepros.com/parked/enoby.com?domain=www.enoby.com&path=%2Fhealthcare-professionals&v=20250711,403,text/html; charset=UTF-8,direct branded domain blocks simple HTTP,verify in browser before merging; candidate identified from direct brand-domain probe
ENOBY,Denosumab-qbde,Hikma Pharmaceuticals USA Inc.,patient,https://www.namepros.com/parked/enoby.com?domain=www.enoby.com&path=%2Fpatients&v=20250711,403,text/html; charset=UTF-8,direct branded domain blocks simple HTTP,verify in browser before merging; candidate identified from direct brand-domain probe
ENOBY,Denosumab-qbde,Hikma Pharmaceuticals USA Inc.,patient,https://www.namepros.com/parked/enoby.com?domain=www.enoby.com&path=%2Fpatient-support&v=20250711,403,text/html; charset=UTF-8,direct branded domain blocks simple HTTP,verify in browser before merging; candidate identified from direct brand-domain probe
ENOBY,Denosumab-qbde,Hikma Pharmaceuticals USA Inc.,patient,https://www.namepros.com/parked/enoby.com?domain=www.enoby.com&v=20250711,200,text/html; charset=utf-8,visible brand text,verify in browser before merging; candidate identified from direct brand-domain probe
ENOBY,Denosumab-qbde,Hikma Pharmaceuticals USA Inc.,patient,https://www.namepros.com/parked/enoby.com?domain=www.enoby.com&path=%2Fpatient&v=20250711,403,text/html; charset=UTF-8,direct branded domain blocks simple HTTP,verify in browser before merging; candidate identified from direct brand-domain probe
ENOBY,Denosumab-qbde,Hikma Pharmaceuticals USA Inc.,patient,https://www.namepros.com/parked/enoby.com?domain=www.enoby.com&path=%2Fsavings&v=20250711,403,text/html; charset=UTF-8,direct branded domain blocks simple HTTP,verify in browser before merging; candidate identified from direct brand-domain probe
ENOBY,Denosumab-qbde,Hikma Pharmaceuticals USA Inc.,patient,https://www.namepros.com/parked/enoby.com?domain=enoby.com&v=20250711,200,text/html; charset=utf-8,visible brand text,verify in browser before merging; candidate identified from direct brand-domain probe
Emerphed,Ephedrine Sulfate,"Nexus Pharamaceuticals Inc.; Nexus Pharmaceuticals, LLC",patient,https://www.emerphed.com/,200,text/html; charset=UTF-8,visible brand text,verify in browser before merging; candidate identified from direct brand-domain probe
Emerphed,Ephedrine Sulfate,"Nexus Pharamaceuticals Inc.; Nexus Pharmaceuticals, LLC",patient,https://www.emerphed.com/,200,text/html; charset=UTF-8,visible brand text,verify in browser before merging; candidate identified from direct brand-domain probe
ENSACOVE,ensartinib,"Xcovery Holdings, Inc.",patient,https://www.ensacove.com/,200,text/html; charset=UTF-8,visible brand text; HCP text,verify in browser before merging; candidate identified from direct brand-domain probe
ENSACOVE,ensartinib,"Xcovery Holdings, Inc.",patient,https://www.ensacove.com/,200,text/html; charset=UTF-8,visible brand text; HCP text,verify in browser before merging; candidate identified from direct brand-domain probe
ERBITUX,cetuximab,ImClone LLC,hcp,https://erbitux.lilly.com/hcp,403,text/html; charset=UTF-8,direct branded domain blocks simple HTTP,verify in browser before merging; candidate identified from direct brand-domain probe
ERBITUX,cetuximab,ImClone LLC,hcp,https://erbitux.lilly.com/hcp,403,text/html; charset=UTF-8,direct branded domain blocks simple HTTP,verify in browser before merging; candidate identified from direct brand-domain probe
ERBITUX,cetuximab,ImClone LLC,hcp,https://erbitux.lilly.com/hcp,403,text/html; charset=UTF-8,direct branded domain blocks simple HTTP,verify in browser before merging; candidate identified from direct brand-domain probe
ERBITUX,cetuximab,ImClone LLC,patient,https://erbitux.lilly.com/,403,text/html; charset=UTF-8,direct branded domain blocks simple HTTP,verify in browser before merging; candidate identified from direct brand-domain probe
ERBITUX,cetuximab,ImClone LLC,hcp,https://erbitux.lilly.com/healthcare-professionals,403,text/html; charset=UTF-8,direct branded domain blocks simple HTTP,verify in browser before merging; candidate identified from direct brand-domain probe
ERBITUX,cetuximab,ImClone LLC,patient,https://erbitux.lilly.com/,403,text/html; charset=UTF-8,direct branded domain blocks simple HTTP,verify in browser before merging; candidate identified from direct brand-domain probe
ERBITUX,cetuximab,ImClone LLC,patient,https://erbitux.lilly.com/patient,403,text/html; charset=UTF-8,direct branded domain blocks simple HTTP,verify in browser before merging; candidate identified from direct brand-domain probe
ERBITUX,cetuximab,ImClone LLC,patient,https://erbitux.lilly.com/patients,403,text/html; charset=UTF-8,direct branded domain blocks simple HTTP,verify in browser before merging; candidate identified from direct brand-domain probe
ERBITUX,cetuximab,ImClone LLC,patient,https://erbitux.lilly.com/savings,403,text/html; charset=UTF-8,direct branded domain blocks simple HTTP,verify in browser before merging; candidate identified from direct brand-domain probe
ERBITUX,cetuximab,ImClone LLC,patient,https://erbitux.lilly.com/patient-support,403,text/html; charset=UTF-8,direct branded domain blocks simple HTTP,verify in browser before merging; candidate identified from direct brand-domain probe
Epinephrine Professional,Epinephrine and Isopropyl Alcohol,Focus Health Group,patient,https://www.focushealthgroup.com/product/epinephrine-professional/,200,text/html; charset=UTF-8,visible brand text,verify in browser before merging; candidate identified from direct brand-domain probe
Epinephrine Professional,Epinephrine and Isopropyl Alcohol,Focus Health Group,patient,https://www.focushealthgroup.com/product/epinephrine-professional/,200,text/html; charset=UTF-8,visible brand text,verify in browser before merging; candidate identified from direct brand-domain probe
EVOTAZ,atazanavir and cobicistat,"E.R. Squibb & Sons, L.L.C.",hcp,https://www.evotaz.com/healthcare-professionals,403,application/xml,direct branded domain blocks simple HTTP,verify in browser before merging; candidate identified from direct brand-domain probe
EVOTAZ,atazanavir and cobicistat,"E.R. Squibb & Sons, L.L.C.",patient,https://www.evotaz.com/patient,403,application/xml,direct branded domain blocks simple HTTP,verify in browser before merging; candidate identified from direct brand-domain probe
EVOTAZ,atazanavir and cobicistat,"E.R. Squibb & Sons, L.L.C.",hcp,https://www.evotazhcp.com/,200,text/html,visible brand text,verify in browser before merging; candidate identified from direct brand-domain probe
EVOTAZ,atazanavir and cobicistat,"E.R. Squibb & Sons, L.L.C.",patient,https://www.evotaz.com/,200,text/html,visible brand text,verify in browser before merging; candidate identified from direct brand-domain probe
EVOTAZ,atazanavir and cobicistat,"E.R. Squibb & Sons, L.L.C.",patient,https://www.evotaz.com/patients,403,application/xml,direct branded domain blocks simple HTTP,verify in browser before merging; candidate identified from direct brand-domain probe
EVOTAZ,atazanavir and cobicistat,"E.R. Squibb & Sons, L.L.C.",patient,https://www.evotaz.com/patient-support,403,application/xml,direct branded domain blocks simple HTTP,verify in browser before merging; candidate identified from direct brand-domain probe
EVOTAZ,atazanavir and cobicistat,"E.R. Squibb & Sons, L.L.C.",hcp,https://www.evotaz.com/hcp,403,application/xml,direct branded domain blocks simple HTTP,verify in browser before merging; candidate identified from direct brand-domain probe
EVOTAZ,atazanavir and cobicistat,"E.R. Squibb & Sons, L.L.C.",patient,https://www.evotaz.com/savings,403,application/xml,direct branded domain blocks simple HTTP,verify in browser before merging; candidate identified from direct brand-domain probe
EXTRANEAL,"icodextrin, sodium chloride, sodium lactate, calcium chloride, magnesium chloride",Vantive US Healthcare LLC,hcp,https://pro.vantive.com/,200,text/html; charset=UTF-8,HCP text; patient text,verify in browser before merging; candidate identified from direct brand-domain probe
EXTRANEAL,"icodextrin, sodium chloride, sodium lactate, calcium chloride, magnesium chloride",Vantive US Healthcare LLC,patient,https://pro.vantive.com/,200,text/html; charset=UTF-8,HCP text; patient text,verify in browser before merging; candidate identified from direct brand-domain probe
EXTRANEAL,"icodextrin, sodium chloride, sodium lactate, calcium chloride, magnesium chloride",Vantive US Healthcare LLC,patient,https://pro.vantive.com/,200,text/html; charset=UTF-8,HCP text; patient text,verify in browser before merging; candidate identified from direct brand-domain probe
EXTRANEAL,"icodextrin, sodium chloride, sodium lactate, calcium chloride, magnesium chloride",Vantive US Healthcare LLC,patient,https://pro.vantive.com/,200,text/html; charset=UTF-8,HCP text; patient text,verify in browser before merging; candidate identified from direct brand-domain probe
EXTRANEAL,"icodextrin, sodium chloride, sodium lactate, calcium chloride, magnesium chloride",Vantive US Healthcare LLC,hcp,https://pro.vantive.com/,200,text/html; charset=UTF-8,HCP text; patient text,verify in browser before merging; candidate identified from direct brand-domain probe
EXTRANEAL,"icodextrin, sodium chloride, sodium lactate, calcium chloride, magnesium chloride",Vantive US Healthcare LLC,patient,https://pro.vantive.com/,200,text/html; charset=UTF-8,HCP text; patient text,verify in browser before merging; candidate identified from direct brand-domain probe
EXTRANEAL,"icodextrin, sodium chloride, sodium lactate, calcium chloride, magnesium chloride",Vantive US Healthcare LLC,patient,https://pro.vantive.com/,200,text/html; charset=UTF-8,HCP text; patient text,verify in browser before merging; candidate identified from direct brand-domain probe
EXTRANEAL,"icodextrin, sodium chloride, sodium lactate, calcium chloride, magnesium chloride",Vantive US Healthcare LLC,patient,https://pro.vantive.com/,200,text/html; charset=UTF-8,HCP text; patient text,verify in browser before merging; candidate identified from direct brand-domain probe
EYLEA,aflibercept,"Regeneron Pharmaceuticals, Inc.",hcp,https://ophthalmology.bayer.com/hcp,403,text/html,direct branded domain blocks simple HTTP,verify in browser before merging; candidate identified from direct brand-domain probe
EYLEA,aflibercept,"Regeneron Pharmaceuticals, Inc.",patient,https://ophthalmology.bayer.com/,403,text/html,direct branded domain blocks simple HTTP,verify in browser before merging; candidate identified from direct brand-domain probe
EYLEA,aflibercept,"Regeneron Pharmaceuticals, Inc.",patient,https://ophthalmology.bayer.com/patient,403,text/html,direct branded domain blocks simple HTTP,verify in browser before merging; candidate identified from direct brand-domain probe
EYLEA,aflibercept,"Regeneron Pharmaceuticals, Inc.",hcp,https://ophthalmology.bayer.com/healthcare-professionals,403,text/html,direct branded domain blocks simple HTTP,verify in browser before merging; candidate identified from direct brand-domain probe
EYLEA,aflibercept,"Regeneron Pharmaceuticals, Inc.",patient,https://ophthalmology.bayer.com/patients,403,text/html,direct branded domain blocks simple HTTP,verify in browser before merging; candidate identified from direct brand-domain probe
EYLEA,aflibercept,"Regeneron Pharmaceuticals, Inc.",patient,https://ophthalmology.bayer.com/,403,text/html,direct branded domain blocks simple HTTP,verify in browser before merging; candidate identified from direct brand-domain probe
EYLEA,aflibercept,"Regeneron Pharmaceuticals, Inc.",patient,https://ophthalmology.bayer.com/patient-support,403,text/html,direct branded domain blocks simple HTTP,verify in browser before merging; candidate identified from direct brand-domain probe
EYLEA,aflibercept,"Regeneron Pharmaceuticals, Inc.",patient,https://ophthalmology.bayer.com/savings,403,text/html,direct branded domain blocks simple HTTP,verify in browser before merging; candidate identified from direct brand-domain probe
FEMLYV,Norethindrone Acetate/Ethinyl Estradiol,"Millicent US, Inc.",patient,https://femlyv.com/,200,text/html; charset=UTF-8,visible brand text; HCP text; patient text,verify in browser before merging; candidate identified from direct brand-domain probe
FEMLYV,Norethindrone Acetate/Ethinyl Estradiol,"Millicent US, Inc.",patient,https://femlyv.com/,200,text/html; charset=UTF-8,visible brand text; HCP text; patient text,verify in browser before merging; candidate identified from direct brand-domain probe
FABIOR,tazarotene,Mayne Pharma,patient,https://www.maynepharma.com/us-products/fabior-tazarotene-foam-0-1/,200,text/html; charset=UTF-8,visible brand text; HCP text; patient text,verify in browser before merging; candidate identified from direct brand-domain probe
FLOVENT,fluticasone propionate,A-S Medication Solutions; Proficient Rx LP,patient,https://www.flovent.com/,200,text/html; charset=UTF-8,visible brand text; patient text,verify in browser before merging; candidate identified from direct brand-domain probe
FLOVENT,fluticasone propionate,A-S Medication Solutions; Proficient Rx LP,patient,https://www.flovent.com/,200,text/html; charset=UTF-8,visible brand text; patient text,verify in browser before merging; candidate identified from direct brand-domain probe
FASLODEX,Fulvestrant,AstraZeneca Pharmaceuticals LP,hcp,https://www.azpicentral.com/pi.html?product=faslodex,200,text/html; charset=UTF-8,patient text,verify in browser before merging; candidate identified from direct brand-domain probe
FASLODEX,Fulvestrant,AstraZeneca Pharmaceuticals LP,hcp,https://www.azpicentral.com/pi.html?product=faslodex,200,text/html; charset=UTF-8,patient text,verify in browser before merging; candidate identified from direct brand-domain probe
FASLODEX,Fulvestrant,AstraZeneca Pharmaceuticals LP,patient,https://www.azpicentral.com/pi.html?product=faslodex,200,text/html; charset=UTF-8,patient text,verify in browser before merging; candidate identified from direct brand-domain probe
FASLODEX,Fulvestrant,AstraZeneca Pharmaceuticals LP,hcp,https://www.azpicentral.com/pi.html?product=faslodex,200,text/html; charset=UTF-8,patient text,verify in browser before merging; candidate identified from direct brand-domain probe
FASLODEX,Fulvestrant,AstraZeneca Pharmaceuticals LP,hcp,https://www.azpicentral.com/pi.html?product=faslodex,200,text/html; charset=UTF-8,patient text,verify in browser before merging; candidate identified from direct brand-domain probe
FASLODEX,Fulvestrant,AstraZeneca Pharmaceuticals LP,patient,https://www.azpicentral.com/pi.html?product=faslodex,200,text/html; charset=UTF-8,patient text,verify in browser before merging; candidate identified from direct brand-domain probe
FASLODEX,Fulvestrant,AstraZeneca Pharmaceuticals LP,patient,https://www.azpicentral.com/pi.html?product=faslodex,200,text/html; charset=UTF-8,patient text,verify in browser before merging; candidate identified from direct brand-domain probe
FASLODEX,Fulvestrant,AstraZeneca Pharmaceuticals LP,patient,https://www.azpicentral.com/pi.html?product=faslodex,200,text/html; charset=UTF-8,patient text,verify in browser before merging; candidate identified from direct brand-domain probe
FASLODEX,Fulvestrant,AstraZeneca Pharmaceuticals LP,patient,https://www.azpicentral.com/pi.html?product=faslodex,200,text/html; charset=UTF-8,patient text,verify in browser before merging; candidate identified from direct brand-domain probe
FASLODEX,Fulvestrant,AstraZeneca Pharmaceuticals LP,patient,https://www.azpicentral.com/pi.html?product=faslodex,200,text/html; charset=UTF-8,patient text,verify in browser before merging; candidate identified from direct brand-domain probe
FeraBright,Ferumoxytol,"Azurity Pharmaceuticals, Inc.",patient,https://www.ferabright.com/,200,text/html; charset=utf-8,visible brand text; HCP text,verify in browser before merging; candidate identified from direct brand-domain probe
FeraBright,Ferumoxytol,"Azurity Pharmaceuticals, Inc.",patient,https://www.ferabright.com/,200,text/html; charset=utf-8,visible brand text; HCP text,verify in browser before merging; candidate identified from direct brand-domain probe
Fetzima,LEVOMILNACIPRAN HYDROCHLORIDE,"Allergan, Inc.",hcp,https://www.fetzimahcp.com/,403,text/html; charset=UTF-8,direct branded domain blocks simple HTTP,verify in browser before merging; candidate identified from direct brand-domain probe
Fetzima,LEVOMILNACIPRAN HYDROCHLORIDE,"Allergan, Inc.",hcp,https://www.fetzima.com/hcp,403,text/html; charset=UTF-8,direct branded domain blocks simple HTTP,verify in browser before merging; candidate identified from direct brand-domain probe
Fetzima,LEVOMILNACIPRAN HYDROCHLORIDE,"Allergan, Inc.",hcp,https://www.fetzimapro.com/,403,text/html; charset=UTF-8,direct branded domain blocks simple HTTP,verify in browser before merging; candidate identified from direct brand-domain probe
Fetzima,LEVOMILNACIPRAN HYDROCHLORIDE,"Allergan, Inc.",hcp,https://www.fetzimahcp.com/,403,text/html; charset=UTF-8,direct branded domain blocks simple HTTP,verify in browser before merging; candidate identified from direct brand-domain probe
Fetzima,LEVOMILNACIPRAN HYDROCHLORIDE,"Allergan, Inc.",patient,https://www.fetzima.com/,403,text/html; charset=UTF-8,direct branded domain blocks simple HTTP,verify in browser before merging; candidate identified from direct brand-domain probe
Fetzima,LEVOMILNACIPRAN HYDROCHLORIDE,"Allergan, Inc.",patient,https://www.fetzima.com/patients,403,text/html; charset=UTF-8,direct branded domain blocks simple HTTP,verify in browser before merging; candidate identified from direct brand-domain probe
Fetzima,LEVOMILNACIPRAN HYDROCHLORIDE,"Allergan, Inc.",patient,https://www.fetzima.com/savings,403,text/html; charset=UTF-8,direct branded domain blocks simple HTTP,verify in browser before merging; candidate identified from direct brand-domain probe
Fetzima,LEVOMILNACIPRAN HYDROCHLORIDE,"Allergan, Inc.",patient,https://www.fetzima.com/patient-support,403,text/html; charset=UTF-8,direct branded domain blocks simple HTTP,verify in browser before merging; candidate identified from direct brand-domain probe
Fetzima,LEVOMILNACIPRAN HYDROCHLORIDE,"Allergan, Inc.",hcp,https://www.fetzima.com/404/error,403,text/html; charset=UTF-8,direct branded domain blocks simple HTTP,verify in browser before merging; candidate identified from direct brand-domain probe
Fetzima,LEVOMILNACIPRAN HYDROCHLORIDE,"Allergan, Inc.",patient,https://www.fetzima.com/404/error,403,text/html; charset=UTF-8,direct branded domain blocks simple HTTP,verify in browser before merging; candidate identified from direct brand-domain probe
Fetzima,LEVOMILNACIPRAN HYDROCHLORIDE,"Allergan, Inc.",patient,https://www.fetzima.com/,200,text/html; charset=utf-8,visible brand text; HCP text; patient text,verify in browser before merging; candidate identified from direct brand-domain probe
EYLEA HD,aflibercept,"Regeneron Pharmaceuticals, Inc",hcp,https://www.eyleahdhcp.com/,200,text/html; charset=utf-8,patient text,verify in browser before merging; candidate identified from direct brand-domain probe
EYLEA HD,aflibercept,"Regeneron Pharmaceuticals, Inc",hcp,https://www.eyleahdhcp.com/,200,text/html; charset=utf-8,patient text,verify in browser before merging; candidate identified from direct brand-domain probe
EYLEA HD,aflibercept,"Regeneron Pharmaceuticals, Inc",patient,https://www.eyleahd.com/patient-support,200,text/html; charset=utf-8,visible brand text; patient text,verify in browser before merging; candidate identified from direct brand-domain probe
EYLEA HD,aflibercept,"Regeneron Pharmaceuticals, Inc",patient,https://www.eyleahd.com/,200,text/html; charset=utf-8,visible brand text; patient text,verify in browser before merging; candidate identified from direct brand-domain probe
EYLEA HD,aflibercept,"Regeneron Pharmaceuticals, Inc",patient,https://www.eyleahd.com/,200,text/html; charset=utf-8,visible brand text; patient text,verify in browser before merging; candidate identified from direct brand-domain probe
Femring,estradiol acetate,"Millicent US, Inc.",patient,https://femring.com/,200,text/html; charset=UTF-8,visible brand text; HCP text; patient text,verify in browser before merging; candidate identified from direct brand-domain probe
Femring,estradiol acetate,"Millicent US, Inc.",patient,https://femring.com/,200,text/html; charset=UTF-8,visible brand text; HCP text; patient text,verify in browser before merging; candidate identified from direct brand-domain probe
Flagyl,metronidazole,Pfizer Laboratories Div Pfizer Inc,patient,https://www.flagyl.com/,200,text/html,visible brand text,verify in browser before merging; candidate identified from direct brand-domain probe
Flagyl,metronidazole,Pfizer Laboratories Div Pfizer Inc,patient,https://www.flagyl.com/patient,200,text/html,visible brand text; patient text,verify in browser before merging; candidate identified from direct brand-domain probe
Flagyl,metronidazole,Pfizer Laboratories Div Pfizer Inc,patient,https://www.flagyl.com/savings,200,text/html,visible brand text; patient text,verify in browser before merging; candidate identified from direct brand-domain probe
Flagyl,metronidazole,Pfizer Laboratories Div Pfizer Inc,hcp,https://www.flagyl.com/hcp,200,text/html,visible brand text; HCP text,verify in browser before merging; candidate identified from direct brand-domain probe
Flarex,fluorometholone acetate,"Eyevance Pharmaceuticals; Harrow Eye, LLC",patient,https://flarex.com/,200,text/html; charset=UTF-8,visible brand text,verify in browser before merging; candidate identified from direct brand-domain probe
Flarex,fluorometholone acetate,"Eyevance Pharmaceuticals; Harrow Eye, LLC",patient,https://flarex.com/,200,text/html; charset=UTF-8,visible brand text,verify in browser before merging; candidate identified from direct brand-domain probe
Forteo,Teriparatide,Eli Lilly and Company,hcp,https://forteo.lilly.com/hcp,403,text/html; charset=UTF-8,direct branded domain blocks simple HTTP,verify in browser before merging; candidate identified from direct brand-domain probe
Forteo,Teriparatide,Eli Lilly and Company,hcp,https://forteo.lilly.com/healthcare-professionals,403,text/html; charset=UTF-8,direct branded domain blocks simple HTTP,verify in browser before merging; candidate identified from direct brand-domain probe
Forteo,Teriparatide,Eli Lilly and Company,patient,https://forteo.lilly.com/,403,text/html; charset=UTF-8,direct branded domain blocks simple HTTP,verify in browser before merging; candidate identified from direct brand-domain probe
Forteo,Teriparatide,Eli Lilly and Company,patient,https://forteo.lilly.com/patient-support,403,text/html; charset=UTF-8,direct branded domain blocks simple HTTP,verify in browser before merging; candidate identified from direct brand-domain probe
Forteo,Teriparatide,Eli Lilly and Company,patient,https://forteo.lilly.com/patient,403,text/html; charset=UTF-8,direct branded domain blocks simple HTTP,verify in browser before merging; candidate identified from direct brand-domain probe
Forteo,Teriparatide,Eli Lilly and Company,patient,https://forteo.lilly.com/savings,403,text/html; charset=UTF-8,direct branded domain blocks simple HTTP,verify in browser before merging; candidate identified from direct brand-domain probe
Forteo,Teriparatide,Eli Lilly and Company,patient,https://forteo.lilly.com/,403,text/html; charset=UTF-8,direct branded domain blocks simple HTTP,verify in browser before merging; candidate identified from direct brand-domain probe
Forteo,Teriparatide,Eli Lilly and Company,patient,https://forteo.lilly.com/patients,403,text/html; charset=UTF-8,direct branded domain blocks simple HTTP,verify in browser before merging; candidate identified from direct brand-domain probe
FORANE,isoflurane,Baxter Healthcare Corporation,patient,https://forane.arkema.com/en/,200,text/html;charset=UTF-8,visible brand text,verify in browser before merging; candidate identified from direct brand-domain probe
FORANE,isoflurane,Baxter Healthcare Corporation,patient,https://forane.arkema.com/en/,200,text/html;charset=UTF-8,visible brand text,verify in browser before merging; candidate identified from direct brand-domain probe
FORANE,isoflurane,Baxter Healthcare Corporation,patient,https://forane.arkema.com/en/,200,text/html;charset=UTF-8,visible brand text,verify in browser before merging; candidate identified from direct brand-domain probe
FORANE,isoflurane,Baxter Healthcare Corporation,hcp,https://forane.arkema.com/en/,200,text/html;charset=UTF-8,visible brand text,verify in browser before merging; candidate identified from direct brand-domain probe
FORANE,isoflurane,Baxter Healthcare Corporation,patient,https://forane.arkema.com/en/,200,text/html;charset=UTF-8,visible brand text,verify in browser before merging; candidate identified from direct brand-domain probe
FORANE,isoflurane,Baxter Healthcare Corporation,hcp,https://forane.arkema.com/en/,200,text/html;charset=UTF-8,visible brand text,verify in browser before merging; candidate identified from direct brand-domain probe
FORANE,isoflurane,Baxter Healthcare Corporation,patient,https://forane.arkema.com/en/,200,text/html;charset=UTF-8,visible brand text,verify in browser before merging; candidate identified from direct brand-domain probe
FORANE,isoflurane,Baxter Healthcare Corporation,patient,https://forane.arkema.com/en/,200,text/html;charset=UTF-8,visible brand text,verify in browser before merging; candidate identified from direct brand-domain probe
FORZINITY,Elamipretide Hydrochloride,Stealth Biotherapeutics Inc.,patient,https://forzinity.com/,200,text/html; charset=UTF-8,visible brand text; HCP text; patient text,verify in browser before merging; candidate identified from direct brand-domain probe
FORZINITY,Elamipretide Hydrochloride,Stealth Biotherapeutics Inc.,patient,https://forzinity.com/,200,text/html; charset=UTF-8,visible brand text; HCP text; patient text,verify in browser before merging; candidate identified from direct brand-domain probe
FORZINITY,Elamipretide Hydrochloride,Stealth Biotherapeutics Inc.,patient,https://forzinity.com/,200,text/html; charset=UTF-8,visible brand text; HCP text; patient text,verify in browser before merging; candidate identified from direct brand-domain probe
Gilotrif,afatinib,"Boehringer Ingelheim Pharmaceuticals, Inc.",hcp,https://pro.boehringer-ingelheim.com/us/products/gilotrif/,403,text/html,direct branded domain blocks simple HTTP,verify in browser before merging; candidate identified from direct brand-domain probe
Gilotrif,afatinib,"Boehringer Ingelheim Pharmaceuticals, Inc.",hcp,https://pro.boehringer-ingelheim.com/us/products/gilotrif/,403,text/html,direct branded domain blocks simple HTTP,verify in browser before merging; candidate identified from direct brand-domain probe
Gilotrif,afatinib,"Boehringer Ingelheim Pharmaceuticals, Inc.",hcp,https://pro.boehringer-ingelheim.com/us/products/gilotrif/,403,text/html,direct branded domain blocks simple HTTP,verify in browser before merging; candidate identified from direct brand-domain probe
Glyxambi,empagliflozin and linagliptin,"Boehringer Ingelheim Pharmaceuticals, Inc.",hcp,https://pro.boehringer-ingelheim.com/us/products/glyxambi/,403,text/html,direct branded domain blocks simple HTTP,verify in browser before merging; candidate identified from direct brand-domain probe
Glyxambi,empagliflozin and linagliptin,"Boehringer Ingelheim Pharmaceuticals, Inc.",hcp,https://pro.boehringer-ingelheim.com/us/products/glyxambi/,403,text/html,direct branded domain blocks simple HTTP,verify in browser before merging; candidate identified from direct brand-domain probe
HERNEXEOS,zongertinib,"Boehringer Ingelheim Pharmaceuticals, Inc.",hcp,https://pro.boehringer-ingelheim.com/us/products/hernexeos/,403,text/html,direct branded domain blocks simple HTTP,verify in browser before merging; candidate identified from direct brand-domain probe
HERNEXEOS,zongertinib,"Boehringer Ingelheim Pharmaceuticals, Inc.",hcp,https://pro.boehringer-ingelheim.com/us/products/hernexeos/,403,text/html,direct branded domain blocks simple HTTP,verify in browser before merging; candidate identified from direct brand-domain probe
HERCESSI,Trastuzumab-strf,Accord BioPharma Inc.,hcp,https://www.hercessihcp.com/,200,text/html; charset=UTF-8,visible brand text; HCP text; patient text,verify in browser before merging; candidate identified from direct brand-domain probe
HERCESSI,Trastuzumab-strf,Accord BioPharma Inc.,hcp,https://www.hercessihcp.com/,200,text/html; charset=UTF-8,visible brand text; HCP text; patient text,verify in browser before merging; candidate identified from direct brand-domain probe
HERCESSI,Trastuzumab-strf,Accord BioPharma Inc.,patient,https://www.hercessihcp.com/,200,text/html; charset=UTF-8,visible brand text; HCP text; patient text,verify in browser before merging; candidate identified from direct brand-domain probe
HERCESSI,Trastuzumab-strf,Accord BioPharma Inc.,hcp,https://www.hercessihcp.com/,200,text/html; charset=UTF-8,visible brand text; HCP text; patient text,verify in browser before merging; candidate identified from direct brand-domain probe
HERCESSI,Trastuzumab-strf,Accord BioPharma Inc.,patient,https://www.hercessihcp.com/,200,text/html; charset=UTF-8,visible brand text; HCP text; patient text,verify in browser before merging; candidate identified from direct brand-domain probe
HYRNUO,SEVABERTINIB,Bayer HealthCare Pharmaceuticals Inc.,hcp,https://www.hyrnuohcp.com/,403,text/html,direct branded domain blocks simple HTTP,verify in browser before merging; candidate identified from direct brand-domain probe
HYRNUO,SEVABERTINIB,Bayer HealthCare Pharmaceuticals Inc.,hcp,https://www.hyrnuohcp.com/,403,text/html,direct branded domain blocks simple HTTP,verify in browser before merging; candidate identified from direct brand-domain probe
HYRNUO,SEVABERTINIB,Bayer HealthCare Pharmaceuticals Inc.,hcp,https://www.hyrnuo-us.com/,403,text/html,direct branded domain blocks simple HTTP,verify in browser before merging; candidate identified from direct brand-domain probe
HYRNUO,SEVABERTINIB,Bayer HealthCare Pharmaceuticals Inc.,hcp,https://www.hyrnuo-us.com/,403,text/html,direct branded domain blocks simple HTTP,verify in browser before merging; candidate identified from direct brand-domain probe
HYRNUO,SEVABERTINIB,Bayer HealthCare Pharmaceuticals Inc.,patient,https://www.hyrnuo-us.com/,403,text/html,direct branded domain blocks simple HTTP,verify in browser before merging; candidate identified from direct brand-domain probe
HYRNUO,SEVABERTINIB,Bayer HealthCare Pharmaceuticals Inc.,patient,https://www.hyrnuo-us.com/,403,text/html,direct branded domain blocks simple HTTP,verify in browser before merging; candidate identified from direct brand-domain probe
HYRNUO,SEVABERTINIB,Bayer HealthCare Pharmaceuticals Inc.,patient,https://www.hyrnuo-us.com/,403,text/html,direct branded domain blocks simple HTTP,verify in browser before merging; candidate identified from direct brand-domain probe
HYRNUO,SEVABERTINIB,Bayer HealthCare Pharmaceuticals Inc.,patient,https://www.hyrnuo-us.com/,403,text/html,direct branded domain blocks simple HTTP,verify in browser before merging; candidate identified from direct brand-domain probe
HYRNUO,SEVABERTINIB,Bayer HealthCare Pharmaceuticals Inc.,patient,https://www.hyrnuo-us.com/,403,text/html,direct branded domain blocks simple HTTP,verify in browser before merging; candidate identified from direct brand-domain probe
HYRNUO,SEVABERTINIB,Bayer HealthCare Pharmaceuticals Inc.,patient,https://www.hyrnuo-us.com/,403,text/html,direct branded domain blocks simple HTTP,verify in browser before merging; candidate identified from direct brand-domain probe
Humalog,Insulin lispro,A-S Medication Solutions; Eli Lilly and Company,hcp,https://insulins.lilly.com/humalog,403,text/html; charset=UTF-8,direct branded domain blocks simple HTTP,verify in browser before merging; candidate identified from direct brand-domain probe
Humalog,Insulin lispro,A-S Medication Solutions; Eli Lilly and Company,patient,https://insulins.lilly.com/humalog,403,text/html; charset=UTF-8,direct branded domain blocks simple HTTP,verify in browser before merging; candidate identified from direct brand-domain probe
Humalog,Insulin lispro,A-S Medication Solutions; Eli Lilly and Company,hcp,https://insulins.lilly.com/humalog,403,text/html; charset=UTF-8,direct branded domain blocks simple HTTP,verify in browser before merging; candidate identified from direct brand-domain probe
Humalog,Insulin lispro,A-S Medication Solutions; Eli Lilly and Company,patient,https://insulins.lilly.com/humalog,403,text/html; charset=UTF-8,direct branded domain blocks simple HTTP,verify in browser before merging; candidate identified from direct brand-domain probe
Humalog,Insulin lispro,A-S Medication Solutions; Eli Lilly and Company,patient,https://insulins.lilly.com/humalog,403,text/html; charset=UTF-8,direct branded domain blocks simple HTTP,verify in browser before merging; candidate identified from direct brand-domain probe
Humalog,Insulin lispro,A-S Medication Solutions; Eli Lilly and Company,patient,https://insulins.lilly.com/humalog,403,text/html; charset=UTF-8,direct branded domain blocks simple HTTP,verify in browser before merging; candidate identified from direct brand-domain probe
Humalog,Insulin lispro,A-S Medication Solutions; Eli Lilly and Company,patient,https://insulins.lilly.com/humalog,403,text/html; charset=UTF-8,direct branded domain blocks simple HTTP,verify in browser before merging; candidate identified from direct brand-domain probe
Humalog,Insulin lispro,A-S Medication Solutions; Eli Lilly and Company,patient,https://insulins.lilly.com/humalog,403,text/html; charset=UTF-8,direct branded domain blocks simple HTTP,verify in browser before merging; candidate identified from direct brand-domain probe
Humulin,Insulin human,Eli Lilly and Company,patient,https://insulins.lilly.com/humulin,403,text/html; charset=UTF-8,direct branded domain blocks simple HTTP,verify in browser before merging; candidate identified from direct brand-domain probe
Humulin,Insulin human,Eli Lilly and Company,patient,https://insulins.lilly.com/humulin,403,text/html; charset=UTF-8,direct branded domain blocks simple HTTP,verify in browser before merging; candidate identified from direct brand-domain probe
Humulin,Insulin human,Eli Lilly and Company,hcp,https://insulins.lilly.com/humulin,403,text/html; charset=UTF-8,direct branded domain blocks simple HTTP,verify in browser before merging; candidate identified from direct brand-domain probe
Humulin,Insulin human,Eli Lilly and Company,hcp,https://insulins.lilly.com/humulin,403,text/html; charset=UTF-8,direct branded domain blocks simple HTTP,verify in browser before merging; candidate identified from direct brand-domain probe
Humulin,Insulin human,Eli Lilly and Company,patient,https://insulins.lilly.com/humulin,403,text/html; charset=UTF-8,direct branded domain blocks simple HTTP,verify in browser before merging; candidate identified from direct brand-domain probe
Humulin,Insulin human,Eli Lilly and Company,patient,https://insulins.lilly.com/humulin,403,text/html; charset=UTF-8,direct branded domain blocks simple HTTP,verify in browser before merging; candidate identified from direct brand-domain probe
Humulin,Insulin human,Eli Lilly and Company,patient,https://insulins.lilly.com/humulin,403,text/html; charset=UTF-8,direct branded domain blocks simple HTTP,verify in browser before merging; candidate identified from direct brand-domain probe
Humulin,Insulin human,Eli Lilly and Company,patient,https://insulins.lilly.com/humulin,403,text/html; charset=UTF-8,direct branded domain blocks simple HTTP,verify in browser before merging; candidate identified from direct brand-domain probe
Idhifa,enasidenib mesylate,Celgene Corporation,hcp,https://www.idhifapro.com/,200,text/html;charset=utf-8,visible brand text; HCP text; patient text,verify in browser before merging; candidate identified from direct brand-domain probe
Idhifa,enasidenib mesylate,Celgene Corporation,patient,https://www.idhifa.com/,200,text/html;charset=utf-8,visible brand text; HCP text; patient text,verify in browser before merging; candidate identified from direct brand-domain probe
Idhifa,enasidenib mesylate,Celgene Corporation,hcp,https://www.idhifapro.com/,200,text/html;charset=utf-8,visible brand text; HCP text; patient text,verify in browser before merging; candidate identified from direct brand-domain probe
Idhifa,enasidenib mesylate,Celgene Corporation,patient,https://www.idhifa.com/,200,text/html;charset=utf-8,visible brand text; HCP text; patient text,verify in browser before merging; candidate identified from direct brand-domain probe
iDose TR,Travoprost Intracameral,Glaukos Corporation,hcp,https://www.idosetrhcp.com/,200,text/html; charset=UTF-8,visible brand text; HCP text; patient text,verify in browser before merging; candidate identified from direct brand-domain probe
iDose TR,Travoprost Intracameral,Glaukos Corporation,hcp,https://www.idosetrhcp.com/,200,text/html; charset=UTF-8,visible brand text; HCP text; patient text,verify in browser before merging; candidate identified from direct brand-domain probe
iDose TR,Travoprost Intracameral,Glaukos Corporation,patient,https://www.idosetr.com/,200,text/html; charset=UTF-8,visible brand text,verify in browser before merging; candidate identified from direct brand-domain probe
iDose TR,Travoprost Intracameral,Glaukos Corporation,patient,https://www.idosetr.com/,200,text/html; charset=UTF-8,visible brand text,verify in browser before merging; candidate identified from direct brand-domain probe
HUMATROPE,Somatropin,Eli Lilly and Company,patient,https://humatrope.lilly.com/,403,text/html; charset=UTF-8,direct branded domain blocks simple HTTP,verify in browser before merging; candidate identified from direct brand-domain probe
HUMATROPE,Somatropin,Eli Lilly and Company,hcp,https://humatrope.lilly.com/hcp,403,text/html; charset=UTF-8,direct branded domain blocks simple HTTP,verify in browser before merging; candidate identified from direct brand-domain probe
HUMATROPE,Somatropin,Eli Lilly and Company,hcp,https://humatrope.lilly.com/healthcare-professionals,403,text/html; charset=UTF-8,direct branded domain blocks simple HTTP,verify in browser before merging; candidate identified from direct brand-domain probe
HUMATROPE,Somatropin,Eli Lilly and Company,patient,https://humatrope.lilly.com/,403,text/html; charset=UTF-8,direct branded domain blocks simple HTTP,verify in browser before merging; candidate identified from direct brand-domain probe
HUMATROPE,Somatropin,Eli Lilly and Company,patient,https://humatrope.lilly.com/patients,403,text/html; charset=UTF-8,direct branded domain blocks simple HTTP,verify in browser before merging; candidate identified from direct brand-domain probe
HUMATROPE,Somatropin,Eli Lilly and Company,patient,https://humatrope.lilly.com/patient,403,text/html; charset=UTF-8,direct branded domain blocks simple HTTP,verify in browser before merging; candidate identified from direct brand-domain probe
HUMATROPE,Somatropin,Eli Lilly and Company,patient,https://humatrope.lilly.com/savings,403,text/html; charset=UTF-8,direct branded domain blocks simple HTTP,verify in browser before merging; candidate identified from direct brand-domain probe
HUMATROPE,Somatropin,Eli Lilly and Company,patient,https://humatrope.lilly.com/patient-support,403,text/html; charset=UTF-8,direct branded domain blocks simple HTTP,verify in browser before merging; candidate identified from direct brand-domain probe
HEMICLOR,chlorthalidone,"Ingenus Pharmaceuticals, LLC",patient,https://hemiclor.com/,200,text/html; charset=UTF-8,visible brand text,verify in browser before merging; candidate identified from direct brand-domain probe
HEMICLOR,chlorthalidone,"Ingenus Pharmaceuticals, LLC",patient,https://hemiclor.com/,200,text/html; charset=UTF-8,visible brand text,verify in browser before merging; candidate identified from direct brand-domain probe
INFASURF,calfactant,ONY Biotech Inc.,patient,https://infasurf.com/,200,text/html; charset=UTF-8,visible brand text; HCP text; patient text,verify in browser before merging; candidate identified from direct brand-domain probe
INFASURF,calfactant,ONY Biotech Inc.,patient,https://infasurf.com/,200,text/html; charset=UTF-8,visible brand text; HCP text; patient text,verify in browser before merging; candidate identified from direct brand-domain probe
IDVYNSO,"Doravirine, Islatravir",Merck Sharp & Dohme LLC,patient,https://www.idvynso.com/,200,text/html; charset=UTF-8,visible brand text; HCP text; patient text,verify in browser before merging; candidate identified from direct brand-domain probe
IDVYNSO,"Doravirine, Islatravir",Merck Sharp & Dohme LLC,hcp,https://www.merckconnect.com/idvynso/,200,text/html; charset=UTF-8,visible brand text; HCP text; patient text,verify in browser before merging; candidate identified from direct brand-domain probe
IDVYNSO,"Doravirine, Islatravir",Merck Sharp & Dohme LLC,patient,https://www.idvynso.com/,200,text/html; charset=UTF-8,visible brand text; HCP text; patient text,verify in browser before merging; candidate identified from direct brand-domain probe
IDVYNSO,"Doravirine, Islatravir",Merck Sharp & Dohme LLC,hcp,https://www.merckconnect.com/idvynso/,200,text/html; charset=UTF-8,visible brand text; HCP text; patient text,verify in browser before merging; candidate identified from direct brand-domain probe
IMURAN,azathioprine,Sebela Pharmaceuticals Inc.,patient,https://www.imuran.com/patient,200,text/html; charset=utf-8,visible brand text; patient text,verify in browser before merging; candidate identified from direct brand-domain probe
IMURAN,azathioprine,Sebela Pharmaceuticals Inc.,hcp,https://www.imuran.com/healthcare-professionals,200,text/html; charset=utf-8,visible brand text,verify in browser before merging; candidate identified from direct brand-domain probe
IMURAN,azathioprine,Sebela Pharmaceuticals Inc.,patient,https://imuran.com/,200,text/html; charset=utf-8,visible brand text,verify in browser before merging; candidate identified from direct brand-domain probe
IMURAN,azathioprine,Sebela Pharmaceuticals Inc.,patient,https://www.imuran.com/,200,text/html; charset=utf-8,visible brand text,verify in browser before merging; candidate identified from direct brand-domain probe
IMURAN,azathioprine,Sebela Pharmaceuticals Inc.,hcp,https://get.gosecuredweb.com/?click_id=91188044813&cid=3304&dkw=imuran.com&pid=458117&yid=swbt&cachecode=QZvOfds4iMwwovS6s%2B4vZw%3D%3D&rhi=0d368a8b-f00a-4913-821a-adc55d3fac8a,200,text/html; charset=UTF-8,visible brand text,verify in browser before merging; candidate identified from direct brand-domain probe
IMURAN,azathioprine,Sebela Pharmaceuticals Inc.,patient,https://www.imuran.com/patient-support,200,text/html; charset=utf-8,visible brand text; patient text,verify in browser before merging; candidate identified from direct brand-domain probe
IMURAN,azathioprine,Sebela Pharmaceuticals Inc.,patient,https://www.imuran.com/patients,200,text/html; charset=utf-8,visible brand text; patient text,verify in browser before merging; candidate identified from direct brand-domain probe
IMURAN,azathioprine,Sebela Pharmaceuticals Inc.,patient,https://www.imuran.com/savings,200,text/html; charset=utf-8,visible brand text; patient text,verify in browser before merging; candidate identified from direct brand-domain probe
Gonal-f,follitropin alfa,"EMD Serono, Inc.",hcp,https://hcp.gonal-f.com/,403,application/xml,direct branded domain blocks simple HTTP,verify in browser before merging; candidate identified from direct brand-domain probe
Gonal-f,follitropin alfa,"EMD Serono, Inc.",hcp,https://hcp.gonalf.com/,403,application/xml,direct branded domain blocks simple HTTP,verify in browser before merging; candidate identified from direct brand-domain probe
Inluriyo,imlunestrant,Eli Lilly and Company,patient,https://inluriyo.lilly.com/,403,text/html; charset=UTF-8,direct branded domain blocks simple HTTP,verify in browser before merging; candidate identified from direct brand-domain probe
Inluriyo,imlunestrant,Eli Lilly and Company,patient,https://inluriyo.lilly.com/,403,text/html; charset=UTF-8,direct branded domain blocks simple HTTP,verify in browser before merging; candidate identified from direct brand-domain probe
Inluriyo,imlunestrant,Eli Lilly and Company,patient,https://inluriyo.lilly.com/,403,text/html; charset=UTF-8,direct branded domain blocks simple HTTP,verify in browser before merging; candidate identified from direct brand-domain probe
Inluriyo,imlunestrant,Eli Lilly and Company,hcp,https://inluriyo.lilly.com/,403,text/html; charset=UTF-8,direct branded domain blocks simple HTTP,verify in browser before merging; candidate identified from direct brand-domain probe
Inluriyo,imlunestrant,Eli Lilly and Company,patient,https://inluriyo.lilly.com/,403,text/html; charset=UTF-8,direct branded domain blocks simple HTTP,verify in browser before merging; candidate identified from direct brand-domain probe
Inluriyo,imlunestrant,Eli Lilly and Company,patient,https://inluriyo.lilly.com/,403,text/html; charset=UTF-8,direct branded domain blocks simple HTTP,verify in browser before merging; candidate identified from direct brand-domain probe
Inluriyo,imlunestrant,Eli Lilly and Company,patient,https://inluriyo.lilly.com/,403,text/html; charset=UTF-8,direct branded domain blocks simple HTTP,verify in browser before merging; candidate identified from direct brand-domain probe
Inluriyo,imlunestrant,Eli Lilly and Company,hcp,https://inluriyo.lilly.com/,200,text/html; charset=utf-8,visible brand text; HCP text; patient text,verify in browser before merging; candidate identified from direct brand-domain probe
INOMAX,nitric oxide,INO Therapeutics LLC,patient,https://www.inomax.com/,200,text/html,visible brand text; HCP text; patient text,verify in browser before merging; candidate identified from direct brand-domain probe
INOMAX,nitric oxide,INO Therapeutics LLC,patient,https://www.inomax.com/404.html,200,text/html,visible brand text,verify in browser before merging; candidate identified from direct brand-domain probe
INOMAX,nitric oxide,INO Therapeutics LLC,patient,https://www.inomax.com/,200,text/html,visible brand text; HCP text; patient text,verify in browser before merging; candidate identified from direct brand-domain probe
INOMAX,nitric oxide,INO Therapeutics LLC,patient,https://www.inomax.com/404.html,200,text/html,visible brand text,verify in browser before merging; candidate identified from direct brand-domain probe
INOMAX,nitric oxide,INO Therapeutics LLC,hcp,https://www.inomax.com/404.html,200,text/html,visible brand text,verify in browser before merging; candidate identified from direct brand-domain probe
INOMAX,nitric oxide,INO Therapeutics LLC,patient,https://www.inomax.com/404.html,200,text/html,visible brand text,verify in browser before merging; candidate identified from direct brand-domain probe
INOMAX,nitric oxide,INO Therapeutics LLC,hcp,https://www.inomax.com/404.html,200,text/html,visible brand text,verify in browser before merging; candidate identified from direct brand-domain probe
INOMAX,nitric oxide,INO Therapeutics LLC,patient,https://www.inomax.com/404.html,200,text/html,visible brand text,verify in browser before merging; candidate identified from direct brand-domain probe
INFeD,Iron Dextran,"Allergan, Inc.; Henry Schein, Inc.",patient,https://www.infed.com/,200,text/html;charset=utf-8,visible brand text; HCP text; patient text,verify in browser before merging; candidate identified from direct brand-domain probe
INFeD,Iron Dextran,"Allergan, Inc.; Henry Schein, Inc.",patient,https://www.infed.com/,200,text/html;charset=utf-8,visible brand text; HCP text; patient text,verify in browser before merging; candidate identified from direct brand-domain probe
INVEGA,paliperidone,"Janssen Pharmaceuticals, Inc.",hcp,https://www.injectionsforschizophrenia.com/,200,text/html,visible brand text; patient text,verify in browser before merging; candidate identified from direct brand-domain probe
INVEGA,paliperidone,"Janssen Pharmaceuticals, Inc.",patient,https://www.injectionsforschizophrenia.com/,200,text/html,visible brand text; patient text,verify in browser before merging; candidate identified from direct brand-domain probe
INVEGA,paliperidone,"Janssen Pharmaceuticals, Inc.",hcp,https://www.injectionsforschizophrenia.com/,200,text/html,visible brand text; patient text,verify in browser before merging; candidate identified from direct brand-domain probe
INVEGA,paliperidone,"Janssen Pharmaceuticals, Inc.",patient,https://www.injectionsforschizophrenia.com/,200,text/html,visible brand text; patient text,verify in browser before merging; candidate identified from direct brand-domain probe
INVEGA,paliperidone,"Janssen Pharmaceuticals, Inc.",patient,https://www.injectionsforschizophrenia.com/,200,text/html,visible brand text; patient text,verify in browser before merging; candidate identified from direct brand-domain probe
INVEGA,paliperidone,"Janssen Pharmaceuticals, Inc.",patient,https://www.injectionsforschizophrenia.com/,200,text/html,visible brand text; patient text,verify in browser before merging; candidate identified from direct brand-domain probe
INVEGA,paliperidone,"Janssen Pharmaceuticals, Inc.",patient,https://www.injectionsforschizophrenia.com/,200,text/html,visible brand text; patient text,verify in browser before merging; candidate identified from direct brand-domain probe
INVEGA,paliperidone,"Janssen Pharmaceuticals, Inc.",patient,https://www.injectionsforschizophrenia.com/,200,text/html,visible brand text; patient text,verify in browser before merging; candidate identified from direct brand-domain probe
InterSol,Platelet Additive 3,"Fenwal, Inc.",patient,https://brandsly.com/name/intersol.com,200,text/html; charset=utf-8,visible brand text,verify in browser before merging; candidate identified from direct brand-domain probe
InterSol,Platelet Additive 3,"Fenwal, Inc.",hcp,https://brandsly.com/name/intersol.com,200,text/html; charset=utf-8,visible brand text,verify in browser before merging; candidate identified from direct brand-domain probe
InterSol,Platelet Additive 3,"Fenwal, Inc.",patient,https://brandsly.com/name/intersol.com,200,text/html; charset=utf-8,visible brand text,verify in browser before merging; candidate identified from direct brand-domain probe
InterSol,Platelet Additive 3,"Fenwal, Inc.",hcp,https://brandsly.com/name/intersol.com,200,text/html; charset=utf-8,visible brand text,verify in browser before merging; candidate identified from direct brand-domain probe
InterSol,Platelet Additive 3,"Fenwal, Inc.",patient,https://brandsly.com/name/intersol.com,200,text/html; charset=utf-8,visible brand text,verify in browser before merging; candidate identified from direct brand-domain probe
Intuniv,guanfacine,"Takeda Pharmaceuticals America, Inc.",patient,https://www.takeda.com/en-us/about/products/,200,text/html; charset=utf-8,patient text,verify in browser before merging; candidate identified from direct brand-domain probe
ISOVUE,IOPAMIDOL,BRACCO DIAGNOSTICS INC; Bracco Diagnostics Inc,patient,https://isovue.com/,200,text/html; charset=UTF-8,visible brand text; HCP text; patient text,verify in browser before merging; candidate identified from direct brand-domain probe
ISOVUE,IOPAMIDOL,BRACCO DIAGNOSTICS INC; Bracco Diagnostics Inc,patient,https://isovue.com/,200,text/html; charset=UTF-8,visible brand text; HCP text; patient text,verify in browser before merging; candidate identified from direct brand-domain probe
ISOVUE,IOPAMIDOL,BRACCO DIAGNOSTICS INC; Bracco Diagnostics Inc,patient,https://isovue.com/savings-calculator/,200,text/html; charset=UTF-8,visible brand text; HCP text; patient text,verify in browser before merging; candidate identified from direct brand-domain probe
JAYPIRCA,pirtobrutinib,Eli Lilly and Company,hcp,https://jaypirca.lilly.com/hcp,403,text/html; charset=UTF-8,direct branded domain blocks simple HTTP,verify in browser before merging; candidate identified from direct brand-domain probe
JAYPIRCA,pirtobrutinib,Eli Lilly and Company,hcp,https://jaypirca.lilly.com/healthcare-professionals,403,text/html; charset=UTF-8,direct branded domain blocks simple HTTP,verify in browser before merging; candidate identified from direct brand-domain probe
JAYPIRCA,pirtobrutinib,Eli Lilly and Company,patient,https://jaypirca.lilly.com/,403,text/html; charset=UTF-8,direct branded domain blocks simple HTTP,verify in browser before merging; candidate identified from direct brand-domain probe
JAYPIRCA,pirtobrutinib,Eli Lilly and Company,patient,https://jaypirca.lilly.com/patients,403,text/html; charset=UTF-8,direct branded domain blocks simple HTTP,verify in browser before merging; candidate identified from direct brand-domain probe
JAYPIRCA,pirtobrutinib,Eli Lilly and Company,patient,https://jaypirca.lilly.com/,403,text/html; charset=UTF-8,direct branded domain blocks simple HTTP,verify in browser before merging; candidate identified from direct brand-domain probe
JAYPIRCA,pirtobrutinib,Eli Lilly and Company,patient,https://jaypirca.lilly.com/savings,403,text/html; charset=UTF-8,direct branded domain blocks simple HTTP,verify in browser before merging; candidate identified from direct brand-domain probe
JAYPIRCA,pirtobrutinib,Eli Lilly and Company,patient,https://jaypirca.lilly.com/patient-support,403,text/html; charset=UTF-8,direct branded domain blocks simple HTTP,verify in browser before merging; candidate identified from direct brand-domain probe
JAYPIRCA,pirtobrutinib,Eli Lilly and Company,patient,https://jaypirca.lilly.com/patient,403,text/html; charset=UTF-8,direct branded domain blocks simple HTTP,verify in browser before merging; candidate identified from direct brand-domain probe
Idacio,adalimumab-aacf,"Fresenius Kabi USA, LLC",hcp,https://biosimilars.fresenius-kabi.com/adalimumab-aacf,200,text/html;charset=utf-8,patient text,verify in browser before merging; candidate identified from direct brand-domain probe
JAVADIN,clonidine hydrochloride oral,"Azurity Pharmaceuticals, Inc.",patient,https://www.javadin.com/,200,text/html; charset=utf-8,HCP text,verify in browser before merging; candidate identified from direct brand-domain probe
JAVADIN,clonidine hydrochloride oral,"Azurity Pharmaceuticals, Inc.",patient,https://www.javadin.com/,200,text/html; charset=utf-8,HCP text,verify in browser before merging; candidate identified from direct brand-domain probe
JOURNAVX,Suzetrigine,Vertex Pharmaceuticals Incorporated,patient,https://journavx.com/,403,text/html,direct branded domain blocks simple HTTP,verify in browser before merging; candidate identified from direct brand-domain probe
JOURNAVX,Suzetrigine,Vertex Pharmaceuticals Incorporated,hcp,https://www.journavxhcp.com/,403,text/html,direct branded domain blocks simple HTTP,verify in browser before merging; candidate identified from direct brand-domain probe
JOURNAVX,Suzetrigine,Vertex Pharmaceuticals Incorporated,hcp,https://www.journavx.com/hcp,403,text/html,direct branded domain blocks simple HTTP,verify in browser before merging; candidate identified from direct brand-domain probe
JOURNAVX,Suzetrigine,Vertex Pharmaceuticals Incorporated,patient,https://www.journavx.com/,403,text/html,direct branded domain blocks simple HTTP,verify in browser before merging; candidate identified from direct brand-domain probe
JOURNAVX,Suzetrigine,Vertex Pharmaceuticals Incorporated,hcp,https://journavxhcp.com/,403,text/html,direct branded domain blocks simple HTTP,verify in browser before merging; candidate identified from direct brand-domain probe
JOURNAVX,Suzetrigine,Vertex Pharmaceuticals Incorporated,hcp,https://www.journavx.com/healthcare-professionals,403,text/html,direct branded domain blocks simple HTTP,verify in browser before merging; candidate identified from direct brand-domain probe
JOURNAVX,Suzetrigine,Vertex Pharmaceuticals Incorporated,patient,https://www.journavx.com/patient,403,text/html,direct branded domain blocks simple HTTP,verify in browser before merging; candidate identified from direct brand-domain probe
JOURNAVX,Suzetrigine,Vertex Pharmaceuticals Incorporated,patient,https://www.journavx.com/patient-support,403,text/html,direct branded domain blocks simple HTTP,verify in browser before merging; candidate identified from direct brand-domain probe
JOURNAVX,Suzetrigine,Vertex Pharmaceuticals Incorporated,patient,https://www.journavx.com/savings,403,text/html,direct branded domain blocks simple HTTP,verify in browser before merging; candidate identified from direct brand-domain probe
JOURNAVX,Suzetrigine,Vertex Pharmaceuticals Incorporated,patient,https://www.journavx.com/patients,403,text/html,direct branded domain blocks simple HTTP,verify in browser before merging; candidate identified from direct brand-domain probe
JASCAYD,nerandomilast,"Boehringer Ingelheim Pharmaceuticals, Inc.",hcp,https://pro.boehringer-ingelheim.com/us/products/jascayd/,403,text/html,direct branded domain blocks simple HTTP,verify in browser before merging; candidate identified from direct brand-domain probe
JASCAYD,nerandomilast,"Boehringer Ingelheim Pharmaceuticals, Inc.",hcp,https://pro.boehringer-ingelheim.com/us/products/jascayd/,403,text/html,direct branded domain blocks simple HTTP,verify in browser before merging; candidate identified from direct brand-domain probe
JANUVIA,sitagliptin,"A-S Medication Solutions; Cardinal Health 107, LLC; Merck Sharp & Dohme LLC",patient,https://www.januvia.com/404-error/,200,text/html; charset=UTF-8,visible brand text; HCP text,verify in browser before merging; candidate identified from direct brand-domain probe
JANUVIA,sitagliptin,"A-S Medication Solutions; Cardinal Health 107, LLC; Merck Sharp & Dohme LLC",hcp,https://www.januvia.com/404-error/,200,text/html; charset=UTF-8,visible brand text; HCP text,verify in browser before merging; candidate identified from direct brand-domain probe
JANUVIA,sitagliptin,"A-S Medication Solutions; Cardinal Health 107, LLC; Merck Sharp & Dohme LLC",hcp,https://www.januvia.com/404-error/,200,text/html; charset=UTF-8,visible brand text; HCP text,verify in browser before merging; candidate identified from direct brand-domain probe
JANUVIA,sitagliptin,"A-S Medication Solutions; Cardinal Health 107, LLC; Merck Sharp & Dohme LLC",patient,https://www.januvia.com/404-error/,200,text/html; charset=UTF-8,visible brand text; HCP text,verify in browser before merging; candidate identified from direct brand-domain probe
JANUVIA,sitagliptin,"A-S Medication Solutions; Cardinal Health 107, LLC; Merck Sharp & Dohme LLC",patient,https://www.januvia.com/404-error/,200,text/html; charset=UTF-8,visible brand text; HCP text,verify in browser before merging; candidate identified from direct brand-domain probe
JANUVIA,sitagliptin,"A-S Medication Solutions; Cardinal Health 107, LLC; Merck Sharp & Dohme LLC",patient,https://www.januvia.com/404-error/,200,text/html; charset=UTF-8,visible brand text; HCP text,verify in browser before merging; candidate identified from direct brand-domain probe
Kerendia,finerenone,Bayer HealthCare Pharmaceuticals Inc.,hcp,https://www.kerendia.com/hcp,403,text/html,direct branded domain blocks simple HTTP,verify in browser before merging; candidate identified from direct brand-domain probe
Kerendia,finerenone,Bayer HealthCare Pharmaceuticals Inc.,hcp,https://www.kerendiahcp.com/,403,text/html,direct branded domain blocks simple HTTP,verify in browser before merging; candidate identified from direct brand-domain probe
Kerendia,finerenone,Bayer HealthCare Pharmaceuticals Inc.,hcp,https://www.kerendia.com/healthcare-professionals,403,text/html,direct branded domain blocks simple HTTP,verify in browser before merging; candidate identified from direct brand-domain probe
Kerendia,finerenone,Bayer HealthCare Pharmaceuticals Inc.,patient,https://www.kerendia.com/,403,text/html,direct branded domain blocks simple HTTP,verify in browser before merging; candidate identified from direct brand-domain probe
Kerendia,finerenone,Bayer HealthCare Pharmaceuticals Inc.,hcp,https://www.kerendiahcp.com/,403,text/html,direct branded domain blocks simple HTTP,verify in browser before merging; candidate identified from direct brand-domain probe
Kerendia,finerenone,Bayer HealthCare Pharmaceuticals Inc.,patient,https://www.kerendia.com/patient,403,text/html,direct branded domain blocks simple HTTP,verify in browser before merging; candidate identified from direct brand-domain probe
Kerendia,finerenone,Bayer HealthCare Pharmaceuticals Inc.,patient,https://www.kerendia.com/patient-support,403,text/html,direct branded domain blocks simple HTTP,verify in browser before merging; candidate identified from direct brand-domain probe
Kerendia,finerenone,Bayer HealthCare Pharmaceuticals Inc.,patient,https://www.kerendia.com/savings,403,text/html,direct branded domain blocks simple HTTP,verify in browser before merging; candidate identified from direct brand-domain probe
Kerendia,finerenone,Bayer HealthCare Pharmaceuticals Inc.,patient,https://www.kerendia.com/patients,403,text/html,direct branded domain blocks simple HTTP,verify in browser before merging; candidate identified from direct brand-domain probe
Kerendia,finerenone,Bayer HealthCare Pharmaceuticals Inc.,patient,https://www.kerendia.com/,403,text/html,direct branded domain blocks simple HTTP,verify in browser before merging; candidate identified from direct brand-domain probe
JUBBONTI,denosumab,Sandoz Inc,patient,https://www.jubbonti.com/,200,text/html; charset=utf-8,visible brand text; HCP text; patient text,verify in browser before merging; candidate identified from direct brand-domain probe
JUBBONTI,denosumab,Sandoz Inc,patient,https://www.jubbonti.com/,200,text/html; charset=utf-8,visible brand text; HCP text; patient text,verify in browser before merging; candidate identified from direct brand-domain probe
Jentadueto,linagliptin and metformin hydrochloride,"Boehringer Ingelheim Pharmaceuticals, Inc.",hcp,https://pro.boehringer-ingelheim.com/us/products/jentadueto/,403,text/html,direct branded domain blocks simple HTTP,verify in browser before merging; candidate identified from direct brand-domain probe
Kanjinti,trastuzumab-anns,"Amgen, Inc",patient,https://www.kanjinti.com/,200,text/html; charset=utf-8,visible brand text; HCP text; patient text,verify in browser before merging; candidate identified from direct brand-domain probe
Kanjinti,trastuzumab-anns,"Amgen, Inc",patient,https://www.kanjinti.com/,200,text/html; charset=utf-8,visible brand text; HCP text; patient text,verify in browser before merging; candidate identified from direct brand-domain probe
KEPIVANCE,palifermin,Swedish Orphan Biovitrum AB (publ),patient,https://www.kepivance.com/,200,text/html; charset=UTF-8,visible brand text; HCP text; patient text,verify in browser before merging; candidate identified from direct brand-domain probe
KEPIVANCE,palifermin,Swedish Orphan Biovitrum AB (publ),patient,https://kepivance.com/,200,text/html; charset=UTF-8,visible brand text; HCP text; patient text,verify in browser before merging; candidate identified from direct brand-domain probe
Kineret,anakinra,Swedish Orphan Biovitrum AB (publ),hcp,https://www.kineret.com/healthcare-professionals,200,text/html; charset=UTF-8,visible brand text,verify in browser before merging; candidate identified from direct brand-domain probe
Kineret,anakinra,Swedish Orphan Biovitrum AB (publ),hcp,https://www.kineret.com/hcp,200,text/html; charset=UTF-8,visible brand text; HCP text,verify in browser before merging; candidate identified from direct brand-domain probe
Kineret,anakinra,Swedish Orphan Biovitrum AB (publ),hcp,https://hcp.kineret.com/,200,text/html; charset=UTF-8,visible brand text; HCP text,verify in browser before merging; candidate identified from direct brand-domain probe
Kineret,anakinra,Swedish Orphan Biovitrum AB (publ),patient,https://www.kineret.com/patient,200,text/html; charset=UTF-8,visible brand text; patient text,verify in browser before merging; candidate identified from direct brand-domain probe
Kineret,anakinra,Swedish Orphan Biovitrum AB (publ),patient,https://kineret.com/,200,text/html; charset=UTF-8,visible brand text,verify in browser before merging; candidate identified from direct brand-domain probe
Kineret,anakinra,Swedish Orphan Biovitrum AB (publ),patient,https://www.kineret.com/,200,text/html; charset=UTF-8,visible brand text,verify in browser before merging; candidate identified from direct brand-domain probe
Kineret,anakinra,Swedish Orphan Biovitrum AB (publ),patient,https://www.kineret.com/patients,200,text/html; charset=UTF-8,visible brand text; patient text,verify in browser before merging; candidate identified from direct brand-domain probe
Kineret,anakinra,Swedish Orphan Biovitrum AB (publ),patient,https://www.kineret.com/patient-support,200,text/html; charset=UTF-8,visible brand text; patient text,verify in browser before merging; candidate identified from direct brand-domain probe
Kineret,anakinra,Swedish Orphan Biovitrum AB (publ),patient,https://www.kineret.com/savings,200,text/html; charset=UTF-8,visible brand text; patient text,verify in browser before merging; candidate identified from direct brand-domain probe
Kalydeco,ivacaftor,Vertex Pharmaceuticals Incorporated,hcp,https://kalydecohcp.com/,403,text/html,direct branded domain blocks simple HTTP,verify in browser before merging; candidate identified from direct brand-domain probe
Kalydeco,ivacaftor,Vertex Pharmaceuticals Incorporated,hcp,https://www.kalydecohcp.com/,403,text/html,direct branded domain blocks simple HTTP,verify in browser before merging; candidate identified from direct brand-domain probe
Kalydeco,ivacaftor,Vertex Pharmaceuticals Incorporated,patient,https://www.kalydeco.com/,403,text/html,direct branded domain blocks simple HTTP,verify in browser before merging; candidate identified from direct brand-domain probe
Kalydeco,ivacaftor,Vertex Pharmaceuticals Incorporated,hcp,https://www.kalydeco.com/hcp,403,text/html,direct branded domain blocks simple HTTP,verify in browser before merging; candidate identified from direct brand-domain probe
Kalydeco,ivacaftor,Vertex Pharmaceuticals Incorporated,patient,https://www.kalydeco.com/patient,403,text/html,direct branded domain blocks simple HTTP,verify in browser before merging; candidate identified from direct brand-domain probe
Kalydeco,ivacaftor,Vertex Pharmaceuticals Incorporated,patient,https://kalydeco.com/,403,text/html,direct branded domain blocks simple HTTP,verify in browser before merging; candidate identified from direct brand-domain probe
Kalydeco,ivacaftor,Vertex Pharmaceuticals Incorporated,hcp,https://www.kalydeco.com/healthcare-professionals,403,text/html,direct branded domain blocks simple HTTP,verify in browser before merging; candidate identified from direct brand-domain probe
Kalydeco,ivacaftor,Vertex Pharmaceuticals Incorporated,patient,https://www.kalydeco.com/patients,403,text/html,direct branded domain blocks simple HTTP,verify in browser before merging; candidate identified from direct brand-domain probe
Kalydeco,ivacaftor,Vertex Pharmaceuticals Incorporated,patient,https://www.kalydeco.com/patient-support,403,text/html,direct branded domain blocks simple HTTP,verify in browser before merging; candidate identified from direct brand-domain probe
Kalydeco,ivacaftor,Vertex Pharmaceuticals Incorporated,patient,https://www.kalydeco.com/savings,403,text/html,direct branded domain blocks simple HTTP,verify in browser before merging; candidate identified from direct brand-domain probe
KIRSTY,insulin aspart-xjhz,Biocon Biologics Inc.,patient,https://www.kirsty.com/,200,text/html; charset=UTF-8,visible brand text,verify in browser before merging; candidate identified from direct brand-domain probe
KIRSTY,insulin aspart-xjhz,Biocon Biologics Inc.,patient,https://www.kirsty.com/,200,text/html; charset=UTF-8,visible brand text,verify in browser before merging; candidate identified from direct brand-domain probe
Kisunla,donanemab-azbt,Eli Lilly and Company,hcp,https://www.lilly.com/,403,text/html; charset=UTF-8,direct branded domain blocks simple HTTP,verify in browser before merging; candidate identified from direct brand-domain probe
Kisunla,donanemab-azbt,Eli Lilly and Company,hcp,https://www.lilly.com/,403,text/html; charset=UTF-8,direct branded domain blocks simple HTTP,verify in browser before merging; candidate identified from direct brand-domain probe
Kisunla,donanemab-azbt,Eli Lilly and Company,patient,https://kisunla.lilly.com/patients,403,text/html; charset=UTF-8,direct branded domain blocks simple HTTP,verify in browser before merging; candidate identified from direct brand-domain probe
Kisunla,donanemab-azbt,Eli Lilly and Company,patient,https://kisunla.lilly.com/,403,text/html; charset=UTF-8,direct branded domain blocks simple HTTP,verify in browser before merging; candidate identified from direct brand-domain probe
Kisunla,donanemab-azbt,Eli Lilly and Company,patient,https://kisunla.lilly.com/patient,403,text/html; charset=UTF-8,direct branded domain blocks simple HTTP,verify in browser before merging; candidate identified from direct brand-domain probe
Kisunla,donanemab-azbt,Eli Lilly and Company,hcp,https://www.lilly.com/,403,text/html; charset=UTF-8,direct branded domain blocks simple HTTP,verify in browser before merging; candidate identified from direct brand-domain probe
Kisunla,donanemab-azbt,Eli Lilly and Company,hcp,https://www.lilly.com/,403,text/html; charset=UTF-8,direct branded domain blocks simple HTTP,verify in browser before merging; candidate identified from direct brand-domain probe
Kisunla,donanemab-azbt,Eli Lilly and Company,hcp,https://kisunla.lilly.com/hcp,403,text/html; charset=UTF-8,direct branded domain blocks simple HTTP,verify in browser before merging; candidate identified from direct brand-domain probe
Kisunla,donanemab-azbt,Eli Lilly and Company,patient,https://kisunla.lilly.com/,403,text/html; charset=UTF-8,direct branded domain blocks simple HTTP,verify in browser before merging; candidate identified from direct brand-domain probe
Kisunla,donanemab-azbt,Eli Lilly and Company,hcp,https://kisunla.lilly.com/healthcare-professionals,403,text/html; charset=UTF-8,direct branded domain blocks simple HTTP,verify in browser before merging; candidate identified from direct brand-domain probe
Kisunla,donanemab-azbt,Eli Lilly and Company,patient,https://kisunla.lilly.com/savings,403,text/html; charset=UTF-8,direct branded domain blocks simple HTTP,verify in browser before merging; candidate identified from direct brand-domain probe
Kisunla,donanemab-azbt,Eli Lilly and Company,patient,https://kisunla.lilly.com/patient-support,403,text/html; charset=UTF-8,direct branded domain blocks simple HTTP,verify in browser before merging; candidate identified from direct brand-domain probe
Kyleena,Levonorgestrel,Bayer HealthCare Pharmaceuticals Inc.,patient,https://www.kyleena.com/,403,text/html,direct branded domain blocks simple HTTP,verify in browser before merging; candidate identified from direct brand-domain probe
Kyleena,Levonorgestrel,Bayer HealthCare Pharmaceuticals Inc.,hcp,https://www.kyleena.com/healthcare-professionals,403,text/html,direct branded domain blocks simple HTTP,verify in browser before merging; candidate identified from direct brand-domain probe
Kyleena,Levonorgestrel,Bayer HealthCare Pharmaceuticals Inc.,patient,https://www.kyleena.com/patients,403,text/html,direct branded domain blocks simple HTTP,verify in browser before merging; candidate identified from direct brand-domain probe
Kyleena,Levonorgestrel,Bayer HealthCare Pharmaceuticals Inc.,hcp,https://www.kyleena.com/hcp,403,text/html,direct branded domain blocks simple HTTP,verify in browser before merging; candidate identified from direct brand-domain probe
Kyleena,Levonorgestrel,Bayer HealthCare Pharmaceuticals Inc.,hcp,https://www.kyleenahcp.com/,403,text/html,direct branded domain blocks simple HTTP,verify in browser before merging; candidate identified from direct brand-domain probe
Kyleena,Levonorgestrel,Bayer HealthCare Pharmaceuticals Inc.,hcp,https://www.kyleenahcp.com/,403,text/html,direct branded domain blocks simple HTTP,verify in browser before merging; candidate identified from direct brand-domain probe
Kyleena,Levonorgestrel,Bayer HealthCare Pharmaceuticals Inc.,patient,https://www.kyleena.com/patient,403,text/html,direct branded domain blocks simple HTTP,verify in browser before merging; candidate identified from direct brand-domain probe
Kyleena,Levonorgestrel,Bayer HealthCare Pharmaceuticals Inc.,patient,https://www.kyleena.com/patient-support,403,text/html,direct branded domain blocks simple HTTP,verify in browser before merging; candidate identified from direct brand-domain probe
Kyleena,Levonorgestrel,Bayer HealthCare Pharmaceuticals Inc.,patient,https://www.kyleena.com/savings,403,text/html,direct branded domain blocks simple HTTP,verify in browser before merging; candidate identified from direct brand-domain probe
Kyleena,Levonorgestrel,Bayer HealthCare Pharmaceuticals Inc.,patient,https://www.kyleena.com/,403,text/html,direct branded domain blocks simple HTTP,verify in browser before merging; candidate identified from direct brand-domain probe
KYGEVVI,doxecitine and doxribtimine,"UCB, Inc.",hcp,https://www.kygevvihcp.com/,200,text/html; charset=UTF-8,visible brand text; HCP text; patient text,verify in browser before merging; candidate identified from direct brand-domain probe
KYGEVVI,doxecitine and doxribtimine,"UCB, Inc.",hcp,https://www.kygevvihcp.com/,200,text/html; charset=UTF-8,visible brand text; HCP text; patient text,verify in browser before merging; candidate identified from direct brand-domain probe
LASTACAFT,alcaftadine,"Allergan, Inc.",patient,https://www.lastacaft.com/,200,text/html;charset=utf-8,visible brand text; HCP text; patient text,verify in browser before merging; candidate identified from direct brand-domain probe
LASTACAFT,alcaftadine,"Allergan, Inc.",patient,https://www.lastacaft.com/savings,200,text/html;charset=utf-8,visible brand text; HCP text; patient text,verify in browser before merging; candidate identified from direct brand-domain probe
LASTACAFT,alcaftadine,"Allergan, Inc.",patient,https://www.lastacaft.com/,200,text/html;charset=utf-8,visible brand text; HCP text; patient text,verify in browser before merging; candidate identified from direct brand-domain probe
LANGLARA,insulin glargine-aldy,"Lanexa Biologics, LLC",patient,https://www.langlara.com/patient,200,text/html; charset=UTF-8,visible brand text; patient text,verify in browser before merging; candidate identified from direct brand-domain probe
LANGLARA,insulin glargine-aldy,"Lanexa Biologics, LLC",patient,https://www.langlara.com/,200,text/html; charset=UTF-8,visible brand text,verify in browser before merging; candidate identified from direct brand-domain probe
LANGLARA,insulin glargine-aldy,"Lanexa Biologics, LLC",hcp,https://www.langlara.com/healthcare-professionals,200,text/html; charset=UTF-8,visible brand text,verify in browser before merging; candidate identified from direct brand-domain probe
LANGLARA,insulin glargine-aldy,"Lanexa Biologics, LLC",hcp,https://www.langlara.com/hcp,200,text/html; charset=UTF-8,visible brand text; HCP text,verify in browser before merging; candidate identified from direct brand-domain probe
LANGLARA,insulin glargine-aldy,"Lanexa Biologics, LLC",patient,https://langlara.com/,200,text/html; charset=UTF-8,visible brand text,verify in browser before merging; candidate identified from direct brand-domain probe
LANGLARA,insulin glargine-aldy,"Lanexa Biologics, LLC",patient,https://www.langlara.com/patient-support,200,text/html; charset=UTF-8,visible brand text; patient text,verify in browser before merging; candidate identified from direct brand-domain probe
LANGLARA,insulin glargine-aldy,"Lanexa Biologics, LLC",patient,https://www.langlara.com/patients,200,text/html; charset=UTF-8,visible brand text; patient text,verify in browser before merging; candidate identified from direct brand-domain probe
LANGLARA,insulin glargine-aldy,"Lanexa Biologics, LLC",patient,https://www.langlara.com/savings,200,text/html; charset=UTF-8,visible brand text; patient text,verify in browser before merging; candidate identified from direct brand-domain probe
KYBELLA,Deoxycholic Acid,Kythera Biopharmaceuticals Inc.,patient,https://www.kybella.com/,200,text/html; charset=UTF-8,visible brand text,verify in browser before merging; candidate identified from direct brand-domain probe
LAMPIT,nifurtimox,Bayer HealthCare Pharmaceuticals Inc.,hcp,https://www.lampit.com/hcp,403,text/html,direct branded domain blocks simple HTTP,verify in browser before merging; candidate identified from direct brand-domain probe
LAMPIT,nifurtimox,Bayer HealthCare Pharmaceuticals Inc.,patient,https://www.lampit.com/,403,text/html,direct branded domain blocks simple HTTP,verify in browser before merging; candidate identified from direct brand-domain probe
LAMPIT,nifurtimox,Bayer HealthCare Pharmaceuticals Inc.,patient,https://www.lampit.com/patients,403,text/html,direct branded domain blocks simple HTTP,verify in browser before merging; candidate identified from direct brand-domain probe
LAMPIT,nifurtimox,Bayer HealthCare Pharmaceuticals Inc.,patient,https://www.lampit.com/savings,403,text/html,direct branded domain blocks simple HTTP,verify in browser before merging; candidate identified from direct brand-domain probe
LAMPIT,nifurtimox,Bayer HealthCare Pharmaceuticals Inc.,patient,https://www.lampit.com/patient-support,403,text/html,direct branded domain blocks simple HTTP,verify in browser before merging; candidate identified from direct brand-domain probe
LAMPIT,nifurtimox,Bayer HealthCare Pharmaceuticals Inc.,patient,https://www.lampit.com/patient,403,text/html,direct branded domain blocks simple HTTP,verify in browser before merging; candidate identified from direct brand-domain probe
LAMPIT,nifurtimox,Bayer HealthCare Pharmaceuticals Inc.,hcp,https://www.lampit.com/healthcare-professionals,403,text/html,direct branded domain blocks simple HTTP,verify in browser before merging; candidate identified from direct brand-domain probe
LAMPIT,nifurtimox,Bayer HealthCare Pharmaceuticals Inc.,patient,https://www.lampit.com/,403,text/html,direct branded domain blocks simple HTTP,verify in browser before merging; candidate identified from direct brand-domain probe
LIBTAYO,cemiplimab-rwlc,"Regeneron Pharmaceuticals, Inc.",hcp,https://www.libtayohcp.com/,200,text/html; charset=utf-8,visible brand text; HCP text; patient text,verify in browser before merging; candidate identified from direct brand-domain probe
LIBTAYO,cemiplimab-rwlc,"Regeneron Pharmaceuticals, Inc.",hcp,https://www.libtayohcp.com/,200,text/html; charset=utf-8,visible brand text; HCP text; patient text,verify in browser before merging; candidate identified from direct brand-domain probe
LIBTAYO,cemiplimab-rwlc,"Regeneron Pharmaceuticals, Inc.",patient,https://www.libtayo.com/,200,text/html; charset=utf-8,visible brand text; patient text,verify in browser before merging; candidate identified from direct brand-domain probe
LIBTAYO,cemiplimab-rwlc,"Regeneron Pharmaceuticals, Inc.",patient,https://www.libtayo.com/,200,text/html; charset=utf-8,visible brand text; patient text,verify in browser before merging; candidate identified from direct brand-domain probe
LILETTA,Levonorgestrel,"Allergan, Inc.",hcp,https://www.lilettahcp.com/,403,text/html; charset=UTF-8,direct branded domain blocks simple HTTP,verify in browser before merging; candidate identified from direct brand-domain probe
LILETTA,Levonorgestrel,"Allergan, Inc.",patient,https://www.liletta.com/,403,text/html; charset=UTF-8,direct branded domain blocks simple HTTP,verify in browser before merging; candidate identified from direct brand-domain probe
LILETTA,Levonorgestrel,"Allergan, Inc.",hcp,https://www.liletta.com/healthcare-professionals,403,text/html; charset=UTF-8,direct branded domain blocks simple HTTP,verify in browser before merging; candidate identified from direct brand-domain probe
LILETTA,Levonorgestrel,"Allergan, Inc.",patient,https://www.liletta.com/patient,403,text/html; charset=UTF-8,direct branded domain blocks simple HTTP,verify in browser before merging; candidate identified from direct brand-domain probe
LILETTA,Levonorgestrel,"Allergan, Inc.",patient,https://www.liletta.com/patients,403,text/html; charset=UTF-8,direct branded domain blocks simple HTTP,verify in browser before merging; candidate identified from direct brand-domain probe
LILETTA,Levonorgestrel,"Allergan, Inc.",patient,https://www.liletta.com/savings,403,text/html; charset=UTF-8,direct branded domain blocks simple HTTP,verify in browser before merging; candidate identified from direct brand-domain probe
LILETTA,Levonorgestrel,"Allergan, Inc.",patient,https://www.liletta.com/,403,text/html; charset=UTF-8,direct branded domain blocks simple HTTP,verify in browser before merging; candidate identified from direct brand-domain probe
LILETTA,Levonorgestrel,"Allergan, Inc.",hcp,https://www.lilettahcp.com/,200,text/html; charset=utf-8,visible brand text; HCP text; patient text,verify in browser before merging; candidate identified from direct brand-domain probe
LILETTA,Levonorgestrel,"Allergan, Inc.",hcp,https://www.liletta.com/error/page-not-found,403,text/html; charset=UTF-8,direct branded domain blocks simple HTTP,verify in browser before merging; candidate identified from direct brand-domain probe
LILETTA,Levonorgestrel,"Allergan, Inc.",patient,https://www.liletta.com/error/page-not-found,200,text/html; charset=utf-8,visible brand text; HCP text; patient text,verify in browser before merging; candidate identified from direct brand-domain probe
LOCAMETZ,kit for the preparation of gallium Ga 68 gozetotide,Novartis Pharmaceuticals Corporation,hcp,https://www.locametz-hcp.com/,200,text/html; charset=utf-8,visible brand text; HCP text; patient text,verify in browser before merging; candidate identified from direct brand-domain probe
LODOCO,Colchicine Tablets 0.5 mg,"AGEPHA Pharma USA, LLC",patient,https://www.lodoco.com/patient,403,text/html; charset=UTF-8,direct branded domain blocks simple HTTP,verify in browser before merging; candidate identified from direct brand-domain probe
LODOCO,Colchicine Tablets 0.5 mg,"AGEPHA Pharma USA, LLC",hcp,https://www.lodoco.com/hcp,403,text/html; charset=UTF-8,direct branded domain blocks simple HTTP,verify in browser before merging; candidate identified from direct brand-domain probe
LODOCO,Colchicine Tablets 0.5 mg,"AGEPHA Pharma USA, LLC",hcp,https://www.lodoco.com/healthcare-professionals,403,text/html; charset=UTF-8,direct branded domain blocks simple HTTP,verify in browser before merging; candidate identified from direct brand-domain probe
LODOCO,Colchicine Tablets 0.5 mg,"AGEPHA Pharma USA, LLC",patient,https://lodoco.com/,403,text/html; charset=UTF-8,direct branded domain blocks simple HTTP,verify in browser before merging; candidate identified from direct brand-domain probe
LODOCO,Colchicine Tablets 0.5 mg,"AGEPHA Pharma USA, LLC",patient,https://www.lodoco.com/savings,403,text/html; charset=UTF-8,direct branded domain blocks simple HTTP,verify in browser before merging; candidate identified from direct brand-domain probe
LODOCO,Colchicine Tablets 0.5 mg,"AGEPHA Pharma USA, LLC",patient,https://www.lodoco.com/,403,text/html; charset=UTF-8,direct branded domain blocks simple HTTP,verify in browser before merging; candidate identified from direct brand-domain probe
LODOCO,Colchicine Tablets 0.5 mg,"AGEPHA Pharma USA, LLC",patient,https://www.lodoco.com/patients,403,text/html; charset=UTF-8,direct branded domain blocks simple HTTP,verify in browser before merging; candidate identified from direct brand-domain probe
LODOCO,Colchicine Tablets 0.5 mg,"AGEPHA Pharma USA, LLC",patient,https://www.lodoco.com/patient-support,403,text/html; charset=UTF-8,direct branded domain blocks simple HTTP,verify in browser before merging; candidate identified from direct brand-domain probe
LIPIODOL,ethiodized oil,Guerbet LLC,patient,https://www.lipiodol.com/,200,text/html; charset=UTF-8,visible brand text; HCP text; patient text,verify in browser before merging; candidate identified from direct brand-domain probe
LIPIODOL,ethiodized oil,Guerbet LLC,patient,https://www.lipiodol.com/,200,text/html; charset=UTF-8,visible brand text; HCP text; patient text,verify in browser before merging; candidate identified from direct brand-domain probe
LUMIGAN,bimatoprost,"Allergan, Inc.",hcp,https://www.lumigan.com/hcp,403,text/html; charset=UTF-8,direct branded domain blocks simple HTTP,verify in browser before merging; candidate identified from direct brand-domain probe
LUMIGAN,bimatoprost,"Allergan, Inc.",hcp,https://www.lumigan.com/healthcare-professionals,403,text/html; charset=UTF-8,direct branded domain blocks simple HTTP,verify in browser before merging; candidate identified from direct brand-domain probe
LUMIGAN,bimatoprost,"Allergan, Inc.",patient,https://www.lumigan.com/patient-support,403,text/html; charset=UTF-8,direct branded domain blocks simple HTTP,verify in browser before merging; candidate identified from direct brand-domain probe
LUMIGAN,bimatoprost,"Allergan, Inc.",patient,https://www.lumigan.com/patient,403,text/html; charset=UTF-8,direct branded domain blocks simple HTTP,verify in browser before merging; candidate identified from direct brand-domain probe
LUMIGAN,bimatoprost,"Allergan, Inc.",patient,https://www.lumigan.com/,403,text/html; charset=UTF-8,direct branded domain blocks simple HTTP,verify in browser before merging; candidate identified from direct brand-domain probe
LUMIGAN,bimatoprost,"Allergan, Inc.",patient,https://www.lumigan.com/patients,403,text/html; charset=UTF-8,direct branded domain blocks simple HTTP,verify in browser before merging; candidate identified from direct brand-domain probe
LUMIGAN,bimatoprost,"Allergan, Inc.",patient,https://www.lumigan.com/savings,403,text/html; charset=UTF-8,direct branded domain blocks simple HTTP,verify in browser before merging; candidate identified from direct brand-domain probe
LUMIGAN,bimatoprost,"Allergan, Inc.",patient,https://www.lumigan.com/,200,text/html; charset=UTF-8,patient text,verify in browser before merging; candidate identified from direct brand-domain probe
Lomotil,diphenoxylate hydrochloride and atropine sulfate,Pfizer Laboratories Div Pfizer Inc,patient,https://www.lomotil.com/,200,text/html; charset=UTF-8,visible brand text,verify in browser before merging; candidate identified from direct brand-domain probe
Lopressor,metoprolol tartrate,VALIDUS PHARMACEUTICALS LLC; Validus Pharmaceuticals LLC,patient,https://www.lopressor.com/patient-support,200,text/html,visible brand text; patient text,verify in browser before merging; candidate identified from direct brand-domain probe
Lumason,SULFUR HEXAFLUORIDE,BRACCO DIAGNOSTICS INC,patient,https://lumason.com/,200,text/html; charset=UTF-8,visible brand text,verify in browser before merging; candidate identified from direct brand-domain probe
Lumason,SULFUR HEXAFLUORIDE,BRACCO DIAGNOSTICS INC,patient,https://lumason.com/,200,text/html; charset=UTF-8,visible brand text,verify in browser before merging; candidate identified from direct brand-domain probe
Lyrica,PREGABALIN,Parke-Davis Div of Pfizer Inc; Viatris Specialty LLC,patient,https://www.lyrica.com/,200,text/html; charset=utf-8,visible brand text; HCP text; patient text,verify in browser before merging; candidate identified from direct brand-domain probe
Lyrica,PREGABALIN,Parke-Davis Div of Pfizer Inc; Viatris Specialty LLC,patient,https://www.lyrica.com/,200,text/html; charset=utf-8,visible brand text; HCP text; patient text,verify in browser before merging; candidate identified from direct brand-domain probe
LYUMJEV,Insulin lispro-aabc,A-S Medication Solutions; Eli Lilly and Company,patient,https://insulins.lilly.com/lyumjev,403,text/html; charset=UTF-8,direct branded domain blocks simple HTTP,verify in browser before merging; candidate identified from direct brand-domain probe
LYUMJEV,Insulin lispro-aabc,A-S Medication Solutions; Eli Lilly and Company,hcp,https://insulins.lilly.com/lyumjev,403,text/html; charset=UTF-8,direct branded domain blocks simple HTTP,verify in browser before merging; candidate identified from direct brand-domain probe
LYUMJEV,Insulin lispro-aabc,A-S Medication Solutions; Eli Lilly and Company,hcp,https://insulins.lilly.com/lyumjev,403,text/html; charset=UTF-8,direct branded domain blocks simple HTTP,verify in browser before merging; candidate identified from direct brand-domain probe
LYUMJEV,Insulin lispro-aabc,A-S Medication Solutions; Eli Lilly and Company,patient,https://insulins.lilly.com/lyumjev,403,text/html; charset=UTF-8,direct branded domain blocks simple HTTP,verify in browser before merging; candidate identified from direct brand-domain probe
LYUMJEV,Insulin lispro-aabc,A-S Medication Solutions; Eli Lilly and Company,patient,https://insulins.lilly.com/lyumjev,200,text/html; charset=utf-8,visible brand text; HCP text; patient text,verify in browser before merging; candidate identified from direct brand-domain probe
LYUMJEV,Insulin lispro-aabc,A-S Medication Solutions; Eli Lilly and Company,patient,https://insulins.lilly.com/lyumjev,403,text/html; charset=UTF-8,direct branded domain blocks simple HTTP,verify in browser before merging; candidate identified from direct brand-domain probe
LYUMJEV,Insulin lispro-aabc,A-S Medication Solutions; Eli Lilly and Company,patient,https://insulins.lilly.com/lyumjev,403,text/html; charset=UTF-8,direct branded domain blocks simple HTTP,verify in browser before merging; candidate identified from direct brand-domain probe
LYUMJEV,Insulin lispro-aabc,A-S Medication Solutions; Eli Lilly and Company,patient,https://insulins.lilly.com/lyumjev,403,text/html; charset=UTF-8,direct branded domain blocks simple HTTP,verify in browser before merging; candidate identified from direct brand-domain probe
LYNKUET,elinzanetant,Bayer HealthCare Pharmaceuticals Inc.,patient,https://www.lynkuet-us.com/,403,text/html,direct branded domain blocks simple HTTP,verify in browser before merging; candidate identified from direct brand-domain probe
LYNKUET,elinzanetant,Bayer HealthCare Pharmaceuticals Inc.,hcp,https://www.lynkuethcp.com/,403,text/html,direct branded domain blocks simple HTTP,verify in browser before merging; candidate identified from direct brand-domain probe
LYNKUET,elinzanetant,Bayer HealthCare Pharmaceuticals Inc.,hcp,https://www.lynkuet-us.com/hcp,403,text/html,direct branded domain blocks simple HTTP,verify in browser before merging; candidate identified from direct brand-domain probe
LYNKUET,elinzanetant,Bayer HealthCare Pharmaceuticals Inc.,patient,https://www.lynkuet-us.com/,403,text/html,direct branded domain blocks simple HTTP,verify in browser before merging; candidate identified from direct brand-domain probe
LYNKUET,elinzanetant,Bayer HealthCare Pharmaceuticals Inc.,hcp,https://www.lynkuethcp.com/,403,text/html,direct branded domain blocks simple HTTP,verify in browser before merging; candidate identified from direct brand-domain probe
LYNKUET,elinzanetant,Bayer HealthCare Pharmaceuticals Inc.,patient,https://www.lynkuet-us.com/patient,403,text/html,direct branded domain blocks simple HTTP,verify in browser before merging; candidate identified from direct brand-domain probe
LYNKUET,elinzanetant,Bayer HealthCare Pharmaceuticals Inc.,hcp,https://www.lynkuet-us.com/healthcare-professionals,403,text/html,direct branded domain blocks simple HTTP,verify in browser before merging; candidate identified from direct brand-domain probe
LYNKUET,elinzanetant,Bayer HealthCare Pharmaceuticals Inc.,patient,https://www.lynkuet-us.com/patients,403,text/html,direct branded domain blocks simple HTTP,verify in browser before merging; candidate identified from direct brand-domain probe
LYNKUET,elinzanetant,Bayer HealthCare Pharmaceuticals Inc.,patient,https://www.lynkuet-us.com/savings,403,text/html,direct branded domain blocks simple HTTP,verify in browser before merging; candidate identified from direct brand-domain probe
LYNKUET,elinzanetant,Bayer HealthCare Pharmaceuticals Inc.,patient,https://www.lynkuet-us.com/patient-support,403,text/html,direct branded domain blocks simple HTTP,verify in browser before merging; candidate identified from direct brand-domain probe
LYNOZYFIC,linvoseltamab-gcpt,"Regeneron Pharmaceuticals, Inc.",hcp,https://www.lynozyfichcp.com/,200,text/html; charset=utf-8,visible brand text,verify in browser before merging; candidate identified from direct brand-domain probe
LYNOZYFIC,linvoseltamab-gcpt,"Regeneron Pharmaceuticals, Inc.",hcp,https://www.lynozyfichcp.com/,200,text/html; charset=utf-8,visible brand text,verify in browser before merging; candidate identified from direct brand-domain probe
LYNOZYFIC,linvoseltamab-gcpt,"Regeneron Pharmaceuticals, Inc.",patient,https://www.lynozyfic.com/,200,text/html; charset=utf-8,visible brand text; patient text,verify in browser before merging; candidate identified from direct brand-domain probe
LYNOZYFIC,linvoseltamab-gcpt,"Regeneron Pharmaceuticals, Inc.",patient,https://www.lynozyfic.com/,200,text/html; charset=utf-8,visible brand text; patient text,verify in browser before merging; candidate identified from direct brand-domain probe
MARPLAN,isocarboxazid,Lifsa Drugs LLC,patient,https://www.marplan.com/,200,text/html; charset=UTF-8,visible brand text; HCP text; patient text,verify in browser before merging; candidate identified from direct brand-domain probe
MARPLAN,isocarboxazid,Lifsa Drugs LLC,patient,https://marplan.com/,200,text/html; charset=UTF-8,visible brand text; HCP text; patient text,verify in browser before merging; candidate identified from direct brand-domain probe
Lialda,mesalamine,"Takeda Pharmaceuticals America, Inc.",hcp,https://www.takeda.com/en-us/about/products/,200,text/html; charset=utf-8,patient text,verify in browser before merging; candidate identified from direct brand-domain probe
Lialda,mesalamine,"Takeda Pharmaceuticals America, Inc.",hcp,https://www.takeda.com/en-us/about/products/,200,text/html; charset=utf-8,patient text,verify in browser before merging; candidate identified from direct brand-domain probe
MAXITROL,"neomycin sulfate, polymyxin b sulfate and dexamethasone","Harrow Eye, LLC; Novartis Pharmaceuticals Corporation; Sandoz Inc",patient,https://www.maxitrol.com/,200,text/html; charset=UTF-8,visible brand text,verify in browser before merging; candidate identified from direct brand-domain probe
MAXITROL,"neomycin sulfate, polymyxin b sulfate and dexamethasone","Harrow Eye, LLC; Novartis Pharmaceuticals Corporation; Sandoz Inc",patient,https://www.maxitrol.com/,200,text/html; charset=UTF-8,visible brand text,verify in browser before merging; candidate identified from direct brand-domain probe
MERILOG,insulin aspart-szjj,Sanofi-Aventis U.S. LLC,patient,https://merilog.com/,200,text/html; charset=UTF-8,visible brand text,verify in browser before merging; candidate identified from direct brand-domain probe
MERILOG,insulin aspart-szjj,Sanofi-Aventis U.S. LLC,patient,https://merilog.com/,200,text/html; charset=UTF-8,visible brand text,verify in browser before merging; candidate identified from direct brand-domain probe
Mirena,Levonorgestrel,Bayer HealthCare Pharmaceuticals Inc.,hcp,https://www.mirenahcp.com/,403,text/html,direct branded domain blocks simple HTTP,verify in browser before merging; candidate identified from direct brand-domain probe
Mirena,Levonorgestrel,Bayer HealthCare Pharmaceuticals Inc.,hcp,https://www.mirenahcp.com/,403,text/html,direct branded domain blocks simple HTTP,verify in browser before merging; candidate identified from direct brand-domain probe
Mirena,Levonorgestrel,Bayer HealthCare Pharmaceuticals Inc.,hcp,https://www.mirena-us.com/,403,text/html,direct branded domain blocks simple HTTP,verify in browser before merging; candidate identified from direct brand-domain probe
Mirena,Levonorgestrel,Bayer HealthCare Pharmaceuticals Inc.,hcp,https://www.mirenahcp.com/,403,text/html,direct branded domain blocks simple HTTP,verify in browser before merging; candidate identified from direct brand-domain probe
Mirena,Levonorgestrel,Bayer HealthCare Pharmaceuticals Inc.,hcp,https://www.mirena-us.com/,403,text/html,direct branded domain blocks simple HTTP,verify in browser before merging; candidate identified from direct brand-domain probe
Mirena,Levonorgestrel,Bayer HealthCare Pharmaceuticals Inc.,patient,https://www.mirena-us.com/,403,text/html,direct branded domain blocks simple HTTP,verify in browser before merging; candidate identified from direct brand-domain probe
Mirena,Levonorgestrel,Bayer HealthCare Pharmaceuticals Inc.,patient,https://www.mirena-us.com/,403,text/html,direct branded domain blocks simple HTTP,verify in browser before merging; candidate identified from direct brand-domain probe
Mirena,Levonorgestrel,Bayer HealthCare Pharmaceuticals Inc.,patient,https://www.mirena-us.com/,403,text/html,direct branded domain blocks simple HTTP,verify in browser before merging; candidate identified from direct brand-domain probe
Mirena,Levonorgestrel,Bayer HealthCare Pharmaceuticals Inc.,patient,https://www.mirena-us.com/,403,text/html,direct branded domain blocks simple HTTP,verify in browser before merging; candidate identified from direct brand-domain probe
Mirena,Levonorgestrel,Bayer HealthCare Pharmaceuticals Inc.,patient,https://www.mirena-us.com/,403,text/html,direct branded domain blocks simple HTTP,verify in browser before merging; candidate identified from direct brand-domain probe
Mirena,Levonorgestrel,Bayer HealthCare Pharmaceuticals Inc.,patient,https://www.mirena-us.com/,403,text/html,direct branded domain blocks simple HTTP,verify in browser before merging; candidate identified from direct brand-domain probe
Mitosol,mitomycin,Mobius Therapeutics LLC,patient,https://mitosol.com/,200,text/html; charset=UTF-8,visible brand text; patient text,verify in browser before merging; candidate identified from direct brand-domain probe
Mitosol,mitomycin,Mobius Therapeutics LLC,patient,https://mitosol.com/,200,text/html; charset=UTF-8,visible brand text; patient text,verify in browser before merging; candidate identified from direct brand-domain probe
Motofen,difenoxin and atropine sulfate,Legacy Pharma USA Inc.; Sebela Pharmaceuticals Inc.,patient,https://motofen.com/,200,text/html,visible brand text; patient text,verify in browser before merging; candidate identified from direct brand-domain probe
Motofen,difenoxin and atropine sulfate,Legacy Pharma USA Inc.; Sebela Pharmaceuticals Inc.,patient,https://www.motofen.com/,200,text/html,visible brand text; patient text,verify in browser before merging; candidate identified from direct brand-domain probe
Motofen,difenoxin and atropine sulfate,Legacy Pharma USA Inc.; Sebela Pharmaceuticals Inc.,hcp,https://www.motofen.com/hcp/,403,text/html; charset=iso-8859-1,direct branded domain blocks simple HTTP,verify in browser before merging; candidate identified from direct brand-domain probe
MOTEGRITY,PRUCALOPRIDE,"Takeda Pharmaceuticals America, Inc.",hcp,https://www.takeda.com/en-us/about/products/,200,text/html; charset=utf-8,patient text,verify in browser before merging; candidate identified from direct brand-domain probe
MOTEGRITY,PRUCALOPRIDE,"Takeda Pharmaceuticals America, Inc.",hcp,https://www.takeda.com/en-us/about/products/,200,text/html; charset=utf-8,patient text,verify in browser before merging; candidate identified from direct brand-domain probe
MOTEGRITY,PRUCALOPRIDE,"Takeda Pharmaceuticals America, Inc.",patient,https://www.takeda.com/en-us/about/products/,200,text/html; charset=utf-8,patient text,verify in browser before merging; candidate identified from direct brand-domain probe
MOTEGRITY,PRUCALOPRIDE,"Takeda Pharmaceuticals America, Inc.",patient,https://www.takeda.com/en-us/about/products/,200,text/html; charset=utf-8,patient text,verify in browser before merging; candidate identified from direct brand-domain probe
MOTEGRITY,PRUCALOPRIDE,"Takeda Pharmaceuticals America, Inc.",hcp,https://www.takeda.com/en-us/about/products/,200,text/html; charset=utf-8,patient text,verify in browser before merging; candidate identified from direct brand-domain probe
MOTEGRITY,PRUCALOPRIDE,"Takeda Pharmaceuticals America, Inc.",patient,https://www.takeda.com/en-us/about/products/,200,text/html; charset=utf-8,patient text,verify in browser before merging; candidate identified from direct brand-domain probe
MOTEGRITY,PRUCALOPRIDE,"Takeda Pharmaceuticals America, Inc.",hcp,https://www.takeda.com/en-us/about/products/,200,text/html; charset=utf-8,patient text,verify in browser before merging; candidate identified from direct brand-domain probe
MOTEGRITY,PRUCALOPRIDE,"Takeda Pharmaceuticals America, Inc.",patient,https://www.takeda.com/en-us/about/products/,200,text/html; charset=utf-8,patient text,verify in browser before merging; candidate identified from direct brand-domain probe
MOTEGRITY,PRUCALOPRIDE,"Takeda Pharmaceuticals America, Inc.",patient,https://www.takeda.com/en-us/about/products/,200,text/html; charset=utf-8,patient text,verify in browser before merging; candidate identified from direct brand-domain probe
MOTEGRITY,PRUCALOPRIDE,"Takeda Pharmaceuticals America, Inc.",patient,https://www.takeda.com/en-us/about/products/,200,text/html; charset=utf-8,patient text,verify in browser before merging; candidate identified from direct brand-domain probe
Mycapssa,Octreotide,"Amryt Pharmaceuticals Designated Activity Company; Chiesi USA, Inc.",patient,https://www.mycapssa.com/,200,text/html; charset=utf-8,visible brand text; HCP text; patient text,verify in browser before merging; candidate identified from direct brand-domain probe
Mycapssa,Octreotide,"Amryt Pharmaceuticals Designated Activity Company; Chiesi USA, Inc.",patient,https://www.mycapssa.com/,200,text/html; charset=utf-8,visible brand text; HCP text; patient text,verify in browser before merging; candidate identified from direct brand-domain probe
Mycapssa,Octreotide,"Amryt Pharmaceuticals Designated Activity Company; Chiesi USA, Inc.",hcp,https://www.mycapssa.com/hcp/,200,text/html; charset=utf-8,visible brand text; HCP text; patient text,verify in browser before merging; candidate identified from direct brand-domain probe
Miochol E,acetylcholine chloride,Bausch & Lomb Incorporated,hcp,https://www.bausch.com/,200,text/html; charset=utf-8,patient text,verify in browser before merging; candidate identified from direct brand-domain probe
Miochol E,acetylcholine chloride,Bausch & Lomb Incorporated,patient,https://www.bausch.com/,200,text/html; charset=utf-8,patient text,verify in browser before merging; candidate identified from direct brand-domain probe
Miochol E,acetylcholine chloride,Bausch & Lomb Incorporated,hcp,https://www.bausch.com/,200,text/html; charset=utf-8,patient text,verify in browser before merging; candidate identified from direct brand-domain probe
Miochol E,acetylcholine chloride,Bausch & Lomb Incorporated,patient,https://www.bausch.com/,200,text/html; charset=utf-8,patient text,verify in browser before merging; candidate identified from direct brand-domain probe
Miochol E,acetylcholine chloride,Bausch & Lomb Incorporated,patient,https://www.bausch.com/,200,text/html; charset=utf-8,patient text,verify in browser before merging; candidate identified from direct brand-domain probe
Miochol E,acetylcholine chloride,Bausch & Lomb Incorporated,patient,https://www.bausch.com/,200,text/html; charset=utf-8,patient text,verify in browser before merging; candidate identified from direct brand-domain probe
Miochol E,acetylcholine chloride,Bausch & Lomb Incorporated,patient,https://www.bausch.com/,200,text/html; charset=utf-8,patient text,verify in browser before merging; candidate identified from direct brand-domain probe
Miochol E,acetylcholine chloride,Bausch & Lomb Incorporated,patient,https://www.bausch.com/,200,text/html; charset=utf-8,patient text,verify in browser before merging; candidate identified from direct brand-domain probe
Natazia,estradiol valerate and estradiol valerate/dienogest,Bayer HealthCare Pharmaceuticals Inc.,hcp,https://www.natazia.com/healthcare-professionals,403,text/html,direct branded domain blocks simple HTTP,verify in browser before merging; candidate identified from direct brand-domain probe
Natazia,estradiol valerate and estradiol valerate/dienogest,Bayer HealthCare Pharmaceuticals Inc.,hcp,https://hcp.natazia.com/,403,text/html,direct branded domain blocks simple HTTP,verify in browser before merging; candidate identified from direct brand-domain probe
Natazia,estradiol valerate and estradiol valerate/dienogest,Bayer HealthCare Pharmaceuticals Inc.,hcp,https://www.natazia.com/hcp,403,text/html,direct branded domain blocks simple HTTP,verify in browser before merging; candidate identified from direct brand-domain probe
Natazia,estradiol valerate and estradiol valerate/dienogest,Bayer HealthCare Pharmaceuticals Inc.,patient,https://www.natazia.com/,403,text/html,direct branded domain blocks simple HTTP,verify in browser before merging; candidate identified from direct brand-domain probe
Natazia,estradiol valerate and estradiol valerate/dienogest,Bayer HealthCare Pharmaceuticals Inc.,patient,https://www.natazia.com/patient,403,text/html,direct branded domain blocks simple HTTP,verify in browser before merging; candidate identified from direct brand-domain probe
Natazia,estradiol valerate and estradiol valerate/dienogest,Bayer HealthCare Pharmaceuticals Inc.,patient,https://www.natazia.com/patients,403,text/html,direct branded domain blocks simple HTTP,verify in browser before merging; candidate identified from direct brand-domain probe
Natazia,estradiol valerate and estradiol valerate/dienogest,Bayer HealthCare Pharmaceuticals Inc.,patient,https://www.natazia.com/,403,text/html,direct branded domain blocks simple HTTP,verify in browser before merging; candidate identified from direct brand-domain probe
Natazia,estradiol valerate and estradiol valerate/dienogest,Bayer HealthCare Pharmaceuticals Inc.,patient,https://www.natazia.com/savings,403,text/html,direct branded domain blocks simple HTTP,verify in browser before merging; candidate identified from direct brand-domain probe
Natazia,estradiol valerate and estradiol valerate/dienogest,Bayer HealthCare Pharmaceuticals Inc.,patient,https://www.natazia.com/patient-support,403,text/html,direct branded domain blocks simple HTTP,verify in browser before merging; candidate identified from direct brand-domain probe
Nascobal,cyanocobalamin,"Par Health USA, LLC",patient,https://www.keenova.com/,200,text/html; charset=utf-8,patient text,verify in browser before merging; candidate identified from direct brand-domain probe
Nascobal,cyanocobalamin,"Par Health USA, LLC",hcp,https://www.keenova.com/,200,text/html; charset=utf-8,patient text,verify in browser before merging; candidate identified from direct brand-domain probe
Nascobal,cyanocobalamin,"Par Health USA, LLC",hcp,https://www.keenova.com/,200,text/html; charset=utf-8,patient text,verify in browser before merging; candidate identified from direct brand-domain probe
Nascobal,cyanocobalamin,"Par Health USA, LLC",patient,https://www.keenova.com/,200,text/html; charset=utf-8,patient text,verify in browser before merging; candidate identified from direct brand-domain probe
Nascobal,cyanocobalamin,"Par Health USA, LLC",patient,https://www.keenova.com/,200,text/html; charset=utf-8,patient text,verify in browser before merging; candidate identified from direct brand-domain probe
Nascobal,cyanocobalamin,"Par Health USA, LLC",patient,https://www.keenova.com/,200,text/html; charset=utf-8,patient text,verify in browser before merging; candidate identified from direct brand-domain probe
Nascobal,cyanocobalamin,"Par Health USA, LLC",patient,https://www.keenova.com/,200,text/html; charset=utf-8,patient text,verify in browser before merging; candidate identified from direct brand-domain probe
Nascobal,cyanocobalamin,"Par Health USA, LLC",patient,https://www.keenova.com/,200,text/html; charset=utf-8,patient text,verify in browser before merging; candidate identified from direct brand-domain probe
NephroScan,SUCCIMER,Theragnostics Inc,patient,https://nephroscan.com/,200,text/html; charset=UTF-8,visible brand text; HCP text; patient text,verify in browser before merging; candidate identified from direct brand-domain probe
NephroScan,SUCCIMER,Theragnostics Inc,patient,https://nephroscan.com/,200,text/html; charset=UTF-8,visible brand text; HCP text; patient text,verify in browser before merging; candidate identified from direct brand-domain probe
NephroScan,SUCCIMER,Theragnostics Inc,patient,https://nephroscan.com/patients/,200,text/html; charset=UTF-8,visible brand text; HCP text; patient text,verify in browser before merging; candidate identified from direct brand-domain probe
NephroScan,SUCCIMER,Theragnostics Inc,patient,https://nephroscan.com/patients/,200,text/html; charset=UTF-8,visible brand text; HCP text; patient text,verify in browser before merging; candidate identified from direct brand-domain probe
MYDAYIS,"DEXTROAMPHETAMINE SULFATE, DEXTROAMPHETAMINE SACCHARATE, AMPHETAMINE ASPARTATE MONOHYDRATE, and AMPHETAMINE SULFATE","Takeda Pharmaceuticals America, Inc.",hcp,https://www.takeda.com/en-us/about/products/,200,text/html; charset=utf-8,patient text,verify in browser before merging; candidate identified from direct brand-domain probe
MYDAYIS,"DEXTROAMPHETAMINE SULFATE, DEXTROAMPHETAMINE SACCHARATE, AMPHETAMINE ASPARTATE MONOHYDRATE, and AMPHETAMINE SULFATE","Takeda Pharmaceuticals America, Inc.",hcp,https://www.takeda.com/en-us/about/products/,200,text/html; charset=utf-8,patient text,verify in browser before merging; candidate identified from direct brand-domain probe
MYDAYIS,"DEXTROAMPHETAMINE SULFATE, DEXTROAMPHETAMINE SACCHARATE, AMPHETAMINE ASPARTATE MONOHYDRATE, and AMPHETAMINE SULFATE","Takeda Pharmaceuticals America, Inc.",hcp,https://www.takeda.com/en-us/about/products/,200,text/html; charset=utf-8,patient text,verify in browser before merging; candidate identified from direct brand-domain probe
MYDAYIS,"DEXTROAMPHETAMINE SULFATE, DEXTROAMPHETAMINE SACCHARATE, AMPHETAMINE ASPARTATE MONOHYDRATE, and AMPHETAMINE SULFATE","Takeda Pharmaceuticals America, Inc.",hcp,https://www.takeda.com/en-us/about/products/,200,text/html; charset=utf-8,patient text,verify in browser before merging; candidate identified from direct brand-domain probe
MYDAYIS,"DEXTROAMPHETAMINE SULFATE, DEXTROAMPHETAMINE SACCHARATE, AMPHETAMINE ASPARTATE MONOHYDRATE, and AMPHETAMINE SULFATE","Takeda Pharmaceuticals America, Inc.",hcp,https://www.takeda.com/en-us/about/products/,200,text/html; charset=utf-8,patient text,verify in browser before merging; candidate identified from direct brand-domain probe
MYDAYIS,"DEXTROAMPHETAMINE SULFATE, DEXTROAMPHETAMINE SACCHARATE, AMPHETAMINE ASPARTATE MONOHYDRATE, and AMPHETAMINE SULFATE","Takeda Pharmaceuticals America, Inc.",patient,https://www.takeda.com/en-us/about/products/,200,text/html; charset=utf-8,patient text,verify in browser before merging; candidate identified from direct brand-domain probe
MYDAYIS,"DEXTROAMPHETAMINE SULFATE, DEXTROAMPHETAMINE SACCHARATE, AMPHETAMINE ASPARTATE MONOHYDRATE, and AMPHETAMINE SULFATE","Takeda Pharmaceuticals America, Inc.",patient,https://www.takeda.com/en-us/about/products/,200,text/html; charset=utf-8,patient text,verify in browser before merging; candidate identified from direct brand-domain probe
MYDAYIS,"DEXTROAMPHETAMINE SULFATE, DEXTROAMPHETAMINE SACCHARATE, AMPHETAMINE ASPARTATE MONOHYDRATE, and AMPHETAMINE SULFATE","Takeda Pharmaceuticals America, Inc.",patient,https://www.takeda.com/en-us/about/products/,200,text/html; charset=utf-8,patient text,verify in browser before merging; candidate identified from direct brand-domain probe
MYDAYIS,"DEXTROAMPHETAMINE SULFATE, DEXTROAMPHETAMINE SACCHARATE, AMPHETAMINE ASPARTATE MONOHYDRATE, and AMPHETAMINE SULFATE","Takeda Pharmaceuticals America, Inc.",patient,https://www.takeda.com/en-us/about/products/,200,text/html; charset=utf-8,patient text,verify in browser before merging; candidate identified from direct brand-domain probe
MYDAYIS,"DEXTROAMPHETAMINE SULFATE, DEXTROAMPHETAMINE SACCHARATE, AMPHETAMINE ASPARTATE MONOHYDRATE, and AMPHETAMINE SULFATE","Takeda Pharmaceuticals America, Inc.",patient,https://www.takeda.com/en-us/about/products/,200,text/html; charset=utf-8,patient text,verify in browser before merging; candidate identified from direct brand-domain probe
MYDAYIS,"DEXTROAMPHETAMINE SULFATE, DEXTROAMPHETAMINE SACCHARATE, AMPHETAMINE ASPARTATE MONOHYDRATE, and AMPHETAMINE SULFATE","Takeda Pharmaceuticals America, Inc.",patient,https://www.takeda.com/en-us/about/products/,200,text/html; charset=utf-8,patient text,verify in browser before merging; candidate identified from direct brand-domain probe
NEUROLITE,Bicisate dihydrochloride,"Lantheus Medical Imaging, Inc.",patient,https://www.neurolite.com/,200,text/html; charset=utf-8,visible brand text; HCP text; patient text,verify in browser before merging; candidate identified from direct brand-domain probe
NEUROLITE,Bicisate dihydrochloride,"Lantheus Medical Imaging, Inc.",patient,https://www.neurolite.com/,200,text/html; charset=utf-8,visible brand text; HCP text; patient text,verify in browser before merging; candidate identified from direct brand-domain probe
NEREUS,TRADIPITANT,Vanda Pharmaceuticals Inc.,hcp,https://www.nereus.com/healthcare-professionals,200,text/html,visible brand text,verify in browser before merging; candidate identified from direct brand-domain probe
NEREUS,TRADIPITANT,Vanda Pharmaceuticals Inc.,hcp,https://www.nereus.com/hcp,200,text/html,visible brand text,verify in browser before merging; candidate identified from direct brand-domain probe
NEREUS,TRADIPITANT,Vanda Pharmaceuticals Inc.,patient,https://www.nereus.com/,200,text/html,visible brand text,verify in browser before merging; candidate identified from direct brand-domain probe
NEREUS,TRADIPITANT,Vanda Pharmaceuticals Inc.,patient,https://www.nereus.com/patient,200,text/html,visible brand text,verify in browser before merging; candidate identified from direct brand-domain probe
NEREUS,TRADIPITANT,Vanda Pharmaceuticals Inc.,patient,https://nereus.com/,200,text/html,visible brand text,verify in browser before merging; candidate identified from direct brand-domain probe
NEREUS,TRADIPITANT,Vanda Pharmaceuticals Inc.,patient,https://www.nereus.com/patients,200,text/html,visible brand text,verify in browser before merging; candidate identified from direct brand-domain probe
NEREUS,TRADIPITANT,Vanda Pharmaceuticals Inc.,patient,https://www.nereus.com/patient-support,200,text/html,visible brand text,verify in browser before merging; candidate identified from direct brand-domain probe
NEREUS,TRADIPITANT,Vanda Pharmaceuticals Inc.,patient,https://www.nereus.com/savings,200,text/html,visible brand text,verify in browser before merging; candidate identified from direct brand-domain probe
Norpace,disopyramide phosphate,Pfizer Laboratories Div Pfizer Inc,patient,https://www.norpace.com/,200,text/html; charset=UTF-8,visible brand text,verify in browser before merging; candidate identified from direct brand-domain probe
Norpace,disopyramide phosphate,Pfizer Laboratories Div Pfizer Inc,patient,https://norpace.com/,200,text/html; charset=UTF-8,visible brand text,verify in browser before merging; candidate identified from direct brand-domain probe
NUFYMCO,ranibizumab-leyk,Zydus Pharmaceuticals USA Inc.,patient,https://www.nufymco.com/,200,text/html,visible brand text,verify in browser before merging; candidate identified from direct brand-domain probe
NUFYMCO,ranibizumab-leyk,Zydus Pharmaceuticals USA Inc.,patient,https://nufymco.com/,200,text/html,visible brand text,verify in browser before merging; candidate identified from direct brand-domain probe
NUBEQA,darolutamide,Bayer HealthCare Pharmaceuticals Inc.,hcp,https://www.nubeqa-us.com/hcp,403,text/html,direct branded domain blocks simple HTTP,verify in browser before merging; candidate identified from direct brand-domain probe
NUBEQA,darolutamide,Bayer HealthCare Pharmaceuticals Inc.,hcp,https://www.nubeqa-us.com/healthcare-professionals,403,text/html,direct branded domain blocks simple HTTP,verify in browser before merging; candidate identified from direct brand-domain probe
NUBEQA,darolutamide,Bayer HealthCare Pharmaceuticals Inc.,patient,https://www.nubeqa-us.com/,403,text/html,direct branded domain blocks simple HTTP,verify in browser before merging; candidate identified from direct brand-domain probe
NUBEQA,darolutamide,Bayer HealthCare Pharmaceuticals Inc.,patient,https://www.nubeqa-us.com/,403,text/html,direct branded domain blocks simple HTTP,verify in browser before merging; candidate identified from direct brand-domain probe
NUBEQA,darolutamide,Bayer HealthCare Pharmaceuticals Inc.,patient,https://www.nubeqa-us.com/patients,403,text/html,direct branded domain blocks simple HTTP,verify in browser before merging; candidate identified from direct brand-domain probe
NUBEQA,darolutamide,Bayer HealthCare Pharmaceuticals Inc.,hcp,https://www.nubeqahcp.com/,403,text/html,direct branded domain blocks simple HTTP,verify in browser before merging; candidate identified from direct brand-domain probe
NUBEQA,darolutamide,Bayer HealthCare Pharmaceuticals Inc.,hcp,https://www.nubeqahcp.com/,403,text/html,direct branded domain blocks simple HTTP,verify in browser before merging; candidate identified from direct brand-domain probe
NUBEQA,darolutamide,Bayer HealthCare Pharmaceuticals Inc.,patient,https://www.nubeqa-us.com/patient-support,403,text/html,direct branded domain blocks simple HTTP,verify in browser before merging; candidate identified from direct brand-domain probe
NUBEQA,darolutamide,Bayer HealthCare Pharmaceuticals Inc.,patient,https://www.nubeqa-us.com/patient,403,text/html,direct branded domain blocks simple HTTP,verify in browser before merging; candidate identified from direct brand-domain probe
NUBEQA,darolutamide,Bayer HealthCare Pharmaceuticals Inc.,patient,https://www.nubeqa-us.com/savings,403,text/html,direct branded domain blocks simple HTTP,verify in browser before merging; candidate identified from direct brand-domain probe
NUVARING,etonogestrel and ethinyl estradiol,A-S Medication Solutions; Advanz Pharma (US) Corp.; Organon LLC,patient,https://www.nuvaring.com/,200,text/html; charset=UTF-8,visible brand text; HCP text; patient text,verify in browser before merging; candidate identified from direct brand-domain probe
NUVARING,etonogestrel and ethinyl estradiol,A-S Medication Solutions; Advanz Pharma (US) Corp.; Organon LLC,patient,https://www.nuvaring.com/,200,text/html; charset=UTF-8,visible brand text; HCP text; patient text,verify in browser before merging; candidate identified from direct brand-domain probe
Nucynta,tapentadol hydrochloride,"Collegium Pharmaceutical, Inc.",patient,https://www.nucynta.com/,200,text/html; charset=UTF-8,patient text,verify in browser before merging; candidate identified from direct brand-domain probe
Nucynta,tapentadol hydrochloride,"Collegium Pharmaceutical, Inc.",hcp,https://www.nucynta.com/hcp/,200,text/html; charset=UTF-8,HCP text,verify in browser before merging; candidate identified from direct brand-domain probe
Nucynta,tapentadol hydrochloride,"Collegium Pharmaceutical, Inc.",patient,https://www.nucynta.com/patient/,200,text/html; charset=UTF-8,patient text,verify in browser before merging; candidate identified from direct brand-domain probe
Nucynta,tapentadol hydrochloride,"Collegium Pharmaceutical, Inc.",patient,https://www.nucynta.com/,200,text/html; charset=UTF-8,patient text,verify in browser before merging; candidate identified from direct brand-domain probe
Nuvigil,Armodafinil,"Apotex Corp.; Cephalon, LLC; Golden State Medical Supply, Inc.",patient,https://www.nuvigil.com/,200,text/html; charset=utf-8,visible brand text; HCP text; patient text,verify in browser before merging; candidate identified from direct brand-domain probe
Nuvigil,Armodafinil,"Apotex Corp.; Cephalon, LLC; Golden State Medical Supply, Inc.",patient,https://nuvigil.com/,200,text/html; charset=utf-8,visible brand text; HCP text; patient text,verify in browser before merging; candidate identified from direct brand-domain probe
NYPOZI,filgrastim-txid,"Cipla USA Inc.; Tanvex BioPharma USA, Inc.",patient,https://www.nypozi.com/,200,text/html; charset=UTF-8,visible brand text,verify in browser before merging; candidate identified from direct brand-domain probe
NYPOZI,filgrastim-txid,"Cipla USA Inc.; Tanvex BioPharma USA, Inc.",patient,https://www.nypozi.com/,200,text/html; charset=UTF-8,visible brand text,verify in browser before merging; candidate identified from direct brand-domain probe
Ofev,nintedanib,"Boehringer Ingelheim Pharmaceuticals, Inc.",hcp,https://pro.boehringer-ingelheim.com/us/products/ofev/,403,text/html,direct branded domain blocks simple HTTP,verify in browser before merging; candidate identified from direct brand-domain probe
Ofev,nintedanib,"Boehringer Ingelheim Pharmaceuticals, Inc.",hcp,https://pro.boehringer-ingelheim.com/us/products/ofev/,403,text/html,direct branded domain blocks simple HTTP,verify in browser before merging; candidate identified from direct brand-domain probe
Omvoh,mirikizumab-mrkz,Eli Lilly and Company,patient,https://omvoh.lilly.com/,403,text/html; charset=UTF-8,direct branded domain blocks simple HTTP,verify in browser before merging; candidate identified from direct brand-domain probe
Omvoh,mirikizumab-mrkz,Eli Lilly and Company,hcp,https://omvoh.lilly.com/healthcare-professionals,403,text/html; charset=UTF-8,direct branded domain blocks simple HTTP,verify in browser before merging; candidate identified from direct brand-domain probe
Omvoh,mirikizumab-mrkz,Eli Lilly and Company,patient,https://omvoh.lilly.com/patient,403,text/html; charset=UTF-8,direct branded domain blocks simple HTTP,verify in browser before merging; candidate identified from direct brand-domain probe
Omvoh,mirikizumab-mrkz,Eli Lilly and Company,hcp,https://omvoh.lilly.com/hcp,403,text/html; charset=UTF-8,direct branded domain blocks simple HTTP,verify in browser before merging; candidate identified from direct brand-domain probe
Omvoh,mirikizumab-mrkz,Eli Lilly and Company,patient,https://omvoh.lilly.com/,200,text/html; charset=utf-8,visible brand text; HCP text; patient text,verify in browser before merging; candidate identified from direct brand-domain probe
Omvoh,mirikizumab-mrkz,Eli Lilly and Company,patient,https://omvoh.lilly.com/savings,403,text/html; charset=UTF-8,direct branded domain blocks simple HTTP,verify in browser before merging; candidate identified from direct brand-domain probe
Omvoh,mirikizumab-mrkz,Eli Lilly and Company,patient,https://omvoh.lilly.com/patients,403,text/html; charset=UTF-8,direct branded domain blocks simple HTTP,verify in browser before merging; candidate identified from direct brand-domain probe
OLPRUVA,sodium phenylbutyrate,Acer Therapeutics Inc.,hcp,https://olpruvahcp.com/,200,text/html; charset=UTF-8,visible brand text; HCP text; patient text,verify in browser before merging; candidate identified from direct brand-domain probe
OLPRUVA,sodium phenylbutyrate,Acer Therapeutics Inc.,hcp,https://olpruvahcp.com/,200,text/html; charset=UTF-8,visible brand text; HCP text; patient text,verify in browser before merging; candidate identified from direct brand-domain probe
OLPRUVA,sodium phenylbutyrate,Acer Therapeutics Inc.,patient,https://olpruva.com/,200,text/html; charset=UTF-8,visible brand text; HCP text; patient text,verify in browser before merging; candidate identified from direct brand-domain probe
OLPRUVA,sodium phenylbutyrate,Acer Therapeutics Inc.,patient,https://olpruva.com/,200,text/html; charset=UTF-8,visible brand text; HCP text; patient text,verify in browser before merging; candidate identified from direct brand-domain probe
Omnitrope,Somatropin,Sandoz Inc,patient,https://www.omnitrope.com/,200,text/html; charset=utf-8,visible brand text; HCP text; patient text,verify in browser before merging; candidate identified from direct brand-domain probe
Omnitrope,Somatropin,Sandoz Inc,patient,https://www.omnitrope.com/,200,text/html; charset=utf-8,visible brand text; HCP text; patient text,verify in browser before merging; candidate identified from direct brand-domain probe
OPFOLDA,miglustat,"AMICUS THERAPEUTICS US, LLC",patient,https://pombilitiopfolda.com/,200,text/html; charset=UTF-8,visible brand text; HCP text; patient text,verify in browser before merging; candidate identified from direct brand-domain probe
OPFOLDA,miglustat,"AMICUS THERAPEUTICS US, LLC",patient,https://pombilitiopfolda.com/,200,text/html; charset=UTF-8,visible brand text; HCP text; patient text,verify in browser before merging; candidate identified from direct brand-domain probe
ONAPGO,Apomorphine hydrochloride,"MDD US Operations, LLC, a subsidiary of Supernus Pharmaceuticals, Inc",hcp,https://www.onapgohcp.com/,200,text/html; charset=UTF-8,visible brand text; HCP text; patient text,verify in browser before merging; candidate identified from direct brand-domain probe
ONAPGO,Apomorphine hydrochloride,"MDD US Operations, LLC, a subsidiary of Supernus Pharmaceuticals, Inc",hcp,https://www.onapgohcp.com/,200,text/html; charset=UTF-8,visible brand text; HCP text; patient text,verify in browser before merging; candidate identified from direct brand-domain probe
ONAPGO,Apomorphine hydrochloride,"MDD US Operations, LLC, a subsidiary of Supernus Pharmaceuticals, Inc",patient,https://www.onapgo.com/,200,text/html; charset=UTF-8,visible brand text; HCP text; patient text,verify in browser before merging; candidate identified from direct brand-domain probe
ONAPGO,Apomorphine hydrochloride,"MDD US Operations, LLC, a subsidiary of Supernus Pharmaceuticals, Inc",patient,https://www.onapgo.com/,200,text/html; charset=UTF-8,visible brand text; HCP text; patient text,verify in browser before merging; candidate identified from direct brand-domain probe
Orabloc,articaine hydrochloride and epinephrine bitartrate,Pierrel S.p.A.,patient,https://www.orabloc.com/en/,200,text/html; charset=UTF-8,visible brand text,verify in browser before merging; candidate identified from direct brand-domain probe
Orabloc,articaine hydrochloride and epinephrine bitartrate,Pierrel S.p.A.,patient,https://www.orabloc.com/en/,200,text/html; charset=UTF-8,visible brand text,verify in browser before merging; candidate identified from direct brand-domain probe
ORKAMBI,lumacaftor and ivacaftor,Vertex Pharmaceuticals Incorporated,hcp,https://www.orkambi.com/healthcare-professionals,403,text/html,direct branded domain blocks simple HTTP,verify in browser before merging; candidate identified from direct brand-domain probe
ORKAMBI,lumacaftor and ivacaftor,Vertex Pharmaceuticals Incorporated,hcp,https://www.orkambi.com/hcp,403,text/html,direct branded domain blocks simple HTTP,verify in browser before merging; candidate identified from direct brand-domain probe
ORKAMBI,lumacaftor and ivacaftor,Vertex Pharmaceuticals Incorporated,patient,https://www.orkambi.com/patient,403,text/html,direct branded domain blocks simple HTTP,verify in browser before merging; candidate identified from direct brand-domain probe
ORKAMBI,lumacaftor and ivacaftor,Vertex Pharmaceuticals Incorporated,patient,https://www.orkambi.com/,403,text/html,direct branded domain blocks simple HTTP,verify in browser before merging; candidate identified from direct brand-domain probe
ORKAMBI,lumacaftor and ivacaftor,Vertex Pharmaceuticals Incorporated,hcp,https://orkambihcp.com/,403,text/html,direct branded domain blocks simple HTTP,verify in browser before merging; candidate identified from direct brand-domain probe
ORKAMBI,lumacaftor and ivacaftor,Vertex Pharmaceuticals Incorporated,patient,https://www.orkambi.com/patients,403,text/html,direct branded domain blocks simple HTTP,verify in browser before merging; candidate identified from direct brand-domain probe
ORKAMBI,lumacaftor and ivacaftor,Vertex Pharmaceuticals Incorporated,hcp,https://www.orkambihcp.com/,403,text/html,direct branded domain blocks simple HTTP,verify in browser before merging; candidate identified from direct brand-domain probe
ORKAMBI,lumacaftor and ivacaftor,Vertex Pharmaceuticals Incorporated,patient,https://orkambi.com/,403,text/html,direct branded domain blocks simple HTTP,verify in browser before merging; candidate identified from direct brand-domain probe
ORKAMBI,lumacaftor and ivacaftor,Vertex Pharmaceuticals Incorporated,patient,https://www.orkambi.com/patient-support,403,text/html,direct branded domain blocks simple HTTP,verify in browser before merging; candidate identified from direct brand-domain probe
ORKAMBI,lumacaftor and ivacaftor,Vertex Pharmaceuticals Incorporated,patient,https://www.orkambi.com/savings,403,text/html,direct branded domain blocks simple HTTP,verify in browser before merging; candidate identified from direct brand-domain probe
Phexxi,"lactic acid, L-, citric acid monohydrate, and potassium bitartrate","Evofem, Inc.",patient,https://phexx.com/,200,text/html; charset=UTF-8,visible brand text; HCP text; patient text,verify in browser before merging; candidate identified from direct brand-domain probe
Phexxi,"lactic acid, L-, citric acid monohydrate, and potassium bitartrate","Evofem, Inc.",patient,https://phexx.com/,200,text/html; charset=UTF-8,visible brand text; HCP text; patient text,verify in browser before merging; candidate identified from direct brand-domain probe
Phexx,"lactic acid, L-, citric acid monohydrate, and potassium bitartrate","Evofem, Inc.",patient,https://phexx.com/,200,text/html; charset=UTF-8,visible brand text; HCP text; patient text,verify in browser before merging; candidate identified from direct brand-domain probe
Phexx,"lactic acid, L-, citric acid monohydrate, and potassium bitartrate","Evofem, Inc.",patient,https://phexx.com/,200,text/html; charset=UTF-8,visible brand text; HCP text; patient text,verify in browser before merging; candidate identified from direct brand-domain probe
POMBILITI,cipaglucosidase alfa-atga,"AMICUS THERAPEUTICS US, LLC",patient,https://pombilitiopfolda.com/,200,text/html; charset=UTF-8,visible brand text; HCP text; patient text,verify in browser before merging; candidate identified from direct brand-domain probe
POMBILITI,cipaglucosidase alfa-atga,"AMICUS THERAPEUTICS US, LLC",patient,https://pombilitiopfolda.com/,200,text/html; charset=UTF-8,visible brand text; HCP text; patient text,verify in browser before merging; candidate identified from direct brand-domain probe
Pradaxa,dabigatran etexilate mesylate,Boehringer Ingelheim Pharmaceuticals Inc.,hcp,https://pro.boehringer-ingelheim.com/us/products/pradaxa/,403,text/html,direct branded domain blocks simple HTTP,verify in browser before merging; candidate identified from direct brand-domain probe
Pradaxa,dabigatran etexilate mesylate,Boehringer Ingelheim Pharmaceuticals Inc.,hcp,https://pro.boehringer-ingelheim.com/us/products/pradaxa/,403,text/html,direct branded domain blocks simple HTTP,verify in browser before merging; candidate identified from direct brand-domain probe
Pradaxa,dabigatran etexilate,"Boehringer Ingelheim Pharmaceuticals, Inc.",hcp,https://pro.boehringer-ingelheim.com/us/products/pradaxa/,403,text/html,direct branded domain blocks simple HTTP,verify in browser before merging; candidate identified from direct brand-domain probe
Pradaxa,dabigatran etexilate,"Boehringer Ingelheim Pharmaceuticals, Inc.",hcp,https://pro.boehringer-ingelheim.com/us/products/pradaxa/,403,text/html,direct branded domain blocks simple HTTP,verify in browser before merging; candidate identified from direct brand-domain probe
Praxbind,idarucizumab,"Boehringer Ingelheim Pharmaceuticals, Inc.",hcp,https://pro.boehringer-ingelheim.com/us/products/praxbind/hcp,403,text/html,direct branded domain blocks simple HTTP,verify in browser before merging; candidate identified from direct brand-domain probe
Praxbind,idarucizumab,"Boehringer Ingelheim Pharmaceuticals, Inc.",patient,https://pro.boehringer-ingelheim.com/us/products/praxbind/,403,text/html,direct branded domain blocks simple HTTP,verify in browser before merging; candidate identified from direct brand-domain probe
Praxbind,idarucizumab,"Boehringer Ingelheim Pharmaceuticals, Inc.",hcp,https://pro.boehringer-ingelheim.com/us/products/praxbind/healthcare-professionals,403,text/html,direct branded domain blocks simple HTTP,verify in browser before merging; candidate identified from direct brand-domain probe
Praxbind,idarucizumab,"Boehringer Ingelheim Pharmaceuticals, Inc.",patient,https://pro.boehringer-ingelheim.com/us/products/praxbind/,403,text/html,direct branded domain blocks simple HTTP,verify in browser before merging; candidate identified from direct brand-domain probe
Praxbind,idarucizumab,"Boehringer Ingelheim Pharmaceuticals, Inc.",patient,https://pro.boehringer-ingelheim.com/us/products/praxbind/patient-support,403,text/html,direct branded domain blocks simple HTTP,verify in browser before merging; candidate identified from direct brand-domain probe
Praxbind,idarucizumab,"Boehringer Ingelheim Pharmaceuticals, Inc.",patient,https://pro.boehringer-ingelheim.com/us/products/praxbind/patient,403,text/html,direct branded domain blocks simple HTTP,verify in browser before merging; candidate identified from direct brand-domain probe
Praxbind,idarucizumab,"Boehringer Ingelheim Pharmaceuticals, Inc.",patient,https://pro.boehringer-ingelheim.com/us/products/praxbind/patients,403,text/html,direct branded domain blocks simple HTTP,verify in browser before merging; candidate identified from direct brand-domain probe
Praxbind,idarucizumab,"Boehringer Ingelheim Pharmaceuticals, Inc.",patient,https://pro.boehringer-ingelheim.com/us/products/praxbind/savings,403,text/html,direct branded domain blocks simple HTTP,verify in browser before merging; candidate identified from direct brand-domain probe
PROLEUKIN,aldesleukin,"Iovance Biotherapeutics, Inc",hcp,https://www.proleukin.com/healthcare-professionals,403,application/xml,direct branded domain blocks simple HTTP,verify in browser before merging; candidate identified from direct brand-domain probe
PROLEUKIN,aldesleukin,"Iovance Biotherapeutics, Inc",hcp,https://www.proleukin.com/hcp,403,application/xml,direct branded domain blocks simple HTTP,verify in browser before merging; candidate identified from direct brand-domain probe
PROLEUKIN,aldesleukin,"Iovance Biotherapeutics, Inc",patient,https://www.proleukin.com/patient,403,application/xml,direct branded domain blocks simple HTTP,verify in browser before merging; candidate identified from direct brand-domain probe
PROLEUKIN,aldesleukin,"Iovance Biotherapeutics, Inc",patient,https://www.proleukin.com/,200,text/html,visible brand text; HCP text; patient text,verify in browser before merging; candidate identified from direct brand-domain probe
PROLEUKIN,aldesleukin,"Iovance Biotherapeutics, Inc",patient,https://www.proleukin.com/savings,403,application/xml,direct branded domain blocks simple HTTP,verify in browser before merging; candidate identified from direct brand-domain probe
PROLEUKIN,aldesleukin,"Iovance Biotherapeutics, Inc",patient,https://www.proleukin.com/patients,403,application/xml,direct branded domain blocks simple HTTP,verify in browser before merging; candidate identified from direct brand-domain probe
PROLEUKIN,aldesleukin,"Iovance Biotherapeutics, Inc",patient,https://www.proleukin.com/patient-support,403,application/xml,direct branded domain blocks simple HTTP,verify in browser before merging; candidate identified from direct brand-domain probe
PROLEUKIN,aldesleukin,"Iovance Biotherapeutics, Inc",patient,https://www.proleukin.com/,200,text/html,visible brand text; HCP text; patient text,verify in browser before merging; candidate identified from direct brand-domain probe
Provigil,modafinil,"Apotex Corp; Cephalon, LLC; Golden State Medical Supply, Inc.",patient,https://www.provigil.com/,200,text/html; charset=utf-8,visible brand text; HCP text; patient text,verify in browser before merging; candidate identified from direct brand-domain probe
Provigil,modafinil,"Apotex Corp; Cephalon, LLC; Golden State Medical Supply, Inc.",patient,https://provigil.com/,200,text/html; charset=utf-8,visible brand text; HCP text; patient text,verify in browser before merging; candidate identified from direct brand-domain probe
ProSol,"Valine, Lysine, Histidine, Isoleucine, Leucine, Phenylalanine, Threonine, Methionine, Tryptophan, Alanine, Glycine, Arginine, Proline, Glutamic Acid, Serine, Aspartic Acid and Tyrosine",Baxter Healthcare Corporation,patient,https://www.prosol.com/,200,text/html; charset=utf-8,visible brand text,verify in browser before merging; candidate identified from direct brand-domain probe
ProSol,"Valine, Lysine, Histidine, Isoleucine, Leucine, Phenylalanine, Threonine, Methionine, Tryptophan, Alanine, Glycine, Arginine, Proline, Glutamic Acid, Serine, Aspartic Acid and Tyrosine",Baxter Healthcare Corporation,patient,https://prosol.com/,200,text/html; charset=utf-8,visible brand text,verify in browser before merging; candidate identified from direct brand-domain probe
PROVAYBLUE,methylene blue,"American Regent, Inc.",patient,https://provayblue.com/,200,text/html; charset=utf-8,visible brand text; HCP text; patient text,verify in browser before merging; candidate identified from direct brand-domain probe
Provocholine,methacholine chloride,Methapharm Inc.,patient,https://methapharmrespiratory.com/,200,text/html; charset=UTF-8,visible brand text; patient text,verify in browser before merging; candidate identified from direct brand-domain probe
Provocholine,methacholine chloride,Methapharm Inc.,patient,https://methapharmrespiratory.com/,200,text/html; charset=UTF-8,visible brand text; patient text,verify in browser before merging; candidate identified from direct brand-domain probe
QUIOFIC,folic acid,"Solubiomix, LLC",patient,https://www.quiofic.com/,200,text/html,visible brand text,verify in browser before merging; candidate identified from direct brand-domain probe
QUIOFIC,folic acid,"Solubiomix, LLC",patient,https://quiofic.com/,200,text/html,visible brand text,verify in browser before merging; candidate identified from direct brand-domain probe
PYLERA,"BISMUTH SUBCITRATE POTASSIUM, METRONIDAZOLE, and TETRACYCLINE HYDROCHLORIDE","H2-Pharma, LLC",patient,https://juvisepharmaceuticals.com/fr/,200,text/html; charset=UTF-8,patient text,verify in browser before merging; candidate identified from direct brand-domain probe
PYLERA,"BISMUTH SUBCITRATE POTASSIUM, METRONIDAZOLE, and TETRACYCLINE HYDROCHLORIDE","H2-Pharma, LLC",patient,https://juvisepharmaceuticals.com/fr/,200,text/html; charset=UTF-8,patient text,verify in browser before merging; candidate identified from direct brand-domain probe
PULMICORT FLEXHALER,Budesonide,A-S Medication Solutions,patient,https://www.pulmicortflexhaler.com/,200,text/html; charset=utf-8,visible brand text; HCP text; patient text,verify in browser before merging; candidate identified from direct brand-domain probe
PULMICORT FLEXHALER,Budesonide,A-S Medication Solutions,patient,https://www.pulmicortflexhaler.com/,200,text/html; charset=utf-8,visible brand text; HCP text; patient text,verify in browser before merging; candidate identified from direct brand-domain probe
Rapivab,peramivir,"BioCryst Pharmaceuticals, Inc.",patient,https://www.rapivab.com/,200,text/html; charset=UTF-8,visible brand text; HCP text; patient text,verify in browser before merging; candidate identified from direct brand-domain probe
Rapivab,peramivir,"BioCryst Pharmaceuticals, Inc.",patient,https://rapivab.com/,200,text/html; charset=UTF-8,visible brand text; HCP text; patient text,verify in browser before merging; candidate identified from direct brand-domain probe
RAPIBLYK,landiolol,AOP Orphan Pharmaceuticals GmbH,patient,https://www.rapiblyk.com/,200,text/html; charset=utf-8,visible brand text,verify in browser before merging; candidate identified from direct brand-domain probe
RAPIBLYK,landiolol,AOP Orphan Pharmaceuticals GmbH,patient,https://www.rapiblyk.com/,200,text/html; charset=utf-8,visible brand text,verify in browser before merging; candidate identified from direct brand-domain probe
Reglan,Metoclopramide Hydrochloride,"ANI Pharmaceuticals, Inc.",patient,https://www.atom.com/name/Reglan,200,text/html; charset=utf-8,visible brand text,verify in browser before merging; candidate identified from direct brand-domain probe
Reglan,Metoclopramide Hydrochloride,"ANI Pharmaceuticals, Inc.",patient,https://www.atom.com/name/Reglan,200,text/html; charset=utf-8,visible brand text,verify in browser before merging; candidate identified from direct brand-domain probe
Prevacid,lansoprazole,"Takeda Pharmaceuticals America, Inc.",hcp,https://www.takeda.com/en-us/about/products/,200,text/html; charset=utf-8,patient text,verify in browser before merging; candidate identified from direct brand-domain probe
Prevacid,lansoprazole,"Takeda Pharmaceuticals America, Inc.",hcp,https://www.takeda.com/en-us/about/products/,200,text/html; charset=utf-8,patient text,verify in browser before merging; candidate identified from direct brand-domain probe
Rejuvesol,"Sodium Pyruvate, Inosine, Adenine, Sodium Phosphate, Dibasic, and Sodium Phosphate, Monobasic, Monohydrate","Citra Labs, LLC",hcp,https://www.zimmerbiomet.com/en,200,text/html;charset=utf-8,HCP text; patient text,verify in browser before merging; candidate identified from direct brand-domain probe
Rejuvesol,"Sodium Pyruvate, Inosine, Adenine, Sodium Phosphate, Dibasic, and Sodium Phosphate, Monobasic, Monohydrate","Citra Labs, LLC",patient,https://www.zimmerbiomet.com/en,200,text/html;charset=utf-8,HCP text; patient text,verify in browser before merging; candidate identified from direct brand-domain probe
Rejuvesol,"Sodium Pyruvate, Inosine, Adenine, Sodium Phosphate, Dibasic, and Sodium Phosphate, Monobasic, Monohydrate","Citra Labs, LLC",patient,https://www.zimmerbiomet.com/en,200,text/html;charset=utf-8,HCP text; patient text,verify in browser before merging; candidate identified from direct brand-domain probe
Rejuvesol,"Sodium Pyruvate, Inosine, Adenine, Sodium Phosphate, Dibasic, and Sodium Phosphate, Monobasic, Monohydrate","Citra Labs, LLC",patient,https://www.zimmerbiomet.com/en,200,text/html;charset=utf-8,HCP text; patient text,verify in browser before merging; candidate identified from direct brand-domain probe
Rejuvesol,"Sodium Pyruvate, Inosine, Adenine, Sodium Phosphate, Dibasic, and Sodium Phosphate, Monobasic, Monohydrate","Citra Labs, LLC",patient,https://www.zimmerbiomet.com/en,200,text/html;charset=utf-8,HCP text; patient text,verify in browser before merging; candidate identified from direct brand-domain probe
Rejuvesol,"Sodium Pyruvate, Inosine, Adenine, Sodium Phosphate, Dibasic, and Sodium Phosphate, Monobasic, Monohydrate","Citra Labs, LLC",patient,https://www.zimmerbiomet.com/en,200,text/html;charset=utf-8,HCP text; patient text,verify in browser before merging; candidate identified from direct brand-domain probe
Rejuvesol,"Sodium Pyruvate, Inosine, Adenine, Sodium Phosphate, Dibasic, and Sodium Phosphate, Monobasic, Monohydrate","Citra Labs, LLC",hcp,https://www.zimmerbiomet.com/en,200,text/html;charset=utf-8,HCP text; patient text,verify in browser before merging; candidate identified from direct brand-domain probe
Rejuvesol,"Sodium Pyruvate, Inosine, Adenine, Sodium Phosphate, Dibasic, and Sodium Phosphate, Monobasic, Monohydrate","Citra Labs, LLC",patient,https://www.zimmerbiomet.com/en,200,text/html;charset=utf-8,HCP text; patient text,verify in browser before merging; candidate identified from direct brand-domain probe
Renova,Tretinoin,Bausch Health US LLC,patient,https://www.renova.com/,200,text/html; charset=UTF-8,visible brand text,verify in browser before merging; candidate identified from direct brand-domain probe
Renova,Tretinoin,Bausch Health US LLC,patient,https://www.renova.com/,200,text/html; charset=UTF-8,visible brand text,verify in browser before merging; candidate identified from direct brand-domain probe
RELEUKO,Filgrastim,Amneal Pharmaceuticals LLC,hcp,https://forsale.dynadot.com/releuko.com?drefid=2071,200,text/html; charset=utf-8,visible brand text,verify in browser before merging; candidate identified from direct brand-domain probe
RELEUKO,Filgrastim,Amneal Pharmaceuticals LLC,patient,https://forsale.dynadot.com/releuko.com?drefid=2071,200,text/html; charset=utf-8,visible brand text,verify in browser before merging; candidate identified from direct brand-domain probe
RELEUKO,Filgrastim,Amneal Pharmaceuticals LLC,patient,https://forsale.dynadot.com/releuko.com?drefid=2071,200,text/html; charset=utf-8,visible brand text,verify in browser before merging; candidate identified from direct brand-domain probe
RELEUKO,Filgrastim,Amneal Pharmaceuticals LLC,patient,https://forsale.dynadot.com/releuko.com?drefid=2071,200,text/html; charset=utf-8,visible brand text,verify in browser before merging; candidate identified from direct brand-domain probe
RELEUKO,Filgrastim,Amneal Pharmaceuticals LLC,hcp,https://forsale.dynadot.com/releuko.com?drefid=2071,200,text/html; charset=utf-8,visible brand text,verify in browser before merging; candidate identified from direct brand-domain probe
RELEUKO,Filgrastim,Amneal Pharmaceuticals LLC,patient,https://forsale.dynadot.com/releuko.com?drefid=2071,200,text/html; charset=utf-8,visible brand text,verify in browser before merging; candidate identified from direct brand-domain probe
RELEUKO,Filgrastim,Amneal Pharmaceuticals LLC,patient,https://forsale.dynadot.com/releuko.com?drefid=2071,200,text/html; charset=utf-8,visible brand text,verify in browser before merging; candidate identified from direct brand-domain probe
RELEUKO,Filgrastim,Amneal Pharmaceuticals LLC,patient,https://forsale.dynadot.com/releuko.com?drefid=2071,200,text/html; charset=utf-8,visible brand text,verify in browser before merging; candidate identified from direct brand-domain probe
RESTASIS,cyclosporine,"A-S Medication Solutions; Allergan, Inc.",patient,https://www.restasis.com/,200,text/html; charset=utf-8,visible brand text; patient text,verify in browser before merging; candidate identified from direct brand-domain probe
RESTASIS,cyclosporine,"A-S Medication Solutions; Allergan, Inc.",hcp,https://www.restasis.com/,403,text/html; charset=UTF-8,direct branded domain blocks simple HTTP,verify in browser before merging; candidate identified from direct brand-domain probe
RESTASIS,cyclosporine,"A-S Medication Solutions; Allergan, Inc.",hcp,https://www.restasis.com/healthcare-professionals,403,text/html; charset=UTF-8,direct branded domain blocks simple HTTP,verify in browser before merging; candidate identified from direct brand-domain probe
RESTASIS,cyclosporine,"A-S Medication Solutions; Allergan, Inc.",hcp,https://www.restasis.com/page-not-found,403,text/html; charset=UTF-8,direct branded domain blocks simple HTTP,verify in browser before merging; candidate identified from direct brand-domain probe
RESTASIS,cyclosporine,"A-S Medication Solutions; Allergan, Inc.",patient,https://www.restasis.com/,403,text/html; charset=UTF-8,direct branded domain blocks simple HTTP,verify in browser before merging; candidate identified from direct brand-domain probe
RESTASIS,cyclosporine,"A-S Medication Solutions; Allergan, Inc.",hcp,https://www.restasis.com/,403,text/html; charset=UTF-8,direct branded domain blocks simple HTTP,verify in browser before merging; candidate identified from direct brand-domain probe
RESTASIS,cyclosporine,"A-S Medication Solutions; Allergan, Inc.",patient,https://www.restasis.com/patient,403,text/html; charset=UTF-8,direct branded domain blocks simple HTTP,verify in browser before merging; candidate identified from direct brand-domain probe
RESTASIS,cyclosporine,"A-S Medication Solutions; Allergan, Inc.",patient,https://www.restasis.com/savings,403,text/html; charset=UTF-8,direct branded domain blocks simple HTTP,verify in browser before merging; candidate identified from direct brand-domain probe
RESTASIS,cyclosporine,"A-S Medication Solutions; Allergan, Inc.",patient,https://www.restasis.com/page-not-found,403,text/html; charset=UTF-8,direct branded domain blocks simple HTTP,verify in browser before merging; candidate identified from direct brand-domain probe
RESTASIS,cyclosporine,"A-S Medication Solutions; Allergan, Inc.",patient,https://www.restasis.com/page-not-found,200,text/html; charset=utf-8,visible brand text; patient text,verify in browser before merging; candidate identified from direct brand-domain probe
Revcovi,elapegademase-lvlr,"Chiesi USA, Inc.",patient,https://revcovi.com/,200,text/html,visible brand text,verify in browser before merging; candidate identified from direct brand-domain probe
Revcovi,elapegademase-lvlr,"Chiesi USA, Inc.",hcp,https://revcovi.com/hcp,200,text/html,visible brand text,verify in browser before merging; candidate identified from direct brand-domain probe
Revcovi,elapegademase-lvlr,"Chiesi USA, Inc.",patient,https://revcovi.com/,200,text/html,visible brand text,verify in browser before merging; candidate identified from direct brand-domain probe
Revcovi,elapegademase-lvlr,"Chiesi USA, Inc.",hcp,https://revcovi.com/healthcare-professionals,200,text/html,visible brand text,verify in browser before merging; candidate identified from direct brand-domain probe
Revcovi,elapegademase-lvlr,"Chiesi USA, Inc.",patient,https://revcovi.com/patient-support,200,text/html,visible brand text,verify in browser before merging; candidate identified from direct brand-domain probe
Revcovi,elapegademase-lvlr,"Chiesi USA, Inc.",patient,https://revcovi.com/savings,200,text/html,visible brand text,verify in browser before merging; candidate identified from direct brand-domain probe
Revcovi,elapegademase-lvlr,"Chiesi USA, Inc.",patient,https://revcovi.com/patient,200,text/html,visible brand text,verify in browser before merging; candidate identified from direct brand-domain probe
Revcovi,elapegademase-lvlr,"Chiesi USA, Inc.",patient,https://revcovi.com/patients,200,text/html,visible brand text,verify in browser before merging; candidate identified from direct brand-domain probe
Renvela,SEVELAMER CARBONATE,Genzyme Corporation,patient,https://www.renvela.com/,200,text/html; charset=utf-8,visible brand text; HCP text; patient text,verify in browser before merging; candidate identified from direct brand-domain probe
Renvela,SEVELAMER CARBONATE,Genzyme Corporation,hcp,https://www.renvela.com/error/error-404?aspxerrorpath=/healthcare-professionals,200,text/html; charset=utf-8,visible brand text; HCP text; patient text,verify in browser before merging; candidate identified from direct brand-domain probe
Renvela,SEVELAMER CARBONATE,Genzyme Corporation,patient,https://www.renvela.com/error/error-404?aspxerrorpath=/patient,200,text/html; charset=utf-8,visible brand text; HCP text; patient text,verify in browser before merging; candidate identified from direct brand-domain probe
Renvela,SEVELAMER CARBONATE,Genzyme Corporation,hcp,https://www.renvela.com/,200,text/html; charset=utf-8,visible brand text; HCP text; patient text,verify in browser before merging; candidate identified from direct brand-domain probe
Renvela,SEVELAMER CARBONATE,Genzyme Corporation,patient,https://www.renvela.com/error/error-404?aspxerrorpath=/patient-support,200,text/html; charset=utf-8,visible brand text; HCP text; patient text,verify in browser before merging; candidate identified from direct brand-domain probe
Renvela,SEVELAMER CARBONATE,Genzyme Corporation,patient,https://www.renvela.com/error/error-404?aspxerrorpath=/savings,200,text/html; charset=utf-8,visible brand text; HCP text; patient text,verify in browser before merging; candidate identified from direct brand-domain probe
Renvela,SEVELAMER CARBONATE,Genzyme Corporation,patient,https://www.renvela.com/error/error-404?aspxerrorpath=/patients,200,text/html; charset=utf-8,visible brand text; HCP text; patient text,verify in browser before merging; candidate identified from direct brand-domain probe
RETEVMO,selpercatinib,Eli Lilly and Company,patient,https://retevmo.lilly.com/,403,text/html; charset=UTF-8,direct branded domain blocks simple HTTP,verify in browser before merging; candidate identified from direct brand-domain probe
RETEVMO,selpercatinib,Eli Lilly and Company,hcp,https://retevmo.lilly.com/healthcare-professionals,403,text/html; charset=UTF-8,direct branded domain blocks simple HTTP,verify in browser before merging; candidate identified from direct brand-domain probe
RETEVMO,selpercatinib,Eli Lilly and Company,hcp,https://retevmo.lilly.com/hcp,403,text/html; charset=UTF-8,direct branded domain blocks simple HTTP,verify in browser before merging; candidate identified from direct brand-domain probe
RETEVMO,selpercatinib,Eli Lilly and Company,patient,https://retevmo.lilly.com/patient,403,text/html; charset=UTF-8,direct branded domain blocks simple HTTP,verify in browser before merging; candidate identified from direct brand-domain probe
RETEVMO,selpercatinib,Eli Lilly and Company,patient,https://retevmo.lilly.com/,200,text/html; charset=utf-8,visible brand text; HCP text; patient text,verify in browser before merging; candidate identified from direct brand-domain probe
RETEVMO,selpercatinib,Eli Lilly and Company,patient,https://retevmo.lilly.com/patients,403,text/html; charset=UTF-8,direct branded domain blocks simple HTTP,verify in browser before merging; candidate identified from direct brand-domain probe
RETEVMO,selpercatinib,Eli Lilly and Company,patient,https://retevmo.lilly.com/patient-support,403,text/html; charset=UTF-8,direct branded domain blocks simple HTTP,verify in browser before merging; candidate identified from direct brand-domain probe
RETEVMO,selpercatinib,Eli Lilly and Company,patient,https://retevmo.lilly.com/savings,403,text/html; charset=UTF-8,direct branded domain blocks simple HTTP,verify in browser before merging; candidate identified from direct brand-domain probe
Retin-A MICRO,Tretinoin,Bausch Health US LLC,hcp,https://hcp.retin-a-micro.com/,200,text/html; charset=UTF-8,visible brand text; HCP text,verify in browser before merging; candidate identified from direct brand-domain probe
Retin-A MICRO,Tretinoin,Bausch Health US LLC,hcp,https://www.retin-a-micro.com/hcp,200,text/html; charset=UTF-8,visible brand text; HCP text,verify in browser before merging; candidate identified from direct brand-domain probe
Retin-A MICRO,Tretinoin,Bausch Health US LLC,hcp,https://www.retin-a-micro.com/healthcare-professionals,200,text/html; charset=UTF-8,visible brand text,verify in browser before merging; candidate identified from direct brand-domain probe
Retin-A MICRO,Tretinoin,Bausch Health US LLC,patient,https://www.retin-a-micro.com/,200,text/html; charset=UTF-8,visible brand text,verify in browser before merging; candidate identified from direct brand-domain probe
Retin-A MICRO,Tretinoin,Bausch Health US LLC,patient,https://retin-a-micro.com/,200,text/html; charset=UTF-8,visible brand text,verify in browser before merging; candidate identified from direct brand-domain probe
Retin-A MICRO,Tretinoin,Bausch Health US LLC,patient,https://www.retin-a-micro.com/patient,200,text/html; charset=UTF-8,visible brand text; patient text,verify in browser before merging; candidate identified from direct brand-domain probe
Retin-A MICRO,Tretinoin,Bausch Health US LLC,patient,https://www.retin-a-micro.com/patient-support,200,text/html; charset=UTF-8,visible brand text; patient text,verify in browser before merging; candidate identified from direct brand-domain probe
Retin-A MICRO,Tretinoin,Bausch Health US LLC,patient,https://www.retin-a-micro.com/savings,200,text/html; charset=UTF-8,visible brand text; patient text,verify in browser before merging; candidate identified from direct brand-domain probe
Retin-A MICRO,Tretinoin,Bausch Health US LLC,patient,https://www.retin-a-micro.com/patients,200,text/html; charset=UTF-8,visible brand text; patient text,verify in browser before merging; candidate identified from direct brand-domain probe
Reyvow,lasmiditan,Eli Lilly and Company,hcp,https://reyvow.lilly.com/healthcare-professionals,403,text/html; charset=UTF-8,direct branded domain blocks simple HTTP,verify in browser before merging; candidate identified from direct brand-domain probe
Reyvow,lasmiditan,Eli Lilly and Company,hcp,https://reyvow.lilly.com/?utm_source=301_redirect&utm_medium=reyvowhcp.com&utm_campaign=2021_reyvow.com_redirect,403,text/html; charset=UTF-8,direct branded domain blocks simple HTTP,verify in browser before merging; candidate identified from direct brand-domain probe
Reyvow,lasmiditan,Eli Lilly and Company,hcp,https://reyvow.lilly.com/hcp,403,text/html; charset=UTF-8,direct branded domain blocks simple HTTP,verify in browser before merging; candidate identified from direct brand-domain probe
Reyvow,lasmiditan,Eli Lilly and Company,patient,https://reyvow.lilly.com/patient,403,text/html; charset=UTF-8,direct branded domain blocks simple HTTP,verify in browser before merging; candidate identified from direct brand-domain probe
Reyvow,lasmiditan,Eli Lilly and Company,patient,https://reyvow.lilly.com/,403,text/html; charset=UTF-8,direct branded domain blocks simple HTTP,verify in browser before merging; candidate identified from direct brand-domain probe
Reyvow,lasmiditan,Eli Lilly and Company,hcp,https://reyvow.lilly.com/?utm_source=301_redirect&utm_medium=reyvowhcp.com&utm_campaign=2021_reyvow.com_redirect,403,text/html; charset=UTF-8,direct branded domain blocks simple HTTP,verify in browser before merging; candidate identified from direct brand-domain probe
Reyvow,lasmiditan,Eli Lilly and Company,patient,https://reyvow.lilly.com/patients,403,text/html; charset=UTF-8,direct branded domain blocks simple HTTP,verify in browser before merging; candidate identified from direct brand-domain probe
Reyvow,lasmiditan,Eli Lilly and Company,patient,https://reyvow.lilly.com/,403,text/html; charset=UTF-8,direct branded domain blocks simple HTTP,verify in browser before merging; candidate identified from direct brand-domain probe
Reyvow,lasmiditan,Eli Lilly and Company,patient,https://reyvow.lilly.com/patient-support,403,text/html; charset=UTF-8,direct branded domain blocks simple HTTP,verify in browser before merging; candidate identified from direct brand-domain probe
Reyvow,lasmiditan,Eli Lilly and Company,patient,https://reyvow.lilly.com/savings,403,text/html; charset=UTF-8,direct branded domain blocks simple HTTP,verify in browser before merging; candidate identified from direct brand-domain probe
Rezvoglar,Insulin glargine-aglr,Eli Lilly and Company,hcp,https://insulins.lilly.com/rezvoglar,200,text/html; charset=utf-8,visible brand text; HCP text; patient text,verify in browser before merging; candidate identified from direct brand-domain probe
Rezvoglar,Insulin glargine-aglr,Eli Lilly and Company,patient,https://insulins.lilly.com/rezvoglar,403,text/html; charset=UTF-8,direct branded domain blocks simple HTTP,verify in browser before merging; candidate identified from direct brand-domain probe
Rezvoglar,Insulin glargine-aglr,Eli Lilly and Company,patient,https://insulins.lilly.com/rezvoglar,403,text/html; charset=UTF-8,direct branded domain blocks simple HTTP,verify in browser before merging; candidate identified from direct brand-domain probe
Rezvoglar,Insulin glargine-aglr,Eli Lilly and Company,patient,https://insulins.lilly.com/rezvoglar,403,text/html; charset=UTF-8,direct branded domain blocks simple HTTP,verify in browser before merging; candidate identified from direct brand-domain probe
Rezvoglar,Insulin glargine-aglr,Eli Lilly and Company,patient,https://insulins.lilly.com/rezvoglar,403,text/html; charset=UTF-8,direct branded domain blocks simple HTTP,verify in browser before merging; candidate identified from direct brand-domain probe
Rezvoglar,Insulin glargine-aglr,Eli Lilly and Company,patient,https://insulins.lilly.com/rezvoglar,403,text/html; charset=UTF-8,direct branded domain blocks simple HTTP,verify in browser before merging; candidate identified from direct brand-domain probe
Rezvoglar,Insulin glargine-aglr,Eli Lilly and Company,hcp,https://insulins.lilly.com/rezvoglar,200,text/html; charset=utf-8,visible brand text; HCP text; patient text,verify in browser before merging; candidate identified from direct brand-domain probe
Rezvoglar,Insulin glargine-aglr,Eli Lilly and Company,patient,https://insulins.lilly.com/rezvoglar,403,text/html; charset=UTF-8,direct branded domain blocks simple HTTP,verify in browser before merging; candidate identified from direct brand-domain probe
RIDAURA,auranofin,Sebela Pharmaceuticals Inc.,hcp,https://www.hugedomains.com/domain_profile.cfm?d=ridaura.com,200,text/html; charset=utf-8,visible brand text,verify in browser before merging; candidate identified from direct brand-domain probe
RIDAURA,auranofin,Sebela Pharmaceuticals Inc.,hcp,https://www.hugedomains.com/domain_profile.cfm?d=ridaura.com,200,text/html; charset=utf-8,visible brand text,verify in browser before merging; candidate identified from direct brand-domain probe
RIDAURA,auranofin,Sebela Pharmaceuticals Inc.,hcp,https://www.hugedomains.com/domain_profile.cfm?d=ridaura.com,200,text/html; charset=utf-8,visible brand text,verify in browser before merging; candidate identified from direct brand-domain probe
RIDAURA,auranofin,Sebela Pharmaceuticals Inc.,patient,https://www.hugedomains.com/domain_profile.cfm?d=ridaura.com,200,text/html; charset=utf-8,visible brand text,verify in browser before merging; candidate identified from direct brand-domain probe
RIDAURA,auranofin,Sebela Pharmaceuticals Inc.,patient,https://www.hugedomains.com/domain_profile.cfm?d=ridaura.com,200,text/html; charset=utf-8,visible brand text,verify in browser before merging; candidate identified from direct brand-domain probe
RIDAURA,auranofin,Sebela Pharmaceuticals Inc.,patient,https://www.hugedomains.com/domain_profile.cfm?d=ridaura.com,200,text/html; charset=utf-8,visible brand text,verify in browser before merging; candidate identified from direct brand-domain probe
RIDAURA,auranofin,Sebela Pharmaceuticals Inc.,patient,https://www.hugedomains.com/domain_profile.cfm?d=ridaura.com,200,text/html; charset=utf-8,visible brand text,verify in browser before merging; candidate identified from direct brand-domain probe
RIDAURA,auranofin,Sebela Pharmaceuticals Inc.,patient,https://www.hugedomains.com/domain_profile.cfm?d=ridaura.com,200,text/html; charset=utf-8,visible brand text,verify in browser before merging; candidate identified from direct brand-domain probe
RIDAURA,auranofin,Sebela Pharmaceuticals Inc.,patient,https://www.hugedomains.com/domain_profile.cfm?d=ridaura.com,200,text/html; charset=utf-8,visible brand text,verify in browser before merging; candidate identified from direct brand-domain probe
Rivelsa,Levonorgestrel/Ethinyl Estradiol and Ethinyl Estradiol,"Teva Pharmaceuticals USA, Inc.",patient,https://rivelsa.com/,200,text/html; charset=UTF-8,visible brand text,verify in browser before merging; candidate identified from direct brand-domain probe
Rivelsa,Levonorgestrel/Ethinyl Estradiol and Ethinyl Estradiol,"Teva Pharmaceuticals USA, Inc.",patient,https://rivelsa.com/,200,text/html; charset=UTF-8,visible brand text,verify in browser before merging; candidate identified from direct brand-domain probe
RYZNEUTA,efbemalenograstim alfa-vuxw,Acrotech Biopharma Inc,patient,https://www.ryzneuta.com/,200,text/html,visible brand text; HCP text; patient text,verify in browser before merging; candidate identified from direct brand-domain probe
RYZNEUTA,efbemalenograstim alfa-vuxw,Acrotech Biopharma Inc,patient,https://ryzneuta.com/,200,text/html,visible brand text; HCP text; patient text,verify in browser before merging; candidate identified from direct brand-domain probe
SABRIL,vigabatrin,Lundbeck Pharmaceuticals LLC,patient,http://www.sabril.com/,200,text/html,visible brand text,verify in browser before merging; candidate identified from direct brand-domain probe
SABRIL,vigabatrin,Lundbeck Pharmaceuticals LLC,patient,https://www.sabril.com/,200,text/html,visible brand text,verify in browser before merging; candidate identified from direct brand-domain probe
Ryzumvi,phentolamine mesylate,"Oyster Point Pharma, Inc.",patient,https://www.ryzumvi.com/,200,text/html; charset=utf-8,visible brand text; HCP text; patient text,verify in browser before merging; candidate identified from direct brand-domain probe
Ryzumvi,phentolamine mesylate,"Oyster Point Pharma, Inc.",patient,https://www.ryzumvi.com/,200,text/html; charset=utf-8,visible brand text; HCP text; patient text,verify in browser before merging; candidate identified from direct brand-domain probe
Rozerem,ramelteon,"Takeda Pharmaceuticals America, Inc.",patient,https://www.takeda.com/en-us/about/products/,200,text/html; charset=utf-8,patient text,verify in browser before merging; candidate identified from direct brand-domain probe
Rozerem,ramelteon,"Takeda Pharmaceuticals America, Inc.",hcp,https://www.takeda.com/en-us/about/products/,200,text/html; charset=utf-8,patient text,verify in browser before merging; candidate identified from direct brand-domain probe
Rozerem,ramelteon,"Takeda Pharmaceuticals America, Inc.",hcp,https://www.takeda.com/en-us/about/products/,200,text/html; charset=utf-8,patient text,verify in browser before merging; candidate identified from direct brand-domain probe
Rozerem,ramelteon,"Takeda Pharmaceuticals America, Inc.",patient,https://www.takeda.com/en-us/about/products/,200,text/html; charset=utf-8,patient text,verify in browser before merging; candidate identified from direct brand-domain probe
Rozerem,ramelteon,"Takeda Pharmaceuticals America, Inc.",hcp,https://www.takeda.com/en-us/about/products/,200,text/html; charset=utf-8,patient text,verify in browser before merging; candidate identified from direct brand-domain probe
Rozerem,ramelteon,"Takeda Pharmaceuticals America, Inc.",hcp,https://www.takeda.com/en-us/about/products/,200,text/html; charset=utf-8,patient text,verify in browser before merging; candidate identified from direct brand-domain probe
Rozerem,ramelteon,"Takeda Pharmaceuticals America, Inc.",patient,https://www.takeda.com/en-us/about/products/,200,text/html; charset=utf-8,patient text,verify in browser before merging; candidate identified from direct brand-domain probe
Rozerem,ramelteon,"Takeda Pharmaceuticals America, Inc.",patient,https://www.takeda.com/en-us/about/products/,200,text/html; charset=utf-8,patient text,verify in browser before merging; candidate identified from direct brand-domain probe
Rozerem,ramelteon,"Takeda Pharmaceuticals America, Inc.",patient,https://www.takeda.com/en-us/about/products/,200,text/html; charset=utf-8,patient text,verify in browser before merging; candidate identified from direct brand-domain probe
Rozerem,ramelteon,"Takeda Pharmaceuticals America, Inc.",patient,https://www.takeda.com/en-us/about/products/,200,text/html; charset=utf-8,patient text,verify in browser before merging; candidate identified from direct brand-domain probe
Sensipar,cinacalcet hydrochloride,Amgen Inc,hcp,https://www.amgen.com/,200,text/html; charset=utf-8,HCP text; patient text,verify in browser before merging; candidate identified from direct brand-domain probe
Sensipar,cinacalcet hydrochloride,Amgen Inc,hcp,https://www.amgen.com/,200,text/html; charset=utf-8,HCP text; patient text,verify in browser before merging; candidate identified from direct brand-domain probe
Sensipar,cinacalcet hydrochloride,Amgen Inc,patient,https://www.amgen.com/,200,text/html; charset=utf-8,HCP text; patient text,verify in browser before merging; candidate identified from direct brand-domain probe
Sensipar,cinacalcet hydrochloride,Amgen Inc,patient,https://www.amgen.com/,200,text/html; charset=utf-8,HCP text; patient text,verify in browser before merging; candidate identified from direct brand-domain probe
Sensipar,cinacalcet hydrochloride,Amgen Inc,patient,https://www.amgen.com/,200,text/html; charset=utf-8,HCP text; patient text,verify in browser before merging; candidate identified from direct brand-domain probe
Sensipar,cinacalcet hydrochloride,Amgen Inc,hcp,https://www.amgen.com/,200,text/html; charset=utf-8,HCP text; patient text,verify in browser before merging; candidate identified from direct brand-domain probe
Sensipar,cinacalcet hydrochloride,Amgen Inc,hcp,https://www.amgen.com/,200,text/html; charset=utf-8,HCP text; patient text,verify in browser before merging; candidate identified from direct brand-domain probe
Sensipar,cinacalcet hydrochloride,Amgen Inc,patient,https://www.amgen.com/,200,text/html; charset=utf-8,HCP text; patient text,verify in browser before merging; candidate identified from direct brand-domain probe
Sensipar,cinacalcet hydrochloride,Amgen Inc,patient,https://www.amgen.com/,200,text/html; charset=utf-8,HCP text; patient text,verify in browser before merging; candidate identified from direct brand-domain probe
Sensipar,cinacalcet hydrochloride,Amgen Inc,patient,https://www.amgen.com/,200,text/html; charset=utf-8,HCP text; patient text,verify in browser before merging; candidate identified from direct brand-domain probe
SLYND,Drospirenone,"Exeltis USA, Inc.",hcp,https://hcp.slynd.com/,200,text/html; charset=UTF-8,visible brand text; HCP text; patient text,verify in browser before merging; candidate identified from direct brand-domain probe
SLYND,Drospirenone,"Exeltis USA, Inc.",patient,https://slynd.com/,200,text/html; charset=UTF-8,visible brand text; HCP text; patient text,verify in browser before merging; candidate identified from direct brand-domain probe
Skyla,Levonorgestrel,Bayer HealthCare Pharmaceuticals Inc.,patient,https://www.skyla.com/,200,text/html; charset=utf-8,visible brand text,verify in browser before merging; candidate identified from direct brand-domain probe
Skyla,Levonorgestrel,Bayer HealthCare Pharmaceuticals Inc.,hcp,https://www.skyla.com/index.aspx,200,text/html; charset=utf-8,visible brand text,verify in browser before merging; candidate identified from direct brand-domain probe
Skyla,Levonorgestrel,Bayer HealthCare Pharmaceuticals Inc.,patient,https://www.skyla.com/index.aspx,200,text/html; charset=utf-8,visible brand text,verify in browser before merging; candidate identified from direct brand-domain probe
Skyla,Levonorgestrel,Bayer HealthCare Pharmaceuticals Inc.,hcp,https://www.skyla.com/index.aspx,200,text/html; charset=utf-8,visible brand text,verify in browser before merging; candidate identified from direct brand-domain probe
Skyla,Levonorgestrel,Bayer HealthCare Pharmaceuticals Inc.,patient,https://www.skyla.com/index.aspx,200,text/html; charset=utf-8,visible brand text,verify in browser before merging; candidate identified from direct brand-domain probe
Skyla,Levonorgestrel,Bayer HealthCare Pharmaceuticals Inc.,patient,https://www.skyla.com/index.aspx,200,text/html; charset=utf-8,visible brand text,verify in browser before merging; candidate identified from direct brand-domain probe
Skyla,Levonorgestrel,Bayer HealthCare Pharmaceuticals Inc.,patient,https://www.skyla.com/index.aspx,200,text/html; charset=utf-8,visible brand text,verify in browser before merging; candidate identified from direct brand-domain probe
SOAANZ,Torsemide,Sarfez Pharmaceuticals Inc,patient,https://www.soaanz.com/,200,text/html; charset=UTF-8,visible brand text,verify in browser before merging; candidate identified from direct brand-domain probe
SOAANZ,Torsemide,Sarfez Pharmaceuticals Inc,patient,https://www.soaanz.com/,200,text/html; charset=UTF-8,visible brand text,verify in browser before merging; candidate identified from direct brand-domain probe
Silenor,doxepin hydrochloride,Currax Pharmaceuticals LLC,patient,https://www.silenor.com/,200,text/html; charset=UTF-8,visible brand text; HCP text; patient text,verify in browser before merging; candidate identified from direct brand-domain probe
Silenor,doxepin hydrochloride,Currax Pharmaceuticals LLC,patient,https://www.silenor.com/,200,text/html; charset=UTF-8,visible brand text; HCP text; patient text,verify in browser before merging; candidate identified from direct brand-domain probe
SOLIRIS,ECULIZUMAB,Alexion Pharmaceuticals Inc.,hcp,https://solirispro.com/,200,text/html; charset=utf-8,visible brand text; HCP text; patient text,verify in browser before merging; candidate identified from direct brand-domain probe
SOLIRIS,ECULIZUMAB,Alexion Pharmaceuticals Inc.,hcp,https://solirispro.com/,200,text/html; charset=utf-8,visible brand text; HCP text; patient text,verify in browser before merging; candidate identified from direct brand-domain probe
SOVUNA,Hydroxychloroquine Sulfate,"ANI Pharmaceuticals, Inc.",patient,https://sovuna.com/,200,text/html,visible brand text; patient text,verify in browser before merging; candidate identified from direct brand-domain probe
SOVUNA,Hydroxychloroquine Sulfate,"ANI Pharmaceuticals, Inc.",patient,https://sovuna.com/,200,text/html,visible brand text; patient text,verify in browser before merging; candidate identified from direct brand-domain probe
SPEVIGO,spesolimab,LEO Pharma Inc.,patient,https://www.spevigo.com/,200,text/html; charset=utf-8,visible brand text; HCP text; patient text,verify in browser before merging; candidate identified from direct brand-domain probe
SPEVIGO,spesolimab,LEO Pharma Inc.,patient,https://www.spevigo.com/,200,text/html; charset=utf-8,visible brand text; HCP text; patient text,verify in browser before merging; candidate identified from direct brand-domain probe
SPEVIGO,spesolimab,LEO Pharma Inc.,hcp,https://www.spevigohcp.com/,200,text/html; charset=utf-8,visible brand text; HCP text; patient text,verify in browser before merging; candidate identified from direct brand-domain probe
SPEVIGO,spesolimab,LEO Pharma Inc.,hcp,https://www.spevigohcp.com/,200,text/html; charset=utf-8,visible brand text; HCP text; patient text,verify in browser before merging; candidate identified from direct brand-domain probe
SPEVIGO,spesolimab-sbzo,"Boehringer Ingelheim Pharmaceuticals, Inc.",hcp,https://www.spevigohcp.com/,200,text/html; charset=utf-8,visible brand text; HCP text; patient text,verify in browser before merging; candidate identified from direct brand-domain probe
SPEVIGO,spesolimab-sbzo,"Boehringer Ingelheim Pharmaceuticals, Inc.",hcp,https://www.spevigohcp.com/,200,text/html; charset=utf-8,visible brand text; HCP text; patient text,verify in browser before merging; candidate identified from direct brand-domain probe
SPEVIGO,spesolimab-sbzo,"Boehringer Ingelheim Pharmaceuticals, Inc.",patient,https://www.spevigo.com/,200,text/html; charset=utf-8,visible brand text; HCP text; patient text,verify in browser before merging; candidate identified from direct brand-domain probe
SPEVIGO,spesolimab-sbzo,"Boehringer Ingelheim Pharmaceuticals, Inc.",patient,https://www.spevigo.com/,200,text/html; charset=utf-8,visible brand text; HCP text; patient text,verify in browser before merging; candidate identified from direct brand-domain probe
SORILUX,calcipotriene,Mayne Pharma,patient,https://sorilux.com/,200,text/html; charset=UTF-8,visible brand text,verify in browser before merging; candidate identified from direct brand-domain probe
SORILUX,calcipotriene,Mayne Pharma,hcp,https://sorilux.com/,200,text/html; charset=UTF-8,visible brand text,verify in browser before merging; candidate identified from direct brand-domain probe
SORILUX,calcipotriene,Mayne Pharma,patient,https://sorilux.com/,200,text/html; charset=UTF-8,visible brand text,verify in browser before merging; candidate identified from direct brand-domain probe
Starjemza,ustekinumab-hmny,Hikma Pharmaceuticals USA Inc.,patient,https://starjemza.com/,200,text/html; charset=UTF-8,visible brand text; HCP text; patient text,verify in browser before merging; candidate identified from direct brand-domain probe
Starjemza,ustekinumab-hmny,Hikma Pharmaceuticals USA Inc.,patient,https://starjemza.com/,200,text/html; charset=UTF-8,visible brand text; HCP text; patient text,verify in browser before merging; candidate identified from direct brand-domain probe
Susvimo,Ranibizumab,"Genentech, Inc.",patient,https://www.susvimo.com/,200,text/html; charset=UTF-8,visible brand text; HCP text; patient text,verify in browser before merging; candidate identified from direct brand-domain probe
Susvimo,Ranibizumab,"Genentech, Inc.",hcp,https://www.susvimo-hcp.com/,200,text/html; charset=UTF-8,visible brand text; HCP text; patient text,verify in browser before merging; candidate identified from direct brand-domain probe
Susvimo,Ranibizumab,"Genentech, Inc.",patient,https://www.susvimo.com/,200,text/html; charset=UTF-8,visible brand text; HCP text; patient text,verify in browser before merging; candidate identified from direct brand-domain probe
Symvess,ACELLULAR TISSUE ENGINEERED VESSEL,"Humacyte Global, Inc.",patient,https://symvess.com/,200,text/html; charset=UTF-8,visible brand text,verify in browser before merging; candidate identified from direct brand-domain probe
Symvess,ACELLULAR TISSUE ENGINEERED VESSEL,"Humacyte Global, Inc.",patient,https://symvess.com/,200,text/html; charset=UTF-8,visible brand text,verify in browser before merging; candidate identified from direct brand-domain probe
Syprine,trientine hydrochloride,Bausch Health US LLC,patient,https://www.syprine.com/,200,text/html; charset=utf-8,visible brand text; HCP text; patient text,verify in browser before merging; candidate identified from direct brand-domain probe
Syprine,trientine hydrochloride,Bausch Health US LLC,patient,https://www.syprine.com/,200,text/html; charset=utf-8,visible brand text; HCP text; patient text,verify in browser before merging; candidate identified from direct brand-domain probe
Synjardy,"empagliflozin, metformin hydrochloride","Boehringer Ingelheim Pharmaceuticals, Inc.",hcp,https://pro.boehringer-ingelheim.com/us/products/synjardy/,403,text/html,direct branded domain blocks simple HTTP,verify in browser before merging; candidate identified from direct brand-domain probe
Synjardy,"empagliflozin, metformin hydrochloride","Boehringer Ingelheim Pharmaceuticals, Inc.",hcp,https://pro.boehringer-ingelheim.com/us/products/synjardy/,403,text/html,direct branded domain blocks simple HTTP,verify in browser before merging; candidate identified from direct brand-domain probe
Synjardy,empagliflozin and metformin hydrochloride,"Boehringer Ingelheim Pharmaceuticals, Inc.",hcp,https://pro.boehringer-ingelheim.com/us/products/synjardy/,403,text/html,direct branded domain blocks simple HTTP,verify in browser before merging; candidate identified from direct brand-domain probe
Synjardy,empagliflozin and metformin hydrochloride,"Boehringer Ingelheim Pharmaceuticals, Inc.",hcp,https://pro.boehringer-ingelheim.com/us/products/synjardy/,403,text/html,direct branded domain blocks simple HTTP,verify in browser before merging; candidate identified from direct brand-domain probe
TALTZ,ixekizumab,Eli Lilly and Company,hcp,https://taltz.lilly.com/hcp?utm_source=301_redirect&utm_medium=taltzpro.com&utm_campaign=2021_taltz.com_redirect,403,text/html; charset=UTF-8,direct branded domain blocks simple HTTP,verify in browser before merging; candidate identified from direct brand-domain probe
TALTZ,ixekizumab,Eli Lilly and Company,hcp,https://taltz.lilly.com/hcp?utm_source=301_redirect&utm_medium=taltzhcp.com&utm_campaign=2021_taltz.com_redirect,403,text/html; charset=UTF-8,direct branded domain blocks simple HTTP,verify in browser before merging; candidate identified from direct brand-domain probe
TALTZ,ixekizumab,Eli Lilly and Company,hcp,https://taltz.lilly.com/hcp?utm_source=301_redirect&utm_medium=taltzhcp.com&utm_campaign=2021_taltz.com_redirect,403,text/html; charset=UTF-8,direct branded domain blocks simple HTTP,verify in browser before merging; candidate identified from direct brand-domain probe
TALTZ,ixekizumab,Eli Lilly and Company,patient,https://taltz.lilly.com/,403,text/html; charset=UTF-8,direct branded domain blocks simple HTTP,verify in browser before merging; candidate identified from direct brand-domain probe
TALTZ,ixekizumab,Eli Lilly and Company,patient,https://taltz.lilly.com/,403,text/html; charset=UTF-8,direct branded domain blocks simple HTTP,verify in browser before merging; candidate identified from direct brand-domain probe
TALTZ,ixekizumab,Eli Lilly and Company,hcp,https://taltz.lilly.com/hcp?utm_source=301_redirect&utm_medium=taltzpro.com&utm_campaign=2021_taltz.com_redirect,403,text/html; charset=UTF-8,direct branded domain blocks simple HTTP,verify in browser before merging; candidate identified from direct brand-domain probe
TALTZ,ixekizumab,Eli Lilly and Company,hcp,https://taltz.lilly.com/hcp,403,text/html; charset=UTF-8,direct branded domain blocks simple HTTP,verify in browser before merging; candidate identified from direct brand-domain probe
TALTZ,ixekizumab,Eli Lilly and Company,hcp,https://taltz.lilly.com/healthcare-professionals,403,text/html; charset=UTF-8,direct branded domain blocks simple HTTP,verify in browser before merging; candidate identified from direct brand-domain probe
TALTZ,ixekizumab,Eli Lilly and Company,patient,https://taltz.lilly.com/patient,403,text/html; charset=UTF-8,direct branded domain blocks simple HTTP,verify in browser before merging; candidate identified from direct brand-domain probe
TALTZ,ixekizumab,Eli Lilly and Company,patient,https://taltz.lilly.com/patients,403,text/html; charset=UTF-8,direct branded domain blocks simple HTTP,verify in browser before merging; candidate identified from direct brand-domain probe
TALTZ,ixekizumab,Eli Lilly and Company,patient,https://taltz.lilly.com/patient-support,403,text/html; charset=UTF-8,direct branded domain blocks simple HTTP,verify in browser before merging; candidate identified from direct brand-domain probe
TALTZ,ixekizumab,Eli Lilly and Company,patient,https://taltz.lilly.com/savings,403,text/html; charset=UTF-8,direct branded domain blocks simple HTTP,verify in browser before merging; candidate identified from direct brand-domain probe
TAUVID,Flortaucipir F-18,Eli Lilly and Company,hcp,https://medical.neurodiagnosticsconnect.lilly.com/,200,text/html; charset=UTF-8,HCP text,verify in browser before merging; candidate identified from direct brand-domain probe
TAUVID,Flortaucipir F-18,Eli Lilly and Company,hcp,https://medical.neurodiagnosticsconnect.lilly.com/,200,text/html; charset=UTF-8,HCP text,verify in browser before merging; candidate identified from direct brand-domain probe
TAUVID,Flortaucipir F-18,Eli Lilly and Company,patient,https://medical.neurodiagnosticsconnect.lilly.com/,200,text/html; charset=UTF-8,HCP text,verify in browser before merging; candidate identified from direct brand-domain probe
TAUVID,Flortaucipir F-18,Eli Lilly and Company,patient,https://medical.neurodiagnosticsconnect.lilly.com/,200,text/html; charset=UTF-8,HCP text,verify in browser before merging; candidate identified from direct brand-domain probe
TAUVID,Flortaucipir F-18,Eli Lilly and Company,patient,https://medical.neurodiagnosticsconnect.lilly.com/,200,text/html; charset=UTF-8,HCP text,verify in browser before merging; candidate identified from direct brand-domain probe
TAUVID,Flortaucipir F-18,Eli Lilly and Company,patient,https://medical.neurodiagnosticsconnect.lilly.com/,200,text/html; charset=UTF-8,HCP text,verify in browser before merging; candidate identified from direct brand-domain probe
TAUVID,Flortaucipir F-18,Eli Lilly and Company,patient,https://medical.neurodiagnosticsconnect.lilly.com/,200,text/html; charset=UTF-8,HCP text,verify in browser before merging; candidate identified from direct brand-domain probe
TAUVID,Flortaucipir F-18,Eli Lilly and Company,patient,https://medical.neurodiagnosticsconnect.lilly.com/,200,text/html; charset=UTF-8,HCP text,verify in browser before merging; candidate identified from direct brand-domain probe
Taytulla,"norethindrone acetate and ethinyl estradiol, and ferrous fumarate","Allergan, Inc.",patient,https://www.taytulla.com/,403,text/html; charset=UTF-8,direct branded domain blocks simple HTTP,verify in browser before merging; candidate identified from direct brand-domain probe
Taytulla,"norethindrone acetate and ethinyl estradiol, and ferrous fumarate","Allergan, Inc.",patient,https://www.taytulla.com/patient,403,text/html; charset=UTF-8,direct branded domain blocks simple HTTP,verify in browser before merging; candidate identified from direct brand-domain probe
Taytulla,"norethindrone acetate and ethinyl estradiol, and ferrous fumarate","Allergan, Inc.",patient,https://www.taytulla.com/,403,text/html; charset=UTF-8,direct branded domain blocks simple HTTP,verify in browser before merging; candidate identified from direct brand-domain probe
Taytulla,"norethindrone acetate and ethinyl estradiol, and ferrous fumarate","Allergan, Inc.",hcp,https://www.taytulla.com/,200,text/html; charset=utf-8,visible brand text; HCP text; patient text,verify in browser before merging; candidate identified from direct brand-domain probe
Taytulla,"norethindrone acetate and ethinyl estradiol, and ferrous fumarate","Allergan, Inc.",hcp,https://www.taytulla.com/healthcare-professionals,403,text/html; charset=UTF-8,direct branded domain blocks simple HTTP,verify in browser before merging; candidate identified from direct brand-domain probe
Taytulla,"norethindrone acetate and ethinyl estradiol, and ferrous fumarate","Allergan, Inc.",patient,https://www.taytulla.com/savings,403,text/html; charset=UTF-8,direct branded domain blocks simple HTTP,verify in browser before merging; candidate identified from direct brand-domain probe
SYMDEKO,Tezacaftor and Ivacaftor,Vertex Pharmaceuticals Incorporated,hcp,https://www.symdeko.com/hcp,403,text/html,direct branded domain blocks simple HTTP,verify in browser before merging; candidate identified from direct brand-domain probe
SYMDEKO,Tezacaftor and Ivacaftor,Vertex Pharmaceuticals Incorporated,hcp,https://www.symdekohcp.com/,403,text/html,direct branded domain blocks simple HTTP,verify in browser before merging; candidate identified from direct brand-domain probe
SYMDEKO,Tezacaftor and Ivacaftor,Vertex Pharmaceuticals Incorporated,hcp,https://symdekohcp.com/,403,text/html,direct branded domain blocks simple HTTP,verify in browser before merging; candidate identified from direct brand-domain probe
SYMDEKO,Tezacaftor and Ivacaftor,Vertex Pharmaceuticals Incorporated,patient,https://symdeko.com/,403,text/html,direct branded domain blocks simple HTTP,verify in browser before merging; candidate identified from direct brand-domain probe
SYMDEKO,Tezacaftor and Ivacaftor,Vertex Pharmaceuticals Incorporated,hcp,https://www.symdeko.com/healthcare-professionals,403,text/html,direct branded domain blocks simple HTTP,verify in browser before merging; candidate identified from direct brand-domain probe
SYMDEKO,Tezacaftor and Ivacaftor,Vertex Pharmaceuticals Incorporated,patient,https://www.symdeko.com/patient,403,text/html,direct branded domain blocks simple HTTP,verify in browser before merging; candidate identified from direct brand-domain probe
SYMDEKO,Tezacaftor and Ivacaftor,Vertex Pharmaceuticals Incorporated,patient,https://www.symdeko.com/patients,403,text/html,direct branded domain blocks simple HTTP,verify in browser before merging; candidate identified from direct brand-domain probe
SYMDEKO,Tezacaftor and Ivacaftor,Vertex Pharmaceuticals Incorporated,patient,https://www.symdeko.com/,403,text/html,direct branded domain blocks simple HTTP,verify in browser before merging; candidate identified from direct brand-domain probe
SYMDEKO,Tezacaftor and Ivacaftor,Vertex Pharmaceuticals Incorporated,patient,https://www.symdeko.com/patient-support,403,text/html,direct branded domain blocks simple HTTP,verify in browser before merging; candidate identified from direct brand-domain probe
SYMDEKO,Tezacaftor and Ivacaftor,Vertex Pharmaceuticals Incorporated,patient,https://www.symdeko.com/savings,403,text/html,direct branded domain blocks simple HTTP,verify in browser before merging; candidate identified from direct brand-domain probe
TENORETIC,Atenolol and Chlorthalidone,"Upsher-Smith Laboratories, LLC",patient,https://tenoretic.com/,200,text/html,visible brand text,verify in browser before merging; candidate identified from direct brand-domain probe
TENORETIC,Atenolol and Chlorthalidone,"Upsher-Smith Laboratories, LLC",patient,https://www.tenoretic.com/,200,text/html,visible brand text,verify in browser before merging; candidate identified from direct brand-domain probe
THAM,TROMETHAMINE,"Hospira, Inc.",patient,https://tham.com/,200,text/html,visible brand text,verify in browser before merging; candidate identified from direct brand-domain probe
THAM,TROMETHAMINE,"Hospira, Inc.",patient,https://tham.com/,200,text/html,visible brand text,verify in browser before merging; candidate identified from direct brand-domain probe
TEPMETKO,Tepotinib Hydrochloride,"EMD Serono, Inc.",patient,https://www.tepmetko.com/us-en/home.html,200,text/html; charset=UTF-8,visible brand text; HCP text; patient text,verify in browser before merging; candidate identified from direct brand-domain probe
TISSUEBLUE,Brilliant Blue G,D.O.R.C. Dutch Ophthalmic Research Center (International) B.V.,patient,https://www.tissueblue.com/,200,text/html; charset=UTF-8,visible brand text; HCP text; patient text,verify in browser before merging; candidate identified from direct brand-domain probe
TISSUEBLUE,Brilliant Blue G,D.O.R.C. Dutch Ophthalmic Research Center (International) B.V.,patient,https://www.tissueblue.com/,200,text/html; charset=UTF-8,visible brand text; HCP text; patient text,verify in browser before merging; candidate identified from direct brand-domain probe
Tradjenta,linagliptin,"A-S Medication Solutions; Boehringer Ingelheim Pharmaceuticals, Inc.; Cardinal Health 107, LLC",hcp,https://pro.boehringer-ingelheim.com/us/products/tradjenta/,403,text/html,direct branded domain blocks simple HTTP,verify in browser before merging; candidate identified from direct brand-domain probe
Travatan Z,travoprost,Novartis Pharmaceuticals Corporation; Sandoz Inc,hcp,https://www.sandoz.com/us-en/about-us/what-we-do/established-medicines/,200,text/html; charset=utf-8,HCP text; patient text,verify in browser before merging; candidate identified from direct brand-domain probe
Travatan Z,travoprost,Novartis Pharmaceuticals Corporation; Sandoz Inc,hcp,https://www.sandoz.com/us-en/about-us/what-we-do/established-medicines/,200,text/html; charset=utf-8,HCP text; patient text,verify in browser before merging; candidate identified from direct brand-domain probe
Trikafta,"Elexacaftor, Tezacaftor, and Ivacaftor",Vertex Pharmaceuticals Incorporated,hcp,https://www.trikaftahcp.com/,403,text/html,direct branded domain blocks simple HTTP,verify in browser before merging; candidate identified from direct brand-domain probe
Trikafta,"Elexacaftor, Tezacaftor, and Ivacaftor",Vertex Pharmaceuticals Incorporated,hcp,https://trikaftahcp.com/,403,text/html,direct branded domain blocks simple HTTP,verify in browser before merging; candidate identified from direct brand-domain probe
Trikafta,"Elexacaftor, Tezacaftor, and Ivacaftor",Vertex Pharmaceuticals Incorporated,patient,https://www.trikafta.com/,403,text/html,direct branded domain blocks simple HTTP,verify in browser before merging; candidate identified from direct brand-domain probe
Trikafta,"Elexacaftor, Tezacaftor, and Ivacaftor",Vertex Pharmaceuticals Incorporated,hcp,https://www.trikafta.com/healthcare-professionals,403,text/html,direct branded domain blocks simple HTTP,verify in browser before merging; candidate identified from direct brand-domain probe
Trikafta,"Elexacaftor, Tezacaftor, and Ivacaftor",Vertex Pharmaceuticals Incorporated,patient,https://www.trikafta.com/patient,403,text/html,direct branded domain blocks simple HTTP,verify in browser before merging; candidate identified from direct brand-domain probe
Trikafta,"Elexacaftor, Tezacaftor, and Ivacaftor",Vertex Pharmaceuticals Incorporated,hcp,https://www.trikafta.com/hcp,403,text/html,direct branded domain blocks simple HTTP,verify in browser before merging; candidate identified from direct brand-domain probe
Trikafta,"Elexacaftor, Tezacaftor, and Ivacaftor",Vertex Pharmaceuticals Incorporated,patient,https://www.trikafta.com/patient-support,403,text/html,direct branded domain blocks simple HTTP,verify in browser before merging; candidate identified from direct brand-domain probe
Trikafta,"Elexacaftor, Tezacaftor, and Ivacaftor",Vertex Pharmaceuticals Incorporated,patient,https://www.trikafta.com/patients,403,text/html,direct branded domain blocks simple HTTP,verify in browser before merging; candidate identified from direct brand-domain probe
Trikafta,"Elexacaftor, Tezacaftor, and Ivacaftor",Vertex Pharmaceuticals Incorporated,patient,https://trikafta.com/,403,text/html,direct branded domain blocks simple HTTP,verify in browser before merging; candidate identified from direct brand-domain probe
Trikafta,"Elexacaftor, Tezacaftor, and Ivacaftor",Vertex Pharmaceuticals Incorporated,patient,https://www.trikafta.com/savings,403,text/html,direct branded domain blocks simple HTTP,verify in browser before merging; candidate identified from direct brand-domain probe
Treximet,Sumatriptan Succinate and Naproxen Sodium,Currax Pharmaceuticals LLC,patient,https://www.treximet.com/,200,text/html; charset=UTF-8,visible brand text; HCP text; patient text,verify in browser before merging; candidate identified from direct brand-domain probe
Treximet,Sumatriptan Succinate and Naproxen Sodium,Currax Pharmaceuticals LLC,patient,https://www.treximet.com/,200,text/html; charset=UTF-8,visible brand text; HCP text; patient text,verify in browser before merging; candidate identified from direct brand-domain probe
TRODELVY,SACITUZUMAB GOVITECAN,"Gilead Sciences, Inc.",hcp,https://www.trodelvyhcp.com/,200,text/html; charset=utf-8,visible brand text; HCP text; patient text,verify in browser before merging; candidate identified from direct brand-domain probe
TRODELVY,SACITUZUMAB GOVITECAN,"Gilead Sciences, Inc.",patient,https://www.trodelvy.com/,200,text/html; charset=utf-8,visible brand text; HCP text; patient text,verify in browser before merging; candidate identified from direct brand-domain probe
TRODELVY,SACITUZUMAB GOVITECAN,"Gilead Sciences, Inc.",hcp,https://www.trodelvyhcp.com/,200,text/html; charset=utf-8,visible brand text; HCP text; patient text,verify in browser before merging; candidate identified from direct brand-domain probe
TRODELVY,SACITUZUMAB GOVITECAN,"Gilead Sciences, Inc.",patient,https://www.trodelvy.com/,200,text/html; charset=utf-8,visible brand text; HCP text; patient text,verify in browser before merging; candidate identified from direct brand-domain probe
TRODELVY,SACITUZUMAB GOVITECAN,"Gilead Sciences, Inc.",patient,https://www.trodelvy.com/,200,text/html; charset=utf-8,visible brand text; HCP text; patient text,verify in browser before merging; candidate identified from direct brand-domain probe
TRYVIO,Aprocitentan,Idorsia Pharmaceuticals Ltd,hcp,https://www.tryviohcp.com/,200,text/html; charset=UTF-8,visible brand text; HCP text; patient text,verify in browser before merging; candidate identified from direct brand-domain probe
TRYVIO,Aprocitentan,Idorsia Pharmaceuticals Ltd,hcp,https://www.tryviohcp.com/,200,text/html; charset=UTF-8,visible brand text; HCP text; patient text,verify in browser before merging; candidate identified from direct brand-domain probe
TRYVIO,Aprocitentan,Idorsia Pharmaceuticals Ltd,patient,https://www.tryvio.com/,200,text/html; charset=UTF-8,visible brand text; HCP text; patient text,verify in browser before merging; candidate identified from direct brand-domain probe
TRYVIO,Aprocitentan,Idorsia Pharmaceuticals Ltd,patient,https://www.tryvio.com/,200,text/html; charset=UTF-8,visible brand text; HCP text; patient text,verify in browser before merging; candidate identified from direct brand-domain probe
Ultane,Sevoflurane,AbbVie Inc.,hcp,https://www.anesthesiologyhub.com/ultane.html,403,text/html; charset=UTF-8,direct branded domain blocks simple HTTP,verify in browser before merging; candidate identified from direct brand-domain probe
Ultane,Sevoflurane,AbbVie Inc.,hcp,https://www.anesthesiologyhub.com/ultane.html,403,text/html; charset=UTF-8,direct branded domain blocks simple HTTP,verify in browser before merging; candidate identified from direct brand-domain probe
Ultane,Sevoflurane,AbbVie Inc.,patient,https://www.anesthesiologyhub.com/ultane.html,403,text/html; charset=UTF-8,direct branded domain blocks simple HTTP,verify in browser before merging; candidate identified from direct brand-domain probe
Ultane,Sevoflurane,AbbVie Inc.,patient,https://www.anesthesiologyhub.com/ultane.html,403,text/html; charset=UTF-8,direct branded domain blocks simple HTTP,verify in browser before merging; candidate identified from direct brand-domain probe
Ultane,Sevoflurane,AbbVie Inc.,patient,https://www.anesthesiologyhub.com/ultane.html,403,text/html; charset=UTF-8,direct branded domain blocks simple HTTP,verify in browser before merging; candidate identified from direct brand-domain probe
Ultane,Sevoflurane,AbbVie Inc.,patient,https://www.anesthesiologyhub.com/ultane.html,200,text/html,visible brand text; HCP text; patient text,verify in browser before merging; candidate identified from direct brand-domain probe
Ultane,Sevoflurane,AbbVie Inc.,patient,https://www.anesthesiologyhub.com/ultane.html,200,text/html,visible brand text; HCP text; patient text,verify in browser before merging; candidate identified from direct brand-domain probe
Uceris,budesonide,"Salix Pharmaceuticals, Inc.; Santarus Inc.",patient,https://www.salix.com:443/,200,text/html; charset=utf-8,HCP text; patient text,verify in browser before merging; candidate identified from direct brand-domain probe
Uceris,budesonide,"Salix Pharmaceuticals, Inc.; Santarus Inc.",patient,https://www.salix.com:443/,200,text/html; charset=utf-8,HCP text; patient text,verify in browser before merging; candidate identified from direct brand-domain probe
ULORIC,febuxostat,"Takeda Pharmaceuticals America, Inc.",hcp,https://www.takeda.com/en-us/about/products/,200,text/html; charset=utf-8,patient text,verify in browser before merging; candidate identified from direct brand-domain probe
ULORIC,febuxostat,"Takeda Pharmaceuticals America, Inc.",hcp,https://www.takeda.com/en-us/about/products/,200,text/html; charset=utf-8,patient text,verify in browser before merging; candidate identified from direct brand-domain probe
ULORIC,febuxostat,"Takeda Pharmaceuticals America, Inc.",hcp,https://www.takeda.com/en-us/about/products/,200,text/html; charset=utf-8,patient text,verify in browser before merging; candidate identified from direct brand-domain probe
ULORIC,febuxostat,"Takeda Pharmaceuticals America, Inc.",hcp,https://www.takeda.com/en-us/about/products/,200,text/html; charset=utf-8,patient text,verify in browser before merging; candidate identified from direct brand-domain probe
ULORIC,febuxostat,"Takeda Pharmaceuticals America, Inc.",patient,https://www.takeda.com/en-us/about/products/,200,text/html; charset=utf-8,patient text,verify in browser before merging; candidate identified from direct brand-domain probe
ULORIC,febuxostat,"Takeda Pharmaceuticals America, Inc.",patient,https://www.takeda.com/en-us/about/products/,200,text/html; charset=utf-8,patient text,verify in browser before merging; candidate identified from direct brand-domain probe
ULORIC,febuxostat,"Takeda Pharmaceuticals America, Inc.",patient,https://www.takeda.com/en-us/about/products/,200,text/html; charset=utf-8,patient text,verify in browser before merging; candidate identified from direct brand-domain probe
ULORIC,febuxostat,"Takeda Pharmaceuticals America, Inc.",patient,https://www.takeda.com/en-us/about/products/,200,text/html; charset=utf-8,patient text,verify in browser before merging; candidate identified from direct brand-domain probe
ULORIC,febuxostat,"Takeda Pharmaceuticals America, Inc.",patient,https://www.takeda.com/en-us/about/products/,200,text/html; charset=utf-8,patient text,verify in browser before merging; candidate identified from direct brand-domain probe
ULORIC,febuxostat,"Takeda Pharmaceuticals America, Inc.",patient,https://www.takeda.com/en-us/about/products/,200,text/html; charset=utf-8,patient text,verify in browser before merging; candidate identified from direct brand-domain probe
Vancocin,vancomycin hydrochloride,"ANI Pharmaceuticals, Inc.",patient,https://www.vancocin.com/,200,text/html,visible brand text,verify in browser before merging; candidate identified from direct brand-domain probe
Vancocin,vancomycin hydrochloride,"ANI Pharmaceuticals, Inc.",patient,https://vancocin.com/,200,text/html,visible brand text,verify in browser before merging; candidate identified from direct brand-domain probe
Valium,diazepam,Roche Laboratories Inc.,patient,https://pharmanovia.com/,200,text/html; charset=UTF-8,patient text,verify in browser before merging; candidate identified from direct brand-domain probe
Valium,diazepam,Roche Laboratories Inc.,patient,https://pharmanovia.com/,200,text/html; charset=UTF-8,patient text,verify in browser before merging; candidate identified from direct brand-domain probe
Valstar,valrubicin,"Endo USA, Inc.",patient,https://valstar.com/,200,text/html; charset=UTF-8,visible brand text,verify in browser before merging; candidate identified from direct brand-domain probe
Valstar,valrubicin,"Endo USA, Inc.",patient,https://valstar.com/,200,text/html; charset=UTF-8,visible brand text,verify in browser before merging; candidate identified from direct brand-domain probe
VALTREX,valacyclovir hydrochloride,GlaxoSmithKline LLC; REMEDYREPACK INC.,hcp,http://www.valtrex.com/,200,text/html; charset=utf-8,visible brand text,verify in browser before merging; candidate identified from direct brand-domain probe
VALTREX,valacyclovir hydrochloride,GlaxoSmithKline LLC; REMEDYREPACK INC.,hcp,http://www.valtrex.com/,200,text/html; charset=utf-8,visible brand text,verify in browser before merging; candidate identified from direct brand-domain probe
Varubi,rolapitant,TerSera Therapeutics LLC,patient,https://www.varubi.com/,403,text/plain; charset=UTF-8,direct branded domain blocks simple HTTP,verify in browser before merging; candidate identified from direct brand-domain probe
Varubi,rolapitant,TerSera Therapeutics LLC,hcp,https://www.varubi.com/hcp/,403,text/plain; charset=UTF-8,direct branded domain blocks simple HTTP,verify in browser before merging; candidate identified from direct brand-domain probe
Varubi,rolapitant,TerSera Therapeutics LLC,hcp,https://www.varubi.com/healthcare-professionals/,403,text/plain; charset=UTF-8,direct branded domain blocks simple HTTP,verify in browser before merging; candidate identified from direct brand-domain probe
Varubi,rolapitant,TerSera Therapeutics LLC,hcp,https://hcp.varubi.com/,403,text/plain; charset=UTF-8,direct branded domain blocks simple HTTP,verify in browser before merging; candidate identified from direct brand-domain probe
Varubi,rolapitant,TerSera Therapeutics LLC,patient,https://www.varubi.com/patients/,403,text/plain; charset=UTF-8,direct branded domain blocks simple HTTP,verify in browser before merging; candidate identified from direct brand-domain probe
Varubi,rolapitant,TerSera Therapeutics LLC,patient,https://www.varubi.com/patient/,403,text/plain; charset=UTF-8,direct branded domain blocks simple HTTP,verify in browser before merging; candidate identified from direct brand-domain probe
Varubi,rolapitant,TerSera Therapeutics LLC,patient,https://www.varubi.com/savings/,403,text/plain; charset=UTF-8,direct branded domain blocks simple HTTP,verify in browser before merging; candidate identified from direct brand-domain probe
Varubi,rolapitant,TerSera Therapeutics LLC,patient,https://www.varubi.com/patient-support/,403,text/plain; charset=UTF-8,direct branded domain blocks simple HTTP,verify in browser before merging; candidate identified from direct brand-domain probe
VENTOLIN,albuterol sulfate,"A-S Medication Solutions; GlaxoSmithKline LLC; NuCare Pharmaceuticals,Inc.; Proficient Rx LP; REMEDYREPACK INC.",patient,https://www.ventolin.com/,200,text/html; charset=UTF-8,visible brand text,verify in browser before merging; candidate identified from direct brand-domain probe
VENTOLIN,albuterol sulfate,"A-S Medication Solutions; GlaxoSmithKline LLC; NuCare Pharmaceuticals,Inc.; Proficient Rx LP; REMEDYREPACK INC.",patient,https://www.ventolin.com/,200,text/html; charset=UTF-8,visible brand text,verify in browser before merging; candidate identified from direct brand-domain probe
VEOPOZ,Pozelimab,"Regeneron Pharmaceuticals, Inc.",patient,https://www.veopoz.com/s/,200,text/html;charset=UTF-8,visible brand text; HCP text,verify in browser before merging; candidate identified from direct brand-domain probe
VEOPOZ,Pozelimab,"Regeneron Pharmaceuticals, Inc.",patient,https://www.veopoz.com/s/,200,text/html;charset=UTF-8,visible brand text; HCP text,verify in browser before merging; candidate identified from direct brand-domain probe
VEPPANU,vepdegestrant,"Arvinas Operations, Inc.; Rigel Pharmaceuticals, Inc.",patient,https://veppanu.com/,200,text/html; charset=UTF-8,visible brand text; HCP text; patient text,verify in browser before merging; candidate identified from direct brand-domain probe
VEPPANU,vepdegestrant,"Arvinas Operations, Inc.; Rigel Pharmaceuticals, Inc.",hcp,https://veppanu.com/,200,text/html; charset=UTF-8,visible brand text; HCP text; patient text,verify in browser before merging; candidate identified from direct brand-domain probe
VEPPANU,vepdegestrant,"Arvinas Operations, Inc.; Rigel Pharmaceuticals, Inc.",hcp,https://veppanu.com/,200,text/html; charset=UTF-8,visible brand text; HCP text; patient text,verify in browser before merging; candidate identified from direct brand-domain probe
VEPPANU,vepdegestrant,"Arvinas Operations, Inc.; Rigel Pharmaceuticals, Inc.",patient,https://veppanu.com/,200,text/html; charset=UTF-8,visible brand text; HCP text; patient text,verify in browser before merging; candidate identified from direct brand-domain probe
VEPPANU,vepdegestrant,"Arvinas Operations, Inc.; Rigel Pharmaceuticals, Inc.",hcp,https://veppanu.com/page-not-found/,200,text/html; charset=UTF-8,visible brand text; HCP text; patient text,verify in browser before merging; candidate identified from direct brand-domain probe
VEPPANU,vepdegestrant,"Arvinas Operations, Inc.; Rigel Pharmaceuticals, Inc.",patient,https://veppanu.com/page-not-found/,200,text/html; charset=UTF-8,visible brand text; HCP text; patient text,verify in browser before merging; candidate identified from direct brand-domain probe
VEPPANU,vepdegestrant,"Arvinas Operations, Inc.; Rigel Pharmaceuticals, Inc.",hcp,https://veppanu.com/page-not-found/,200,text/html; charset=UTF-8,visible brand text; HCP text; patient text,verify in browser before merging; candidate identified from direct brand-domain probe
VEPPANU,vepdegestrant,"Arvinas Operations, Inc.; Rigel Pharmaceuticals, Inc.",patient,https://veppanu.com/page-not-found/,200,text/html; charset=UTF-8,visible brand text; HCP text; patient text,verify in browser before merging; candidate identified from direct brand-domain probe
VEPPANU,vepdegestrant,"Arvinas Operations, Inc.; Rigel Pharmaceuticals, Inc.",patient,https://veppanu.com/page-not-found/,200,text/html; charset=UTF-8,visible brand text; HCP text; patient text,verify in browser before merging; candidate identified from direct brand-domain probe
VEPPANU,vepdegestrant,"Arvinas Operations, Inc.; Rigel Pharmaceuticals, Inc.",patient,https://veppanu.com/page-not-found/,200,text/html; charset=UTF-8,visible brand text; HCP text; patient text,verify in browser before merging; candidate identified from direct brand-domain probe
VERQUVO,vericiguat,Merck Sharp & Dohme LLC,patient,https://www.verquvo.com/patient,403,text/html,direct branded domain blocks simple HTTP,verify in browser before merging; candidate identified from direct brand-domain probe
VERQUVO,vericiguat,Merck Sharp & Dohme LLC,hcp,https://www.merckconnect.com/verquvo/efficacy/,200,text/html; charset=UTF-8,visible brand text; HCP text; patient text,verify in browser before merging; candidate identified from direct brand-domain probe
VERQUVO,vericiguat,Merck Sharp & Dohme LLC,patient,https://www.verquvo.com/,403,text/html,direct branded domain blocks simple HTTP,verify in browser before merging; candidate identified from direct brand-domain probe
VERQUVO,vericiguat,Merck Sharp & Dohme LLC,hcp,https://www.verquvo.com/hcp,403,text/html,direct branded domain blocks simple HTTP,verify in browser before merging; candidate identified from direct brand-domain probe
VERQUVO,vericiguat,Merck Sharp & Dohme LLC,hcp,https://www.verquvo.com/healthcare-professionals,403,text/html,direct branded domain blocks simple HTTP,verify in browser before merging; candidate identified from direct brand-domain probe
VERQUVO,vericiguat,Merck Sharp & Dohme LLC,patient,https://www.verquvo.com/,403,text/html,direct branded domain blocks simple HTTP,verify in browser before merging; candidate identified from direct brand-domain probe
VERQUVO,vericiguat,Merck Sharp & Dohme LLC,hcp,https://www.merckconnect.com/verquvo/efficacy/,200,text/html; charset=UTF-8,visible brand text; HCP text; patient text,verify in browser before merging; candidate identified from direct brand-domain probe
VERQUVO,vericiguat,Merck Sharp & Dohme LLC,patient,https://www.verquvo.com/patients,403,text/html,direct branded domain blocks simple HTTP,verify in browser before merging; candidate identified from direct brand-domain probe
VERQUVO,vericiguat,Merck Sharp & Dohme LLC,patient,https://www.verquvo.com/patient-support,403,text/html,direct branded domain blocks simple HTTP,verify in browser before merging; candidate identified from direct brand-domain probe
VERQUVO,vericiguat,Merck Sharp & Dohme LLC,patient,https://www.verquvo.com/savings,403,text/html,direct branded domain blocks simple HTTP,verify in browser before merging; candidate identified from direct brand-domain probe
Viokace,Pancrelipase,"Aimmune Therapeutics, Inc.",patient,https://www.nestlehealthscience.us/Documents/Viokace-PI-PLR-03_2017PDF.pdf,403,text/html,direct branded domain blocks simple HTTP,verify in browser before merging; candidate identified from direct brand-domain probe
Viokace,Pancrelipase,"Aimmune Therapeutics, Inc.",hcp,https://www.nestlehealthscience.us/Documents/Viokace-PI-PLR-03_2017PDF.pdf,403,text/html,direct branded domain blocks simple HTTP,verify in browser before merging; candidate identified from direct brand-domain probe
Viokace,Pancrelipase,"Aimmune Therapeutics, Inc.",patient,https://www.nestlehealthscience.us/Documents/Viokace-PI-PLR-03_2017PDF.pdf,403,text/html,direct branded domain blocks simple HTTP,verify in browser before merging; candidate identified from direct brand-domain probe
Viokace,Pancrelipase,"Aimmune Therapeutics, Inc.",patient,https://www.nestlehealthscience.us/Documents/Viokace-PI-PLR-03_2017PDF.pdf,403,text/html,direct branded domain blocks simple HTTP,verify in browser before merging; candidate identified from direct brand-domain probe
Viokace,Pancrelipase,"Aimmune Therapeutics, Inc.",patient,https://www.nestlehealthscience.us/Documents/Viokace-PI-PLR-03_2017PDF.pdf,403,text/html,direct branded domain blocks simple HTTP,verify in browser before merging; candidate identified from direct brand-domain probe
Viokace,Pancrelipase,"Aimmune Therapeutics, Inc.",patient,https://www.nestlehealthscience.us/Documents/Viokace-PI-PLR-03_2017PDF.pdf,403,text/html,direct branded domain blocks simple HTTP,verify in browser before merging; candidate identified from direct brand-domain probe
Viokace,Pancrelipase,"Aimmune Therapeutics, Inc.",hcp,https://www.nestlehealthscience.us/Documents/Viokace-PI-PLR-03_2017PDF.pdf,403,text/html,direct branded domain blocks simple HTTP,verify in browser before merging; candidate identified from direct brand-domain probe
Viokace,Pancrelipase,"Aimmune Therapeutics, Inc.",patient,https://www.nestlehealthscience.us/Documents/Viokace-PI-PLR-03_2017PDF.pdf,403,text/html,direct branded domain blocks simple HTTP,verify in browser before merging; candidate identified from direct brand-domain probe
VISTOGARD,uridine triacetate,BTG International Inc,patient,https://vistogard.com/,200,text/html,visible brand text; HCP text; patient text,verify in browser before merging; candidate identified from direct brand-domain probe
VISTOGARD,uridine triacetate,BTG International Inc,patient,https://vistogard.com/,200,text/html,visible brand text; HCP text; patient text,verify in browser before merging; candidate identified from direct brand-domain probe
VIZZ,Aceclidine,"LENZ Therapeutics, Inc.",patient,https://www.vizz.com/,200,text/html;charset=utf-8,visible brand text,verify in browser before merging; candidate identified from direct brand-domain probe
VIZZ,Aceclidine,"LENZ Therapeutics, Inc.",patient,https://www.vizz.com/,200,text/html;charset=utf-8,visible brand text,verify in browser before merging; candidate identified from direct brand-domain probe
VITRAKVI,LAROTRECTINIB,"Bayer HealthCare Pharmaceuticals Inc.; Loxo Oncology, Inc.",patient,https://www.bayer.com/en/pharma/oncology,403,text/html,direct branded domain blocks simple HTTP,verify in browser before merging; candidate identified from direct brand-domain probe
VITRAKVI,LAROTRECTINIB,"Bayer HealthCare Pharmaceuticals Inc.; Loxo Oncology, Inc.",hcp,https://www.bayer.com/en/pharma/oncology,403,text/html,direct branded domain blocks simple HTTP,verify in browser before merging; candidate identified from direct brand-domain probe
VITRAKVI,LAROTRECTINIB,"Bayer HealthCare Pharmaceuticals Inc.; Loxo Oncology, Inc.",hcp,https://www.vitrakvihcp.com/,403,text/html,direct branded domain blocks simple HTTP,verify in browser before merging; candidate identified from direct brand-domain probe
VITRAKVI,LAROTRECTINIB,"Bayer HealthCare Pharmaceuticals Inc.; Loxo Oncology, Inc.",patient,https://www.bayer.com/en/pharma/oncology,403,text/html,direct branded domain blocks simple HTTP,verify in browser before merging; candidate identified from direct brand-domain probe
VITRAKVI,LAROTRECTINIB,"Bayer HealthCare Pharmaceuticals Inc.; Loxo Oncology, Inc.",hcp,https://www.vitrakvihcp.com/,403,text/html,direct branded domain blocks simple HTTP,verify in browser before merging; candidate identified from direct brand-domain probe
VITRAKVI,LAROTRECTINIB,"Bayer HealthCare Pharmaceuticals Inc.; Loxo Oncology, Inc.",hcp,https://www.bayer.com/en/pharma/oncology,403,text/html,direct branded domain blocks simple HTTP,verify in browser before merging; candidate identified from direct brand-domain probe
VITRAKVI,LAROTRECTINIB,"Bayer HealthCare Pharmaceuticals Inc.; Loxo Oncology, Inc.",patient,https://www.bayer.com/en/pharma/oncology,403,text/html,direct branded domain blocks simple HTTP,verify in browser before merging; candidate identified from direct brand-domain probe
VITRAKVI,LAROTRECTINIB,"Bayer HealthCare Pharmaceuticals Inc.; Loxo Oncology, Inc.",patient,https://www.bayer.com/en/pharma/oncology,403,text/html,direct branded domain blocks simple HTTP,verify in browser before merging; candidate identified from direct brand-domain probe
VITRAKVI,LAROTRECTINIB,"Bayer HealthCare Pharmaceuticals Inc.; Loxo Oncology, Inc.",patient,https://www.bayer.com/en/pharma/oncology,403,text/html,direct branded domain blocks simple HTTP,verify in browser before merging; candidate identified from direct brand-domain probe
VITRAKVI,LAROTRECTINIB,"Bayer HealthCare Pharmaceuticals Inc.; Loxo Oncology, Inc.",patient,https://www.bayer.com/en/pharma/oncology,403,text/html,direct branded domain blocks simple HTTP,verify in browser before merging; candidate identified from direct brand-domain probe
VIMIZIM,elosulfase alfa,BioMarin Pharmaceutical Inc.,patient,https://www.vimizim.com/en-us/,200,text/html; charset=UTF-8,visible brand text; HCP text; patient text,verify in browser before merging; candidate identified from direct brand-domain probe
VIMIZIM,elosulfase alfa,BioMarin Pharmaceutical Inc.,hcp,https://www.vimizim.com/en-us/,200,text/html; charset=UTF-8,visible brand text; HCP text; patient text,verify in browser before merging; candidate identified from direct brand-domain probe
VIMIZIM,elosulfase alfa,BioMarin Pharmaceutical Inc.,patient,https://www.vimizim.com/en-us/,200,text/html; charset=UTF-8,visible brand text; HCP text; patient text,verify in browser before merging; candidate identified from direct brand-domain probe
VIMIZIM,elosulfase alfa,BioMarin Pharmaceutical Inc.,hcp,https://www.vimizim.com/en-us/,200,text/html; charset=UTF-8,visible brand text; HCP text; patient text,verify in browser before merging; candidate identified from direct brand-domain probe
VIMIZIM,elosulfase alfa,BioMarin Pharmaceutical Inc.,patient,https://www.vimizim.com/en-us/,200,text/html; charset=UTF-8,visible brand text; HCP text; patient text,verify in browser before merging; candidate identified from direct brand-domain probe
VIMIZIM,elosulfase alfa,BioMarin Pharmaceutical Inc.,patient,https://www.vimizim.com/en-us/,200,text/html; charset=UTF-8,visible brand text; HCP text; patient text,verify in browser before merging; candidate identified from direct brand-domain probe
VIMIZIM,elosulfase alfa,BioMarin Pharmaceutical Inc.,patient,https://www.vimizim.com/en-us/,200,text/html; charset=UTF-8,visible brand text; HCP text; patient text,verify in browser before merging; candidate identified from direct brand-domain probe
VIMIZIM,elosulfase alfa,BioMarin Pharmaceutical Inc.,patient,https://www.vimizim.com/en-us/,200,text/html; charset=UTF-8,visible brand text; HCP text; patient text,verify in browser before merging; candidate identified from direct brand-domain probe
WYOST,denosumab,Sandoz Inc,patient,https://www.wyost.com/,200,text/html; charset=utf-8,visible brand text; HCP text; patient text,verify in browser before merging; candidate identified from direct brand-domain probe
WYOST,denosumab,Sandoz Inc,patient,https://www.wyost.com/,200,text/html; charset=utf-8,visible brand text; HCP text; patient text,verify in browser before merging; candidate identified from direct brand-domain probe
VUSION,"miconazole nitrate, zinc oxide, white petrolatum",Mylan Pharmaceuticals Inc.,patient,https://www.vusion.com/,200,text/html; charset=UTF-8,visible brand text,verify in browser before merging; candidate identified from direct brand-domain probe
VUSION,"miconazole nitrate, zinc oxide, white petrolatum",Mylan Pharmaceuticals Inc.,patient,https://www.vusion.com/,200,text/html; charset=UTF-8,visible brand text,verify in browser before merging; candidate identified from direct brand-domain probe
XELPROS,latanoprost,"Sun Pharmaceutical Industries, Inc.",patient,https://sunpharma.com/,403,text/html; charset=UTF-8,direct branded domain blocks simple HTTP,verify in browser before merging; candidate identified from direct brand-domain probe
XELPROS,latanoprost,"Sun Pharmaceutical Industries, Inc.",patient,https://sunpharma.com/,403,text/html; charset=UTF-8,direct branded domain blocks simple HTTP,verify in browser before merging; candidate identified from direct brand-domain probe
XELPROS,latanoprost,"Sun Pharmaceutical Industries, Inc.",hcp,https://sunpharma.com/,403,text/html; charset=UTF-8,direct branded domain blocks simple HTTP,verify in browser before merging; candidate identified from direct brand-domain probe
XELPROS,latanoprost,"Sun Pharmaceutical Industries, Inc.",patient,https://sunpharma.com/,403,text/html; charset=UTF-8,direct branded domain blocks simple HTTP,verify in browser before merging; candidate identified from direct brand-domain probe
XELPROS,latanoprost,"Sun Pharmaceutical Industries, Inc.",patient,https://sunpharma.com/,403,text/html; charset=UTF-8,direct branded domain blocks simple HTTP,verify in browser before merging; candidate identified from direct brand-domain probe
XELPROS,latanoprost,"Sun Pharmaceutical Industries, Inc.",patient,https://sunpharma.com/,403,text/html; charset=UTF-8,direct branded domain blocks simple HTTP,verify in browser before merging; candidate identified from direct brand-domain probe
Xofigo,Radium Ra 223 dichloride,Bayer HealthCare Pharmaceuticals Inc.,hcp,https://www.xofigohcp.com/,403,text/html,direct branded domain blocks simple HTTP,verify in browser before merging; candidate identified from direct brand-domain probe
Xofigo,Radium Ra 223 dichloride,Bayer HealthCare Pharmaceuticals Inc.,hcp,https://www.xofigohcp.com/,403,text/html,direct branded domain blocks simple HTTP,verify in browser before merging; candidate identified from direct brand-domain probe
Xofigo,Radium Ra 223 dichloride,Bayer HealthCare Pharmaceuticals Inc.,patient,https://www.xofigo-us.com/,403,text/html,direct branded domain blocks simple HTTP,verify in browser before merging; candidate identified from direct brand-domain probe
Xofigo,Radium Ra 223 dichloride,Bayer HealthCare Pharmaceuticals Inc.,patient,https://www.xofigo-us.com/,403,text/html,direct branded domain blocks simple HTTP,verify in browser before merging; candidate identified from direct brand-domain probe
Xofigo,Radium Ra 223 dichloride,Bayer HealthCare Pharmaceuticals Inc.,hcp,https://www.xofigo-us.com/,403,text/html,direct branded domain blocks simple HTTP,verify in browser before merging; candidate identified from direct brand-domain probe
Xofigo,Radium Ra 223 dichloride,Bayer HealthCare Pharmaceuticals Inc.,hcp,https://www.xofigo-us.com/,403,text/html,direct branded domain blocks simple HTTP,verify in browser before merging; candidate identified from direct brand-domain probe
Xofigo,Radium Ra 223 dichloride,Bayer HealthCare Pharmaceuticals Inc.,patient,https://www.xofigo-us.com/,403,text/html,direct branded domain blocks simple HTTP,verify in browser before merging; candidate identified from direct brand-domain probe
Xofigo,Radium Ra 223 dichloride,Bayer HealthCare Pharmaceuticals Inc.,patient,https://www.xofigo-us.com/,403,text/html,direct branded domain blocks simple HTTP,verify in browser before merging; candidate identified from direct brand-domain probe
Xofigo,Radium Ra 223 dichloride,Bayer HealthCare Pharmaceuticals Inc.,patient,https://www.xofigo-us.com/,403,text/html,direct branded domain blocks simple HTTP,verify in browser before merging; candidate identified from direct brand-domain probe
Xofigo,Radium Ra 223 dichloride,Bayer HealthCare Pharmaceuticals Inc.,patient,https://www.xofigo-us.com/,403,text/html,direct branded domain blocks simple HTTP,verify in browser before merging; candidate identified from direct brand-domain probe
XENOVIEW,xenon Xe 129 hyperpolarized,"Polarean, Inc.",patient,https://xenoview.com/,200,text/html,visible brand text,verify in browser before merging; candidate identified from direct brand-domain probe
XIAFLEX,collagenase clostridium histolyticum,"Endo USA, Inc.",patient,https://www.xiaflex.com/,200,text/html,visible brand text; HCP text; patient text,verify in browser before merging; candidate identified from direct brand-domain probe
XIAFLEX,collagenase clostridium histolyticum,"Endo USA, Inc.",patient,https://www.xiaflex.com/,200,text/html,visible brand text; HCP text; patient text,verify in browser before merging; candidate identified from direct brand-domain probe
XURIDEN,uridine triacetate,BTG International Inc,patient,https://xuriden.com/,200,text/html,visible brand text; HCP text; patient text,verify in browser before merging; candidate identified from direct brand-domain probe
XURIDEN,uridine triacetate,BTG International Inc,patient,https://xuriden.com/,200,text/html,visible brand text; HCP text; patient text,verify in browser before merging; candidate identified from direct brand-domain probe
ZAYNICH,zidebactam dihydrate and cefepime hydrochloride,Wockhardt Suisse USA LLC,patient,https://zaynich.com/,200,text/html; charset=UTF-8,visible brand text; HCP text; patient text,verify in browser before merging; candidate identified from direct brand-domain probe
ZAYNICH,zidebactam dihydrate and cefepime hydrochloride,Wockhardt Suisse USA LLC,patient,https://www.zaynich.com/,200,text/html; charset=UTF-8,visible brand text; HCP text; patient text,verify in browser before merging; candidate identified from direct brand-domain probe
Xyzal,levocetirizine dihydrochloride,"Chattem, Inc.",hcp,https://www.xyzal.com/en-us/hcp,200,text/html;charset=UTF-8,visible brand text; HCP text; patient text,verify in browser before merging; candidate identified from direct brand-domain probe
Xyzal,levocetirizine dihydrochloride,"Chattem, Inc.",patient,https://www.xyzal.com/en-us,200,text/html;charset=UTF-8,visible brand text; HCP text; patient text,verify in browser before merging; candidate identified from direct brand-domain probe
YUVEZZI,carbachol and brimonidine tartrate,"Visus Therapeutics, Inc.",patient,https://www.yuvezzi.com/,200,text/html; charset=UTF-8,visible brand text; HCP text; patient text,verify in browser before merging; candidate identified from direct brand-domain probe
YUVEZZI,carbachol and brimonidine tartrate,"Visus Therapeutics, Inc.",patient,https://www.yuvezzi.com/,200,text/html; charset=UTF-8,visible brand text; HCP text; patient text,verify in browser before merging; candidate identified from direct brand-domain probe
ZEGERID,omeprazole and sodium bicarbonate,"Santarus, Inc..",patient,https://zegeridotc.com/,200,text/html; charset=UTF-8,visible brand text,verify in browser before merging; candidate identified from direct brand-domain probe
ZEGERID,omeprazole and sodium bicarbonate,"Santarus, Inc..",patient,https://zegeridotc.com/,200,text/html; charset=UTF-8,visible brand text,verify in browser before merging; candidate identified from direct brand-domain probe
ZERVIATE,cetirizine,"Harrow Eye, LLC",hcp,https://www.zerviate.com/healthcare-professionals,403,application/xml,direct branded domain blocks simple HTTP,verify in browser before merging; candidate identified from direct brand-domain probe
ZERVIATE,cetirizine,"Harrow Eye, LLC",hcp,https://www.zerviate.com/hcp,403,application/xml,direct branded domain blocks simple HTTP,verify in browser before merging; candidate identified from direct brand-domain probe
ZERVIATE,cetirizine,"Harrow Eye, LLC",patient,https://zerviate.com/,200,text/html,visible brand text; HCP text; patient text,verify in browser before merging; candidate identified from direct brand-domain probe
ZERVIATE,cetirizine,"Harrow Eye, LLC",patient,https://www.zerviate.com/,200,text/html,visible brand text; HCP text; patient text,verify in browser before merging; candidate identified from direct brand-domain probe
ZERVIATE,cetirizine,"Harrow Eye, LLC",patient,https://www.zerviate.com/patient,403,application/xml,direct branded domain blocks simple HTTP,verify in browser before merging; candidate identified from direct brand-domain probe
ZERVIATE,cetirizine,"Harrow Eye, LLC",patient,https://www.zerviate.com/patients,403,application/xml,direct branded domain blocks simple HTTP,verify in browser before merging; candidate identified from direct brand-domain probe
ZERVIATE,cetirizine,"Harrow Eye, LLC",patient,https://www.zerviate.com/patient-support,403,application/xml,direct branded domain blocks simple HTTP,verify in browser before merging; candidate identified from direct brand-domain probe
ZERVIATE,cetirizine,"Harrow Eye, LLC",patient,https://www.zerviate.com/savings,403,application/xml,direct branded domain blocks simple HTTP,verify in browser before merging; candidate identified from direct brand-domain probe
Zenpep,"pancrelipase lipase, pancrelipase protease, pancrelipase amylase","Aimmune Therapeutics, Inc.",hcp,https://www.zenpep.com/home-hcp/,403,text/html,direct branded domain blocks simple HTTP,verify in browser before merging; candidate identified from direct brand-domain probe
Zenpep,"pancrelipase lipase, pancrelipase protease, pancrelipase amylase","Aimmune Therapeutics, Inc.",hcp,https://www.zenpep.com/hcp,403,text/html,direct branded domain blocks simple HTTP,verify in browser before merging; candidate identified from direct brand-domain probe
Zenpep,"pancrelipase lipase, pancrelipase protease, pancrelipase amylase","Aimmune Therapeutics, Inc.",hcp,https://www.zenpep.com/home-hcp/,403,text/html,direct branded domain blocks simple HTTP,verify in browser before merging; candidate identified from direct brand-domain probe
Zenpep,"pancrelipase lipase, pancrelipase protease, pancrelipase amylase","Aimmune Therapeutics, Inc.",hcp,https://www.zenpep.com/home-hcp,403,text/html,direct branded domain blocks simple HTTP,verify in browser before merging; candidate identified from direct brand-domain probe
Zenpep,"pancrelipase lipase, pancrelipase protease, pancrelipase amylase","Aimmune Therapeutics, Inc.",patient,https://www.zenpep.com/patient,403,text/html,direct branded domain blocks simple HTTP,verify in browser before merging; candidate identified from direct brand-domain probe
Zenpep,"pancrelipase lipase, pancrelipase protease, pancrelipase amylase","Aimmune Therapeutics, Inc.",patient,https://www.zenpep.com/patients,403,text/html,direct branded domain blocks simple HTTP,verify in browser before merging; candidate identified from direct brand-domain probe
Zenpep,"pancrelipase lipase, pancrelipase protease, pancrelipase amylase","Aimmune Therapeutics, Inc.",hcp,https://www.zenpep.com/healthcare-professionals,403,text/html,direct branded domain blocks simple HTTP,verify in browser before merging; candidate identified from direct brand-domain probe
Zenpep,"pancrelipase lipase, pancrelipase protease, pancrelipase amylase","Aimmune Therapeutics, Inc.",patient,https://www.zenpep.com/,403,text/html,direct branded domain blocks simple HTTP,verify in browser before merging; candidate identified from direct brand-domain probe
Zenpep,"pancrelipase lipase, pancrelipase protease, pancrelipase amylase","Aimmune Therapeutics, Inc.",patient,https://www.zenpep.com/savings,403,text/html,direct branded domain blocks simple HTTP,verify in browser before merging; candidate identified from direct brand-domain probe
Zenpep,"pancrelipase lipase, pancrelipase protease, pancrelipase amylase","Aimmune Therapeutics, Inc.",patient,https://www.zenpep.com/patient-support,403,text/html,direct branded domain blocks simple HTTP,verify in browser before merging; candidate identified from direct brand-domain probe
Zenpep,"pancrelipase lipase, pancrelipase protease, pancrelipase amylase","Aimmune Therapeutics, Inc.",patient,https://www.zenpep.com/,403,text/html,direct branded domain blocks simple HTTP,verify in browser before merging; candidate identified from direct brand-domain probe
Yutrepia,treprostinil,"Liquidia Technologies, Inc.",hcp,https://www.yutrepiahcp.com/,200,text/html,visible brand text; HCP text,verify in browser before merging; candidate identified from direct brand-domain probe
Yutrepia,treprostinil,"Liquidia Technologies, Inc.",patient,https://www.yutrepia.com/,200,text/html,visible brand text; HCP text; patient text,verify in browser before merging; candidate identified from direct brand-domain probe
Yutrepia,treprostinil,"Liquidia Technologies, Inc.",patient,https://yutrepia.com/,200,text/html,visible brand text; HCP text; patient text,verify in browser before merging; candidate identified from direct brand-domain probe
Yutrepia,treprostinil,"Liquidia Technologies, Inc.",hcp,https://yutrepiahcp.com/,200,text/html,visible brand text; HCP text,verify in browser before merging; candidate identified from direct brand-domain probe
ZEVASKYN,prademagene zamikeracel,Abeona Therapeutics Inc.,hcp,https://zevaskynhcp.com/,200,text/html; charset=UTF-8,visible brand text; HCP text; patient text,verify in browser before merging; candidate identified from direct brand-domain probe
ZEVASKYN,prademagene zamikeracel,Abeona Therapeutics Inc.,patient,https://zevaskyn.com/,200,text/html; charset=UTF-8,visible brand text; HCP text; patient text,verify in browser before merging; candidate identified from direct brand-domain probe
ZEVASKYN,prademagene zamikeracel,Abeona Therapeutics Inc.,hcp,https://zevaskynhcp.com/,200,text/html; charset=UTF-8,visible brand text; HCP text; patient text,verify in browser before merging; candidate identified from direct brand-domain probe
ZEVASKYN,prademagene zamikeracel,Abeona Therapeutics Inc.,patient,https://zevaskyn.com/,200,text/html; charset=UTF-8,visible brand text; HCP text; patient text,verify in browser before merging; candidate identified from direct brand-domain probe
ZERBAXA,ceftolozane and tazobactam,Merck Sharp & Dohme LLC,patient,https://www.merckconnect.com/zerbaxa/dosing-administration/,200,text/html; charset=UTF-8,visible brand text; HCP text; patient text,verify in browser before merging; candidate identified from direct brand-domain probe
ZERBAXA,ceftolozane and tazobactam,Merck Sharp & Dohme LLC,patient,https://www.merckconnect.com/zerbaxa/dosing-administration/,200,text/html; charset=UTF-8,visible brand text; HCP text; patient text,verify in browser before merging; candidate identified from direct brand-domain probe
Yasmin,drospirenone and ethinyl estradiol,Bayer HealthCare Pharmaceuticals Inc.,hcp,https://www.bayer.com/hcp,403,text/html,direct branded domain blocks simple HTTP,verify in browser before merging; candidate identified from direct brand-domain probe
Yasmin,drospirenone and ethinyl estradiol,Bayer HealthCare Pharmaceuticals Inc.,hcp,https://www.bayer.com/healthcare-professionals,403,text/html,direct branded domain blocks simple HTTP,verify in browser before merging; candidate identified from direct brand-domain probe
Yasmin,drospirenone and ethinyl estradiol,Bayer HealthCare Pharmaceuticals Inc.,patient,https://www.bayer.com/,403,text/html,direct branded domain blocks simple HTTP,verify in browser before merging; candidate identified from direct brand-domain probe
Yasmin,drospirenone and ethinyl estradiol,Bayer HealthCare Pharmaceuticals Inc.,patient,https://www.bayer.com/patient,403,text/html,direct branded domain blocks simple HTTP,verify in browser before merging; candidate identified from direct brand-domain probe
Yasmin,drospirenone and ethinyl estradiol,Bayer HealthCare Pharmaceuticals Inc.,patient,https://www.bayer.com/patients,403,text/html,direct branded domain blocks simple HTTP,verify in browser before merging; candidate identified from direct brand-domain probe
Yasmin,drospirenone and ethinyl estradiol,Bayer HealthCare Pharmaceuticals Inc.,patient,https://www.bayer.com/patient-support,403,text/html,direct branded domain blocks simple HTTP,verify in browser before merging; candidate identified from direct brand-domain probe
Yasmin,drospirenone and ethinyl estradiol,Bayer HealthCare Pharmaceuticals Inc.,patient,https://www.bayer.com/savings,403,text/html,direct branded domain blocks simple HTTP,verify in browser before merging; candidate identified from direct brand-domain probe
Zevalin,ibritumomab tiuxetan,Acrotech Biopharma Inc,patient,https://zevalin.com/,200,text/html; charset=UTF-8,visible brand text; patient text,verify in browser before merging; candidate identified from direct brand-domain probe
Zevalin,ibritumomab tiuxetan,Acrotech Biopharma Inc,patient,https://zevalin.com/,200,text/html; charset=UTF-8,visible brand text; patient text,verify in browser before merging; candidate identified from direct brand-domain probe
Zevalin,ibritumomab tiuxetan,Acrotech Biopharma Inc,patient,https://zevalin.com/,200,text/html; charset=UTF-8,visible brand text; patient text,verify in browser before merging; candidate identified from direct brand-domain probe
Zevalin,ibritumomab tiuxetan,Acrotech Biopharma Inc,hcp,https://zevalin.com/,200,text/html; charset=UTF-8,visible brand text; patient text,verify in browser before merging; candidate identified from direct brand-domain probe
Zevalin,ibritumomab tiuxetan,Acrotech Biopharma Inc,hcp,https://zevalin.com/,200,text/html; charset=UTF-8,visible brand text; patient text,verify in browser before merging; candidate identified from direct brand-domain probe
Zevalin,ibritumomab tiuxetan,Acrotech Biopharma Inc,patient,https://zevalin.com/,200,text/html; charset=UTF-8,visible brand text; patient text,verify in browser before merging; candidate identified from direct brand-domain probe
Zevalin,ibritumomab tiuxetan,Acrotech Biopharma Inc,patient,https://zevalin.com/,200,text/html; charset=UTF-8,visible brand text; patient text,verify in browser before merging; candidate identified from direct brand-domain probe
Zevalin,ibritumomab tiuxetan,Acrotech Biopharma Inc,patient,https://zevalin.com/,200,text/html; charset=UTF-8,visible brand text; patient text,verify in browser before merging; candidate identified from direct brand-domain probe
ZINPLAVA,bezlotoxumab,Merck Sharp & Dohme LLC,hcp,https://www.merckaccessprogram.com/,200,text/html,HCP text; patient text,verify in browser before merging; candidate identified from direct brand-domain probe
ZINPLAVA,bezlotoxumab,Merck Sharp & Dohme LLC,patient,https://www.merckaccessprogram.com/,200,text/html,HCP text; patient text,verify in browser before merging; candidate identified from direct brand-domain probe
ZINPLAVA,bezlotoxumab,Merck Sharp & Dohme LLC,patient,https://www.merckaccessprogram.com/,200,text/html,HCP text; patient text,verify in browser before merging; candidate identified from direct brand-domain probe
ZINPLAVA,bezlotoxumab,Merck Sharp & Dohme LLC,hcp,https://www.merckaccessprogram.com/,200,text/html,HCP text; patient text,verify in browser before merging; candidate identified from direct brand-domain probe
ZINPLAVA,bezlotoxumab,Merck Sharp & Dohme LLC,patient,https://www.merckaccessprogram.com/,200,text/html,HCP text; patient text,verify in browser before merging; candidate identified from direct brand-domain probe
ZINPLAVA,bezlotoxumab,Merck Sharp & Dohme LLC,patient,https://www.merckaccessprogram.com/,200,text/html,HCP text; patient text,verify in browser before merging; candidate identified from direct brand-domain probe
ZIOPTAN,Tafluprost,Thea Pharma Inc.,patient,https://www.zioptan.com/,200,text/html; charset=UTF-8,visible brand text; HCP text; patient text,verify in browser before merging; candidate identified from direct brand-domain probe
ZIOPTAN,Tafluprost,Thea Pharma Inc.,patient,https://zioptan.com/,200,text/html; charset=UTF-8,visible brand text; HCP text; patient text,verify in browser before merging; candidate identified from direct brand-domain probe
Zybic,Meloxicam,"Redmont Pharmaceuticals, LLC",patient,https://www.brandbucket.com/names/zybic,403,text/html; charset=UTF-8,direct branded domain blocks simple HTTP,verify in browser before merging; candidate identified from direct brand-domain probe
Zybic,Meloxicam,"Redmont Pharmaceuticals, LLC",hcp,https://www.brandbucket.com/names/zybic,403,text/html; charset=UTF-8,direct branded domain blocks simple HTTP,verify in browser before merging; candidate identified from direct brand-domain probe
Zybic,Meloxicam,"Redmont Pharmaceuticals, LLC",hcp,https://www.brandbucket.com/names/zybic,403,text/html; charset=UTF-8,direct branded domain blocks simple HTTP,verify in browser before merging; candidate identified from direct brand-domain probe
Zybic,Meloxicam,"Redmont Pharmaceuticals, LLC",patient,https://www.brandbucket.com/names/zybic,403,text/html; charset=UTF-8,direct branded domain blocks simple HTTP,verify in browser before merging; candidate identified from direct brand-domain probe
Zybic,Meloxicam,"Redmont Pharmaceuticals, LLC",patient,https://www.brandbucket.com/names/zybic,403,text/html; charset=UTF-8,direct branded domain blocks simple HTTP,verify in browser before merging; candidate identified from direct brand-domain probe
Zybic,Meloxicam,"Redmont Pharmaceuticals, LLC",patient,https://www.brandbucket.com/names/zybic,403,text/html; charset=UTF-8,direct branded domain blocks simple HTTP,verify in browser before merging; candidate identified from direct brand-domain probe
Zybic,Meloxicam,"Redmont Pharmaceuticals, LLC",patient,https://www.brandbucket.com/names/zybic,403,text/html; charset=UTF-8,direct branded domain blocks simple HTTP,verify in browser before merging; candidate identified from direct brand-domain probe
Zybic,Meloxicam,"Redmont Pharmaceuticals, LLC",patient,https://www.brandbucket.com/names/zybic,403,text/html; charset=UTF-8,direct branded domain blocks simple HTTP,verify in browser before merging; candidate identified from direct brand-domain probe
ZUNVEYL,benzgalantamine,"Alpha Cognition, Inc.",patient,https://zunveyl.com/,200,text/html; charset=UTF-8,visible brand text; HCP text; patient text,verify in browser before merging; candidate identified from direct brand-domain probe
Zonalon,doxepin hydrochloride,Mylan Pharmaceuticals Inc.,patient,https://zonalon.com/,200,text/html; charset=UTF-8,visible brand text,verify in browser before merging; candidate identified from direct brand-domain probe
Zonalon,doxepin hydrochloride,Mylan Pharmaceuticals Inc.,patient,https://zonalon.com/,200,text/html; charset=UTF-8,visible brand text,verify in browser before merging; candidate identified from direct brand-domain probe
ZOLYMBUS,bimatoprost,Thea Pharma Inc.,patient,https://zolymbus.com/,200,text/html; charset=utf-8,visible brand text; HCP text; patient text,verify in browser before merging; candidate identified from direct brand-domain probe
ZOLYMBUS,bimatoprost,Thea Pharma Inc.,patient,https://zolymbus.com/,200,text/html; charset=utf-8,visible brand text; HCP text; patient text,verify in browser before merging; candidate identified from direct brand-domain probe
ZOLYMBUS,bimatoprost,Thea Pharma Inc.,hcp,https://zolymbus.com/,200,text/html; charset=utf-8,visible brand text; HCP text; patient text,verify in browser before merging; candidate identified from direct brand-domain probe
ZOLYMBUS,bimatoprost,Thea Pharma Inc.,hcp,https://zolymbus.com/,200,text/html; charset=utf-8,visible brand text; HCP text; patient text,verify in browser before merging; candidate identified from direct brand-domain probe
ZOLYMBUS,bimatoprost,Thea Pharma Inc.,patient,https://zolymbus.com/,200,text/html; charset=utf-8,visible brand text; HCP text; patient text,verify in browser before merging; candidate identified from direct brand-domain probe
ZOLYMBUS,bimatoprost,Thea Pharma Inc.,patient,https://zolymbus.com/,200,text/html; charset=utf-8,visible brand text; HCP text; patient text,verify in browser before merging; candidate identified from direct brand-domain probe
ZOLYMBUS,bimatoprost,Thea Pharma Inc.,patient,https://zolymbus.com/,200,text/html; charset=utf-8,visible brand text; HCP text; patient text,verify in browser before merging; candidate identified from direct brand-domain probe
ZOLYMBUS,bimatoprost,Thea Pharma Inc.,patient,https://zolymbus.com/,200,text/html; charset=utf-8,visible brand text; HCP text; patient text,verify in browser before merging; candidate identified from direct brand-domain probe
ZYMFENTRA,infliximab-dyyb,CELLTRION USA Inc.,patient,https://www.zymfentra.com/,200,text/html; charset=UTF-8,visible brand text; HCP text; patient text,verify in browser before merging; candidate identified from direct brand-domain probe
ZYMFENTRA,infliximab-dyyb,CELLTRION USA Inc.,hcp,https://www.zymfentra.com/hcp/,200,text/html; charset=UTF-8,visible brand text; HCP text; patient text,verify in browser before merging; candidate identified from direct brand-domain probe
ZYMFENTRA,infliximab-dyyb,CELLTRION USA Inc.,hcp,https://www.zymfentra.com/hcp/,200,text/html; charset=UTF-8,visible brand text; HCP text; patient text,verify in browser before merging; candidate identified from direct brand-domain probe
ZYMFENTRA,infliximab-dyyb,CELLTRION USA Inc.,patient,https://zymfentra.com/,200,text/html; charset=UTF-8,visible brand text; HCP text; patient text,verify in browser before merging; candidate identified from direct brand-domain probe
ZYMFENTRA,infliximab-dyyb,CELLTRION USA Inc.,hcp,https://www.zymfentra.com/hcp/,200,text/html; charset=UTF-8,visible brand text; HCP text; patient text,verify in browser before merging; candidate identified from direct brand-domain probe
