state,url,source_role,status,content_type,error,raw_path,text_path,text_bytes
Alabama,https://www.medicaid.alabama.gov/content/2.0_Newsroom/2.2_Boards_Committees/2.2.3_BAC_MAC.aspx,linked from https://www.medicaid.alabama.gov/content/4.0_Programs/4.3_Pharmacy-DME/4.3.6_PandT_Committee.aspx,200,text/html; charset=utf-8,,raw/alabama/alabama__2-2-3-bac-mac-aspx__35da3e8eb0.html,text/alabama/alabama__2-2-3-bac-mac-aspx__35da3e8eb0.txt,12103
Alabama,https://www.medicaid.alabama.gov/content/2.0_Newsroom/2.2_Boards_Committees.aspx,linked from https://www.medicaid.alabama.gov/content/4.0_Programs/4.3_Pharmacy-DME/4.3.6_PandT_Committee.aspx,200,text/html; charset=utf-8,,raw/alabama/alabama__2-2-boards-committees-aspx__f1fb270b50.html,text/alabama/alabama__2-2-boards-committees-aspx__f1fb270b50.txt,12177
Alabama,https://www.medicaid.alabama.gov/documents/2.0_Newsroom/2.3_Publications/2.3.2_Annual_Report_Archive/2.3.2_FY23_Annual_Report.pdf,linked from https://www.medicaid.alabama.gov/content/4.0_Programs/4.3_Pharmacy-DME/4.3.6_PandT_Committee.aspx,200,application/pdf,,raw/alabama/alabama__2-3-2-fy23-annual-report-pdf__8104449075.pdf,text/alabama/alabama__2-3-2-fy23-annual-report-pdf__8104449075.txt,27960
Alabama,https://www.medicaid.alabama.gov/content/2.0_Newsroom/2.5_Media_Library.aspx,linked from https://www.medicaid.alabama.gov/content/4.0_Programs/4.3_Pharmacy-DME/4.3.6_PandT_Committee.aspx,200,text/html; charset=utf-8,,raw/alabama/alabama__2-5-media-library-aspx__297b087707.html,text/alabama/alabama__2-5-media-library-aspx__297b087707.txt,10325
Alabama,https://www.medicaid.alabama.gov/content/2.0_Newsroom/2.7_Special_Initiatives/2.7.3_Access.aspx,linked from https://www.medicaid.alabama.gov/content/4.0_Programs/4.3_Pharmacy-DME/4.3.6_PandT_Committee.aspx,200,text/html; charset=utf-8,,raw/alabama/alabama__2-7-3-access-aspx__4aadb9d5c4.html,text/alabama/alabama__2-7-3-access-aspx__4aadb9d5c4.txt,10920
Alabama,https://www.medicaid.alabama.gov/content/2.0_Newsroom/2.9_CMS_Required_Reports/2.9.1_Prior_Authorization_Metrics.aspx,linked from https://www.medicaid.alabama.gov/content/4.0_Programs/4.3_Pharmacy-DME/4.3.6_PandT_Committee.aspx,200,text/html; charset=utf-8,,raw/alabama/alabama__2-9-1-prior-authorization-metrics-aspx__8fe5d4d7b8.html,text/alabama/alabama__2-9-1-prior-authorization-metrics-aspx__8fe5d4d7b8.txt,13539
Alabama,https://www.medicaid.alabama.gov/documents/4.0_Programs/4.1_Covered_Services/4.1_Copayments_Handout_9-23-24.pdf,linked from https://www.medicaid.alabama.gov/content/4.0_Programs/4.3_Pharmacy-DME/4.3.6_PandT_Committee.aspx,,,URLError: <urlopen error _ssl.c:989: The handshake operation timed out>,raw/alabama/alabama__4-1-copayments-handout-9-23-24-pdf__21e43a80bd.error.txt,text/alabama/alabama__4-1-copayments-handout-9-23-24-pdf__21e43a80bd.error.txt,372
Alabama,https://www.medicaid.alabama.gov/documents/4.0_Programs/4.1_Covered_Services/4.1_Medicaid_Non_Covered_Services_Updated_5-21-23.pdf,linked from https://www.medicaid.alabama.gov/content/4.0_Programs/4.3_Pharmacy-DME/4.3.6_PandT_Committee.aspx,200,application/pdf,,raw/alabama/alabama__4-1-medicaid-non-covered-services-updated-5-21-23-pdf__e219e1f319.pdf,text/alabama/alabama__4-1-medicaid-non-covered-services-updated-5-21-23-pdf__e219e1f319.txt,1433
Alabama,https://www.medicaid.alabama.gov/documents/4.0_Programs/4.1_Covered_Services/4.1_Telemedicine_Policy_Updated_5-26-23.pdf,linked from https://www.medicaid.alabama.gov/content/4.0_Programs/4.3_Pharmacy-DME/4.3.6_PandT_Committee.aspx,200,application/pdf,,raw/alabama/alabama__4-1-telemedicine-policy-updated-5-26-23-pdf__b46cf94876.pdf,text/alabama/alabama__4-1-telemedicine-policy-updated-5-26-23-pdf__b46cf94876.txt,22023
Alabama,https://www.medicaid.alabama.gov/content/4.0_Programs/4.3_Pharmacy-DME/4.3.1_AAC.aspx,linked from https://www.medicaid.alabama.gov/content/4.0_Programs/4.3_Pharmacy-DME/4.3.6_PandT_Committee.aspx,200,text/html; charset=utf-8,,raw/alabama/alabama__4-3-1-aac-aspx__edd13594c2.html,text/alabama/alabama__4-3-1-aac-aspx__edd13594c2.txt,11329
Alabama,https://www.medicaid.alabama.gov/content/4.0_Programs/4.3_Pharmacy-DME/4.3.10_Synagis.aspx,linked from https://www.medicaid.alabama.gov/content/4.0_Programs/4.3_Pharmacy-DME/4.3.6_PandT_Committee.aspx,200,text/html; charset=utf-8,,raw/alabama/alabama__4-3-10-synagis-aspx__09b63af58f.html,text/alabama/alabama__4-3-10-synagis-aspx__09b63af58f.txt,10774
Alabama,https://www.medicaid.alabama.gov/content/4.0_Programs/4.3_Pharmacy-DME/4.3.12_DME.aspx,linked from https://www.medicaid.alabama.gov/content/4.0_Programs/4.3_Pharmacy-DME/4.3.6_PandT_Committee.aspx,200,text/html; charset=utf-8,,raw/alabama/alabama__4-3-12-dme-aspx__d9fccaf44f.html,text/alabama/alabama__4-3-12-dme-aspx__d9fccaf44f.txt,15101
Alabama,https://www.medicaid.alabama.gov/content/4.0_Programs/4.3_Pharmacy-DME/4.3.18_340B_Program.aspx,linked from https://www.medicaid.alabama.gov/content/4.0_Programs/4.3_Pharmacy-DME/4.3.6_PandT_Committee.aspx,200,text/html; charset=utf-8,,raw/alabama/alabama__4-3-18-340b-program-aspx__a3cdc5be63.html,text/alabama/alabama__4-3-18-340b-program-aspx__a3cdc5be63.txt,12429
Alabama,https://www.medicaid.alabama.gov/content/4.0_Programs/4.3_Pharmacy-DME/4.3.2_Billing_Policy_Info.aspx,linked from https://www.medicaid.alabama.gov/content/4.0_Programs/4.3_Pharmacy-DME/4.3.6_PandT_Committee.aspx,,,URLError: <urlopen error _ssl.c:989: The handshake operation timed out>,raw/alabama/alabama__4-3-2-billing-policy-info-aspx__ca9c6eeb70.error.txt,text/alabama/alabama__4-3-2-billing-policy-info-aspx__ca9c6eeb70.error.txt,362
Alabama,https://www.medicaid.alabama.gov/content/4.0_Programs/4.3_Pharmacy-DME/4.3.3_DUR_Board.aspx,linked from https://www.medicaid.alabama.gov/content/4.0_Programs/4.3_Pharmacy-DME/4.3.6_PandT_Committee.aspx,,,URLError: <urlopen error _ssl.c:989: The handshake operation timed out>,raw/alabama/alabama__4-3-3-dur-board-aspx__12d44fa1bf.error.txt,text/alabama/alabama__4-3-3-dur-board-aspx__12d44fa1bf.error.txt,352
Alabama,https://www.medicaid.alabama.gov/content/4.0_Programs/4.3_Pharmacy-DME/4.3.4_Hemophilia.aspx,linked from https://www.medicaid.alabama.gov/content/4.0_Programs/4.3_Pharmacy-DME/4.3.6_PandT_Committee.aspx,,,URLError: <urlopen error _ssl.c:989: The handshake operation timed out>,raw/alabama/alabama__4-3-4-hemophilia-aspx__5df7554351.error.txt,text/alabama/alabama__4-3-4-hemophilia-aspx__5df7554351.error.txt,353
Alabama,https://medicaid.alabama.gov/content/4.0_Programs/4.3_Pharmacy-DME/4.3.6_PandT_Committee/4.3.6.1_PnT_Meetings.aspx,seed,,,URLError: <urlopen error _ssl.c:989: The handshake operation timed out>,raw/alabama/alabama__4-3-6-1-pnt-meetings-aspx__79beff784d.error.txt,text/alabama/alabama__4-3-6-1-pnt-meetings-aspx__79beff784d.error.txt,270
Alabama,https://medicaid.alabama.gov/documents/4.0_Programs/4.3_Pharmacy-DME/4.3.6_PandT_Committee/4.3.6_2025_P%26T_Meeting_Dates_3-28-24.pdf,seed,,,URLError: <urlopen error _ssl.c:989: The handshake operation timed out>,raw/alabama/alabama__4-3-6-2025-p-t-meeting-dates-3-28-24-pdf__f62b25e7b0.error.txt,text/alabama/alabama__4-3-6-2025-p-t-meeting-dates-3-28-24-pdf__f62b25e7b0.error.txt,289
Alabama,https://medicaid.alabama.gov/documents/4.0_Programs/4.3_Pharmacy-DME/4.3.6_PandT_Committee/4.3.6_2026_P%26T_Meeting_Dates_Updated_8-29-25.pdf,seed,,,URLError: <urlopen error [SSL: CERTIFICATE_VERIFY_FAILED] certificate verify failed: unable to get local issuer certificate (_ssl.c:1006)>,raw/alabama/alabama__4-3-6-2026-p-t-meeting-dates-updated-8-29-25-pdf__761fe2e42a.error.txt,text/alabama/alabama__4-3-6-2026-p-t-meeting-dates-updated-8-29-25-pdf__761fe2e42a.error.txt,364
Alabama,https://medicaid.alabama.gov/documents/4.0_Programs/4.3_Pharmacy-DME/4.3.6_PandT_Committee/4.3.6_2026_P%26T_Meeting_Dates_Updated_8-29-25.pdf,seed,200,application/pdf,,raw/alabama/alabama__4-3-6-2026-p-t-meeting-dates-updated-8-29-25-pdf__761fe2e42a.error.txt,text/alabama/alabama__4-3-6-2026-p-t-meeting-dates-updated-8-29-25-pdf__761fe2e42a.txt,610
Alabama,https://www.medicaid.alabama.gov/content/4.0_Programs/4.3_Pharmacy-DME/4.3.6_PandT_Committee.aspx,seed,,,URLError: <urlopen error [SSL: CERTIFICATE_VERIFY_FAILED] certificate verify failed: unable to get local issuer certificate (_ssl.c:1006)>,raw/alabama/alabama__4-3-6-pandt-committee-aspx__f96e127e2d.error.txt,text/alabama/alabama__4-3-6-pandt-committee-aspx__f96e127e2d.error.txt,320
Alabama,https://www.medicaid.alabama.gov/content/4.0_Programs/4.3_Pharmacy-DME/4.3.6_PandT_Committee.aspx,seed,200,text/html; charset=utf-8,,raw/alabama/alabama__4-3-6-pandt-committee-aspx__f96e127e2d.error.txt,text/alabama/alabama__4-3-6-pandt-committee-aspx__f96e127e2d.txt,12094
Alabama,https://medicaid.alabama.gov/content/4.0_programs/4.3_Pharmacy-DME/4.3.7_Preferred_Drug_List.aspx,seed,,,URLError: <urlopen error [SSL: CERTIFICATE_VERIFY_FAILED] certificate verify failed: unable to get local issuer certificate (_ssl.c:1006)>,raw/alabama/alabama__4-3-7-preferred-drug-list-aspx__50caac8b80.error.txt,text/alabama/alabama__4-3-7-preferred-drug-list-aspx__50caac8b80.error.txt,320
Alabama,https://medicaid.alabama.gov/content/4.0_programs/4.3_Pharmacy-DME/4.3.7_Preferred_Drug_List.aspx,seed,200,text/html; charset=utf-8,,raw/alabama/alabama__4-3-7-preferred-drug-list-aspx__50caac8b80.error.txt,text/alabama/alabama__4-3-7-preferred-drug-list-aspx__50caac8b80.txt,10760
Alabama,https://www.medicaid.alabama.gov/content/4.0_Programs/4.3_Pharmacy-DME/4.3.8_Rx_Limits.aspx,linked from https://www.medicaid.alabama.gov/content/4.0_Programs/4.3_Pharmacy-DME/4.3.6_PandT_Committee.aspx,200,text/html; charset=utf-8,,raw/alabama/alabama__4-3-8-rx-limits-aspx__67a3ef58b7.html,text/alabama/alabama__4-3-8-rx-limits-aspx__67a3ef58b7.txt,11255
Alabama,https://www.medicaid.alabama.gov/content/4.0_Programs/4.3_Pharmacy-DME.aspx,linked from https://www.medicaid.alabama.gov/content/4.0_Programs/4.3_Pharmacy-DME/4.3.6_PandT_Committee.aspx,,,URLError: <urlopen error _ssl.c:989: The handshake operation timed out>,raw/alabama/alabama__4-3-pharmacy-dme-aspx__2039d491f3.error.txt,text/alabama/alabama__4-3-pharmacy-dme-aspx__2039d491f3.error.txt,336
Alabama,https://www.medicaid.alabama.gov/content/7.0_Providers/7.1_Third_Party/7.1.5_Update_Insurance_Info.aspx,linked from https://www.medicaid.alabama.gov/content/4.0_Programs/4.3_Pharmacy-DME/4.3.6_PandT_Committee.aspx,200,text/html; charset=utf-8,,raw/alabama/alabama__7-1-5-update-insurance-info-aspx__190d5683e0.html,text/alabama/alabama__7-1-5-update-insurance-info-aspx__190d5683e0.txt,11513
Alabama,https://www.medicaid.alabama.gov/content/7.0_Providers/7.2_Checkwrite_Schedules.aspx,linked from https://www.medicaid.alabama.gov/content/4.0_Programs/4.3_Pharmacy-DME/4.3.6_PandT_Committee.aspx,200,text/html; charset=utf-8,,raw/alabama/alabama__7-2-checkwrite-schedules-aspx__c19b622037.html,text/alabama/alabama__7-2-checkwrite-schedules-aspx__c19b622037.txt,14420
Alabama,https://www.medicaid.alabama.gov/content/Gated/7.3G_Fee_Schedules.aspx,linked from https://www.medicaid.alabama.gov/content/4.0_Programs/4.3_Pharmacy-DME/4.3.6_PandT_Committee.aspx,,,URLError: <urlopen error _ssl.c:989: The handshake operation timed out>,raw/alabama/alabama__7-3g-fee-schedules-aspx__9e500420b1.error.txt,text/alabama/alabama__7-3g-fee-schedules-aspx__9e500420b1.error.txt,331
Alabama,https://www.medicaid.alabama.gov/content/7.0_Providers/7.5_Provider_News.aspx,linked from https://www.medicaid.alabama.gov/content/4.0_Programs/4.3_Pharmacy-DME/4.3.6_PandT_Committee.aspx,200,text/html; charset=utf-8,,raw/alabama/alabama__7-5-provider-news-aspx__43bd7b1270.html,text/alabama/alabama__7-5-provider-news-aspx__43bd7b1270.txt,13142
Alabama,https://www.medicaid.alabama.gov/content/7.0_Providers/7.7_Prior_Authorization.aspx,linked from https://www.medicaid.alabama.gov/content/4.0_Programs/4.3_Pharmacy-DME/4.3.6_PandT_Committee.aspx,200,text/html; charset=utf-8,,raw/alabama/alabama__7-7-prior-authorization-aspx__4faf5e34e1.html,text/alabama/alabama__7-7-prior-authorization-aspx__4faf5e34e1.txt,10965
Alabama,https://www.medicaid.alabama.gov/content/9.0_Resources/9.4_Forms_Library/9.4.13_Pharmacy_Forms.aspx,linked from https://www.medicaid.alabama.gov/content/4.0_Programs/4.3_Pharmacy-DME/4.3.6_PandT_Committee.aspx,,,URLError: <urlopen error _ssl.c:989: The handshake operation timed out>,raw/alabama/alabama__9-4-13-pharmacy-forms-aspx__f49907f813.error.txt,text/alabama/alabama__9-4-13-pharmacy-forms-aspx__f49907f813.error.txt,360
Alabama,https://www.medicaid.alabama.gov/content/9.0_Resources/9.4_Forms_Library/9.4.14_Prior_Auth_Forms.aspx,linked from https://www.medicaid.alabama.gov/content/4.0_Programs/4.3_Pharmacy-DME/4.3.6_PandT_Committee.aspx,,,URLError: <urlopen error _ssl.c:989: The handshake operation timed out>,raw/alabama/alabama__9-4-14-prior-auth-forms-aspx__e3daced7bd.error.txt,text/alabama/alabama__9-4-14-prior-auth-forms-aspx__e3daced7bd.error.txt,362
Alabama,https://www.medicaid.alabama.gov/Subscribe.aspx,linked from https://www.medicaid.alabama.gov/content/4.0_Programs/4.3_Pharmacy-DME/4.3.6_PandT_Committee.aspx,200,text/html; charset=utf-8,,raw/alabama/alabama__subscribe-aspx__bd3fd81180.html,text/alabama/alabama__subscribe-aspx__bd3fd81180.txt,10882
Alaska,https://health.alaska.gov/media/vlll1nkh/ak-medicaid-p-and-t_09-19-25_notice.pdf,linked from https://health.alaska.gov/en/education/pdl-preferred-drug-list/,200,application/pdf,,raw/alaska/alaska__ak-medicaid-p-and-t-09-19-25-notice-pdf__b5df32f3c0.pdf,text/alaska/alaska__ak-medicaid-p-and-t-09-19-25-notice-pdf__b5df32f3c0.txt,4085
Alaska,https://health.alaska.gov/media/cd2phz1a/ak-medicaid-pt-january-2026-notice.pdf,linked from https://health.alaska.gov/en/education/pdl-preferred-drug-list/,200,application/pdf,,raw/alaska/alaska__ak-medicaid-pt-january-2026-notice-pdf__714c4d2351.pdf,text/alaska/alaska__ak-medicaid-pt-january-2026-notice-pdf__714c4d2351.txt,4116
Alaska,https://health.alaska.gov/media/zesieq4b/ak-pt-agenda-april-2026.pdf,linked from https://health.alaska.gov/en/education/pdl-preferred-drug-list/,200,application/pdf,,raw/alaska/alaska__ak-pt-agenda-april-2026-pdf__698a29573f.pdf,text/alaska/alaska__ak-pt-agenda-april-2026-pdf__698a29573f.txt,2600
Alaska,https://health.alaska.gov/media/4g0mnkr4/ak-pt-april-notice.pdf,linked from https://health.alaska.gov/en/education/pdl-preferred-drug-list/,200,application/pdf,,raw/alaska/alaska__ak-pt-april-notice-pdf__22334751aa.pdf,text/alaska/alaska__ak-pt-april-notice-pdf__22334751aa.txt,4074
Alaska,https://health.alaska.gov/media/1wkfmvbb/ak_submission_request_form_for_pharmaceutical_manufacturers.pdf,linked from https://health.alaska.gov/en/division-of-health-care-services/medicaid-pharmacy-and-therapeutics/,200,application/pdf,,raw/alaska/alaska__ak-submission-request-form-for-pharmaceutical-manufacturers-pdf__0507d82efb.pdf,text/alaska/alaska__ak-submission-request-form-for-pharmaceutical-manufacturers-pdf__0507d82efb.txt,3657
Alaska,https://health.alaska.gov/en/office-of-the-commissioner/alaska-mental-health-board/,linked from https://health.alaska.gov/en/division-of-health-care-services/medicaid-pharmacy-and-therapeutics/,200,text/html; charset=utf-8,,raw/alaska/alaska__alaska-mental-health-board__64842c5677.html,text/alaska/alaska__alaska-mental-health-board__64842c5677.txt,6634
Alaska,https://health.alaska.gov/en/division-of-behavioral-health/alcoholism-and-drug-abuse-board/,linked from https://health.alaska.gov/en/division-of-health-care-services/medicaid-pharmacy-and-therapeutics/,200,text/html; charset=utf-8,,raw/alaska/alaska__alcoholism-and-drug-abuse-board__e6b424abb9.html,text/alaska/alaska__alcoholism-and-drug-abuse-board__e6b424abb9.txt,6808
Alaska,https://health.alaska.gov/media/1qwjgbuh/copy-of-pdl_effective-date_20250601_pre_approval.pdf,linked from https://health.alaska.gov/en/education/pdl-preferred-drug-list/,200,application/pdf,,raw/alaska/alaska__copy-of-pdl-effective-date-20250601-pre-approval-pdf__f988db035e.pdf,text/alaska/alaska__copy-of-pdl-effective-date-20250601-pre-approval-pdf__f988db035e.txt,576592
Alaska,https://health.alaska.gov/media/ncvo2cpp/copy-of-pdl_effective-date_20260301v12.pdf,linked from https://health.alaska.gov/en/education/pdl-preferred-drug-list/,200,application/pdf,,raw/alaska/alaska__copy-of-pdl-effective-date-20260301v12-pdf__2d9edf554d.pdf,text/alaska/alaska__copy-of-pdl-effective-date-20260301v12-pdf__2d9edf554d.txt,638347
Alaska,https://health.alaska.gov/en/resources/health-care-services-pharmacy-and-therapeutics-committee/,linked from https://health.alaska.gov/en/division-of-health-care-services/medicaid-pharmacy-and-therapeutics/,200,text/html; charset=utf-8,,raw/alaska/alaska__health-care-services-pharmacy-and-therapeutics-committee__08777c6891.html,text/alaska/alaska__health-care-services-pharmacy-and-therapeutics-committee__08777c6891.txt,5687
Alaska,https://health.alaska.gov/en/division-of-health-care-services/medicaid-drug-utilization-review/,linked from https://health.alaska.gov/en/division-of-health-care-services/medicaid-pharmacy-and-therapeutics/,200,text/html; charset=utf-8,,raw/alaska/alaska__medicaid-drug-utilization-review__cea0600074.html,text/alaska/alaska__medicaid-drug-utilization-review__cea0600074.txt,11512
Alaska,https://health.alaska.gov/media/kmfbjuow/medicaid-p-and-t-11-21-25-notice.pdf,linked from https://health.alaska.gov/en/education/pdl-preferred-drug-list/,200,application/pdf,,raw/alaska/alaska__medicaid-p-and-t-11-21-25-notice-pdf__37c0f9c916.pdf,text/alaska/alaska__medicaid-p-and-t-11-21-25-notice-pdf__37c0f9c916.txt,4163
Alaska,https://health.alaska.gov/en/division-of-health-care-services/medicaid-pharmacy-and-therapeutics/,seed,200,text/html; charset=utf-8,,raw/alaska/alaska__medicaid-pharmacy-and-therapeutics__3042c29163.html,text/alaska/alaska__medicaid-pharmacy-and-therapeutics__3042c29163.txt,6831
Alaska,https://health.alaska.gov/en/services/division-of-public-assistance-dpa-services/apply-for-medicaid/medicaid-prescription-drug-coverage/,linked from https://health.alaska.gov/en/division-of-health-care-services/medicaid-pharmacy-and-therapeutics/,200,text/html; charset=utf-8,,raw/alaska/alaska__medicaid-prescription-drug-coverage__d103651d8b.html,text/alaska/alaska__medicaid-prescription-drug-coverage__d103651d8b.txt,6112
Alaska,https://health.alaska.gov/media/dpgbhi1s/pdl_effective-date_20230102.pdf,linked from https://health.alaska.gov/en/education/pdl-preferred-drug-list/,200,application/pdf,,raw/alaska/alaska__pdl-effective-date-20230102-pdf__825a7000da.pdf,text/alaska/alaska__pdl-effective-date-20230102-pdf__825a7000da.txt,554443
Alaska,https://health.alaska.gov/media/bd2lchg0/pdl_effective-date_20230301.pdf,linked from https://health.alaska.gov/en/education/pdl-preferred-drug-list/,200,application/pdf,,raw/alaska/alaska__pdl-effective-date-20230301-pdf__af39003d0d.pdf,text/alaska/alaska__pdl-effective-date-20230301-pdf__af39003d0d.txt,556150
Alaska,https://health.alaska.gov/media/m2sndojf/pdl_effective-date_20230601.pdf,linked from https://health.alaska.gov/en/education/pdl-preferred-drug-list/,200,application/pdf,,raw/alaska/alaska__pdl-effective-date-20230601-pdf__6a2c59d8bb.pdf,text/alaska/alaska__pdl-effective-date-20230601-pdf__6a2c59d8bb.txt,544129
Alaska,https://health.alaska.gov/media/yarnswn1/pdl_effective-date_20231101.pdf,linked from https://health.alaska.gov/en/education/pdl-preferred-drug-list/,200,application/pdf,,raw/alaska/alaska__pdl-effective-date-20231101-pdf__b0b26a9e37.pdf,text/alaska/alaska__pdl-effective-date-20231101-pdf__b0b26a9e37.txt,557583
Alaska,https://health.alaska.gov/media/skzfskfk/pdl_effective-date_20240101.pdf,linked from https://health.alaska.gov/en/education/pdl-preferred-drug-list/,200,application/pdf,,raw/alaska/alaska__pdl-effective-date-20240101-pdf__cb915370ad.pdf,text/alaska/alaska__pdl-effective-date-20240101-pdf__cb915370ad.txt,556479
Alaska,https://health.alaska.gov/media/w3ida4ar/pdl_effective-date_20240301.pdf,linked from https://health.alaska.gov/en/education/pdl-preferred-drug-list/,200,application/pdf,,raw/alaska/alaska__pdl-effective-date-20240301-pdf__b5d8dcb1dc.pdf,text/alaska/alaska__pdl-effective-date-20240301-pdf__b5d8dcb1dc.txt,553942
Alaska,https://health.alaska.gov/media/uj1mue5f/pdl_effective-date_20250101v11.pdf,linked from https://health.alaska.gov/en/education/pdl-preferred-drug-list/,200,application/pdf,,raw/alaska/alaska__pdl-effective-date-20250101v11-pdf__899efa2c19.pdf,text/alaska/alaska__pdl-effective-date-20250101v11-pdf__899efa2c19.txt,553835
Alaska,https://health.alaska.gov/media/f2zmph44/pdl_effective-date_20250301.pdf,linked from https://health.alaska.gov/en/education/pdl-preferred-drug-list/,200,application/pdf,,raw/alaska/alaska__pdl-effective-date-20250301-pdf__1ebc2d79a5.pdf,text/alaska/alaska__pdl-effective-date-20250301-pdf__1ebc2d79a5.txt,560978
Alaska,https://health.alaska.gov/media/aoobedp5/pdl_effective-date_20251101.pdf,linked from https://health.alaska.gov/en/education/pdl-preferred-drug-list/,200,application/pdf,,raw/alaska/alaska__pdl-effective-date-20251101-pdf__fb2fb6dae7.pdf,text/alaska/alaska__pdl-effective-date-20251101-pdf__fb2fb6dae7.txt,594983
Alaska,https://health.alaska.gov/media/hsgpdzjp/pdl_effective-date_20260101.pdf,linked from https://health.alaska.gov/en/education/pdl-preferred-drug-list/,200,application/pdf,,raw/alaska/alaska__pdl-effective-date-20260101-pdf__da25feac61.pdf,text/alaska/alaska__pdl-effective-date-20260101-pdf__da25feac61.txt,626900
Alaska,https://health.alaska.gov/media/yaon3cxf/pdl-effective-date_20260301v11.pdf,linked from https://health.alaska.gov/en/education/pdl-preferred-drug-list/,200,application/pdf,,raw/alaska/alaska__pdl-effective-date-20260301v11-pdf__4044c736a1.pdf,text/alaska/alaska__pdl-effective-date-20260301v11-pdf__4044c736a1.txt,638355
Alaska,https://health.alaska.gov/media/dq0ohdan/pdl_effective-date_20260601.pdf,linked from https://health.alaska.gov/en/education/pdl-preferred-drug-list/,200,application/pdf,,raw/alaska/alaska__pdl-effective-date-20260601-pdf__24c7193388.pdf,text/alaska/alaska__pdl-effective-date-20260601-pdf__24c7193388.txt,695660
Alaska,https://health.alaska.gov/media/5sskymcd/pdl-legend.pdf,linked from https://health.alaska.gov/en/education/pdl-preferred-drug-list/,200,application/pdf,,raw/alaska/alaska__pdl-legend-pdf__3b663da2a1.pdf,text/alaska/alaska__pdl-legend-pdf__3b663da2a1.txt,2618
Alaska,https://health.alaska.gov/en/education/pdl-preferred-drug-list/,seed,200,text/html; charset=utf-8,,raw/alaska/alaska__pdl-preferred-drug-list__08bf095aac.html,text/alaska/alaska__pdl-preferred-drug-list__08bf095aac.txt,9313
Alaska,https://health.alaska.gov/media/kf1hkdix/pdl_rev_20220601.pdf,linked from https://health.alaska.gov/en/education/pdl-preferred-drug-list/,200,application/pdf,,raw/alaska/alaska__pdl-rev-20220601-pdf__d070feded0.pdf,text/alaska/alaska__pdl-rev-20220601-pdf__d070feded0.txt,531198
Alaska,https://health.alaska.gov/media/xgjftjkw/pdl_rev_20221101.pdf,linked from https://health.alaska.gov/en/education/pdl-preferred-drug-list/,200,application/pdf,,raw/alaska/alaska__pdl-rev-20221101-pdf__cba82c1ee6.pdf,text/alaska/alaska__pdl-rev-20221101-pdf__cba82c1ee6.txt,550041
Alaska,https://health.alaska.gov/media/5otdlhyu/pnt_agenda_20220916.pdf,linked from https://health.alaska.gov/en/education/pdl-preferred-drug-list/,200,application/pdf,,raw/alaska/alaska__pnt-agenda-20220916-pdf__057b753c26.pdf,text/alaska/alaska__pnt-agenda-20220916-pdf__057b753c26.txt,2925
Alaska,https://health.alaska.gov/media/t3cgrkzj/pnt_agenda_20221118.pdf,linked from https://health.alaska.gov/en/education/pdl-preferred-drug-list/,200,application/pdf,,raw/alaska/alaska__pnt-agenda-20221118-pdf__26a5f7de71.pdf,text/alaska/alaska__pnt-agenda-20221118-pdf__26a5f7de71.txt,2521
Alaska,https://health.alaska.gov/media/il0h4t03/pnt_agenda_20230120.pdf,linked from https://health.alaska.gov/en/education/pdl-preferred-drug-list/,200,application/pdf,,raw/alaska/alaska__pnt-agenda-20230120-pdf__14e087f931.pdf,text/alaska/alaska__pnt-agenda-20230120-pdf__14e087f931.txt,2763
Alaska,https://health.alaska.gov/media/bsrdiljr/pnt_agenda_20230421.pdf,linked from https://health.alaska.gov/en/education/pdl-preferred-drug-list/,200,application/pdf,,raw/alaska/alaska__pnt-agenda-20230421-pdf__063397beb1.pdf,text/alaska/alaska__pnt-agenda-20230421-pdf__063397beb1.txt,2608
Alaska,https://health.alaska.gov/media/s54hrpwu/pnt_agenda_20230915.pdf,linked from https://health.alaska.gov/en/education/pdl-preferred-drug-list/,200,application/pdf,,raw/alaska/alaska__pnt-agenda-20230915-pdf__be95b41d85.pdf,text/alaska/alaska__pnt-agenda-20230915-pdf__be95b41d85.txt,2813
Alaska,https://health.alaska.gov/media/tjpic1qv/pnt_agenda_20231117.pdf,linked from https://health.alaska.gov/en/education/pdl-preferred-drug-list/,200,application/pdf,,raw/alaska/alaska__pnt-agenda-20231117-pdf__17eb8a9891.pdf,text/alaska/alaska__pnt-agenda-20231117-pdf__17eb8a9891.txt,2901
Alaska,https://health.alaska.gov/media/uj3h0mrv/pnt_agenda_20240119.pdf,linked from https://health.alaska.gov/en/education/pdl-preferred-drug-list/,200,application/pdf,,raw/alaska/alaska__pnt-agenda-20240119-pdf__094bab573b.pdf,text/alaska/alaska__pnt-agenda-20240119-pdf__094bab573b.txt,2787
Alaska,https://health.alaska.gov/media/g4udwzaa/pnt_agenda_20240419.pdf,linked from https://health.alaska.gov/en/education/pdl-preferred-drug-list/,200,application/pdf,,raw/alaska/alaska__pnt-agenda-20240419-pdf__6f5c762789.pdf,text/alaska/alaska__pnt-agenda-20240419-pdf__6f5c762789.txt,2981
Alaska,https://health.alaska.gov/media/jpzbcamm/pnt-agenda-20240920.pdf,linked from https://health.alaska.gov/en/education/pdl-preferred-drug-list/,200,application/pdf,,raw/alaska/alaska__pnt-agenda-20240920-pdf__609c0ed4e2.pdf,text/alaska/alaska__pnt-agenda-20240920-pdf__609c0ed4e2.txt,2529
Alaska,https://health.alaska.gov/media/hrijqbar/pnt-agenda-20241115.pdf,linked from https://health.alaska.gov/en/education/pdl-preferred-drug-list/,200,application/pdf,,raw/alaska/alaska__pnt-agenda-20241115-pdf__4ef6a7b85b.pdf,text/alaska/alaska__pnt-agenda-20241115-pdf__4ef6a7b85b.txt,2509
Alaska,https://health.alaska.gov/media/coxkudsq/pnt-agenda-20250117.pdf,linked from https://health.alaska.gov/en/education/pdl-preferred-drug-list/,200,application/pdf,,raw/alaska/alaska__pnt-agenda-20250117-pdf__4a6f5b88ee.pdf,text/alaska/alaska__pnt-agenda-20250117-pdf__4a6f5b88ee.txt,2653
Alaska,https://health.alaska.gov/media/g0whwjfn/pnt_agenda_20250418.pdf,linked from https://health.alaska.gov/en/education/pdl-preferred-drug-list/,200,application/pdf,,raw/alaska/alaska__pnt-agenda-20250418-pdf__eeaaede36d.pdf,text/alaska/alaska__pnt-agenda-20250418-pdf__eeaaede36d.txt,2621
Alaska,https://health.alaska.gov/media/dhljwgh0/pnt-agenda-nov-2025.pdf,linked from https://health.alaska.gov/en/education/pdl-preferred-drug-list/,200,application/pdf,,raw/alaska/alaska__pnt-agenda-nov-2025-pdf__9ebc5130aa.pdf,text/alaska/alaska__pnt-agenda-nov-2025-pdf__9ebc5130aa.txt,2639
Alaska,https://health.alaska.gov/media/0cverxgh/pnt_agenda_sept2025.pdf,linked from https://health.alaska.gov/en/education/pdl-preferred-drug-list/,200,application/pdf,,raw/alaska/alaska__pnt-agenda-sept2025-pdf__7dd3edfa70.pdf,text/alaska/alaska__pnt-agenda-sept2025-pdf__7dd3edfa70.txt,2720
Alaska,https://health.alaska.gov/media/5qqi5amp/pnt-committee-schedule-sfy2023.pdf,linked from https://health.alaska.gov/en/division-of-health-care-services/medicaid-pharmacy-and-therapeutics/,200,application/pdf,,raw/alaska/alaska__pnt-committee-schedule-sfy2023-pdf__674d7a4a33.pdf,text/alaska/alaska__pnt-committee-schedule-sfy2023-pdf__674d7a4a33.txt,3893
Alaska,https://health.alaska.gov/media/cgmjycg1/pnt-committee-schedule-sfy2024.pdf,linked from https://health.alaska.gov/en/division-of-health-care-services/medicaid-pharmacy-and-therapeutics/,200,application/pdf,,raw/alaska/alaska__pnt-committee-schedule-sfy2024-pdf__c9bbae951e.pdf,text/alaska/alaska__pnt-committee-schedule-sfy2024-pdf__c9bbae951e.txt,3914
Alaska,https://health.alaska.gov/media/y0wdqqim/pnt-committee-schedule-sfy2025.pdf,linked from https://health.alaska.gov/en/division-of-health-care-services/medicaid-pharmacy-and-therapeutics/,200,application/pdf,,raw/alaska/alaska__pnt-committee-schedule-sfy2025-pdf__a686f49b1f.pdf,text/alaska/alaska__pnt-committee-schedule-sfy2025-pdf__a686f49b1f.txt,3761
Alaska,https://health.alaska.gov/media/cmqdkigu/pnt_minutes_20220916.pdf,linked from https://health.alaska.gov/en/education/pdl-preferred-drug-list/,200,application/pdf,,raw/alaska/alaska__pnt-minutes-20220916-pdf__b741de66a9.pdf,text/alaska/alaska__pnt-minutes-20220916-pdf__b741de66a9.txt,59595
Alaska,https://health.alaska.gov/media/ipoawq1l/pnt_minutes_20221118.pdf,linked from https://health.alaska.gov/en/education/pdl-preferred-drug-list/,200,application/pdf,,raw/alaska/alaska__pnt-minutes-20221118-pdf__71010aab72.pdf,text/alaska/alaska__pnt-minutes-20221118-pdf__71010aab72.txt,87129
Alaska,https://health.alaska.gov/media/kmqowark/pnt_minutes_20230120.pdf,linked from https://health.alaska.gov/en/education/pdl-preferred-drug-list/,200,application/pdf,,raw/alaska/alaska__pnt-minutes-20230120-pdf__cf94315e6f.pdf,text/alaska/alaska__pnt-minutes-20230120-pdf__cf94315e6f.txt,54006
Alaska,https://health.alaska.gov/media/ppkjembp/pnt_minutes_20230421.pdf,linked from https://health.alaska.gov/en/education/pdl-preferred-drug-list/,200,application/pdf,,raw/alaska/alaska__pnt-minutes-20230421-pdf__9cfc02d674.pdf,text/alaska/alaska__pnt-minutes-20230421-pdf__9cfc02d674.txt,62436
Alaska,https://health.alaska.gov/media/c5gfugl4/pnt_minutes_20230915.pdf,linked from https://health.alaska.gov/en/education/pdl-preferred-drug-list/,200,application/pdf,,raw/alaska/alaska__pnt-minutes-20230915-pdf__8814a6016b.pdf,text/alaska/alaska__pnt-minutes-20230915-pdf__8814a6016b.txt,62614
Alaska,https://health.alaska.gov/media/lcqls2cb/pnt_minutes_20231117.pdf,linked from https://health.alaska.gov/en/education/pdl-preferred-drug-list/,200,application/pdf,,raw/alaska/alaska__pnt-minutes-20231117-pdf__c2e266b8b4.pdf,text/alaska/alaska__pnt-minutes-20231117-pdf__c2e266b8b4.txt,96746
Alaska,https://health.alaska.gov/media/zbbf3ot1/pnt_minutes_20240119.pdf,linked from https://health.alaska.gov/en/education/pdl-preferred-drug-list/,200,application/pdf,,raw/alaska/alaska__pnt-minutes-20240119-pdf__bc93bb2727.pdf,text/alaska/alaska__pnt-minutes-20240119-pdf__bc93bb2727.txt,53162
Alaska,https://health.alaska.gov/media/lgsflagy/pnt_minutes_20240419.pdf,linked from https://health.alaska.gov/en/education/pdl-preferred-drug-list/,200,application/pdf,,raw/alaska/alaska__pnt-minutes-20240419-pdf__b3c29f122e.pdf,text/alaska/alaska__pnt-minutes-20240419-pdf__b3c29f122e.txt,25609
Alaska,https://health.alaska.gov/media/oalcerdb/pnt_notice_20220916.pdf,linked from https://health.alaska.gov/en/education/pdl-preferred-drug-list/,200,application/pdf,,raw/alaska/alaska__pnt-notice-20220916-pdf__04ce21e13c.pdf,text/alaska/alaska__pnt-notice-20220916-pdf__04ce21e13c.txt,2322
Alaska,https://health.alaska.gov/media/3azpjp10/pnt_notice_20221118.pdf,linked from https://health.alaska.gov/en/education/pdl-preferred-drug-list/,200,application/pdf,,raw/alaska/alaska__pnt-notice-20221118-pdf__fe633ae684.pdf,text/alaska/alaska__pnt-notice-20221118-pdf__fe633ae684.txt,2318
Alaska,https://health.alaska.gov/media/0luf3wh3/pnt_notice_20230120.pdf,linked from https://health.alaska.gov/en/education/pdl-preferred-drug-list/,200,application/pdf,,raw/alaska/alaska__pnt-notice-20230120-pdf__c8a2e7a8a9.pdf,text/alaska/alaska__pnt-notice-20230120-pdf__c8a2e7a8a9.txt,2333
Alaska,https://health.alaska.gov/media/2ebd0dv3/pnt_notice_20230421.pdf,linked from https://health.alaska.gov/en/education/pdl-preferred-drug-list/,200,application/pdf,,raw/alaska/alaska__pnt-notice-20230421-pdf__f422815dac.pdf,text/alaska/alaska__pnt-notice-20230421-pdf__f422815dac.txt,3962
Alaska,https://health.alaska.gov/media/zr1p2c5s/pnt_notice_20230915.pdf,linked from https://health.alaska.gov/en/education/pdl-preferred-drug-list/,200,application/pdf,,raw/alaska/alaska__pnt-notice-20230915-pdf__c0561e6d68.pdf,text/alaska/alaska__pnt-notice-20230915-pdf__c0561e6d68.txt,2318
Alaska,https://health.alaska.gov/media/1btgofse/pnt_notice_20231117.pdf,linked from https://health.alaska.gov/en/education/pdl-preferred-drug-list/,200,application/pdf,,raw/alaska/alaska__pnt-notice-20231117-pdf__e05dd30990.pdf,text/alaska/alaska__pnt-notice-20231117-pdf__e05dd30990.txt,3977
Alaska,https://health.alaska.gov/media/y3md0n1w/pnt_notice_20240119-1.pdf,linked from https://health.alaska.gov/en/education/pdl-preferred-drug-list/,200,application/pdf,,raw/alaska/alaska__pnt-notice-20240119-1-pdf__ac83791bf5.pdf,text/alaska/alaska__pnt-notice-20240119-1-pdf__ac83791bf5.txt,4006
Alaska,https://health.alaska.gov/media/gqxaotjl/pnt_notice_20240119.pdf,linked from https://health.alaska.gov/en/education/pdl-preferred-drug-list/,200,application/pdf,,raw/alaska/alaska__pnt-notice-20240119-pdf__6872abc634.pdf,text/alaska/alaska__pnt-notice-20240119-pdf__6872abc634.txt,4026
Alaska,https://health.alaska.gov/media/i5ppuyy0/pnt-notice-20240920.pdf,linked from https://health.alaska.gov/en/education/pdl-preferred-drug-list/,200,application/pdf,,raw/alaska/alaska__pnt-notice-20240920-pdf__497a32f1aa.pdf,text/alaska/alaska__pnt-notice-20240920-pdf__497a32f1aa.txt,4120
Alaska,https://health.alaska.gov/media/5ixbrnpv/pnt-notice-20241115.pdf,linked from https://health.alaska.gov/en/education/pdl-preferred-drug-list/,200,application/pdf,,raw/alaska/alaska__pnt-notice-20241115-pdf__e769946061.pdf,text/alaska/alaska__pnt-notice-20241115-pdf__e769946061.txt,4026
Alaska,https://health.alaska.gov/media/eqqna3xy/pnt-notice-20250117.pdf,linked from https://health.alaska.gov/en/education/pdl-preferred-drug-list/,200,application/pdf,,raw/alaska/alaska__pnt-notice-20250117-pdf__dcf891f486.pdf,text/alaska/alaska__pnt-notice-20250117-pdf__dcf891f486.txt,4110
Alaska,https://health.alaska.gov/media/jecffflj/pnt_notice_20250418.pdf,linked from https://health.alaska.gov/en/education/pdl-preferred-drug-list/,200,application/pdf,,raw/alaska/alaska__pnt-notice-20250418-pdf__b1636784b5.pdf,text/alaska/alaska__pnt-notice-20250418-pdf__b1636784b5.txt,4028
Alaska,https://health.alaska.gov/media/dohlrzsl/pntcommittee_schedule_sfy2026_meetingtopicschedules.pdf,seed,200,application/pdf,,raw/alaska/alaska__pntcommittee-schedule-sfy2026-meetingtopicschedules-pdf__c2730d334c.pdf,text/alaska/alaska__pntcommittee-schedule-sfy2026-meetingtopicschedules-pdf__c2730d334c.txt,3948
Alaska,https://health.alaska.gov/en/education/prior-authorization-medication/,linked from https://health.alaska.gov/en/division-of-health-care-services/medicaid-pharmacy-and-therapeutics/,200,text/html; charset=utf-8,,raw/alaska/alaska__prior-authorization-medication__8afa7335e0.html,text/alaska/alaska__prior-authorization-medication__8afa7335e0.txt,15811
Alaska,https://health.alaska.gov/media/gxfpbmbf/pt-agenda-january-2026.pdf,linked from https://health.alaska.gov/en/education/pdl-preferred-drug-list/,200,application/pdf,,raw/alaska/alaska__pt-agenda-january-2026-pdf__a56b38ff24.pdf,text/alaska/alaska__pt-agenda-january-2026-pdf__a56b38ff24.txt,2740
Arizona,https://azahcccs.gov/Shared/Downloads/ACOM/PolicyFiles/100/111.pdf,linked from https://azahcccs.gov/Members/Pharmacy/,200,application/pdf,,raw/arizona/arizona__111-pdf__8ec702020f.pdf,text/arizona/arizona__111-pdf__8ec702020f.txt,29638
Arizona,https://azahcccs.gov/Shared/Downloads/ACOM/PolicyFiles/100/111a.pdf,linked from https://azahcccs.gov/Members/Pharmacy/,200,application/pdf,,raw/arizona/arizona__111a-pdf__662a2c9aef.pdf,text/arizona/arizona__111a-pdf__662a2c9aef.txt,3966
Arizona,https://azahcccs.gov/shared/Downloads/MedicalPolicyManual/300/310-V_AttachmentA.docx,linked from https://azahcccs.gov/Members/Pharmacy/,200,application/vnd.openxmlformats-officedocument.wordprocessingml.document,,raw/arizona/arizona__310-v-attachmenta-docx__c44d259383.bin,text/arizona/arizona__310-v-attachmenta-docx__c44d259383.txt,98723
Arizona,https://azahcccs.gov/Resources/Downloads/PharmacyUpdates/2024/Agenda06182024.pdf,linked from https://azahcccs.gov/Members/Pharmacy/,200,application/pdf,,raw/arizona/arizona__agenda06182024-pdf__0c346e7e52.pdf,text/arizona/arizona__agenda06182024-pdf__0c346e7e52.txt,4107
Arizona,https://azahcccs.gov/Resources/Downloads/PharmacyUpdates/2026/AgendaPharmacyandTherapeuticsCommittee_20260519.pdf,linked from https://azahcccs.gov/Members/Pharmacy/,200,application/pdf,,raw/arizona/arizona__agendapharmacyandtherapeuticscommittee-20260519-pdf__7e1f6a622d.pdf,text/arizona/arizona__agendapharmacyandtherapeuticscommittee-20260519-pdf__7e1f6a622d.txt,3076
Arizona,https://azahcccs.gov/Resources/Downloads/PharmacyUpdates/2025/AgendaPharmacyandTherapeuticsCommittee20251022.pdf,linked from https://azahcccs.gov/Members/Pharmacy/,200,application/pdf,,raw/arizona/arizona__agendapharmacyandtherapeuticscommittee20251022-pdf__451684d13f.pdf,text/arizona/arizona__agendapharmacyandtherapeuticscommittee20251022-pdf__451684d13f.txt,2464
Arizona,https://azahcccs.gov/Resources/Downloads/PharmacyUpdates/2026/AgendaPharmacyandTherapeuticsCommittee2026-01-13.pdf,linked from https://azahcccs.gov/Members/Pharmacy/,200,application/pdf,,raw/arizona/arizona__agendapharmacyandtherapeuticscommittee2026-01-13-pdf__6a83fa99fa.pdf,text/arizona/arizona__agendapharmacyandtherapeuticscommittee2026-01-13-pdf__6a83fa99fa.txt,2959
Arizona,https://azahcccs.gov/Resources/Downloads/PharmacyUpdates/2025/AgendaPharmacyandTherapeuticsCommittee2026-01-13-rev01132026.pdf,linked from https://azahcccs.gov/Members/Pharmacy/,200,application/pdf,,raw/arizona/arizona__agendapharmacyandtherapeuticscommittee2026-01-13-rev01132026-pdf__9b87b0b1cd.pdf,text/arizona/arizona__agendapharmacyandtherapeuticscommittee2026-01-13-rev01132026-pdf__9b87b0b1cd.txt,19268
Arizona,https://azahcccs.gov/Resources/Downloads/PharmacyUpdates/AHCCCS_AmericanIndianHealthPlanDrugList_Effective01012026.pdf,linked from https://azahcccs.gov/Members/Pharmacy/,200,application/pdf,,raw/arizona/arizona__ahcccs-americanindianhealthplandruglist-effective01012026-pdf__f6f804c4dd.pdf,text/arizona/arizona__ahcccs-americanindianhealthplandruglist-effective01012026-pdf__f6f804c4dd.txt,149452
Arizona,https://azahcccs.gov/Resources/Downloads/PharmacyUpdates/AHCCCS_DrugList_Effective_01012026.pdf,linked from https://azahcccs.gov/Members/Pharmacy/,200,application/pdf,,raw/arizona/arizona__ahcccs-druglist-effective-01012026-pdf__67348f4bcd.pdf,text/arizona/arizona__ahcccs-druglist-effective-01012026-pdf__67348f4bcd.txt,115669
Arizona,https://azahcccs.gov/Resources/Downloads/PharmacyUpdates/2026/AHCCCS_DUAL_DrugList-4-1-26.pdf,linked from https://azahcccs.gov/Members/Pharmacy/,200,application/pdf,,raw/arizona/arizona__ahcccs-dual-druglist-4-1-26-pdf__174a58cce9.pdf,text/arizona/arizona__ahcccs-dual-druglist-4-1-26-pdf__174a58cce9.txt,21339
Arizona,https://azahcccs.gov/Resources/Downloads/PharmacyUpdates/2025/AHCCCS_May2025PTMeetingNDCListing20250530.pdf,linked from https://azahcccs.gov/Members/Pharmacy/,200,application/pdf,,raw/arizona/arizona__ahcccs-may2025ptmeetingndclisting20250530-pdf__15ebbaab1b.pdf,text/arizona/arizona__ahcccs-may2025ptmeetingndclisting20250530-pdf__15ebbaab1b.txt,617714
Arizona,https://azahcccs.gov/Resources/Downloads/PharmacyUpdates/2025/AHCCCS_P&T_ContractorNotice_Effective_01012026.pdf,linked from https://azahcccs.gov/Members/Pharmacy/,200,application/pdf,,raw/arizona/arizona__ahcccs-p-t-contractornotice-effective-01012026-pdf__b94a09e601.pdf,text/arizona/arizona__ahcccs-p-t-contractornotice-effective-01012026-pdf__b94a09e601.txt,24872
Arizona,https://azahcccs.gov/Resources/Downloads/PharmacyUpdates/2025/AHCCCS_P&TCommitteeMeetingMinutesApproved01152025.pdf,linked from https://azahcccs.gov/Members/Pharmacy/,200,application/pdf,,raw/arizona/arizona__ahcccs-p-tcommitteemeetingminutesapproved01152025-pdf__910c0c70e4.pdf,text/arizona/arizona__ahcccs-p-tcommitteemeetingminutesapproved01152025-pdf__910c0c70e4.txt,15224
Arizona,https://azahcccs.gov/Resources/Downloads/PharmacyUpdates/2024/AHCCCS_PandT_Agenda2024-10-15.pdf,linked from https://azahcccs.gov/Members/Pharmacy/,200,application/pdf,,raw/arizona/arizona__ahcccs-pandt-agenda2024-10-15-pdf__e1c6e27947.pdf,text/arizona/arizona__ahcccs-pandt-agenda2024-10-15-pdf__e1c6e27947.txt,3117
Arizona,https://azahcccs.gov/Resources/Downloads/PharmacyUpdates/2025/AHCCCS_PharmacyAndTherapeuticsCommittesPresentation.pdf,linked from https://azahcccs.gov/Members/Pharmacy/,200,application/pdf,,raw/arizona/arizona__ahcccs-pharmacyandtherapeuticscommittespresentation-pdf__b0291f5c6a.pdf,text/arizona/arizona__ahcccs-pharmacyandtherapeuticscommittespresentation-pdf__b0291f5c6a.txt,176657
Arizona,https://azahcccs.gov/Resources/Downloads/PharmacyUpdates/2024/AHCCCS_PreferredDrugChangesEff_10012024.pdf,linked from https://azahcccs.gov/Members/Pharmacy/,200,application/pdf,,raw/arizona/arizona__ahcccs-preferreddrugchangeseff-10012024-pdf__d71fba6ac2.pdf,text/arizona/arizona__ahcccs-preferreddrugchangeseff-10012024-pdf__d71fba6ac2.txt,541760
Arizona,https://azahcccs.gov/Resources/Downloads/PharmacyUpdates/2024/AHCCCS_PreferredDrugListContractorNoticeOct1.pdf,linked from https://azahcccs.gov/Members/Pharmacy/,200,application/pdf,,raw/arizona/arizona__ahcccs-preferreddruglistcontractornoticeoct1-pdf__702d1cff71.pdf,text/arizona/arizona__ahcccs-preferreddruglistcontractornoticeoct1-pdf__702d1cff71.txt,21940
Arizona,https://azahcccs.gov/Resources/Downloads/PharmacyUpdates/2026/AHCCCSDrugListEffApril1_26.pdf,linked from https://azahcccs.gov/Members/Pharmacy/,200,application/pdf,,raw/arizona/arizona__ahcccsdruglisteffapril1-26-pdf__d06d6ae31e.pdf,text/arizona/arizona__ahcccsdruglisteffapril1-26-pdf__d06d6ae31e.txt,116936
Arizona,https://azahcccs.gov/Resources/Downloads/PharmacyUpdates/2026/AHCCCSFeeForServProgPharmPriorAuthCriteriaEff05192026.pdf,linked from https://azahcccs.gov/Members/Pharmacy/,200,application/pdf,,raw/arizona/arizona__ahcccsfeeforservprogpharmpriorauthcriteriaeff05192026-pdf__5aea3a6841.pdf,text/arizona/arizona__ahcccsfeeforservprogpharmpriorauthcriteriaeff05192026-pdf__5aea3a6841.txt,1850120
Arizona,https://azahcccs.gov/Resources/Downloads/PharmacyUpdates/2026/AHCCCSFFSDrugList_4_1_2026.pdf,linked from https://azahcccs.gov/Members/Pharmacy/,200,application/pdf,,raw/arizona/arizona__ahcccsffsdruglist-4-1-2026-pdf__dc9384344a.pdf,text/arizona/arizona__ahcccsffsdruglist-4-1-2026-pdf__dc9384344a.txt,140416
Arizona,https://azahcccs.gov/Resources/Downloads/PharmacyUpdates/2025/AHCCCSPandT_Contractor Notice_Effective_April_1_2025.pdf,linked from https://azahcccs.gov/Members/Pharmacy/,,,InvalidURL: URL can't contain control characters. '/Resources/Downloads/PharmacyUpdates/2025/AHCCCSPandT_Contractor Notice_Effective_April_1_2025.pdf' (found at least ' '),raw/arizona/arizona__ahcccspandt-contractor-notice-effective-april-1-2025-pdf__31d2865aca.error.txt,text/arizona/arizona__ahcccspandt-contractor-notice-effective-april-1-2025-pdf__31d2865aca.error.txt,420
Arizona,https://azahcccs.gov/Resources/Downloads/PharmacyUpdates/2024/AHCCCSPandT_Contractor Notice_Effective_January_1_2025.pdf,linked from https://azahcccs.gov/Members/Pharmacy/,,,InvalidURL: URL can't contain control characters. '/Resources/Downloads/PharmacyUpdates/2024/AHCCCSPandT_Contractor Notice_Effective_January_1_2025.pdf' (found at least ' '),raw/arizona/arizona__ahcccspandt-contractor-notice-effective-january-1-2025-pdf__54fd20a6d3.error.txt,text/arizona/arizona__ahcccspandt-contractor-notice-effective-january-1-2025-pdf__54fd20a6d3.error.txt,424
Arizona,https://azahcccs.gov/Resources/Downloads/PharmacyUpdates/2025/AHCCCSPandT_Contractor Notice_Effective_October_1_2025.pdf,linked from https://azahcccs.gov/Members/Pharmacy/,,,InvalidURL: URL can't contain control characters. '/Resources/Downloads/PharmacyUpdates/2025/AHCCCSPandT_Contractor Notice_Effective_October_1_2025.pdf' (found at least ' '),raw/arizona/arizona__ahcccspandt-contractor-notice-effective-october-1-2025-pdf__ef1a18686e.error.txt,text/arizona/arizona__ahcccspandt-contractor-notice-effective-october-1-2025-pdf__ef1a18686e.error.txt,424
Arizona,https://azahcccs.gov/Resources/Downloads/PharmacyUpdates/2024/AHCCCSPreferredDrugChanges_04012024.xlsx,linked from https://azahcccs.gov/Members/Pharmacy/,200,application/vnd.openxmlformats-officedocument.spreadsheetml.sheet,,raw/arizona/arizona__ahcccspreferreddrugchanges-04012024-xlsx__1aa4112a46.bin,text/arizona/arizona__ahcccspreferreddrugchanges-04012024-xlsx__1aa4112a46.txt,284960
Arizona,https://azahcccs.gov/Resources/Downloads/PharmacyUpdates/2024/AHCCCSPreferredDrugListChangesEffectiveJanuary12024.pdf,linked from https://azahcccs.gov/Members/Pharmacy/,200,application/pdf,,raw/arizona/arizona__ahcccspreferreddruglistchangeseffectivejanuary12024-pdf__849d907a89.pdf,text/arizona/arizona__ahcccspreferreddruglistchangeseffectivejanuary12024-pdf__849d907a89.txt,892955
Arizona,https://azahcccs.gov/Resources/Downloads/PharmacyUpdates/2024/AHCCCSPreferredDrugListContractorNotice_04012024.docx,linked from https://azahcccs.gov/Members/Pharmacy/,200,application/vnd.openxmlformats-officedocument.wordprocessingml.document,,raw/arizona/arizona__ahcccspreferreddruglistcontractornotice-04012024-docx__65252b9653.bin,text/arizona/arizona__ahcccspreferreddruglistcontractornotice-04012024-docx__65252b9653.txt,253845
Arizona,https://azahcccs.gov/Resources/Downloads/PharmacyUpdates/2026/AIHPFee-For-ServicePharmacyNetwork.xlsx,linked from https://azahcccs.gov/Members/Pharmacy/,200,application/vnd.openxmlformats-officedocument.spreadsheetml.sheet,,raw/arizona/arizona__aihpfee-for-servicepharmacynetwork-xlsx__e797e62242.bin,text/arizona/arizona__aihpfee-for-servicepharmacynetwork-xlsx__e797e62242.txt,303171
Arizona,https://azahcccs.gov/Resources/Downloads/PharmacyUpdates/2026/AZ_Jan_2026P_T_Meeting_Manufacturer_Letter.pdf,linked from https://azahcccs.gov/Members/Pharmacy/,200,application/pdf,,raw/arizona/arizona__az-jan-2026p-t-meeting-manufacturer-letter-pdf__ce4cd20b46.pdf,text/arizona/arizona__az-jan-2026p-t-meeting-manufacturer-letter-pdf__ce4cd20b46.txt,3582
Arizona,https://azahcccs.gov/Resources/Downloads/PharmacyUpdates/2026/AZ_January2026PTMeetingClinicalPresentation.pdf,linked from https://azahcccs.gov/Members/Pharmacy/,200,application/pdf,,raw/arizona/arizona__az-january2026ptmeetingclinicalpresentation-pdf__69fc07cc7f.pdf,text/arizona/arizona__az-january2026ptmeetingclinicalpresentation-pdf__69fc07cc7f.txt,141267
Arizona,https://azahcccs.gov/Resources/Downloads/PharmacyUpdates/2026/AZ_January2026PTRecommendationSlides.pdf,linked from https://azahcccs.gov/Members/Pharmacy/,200,application/pdf,,raw/arizona/arizona__az-january2026ptrecommendationslides-pdf__86cf05e600.pdf,text/arizona/arizona__az-january2026ptrecommendationslides-pdf__86cf05e600.txt,10498
Arizona,https://azahcccs.gov/Resources/Downloads/PharmacyUpdates/2025/AZ_ManufacturerRequestLetterJanuary2025Meeting.pdf,linked from https://azahcccs.gov/Members/Pharmacy/,200,application/pdf,,raw/arizona/arizona__az-manufacturerrequestletterjanuary2025meeting-pdf__a634352f30.pdf,text/arizona/arizona__az-manufacturerrequestletterjanuary2025meeting-pdf__a634352f30.txt,3186
Arizona,https://azahcccs.gov/Resources/Downloads/PharmacyUpdates/2025/AZ_ManufacturerRequestLetterMay2025Meeting.pdf,linked from https://azahcccs.gov/Members/Pharmacy/,200,application/pdf,,raw/arizona/arizona__az-manufacturerrequestlettermay2025meeting-pdf__77ddf20029.pdf,text/arizona/arizona__az-manufacturerrequestlettermay2025meeting-pdf__77ddf20029.txt,4145
Arizona,https://azahcccs.gov/Resources/Downloads/PharmacyUpdates/2024/AZ_ManufacturerRequestLetterOct2024Meeting.pdf,linked from https://azahcccs.gov/Members/Pharmacy/,200,application/pdf,,raw/arizona/arizona__az-manufacturerrequestletteroct2024meeting-pdf__34b199b9e6.pdf,text/arizona/arizona__az-manufacturerrequestletteroct2024meeting-pdf__34b199b9e6.txt,3202
Arizona,https://azahcccs.gov/Resources/Downloads/PharmacyUpdates/2026/AZ_May2026PTManufacturerLetter.pdf,linked from https://azahcccs.gov/Members/Pharmacy/,200,application/pdf,,raw/arizona/arizona__az-may2026ptmanufacturerletter-pdf__5b765f4c59.pdf,text/arizona/arizona__az-may2026ptmanufacturerletter-pdf__5b765f4c59.txt,3989
Arizona,https://azahcccs.gov/Resources/Downloads/PharmacyUpdates/2025/AZ_Oct2025_P&T_MeetingClinicalPresentation.pdf,linked from https://azahcccs.gov/Members/Pharmacy/,200,application/pdf,,raw/arizona/arizona__az-oct2025-p-t-meetingclinicalpresentation-pdf__9889f180f9.pdf,text/arizona/arizona__az-oct2025-p-t-meetingclinicalpresentation-pdf__9889f180f9.txt,86089
Arizona,https://azahcccs.gov/Resources/Downloads/PharmacyUpdates/2025/AZ_Oct2025_P&T_RecommendationSlides.pdf,linked from https://azahcccs.gov/Members/Pharmacy/,200,application/pdf,,raw/arizona/arizona__az-oct2025-p-t-recommendationslides-pdf__b468190235.pdf,text/arizona/arizona__az-oct2025-p-t-recommendationslides-pdf__b468190235.txt,18637
Arizona,https://azahcccs.gov/Resources/Downloads/PharmacyUpdates/2025/AZ_October2025_PT_MeetingNDC_Listing_10282025.xlsx,linked from https://azahcccs.gov/Members/Pharmacy/,200,application/vnd.openxmlformats-officedocument.spreadsheetml.sheet,,raw/arizona/arizona__az-october2025-pt-meetingndc-listing-10282025-xlsx__2468637ce4.bin,text/arizona/arizona__az-october2025-pt-meetingndc-listing-10282025-xlsx__2468637ce4.txt,922299
Arizona,https://azahcccs.gov/Resources/Downloads/PharmacyUpdates/2024/AZ_PT_RecommendationsOct2024-2-2.pdf,linked from https://azahcccs.gov/Members/Pharmacy/,200,application/pdf,,raw/arizona/arizona__az-pt-recommendationsoct2024-2-2-pdf__b060de1089.pdf,text/arizona/arizona__az-pt-recommendationsoct2024-2-2-pdf__b060de1089.txt,15250
Arizona,https://azahcccs.gov/Resources/Downloads/PharmacyUpdates/2025/AZJanuary2025MeetingNDCListing20250128.pdf,linked from https://azahcccs.gov/Members/Pharmacy/,200,application/pdf,,raw/arizona/arizona__azjanuary2025meetingndclisting20250128-pdf__6e768834da.pdf,text/arizona/arizona__azjanuary2025meetingndclisting20250128-pdf__6e768834da.txt,428847
Arizona,https://azahcccs.gov/Resources/Downloads/PharmacyUpdates/2025/AZJanuary2025PTMeetingClinicalPresentationrev01152025.pdf,linked from https://azahcccs.gov/Members/Pharmacy/,200,application/pdf,,raw/arizona/arizona__azjanuary2025ptmeetingclinicalpresentationrev01152025-pdf__56f644d8bf.pdf,text/arizona/arizona__azjanuary2025ptmeetingclinicalpresentationrev01152025-pdf__56f644d8bf.txt,100746
Arizona,https://azahcccs.gov/Resources/Downloads/PharmacyUpdates/2025/AZJanuary2025PTRecommendationSlidesrev01152025.pdf,linked from https://azahcccs.gov/Members/Pharmacy/,200,application/pdf,,raw/arizona/arizona__azjanuary2025ptrecommendationslidesrev01152025-pdf__a99e8ae2b5.pdf,text/arizona/arizona__azjanuary2025ptrecommendationslidesrev01152025-pdf__a99e8ae2b5.txt,9087
Arizona,https://azahcccs.gov/Resources/Downloads/PharmacyUpdates/2025/AZManufacturerRequestLetter_Oct2025Meeting.pdf,linked from https://azahcccs.gov/Members/Pharmacy/,200,application/pdf,,raw/arizona/arizona__azmanufacturerrequestletter-oct2025meeting-pdf__f21425fa98.pdf,text/arizona/arizona__azmanufacturerrequestletter-oct2025meeting-pdf__f21425fa98.txt,3105
Arizona,https://azahcccs.gov/Resources/Downloads/PharmacyUpdates/2024/AZOct2024PTMeetingClinicalPresentation.pdf,linked from https://azahcccs.gov/Members/Pharmacy/,200,application/pdf,,raw/arizona/arizona__azoct2024ptmeetingclinicalpresentation-pdf__a89c2aa557.pdf,text/arizona/arizona__azoct2024ptmeetingclinicalpresentation-pdf__a89c2aa557.txt,93005
Arizona,https://azahcccs.gov/shared/Downloads/Biosimilar_Memo_7_11_2025_Updated.pdf,linked from https://azahcccs.gov/Members/Pharmacy/,200,application/pdf,,raw/arizona/arizona__biosimilar-memo-7-11-2025-updated-pdf__5daee1871d.pdf,text/arizona/arizona__biosimilar-memo-7-11-2025-updated-pdf__5daee1871d.txt,5768
Arizona,https://azahcccs.gov/PlansProviders/Downloads/PharmacyUpdates/PT/COI_2024.pdf,linked from https://azahcccs.gov/Members/Pharmacy/,200,application/pdf,,raw/arizona/arizona__coi-2024-pdf__53e4c98626.pdf,text/arizona/arizona__coi-2024-pdf__53e4c98626.txt,22698
Arizona,https://azahcccs.gov/AHCCCS/CommitteesAndWorkgroups/,linked from https://azahcccs.gov/Members/Pharmacy/,200,text/html,,raw/arizona/arizona__committeesandworkgroups__37732001c0.html,text/arizona/arizona__committeesandworkgroups__37732001c0.txt,15381
Arizona,https://azahcccs.gov/AHCCCS/PublicNotices/CommunityPresentations.html,linked from https://azahcccs.gov/Members/Pharmacy/,200,text/html,,raw/arizona/arizona__communitypresentations-html__e780864bcb.html,text/arizona/arizona__communitypresentations-html__e780864bcb.txt,21289
Arizona,https://azahcccs.gov/Resources/Downloads/PharmacyUpdates/2024/ConflictofInterest2024PT.pdf,linked from https://azahcccs.gov/Members/Pharmacy/,200,application/pdf,,raw/arizona/arizona__conflictofinterest2024pt-pdf__1b2ee6b593.pdf,text/arizona/arizona__conflictofinterest2024pt-pdf__1b2ee6b593.txt,6497
Arizona,https://azahcccs.gov/Resources/Downloads/PharmacyUpdates/2025/ContinuousBloodGlucoseMonitoringDevices.pdf,linked from https://azahcccs.gov/Members/Pharmacy/,200,application/pdf,,raw/arizona/arizona__continuousbloodglucosemonitoringdevices-pdf__980cce87df.pdf,text/arizona/arizona__continuousbloodglucosemonitoringdevices-pdf__980cce87df.txt,15703
Arizona,https://azahcccs.gov/Resources/Downloads/PharmacyUpdates/2026/Contractor_Memo_PT_Meeting_January_2026.pdf,linked from https://azahcccs.gov/Members/Pharmacy/,200,application/pdf,,raw/arizona/arizona__contractor-memo-pt-meeting-january-2026-pdf__bd65b1f16b.pdf,text/arizona/arizona__contractor-memo-pt-meeting-january-2026-pdf__bd65b1f16b.txt,16177
Arizona,https://azahcccs.gov/PlansProviders/Downloads/PharmacyUpdates/PT/Current_PT_MemberRosterAndOpenPositions.pdf,linked from https://azahcccs.gov/Members/Pharmacy/,200,application/pdf,,raw/arizona/arizona__current-pt-memberrosterandopenpositions-pdf__25d402e492.pdf,text/arizona/arizona__current-pt-memberrosterandopenpositions-pdf__25d402e492.txt,3014
Arizona,https://azahcccs.gov/Resources/Reports/dashboards.html,linked from https://azahcccs.gov/Members/Pharmacy/,200,text/html,,raw/arizona/arizona__dashboards-html__3cef13f779.html,text/arizona/arizona__dashboards-html__3cef13f779.txt,15613
Arizona,https://azahcccs.gov/Resources/EDI/EDIchanges.html,linked from https://azahcccs.gov/Members/Pharmacy/,200,text/html,,raw/arizona/arizona__edichanges-html__a459120bcc.html,text/arizona/arizona__edichanges-html__a459120bcc.txt,16330
Arizona,https://azahcccs.gov/shared/Downloads/ExcludedDrugsEffective.xlsx,linked from https://azahcccs.gov/Members/Pharmacy/,200,application/vnd.openxmlformats-officedocument.spreadsheetml.sheet,,raw/arizona/arizona__excludeddrugseffective-xlsx__6e445f448b.bin,text/arizona/arizona__excludeddrugseffective-xlsx__6e445f448b.txt,63448
Arizona,https://azahcccs.gov/PlansProviders/Downloads/IHS-TribalManual/exhibit_10-1.pdf,linked from https://azahcccs.gov/Members/Pharmacy/,200,application/pdf,,raw/arizona/arizona__exhibit-10-1-pdf__57d77d36ff.pdf,text/arizona/arizona__exhibit-10-1-pdf__57d77d36ff.txt,2942
Arizona,https://azahcccs.gov/PlansProviders/Downloads/PharmacyUpdates/FFS_PA_Form_012019.pdf,linked from https://azahcccs.gov/Members/Pharmacy/,200,application/pdf,,raw/arizona/arizona__ffs-pa-form-012019-pdf__3df19e4df3.pdf,text/arizona/arizona__ffs-pa-form-012019-pdf__3df19e4df3.txt,3338
Arizona,https://azahcccs.gov/PlansProviders/Downloads/PharmacyUpdates/FillableConflictOfInterestForm.pdf,linked from https://azahcccs.gov/Members/Pharmacy/,200,application/pdf,,raw/arizona/arizona__fillableconflictofinterestform-pdf__180bf6f382.pdf,text/arizona/arizona__fillableconflictofinterestform-pdf__180bf6f382.txt,2828
Arizona,https://azahcccs.gov/PlansProviders/Downloads/IHS-TribalManual/IHS-Chap10Pharmacy.pdf,linked from https://azahcccs.gov/Members/Pharmacy/,200,application/pdf,,raw/arizona/arizona__ihs-chap10pharmacy-pdf__a9562426e5.pdf,text/arizona/arizona__ihs-chap10pharmacy-pdf__a9562426e5.txt,62811
Arizona,https://azahcccs.gov/AmericanIndians/Providers/IHS638meeting.html,linked from https://azahcccs.gov/Members/Pharmacy/,200,text/html,,raw/arizona/arizona__ihs638meeting-html__71d8e2140a.html,text/arizona/arizona__ihs638meeting-html__71d8e2140a.txt,17076
Arizona,https://azahcccs.gov/PlansProviders/FeeForServiceHealthPlans/PriorAuthorization/index.html,linked from https://azahcccs.gov/Members/Pharmacy/,200,text/html,,raw/arizona/arizona__index-html__ccab3e60e3.html,text/arizona/arizona__index-html__ccab3e60e3.txt,17100
Arizona,https://azahcccs.gov/Resources/Downloads/PharmacyUpdates/2024/Jan2024_WrittenPublicTestimony.pdf,linked from https://azahcccs.gov/Members/Pharmacy/,200,application/pdf,,raw/arizona/arizona__jan2024-writtenpublictestimony-pdf__5fc7fa2b61.pdf,text/arizona/arizona__jan2024-writtenpublictestimony-pdf__5fc7fa2b61.txt,13193
Arizona,https://azahcccs.gov/Resources/Downloads/PharmacyUpdates/2024/Jan24PT_Presentation.pptx,linked from https://azahcccs.gov/Members/Pharmacy/,200,application/vnd.openxmlformats-officedocument.presentationml.presentation,,raw/arizona/arizona__jan24pt-presentation-pptx__040c821a86.bin,text/arizona/arizona__jan24pt-presentation-pptx__040c821a86.txt,11417613
Arizona,https://azahcccs.gov/Resources/Downloads/PharmacyUpdates/2024/Jan24PT_Recommendations.pptx,linked from https://azahcccs.gov/Members/Pharmacy/,200,application/vnd.openxmlformats-officedocument.presentationml.presentation,,raw/arizona/arizona__jan24pt-recommendations-pptx__4e63ff3f45.bin,text/arizona/arizona__jan24pt-recommendations-pptx__4e63ff3f45.txt,7264203
Arizona,https://azahcccs.gov/Resources/Downloads/PharmacyUpdates/2024/January_24_2024_Final_Minutes.pdf,linked from https://azahcccs.gov/Members/Pharmacy/,200,application/pdf,,raw/arizona/arizona__january-24-2024-final-minutes-pdf__ca4f6826d7.pdf,text/arizona/arizona__january-24-2024-final-minutes-pdf__ca4f6826d7.txt,16657
Arizona,https://azahcccs.gov/Resources/Downloads/PharmacyUpdates/2024/June_18_2024_Final_Minutes.pdf,linked from https://azahcccs.gov/Members/Pharmacy/,200,application/pdf,,raw/arizona/arizona__june-18-2024-final-minutes-pdf__6ebe91b500.pdf,text/arizona/arizona__june-18-2024-final-minutes-pdf__6ebe91b500.txt,16817
Arizona,https://azahcccs.gov/Resources/Downloads/PharmacyUpdates/2024/June2024PTPresentation.pptx,linked from https://azahcccs.gov/Members/Pharmacy/,200,application/vnd.openxmlformats-officedocument.presentationml.presentation,,raw/arizona/arizona__june2024ptpresentation-pptx__820fca1ac2.bin,text/arizona/arizona__june2024ptpresentation-pptx__820fca1ac2.txt,6859048
Arizona,https://azahcccs.gov/Resources/Downloads/PharmacyUpdates/2024/June2024Recommendations.pptx,linked from https://azahcccs.gov/Members/Pharmacy/,200,application/vnd.openxmlformats-officedocument.presentationml.presentation,,raw/arizona/arizona__june2024recommendations-pptx__64c092b2fc.bin,text/arizona/arizona__june2024recommendations-pptx__64c092b2fc.txt,5837673
Arizona,https://azahcccs.gov/Resources/Downloads/PharmacyUpdates/2024/June2024WrittenPublicTestimony.docx,linked from https://azahcccs.gov/Members/Pharmacy/,200,application/vnd.openxmlformats-officedocument.wordprocessingml.document,,raw/arizona/arizona__june2024writtenpublictestimony-docx__5cbe699f10.bin,text/arizona/arizona__june2024writtenpublictestimony-docx__5cbe699f10.txt,263877
Arizona,https://azahcccs.gov/shared/Downloads/Manufacturer_ContactInfo.xlsx,linked from https://azahcccs.gov/Members/Pharmacy/,200,application/vnd.openxmlformats-officedocument.spreadsheetml.sheet,,raw/arizona/arizona__manufacturer-contactinfo-xlsx__7bfbd36e3c.bin,text/arizona/arizona__manufacturer-contactinfo-xlsx__7bfbd36e3c.txt,36944
Arizona,https://azahcccs.gov/Resources/Downloads/PharmacyUpdates/2025/May2025MeetingMinutes.pdf,linked from https://azahcccs.gov/Members/Pharmacy/,200,application/pdf,,raw/arizona/arizona__may2025meetingminutes-pdf__57bbde9a31.pdf,text/arizona/arizona__may2025meetingminutes-pdf__57bbde9a31.txt,17323
Arizona,https://azahcccs.gov/Resources/Downloads/PharmacyUpdates/2025/May2025PT_RecommendationSlides.pdf,linked from https://azahcccs.gov/Members/Pharmacy/,200,application/pdf,,raw/arizona/arizona__may2025pt-recommendationslides-pdf__dbd17359d5.pdf,text/arizona/arizona__may2025pt-recommendationslides-pdf__dbd17359d5.txt,13408
Arizona,https://azahcccs.gov/shared/Downloads/MfgsLeavingMDRPMemo.pdf,linked from https://azahcccs.gov/Members/Pharmacy/,200,application/pdf,,raw/arizona/arizona__mfgsleavingmdrpmemo-pdf__92aaeafb85.pdf,text/arizona/arizona__mfgsleavingmdrpmemo-pdf__92aaeafb85.txt,3361
Arizona,https://azahcccs.gov/Members/AlreadyCovered/RightsAndResponsibilities/nondiscrimination.html,linked from https://azahcccs.gov/Members/Pharmacy/,200,text/html,,raw/arizona/arizona__nondiscrimination-html__2ed944f88d.html,text/arizona/arizona__nondiscrimination-html__2ed944f88d.txt,18095
Arizona,https://azahcccs.gov/Resources/Downloads/PharmacyUpdates/2024/October2024PTMinutesFinal_01152025.pdf,linked from https://azahcccs.gov/Members/Pharmacy/,200,application/pdf,,raw/arizona/arizona__october2024ptminutesfinal-01152025-pdf__7ca656385c.pdf,text/arizona/arizona__october2024ptminutesfinal-01152025-pdf__7ca656385c.txt,21507
Arizona,https://azahcccs.gov/Resources/OversightOfHealthPlans/OpReviews.html,linked from https://azahcccs.gov/Members/Pharmacy/,200,text/html,,raw/arizona/arizona__opreviews-html__9bc3cec304.html,text/arizona/arizona__opreviews-html__9bc3cec304.txt,17269
Arizona,https://azahcccs.gov/Resources/Downloads/PharmacyUpdates/2025/P&T_WrittenTestimony.pdf,linked from https://azahcccs.gov/Members/Pharmacy/,200,application/pdf,,raw/arizona/arizona__p-t-writtentestimony-pdf__39ab9c74c0.pdf,text/arizona/arizona__p-t-writtentestimony-pdf__39ab9c74c0.txt,63070
Arizona,https://azahcccs.gov/PlansProviders/CurrentProviders/PASRR.html,linked from https://azahcccs.gov/Members/Pharmacy/,200,text/html,,raw/arizona/arizona__pasrr-html__5280daea03.html,text/arizona/arizona__pasrr-html__5280daea03.txt,24704
Arizona,https://azahcccs.gov/Resources/Downloads/PharmacyUpdates/2026/PDL_NDC_PT_RecommendationsFile_Effective_4.1.2026_Final.xlsx,linked from https://azahcccs.gov/Members/Pharmacy/,200,application/vnd.openxmlformats-officedocument.spreadsheetml.sheet,,raw/arizona/arizona__pdl-ndc-pt-recommendationsfile-effective-4-1-2026-final-xlsx__8e63b714ad.bin,text/arizona/arizona__pdl-ndc-pt-recommendationsfile-effective-4-1-2026-final-xlsx__8e63b714ad.txt,603804
Arizona,https://azahcccs.gov/Members/Pharmacy/,seed,200,text/html,,raw/arizona/arizona__pharmacy__39b8962844.html,text/arizona/arizona__pharmacy__39b8962844.txt,24084
Arizona,https://azahcccs.gov/PlansProviders/Pharmacy/,linked from https://azahcccs.gov/Members/Pharmacy/,200,text/html,,raw/arizona/arizona__pharmacy__9913eeda8f.html,text/arizona/arizona__pharmacy__9913eeda8f.txt,24737
Arizona,https://azahcccs.gov/AmericanIndians/Pharmacy/,linked from https://azahcccs.gov/Members/Pharmacy/,200,text/html,,raw/arizona/arizona__pharmacy__aec654dc79.html,text/arizona/arizona__pharmacy__aec654dc79.txt,23439
Arizona,https://azahcccs.gov/Resources/Downloads/PharmacyUpdates/2025/PharmacyandTherapeuticsCommittee2025-05-21Agenda.pdf,linked from https://azahcccs.gov/Members/Pharmacy/,200,application/pdf,,raw/arizona/arizona__pharmacyandtherapeuticscommittee2025-05-21agenda-pdf__c44fcc89e4.pdf,text/arizona/arizona__pharmacyandtherapeuticscommittee2025-05-21agenda-pdf__c44fcc89e4.txt,4205
Arizona,https://azahcccs.gov/Resources/GuidesManualsPolicies/pharmacyupdates.html,linked from https://azahcccs.gov/Members/Pharmacy/,200,text/html,,raw/arizona/arizona__pharmacyupdates-html__c965742859.html,text/arizona/arizona__pharmacyupdates-html__c965742859.txt,23762
Arizona,https://azahcccs.gov/Resources/Downloads/PharmacyUpdates/2024/PT_Agenda012424.docx,linked from https://azahcccs.gov/Members/Pharmacy/,200,application/vnd.openxmlformats-officedocument.wordprocessingml.document,,raw/arizona/arizona__pt-agenda012424-docx__e386ee5414.bin,text/arizona/arizona__pt-agenda012424-docx__e386ee5414.txt,1497938
Arizona,https://www.azahcccs.gov/Resources/Downloads/PharmacyUpdates/2025/PT2025-2027Schedule.pdf,seed,200,application/pdf,,raw/arizona/arizona__pt2025-2027schedule-pdf__5b0d94890d.pdf,text/arizona/arizona__pt2025-2027schedule-pdf__5b0d94890d.txt,4458
Arizona,https://azahcccs.gov/Resources/Downloads/PharmacyUpdates/2026/PT2026-2027Schedule.pdf,linked from https://azahcccs.gov/Members/Pharmacy/,200,application/pdf,,raw/arizona/arizona__pt2026-2027schedule-pdf__d541797c96.pdf,text/arizona/arizona__pt2026-2027schedule-pdf__d541797c96.txt,3839
Arizona,https://azahcccs.gov/Resources/Downloads/PharmacyUpdates/2025/PTAgenda_January2025Meeting.pdf,linked from https://azahcccs.gov/Members/Pharmacy/,200,application/pdf,,raw/arizona/arizona__ptagenda-january2025meeting-pdf__03d9203c73.pdf,text/arizona/arizona__ptagenda-january2025meeting-pdf__03d9203c73.txt,2836
Arizona,https://azahcccs.gov/PlansProviders/Downloads/PharmacyUpdates/PT/PTCommitteeApplication2020.pdf,linked from https://azahcccs.gov/Members/Pharmacy/,200,application/pdf,,raw/arizona/arizona__ptcommitteeapplication2020-pdf__99c6b288cc.pdf,text/arizona/arizona__ptcommitteeapplication2020-pdf__99c6b288cc.txt,6851
Arizona,https://azahcccs.gov/Resources/Downloads/PharmacyUpdates/2024/PTWrittenTestimonyOctober2024.pdf,linked from https://azahcccs.gov/Members/Pharmacy/,200,application/pdf,,raw/arizona/arizona__ptwrittentestimonyoctober2024-pdf__07fdc7e785.pdf,text/arizona/arizona__ptwrittentestimonyoctober2024-pdf__07fdc7e785.txt,18657
Arizona,https://azahcccs.gov/AHCCCS/PublicNotices/,linked from https://azahcccs.gov/Members/Pharmacy/,200,text/html,,raw/arizona/arizona__publicnotices__6d472933c7.html,text/arizona/arizona__publicnotices__6d472933c7.txt,47030
Arizona,https://azahcccs.gov/AmericanIndians/TribalCourtProceduresForInvoluntaryCommitment/,linked from https://azahcccs.gov/Members/Pharmacy/,200,text/html,,raw/arizona/arizona__tribalcourtproceduresforinvoluntarycommitment__6bdfed9c7b.html,text/arizona/arizona__tribalcourtproceduresforinvoluntarycommitment__6bdfed9c7b.txt,15459
Arizona,https://azahcccs.gov/Resources/Downloads/PharmacyUpdates/2026/WrittenTestimony-PharmacyandTherapeuticsCommittee2026-01-13.pdf,linked from https://azahcccs.gov/Members/Pharmacy/,200,application/pdf,,raw/arizona/arizona__writtentestimony-pharmacyandtherapeuticscommittee2026-01-13-pdf__81bed4e03b.pdf,text/arizona/arizona__writtentestimony-pharmacyandtherapeuticscommittee2026-01-13-pdf__81bed4e03b.txt,10283
Arkansas,https://ar.primetherapeutics.com/documents/268611/269354/Claim+Edits+Max+Quantity+Diabetes+Medications.pdf/00fd7642-39d9-6c00-0376-dcec05445a0a?t=1682359696544,linked from https://ar.primetherapeutics.com/provider-documents,200,application/pdf,,raw/arkansas/arkansas__00fd7642-39d9-6c00-0376-dcec05445a0a__e8707c03cc.pdf,text/arkansas/arkansas__00fd7642-39d9-6c00-0376-dcec05445a0a__e8707c03cc.txt,3521
Arkansas,https://ar.primetherapeutics.com/documents/268611/269354/Preferred%2BDrug%2BList%2BOverview.pdf/0502ab6b-5657-6ef6-b9a9-a2e6df168b85?t=1682360546951,seed,200,application/pdf,,raw/arkansas/arkansas__0502ab6b-5657-6ef6-b9a9-a2e6df168b85__526855d631.pdf,text/arkansas/arkansas__0502ab6b-5657-6ef6-b9a9-a2e6df168b85__526855d631.txt,7773
Arkansas,https://ar.primetherapeutics.com/documents/268611/269354/Preferred+Drug+List+Overview.pdf/0502ab6b-5657-6ef6-b9a9-a2e6df168b85?t=1682360546951,linked from https://ar.primetherapeutics.com/provider-documents,200,application/pdf,,raw/arkansas/arkansas__0502ab6b-5657-6ef6-b9a9-a2e6df168b85__f00e61afef.pdf,text/arkansas/arkansas__0502ab6b-5657-6ef6-b9a9-a2e6df168b85__f00e61afef.txt,7826
Arkansas,https://ar.primetherapeutics.com/documents/268611/269354/Statement+of+Medical+Necessity+-+Selzentry.pdf/059a02d8-8bfe-ddd8-95c0-09b91a8641bd?t=1682352733033,linked from https://ar.primetherapeutics.com/provider-documents,200,application/pdf,,raw/arkansas/arkansas__059a02d8-8bfe-ddd8-95c0-09b91a8641bd__8df834d689.pdf,text/arkansas/arkansas__059a02d8-8bfe-ddd8-95c0-09b91a8641bd__8df834d689.txt,5456
Arkansas,https://ar.primetherapeutics.com/documents/268611/269354/MedWatch+Description.pdf/0bacae88-feba-c4a4-b1a8-28536ffe17f8?t=1682360425947,linked from https://ar.primetherapeutics.com/provider-documents,200,application/pdf,,raw/arkansas/arkansas__0bacae88-feba-c4a4-b1a8-28536ffe17f8__5eb7cf258e.pdf,text/arkansas/arkansas__0bacae88-feba-c4a4-b1a8-28536ffe17f8__5eb7cf258e.txt,6410
Arkansas,https://ar.primetherapeutics.com/documents/268611/269354/Statement+of+Medical+Necessity+-+Ingrezza+and+Austedo.pdf/0cca6750-eb80-bbff-577d-6cc75e063629?t=1682362022720,linked from https://ar.primetherapeutics.com/provider-documents,200,application/pdf,,raw/arkansas/arkansas__0cca6750-eb80-bbff-577d-6cc75e063629__28c1bd3e25.pdf,text/arkansas/arkansas__0cca6750-eb80-bbff-577d-6cc75e063629__28c1bd3e25.txt,3353
Arkansas,https://ar.primetherapeutics.com/documents/268611/269354/ARDHS+Certified+Behavioral+Health+Agencies.pdf/0dbe6948-437f-5342-cbd9-ef245a52ee16?t=1683234300753,linked from https://ar.primetherapeutics.com/provider-documents,200,application/pdf,,raw/arkansas/arkansas__0dbe6948-437f-5342-cbd9-ef245a52ee16__c2f7451391.pdf,text/arkansas/arkansas__0dbe6948-437f-5342-cbd9-ef245a52ee16__c2f7451391.txt,35384
Arkansas,https://ar.primetherapeutics.com/documents/268611/269354/ARRx_Notification_20151211.pdf/156fc338-cf6a-e9bb-0d2c-adaaa7e707db?t=1682101040918,linked from https://ar.primetherapeutics.com/provider-documents,200,application/pdf,,raw/arkansas/arkansas__156fc338-cf6a-e9bb-0d2c-adaaa7e707db__6e0b085450.pdf,text/arkansas/arkansas__156fc338-cf6a-e9bb-0d2c-adaaa7e707db__6e0b085450.txt,5798
Arkansas,https://ar.primetherapeutics.com/documents/268611/269354/Statement+of+Medical+Necessity+-+Adult+C-II+Stimulant.pdf/1650aea6-d1e5-4668-26d0-38e974096389?t=1682359148859,linked from https://ar.primetherapeutics.com/provider-documents,200,application/pdf,,raw/arkansas/arkansas__1650aea6-d1e5-4668-26d0-38e974096389__28d1f85f8a.pdf,text/arkansas/arkansas__1650aea6-d1e5-4668-26d0-38e974096389__28d1f85f8a.txt,5672
Arkansas,https://ar.primetherapeutics.com/documents/268611/269354/Coverage+of+Tobacco+Cessation+Products.pdf/19378dad-e96c-69af-7462-934d868f4e6c?t=1682347238327,linked from https://ar.primetherapeutics.com/provider-documents,200,application/pdf,,raw/arkansas/arkansas__19378dad-e96c-69af-7462-934d868f4e6c__324753b83d.pdf,text/arkansas/arkansas__19378dad-e96c-69af-7462-934d868f4e6c__324753b83d.txt,1786
Arkansas,https://ar.primetherapeutics.com/documents/268611/269354/Arkansas+Provider+Training+FAQs.pdf/1a14d850-b8dd-73a3-5652-7e871aa13a1e?t=1682347201223,linked from https://ar.primetherapeutics.com/provider-documents,200,application/pdf,,raw/arkansas/arkansas__1a14d850-b8dd-73a3-5652-7e871aa13a1e__b7dc3e24a9.pdf,text/arkansas/arkansas__1a14d850-b8dd-73a3-5652-7e871aa13a1e__b7dc3e24a9.txt,17054
Arkansas,https://ar.primetherapeutics.com/documents/268611/269354/Medicare+Part+D+Excluded%E2%80%94Allowed+by+Arkansas+Medicaid.pdf/1a3cbfbb-250e-eb2a-3585-2c5cbd8cb0fb?t=1682360445355,linked from https://ar.primetherapeutics.com/provider-documents,200,application/pdf,,raw/arkansas/arkansas__1a3cbfbb-250e-eb2a-3585-2c5cbd8cb0fb__2f867cdaaf.pdf,text/arkansas/arkansas__1a3cbfbb-250e-eb2a-3585-2c5cbd8cb0fb__2f867cdaaf.txt,11178
Arkansas,https://ar.primetherapeutics.com/documents/268611/269354/Claim+Edits+Max+Quantity+Cholesterol+Medications.pdf/1ddd76ff-4944-63a3-5d0c-98a038282666?t=1682359723419,linked from https://ar.primetherapeutics.com/provider-documents,200,application/pdf,,raw/arkansas/arkansas__1ddd76ff-4944-63a3-5d0c-98a038282666__2e49818a9a.pdf,text/arkansas/arkansas__1ddd76ff-4944-63a3-5d0c-98a038282666__2e49818a9a.txt,2105
Arkansas,https://ar.primetherapeutics.com/documents/268611/269354/Claim+Edits+Information.pdf/26421831-7992-8a01-eaf1-34a85b0ea95c?t=1682359606122,linked from https://ar.primetherapeutics.com/provider-documents,200,application/pdf,,raw/arkansas/arkansas__26421831-7992-8a01-eaf1-34a85b0ea95c__808a8ffac8.pdf,text/arkansas/arkansas__26421831-7992-8a01-eaf1-34a85b0ea95c__808a8ffac8.txt,150754
Arkansas,https://ar.primetherapeutics.com/documents/268611/269354/Provider+Manual+Update+Transmittal+%23+100.pdf/2974ac89-8f79-b54f-bc53-3fcfaff297fb?t=1682347274633,linked from https://ar.primetherapeutics.com/provider-documents,200,application/pdf,,raw/arkansas/arkansas__2974ac89-8f79-b54f-bc53-3fcfaff297fb__b412b28f80.pdf,text/arkansas/arkansas__2974ac89-8f79-b54f-bc53-3fcfaff297fb__b412b28f80.txt,2094
Arkansas,https://ar.primetherapeutics.com/documents/268611/269354/Provider+Memorandum+-+05_26_2021.pdf/2e4ebac5-9cde-f3fc-9903-aef662363975?t=1682360734245,linked from https://ar.primetherapeutics.com/provider-documents,200,application/pdf,,raw/arkansas/arkansas__2e4ebac5-9cde-f3fc-9903-aef662363975__00c74d6f2b.pdf,text/arkansas/arkansas__2e4ebac5-9cde-f3fc-9903-aef662363975__00c74d6f2b.txt,75456
Arkansas,https://ar.primetherapeutics.com/documents/268611/269354/COVID-19+Antigen+Detection+Testing.pdf/3a95fcf6-5269-74f2-ea63-d37554c0bda6?t=1682360297050,linked from https://ar.primetherapeutics.com/provider-documents,200,application/pdf,,raw/arkansas/arkansas__3a95fcf6-5269-74f2-ea63-d37554c0bda6__bed0871263.pdf,text/arkansas/arkansas__3a95fcf6-5269-74f2-ea63-d37554c0bda6__bed0871263.txt,1246
Arkansas,https://ar.primetherapeutics.com/documents/268611/269354/Statement+of+Medical+Necessity+-+Xolair.pdf/3fd3856b-d1ac-b7f4-870d-6b20c253ae0e?t=1682347592123,linked from https://ar.primetherapeutics.com/provider-documents,200,application/pdf,,raw/arkansas/arkansas__3fd3856b-d1ac-b7f4-870d-6b20c253ae0e__060ea4efbb.pdf,text/arkansas/arkansas__3fd3856b-d1ac-b7f4-870d-6b20c253ae0e__060ea4efbb.txt,5860
Arkansas,https://ar.primetherapeutics.com/documents/268611/269354/Medicaid+CAP+List+05-11-2023_v1.0.pdf/475232b2-f82f-4e88-d04e-7dea6ba65197?t=1687897190585,linked from https://ar.primetherapeutics.com/provider-documents,200,application/pdf,,raw/arkansas/arkansas__475232b2-f82f-4e88-d04e-7dea6ba65197__fc7f093ec5.pdf,text/arkansas/arkansas__475232b2-f82f-4e88-d04e-7dea6ba65197__fc7f093ec5.txt,28299
Arkansas,https://ar.primetherapeutics.com/documents/268611/269354/Claim+Edits+Max+Quantity+Blood+Modifiers.pdf/47ac8503-5d47-5a46-1c1c-2a348c36fd5b?t=1682359774130,linked from https://ar.primetherapeutics.com/provider-documents,200,application/pdf,,raw/arkansas/arkansas__47ac8503-5d47-5a46-1c1c-2a348c36fd5b__97b2eb163b.pdf,text/arkansas/arkansas__47ac8503-5d47-5a46-1c1c-2a348c36fd5b__97b2eb163b.txt,871
Arkansas,https://ar.primetherapeutics.com/documents/268611/269354/Tobacco+Cessation+Clinical+Practice+Guide.pdf/50e4eede-e0f9-6e20-7e47-646b08c9dd50?t=1682347411128,linked from https://ar.primetherapeutics.com/provider-documents,200,application/pdf,,raw/arkansas/arkansas__50e4eede-e0f9-6e20-7e47-646b08c9dd50__54108a7349.pdf,text/arkansas/arkansas__50e4eede-e0f9-6e20-7e47-646b08c9dd50__54108a7349.txt,593447
Arkansas,https://ar.primetherapeutics.com/documents/268611/269354/Statement+of+Medical+Necessity+-+Invega+Trinza.pdf/526ccd0e-ada3-7f80-cb77-8613a6edc76f?t=1682359061432,linked from https://ar.primetherapeutics.com/provider-documents,200,application/pdf,,raw/arkansas/arkansas__526ccd0e-ada3-7f80-cb77-8613a6edc76f__e7fd5b2334.pdf,text/arkansas/arkansas__526ccd0e-ada3-7f80-cb77-8613a6edc76f__e7fd5b2334.txt,3935
Arkansas,https://ar.primetherapeutics.com/documents/268611/269354/Preferred+Drug+List.pdf/533764a9-1715-6daf-8eb5-bbe71e53ca1d?t=1688593048729,linked from https://ar.primetherapeutics.com/provider-documents,200,application/pdf,,raw/arkansas/arkansas__533764a9-1715-6daf-8eb5-bbe71e53ca1d__d22802168c.pdf,text/arkansas/arkansas__533764a9-1715-6daf-8eb5-bbe71e53ca1d__d22802168c.txt,157607
Arkansas,https://ar.primetherapeutics.com/documents/268611/269354/Pharmacy+Administered+Vaccine+Information+-+2020.pdf/534749a0-6a46-17cb-072d-fa760da381f7?t=1682360266025,linked from https://ar.primetherapeutics.com/provider-documents,200,application/pdf,,raw/arkansas/arkansas__534749a0-6a46-17cb-072d-fa760da381f7__b96cbe0005.pdf,text/arkansas/arkansas__534749a0-6a46-17cb-072d-fa760da381f7__b96cbe0005.txt,1002
Arkansas,https://ar.primetherapeutics.com/documents/268611/269354/MedWatch+Patient+Information+Request+Form.pdf/53e34e25-e617-e9fa-2228-0ec4ed8d2969?t=1682360403519,linked from https://ar.primetherapeutics.com/provider-documents,200,application/pdf,,raw/arkansas/arkansas__53e34e25-e617-e9fa-2228-0ec4ed8d2969__f7e0c53dd2.pdf,text/arkansas/arkansas__53e34e25-e617-e9fa-2228-0ec4ed8d2969__f7e0c53dd2.txt,1576
Arkansas,https://ar.primetherapeutics.com/documents/268611/269354/ARRx_Notification_20150209.docx/5cb80872-3f4f-0f96-6c4e-6979e70c819f?t=1682101039867,linked from https://ar.primetherapeutics.com/provider-documents,200,application/vnd.openxmlformats-officedocument.wordprocessingml.document,,raw/arkansas/arkansas__5cb80872-3f4f-0f96-6c4e-6979e70c819f__4c4487dd4f.bin,text/arkansas/arkansas__5cb80872-3f4f-0f96-6c4e-6979e70c819f__4c4487dd4f.txt,312856
Arkansas,https://ar.primetherapeutics.com/documents/268611/269354/Cough+and+Cold+List.pdf/60bf7b24-bb1d-be3f-9ce4-bbe8cca8cb17?t=1682360659483,linked from https://ar.primetherapeutics.com/provider-documents,200,application/pdf,,raw/arkansas/arkansas__60bf7b24-bb1d-be3f-9ce4-bbe8cca8cb17__7cdf5643ce.pdf,text/arkansas/arkansas__60bf7b24-bb1d-be3f-9ce4-bbe8cca8cb17__7cdf5643ce.txt,9786
Arkansas,https://ar.primetherapeutics.com/documents/268611/269354/SMAC+Price+Research+Request+Form.pdf/6616e9d6-b2b7-3925-5f2b-23592417ac30?t=1682360693860,linked from https://ar.primetherapeutics.com/provider-documents,200,application/pdf,,raw/arkansas/arkansas__6616e9d6-b2b7-3925-5f2b-23592417ac30__458ca44819.pdf,text/arkansas/arkansas__6616e9d6-b2b7-3925-5f2b-23592417ac30__458ca44819.txt,1717
Arkansas,https://ar.primetherapeutics.com/documents/268611/269354/Tobacco+Cessation+Guidelines.doc/6e8ce2ad-3f81-8b83-2469-c4e99de79add?t=1682347328019,linked from https://ar.primetherapeutics.com/provider-documents,200,application/msword,,raw/arkansas/arkansas__6e8ce2ad-3f81-8b83-2469-c4e99de79add__3c16d42584.bin,text/arkansas/arkansas__6e8ce2ad-3f81-8b83-2469-c4e99de79add__3c16d42584.txt,42972
Arkansas,https://ar.primetherapeutics.com/documents/268611/269354/Claim+Edits+Max+Quantity+Blood+Pressure+Medications.pdf/6f603295-26eb-9762-0feb-e8d3e809d3ac?t=1682359744823,linked from https://ar.primetherapeutics.com/provider-documents,200,application/pdf,,raw/arkansas/arkansas__6f603295-26eb-9762-0feb-e8d3e809d3ac__e251b8c090.pdf,text/arkansas/arkansas__6f603295-26eb-9762-0feb-e8d3e809d3ac__e251b8c090.txt,7771
Arkansas,https://ar.primetherapeutics.com/documents/268611/269354/pdlMSagents.pdf/75bcb72b-834e-b0e0-cae5-4fcdd916c5fe?t=1682101052467,linked from https://ar.primetherapeutics.com/provider-documents,200,application/pdf,,raw/arkansas/arkansas__75bcb72b-834e-b0e0-cae5-4fcdd916c5fe__0bd99e842e.pdf,text/arkansas/arkansas__75bcb72b-834e-b0e0-cae5-4fcdd916c5fe__0bd99e842e.txt,3937
Arkansas,https://ar.primetherapeutics.com/documents/268611/269354/Coverage+Exclusions.pdf/8dd71ac2-5d3c-5d2e-1c5f-d886adc4e809?t=1682362639433,linked from https://ar.primetherapeutics.com/provider-documents,200,application/pdf,,raw/arkansas/arkansas__8dd71ac2-5d3c-5d2e-1c5f-d886adc4e809__d15c40dfe1.pdf,text/arkansas/arkansas__8dd71ac2-5d3c-5d2e-1c5f-d886adc4e809__d15c40dfe1.txt,2231
Arkansas,https://ar.primetherapeutics.com/documents/268611/269354/Provider+Memorandum+-+07_01_2020.pdf/9548e031-f892-c342-9906-2550425b13ab?t=1682359952833,linked from https://ar.primetherapeutics.com/provider-documents,200,application/pdf,,raw/arkansas/arkansas__9548e031-f892-c342-9906-2550425b13ab__1abf34cd08.pdf,text/arkansas/arkansas__9548e031-f892-c342-9906-2550425b13ab__1abf34cd08.txt,2310
Arkansas,https://ar.primetherapeutics.com/documents/268611/269354/pdlQRMA.pdf/9557953f-19ee-04f1-2cad-d0212571191b?t=1682101057380,linked from https://ar.primetherapeutics.com/provider-documents,200,application/pdf,,raw/arkansas/arkansas__9557953f-19ee-04f1-2cad-d0212571191b__bc9fe484d3.pdf,text/arkansas/arkansas__9557953f-19ee-04f1-2cad-d0212571191b__bc9fe484d3.txt,3961
Arkansas,https://ar.primetherapeutics.com/documents/268611/269354/Extension+of+Benefit+-+Act+758.pdf/9c5e33b3-53e0-5590-8a08-e508d2e1ee26?t=1682360490744,linked from https://ar.primetherapeutics.com/provider-documents,200,application/pdf,,raw/arkansas/arkansas__9c5e33b3-53e0-5590-8a08-e508d2e1ee26__f1fded8a5b.pdf,text/arkansas/arkansas__9c5e33b3-53e0-5590-8a08-e508d2e1ee26__f1fded8a5b.txt,2923
Arkansas,https://ar.primetherapeutics.com/documents/268611/269354/H.P.+Acthar+gel+%28corticotropin+injection%29+Prior+Authorization+%28PA%29+Request+Form.pdf/9f55f6c6-0b2b-47db-a33f-73d54ea122c6?t=1687983132855,linked from https://ar.primetherapeutics.com/provider-documents,200,application/pdf,,raw/arkansas/arkansas__9f55f6c6-0b2b-47db-a33f-73d54ea122c6__ee98436436.pdf,text/arkansas/arkansas__9f55f6c6-0b2b-47db-a33f-73d54ea122c6__ee98436436.txt,3821
Arkansas,https://ar.primetherapeutics.com/documents/268611/269354/Provider+Memorandum+-+12_08_2020.pdf/a75574c4-c9eb-9281-2a5b-c89fd92a63f6?t=1682359828896,linked from https://ar.primetherapeutics.com/provider-documents,200,application/pdf,,raw/arkansas/arkansas__a75574c4-c9eb-9281-2a5b-c89fd92a63f6__103b518978.pdf,text/arkansas/arkansas__a75574c4-c9eb-9281-2a5b-c89fd92a63f6__103b518978.txt,1884
Arkansas,https://ar.primetherapeutics.com/announcements,linked from https://ar.primetherapeutics.com/provider-documents,200,text/html;charset=UTF-8,,raw/arkansas/arkansas__announcements__276fc063f3.html,text/arkansas/arkansas__announcements__276fc063f3.txt,69916
Arkansas,https://ar.primetherapeutics.com/documents/d/arkansas/ar_oncology_medication_pa_form-1,linked from https://ar.primetherapeutics.com/provider-documents,200,application/pdf,,raw/arkansas/arkansas__ar-oncology-medication-pa-form-1__e48df8453e.pdf,text/arkansas/arkansas__ar-oncology-medication-pa-form-1__e48df8453e.txt,7678
Arkansas,https://ar.primetherapeutics.com/,linked from https://ar.primetherapeutics.com/provider-documents,200,text/html;charset=UTF-8,,raw/arkansas/arkansas__ar-primetherapeutics-com__1d014feeba.html,text/arkansas/arkansas__ar-primetherapeutics-com__1d014feeba.txt,83255
Arkansas,https://ar.primetherapeutics.com/documents/d/arkansas/arkansas-medicaid-ffs-and-mco-manual-billing-policies,linked from https://ar.primetherapeutics.com/provider-documents,200,application/pdf,,raw/arkansas/arkansas__arkansas-medicaid-ffs-and-mco-manual-billing-policies__be223f0795.pdf,text/arkansas/arkansas__arkansas-medicaid-ffs-and-mco-manual-billing-policies__be223f0795.txt,7723
Arkansas,https://ar.primetherapeutics.com/documents/d/arkansas/arkansas-medicaid-rx-uac-quick-start-guide,linked from https://ar.primetherapeutics.com/provider-documents,200,application/pdf,,raw/arkansas/arkansas__arkansas-medicaid-rx-uac-quick-start-guide__2000f5d73d.pdf,text/arkansas/arkansas__arkansas-medicaid-rx-uac-quick-start-guide__2000f5d73d.txt,13691
Arkansas,https://ar.primetherapeutics.com/documents/d/arkansas/arm-general-medication-coverage-policy-2025,linked from https://ar.primetherapeutics.com/provider-documents,200,application/pdf,,raw/arkansas/arkansas__arm-general-medication-coverage-policy-2025__cb23ac1336.pdf,text/arkansas/arkansas__arm-general-medication-coverage-policy-2025__cb23ac1336.txt,6846
Arkansas,https://ar.primetherapeutics.com/documents/d/arkansas/arrx_general_pad_form-1,linked from https://ar.primetherapeutics.com/provider-documents,200,application/pdf,,raw/arkansas/arkansas__arrx-general-pad-form-1__fc01f38b10.pdf,text/arkansas/arkansas__arrx-general-pad-form-1__fc01f38b10.txt,8882
Arkansas,https://ar.primetherapeutics.com/documents/d/arkansas/arrx_hepc_treatment_pa_form,linked from https://ar.primetherapeutics.com/provider-documents,200,application/pdf,,raw/arkansas/arkansas__arrx-hepc-treatment-pa-form__da46ebd1e7.pdf,text/arkansas/arkansas__arrx-hepc-treatment-pa-form__da46ebd1e7.txt,6019
Arkansas,https://ar.primetherapeutics.com/documents/268611/269354/Generic+Upper+Limits.pdf/b0aeae5d-b4b3-2c3b-2838-e7628b3cba96?t=1682360469122,linked from https://ar.primetherapeutics.com/provider-documents,200,application/pdf,,raw/arkansas/arkansas__b0aeae5d-b4b3-2c3b-2838-e7628b3cba96__9fee21eade.pdf,text/arkansas/arkansas__b0aeae5d-b4b3-2c3b-2838-e7628b3cba96__9fee21eade.txt,142421
Arkansas,https://ar.primetherapeutics.com/documents/268611/269354/pdlOABmeds.pdf/b64b6241-a565-a1dd-81c5-54865de5fe36?t=1682101056097,linked from https://ar.primetherapeutics.com/provider-documents,200,application/pdf,,raw/arkansas/arkansas__b64b6241-a565-a1dd-81c5-54865de5fe36__7bff9f3ef9.pdf,text/arkansas/arkansas__b64b6241-a565-a1dd-81c5-54865de5fe36__7bff9f3ef9.txt,4151
Arkansas,https://ar.primetherapeutics.com/documents/268611/269354/Extension+of+Benefits.pdf/b7177d76-f2d2-ec80-5a49-a9c24c547c28?t=1682360509253,linked from https://ar.primetherapeutics.com/provider-documents,200,application/pdf,,raw/arkansas/arkansas__b7177d76-f2d2-ec80-5a49-a9c24c547c28__0f314b6ee1.pdf,text/arkansas/arkansas__b7177d76-f2d2-ec80-5a49-a9c24c547c28__0f314b6ee1.txt,2868
Arkansas,https://ar.primetherapeutics.com/documents/268611/269354/Arkansas+Medicaid+Payer+Sheet.pdf/b968e902-37a0-942c-0610-464bdf37938d?t=1682360375720,linked from https://ar.primetherapeutics.com/provider-documents,200,application/pdf,,raw/arkansas/arkansas__b968e902-37a0-942c-0610-464bdf37938d__dc9349da79.pdf,text/arkansas/arkansas__b968e902-37a0-942c-0610-464bdf37938d__dc9349da79.txt,107429
Arkansas,https://ar.primetherapeutics.com/documents/268611/269354/Medication+Informed+Consent+Document+For+Behavioral+or+Psychiatric+Conditions+Under+18.pdf/be610fdd-defd-3870-21e7-a2cb53a70f5d?t=1682359387427,linked from https://ar.primetherapeutics.com/provider-documents,200,application/pdf,,raw/arkansas/arkansas__be610fdd-defd-3870-21e7-a2cb53a70f5d__cb92ccc839.pdf,text/arkansas/arkansas__be610fdd-defd-3870-21e7-a2cb53a70f5d__cb92ccc839.txt,4212
Arkansas,https://ar.primetherapeutics.com/documents/d/arkansas/bin-pcn-2025,linked from https://ar.primetherapeutics.com/provider-documents,200,application/pdf,,raw/arkansas/arkansas__bin-pcn-2025__693b735ff4.pdf,text/arkansas/arkansas__bin-pcn-2025__693b735ff4.txt,870
Arkansas,https://ar.primetherapeutics.com/documents/d/arkansas/bin-pcn-2026,linked from https://ar.primetherapeutics.com/provider-documents,200,application/pdf,,raw/arkansas/arkansas__bin-pcn-2026__4e7d9876a7.pdf,text/arkansas/arkansas__bin-pcn-2026__4e7d9876a7.txt,1019
Arkansas,https://ar.primetherapeutics.com/documents/268611/269354/Pharmacy+Administered+Vaccine+Place+of+Service+Code.pdf/c1f3968f-b79a-d42c-79ce-946af5c5c1cc?t=1682360198146,linked from https://ar.primetherapeutics.com/provider-documents,200,application/pdf,,raw/arkansas/arkansas__c1f3968f-b79a-d42c-79ce-946af5c5c1cc__4563c76cb9.pdf,text/arkansas/arkansas__c1f3968f-b79a-d42c-79ce-946af5c5c1cc__4563c76cb9.txt,329
Arkansas,https://ar.primetherapeutics.com/documents/268611/269354/Provider+Memorandum+-+01_08_2016.pdf/c6f92652-eaa2-e192-ea2a-92c31678346c?t=1682360759314,linked from https://ar.primetherapeutics.com/provider-documents,200,application/pdf,,raw/arkansas/arkansas__c6f92652-eaa2-e192-ea2a-92c31678346c__b2b90850cf.pdf,text/arkansas/arkansas__c6f92652-eaa2-e192-ea2a-92c31678346c__b2b90850cf.txt,64174
Arkansas,https://ar.primetherapeutics.com/documents/268611/269354/pdlStatinsFDCPhyperlipid.pdf/cc3e118f-a85d-a80a-42d7-2db9a5ecb47b?t=1682101059449,linked from https://ar.primetherapeutics.com/provider-documents,200,application/pdf,,raw/arkansas/arkansas__cc3e118f-a85d-a80a-42d7-2db9a5ecb47b__078a122d25.pdf,text/arkansas/arkansas__cc3e118f-a85d-a80a-42d7-2db9a5ecb47b__078a122d25.txt,4124
Arkansas,https://ar.primetherapeutics.com/contact-us,linked from https://ar.primetherapeutics.com/provider-documents,200,text/html;charset=UTF-8,,raw/arkansas/arkansas__contact-us__c5c0fb3c52.html,text/arkansas/arkansas__contact-us__c5c0fb3c52.txt,60566
Arkansas,https://ar.primetherapeutics.com/documents/268611/269354/ARRx_Notification_20141205.pdf/d53592e3-4e6c-e02b-13fd-d51d87c0e2cb?t=1682101039076,linked from https://ar.primetherapeutics.com/provider-documents,200,application/pdf,,raw/arkansas/arkansas__d53592e3-4e6c-e02b-13fd-d51d87c0e2cb__2d138e6d96.pdf,text/arkansas/arkansas__d53592e3-4e6c-e02b-13fd-d51d87c0e2cb__2d138e6d96.txt,6582
Arkansas,https://ar.primetherapeutics.com/documents/268611/269354/pdlCMA.pdf/dc0fc8f5-e357-27c7-4e79-e75427dfda71?t=1682101047732,linked from https://ar.primetherapeutics.com/provider-documents,200,application/pdf,,raw/arkansas/arkansas__dc0fc8f5-e357-27c7-4e79-e75427dfda71__724a8431d9.pdf,text/arkansas/arkansas__dc0fc8f5-e357-27c7-4e79-e75427dfda71__724a8431d9.txt,6007
Arkansas,https://ar.primetherapeutics.com/drug-lookup,linked from https://ar.primetherapeutics.com/provider-documents,200,text/html;charset=UTF-8,,raw/arkansas/arkansas__drug-lookup__e1111e0ec4.html,text/arkansas/arkansas__drug-lookup__e1111e0ec4.txt,65558
Arkansas,https://ar.primetherapeutics.com/documents/d/arkansas/dur-board-agenda-for-april-15-2026,seed,200,application/pdf,,raw/arkansas/arkansas__dur-board-agenda-for-april-15-2026__c1977e7105.pdf,text/arkansas/arkansas__dur-board-agenda-for-april-15-2026__c1977e7105.txt,7363
Arkansas,https://ar.primetherapeutics.com/documents/d/arkansas/dur-board-minutes-for-october-15-2025-meeting,seed,200,application/pdf,,raw/arkansas/arkansas__dur-board-minutes-for-october-15-2025-meeting__44a6ac9357.pdf,text/arkansas/arkansas__dur-board-minutes-for-october-15-2025-meeting__44a6ac9357.txt,17148
Arkansas,https://ar.primetherapeutics.com/documents/268611/269354/ARRx_Notification_20160509.pdf/e43d81e5-483b-c41c-9b37-d1acf55cdb75?t=1682101041779,linked from https://ar.primetherapeutics.com/provider-documents,200,application/pdf,,raw/arkansas/arkansas__e43d81e5-483b-c41c-9b37-d1acf55cdb75__69ef871b34.pdf,text/arkansas/arkansas__e43d81e5-483b-c41c-9b37-d1acf55cdb75__69ef871b34.txt,8168
Arkansas,https://ar.primetherapeutics.com/documents/268611/269354/Voice+Response+System+Brochure.pdf/e650b255-b1c3-3cfc-8264-60a9868daf76?t=1682347148735,linked from https://ar.primetherapeutics.com/provider-documents,200,application/pdf,,raw/arkansas/arkansas__e650b255-b1c3-3cfc-8264-60a9868daf76__2efddd0511.pdf,text/arkansas/arkansas__e650b255-b1c3-3cfc-8264-60a9868daf76__2efddd0511.txt,1957
Arkansas,https://ar.primetherapeutics.com/documents/268611/269354/Opioid+Prior+Authorization+Information.pdf/e651918c-0f23-1048-39a1-3bc233032c79?t=1682360353351,linked from https://ar.primetherapeutics.com/provider-documents,200,application/pdf,,raw/arkansas/arkansas__e651918c-0f23-1048-39a1-3bc233032c79__2ca481500d.pdf,text/arkansas/arkansas__e651918c-0f23-1048-39a1-3bc233032c79__2ca481500d.txt,18581
Arkansas,https://ar.primetherapeutics.com/documents/268611/269354/Tobacco+Cessation+Memorandum.doc/e8d85a9b-89a0-c8de-9967-3f5b83ec2f71?t=1682347302952,linked from https://ar.primetherapeutics.com/provider-documents,200,application/msword,,raw/arkansas/arkansas__e8d85a9b-89a0-c8de-9967-3f5b83ec2f71__600a14790e.bin,text/arkansas/arkansas__e8d85a9b-89a0-c8de-9967-3f5b83ec2f71__600a14790e.txt,239108
Arkansas,https://ar.primetherapeutics.com/documents/268611/269354/Arkansas+Medicaid+Prior+Authorization+Request+Form.pdf/ea0e2efc-0c24-c9bc-6b77-26fd38ecde38?t=1682359308741,linked from https://ar.primetherapeutics.com/provider-documents,200,application/pdf,,raw/arkansas/arkansas__ea0e2efc-0c24-c9bc-6b77-26fd38ecde38__3dc005f9ba.pdf,text/arkansas/arkansas__ea0e2efc-0c24-c9bc-6b77-26fd38ecde38__3dc005f9ba.txt,4459
Arkansas,https://ar.primetherapeutics.com/documents/268611/269354/State+Supported+Brand+Medications.pdf/f1c45c68-39fc-117f-e1c9-be5486c6dc2c?t=1684710186610,linked from https://ar.primetherapeutics.com/provider-documents,200,application/pdf,,raw/arkansas/arkansas__f1c45c68-39fc-117f-e1c9-be5486c6dc2c__2459ffde4e.pdf,text/arkansas/arkansas__f1c45c68-39fc-117f-e1c9-be5486c6dc2c__2459ffde4e.txt,2738
Arkansas,https://ar.primetherapeutics.com/documents/268611/269354/Covered+Labelers.pdf/f28e903f-a621-e9b5-07a7-540b736beddd?t=1685117141617,linked from https://ar.primetherapeutics.com/provider-documents,200,application/pdf,,raw/arkansas/arkansas__f28e903f-a621-e9b5-07a7-540b736beddd__d4049a1707.pdf,text/arkansas/arkansas__f28e903f-a621-e9b5-07a7-540b736beddd__d4049a1707.txt,53178
Arkansas,https://ar.primetherapeutics.com/documents/268611/269354/MemoSmokCess.doc/f3b259ce-d065-0974-713e-265601548280?t=1681937502505,linked from https://ar.primetherapeutics.com/provider-documents,200,application/msword,,raw/arkansas/arkansas__f3b259ce-d065-0974-713e-265601548280__69db9820eb.bin,text/arkansas/arkansas__f3b259ce-d065-0974-713e-265601548280__69db9820eb.txt,239094
Arkansas,https://ar.primetherapeutics.com/documents/268611/269354/Memo.doc/f473bab3-5a14-cf16-9cc1-8cb94f58ebd8?t=1681937496569,linked from https://ar.primetherapeutics.com/provider-documents,200,application/msword,,raw/arkansas/arkansas__f473bab3-5a14-cf16-9cc1-8cb94f58ebd8__9d77888d67.bin,text/arkansas/arkansas__f473bab3-5a14-cf16-9cc1-8cb94f58ebd8__9d77888d67.txt,71449
Arkansas,https://ar.primetherapeutics.com/documents/268611/269354/Over-the-Counter+Medication+List.pdf/f94f1c8f-ea90-3408-26b3-174d04dbb268?t=1682360323906,linked from https://ar.primetherapeutics.com/provider-documents,200,application/pdf,,raw/arkansas/arkansas__f94f1c8f-ea90-3408-26b3-174d04dbb268__e3ba467b25.pdf,text/arkansas/arkansas__f94f1c8f-ea90-3408-26b3-174d04dbb268__e3ba467b25.txt,9778
Arkansas,https://ar.primetherapeutics.com/documents/268611/269354/Provider+Memorandum+-+07_27_2021.pdf/f955070e-dc31-644a-ace8-868d26d1ec38?t=1682359800623,linked from https://ar.primetherapeutics.com/provider-documents,200,application/pdf,,raw/arkansas/arkansas__f955070e-dc31-644a-ace8-868d26d1ec38__5a98077dfc.pdf,text/arkansas/arkansas__f955070e-dc31-644a-ace8-868d26d1ec38__5a98077dfc.txt,2311
Arkansas,https://ar.primetherapeutics.com/find-a-pharmacy,linked from https://ar.primetherapeutics.com/provider-documents,200,text/html;charset=UTF-8,,raw/arkansas/arkansas__find-a-pharmacy__bff9f81c0e.html,text/arkansas/arkansas__find-a-pharmacy__bff9f81c0e.txt,73625
Arkansas,https://ar.primetherapeutics.com/forms-documents,linked from https://ar.primetherapeutics.com/provider-documents,200,text/html;charset=UTF-8,,raw/arkansas/arkansas__forms-documents__2f35962d7d.html,text/arkansas/arkansas__forms-documents__2f35962d7d.txt,64933
Arkansas,https://ar.primetherapeutics.com/helper-utilities2,linked from https://ar.primetherapeutics.com/provider-documents,200,text/html;charset=UTF-8,,raw/arkansas/arkansas__helper-utilities2__bfc66ca574.html,text/arkansas/arkansas__helper-utilities2__bfc66ca574.txt,60454
Arkansas,https://ar.primetherapeutics.com/home,linked from https://ar.primetherapeutics.com/provider-documents,200,text/html;charset=UTF-8,,raw/arkansas/arkansas__home__6ea1e180d1.html,text/arkansas/arkansas__home__6ea1e180d1.txt,83259
Arkansas,https://ar.primetherapeutics.com/links,linked from https://ar.primetherapeutics.com/provider-documents,200,text/html;charset=UTF-8,,raw/arkansas/arkansas__links__04fda6c14c.html,text/arkansas/arkansas__links__04fda6c14c.txt,61116
Arkansas,https://ar.primetherapeutics.com/web/arkansas/login,linked from https://ar.primetherapeutics.com/provider-documents,200,text/html;charset=UTF-8,,raw/arkansas/arkansas__login__af869bc097.html,text/arkansas/arkansas__login__af869bc097.txt,64730
Arkansas,https://ar.primetherapeutics.com/documents/d/arkansas/on-001-25-modifier-jg-end-dated,linked from https://ar.primetherapeutics.com/provider-documents,200,application/pdf,,raw/arkansas/arkansas__on-001-25-modifier-jg-end-dated__1e68d42a89.pdf,text/arkansas/arkansas__on-001-25-modifier-jg-end-dated__1e68d42a89.txt,2255
Arkansas,https://ar.primetherapeutics.com/documents/d/arkansas/on-012-23-340b-fqhc,linked from https://ar.primetherapeutics.com/provider-documents,200,application/pdf,,raw/arkansas/arkansas__on-012-23-340b-fqhc__f895ef5df6.pdf,text/arkansas/arkansas__on-012-23-340b-fqhc__f895ef5df6.txt,2391
Arkansas,https://ar.primetherapeutics.com/documents/d/arkansas/on-012-25-new-edit-for-340b-medical-billing,linked from https://ar.primetherapeutics.com/provider-documents,200,application/pdf,,raw/arkansas/arkansas__on-012-25-new-edit-for-340b-medical-billing__a0bb5ad717.pdf,text/arkansas/arkansas__on-012-25-new-edit-for-340b-medical-billing__a0bb5ad717.txt,3131
Arkansas,https://ar.primetherapeutics.com/documents/d/arkansas/on-012-25-revised-new-edit-for-340b-medical-billing,linked from https://ar.primetherapeutics.com/provider-documents,200,application/pdf,,raw/arkansas/arkansas__on-012-25-revised-new-edit-for-340b-medical-billing__e745d4f832.pdf,text/arkansas/arkansas__on-012-25-revised-new-edit-for-340b-medical-billing__e745d4f832.txt,3024
Arkansas,https://ar.primetherapeutics.com/documents/d/arkansas/on-027-23-340b-modifier-exceptions,linked from https://ar.primetherapeutics.com/provider-documents,200,application/pdf,,raw/arkansas/arkansas__on-027-23-340b-modifier-exceptions__2f23ffc2b9.pdf,text/arkansas/arkansas__on-027-23-340b-modifier-exceptions__2f23ffc2b9.txt,2258
Arkansas,https://ar.primetherapeutics.com/documents/d/arkansas/on-034-22-340b-modifier-and-actual-invoice-price,linked from https://ar.primetherapeutics.com/provider-documents,200,application/pdf,,raw/arkansas/arkansas__on-034-22-340b-modifier-and-actual-invoice-price__8342425a8e.pdf,text/arkansas/arkansas__on-034-22-340b-modifier-and-actual-invoice-price__8342425a8e.txt,2203
Arkansas,https://ar.primetherapeutics.com/documents/d/arkansas/on-037-22_340b-billing-changes-and-best-practices,linked from https://ar.primetherapeutics.com/provider-documents,200,application/pdf,,raw/arkansas/arkansas__on-037-22-340b-billing-changes-and-best-practices__301e4bd2d1.pdf,text/arkansas/arkansas__on-037-22-340b-billing-changes-and-best-practices__301e4bd2d1.txt,3484
Arkansas,https://ar.primetherapeutics.com/documents/d/arkansas/on-045-22-340b-modifier-start-date,linked from https://ar.primetherapeutics.com/provider-documents,200,application/pdf,,raw/arkansas/arkansas__on-045-22-340b-modifier-start-date__0848ee6824.pdf,text/arkansas/arkansas__on-045-22-340b-modifier-start-date__0848ee6824.txt,1713
Arkansas,https://ar.primetherapeutics.com/documents/d/arkansas/oncology_policy_04172024,linked from https://ar.primetherapeutics.com/provider-documents,200,application/pdf,,raw/arkansas/arkansas__oncology-policy-04172024__1e6e6aa3ca.pdf,text/arkansas/arkansas__oncology-policy-04172024__1e6e6aa3ca.txt,5220
Arkansas,https://ar.primetherapeutics.com/documents/d/arkansas/pacriteria,linked from https://ar.primetherapeutics.com/provider-documents,200,application/pdf,,raw/arkansas/arkansas__pacriteria__14c29ee3ff.pdf,text/arkansas/arkansas__pacriteria__14c29ee3ff.txt,1186966
Arkansas,https://ar.primetherapeutics.com/documents/d/arkansas/prior-authorization-criteria-for-select-oncology-medications-05172024,linked from https://ar.primetherapeutics.com/provider-documents,200,application/pdf,,raw/arkansas/arkansas__prior-authorization-criteria-for-select-oncology-medications-05172024__4980735d25.pdf,text/arkansas/arkansas__prior-authorization-criteria-for-select-oncology-medications-05172024__4980735d25.txt,15233
Arkansas,https://ar.primetherapeutics.com/provider-documents,seed,200,text/html;charset=UTF-8,,raw/arkansas/arkansas__provider-documents__846bd9847e.html,text/arkansas/arkansas__provider-documents__846bd9847e.txt,212952
California,https://medi-calrx.dhcs.ca.gov/home/cdl/,seed,200,text/html; charset=UTF-8,,raw/california/california__cdl__3e1cfd2870.html,text/california/california__cdl__3e1cfd2870.txt,703
California,https://www.dhcs.ca.gov/provgovpart/pharmacy/Documents/DrugPolProc-1-10-23.pdf,seed,200,text/html,,raw/california/california__drugpolproc-1-10-23-pdf__fc199274ec.pdf,text/california/california__drugpolproc-1-10-23-pdf__fc199274ec.txt,264
California,https://medi-calrx.dhcs.ca.gov/cms/medicalrx/static-assets/documents/provider/dur/agendas-packets/DUR_Agenda_Packet_Feb_24_2026.pdf\,linked from https://www.medi-calrx.dhcs.ca.gov/delivery/api/provider/dur.json?crafterSite=medicalrx,404,application/xml,,raw/california/california__dur-agenda-packet-feb-24-2026-pdf__4336e4de5d.bin,text/california/california__dur-agenda-packet-feb-24-2026-pdf__4336e4de5d.txt,725
California,https://medi-calrx.dhcs.ca.gov/cms/medicalrx/static-assets/documents/provider/dur/agendas-packets/DUR_Agenda_Packet_Feb_25_2025.pdf\,linked from https://www.medi-calrx.dhcs.ca.gov/delivery/api/provider/dur.json?crafterSite=medicalrx,404,application/xml,,raw/california/california__dur-agenda-packet-feb-25-2025-pdf__fff8958db3.bin,text/california/california__dur-agenda-packet-feb-25-2025-pdf__fff8958db3.txt,725
California,https://medi-calrx.dhcs.ca.gov/cms/medicalrx/static-assets/documents/provider/dur/agendas-packets/DUR_Agenda_Packet_Feb_28_2023.pdf\,linked from https://www.medi-calrx.dhcs.ca.gov/delivery/api/provider/dur.json?crafterSite=medicalrx,404,application/xml,,raw/california/california__dur-agenda-packet-feb-28-2023-pdf__52a07d6347.bin,text/california/california__dur-agenda-packet-feb-28-2023-pdf__52a07d6347.txt,705
California,https://medi-calrx.dhcs.ca.gov/cms/medicalrx/static-assets/documents/provider/dur/agendas-packets/DUR_Agenda_Packet_May_16_2023.pdf\,linked from https://www.medi-calrx.dhcs.ca.gov/delivery/api/provider/dur.json?crafterSite=medicalrx,404,application/xml,,raw/california/california__dur-agenda-packet-may-16-2023-pdf__3cf7a942e7.bin,text/california/california__dur-agenda-packet-may-16-2023-pdf__3cf7a942e7.txt,705
California,https://medi-calrx.dhcs.ca.gov/cms/medicalrx/static-assets/documents/provider/dur/agendas-packets/DUR_Agenda_Packet_May_17_2022.pdf\,linked from https://www.medi-calrx.dhcs.ca.gov/delivery/api/provider/dur.json?crafterSite=medicalrx,404,application/xml,,raw/california/california__dur-agenda-packet-may-17-2022-pdf__82a46e0d49.bin,text/california/california__dur-agenda-packet-may-17-2022-pdf__82a46e0d49.txt,705
California,https://medi-calrx.dhcs.ca.gov/cms/medicalrx/static-assets/documents/provider/dur/agendas-packets/DUR_Agenda_Packet_May_20_2025.pdf\,linked from https://www.medi-calrx.dhcs.ca.gov/delivery/api/provider/dur.json?crafterSite=medicalrx,404,application/xml,,raw/california/california__dur-agenda-packet-may-20-2025-pdf__3406fd6b87.bin,text/california/california__dur-agenda-packet-may-20-2025-pdf__3406fd6b87.txt,705
California,https://medi-calrx.dhcs.ca.gov/cms/medicalrx/static-assets/documents/provider/dur/agendas-packets/DUR_Agenda_Packet_Nov_15_2022.pdf\,linked from https://www.medi-calrx.dhcs.ca.gov/delivery/api/provider/dur.json?crafterSite=medicalrx,404,application/xml,,raw/california/california__dur-agenda-packet-nov-15-2022-pdf__520c8dc881.bin,text/california/california__dur-agenda-packet-nov-15-2022-pdf__520c8dc881.txt,705
California,https://medi-calrx.dhcs.ca.gov/cms/medicalrx/static-assets/documents/provider/dur/agendas-packets/DUR_Agenda_Packet_Nov_18_2025.pdf\,linked from https://www.medi-calrx.dhcs.ca.gov/delivery/api/provider/dur.json?crafterSite=medicalrx,404,application/xml,,raw/california/california__dur-agenda-packet-nov-18-2025-pdf__ea92cebcea.bin,text/california/california__dur-agenda-packet-nov-18-2025-pdf__ea92cebcea.txt,725
California,https://medi-calrx.dhcs.ca.gov/cms/medicalrx/static-assets/documents/provider/dur/agendas-packets/DUR_Agenda_Packet_Nov_19_2024.pdf\,linked from https://www.medi-calrx.dhcs.ca.gov/delivery/api/provider/dur.json?crafterSite=medicalrx,404,application/xml,,raw/california/california__dur-agenda-packet-nov-19-2024-pdf__2c1f20efbe.bin,text/california/california__dur-agenda-packet-nov-19-2024-pdf__2c1f20efbe.txt,705
California,https://medi-calrx.dhcs.ca.gov/cms/medicalrx/static-assets/documents/provider/dur/agendas-packets/DUR_Agenda_Packet_Nov_28_2023.pdf\,linked from https://www.medi-calrx.dhcs.ca.gov/delivery/api/provider/dur.json?crafterSite=medicalrx,404,application/xml,,raw/california/california__dur-agenda-packet-nov-28-2023-pdf__f63c55ad6e.bin,text/california/california__dur-agenda-packet-nov-28-2023-pdf__f63c55ad6e.txt,725
California,https://medi-calrx.dhcs.ca.gov/cms/medicalrx/static-assets/documents/provider/dur/agendas-packets/DUR_Agenda_Packet_Sept_13_2022.pdf\,linked from https://www.medi-calrx.dhcs.ca.gov/delivery/api/provider/dur.json?crafterSite=medicalrx,404,application/xml,,raw/california/california__dur-agenda-packet-sept-13-2022-pdf__88b3c765d6.bin,text/california/california__dur-agenda-packet-sept-13-2022-pdf__88b3c765d6.txt,727
California,https://medi-calrx.dhcs.ca.gov/cms/medicalrx/static-assets/documents/provider/dur/agendas-packets/DUR_Agenda_Packet_Sept_16_2025.pdf\,linked from https://www.medi-calrx.dhcs.ca.gov/delivery/api/provider/dur.json?crafterSite=medicalrx,404,application/xml,,raw/california/california__dur-agenda-packet-sept-16-2025-pdf__ebfe03ab2d.bin,text/california/california__dur-agenda-packet-sept-16-2025-pdf__ebfe03ab2d.txt,727
California,https://medi-calrx.dhcs.ca.gov/cms/medicalrx/static-assets/documents/provider/dur/agendas-packets/DUR_Agenda_Packet_Sept_17_2024.pdf\,linked from https://www.medi-calrx.dhcs.ca.gov/delivery/api/provider/dur.json?crafterSite=medicalrx,404,application/xml,,raw/california/california__dur-agenda-packet-sept-17-2024-pdf__302094c67f.bin,text/california/california__dur-agenda-packet-sept-17-2024-pdf__302094c67f.txt,707
California,https://medi-calrx.dhcs.ca.gov/cms/medicalrx/static-assets/documents/provider/dur/agendas-packets/DUR_Agenda_Packet_Sept_19_2023.pdf\,linked from https://www.medi-calrx.dhcs.ca.gov/delivery/api/provider/dur.json?crafterSite=medicalrx,404,application/xml,,raw/california/california__dur-agenda-packet-sept-19-2023-pdf__5ab892188c.bin,text/california/california__dur-agenda-packet-sept-19-2023-pdf__5ab892188c.txt,727
California,https://medi-calrx.dhcs.ca.gov/cms/medicalrx/static-assets/documents/provider/dur/minutes/DUR_Board_Meeting_Minutes_Feb_15_2022.pdf\,linked from https://www.medi-calrx.dhcs.ca.gov/delivery/api/provider/dur.json?crafterSite=medicalrx,404,application/xml,,raw/california/california__dur-board-meeting-minutes-feb-15-2022-pdf__355511d675.bin,text/california/california__dur-board-meeting-minutes-feb-15-2022-pdf__355511d675.txt,705
California,https://medi-calrx.dhcs.ca.gov/cms/medicalrx/static-assets/documents/provider/dur/minutes/DUR_Board_Meeting_Minutes_Feb_25_2025.pdf\,linked from https://www.medi-calrx.dhcs.ca.gov/delivery/api/provider/dur.json?crafterSite=medicalrx,404,application/xml,,raw/california/california__dur-board-meeting-minutes-feb-25-2025-pdf__eb7bff1f66.bin,text/california/california__dur-board-meeting-minutes-feb-25-2025-pdf__eb7bff1f66.txt,705
California,https://medi-calrx.dhcs.ca.gov/cms/medicalrx/static-assets/documents/provider/dur/minutes/DUR_Board_Meeting_Minutes_Feb_27_2024.pdf\,linked from https://www.medi-calrx.dhcs.ca.gov/delivery/api/provider/dur.json?crafterSite=medicalrx,404,application/xml,,raw/california/california__dur-board-meeting-minutes-feb-27-2024-pdf__ca22972c1a.bin,text/california/california__dur-board-meeting-minutes-feb-27-2024-pdf__ca22972c1a.txt,705
California,https://medi-calrx.dhcs.ca.gov/cms/medicalrx/static-assets/documents/provider/dur/minutes/DUR_Board_Meeting_Minutes_Feb_28_2023.pdf\,linked from https://www.medi-calrx.dhcs.ca.gov/delivery/api/provider/dur.json?crafterSite=medicalrx,404,application/xml,,raw/california/california__dur-board-meeting-minutes-feb-28-2023-pdf__c386120541.bin,text/california/california__dur-board-meeting-minutes-feb-28-2023-pdf__c386120541.txt,705
California,https://medi-calrx.dhcs.ca.gov/cms/medicalrx/static-assets/documents/provider/dur/minutes/DUR_Board_Meeting_Minutes_May_16_2023.pdf\,linked from https://www.medi-calrx.dhcs.ca.gov/delivery/api/provider/dur.json?crafterSite=medicalrx,404,application/xml,,raw/california/california__dur-board-meeting-minutes-may-16-2023-pdf__16d4a9d079.bin,text/california/california__dur-board-meeting-minutes-may-16-2023-pdf__16d4a9d079.txt,705
California,https://medi-calrx.dhcs.ca.gov/cms/medicalrx/static-assets/documents/provider/dur/minutes/DUR_Board_Meeting_Minutes_May_17_2022.pdf\,linked from https://www.medi-calrx.dhcs.ca.gov/delivery/api/provider/dur.json?crafterSite=medicalrx,404,application/xml,,raw/california/california__dur-board-meeting-minutes-may-17-2022-pdf__2520352415.bin,text/california/california__dur-board-meeting-minutes-may-17-2022-pdf__2520352415.txt,705
California,https://medi-calrx.dhcs.ca.gov/cms/medicalrx/static-assets/documents/provider/dur/minutes/DUR_Board_Meeting_Minutes_May_21_2024.pdf\,linked from https://www.medi-calrx.dhcs.ca.gov/delivery/api/provider/dur.json?crafterSite=medicalrx,404,application/xml,,raw/california/california__dur-board-meeting-minutes-may-21-2024-pdf__559b0f67e5.bin,text/california/california__dur-board-meeting-minutes-may-21-2024-pdf__559b0f67e5.txt,705
California,https://medi-calrx.dhcs.ca.gov/cms/medicalrx/static-assets/documents/provider/dur/minutes/DUR_Board_Meeting_Minutes_Nov_15_2022.pdf\,linked from https://www.medi-calrx.dhcs.ca.gov/delivery/api/provider/dur.json?crafterSite=medicalrx,404,application/xml,,raw/california/california__dur-board-meeting-minutes-nov-15-2022-pdf__40529a4f34.bin,text/california/california__dur-board-meeting-minutes-nov-15-2022-pdf__40529a4f34.txt,725
California,https://medi-calrx.dhcs.ca.gov/cms/medicalrx/static-assets/documents/provider/dur/minutes/DUR_Board_Meeting_Minutes_Nov_18_2025.pdf\,linked from https://www.medi-calrx.dhcs.ca.gov/delivery/api/provider/dur.json?crafterSite=medicalrx,404,application/xml,,raw/california/california__dur-board-meeting-minutes-nov-18-2025-pdf__6b06b06edc.bin,text/california/california__dur-board-meeting-minutes-nov-18-2025-pdf__6b06b06edc.txt,725
California,https://medi-calrx.dhcs.ca.gov/cms/medicalrx/static-assets/documents/provider/dur/minutes/DUR_Board_Meeting_Minutes_Nov_19_2024.pdf\,linked from https://www.medi-calrx.dhcs.ca.gov/delivery/api/provider/dur.json?crafterSite=medicalrx,404,application/xml,,raw/california/california__dur-board-meeting-minutes-nov-19-2024-pdf__fbe6e45acc.bin,text/california/california__dur-board-meeting-minutes-nov-19-2024-pdf__fbe6e45acc.txt,705
California,https://medi-calrx.dhcs.ca.gov/cms/medicalrx/static-assets/documents/provider/dur/minutes/DUR_Board_Meeting_Minutes_Nov_28_2023.pdf\,linked from https://www.medi-calrx.dhcs.ca.gov/delivery/api/provider/dur.json?crafterSite=medicalrx,404,application/xml,,raw/california/california__dur-board-meeting-minutes-nov-28-2023-pdf__acee321f31.bin,text/california/california__dur-board-meeting-minutes-nov-28-2023-pdf__acee321f31.txt,725
California,https://medi-calrx.dhcs.ca.gov/cms/medicalrx/static-assets/documents/provider/dur/minutes/DUR_Board_Meeting_Minutes_Sept_13_2022.pdf\,linked from https://www.medi-calrx.dhcs.ca.gov/delivery/api/provider/dur.json?crafterSite=medicalrx,404,application/xml,,raw/california/california__dur-board-meeting-minutes-sept-13-2022-pdf__b686731858.bin,text/california/california__dur-board-meeting-minutes-sept-13-2022-pdf__b686731858.txt,707
California,https://medi-calrx.dhcs.ca.gov/cms/medicalrx/static-assets/documents/provider/dur/minutes/DUR_Board_Meeting_Minutes_Sept_16_2025.pdf\,linked from https://www.medi-calrx.dhcs.ca.gov/delivery/api/provider/dur.json?crafterSite=medicalrx,404,application/xml,,raw/california/california__dur-board-meeting-minutes-sept-16-2025-pdf__1431a2099f.bin,text/california/california__dur-board-meeting-minutes-sept-16-2025-pdf__1431a2099f.txt,707
California,https://medi-calrx.dhcs.ca.gov/cms/medicalrx/static-assets/documents/provider/dur/minutes/DUR_Board_Meeting_Minutes_Sept_17_2024.pdf\,linked from https://www.medi-calrx.dhcs.ca.gov/delivery/api/provider/dur.json?crafterSite=medicalrx,404,application/xml,,raw/california/california__dur-board-meeting-minutes-sept-17-2024-pdf__c015d8ee67.bin,text/california/california__dur-board-meeting-minutes-sept-17-2024-pdf__c015d8ee67.txt,727
California,https://medi-calrx.dhcs.ca.gov/cms/medicalrx/static-assets/documents/provider/dur/minutes/DUR_Board_Meeting_Minutes_Sept_19_2023.pdf\,linked from https://www.medi-calrx.dhcs.ca.gov/delivery/api/provider/dur.json?crafterSite=medicalrx,404,application/xml,,raw/california/california__dur-board-meeting-minutes-sept-19-2023-pdf__8581879e02.bin,text/california/california__dur-board-meeting-minutes-sept-19-2023-pdf__8581879e02.txt,727
California,https://www.medi-calrx.dhcs.ca.gov/delivery/api/provider/dur.json?crafterSite=medicalrx,seed,200,application/json;charset=UTF-8,,raw/california/california__dur-json__1106aa5794.json,text/california/california__dur-json__1106aa5794.txt,53650
California,https://medi-calrx.dhcs.ca.gov/cms/medicalrx/static-assets/documents/provider/dur/minutes/DUR_meeting_minutes_archive.pdf\,linked from https://www.medi-calrx.dhcs.ca.gov/delivery/api/provider/dur.json?crafterSite=medicalrx,404,application/xml,,raw/california/california__dur-meeting-minutes-archive-pdf__d88a0b0702.bin,text/california/california__dur-meeting-minutes-archive-pdf__d88a0b0702.txt,705
California,https://medi-calrx.dhcs.ca.gov/cms/medicalrx/static-assets/documents/provider/dur/educational-articles/dured_2023_Immunization_Update_COVID-19_Influenza_RSV_HepB_Pneumococcal_HPV_Polio_Mpox_MMR.pdf\,linked from https://www.medi-calrx.dhcs.ca.gov/delivery/api/provider/dur.json?crafterSite=medicalrx,404,application/xml,,raw/california/california__dured-2023-immunization-update-covid-19-influenza-rsv-hepb-pneumococcal-hpv-polio-mpox-mmr-p__1c76efa4b6.bin,text/california/california__dured-2023-immunization-update-covid-19-influenza-rsv-hepb-pneumococcal-hpv-polio-mpox-mmr-p__1c76efa4b6.txt,837
California,https://medi-calrx.dhcs.ca.gov/cms/medicalrx/static-assets/documents/provider/dur/educational-articles/dured_2024_Immunization_Update_COVID-19_Influenza_RSV_Pneumococcal_Polio_Meningococcal_HiB_HepB_Mpox.pdf\,linked from https://www.medi-calrx.dhcs.ca.gov/delivery/api/provider/dur.json?crafterSite=medicalrx,404,application/xml,,raw/california/california__dured-2024-immunization-update-covid-19-influenza-rsv-pneumococcal-polio-meningococcal-hib-h__3e7b91a2e8.bin,text/california/california__dured-2024-immunization-update-covid-19-influenza-rsv-pneumococcal-polio-meningococcal-hib-h__3e7b91a2e8.txt,877
California,https://medi-calrx.dhcs.ca.gov/cms/medicalrx/static-assets/documents/provider/dur/educational-articles/dured_230126_Improving_the_Quality_of_Care_Treatment_of_Latent_Tuberculosis_Infection.pdf\,linked from https://www.medi-calrx.dhcs.ca.gov/delivery/api/provider/dur.json?crafterSite=medicalrx,404,application/xml,,raw/california/california__dured-230126-improving-the-quality-of-care-treatment-of-latent-tuberculosis-infection-pdf__0c66c737cf.bin,text/california/california__dured-230126-improving-the-quality-of-care-treatment-of-latent-tuberculosis-infection-pdf__0c66c737cf.txt,847
California,https://medi-calrx.dhcs.ca.gov/cms/medicalrx/static-assets/documents/provider/dur/educational-articles/dured_250807_Xylazine_in_Illicit_Drugs_Increases_Dangers_Associated_with_Overdose.pdf\,linked from https://www.medi-calrx.dhcs.ca.gov/delivery/api/provider/dur.json?crafterSite=medicalrx,404,application/xml,,raw/california/california__dured-250807-xylazine-in-illicit-drugs-increases-dangers-associated-with-overdose-pdf__9f61e316b4.bin,text/california/california__dured-250807-xylazine-in-illicit-drugs-increases-dangers-associated-with-overdose-pdf__9f61e316b4.txt,819
California,https://medi-calrx.dhcs.ca.gov/cms/medicalrx/static-assets/documents/provider/dur/educational-articles/dured_30116_2022_Immunization_Update_Mpox_HepB_Influenza_COVID-19_Pneumococcal_Zoster.pdf\,linked from https://www.medi-calrx.dhcs.ca.gov/delivery/api/provider/dur.json?crafterSite=medicalrx,404,application/xml,,raw/california/california__dured-30116-2022-immunization-update-mpox-hepb-influenza-covid-19-pneumococcal-zoster-pdf__3e943b55ef.bin,text/california/california__dured-30116-2022-immunization-update-mpox-hepb-influenza-covid-19-pneumococcal-zoster-pdf__3e943b55ef.txt,847
California,https://medi-calrx.dhcs.ca.gov/cms/medicalrx/static-assets/documents/provider/dur/educational-articles/dured_Alternatives_to_Diphenhydramine_for_Older_Adults.pdf\,linked from https://www.medi-calrx.dhcs.ca.gov/delivery/api/provider/dur.json?crafterSite=medicalrx,404,application/xml,,raw/california/california__dured-alternatives-to-diphenhydramine-for-older-adults-pdf__99b6059bd0.bin,text/california/california__dured-alternatives-to-diphenhydramine-for-older-adults-pdf__99b6059bd0.txt,765
California,https://medi-calrx.dhcs.ca.gov/cms/medicalrx/static-assets/documents/provider/dur/educational-articles/dured_Aspirin_for_Primary_Prevention_of_Cardiovascular_Disease.pdf\,linked from https://www.medi-calrx.dhcs.ca.gov/delivery/api/provider/dur.json?crafterSite=medicalrx,404,application/xml,,raw/california/california__dured-aspirin-for-primary-prevention-of-cardiovascular-disease-pdf__c026d63989.bin,text/california/california__dured-aspirin-for-primary-prevention-of-cardiovascular-disease-pdf__c026d63989.txt,781
California,https://medi-calrx.dhcs.ca.gov/cms/medicalrx/static-assets/documents/provider/dur/educational-articles/dured_Clinical_Review_Management_of_Acute_Postpartum_Pain.pdf\,linked from https://www.medi-calrx.dhcs.ca.gov/delivery/api/provider/dur.json?crafterSite=medicalrx,404,application/xml,,raw/california/california__dured-clinical-review-management-of-acute-postpartum-pain-pdf__c9af8f3fb0.bin,text/california/california__dured-clinical-review-management-of-acute-postpartum-pain-pdf__c9af8f3fb0.txt,771
California,https://medi-calrx.dhcs.ca.gov/cms/medicalrx/static-assets/documents/provider/dur/educational-articles/dured_Drug-Drug_Interaction_Amlodipine_with_Simvastatin_or_Lovastatin.pdf\,linked from https://www.medi-calrx.dhcs.ca.gov/delivery/api/provider/dur.json?crafterSite=medicalrx,404,application/xml,,raw/california/california__dured-drug-drug-interaction-amlodipine-with-simvastatin-or-lovastatin-pdf__a23f90238a.bin,text/california/california__dured-drug-drug-interaction-amlodipine-with-simvastatin-or-lovastatin-pdf__a23f90238a.txt,795
California,https://medi-calrx.dhcs.ca.gov/cms/medicalrx/static-assets/documents/provider/dur/educational-articles/dured_FDA_Approves_First_Over-the-Counter_Naloxone_Nasal_Spray.pdf\,linked from https://www.medi-calrx.dhcs.ca.gov/delivery/api/provider/dur.json?crafterSite=medicalrx,404,application/xml,,raw/california/california__dured-fda-approves-first-over-the-counter-naloxone-nasal-spray-pdf__b6909761aa.bin,text/california/california__dured-fda-approves-first-over-the-counter-naloxone-nasal-spray-pdf__b6909761aa.txt,781
California,https://medi-calrx.dhcs.ca.gov/cms/medicalrx/static-assets/documents/provider/dur/educational-articles/dured_Mail-Back_Envelopes_for_Opioids_Now_Available.pdf\,linked from https://www.medi-calrx.dhcs.ca.gov/delivery/api/provider/dur.json?crafterSite=medicalrx,404,application/xml,,raw/california/california__dured-mail-back-envelopes-for-opioids-now-available-pdf__167c906186.bin,text/california/california__dured-mail-back-envelopes-for-opioids-now-available-pdf__167c906186.txt,779
California,https://medi-calrx.dhcs.ca.gov/cms/medicalrx/static-assets/documents/provider/dur/educational-articles/dured_Measles_Vaccination_Prevents_Outbreaks_Protects_Californians.pdf\,linked from https://www.medi-calrx.dhcs.ca.gov/delivery/api/provider/dur.json?crafterSite=medicalrx,404,application/xml,,raw/california/california__dured-measles-vaccination-prevents-outbreaks-protects-californians-pdf__6abaf38997.bin,text/california/california__dured-measles-vaccination-prevents-outbreaks-protects-californians-pdf__6abaf38997.txt,809
California,https://medi-calrx.dhcs.ca.gov/cms/medicalrx/static-assets/documents/provider/dur/educational-articles/dured_New_Resources_Available_for_Perinatal_Mental_Health_Conditions.pdf\,linked from https://www.medi-calrx.dhcs.ca.gov/delivery/api/provider/dur.json?crafterSite=medicalrx,404,application/xml,,raw/california/california__dured-new-resources-available-for-perinatal-mental-health-conditions-pdf__85684f5258.bin,text/california/california__dured-new-resources-available-for-perinatal-mental-health-conditions-pdf__85684f5258.txt,793
California,https://medi-calrx.dhcs.ca.gov/cms/medicalrx/static-assets/documents/provider/dur/educational-articles/dured_No_Added_Benefit_Concomitant_Use_GLP-1_Agonists_DPP-4_Inhibitors.pdf\,linked from https://www.medi-calrx.dhcs.ca.gov/delivery/api/provider/dur.json?crafterSite=medicalrx,404,application/xml,,raw/california/california__dured-no-added-benefit-concomitant-use-glp-1-agonists-dpp-4-inhibitors-pdf__d327e035b8.bin,text/california/california__dured-no-added-benefit-concomitant-use-glp-1-agonists-dpp-4-inhibitors-pdf__d327e035b8.txt,797
California,https://medi-calrx.dhcs.ca.gov/cms/medicalrx/static-assets/documents/provider/dur/educational-articles/dured_Removal_of_Data_Waiver_X-Waiver_Requirement.pdf\,linked from https://www.medi-calrx.dhcs.ca.gov/delivery/api/provider/dur.json?crafterSite=medicalrx,404,application/xml,,raw/california/california__dured-removal-of-data-waiver-x-waiver-requirement-pdf__66811d4950.bin,text/california/california__dured-removal-of-data-waiver-x-waiver-requirement-pdf__66811d4950.txt,755
California,https://medi-calrx.dhcs.ca.gov/cms/medicalrx/static-assets/documents/provider/dur/educational-articles/dured_Risk_of_Concomitant_Statin_Therapy_with_Gemfibrozil.pdf\,linked from https://www.medi-calrx.dhcs.ca.gov/delivery/api/provider/dur.json?crafterSite=medicalrx,404,application/xml,,raw/california/california__dured-risk-of-concomitant-statin-therapy-with-gemfibrozil-pdf__b3c7f40cd6.bin,text/california/california__dured-risk-of-concomitant-statin-therapy-with-gemfibrozil-pdf__b3c7f40cd6.txt,771
California,https://medi-calrx.dhcs.ca.gov/cms/medicalrx/static-assets/documents/provider/dur/educational-articles/dured_Risks_to_Patients_Exposed_to_Xylazine_in_Illicit_Drugs.pdf\,linked from https://www.medi-calrx.dhcs.ca.gov/delivery/api/provider/dur.json?crafterSite=medicalrx,404,application/xml,,raw/california/california__dured-risks-to-patients-exposed-to-xylazine-in-illicit-drugs-pdf__494ec966c0.bin,text/california/california__dured-risks-to-patients-exposed-to-xylazine-in-illicit-drugs-pdf__494ec966c0.txt,797
California,https://medi-calrx.dhcs.ca.gov/cms/medicalrx/static-assets/documents/provider/dur/educational-articles/dured_Screening_Diagnosis_Treatment_of_Chronic_Hepatitis_C_Infection.pdf\,linked from https://www.medi-calrx.dhcs.ca.gov/delivery/api/provider/dur.json?crafterSite=medicalrx,404,application/xml,,raw/california/california__dured-screening-diagnosis-treatment-of-chronic-hepatitis-c-infection-pdf__4fc24c72cc.bin,text/california/california__dured-screening-diagnosis-treatment-of-chronic-hepatitis-c-infection-pdf__4fc24c72cc.txt,793
California,https://medi-calrx.dhcs.ca.gov/cms/medicalrx/static-assets/documents/provider/dur/educational-articles/dured_Submitting_Quality_Data_to_California_Immunization_Registry.pdf\,linked from https://www.medi-calrx.dhcs.ca.gov/delivery/api/provider/dur.json?crafterSite=medicalrx,404,application/xml,,raw/california/california__dured-submitting-quality-data-to-california-immunization-registry-pdf__6e0701615d.bin,text/california/california__dured-submitting-quality-data-to-california-immunization-registry-pdf__6e0701615d.txt,807
California,https://medi-calrx.dhcs.ca.gov/cms/medicalrx/static-assets/documents/provider/dur/educational-articles/dured_Updated_Guidance_by_CDC_FDA_Prescribing_Opioids.pdf\,linked from https://www.medi-calrx.dhcs.ca.gov/delivery/api/provider/dur.json?crafterSite=medicalrx,404,application/xml,,raw/california/california__dured-updated-guidance-by-cdc-fda-prescribing-opioids-pdf__40c343dfab.bin,text/california/california__dured-updated-guidance-by-cdc-fda-prescribing-opioids-pdf__40c343dfab.txt,783
California,https://www.dhcs.ca.gov/provgovpart/pharmacy/Documents/MCDAC-FAQs.pdf,seed,200,text/html,,raw/california/california__mcdac-faqs-pdf__357dbb221e.pdf,text/california/california__mcdac-faqs-pdf__357dbb221e.txt,255
California,https://medi-calrx.dhcs.ca.gov/cms/medicalrx/static-assets/documents/provider/forms-and-information/manuals/Medi-Cal_Rx_Provider_Manual.pdf\,linked from https://www.medi-calrx.dhcs.ca.gov/delivery/api/provider/dur.json?crafterSite=medicalrx,404,application/xml,,raw/california/california__medi-cal-rx-provider-manual-pdf__05ff939b61.bin,text/california/california__medi-cal-rx-provider-manual-pdf__05ff939b61.txt,721
California,https://www.dhcs.ca.gov/provgovpart/pharmacy/Pages/Partners.aspx,seed,200,text/html,,raw/california/california__partners-aspx__695aa721bf.html,text/california/california__partners-aspx__695aa721bf.txt,233
California,https://medi-calrx.dhcs.ca.gov/cms/medicalrx/static-assets/documents/provider/dur/letters/SAMPLE_Bosentan-Letter_Pharmacy.pdf\,linked from https://www.medi-calrx.dhcs.ca.gov/delivery/api/provider/dur.json?crafterSite=medicalrx,404,application/xml,,raw/california/california__sample-bosentan-letter-pharmacy-pdf__b2fe5cd3a1.bin,text/california/california__sample-bosentan-letter-pharmacy-pdf__b2fe5cd3a1.txt,693
California,https://medi-calrx.dhcs.ca.gov/cms/medicalrx/static-assets/documents/provider/dur/letters/SAMPLE_Buprenorphine-Letter_Provider.pdf\,linked from https://www.medi-calrx.dhcs.ca.gov/delivery/api/provider/dur.json?crafterSite=medicalrx,404,application/xml,,raw/california/california__sample-buprenorphine-letter-provider-pdf__5b5a7f6b30.bin,text/california/california__sample-buprenorphine-letter-provider-pdf__5b5a7f6b30.txt,703
California,https://medi-calrx.dhcs.ca.gov/cms/medicalrx/static-assets/documents/provider/dur/letters/SAMPLE_GLP-1_DPP-4_Letter_Provider.pdf\,linked from https://www.medi-calrx.dhcs.ca.gov/delivery/api/provider/dur.json?crafterSite=medicalrx,404,application/xml,,raw/california/california__sample-glp-1-dpp-4-letter-provider-pdf__d9a18aa235.bin,text/california/california__sample-glp-1-dpp-4-letter-provider-pdf__d9a18aa235.txt,699
California,https://medi-calrx.dhcs.ca.gov/cms/medicalrx/static-assets/documents/provider/dur/letters/SAMPLE_Naloxone-Letter_Pharmacy.pdf\,linked from https://www.medi-calrx.dhcs.ca.gov/delivery/api/provider/dur.json?crafterSite=medicalrx,404,application/xml,,raw/california/california__sample-naloxone-letter-pharmacy-pdf__293bca86e7.bin,text/california/california__sample-naloxone-letter-pharmacy-pdf__293bca86e7.txt,693
California,https://medi-calrx.dhcs.ca.gov/cms/medicalrx/static-assets/documents/provider/dur/letters/SAMPLE_Naloxone-Letter_Provider.pdf\,linked from https://www.medi-calrx.dhcs.ca.gov/delivery/api/provider/dur.json?crafterSite=medicalrx,404,application/xml,,raw/california/california__sample-naloxone-letter-provider-pdf__94ab1b4b67.bin,text/california/california__sample-naloxone-letter-provider-pdf__94ab1b4b67.txt,693
Colorado,https://hcpf.colorado.gov/pharmacy-and-therapeutics-committee,seed,403,text/html,"The request could not be satisfied 403 ERROR The request could not be satisfied. Request blocked. We can't connect to the server for this app or website at this time. There might be too much traffic or a configuration error. Try again later, or contact the app or website owner. If you provide content to customers through CloudFront, you can find steps to troubleshoot and help prevent this error by reviewing the CloudFront documentation. Generated by cloudfront (CloudFront) Request ID: vnrUWAsx4M9gHlKyqGiqdUucbmkrHCZYQkHd7B3-qpusdSAogXJ5-Q==",raw/colorado/colorado__pharmacy-and-therapeutics-committee__24583d8287.html,text/colorado/colorado__pharmacy-and-therapeutics-committee__24583d8287.txt,699
Colorado,https://hcpf.colorado.gov/pharmacy-resources,seed,403,text/html,"The request could not be satisfied 403 ERROR The request could not be satisfied. Request blocked. We can't connect to the server for this app or website at this time. There might be too much traffic or a configuration error. Try again later, or contact the app or website owner. If you provide content to customers through CloudFront, you can find steps to troubleshoot and help prevent this error by reviewing the CloudFront documentation. Generated by cloudfront (CloudFront) Request ID: Ypw8OCo7hyZKWTgaSS-Z7tTH-FRBD56XcBiex7ihcG0Nctq1kxSgxw==",raw/colorado/colorado__pharmacy-resources__08411accc2.html,text/colorado/colorado__pharmacy-resources__08411accc2.txt,682
Connecticut,https://www.ctdssmap.com/CTPortal/Portals/0/StaticContent/Publications/Anti-Migraine Other.pdf,linked from https://www.ctdssmap.com/CTPortal/?tabname=Pharmacy+Information,,,InvalidURL: URL can't contain control characters. '/CTPortal/Portals/0/StaticContent/Publications/Anti-Migraine Other.pdf' (found at least ' '),raw/connecticut/connecticut__anti-migraine-other-pdf__1ab876a525.error.txt,text/connecticut/connecticut__anti-migraine-other-pdf__1ab876a525.error.txt,397
Connecticut,https://www.ctdssmap.com/CTPortal/Portals/0/StaticContent/Publications/Anticonvulsants.pdf,linked from https://www.ctdssmap.com/CTPortal/?tabname=Pharmacy+Information,200,application/pdf,,raw/connecticut/connecticut__anticonvulsants-pdf__4620b474a7.pdf,text/connecticut/connecticut__anticonvulsants-pdf__4620b474a7.txt,31811
Connecticut,https://www.ctdssmap.com/CTPortal/Portals/0/StaticContent/Publications/Bladder Relaxant.pdf,linked from https://www.ctdssmap.com/CTPortal/?tabname=Pharmacy+Information,,,InvalidURL: URL can't contain control characters. '/CTPortal/Portals/0/StaticContent/Publications/Bladder Relaxant.pdf' (found at least ' '),raw/connecticut/connecticut__bladder-relaxant-pdf__320feb0c78.error.txt,text/connecticut/connecticut__bladder-relaxant-pdf__320feb0c78.error.txt,391
Connecticut,https://www.ctdssmap.com/CTPortal/Portals/0/StaticContent/Publications/CAPS.pdf,linked from https://www.ctdssmap.com/CTPortal/?tabname=Pharmacy+Information,200,application/pdf,,raw/connecticut/connecticut__caps-pdf__cf75c68146.pdf,text/connecticut/connecticut__caps-pdf__cf75c68146.txt,10546
Connecticut,https://www.cga.ct.gov/2021/pub/chap_319v.htm,seed,200,text/html,,raw/connecticut/connecticut__chap-319v-htm__52388963e4.html,text/connecticut/connecticut__chap-319v-htm__52388963e4.txt,552578
Connecticut,https://www.ctdssmap.com/CTPortal/Portals/0/StaticContent/Publications/Claim_Processing_with_Prior_Authorization.pdf,linked from https://www.ctdssmap.com/CTPortal/?tabname=Pharmacy+Information,200,application/pdf,,raw/connecticut/connecticut__claim-processing-with-prior-authorization-pdf__f20ea41b84.pdf,text/connecticut/connecticut__claim-processing-with-prior-authorization-pdf__f20ea41b84.txt,2309
Connecticut,https://www.ctdssmap.com/CTPortal/Portals/0/StaticContent/Publications/Colony Stimulating Factors.pdf,linked from https://www.ctdssmap.com/CTPortal/?tabname=Pharmacy+Information,,,InvalidURL: URL can't contain control characters. '/CTPortal/Portals/0/StaticContent/Publications/Colony Stimulating Factors.pdf' (found at least ' '),raw/connecticut/connecticut__colony-stimulating-factors-pdf__f9c603a024.error.txt,text/connecticut/connecticut__colony-stimulating-factors-pdf__f9c603a024.error.txt,411
Connecticut,https://www.ctdssmap.com/CTPortal/Portals/0/StaticContent/Publications/CT_Diabetic_Supply_Preferred_Product_List.pdf,linked from https://www.ctdssmap.com/CTPortal/?tabname=Pharmacy+Information,200,application/pdf,,raw/connecticut/connecticut__ct-diabetic-supply-preferred-product-list-pdf__95091da7b2.pdf,text/connecticut/connecticut__ct-diabetic-supply-preferred-product-list-pdf__95091da7b2.txt,10543
Connecticut,https://www.ctdssmap.com/CTPortal/Portals/0/StaticContent/Publications/CT_DSPP_prior.pdf,linked from https://www.ctdssmap.com/CTPortal/?tabname=Pharmacy+Information,200,application/pdf,,raw/connecticut/connecticut__ct-dspp-prior-pdf__29c9651b02.pdf,text/connecticut/connecticut__ct-dspp-prior-pdf__29c9651b02.txt,1079
Connecticut,https://www.ctdssmap.com/CTPortal/Portals/0/StaticContent/Publications/CT%20FAMPL%20Formulary%20List.pdf,linked from https://www.ctdssmap.com/CTPortal/?tabname=Pharmacy+Information,200,application/pdf,,raw/connecticut/connecticut__ct-fampl-formulary-list-pdf__80994490cd.pdf,text/connecticut/connecticut__ct-fampl-formulary-list-pdf__80994490cd.txt,2945
Connecticut,https://www.ctdssmap.com/CTPortal/Portals/0/StaticContent/Publications/CT_OTC_Expansion_Coverage.pdf,linked from https://www.ctdssmap.com/CTPortal/?tabname=Pharmacy+Information,200,application/pdf,,raw/connecticut/connecticut__ct-otc-expansion-coverage-pdf__875776524e.pdf,text/connecticut/connecticut__ct-otc-expansion-coverage-pdf__875776524e.txt,2322
Connecticut,https://www.ctdssmap.com/CTPortal/Portals/0/StaticContent/Publications/CT_PDL_alpha.pdf,linked from https://www.ctdssmap.com/CTPortal/?tabname=Pharmacy+Information,200,application/pdf,,raw/connecticut/connecticut__ct-pdl-alpha-pdf__5eece27d2e.pdf,text/connecticut/connecticut__ct-pdl-alpha-pdf__5eece27d2e.txt,46501
Connecticut,https://www.ctdssmap.com/CTPortal/Portals/0/StaticContent/Publications/CT_PDL_Changes.pdf,linked from https://www.ctdssmap.com/CTPortal/?tabname=Pharmacy+Information,200,application/pdf,,raw/connecticut/connecticut__ct-pdl-changes-pdf__e592932824.pdf,text/connecticut/connecticut__ct-pdl-changes-pdf__e592932824.txt,2185
Connecticut,https://www.ctdssmap.com/CTPortal/Portals/0/StaticContent/Publications/CT_PDL_medicaid.pdf,linked from https://www.ctdssmap.com/CTPortal/?tabname=Pharmacy+Information,200,application/pdf,,raw/connecticut/connecticut__ct-pdl-medicaid-pdf__edd106d7de.pdf,text/connecticut/connecticut__ct-pdl-medicaid-pdf__edd106d7de.txt,47997
Connecticut,https://www.ctdssmap.com/CTPortal/Portals/0/StaticContent/Publications/CT_PDL_prior.pdf,linked from https://www.ctdssmap.com/CTPortal/?tabname=Pharmacy+Information,200,application/pdf,,raw/connecticut/connecticut__ct-pdl-prior-pdf__bf59d13fda.pdf,text/connecticut/connecticut__ct-pdl-prior-pdf__bf59d13fda.txt,4058
Connecticut,https://www.ctdssmap.com/CTPortal/Portals/0/StaticContent/Publications/CT_PT_AgendaMinutes.pdf,linked from https://www.ctdssmap.com/CTPortal/?tabname=Pharmacy+Information,200,application/pdf,,raw/connecticut/connecticut__ct-pt-agendaminutes-pdf__1c40866ee4.pdf,text/connecticut/connecticut__ct-pt-agendaminutes-pdf__1c40866ee4.txt,4040
Connecticut,https://www.ctdssmap.com/ctportal/Portals/0/StaticContent/Publications/CT_PT_AgendaMinutes.pdf,seed,200,application/pdf,,raw/connecticut/connecticut__ct-pt-agendaminutes-pdf__55f16c6a78.pdf,text/connecticut/connecticut__ct-pt-agendaminutes-pdf__55f16c6a78.txt,3969
Connecticut,https://www.ctdssmap.com/CTPortal/Portals/0/StaticContent/Publications/CT_PT_COMMITTEE_BYLAWS_v2.pdf,seed,200,application/pdf,,raw/connecticut/connecticut__ct-pt-committee-bylaws-v2-pdf__3718b5a30f.pdf,text/connecticut/connecticut__ct-pt-committee-bylaws-v2-pdf__3718b5a30f.txt,19262
Connecticut,https://www.ctdssmap.com/CTPortal/Portals/0/StaticContent/Publications/CT_PT_COMMITTEE_ETHICS_v2.pdf,linked from https://www.ctdssmap.com/CTPortal/?tabname=Pharmacy+Information,200,application/pdf,,raw/connecticut/connecticut__ct-pt-committee-ethics-v2-pdf__9a5aaa003d.pdf,text/connecticut/connecticut__ct-pt-committee-ethics-v2-pdf__9a5aaa003d.txt,5494
Connecticut,https://www.ctdssmap.com/CTPortal/Portals/0/StaticContent/Publications/CT_PT_Guidelines.pdf,linked from https://www.ctdssmap.com/CTPortal/?tabname=Pharmacy+Information,200,application/pdf,,raw/connecticut/connecticut__ct-pt-guidelines-pdf__55b3dd50da.pdf,text/connecticut/connecticut__ct-pt-guidelines-pdf__55b3dd50da.txt,3530
Connecticut,https://www.ctdssmap.com/CTPortal/Portals/0/StaticContent/Publications/CT_PT_Membership.pdf,linked from https://www.ctdssmap.com/CTPortal/?tabname=Pharmacy+Information,200,application/pdf,,raw/connecticut/connecticut__ct-pt-membership-pdf__9ed4dae68d.pdf,text/connecticut/connecticut__ct-pt-membership-pdf__9ed4dae68d.txt,1893
Connecticut,https://www.ctdssmap.com/ctportal/Portals/0/StaticContent/Publications/CT_PT_Schedule.pdf,seed,200,application/pdf,,raw/connecticut/connecticut__ct-pt-schedule-pdf__2980fd8546.pdf,text/connecticut/connecticut__ct-pt-schedule-pdf__2980fd8546.txt,1266
Connecticut,https://www.ctdssmap.com/CTPortal/Portals/0/StaticContent/Publications/CT_PT_Schedule.pdf,linked from https://www.ctdssmap.com/CTPortal/?tabname=Pharmacy+Information,200,application/pdf,,raw/connecticut/connecticut__ct-pt-schedule-pdf__7adf778a22.pdf,text/connecticut/connecticut__ct-pt-schedule-pdf__7adf778a22.txt,1337
Connecticut,https://www.ctdssmap.com/CTPortal/Portals/0/StaticContent/Publications/CT%20TB%20Formulary%20List.pdf,linked from https://www.ctdssmap.com/CTPortal/?tabname=Pharmacy+Information,200,application/pdf,,raw/connecticut/connecticut__ct-tb-formulary-list-pdf__bc33acd88e.pdf,text/connecticut/connecticut__ct-tb-formulary-list-pdf__bc33acd88e.txt,2432
Connecticut,https://www.ctdssmap.com/CTPortal/?tabname=Pharmacy+Information,seed,200,text/html; charset=utf-8,,raw/connecticut/connecticut__ctportal__6958390884.html,text/connecticut/connecticut__ctportal__6958390884.txt,12284
Connecticut,https://www.ctdssmap.com/CTPortal/Portals/0/StaticContent/Publications/Current_PA_Criteria.pdf,linked from https://www.ctdssmap.com/CTPortal/?tabname=Pharmacy+Information,200,application/pdf,,raw/connecticut/connecticut__current-pa-criteria-pdf__3ef2cc99eb.pdf,text/connecticut/connecticut__current-pa-criteria-pdf__3ef2cc99eb.txt,34172
Connecticut,https://www.ctdssmap.com/CTPortal/Portals/0/StaticContent/Publications/Cytokine_CAM_misc.pdf,linked from https://www.ctdssmap.com/CTPortal/?tabname=Pharmacy+Information,200,application/pdf,,raw/connecticut/connecticut__cytokine-cam-misc-pdf__198b89889a.pdf,text/connecticut/connecticut__cytokine-cam-misc-pdf__198b89889a.txt,15166
Connecticut,https://www.ctdssmap.com/CTPortal/Provider/Drug%20Search/tabId/41/Default.aspx,linked from https://www.ctdssmap.com/CTPortal/?tabname=Pharmacy+Information,200,text/html; charset=utf-8,,raw/connecticut/connecticut__default-aspx__05695133ae.html,text/connecticut/connecticut__default-aspx__05695133ae.txt,5971
Connecticut,https://www.ctdssmap.com/CTPortal/Information/Get%20Download%20File/tabid/30/Default.aspx?Filename=Opioid_PA_Form.pdf&URI=Forms/Opioid_PA_Form.pdf,linked from https://www.ctdssmap.com/CTPortal/?tabname=Pharmacy+Information,200,application/pdf,,raw/connecticut/connecticut__default-aspx__13a8a9eaa5.pdf,text/connecticut/connecticut__default-aspx__13a8a9eaa5.txt,4506
Connecticut,https://www.ctdssmap.com/CTPortal/Information/Get%20Download%20File/tabid/30/Default.aspx?Filename=Spravato_PA_pharmacy.pdf&URI=Forms/Spravato_PA_pharmacy.pdf,linked from https://www.ctdssmap.com/CTPortal/?tabname=Pharmacy+Information,200,application/pdf,,raw/connecticut/connecticut__default-aspx__1526bc5389.pdf,text/connecticut/connecticut__default-aspx__1526bc5389.txt,4972
Connecticut,https://www.ctdssmap.com/CTPortal/Pharmacy%20Information/tabId/54/Default.aspx,linked from https://www.ctdssmap.com/CTPortal/?tabname=Pharmacy+Information,200,text/html; charset=utf-8,,raw/connecticut/connecticut__default-aspx__1c14a73134.html,text/connecticut/connecticut__default-aspx__1c14a73134.txt,12370
Connecticut,https://www.ctdssmap.com/CTPortal/Information/Get%20Download%20File/tabid/30/Default.aspx?Filename=Evrysdi_PA_Form.pdf&URI=Forms/Evrysdi_PA_Form.pdf,linked from https://www.ctdssmap.com/CTPortal/?tabname=Pharmacy+Information,200,application/pdf,,raw/connecticut/connecticut__default-aspx__40626d8e70.pdf,text/connecticut/connecticut__default-aspx__40626d8e70.txt,3769
Connecticut,https://www.ctdssmap.com/CTPortal/Information/Get%20Download%20File/tabid/30/Default.aspx?Filename=Spravato_Prof_Authorization_Form.pdf&URI=Forms/Spravato_Prof_Authorization_Form.pdf,linked from https://www.ctdssmap.com/CTPortal/?tabname=Pharmacy+Information,200,application/pdf,,raw/connecticut/connecticut__default-aspx__504b4c0e11.pdf,text/connecticut/connecticut__default-aspx__504b4c0e11.txt,361
Connecticut,https://www.ctdssmap.com/CTPortal/Information/Get%20Download%20File/tabid/30/Default.aspx?Filename=pharm_PA_form.pdf&URI=Forms/pharm_PA_form.pdf,linked from https://www.ctdssmap.com/CTPortal/?tabname=Pharmacy+Information,200,application/pdf,,raw/connecticut/connecticut__default-aspx__7afa6039bb.pdf,text/connecticut/connecticut__default-aspx__7afa6039bb.txt,11097
Connecticut,https://www.ctdssmap.com/CTPortal/Provider/Provider%20Fee%20Schedule%20Download/tabId/42/Default.aspx,linked from https://www.ctdssmap.com/CTPortal/?tabname=Pharmacy+Information,200,text/html; charset=utf-8,,raw/connecticut/connecticut__default-aspx__8a5557e85f.html,text/connecticut/connecticut__default-aspx__8a5557e85f.txt,13153
Connecticut,https://www.ctdssmap.com/CTPortal/Information/Get%20Download%20File/tabid/30/Default.aspx?Filename=Cystic_Fibrosis_PA_form.pdf&URI=Forms/Cystic_Fibrosis_PA_form.pdf,linked from https://www.ctdssmap.com/CTPortal/?tabname=Pharmacy+Information,200,application/pdf,,raw/connecticut/connecticut__default-aspx__be49620b00.pdf,text/connecticut/connecticut__default-aspx__be49620b00.txt,5747
Connecticut,https://www.ctdssmap.com/CTPortal/Information/Get%20Download%20File/tabid/30/Default.aspx?Filename=Prior_Auth_Search.xlsx&URI=Forms/Prior_Auth_Search.xlsx,linked from https://www.ctdssmap.com/CTPortal/?tabname=Pharmacy+Information,200,application/octet-stream,,raw/connecticut/connecticut__default-aspx__c35c31de8d.bin,text/connecticut/connecticut__default-aspx__c35c31de8d.txt,977653
Connecticut,https://www.ctdssmap.com/CTPortal/Information/Get%20Download%20File/tabid/30/Default.aspx?Filename=Pharm_PA_Form_PPI.pdf&URI=Forms/Pharm Step Ther PA Form.pdf,linked from https://www.ctdssmap.com/CTPortal/?tabname=Pharmacy+Information,,,InvalidURL: URL can't contain control characters. '/CTPortal/Information/Get%20Download%20File/tabid/30/Default.aspx?Filename=Pharm_PA_Form_PPI.pdf&URI=Forms/Pharm Step Ther PA Form.pdf' (found at least ' '),raw/connecticut/connecticut__default-aspx__cd5a50bb77.error.txt,text/connecticut/connecticut__default-aspx__cd5a50bb77.error.txt,525
Connecticut,https://www.ctdssmap.com/CTPortal/Portals/0/StaticContent/Publications/EMDS_Formulary.pdf,linked from https://www.ctdssmap.com/CTPortal/?tabname=Pharmacy+Information,200,application/pdf,,raw/connecticut/connecticut__emds-formulary-pdf__f70d1d93ef.pdf,text/connecticut/connecticut__emds-formulary-pdf__f70d1d93ef.txt,5254
Connecticut,https://www.ctdssmap.com/CTPortal/Portals/0/StaticContent/Publications/Enteral_list.pdf,linked from https://www.ctdssmap.com/CTPortal/?tabname=Pharmacy+Information,200,application/pdf,,raw/connecticut/connecticut__enteral-list-pdf__b01506c810.pdf,text/connecticut/connecticut__enteral-list-pdf__b01506c810.txt,424
Connecticut,https://www.ctdssmap.com/CTPortal/Information/Get-Download-File?Filename=IMD_Asthma_and_Allergy_form.pdf&URI=Forms/IMD_Asthma_and_Allergy_form.pdf,linked from https://www.ctdssmap.com/CTPortal/?tabname=Pharmacy+Information,200,application/pdf,,raw/connecticut/connecticut__get-download-file__1de287e625.pdf,text/connecticut/connecticut__get-download-file__1de287e625.txt,12856
Connecticut,https://www.ctdssmap.com/CTPortal/Information/Get-Download-File?Filename=Bladder_Relaxant_form.pdf&URI=Forms/Bladder_Relaxant_form.pdf,linked from https://www.ctdssmap.com/CTPortal/?tabname=Pharmacy+Information,200,application/pdf,,raw/connecticut/connecticut__get-download-file__25b27313fc.pdf,text/connecticut/connecticut__get-download-file__25b27313fc.txt,12926
Connecticut,https://www.ctdssmap.com/CTPortal/Information/Get-Download-File?Filename=LTC%20PA%20Form.pdf&URI=Forms/LTC%20PA%20Form.pdf,linked from https://www.ctdssmap.com/CTPortal/?tabname=Pharmacy+Information,200,application/pdf,,raw/connecticut/connecticut__get-download-file__4115bd232d.pdf,text/connecticut/connecticut__get-download-file__4115bd232d.txt,2910
Connecticut,https://www.ctdssmap.com/CTPortal/Information/Get-Download-File?Filename=Growth_Hormone_form.pdf&URI=Forms/Growth_Hormone_form.pdf,linked from https://www.ctdssmap.com/CTPortal/?tabname=Pharmacy+Information,200,application/pdf,,raw/connecticut/connecticut__get-download-file__45f4c72826.pdf,text/connecticut/connecticut__get-download-file__45f4c72826.txt,11592
Connecticut,https://www.ctdssmap.com/CTPortal/Information/Get-Download-File?Filename=IL23_1223_form.pdf&URI=Forms/IL23_1223_form.pdf,linked from https://www.ctdssmap.com/CTPortal/?tabname=Pharmacy+Information,200,application/pdf,,raw/connecticut/connecticut__get-download-file__4f7cf84c81.pdf,text/connecticut/connecticut__get-download-file__4f7cf84c81.txt,11851
Connecticut,https://www.ctdssmap.com/CTPortal/Information/Get-Download-File?Filename=Anti-Migraine_Other_form.pdf&URI=Forms/Anti-Migraine_Other_form.pdf,linked from https://www.ctdssmap.com/CTPortal/?tabname=Pharmacy+Information,200,application/pdf,,raw/connecticut/connecticut__get-download-file__55a819751c.pdf,text/connecticut/connecticut__get-download-file__55a819751c.txt,9593
Connecticut,https://www.ctdssmap.com/CTPortal/Information/Get-Download-File?Filename=Wegovy_MACE_PA_Form.pdf&URI=Forms/Wegovy_MACE_PA_Form.pdf,linked from https://www.ctdssmap.com/CTPortal/?tabname=Pharmacy+Information,200,application/pdf,,raw/connecticut/connecticut__get-download-file__621d4114c9.pdf,text/connecticut/connecticut__get-download-file__621d4114c9.txt,5411
Connecticut,https://www.ctdssmap.com/CTPortal/Information/Get-Download-File?Filename=GLP-1_form.pdf&URI=Forms/GLP-1_form.pdf,linked from https://www.ctdssmap.com/CTPortal/?tabname=Pharmacy+Information,200,application/pdf,,raw/connecticut/connecticut__get-download-file__65a17bc2a9.pdf,text/connecticut/connecticut__get-download-file__65a17bc2a9.txt,12653
Connecticut,https://www.ctdssmap.com/CTPortal/Information/Get-Download-File?Filename=Cytokine_CAM_misc_form.pdf&URI=Forms/Cytokine_CAM_misc_form.pdf,linked from https://www.ctdssmap.com/CTPortal/?tabname=Pharmacy+Information,200,application/pdf,,raw/connecticut/connecticut__get-download-file__77932290fd.pdf,text/connecticut/connecticut__get-download-file__77932290fd.txt,14619
Connecticut,https://www.ctdssmap.com/CTPortal/Information/Get-Download-File?Filename=Multiple_Sclerosis_form.pdf&URI=Forms/Multiple_Sclerosis_form.pdf,linked from https://www.ctdssmap.com/CTPortal/?tabname=Pharmacy+Information,200,application/pdf,,raw/connecticut/connecticut__get-download-file__7c6def21f1.pdf,text/connecticut/connecticut__get-download-file__7c6def21f1.txt,24844
Connecticut,https://www.ctdssmap.com/CTPortal/Information/Get-Download-File?Filename=Colony_Stimulating_Factors_form.pdf&URI=Forms/Colony_Stimulating_Factors_form.pdf,linked from https://www.ctdssmap.com/CTPortal/?tabname=Pharmacy+Information,200,application/pdf,,raw/connecticut/connecticut__get-download-file__7e466d7342.pdf,text/connecticut/connecticut__get-download-file__7e466d7342.txt,8330
Connecticut,https://www.ctdssmap.com/CTPortal/Information/Get-Download-File?Filename=TNF_form.pdf&URI=Forms/TNF_form.pdf,linked from https://www.ctdssmap.com/CTPortal/?tabname=Pharmacy+Information,200,application/pdf,,raw/connecticut/connecticut__get-download-file__80871c9908.pdf,text/connecticut/connecticut__get-download-file__80871c9908.txt,12556
Connecticut,https://www.ctdssmap.com/CTPortal/Information/Get-Download-File?Filename=CAPS_form.pdf&URI=Forms/CAPS_form.pdf,linked from https://www.ctdssmap.com/CTPortal/?tabname=Pharmacy+Information,200,application/pdf,,raw/connecticut/connecticut__get-download-file__80debc598a.pdf,text/connecticut/connecticut__get-download-file__80debc598a.txt,8528
Connecticut,https://www.ctdssmap.com/CTPortal/Information/Get-Download-File?Filename=Insulin_Pump_PA_pharmacy.pdf&URI=Forms/Insulin_Pump_PA_pharmacy.pdf,linked from https://www.ctdssmap.com/CTPortal/?tabname=Pharmacy+Information,200,application/pdf,,raw/connecticut/connecticut__get-download-file__91e12a2696.pdf,text/connecticut/connecticut__get-download-file__91e12a2696.txt,4770
Connecticut,https://www.ctdssmap.com/CTPortal/Information/Get-Download-File?Filename=JAK_form.pdf&URI=Forms/JAK_form.pdf,linked from https://www.ctdssmap.com/CTPortal/?tabname=Pharmacy+Information,200,application/pdf,,raw/connecticut/connecticut__get-download-file__a97c2449af.pdf,text/connecticut/connecticut__get-download-file__a97c2449af.txt,17792
Connecticut,https://www.ctdssmap.com/CTPortal/Information/Get-Download-File?Filename=PCSK9%20PA%20FormFinal.pdf&URI=Forms/PCSK9%20PA%20FormFinal.pdf,linked from https://www.ctdssmap.com/CTPortal/?tabname=Pharmacy+Information,200,application/pdf,,raw/connecticut/connecticut__get-download-file__b00f68f5b1.pdf,text/connecticut/connecticut__get-download-file__b00f68f5b1.txt,5334
Connecticut,https://www.ctdssmap.com/CTPortal/Information/Get-Download-File?Filename=Pharm_CGM_PA_Form.pdf&URI=Forms/Pharm_CGM_PA_Form.pdf,linked from https://www.ctdssmap.com/CTPortal/?tabname=Pharmacy+Information,200,application/pdf,,raw/connecticut/connecticut__get-download-file__b9f8c96100.pdf,text/connecticut/connecticut__get-download-file__b9f8c96100.txt,4736
Connecticut,https://www.ctdssmap.com/CTPortal/Information/Get-Download-File?Filename=PAH_form.pdf&URI=Forms/PAH_form.pdf,linked from https://www.ctdssmap.com/CTPortal/?tabname=Pharmacy+Information,200,application/pdf,,raw/connecticut/connecticut__get-download-file__bae3679397.pdf,text/connecticut/connecticut__get-download-file__bae3679397.txt,15341
Connecticut,https://www.ctdssmap.com/CTPortal/Information/Get-Download-File?Filename=IL-17_form.pdf&URI=Forms/IL-17_form.pdf,linked from https://www.ctdssmap.com/CTPortal/?tabname=Pharmacy+Information,200,application/pdf,,raw/connecticut/connecticut__get-download-file__bd593aee52.pdf,text/connecticut/connecticut__get-download-file__bd593aee52.txt,9994
Connecticut,https://www.ctdssmap.com/CTPortal/Information/Get-Download-File?Filename=Wegovy_MASH_PA_Form.pdf&URI=Forms/Wegovy_MASH_PA_Form.pdf,linked from https://www.ctdssmap.com/CTPortal/?tabname=Pharmacy+Information,200,application/pdf,,raw/connecticut/connecticut__get-download-file__db6d4b142c.pdf,text/connecticut/connecticut__get-download-file__db6d4b142c.txt,4436
Connecticut,https://www.ctdssmap.com/CTPortal/Information/Get-Download-File?Filename=Anticonvulsants_form.pdf&URI=Forms/Anticonvulsants_form.pdf,linked from https://www.ctdssmap.com/CTPortal/?tabname=Pharmacy+Information,200,application/pdf,,raw/connecticut/connecticut__get-download-file__e2950e721d.pdf,text/connecticut/connecticut__get-download-file__e2950e721d.txt,17562
Connecticut,https://www.ctdssmap.com/CTPortal/Information/Get-Download-File?Filename=Zepbound_for_OSA_PA_Form.pdf&URI=Forms/Zepbound_for_OSA_PA_Form.pdf,linked from https://www.ctdssmap.com/CTPortal/?tabname=Pharmacy+Information,200,application/pdf,,raw/connecticut/connecticut__get-download-file__eac03b596e.pdf,text/connecticut/connecticut__get-download-file__eac03b596e.txt,5400
Connecticut,https://www.ctdssmap.com/CTPortal/Information/Get-Download-File?Filename=IL6_form.pdf&URI=Forms/IL6_form.pdf,linked from https://www.ctdssmap.com/CTPortal/?tabname=Pharmacy+Information,200,application/pdf,,raw/connecticut/connecticut__get-download-file__ebde175f99.pdf,text/connecticut/connecticut__get-download-file__ebde175f99.txt,10439
Connecticut,https://www.ctdssmap.com/CTPortal/Information/Get-Download-File?Filename=Topical_Antipsoriatics_form.pdf&URI=Forms/Topical_Antipsoriatics_form.pdf,linked from https://www.ctdssmap.com/CTPortal/?tabname=Pharmacy+Information,200,application/pdf,,raw/connecticut/connecticut__get-download-file__fd33af48f7.pdf,text/connecticut/connecticut__get-download-file__fd33af48f7.txt,12737
Connecticut,https://www.ctdssmap.com/CTPortal/Portals/0/StaticContent/Publications/GLP-1.pdf,linked from https://www.ctdssmap.com/CTPortal/?tabname=Pharmacy+Information,200,application/pdf,,raw/connecticut/connecticut__glp-1-pdf__eb8c919c4c.pdf,text/connecticut/connecticut__glp-1-pdf__eb8c919c4c.txt,12323
Connecticut,https://www.ctdssmap.com/CTPortal/Portals/0/StaticContent/Publications/GLP1_Flyer.pdf,linked from https://www.ctdssmap.com/CTPortal/?tabname=Pharmacy+Information,200,application/pdf,,raw/connecticut/connecticut__glp1-flyer-pdf__0a90467e7c.pdf,text/connecticut/connecticut__glp1-flyer-pdf__0a90467e7c.txt,1355
Connecticut,https://www.ctdssmap.com/CTPortal/Portals/0/StaticContent/Publications/Growth Hormone.pdf,linked from https://www.ctdssmap.com/CTPortal/?tabname=Pharmacy+Information,,,InvalidURL: URL can't contain control characters. '/CTPortal/Portals/0/StaticContent/Publications/Growth Hormone.pdf' (found at least ' '),raw/connecticut/connecticut__growth-hormone-pdf__a0e61a2b78.error.txt,text/connecticut/connecticut__growth-hormone-pdf__a0e61a2b78.error.txt,387
Connecticut,https://www.ctdssmap.com/CTPortal/Portals/0/StaticContent/Publications/HUSKY_Renewals_Poster.pdf,linked from https://www.ctdssmap.com/CTPortal/?tabname=Pharmacy+Information,200,application/pdf,,raw/connecticut/connecticut__husky-renewals-poster-pdf__4d1e33e562.pdf,text/connecticut/connecticut__husky-renewals-poster-pdf__4d1e33e562.txt,1184
Connecticut,https://www.ctdssmap.com/CTPortal/DesktopModules/iC_BasePage/Help/iCHelp.aspx?Key=iC_Page_PharmacyInformation,linked from https://www.ctdssmap.com/CTPortal/?tabname=Pharmacy+Information,200,text/html; charset=utf-8,,raw/connecticut/connecticut__ichelp-aspx__a0b43bc476.html,text/connecticut/connecticut__ichelp-aspx__a0b43bc476.txt,2676
Connecticut,https://www.ctdssmap.com/CTPortal/Portals/0/StaticContent/Publications/IL-17.pdf,linked from https://www.ctdssmap.com/CTPortal/?tabname=Pharmacy+Information,200,application/pdf,,raw/connecticut/connecticut__il-17-pdf__75d5de8495.pdf,text/connecticut/connecticut__il-17-pdf__75d5de8495.txt,12751
Connecticut,https://www.ctdssmap.com/CTPortal/Portals/0/StaticContent/Publications/IL23_1223.pdf,linked from https://www.ctdssmap.com/CTPortal/?tabname=Pharmacy+Information,200,application/pdf,,raw/connecticut/connecticut__il23-1223-pdf__b7b24f5d2f.pdf,text/connecticut/connecticut__il23-1223-pdf__b7b24f5d2f.txt,11810
Connecticut,https://www.ctdssmap.com/CTPortal/Portals/0/StaticContent/Publications/IL6.pdf,linked from https://www.ctdssmap.com/CTPortal/?tabname=Pharmacy+Information,200,application/pdf,,raw/connecticut/connecticut__il6-pdf__03c755f9c8.pdf,text/connecticut/connecticut__il6-pdf__03c755f9c8.txt,14049
Connecticut,https://www.ctdssmap.com/CTPortal/Portals/0/StaticContent/Publications/IMD_Asthma and Allergy.pdf,linked from https://www.ctdssmap.com/CTPortal/?tabname=Pharmacy+Information,,,InvalidURL: URL can't contain control characters. '/CTPortal/Portals/0/StaticContent/Publications/IMD_Asthma and Allergy.pdf' (found at least ' '),raw/connecticut/connecticut__imd-asthma-and-allergy-pdf__ae81366e3a.error.txt,text/connecticut/connecticut__imd-asthma-and-allergy-pdf__ae81366e3a.error.txt,403
Connecticut,https://www.ctdssmap.com/CTPortal/Portals/0/StaticContent/Publications/Inability_to_Fill_Prescription_Flyer.pdf,linked from https://www.ctdssmap.com/CTPortal/?tabname=Pharmacy+Information,200,application/pdf,,raw/connecticut/connecticut__inability-to-fill-prescription-flyer-pdf__1ac8f40515.pdf,text/connecticut/connecticut__inability-to-fill-prescription-flyer-pdf__1ac8f40515.txt,2121
Connecticut,https://www.ctdssmap.com/CTPortal/Portals/0/StaticContent/Publications/JAK.pdf,linked from https://www.ctdssmap.com/CTPortal/?tabname=Pharmacy+Information,200,application/pdf,,raw/connecticut/connecticut__jak-pdf__6a23ce81e9.pdf,text/connecticut/connecticut__jak-pdf__6a23ce81e9.txt,26194
Connecticut,https://www.ctdssmap.com/CTPortal/Portals/0/StaticContent/Publications/Multiple_Sclerosis_Injectable.pdf,linked from https://www.ctdssmap.com/CTPortal/?tabname=Pharmacy+Information,200,application/pdf,,raw/connecticut/connecticut__multiple-sclerosis-injectable-pdf__c3b7aac8ce.pdf,text/connecticut/connecticut__multiple-sclerosis-injectable-pdf__c3b7aac8ce.txt,15972
Connecticut,https://www.ctdssmap.com/CTPortal/Portals/0/StaticContent/Publications/Multiple_Sclerosis_Oral.pdf,linked from https://www.ctdssmap.com/CTPortal/?tabname=Pharmacy+Information,200,application/pdf,,raw/connecticut/connecticut__multiple-sclerosis-oral-pdf__99d3973b64.pdf,text/connecticut/connecticut__multiple-sclerosis-oral-pdf__99d3973b64.txt,18680
Connecticut,https://www.ctdssmap.com/CTPortal/Portals/0/StaticContent/Publications/NH_Drug_Ret_Prog.pdf,linked from https://www.ctdssmap.com/CTPortal/?tabname=Pharmacy+Information,200,application/pdf,,raw/connecticut/connecticut__nh-drug-ret-prog-pdf__aa315ee1e5.pdf,text/connecticut/connecticut__nh-drug-ret-prog-pdf__aa315ee1e5.txt,3088
Connecticut,https://www.ctdssmap.com/CTPortal/Portals/0/StaticContent/Publications/Optimal%20Dose%20List.pdf,linked from https://www.ctdssmap.com/CTPortal/?tabname=Pharmacy+Information,200,application/pdf,,raw/connecticut/connecticut__optimal-dose-list-pdf__3c9ce144b0.pdf,text/connecticut/connecticut__optimal-dose-list-pdf__3c9ce144b0.txt,7273
Connecticut,https://www.ctdssmap.com/CTPortal/Portals/0/StaticContent/Publications/PAH_ERA.pdf,linked from https://www.ctdssmap.com/CTPortal/?tabname=Pharmacy+Information,200,application/pdf,,raw/connecticut/connecticut__pah-era-pdf__c3e6aca2ff.pdf,text/connecticut/connecticut__pah-era-pdf__c3e6aca2ff.txt,9329
Connecticut,https://www.ctdssmap.com/CTPortal/Portals/0/StaticContent/Publications/PAH_PDE5_GCS.pdf,linked from https://www.ctdssmap.com/CTPortal/?tabname=Pharmacy+Information,200,application/pdf,,raw/connecticut/connecticut__pah-pde5-gcs-pdf__f01a5fc063.pdf,text/connecticut/connecticut__pah-pde5-gcs-pdf__f01a5fc063.txt,10760
Connecticut,https://www.ctdssmap.com/CTPortal/Portals/0/StaticContent/Publications/PAH_Prostacyclins_Inhaled.pdf,linked from https://www.ctdssmap.com/CTPortal/?tabname=Pharmacy+Information,200,application/pdf,,raw/connecticut/connecticut__pah-prostacyclins-inhaled-pdf__6abf1c7a29.pdf,text/connecticut/connecticut__pah-prostacyclins-inhaled-pdf__6abf1c7a29.txt,6827
Connecticut,https://www.ctdssmap.com/CTPortal/Portals/0/StaticContent/Publications/PAH_Prostacyclins_Oral.pdf,linked from https://www.ctdssmap.com/CTPortal/?tabname=Pharmacy+Information,200,application/pdf,,raw/connecticut/connecticut__pah-prostacyclins-oral-pdf__70bf8a9dfe.pdf,text/connecticut/connecticut__pah-prostacyclins-oral-pdf__70bf8a9dfe.txt,9089
Connecticut,https://www.ctdssmap.com/CTPortal/Pharmacy-Information,linked from https://www.ctdssmap.com/CTPortal/?tabname=Pharmacy+Information,200,text/html; charset=utf-8,,raw/connecticut/connecticut__pharmacy-information__8b65e19a43.html,text/connecticut/connecticut__pharmacy-information__8b65e19a43.txt,12346
Connecticut,https://www.ctdssmap.com/CTPortal/Portals/0/StaticContent/Publications/Pharmacy_Provider_Directory.xlsx,linked from https://www.ctdssmap.com/CTPortal/?tabname=Pharmacy+Information,200,application/vnd.openxmlformats-officedocument.spreadsheetml.sheet,,raw/connecticut/connecticut__pharmacy-provider-directory-xlsx__ff2873af7e.bin,text/connecticut/connecticut__pharmacy-provider-directory-xlsx__ff2873af7e.txt,161962
Connecticut,https://www.ctdssmap.com/CTPortal/Portals/0/StaticContent/Publications/pharmacy_reject_codes.pdf,linked from https://www.ctdssmap.com/CTPortal/?tabname=Pharmacy+Information,200,application/pdf,,raw/connecticut/connecticut__pharmacy-reject-codes-pdf__2740bcb651.pdf,text/connecticut/connecticut__pharmacy-reject-codes-pdf__2740bcb651.txt,21835
Connecticut,https://www.ctdssmap.com/CTPortal/Portals/0/StaticContent/Publications/Pricing_Claims.pdf,linked from https://www.ctdssmap.com/CTPortal/?tabname=Pharmacy+Information,200,application/pdf,,raw/connecticut/connecticut__pricing-claims-pdf__6e47fef163.pdf,text/connecticut/connecticut__pricing-claims-pdf__6e47fef163.txt,2553
Connecticut,https://www.ctdssmap.com/CTPortal/Portals/0/StaticContent/Publications/RBT2015-Federal.pdf,linked from https://www.ctdssmap.com/CTPortal/?tabname=Pharmacy+Information,200,application/pdf,,raw/connecticut/connecticut__rbt2015-federal-pdf__6fd6d00ce4.pdf,text/connecticut/connecticut__rbt2015-federal-pdf__6fd6d00ce4.txt,1647
Connecticut,https://www.ctdssmap.com/CTPortal/Portals/0/StaticContent/Publications/rbt2015-huskyb.pdf,linked from https://www.ctdssmap.com/CTPortal/?tabname=Pharmacy+Information,200,application/pdf,,raw/connecticut/connecticut__rbt2015-huskyb-pdf__b838cca5de.pdf,text/connecticut/connecticut__rbt2015-huskyb-pdf__b838cca5de.txt,308
Connecticut,https://www.ctdssmap.com/CTPortal/Portals/0/StaticContent/Publications/Request_For_Back_Dated_PA.pdf,linked from https://www.ctdssmap.com/CTPortal/?tabname=Pharmacy+Information,200,application/pdf,,raw/connecticut/connecticut__request-for-back-dated-pa-pdf__5c317228da.pdf,text/connecticut/connecticut__request-for-back-dated-pa-pdf__5c317228da.txt,1764
Connecticut,https://www.ctdssmap.com/CTPortal/Portals/0/StaticContent/Publications/State_Laws_Requirements_for_PA.pdf,linked from https://www.ctdssmap.com/CTPortal/?tabname=Pharmacy+Information,200,application/pdf,,raw/connecticut/connecticut__state-laws-requirements-for-pa-pdf__118afe7c41.pdf,text/connecticut/connecticut__state-laws-requirements-for-pa-pdf__118afe7c41.txt,4578
Connecticut,https://www.ctdssmap.com/CTPortal/Portals/0/StaticContent/Publications/Temporary_Supply_Flyer.pdf,linked from https://www.ctdssmap.com/CTPortal/?tabname=Pharmacy+Information,200,application/pdf,,raw/connecticut/connecticut__temporary-supply-flyer-pdf__156cb0d06e.pdf,text/connecticut/connecticut__temporary-supply-flyer-pdf__156cb0d06e.txt,2893
Connecticut,https://www.ctdssmap.com/CTPortal/Portals/0/StaticContent/Publications/Therapuetic_List.pdf,linked from https://www.ctdssmap.com/CTPortal/?tabname=Pharmacy+Information,200,application/pdf,,raw/connecticut/connecticut__therapuetic-list-pdf__c75387310e.pdf,text/connecticut/connecticut__therapuetic-list-pdf__c75387310e.txt,21883
Connecticut,https://www.ctdssmap.com/CTPortal/Portals/0/StaticContent/Publications/TNF.pdf,linked from https://www.ctdssmap.com/CTPortal/?tabname=Pharmacy+Information,200,application/pdf,,raw/connecticut/connecticut__tnf-pdf__5dfea1083b.pdf,text/connecticut/connecticut__tnf-pdf__5dfea1083b.txt,16185
Connecticut,https://www.ctdssmap.com/CTPortal/Portals/0/StaticContent/Publications/TOP$Information.pdf,linked from https://www.ctdssmap.com/CTPortal/?tabname=Pharmacy+Information,200,application/pdf,,raw/connecticut/connecticut__top-information-pdf__e6a5fb3f41.pdf,text/connecticut/connecticut__top-information-pdf__e6a5fb3f41.txt,4426
Connecticut,https://www.ctdssmap.com/CTPortal/Portals/0/StaticContent/Publications/Topical_Antipsoriatics.pdf,linked from https://www.ctdssmap.com/CTPortal/?tabname=Pharmacy+Information,200,application/pdf,,raw/connecticut/connecticut__topical-antipsoriatics-pdf__48a2b9585d.pdf,text/connecticut/connecticut__topical-antipsoriatics-pdf__48a2b9585d.txt,12276
Connecticut,https://www.ctdssmap.com/CTPortal/Portals/0/StaticContent/Publications/Updated Prior Authorization Required Notice.pdf,linked from https://www.ctdssmap.com/CTPortal/?tabname=Pharmacy+Information,,,InvalidURL: URL can't contain control characters. '/CTPortal/Portals/0/StaticContent/Publications/Updated Prior Authorization Required Notice.pdf' (found at least ' '),raw/connecticut/connecticut__updated-prior-authorization-required-notice-pdf__0663a6a352.error.txt,text/connecticut/connecticut__updated-prior-authorization-required-notice-pdf__0663a6a352.error.txt,445
Delaware,https://medicaid.dhss.delaware.gov/provider/Home/PharmacyCornerLanding/tabid/2096/Default.aspx?AspxAutoDetectCookieSupport=1,seed,302,text/html; charset=utf-8,,raw/delaware/delaware__default-aspx__24ebb74794.html,text/delaware/delaware__default-aspx__24ebb74794.txt,259
Delaware,https://medicaidpublications.dhss.delaware.gov/docs/DesktopModules/Bring2mind/DMX/API/Entries/Download?Command=Core_Download&EntryId=392&PortalId=0&TabId=94&language=en-US,seed,200,application/pdf,,raw/delaware/delaware__download__a1fe6e4f64.pdf,text/delaware/delaware__download__a1fe6e4f64.txt,10319
Delaware,https://medicaidpublications.dhss.delaware.gov/docs/search?Command=Core_Download&EntryId=1955,seed,200,application/pdf,,raw/delaware/delaware__search__0f84477bb6.pdf,text/delaware/delaware__search__0f84477bb6.txt,6430
Delaware,https://medicaidpublications.dhss.delaware.gov/docs/search?Command=Core_Download&EntryId=1954,seed,200,application/pdf,,raw/delaware/delaware__search__18d71ed21a.pdf,text/delaware/delaware__search__18d71ed21a.txt,2690
Delaware,https://medicaidpublications.dhss.delaware.gov/docs/search?Command=Core_Download&EntryId=393,seed,200,application/pdf,,raw/delaware/delaware__search__fb76667228.pdf,text/delaware/delaware__search__fb76667228.txt,4711
Florida,https://ahca.myflorida.com/medicaid/prescribed-drugs/additional-information,linked from https://ahca.myflorida.com/medicaid/prescribed-drugs/pharmacy-meeting-notices,200,text/html; charset=UTF-8,,raw/florida/florida__additional-information__a7c302526e.html,text/florida/florida__additional-information__a7c302526e.txt,6909
Florida,https://ahca.myflorida.com/medicaid/agency-dashboards,linked from https://ahca.myflorida.com/medicaid/prescribed-drugs/medicaid-pharmaceutical-therapeutics-committee,200,text/html; charset=UTF-8,,raw/florida/florida__agency-dashboards__83ad540406.html,text/florida/florida__agency-dashboards__83ad540406.txt,7474
Florida,https://ahca.myflorida.com/site/medicaid/agency-dashboards,linked from https://ahca.myflorida.com/site/medicaid/prescribed-drugs/medicaid-pharmaceutical-therapeutics-committee/florida-medicaid-preferred-drug-list-pdl,200,text/html; charset=UTF-8,,raw/florida/florida__agency-dashboards__86327d8a42.html,text/florida/florida__agency-dashboards__86327d8a42.txt,7525
Florida,https://ahca.myflorida.com/medicaid/prescribed-drugs/behavioral-health-medication-management-resources,linked from https://ahca.myflorida.com/medicaid/prescribed-drugs/pharmacy-meeting-notices,200,text/html; charset=UTF-8,,raw/florida/florida__behavioral-health-medication-management-resources__939ffcaff0.html,text/florida/florida__behavioral-health-medication-management-resources__939ffcaff0.txt,9517
Florida,https://ahca.myflorida.com/medicaid/prescribed-drugs/counterfeit-proof-prescription-blank-program,linked from https://ahca.myflorida.com/medicaid/prescribed-drugs/pharmacy-meeting-notices,200,text/html; charset=UTF-8,,raw/florida/florida__counterfeit-proof-prescription-blank-program__0340c91a5a.html,text/florida/florida__counterfeit-proof-prescription-blank-program__0340c91a5a.txt,7085
Florida,https://ahca.myflorida.com/content/download/28644/file/December%20P%26T%20PDL%2004.01.2026.pdf,linked from https://ahca.myflorida.com/site/medicaid/prescribed-drugs/medicaid-pharmaceutical-therapeutics-committee/florida-medicaid-preferred-drug-list-pdl,200,application/pdf,,raw/florida/florida__december-p-t-pdl-04-01-2026-pdf__ba72beac63.pdf,text/florida/florida__december-p-t-pdl-04-01-2026-pdf__ba72beac63.txt,314764
Florida,https://ahca.myflorida.com/medicaid/prescribed-drugs/drug-criteria,linked from https://ahca.myflorida.com/medicaid/prescribed-drugs/pharmacy-meeting-notices,200,text/html; charset=UTF-8,,raw/florida/florida__drug-criteria__89206659de.html,text/florida/florida__drug-criteria__89206659de.txt,24096
Florida,https://ahca.myflorida.com/medicaid/prescribed-drugs/drug-utilization-review-board,linked from https://ahca.myflorida.com/medicaid/prescribed-drugs/pharmacy-meeting-notices,200,text/html; charset=UTF-8,,raw/florida/florida__drug-utilization-review-board__5cc7502f13.html,text/florida/florida__drug-utilization-review-board__5cc7502f13.txt,7551
Florida,https://ahca.myflorida.com/medicaid/prescribed-drugs/early-and-periodic-screening-diagnostic-and-treatment-epsdt-benefit,linked from https://ahca.myflorida.com/medicaid/prescribed-drugs/pharmacy-meeting-notices,200,text/html; charset=UTF-8,,raw/florida/florida__early-and-periodic-screening-diagnostic-and-treatment-epsdt-benefit__8af9b7ed5d.html,text/florida/florida__early-and-periodic-screening-diagnostic-and-treatment-epsdt-benefit__8af9b7ed5d.txt,6797
Florida,https://ahca.myflorida.com/content/download/28896/file/Florida%20Medicaid%20Final%20%201%20DUR%20Agenda%20for%20June%202026%20Finalized%205.4.26.pdf,linked from https://ahca.myflorida.com/medicaid/prescribed-drugs/pharmacy-meeting-notices,200,application/pdf,,raw/florida/florida__florida-medicaid-final-1-dur-agenda-for-june-2026-finalized-5-4-26-pdf__a64a6fcd92.pdf,text/florida/florida__florida-medicaid-final-1-dur-agenda-for-june-2026-finalized-5-4-26-pdf__a64a6fcd92.txt,2236
Florida,https://ahca.myflorida.com/medicaid/prescribed-drugs/medicaid-pharmaceutical-therapeutics-committee/florida-medicaid-preferred-drug-list-pdl,linked from https://ahca.myflorida.com/medicaid/prescribed-drugs/medicaid-pharmaceutical-therapeutics-committee,200,text/html; charset=UTF-8,,raw/florida/florida__florida-medicaid-preferred-drug-list-pdl__3a37d64491.html,text/florida/florida__florida-medicaid-preferred-drug-list-pdl__3a37d64491.txt,7822
Florida,https://ahca.myflorida.com/site/medicaid/prescribed-drugs/medicaid-pharmaceutical-therapeutics-committee/florida-medicaid-preferred-drug-list-pdl,seed,200,text/html; charset=UTF-8,,raw/florida/florida__florida-medicaid-preferred-drug-list-pdl__92af1c3bd9.html,text/florida/florida__florida-medicaid-preferred-drug-list-pdl__92af1c3bd9.txt,7720
Florida,https://ahca.myflorida.com/medicaid/prescribed-drugs/florida-medicaid-preferred-drug-program,linked from https://ahca.myflorida.com/medicaid/prescribed-drugs/pharmacy-meeting-notices,200,text/html; charset=UTF-8,,raw/florida/florida__florida-medicaid-preferred-drug-program__72266703b6.html,text/florida/florida__florida-medicaid-preferred-drug-program__72266703b6.txt,6881
Florida,https://ahca.myflorida.com/content/download/26515/file/FloridaMedicaid_PT%20Agenda%20June%202025%20finalized.pdf,seed,200,application/pdf,,raw/florida/florida__floridamedicaid-pt-agenda-june-2025-finalized-pdf__70860b28fc.pdf,text/florida/florida__floridamedicaid-pt-agenda-june-2025-finalized-pdf__70860b28fc.txt,4907
Florida,https://ahca.myflorida.com/content/download/28897/file/FloridaMedicaid_PT%20Agenda%20June%202026%20-Finalvs2.pdf,linked from https://ahca.myflorida.com/medicaid/prescribed-drugs/pharmacy-meeting-notices,200,application/pdf,,raw/florida/florida__floridamedicaid-pt-agenda-june-2026-finalvs2-pdf__94d4cf13d8.pdf,text/florida/florida__floridamedicaid-pt-agenda-june-2026-finalvs2-pdf__94d4cf13d8.txt,4047
Florida,https://ahca.myflorida.com/content/download/27012/file/FloridaMedicaid_PT%20Agenda%20September%208.20.25%20Finalized%20.pdf,seed,200,application/pdf,,raw/florida/florida__floridamedicaid-pt-agenda-september-8-20-25-finalized-pdf__2a8481572c.pdf,text/florida/florida__floridamedicaid-pt-agenda-september-8-20-25-finalized-pdf__2a8481572c.txt,5607
Florida,https://ahca.myflorida.com/medicaid/prescribed-drugs/medicaid-pharmaceutical-therapeutics-committee,seed,200,text/html; charset=UTF-8,,raw/florida/florida__medicaid-pharmaceutical-therapeutics-committee__869816b4cb.html,text/florida/florida__medicaid-pharmaceutical-therapeutics-committee__869816b4cb.txt,7118
Florida,https://ahca.myflorida.com/site/medicaid/prescribed-drugs/medicaid-pharmaceutical-therapeutics-committee,linked from https://ahca.myflorida.com/site/medicaid/prescribed-drugs/medicaid-pharmaceutical-therapeutics-committee/florida-medicaid-preferred-drug-list-pdl,200,text/html; charset=UTF-8,,raw/florida/florida__medicaid-pharmaceutical-therapeutics-committee__df2ea8d121.html,text/florida/florida__medicaid-pharmaceutical-therapeutics-committee__df2ea8d121.txt,7276
Florida,https://ahca.myflorida.com/site/medicaid/medicaid-policy-quality-and-operations,linked from https://ahca.myflorida.com/site/medicaid/prescribed-drugs/medicaid-pharmaceutical-therapeutics-committee/florida-medicaid-preferred-drug-list-pdl,200,text/html; charset=UTF-8,,raw/florida/florida__medicaid-policy-quality-and-operations__2d5e2623be.html,text/florida/florida__medicaid-policy-quality-and-operations__2d5e2623be.txt,6073
Florida,https://ahca.myflorida.com/medicaid/medicaid-policy-quality-and-operations,linked from https://ahca.myflorida.com/medicaid/prescribed-drugs/medicaid-pharmaceutical-therapeutics-committee,200,text/html; charset=UTF-8,,raw/florida/florida__medicaid-policy-quality-and-operations__e41b6e6a1a.html,text/florida/florida__medicaid-policy-quality-and-operations__e41b6e6a1a.txt,6022
Florida,https://ahca.myflorida.com/public-meetings/notice-of-meeting-workshop-hearing-pharmaceutical-therapeutics-committee4,seed,200,text/html; charset=UTF-8,,raw/florida/florida__notice-of-meeting-workshop-hearing-pharmaceutical-therapeutics-committee4__59d7bab8a9.html,text/florida/florida__notice-of-meeting-workshop-hearing-pharmaceutical-therapeutics-committee4__59d7bab8a9.txt,7018
Florida,https://ahca.myflorida.com/site/public-meetings/notice-of-meeting-workshop-hearing-pharmaceutical-therapeutics-committee5,seed,200,text/html; charset=UTF-8,,raw/florida/florida__notice-of-meeting-workshop-hearing-pharmaceutical-therapeutics-committee5__eb0b7d5ef6.html,text/florida/florida__notice-of-meeting-workshop-hearing-pharmaceutical-therapeutics-committee5__eb0b7d5ef6.txt,8807
Florida,https://ahca.myflorida.com/medicaid/prescribed-drugs/ombudsman-program,linked from https://ahca.myflorida.com/medicaid/prescribed-drugs/pharmacy-meeting-notices,200,text/html; charset=UTF-8,,raw/florida/florida__ombudsman-program__7f7a3cf5e3.html,text/florida/florida__ombudsman-program__7f7a3cf5e3.txt,8394
Florida,https://ahca.myflorida.com/content/download/8912/file/P%26T%20Committee%20Members%20%28updated%2007-24-25%29%20%28website%20update%29.pdf,linked from https://ahca.myflorida.com/medicaid/prescribed-drugs/medicaid-pharmaceutical-therapeutics-committee,200,application/pdf,,raw/florida/florida__p-t-committee-members-updated-07-24-25-website-update-pdf__d5b3654487.pdf,text/florida/florida__p-t-committee-members-updated-07-24-25-website-update-pdf__d5b3654487.txt,932
Florida,https://ahca.myflorida.com/medicaid/prescribed-drugs/pharmacy-meeting-notices,seed,200,text/html; charset=UTF-8,,raw/florida/florida__pharmacy-meeting-notices__5bc1baed9c.html,text/florida/florida__pharmacy-meeting-notices__5bc1baed9c.txt,8418
Florida,https://ahca.myflorida.com/medicaid/prescribed-drugs/medicaid-pharmaceutical-therapeutics-committee/pharmacy-prior-authorization-forms,linked from https://ahca.myflorida.com/medicaid/prescribed-drugs/medicaid-pharmaceutical-therapeutics-committee,200,text/html; charset=UTF-8,,raw/florida/florida__pharmacy-prior-authorization-forms__9a1807a6c5.html,text/florida/florida__pharmacy-prior-authorization-forms__9a1807a6c5.txt,8688
Florida,https://ahca.myflorida.com/site/medicaid/prescribed-drugs/medicaid-pharmaceutical-therapeutics-committee/pharmacy-prior-authorization-forms,linked from https://ahca.myflorida.com/site/medicaid/prescribed-drugs/medicaid-pharmaceutical-therapeutics-committee/florida-medicaid-preferred-drug-list-pdl,200,text/html; charset=UTF-8,,raw/florida/florida__pharmacy-prior-authorization-forms__e35d846ce3.html,text/florida/florida__pharmacy-prior-authorization-forms__e35d846ce3.txt,8739
Florida,https://ahca.myflorida.com/medicaid/prescribed-drugs/pharmacy-reports-and-presentations,linked from https://ahca.myflorida.com/medicaid/prescribed-drugs/pharmacy-meeting-notices,200,text/html; charset=UTF-8,,raw/florida/florida__pharmacy-reports-and-presentations__65a76e29fe.html,text/florida/florida__pharmacy-reports-and-presentations__65a76e29fe.txt,7495
Florida,https://ahca.myflorida.com/medicaid/prescribed-drugs,linked from https://ahca.myflorida.com/medicaid/prescribed-drugs/medicaid-pharmaceutical-therapeutics-committee,200,text/html; charset=UTF-8,,raw/florida/florida__prescribed-drugs__84c160df52.html,text/florida/florida__prescribed-drugs__84c160df52.txt,6688
Florida,https://ahca.myflorida.com/site/medicaid/prescribed-drugs,linked from https://ahca.myflorida.com/site/medicaid/prescribed-drugs/medicaid-pharmaceutical-therapeutics-committee/florida-medicaid-preferred-drug-list-pdl,200,text/html; charset=UTF-8,,raw/florida/florida__prescribed-drugs__fe7926083a.html,text/florida/florida__prescribed-drugs__fe7926083a.txt,6739
Florida,https://ahca.myflorida.com/public-meetings,linked from https://ahca.myflorida.com/medicaid/prescribed-drugs/medicaid-pharmaceutical-therapeutics-committee,200,text/html; charset=UTF-8,,raw/florida/florida__public-meetings__0cb54a52d2.html,text/florida/florida__public-meetings__0cb54a52d2.txt,5751
Florida,https://ahca.myflorida.com/site/public-meetings,linked from https://ahca.myflorida.com/site/medicaid/prescribed-drugs/medicaid-pharmaceutical-therapeutics-committee/florida-medicaid-preferred-drug-list-pdl,200,text/html; charset=UTF-8,,raw/florida/florida__public-meetings__0f5499ad8b.html,text/florida/florida__public-meetings__0f5499ad8b.txt,5802
Florida,https://ahca.myflorida.com/content/download/28646/file/Quick%20Reference%20Guide%20Effective%20APRIL%201%202026.pdf,linked from https://ahca.myflorida.com/site/medicaid/prescribed-drugs/medicaid-pharmaceutical-therapeutics-committee/florida-medicaid-preferred-drug-list-pdl,200,application/pdf,,raw/florida/florida__quick-reference-guide-effective-april-1-2026-pdf__53da8a2435.pdf,text/florida/florida__quick-reference-guide-effective-april-1-2026-pdf__53da8a2435.txt,20352
Florida,https://ahca.myflorida.com/medicaid/prescribed-drugs/remittance-advice-provider-alerts,linked from https://ahca.myflorida.com/medicaid/prescribed-drugs/pharmacy-meeting-notices,200,text/html; charset=UTF-8,,raw/florida/florida__remittance-advice-provider-alerts__c0fb944e8e.html,text/florida/florida__remittance-advice-provider-alerts__c0fb944e8e.txt,73984
Florida,https://ahca.myflorida.com/medicaid/prescribed-drugs/state-maximum-allowed-cost-smac,linked from https://ahca.myflorida.com/medicaid/prescribed-drugs/pharmacy-meeting-notices,200,text/html; charset=UTF-8,,raw/florida/florida__state-maximum-allowed-cost-smac__37e843c7e5.html,text/florida/florida__state-maximum-allowed-cost-smac__37e843c7e5.txt,6442
Florida,https://ahca.myflorida.com/content/download/28645/file/Summary%20of%20Changes%20December%202025%20P%26T.pdf,linked from https://ahca.myflorida.com/site/medicaid/prescribed-drugs/medicaid-pharmaceutical-therapeutics-committee/florida-medicaid-preferred-drug-list-pdl,200,application/pdf,,raw/florida/florida__summary-of-changes-december-2025-p-t-pdf__82a52dcb0e.pdf,text/florida/florida__summary-of-changes-december-2025-p-t-pdf__82a52dcb0e.txt,2678
Florida,https://ahca.myflorida.com/content/download/28859/file/Summary%20of%20Drug%20Limitations%2004-30-2026%20v175.pdf,linked from https://ahca.myflorida.com/site/medicaid/prescribed-drugs/medicaid-pharmaceutical-therapeutics-committee/florida-medicaid-preferred-drug-list-pdl,200,application/pdf,,raw/florida/florida__summary-of-drug-limitations-04-30-2026-v175-pdf__1554dfcd8d.pdf,text/florida/florida__summary-of-drug-limitations-04-30-2026-v175-pdf__1554dfcd8d.txt,211770
Georgia,https://dch.georgia.gov/providers/provider-types/pharmacy/preferred-drug-lists/2022-preferred-drug-list,linked from https://dch.georgia.gov/providers/provider-types/pharmacy/preferred-drug-lists,200,text/html; charset=UTF-8,,raw/georgia/georgia__2022-preferred-drug-list__d46e92561c.html,text/georgia/georgia__2022-preferred-drug-list__d46e92561c.txt,19431
Georgia,https://dch.georgia.gov/providers/provider-types/pharmacy/preferred-drug-lists/2023-preferred-drug-list,linked from https://dch.georgia.gov/providers/provider-types/pharmacy/preferred-drug-lists,200,text/html; charset=UTF-8,,raw/georgia/georgia__2023-preferred-drug-list__4d317a0e8b.html,text/georgia/georgia__2023-preferred-drug-list__4d317a0e8b.txt,19490
Georgia,https://dch.georgia.gov/providers/provider-types/pharmacy/drug-utilization-review-board/2024-durb-meeting-information,linked from https://dch.georgia.gov/providers/provider-types/pharmacy/preferred-drug-lists,200,text/html; charset=UTF-8,,raw/georgia/georgia__2024-durb-meeting-information__d7f57d9123.html,text/georgia/georgia__2024-durb-meeting-information__d7f57d9123.txt,19758
Georgia,https://dch.georgia.gov/providers/provider-types/pharmacy/preferred-drug-lists/2024-preferred-drug-list,linked from https://dch.georgia.gov/providers/provider-types/pharmacy/preferred-drug-lists,200,text/html; charset=UTF-8,,raw/georgia/georgia__2024-preferred-drug-list__1208a0c921.html,text/georgia/georgia__2024-preferred-drug-list__1208a0c921.txt,19516
Georgia,https://dch.georgia.gov/providers/provider-types/pharmacy/drug-utilization-review-board/2025-durb-meeting-information,seed,200,text/html; charset=UTF-8,,raw/georgia/georgia__2025-durb-meeting-information__b4a514bb5d.html,text/georgia/georgia__2025-durb-meeting-information__b4a514bb5d.txt,19573
Georgia,https://dch.georgia.gov/providers/provider-types/pharmacy/preferred-drug-lists/2025-preferred-drug-list,linked from https://dch.georgia.gov/providers/provider-types/pharmacy/preferred-drug-lists,200,text/html; charset=UTF-8,,raw/georgia/georgia__2025-preferred-drug-list__54e5ec099c.html,text/georgia/georgia__2025-preferred-drug-list__54e5ec099c.txt,19382
Georgia,https://dch.georgia.gov/meetings-notices/2026-board-meeting-schedule,linked from https://dch.georgia.gov/providers/provider-types/pharmacy/preferred-drug-lists,200,text/html; charset=UTF-8,,raw/georgia/georgia__2026-board-meeting-schedule__c8d2efb030.html,text/georgia/georgia__2026-board-meeting-schedule__c8d2efb030.txt,16027
Georgia,https://dch.georgia.gov/providers/provider-types/pharmacy/drug-utilization-review-board/2026-durb-meeting-information,seed,200,text/html; charset=UTF-8,,raw/georgia/georgia__2026-durb-meeting-information__f8568e6eb1.html,text/georgia/georgia__2026-durb-meeting-information__f8568e6eb1.txt,19481
Georgia,https://dch.georgia.gov/providers/provider-types/pharmacy/preferred-drug-lists/2026-preferred-drug-list,linked from https://dch.georgia.gov/providers/provider-types/pharmacy/preferred-drug-lists,200,text/html; charset=UTF-8,,raw/georgia/georgia__2026-preferred-drug-list__bdef0c0350.html,text/georgia/georgia__2026-preferred-drug-list__bdef0c0350.txt,18508
Georgia,https://dch.georgia.gov/providers/beneficiary-advisory-council/bac-meeting-schedule,linked from https://dch.georgia.gov/providers/provider-types/pharmacy/preferred-drug-lists,200,text/html; charset=UTF-8,,raw/georgia/georgia__bac-meeting-schedule__42904e000b.html,text/georgia/georgia__bac-meeting-schedule__42904e000b.txt,17942
Georgia,https://dch.georgia.gov/about-us/board-community-health,linked from https://dch.georgia.gov/providers/provider-types/pharmacy/preferred-drug-lists,200,text/html; charset=UTF-8,,raw/georgia/georgia__board-community-health__4018ad8216.html,text/georgia/georgia__board-community-health__4018ad8216.txt,16449
Georgia,https://dch.georgia.gov/providers/provider-types/pharmacy/drug-utilization-review-board/consumer-comment-opportunities,linked from https://dch.georgia.gov/providers/provider-types/pharmacy/preferred-drug-lists,200,text/html; charset=UTF-8,,raw/georgia/georgia__consumer-comment-opportunities__9b09920753.html,text/georgia/georgia__consumer-comment-opportunities__9b09920753.txt,19042
Georgia,https://dch.georgia.gov/document/document/oct-2025-durbhandout/download,linked from https://dch.georgia.gov/providers/provider-types/pharmacy/drug-utilization-review-board/2025-durb-meeting-information,200,application/pdf,,raw/georgia/georgia__download__09797c2f24.pdf,text/georgia/georgia__download__09797c2f24.txt,19987
Georgia,https://dch.georgia.gov/document/document/2dch-decision-documentoct-2025-durbrv/download,linked from https://dch.georgia.gov/providers/provider-types/pharmacy/drug-utilization-review-board/2025-durb-meeting-information,200,application/pdf,,raw/georgia/georgia__download__0a5a9eb0df.pdf,text/georgia/georgia__download__0a5a9eb0df.txt,1686
Georgia,https://dch.georgia.gov/document/document/gamedicaidclasslist082223/download,linked from https://dch.georgia.gov/providers/provider-types/pharmacy/preferred-drug-lists,200,application/pdf,,raw/georgia/georgia__download__0cbdbb4019.pdf,text/georgia/georgia__download__0cbdbb4019.txt,9051
Georgia,https://dch.georgia.gov/document/document/april-2026-durb-recommendations/download,linked from https://dch.georgia.gov/providers/provider-types/pharmacy/drug-utilization-review-board/2026-durb-meeting-information,200,application/pdf,,raw/georgia/georgia__download__0ce4424f6e.pdf,text/georgia/georgia__download__0ce4424f6e.txt,1131
Georgia,https://dch.georgia.gov/document/document/jan-2025-durbdrugs-under-review/download,linked from https://dch.georgia.gov/providers/provider-types/pharmacy/drug-utilization-review-board/2025-durb-meeting-information,200,application/pdf,,raw/georgia/georgia__download__0dee616f27.pdf,text/georgia/georgia__download__0dee616f27.txt,791
Georgia,https://dch.georgia.gov/document/document/april-2025-durbrecommendationsrv/download,linked from https://dch.georgia.gov/providers/provider-types/pharmacy/drug-utilization-review-board/2025-durb-meeting-information,200,application/pdf,,raw/georgia/georgia__download__0e0cb5e926.pdf,text/georgia/georgia__download__0e0cb5e926.txt,1102
Georgia,https://dch.georgia.gov/document/document/jan-2026-durbhandout/download,linked from https://dch.georgia.gov/providers/provider-types/pharmacy/drug-utilization-review-board/2026-durb-meeting-information,200,application/pdf,,raw/georgia/georgia__download__103808d329.pdf,text/georgia/georgia__download__103808d329.txt,17851
Georgia,https://dch.georgia.gov/document/document/january-2025-durbrecommendations/download,linked from https://dch.georgia.gov/providers/provider-types/pharmacy/drug-utilization-review-board/2025-durb-meeting-information,200,application/pdf,,raw/georgia/georgia__download__1716d066b7.pdf,text/georgia/georgia__download__1716d066b7.txt,1085
Georgia,https://dch.georgia.gov/document/document/july-2026-manufacturers-forum-announcement/download,linked from https://dch.georgia.gov/providers/provider-types/pharmacy/drug-utilization-review-board/2026-durb-meeting-information,200,application/pdf,,raw/georgia/georgia__download__225e6d1c5f.pdf,text/georgia/georgia__download__225e6d1c5f.txt,3934
Georgia,https://dch.georgia.gov/document/document/april-2025-durbhandout/download,linked from https://dch.georgia.gov/providers/provider-types/pharmacy/drug-utilization-review-board/2025-durb-meeting-information,200,application/pdf,,raw/georgia/georgia__download__27d6c5c464.pdf,text/georgia/georgia__download__27d6c5c464.txt,18578
Georgia,https://dch.georgia.gov/document/document/jan-2026-durbdrugs-under-review-003/download,linked from https://dch.georgia.gov/providers/provider-types/pharmacy/drug-utilization-review-board/2026-durb-meeting-information,200,application/pdf,,raw/georgia/georgia__download__31fa474992.pdf,text/georgia/georgia__download__31fa474992.txt,785
Georgia,https://dch.georgia.gov/document/document/dch-decision-documentmay-2025/download,linked from https://dch.georgia.gov/providers/provider-types/pharmacy/preferred-drug-lists,200,application/pdf,,raw/georgia/georgia__download__3583dee675.pdf,text/georgia/georgia__download__3583dee675.txt,4112
Georgia,https://dch.georgia.gov/document/document/july-2025-manufacturers-forum-announcement/download,linked from https://dch.georgia.gov/providers/provider-types/pharmacy/drug-utilization-review-board/2025-durb-meeting-information,200,application/pdf,,raw/georgia/georgia__download__3ccaee8893.pdf,text/georgia/georgia__download__3ccaee8893.txt,3883
Georgia,https://dch.georgia.gov/document/document/july-2025-durbhandout/download,linked from https://dch.georgia.gov/providers/provider-types/pharmacy/drug-utilization-review-board/2025-durb-meeting-information,200,application/pdf,,raw/georgia/georgia__download__3dfd8277cb.pdf,text/georgia/georgia__download__3dfd8277cb.txt,18826
Georgia,https://dch.georgia.gov/document/document/dch-decision-documentjan-2025-durb/download,linked from https://dch.georgia.gov/providers/provider-types/pharmacy/drug-utilization-review-board/2025-durb-meeting-information,200,application/pdf,,raw/georgia/georgia__download__411d15b3e1.pdf,text/georgia/georgia__download__411d15b3e1.txt,1449
Georgia,https://dch.georgia.gov/document/document/dch-decision-documentapril-2025-durb/download,linked from https://dch.georgia.gov/providers/provider-types/pharmacy/drug-utilization-review-board/2025-durb-meeting-information,200,application/pdf,,raw/georgia/georgia__download__5969800ef0.pdf,text/georgia/georgia__download__5969800ef0.txt,1590
Georgia,https://dch.georgia.gov/document/document/july-2026-durbdrugs-under-review/download,linked from https://dch.georgia.gov/providers/provider-types/pharmacy/drug-utilization-review-board/2026-durb-meeting-information,200,application/pdf,,raw/georgia/georgia__download__64581fb413.pdf,text/georgia/georgia__download__64581fb413.txt,800
Georgia,https://dch.georgia.gov/document/document/dch-decision-documentnovember-2025v2final/download,linked from https://dch.georgia.gov/providers/provider-types/pharmacy/preferred-drug-lists,200,application/pdf,,raw/georgia/georgia__download__6cabd59581.pdf,text/georgia/georgia__download__6cabd59581.txt,2959
Georgia,https://dch.georgia.gov/document/document/1july-2026-durbagendafinal/download,linked from https://dch.georgia.gov/providers/provider-types/pharmacy/drug-utilization-review-board/2026-durb-meeting-information,200,application/pdf,,raw/georgia/georgia__download__6cb92ed581.pdf,text/georgia/georgia__download__6cb92ed581.txt,1433
Georgia,https://dch.georgia.gov/document/document/dch-decision-documentjan-2026-durb/download,linked from https://dch.georgia.gov/providers/provider-types/pharmacy/drug-utilization-review-board/2026-durb-meeting-information,200,application/pdf,,raw/georgia/georgia__download__6e3b499a59.pdf,text/georgia/georgia__download__6e3b499a59.txt,1469
Georgia,https://dch.georgia.gov/document/document/oct-2025-durbrecommendations/download,linked from https://dch.georgia.gov/providers/provider-types/pharmacy/drug-utilization-review-board/2025-durb-meeting-information,200,application/pdf,,raw/georgia/georgia__download__74012b7cec.pdf,text/georgia/georgia__download__74012b7cec.txt,1131
Georgia,https://dch.georgia.gov/document/document/april-2025-manufacturers-forum-announcement/download,linked from https://dch.georgia.gov/providers/provider-types/pharmacy/drug-utilization-review-board/2025-durb-meeting-information,200,application/pdf,,raw/georgia/georgia__download__77f0d4a740.pdf,text/georgia/georgia__download__77f0d4a740.txt,3887
Georgia,https://dch.georgia.gov/document/document/april-2026-manufacturers-forum-announcement/download,linked from https://dch.georgia.gov/providers/provider-types/pharmacy/drug-utilization-review-board/2026-durb-meeting-information,200,application/pdf,,raw/georgia/georgia__download__7b8a3c1fd7.pdf,text/georgia/georgia__download__7b8a3c1fd7.txt,3938
Georgia,https://dch.georgia.gov/document/document/jan-2026-durbagendafinal/download,linked from https://dch.georgia.gov/providers/provider-types/pharmacy/drug-utilization-review-board/2026-durb-meeting-information,200,application/pdf,,raw/georgia/georgia__download__80514d4583.pdf,text/georgia/georgia__download__80514d4583.txt,1402
Georgia,https://dch.georgia.gov/document/document/jan-2026-durbrecommendations/download,linked from https://dch.georgia.gov/providers/provider-types/pharmacy/drug-utilization-review-board/2026-durb-meeting-information,200,application/pdf,,raw/georgia/georgia__download__8a7733afd0.pdf,text/georgia/georgia__download__8a7733afd0.txt,907
Georgia,https://dch.georgia.gov/document/document/dch-decision-documentjuly-2025-durbrv/download,linked from https://dch.georgia.gov/providers/provider-types/pharmacy/drug-utilization-review-board/2025-durb-meeting-information,200,application/pdf,,raw/georgia/georgia__download__8f396f9b0f.pdf,text/georgia/georgia__download__8f396f9b0f.txt,1635
Georgia,https://dch.georgia.gov/document/document/oct-2025-durbagendafinal/download,linked from https://dch.georgia.gov/providers/provider-types/pharmacy/drug-utilization-review-board/2025-durb-meeting-information,200,application/pdf,,raw/georgia/georgia__download__996ff5dfeb.pdf,text/georgia/georgia__download__996ff5dfeb.txt,1368
Georgia,https://dch.georgia.gov/document/document/july-2025-durbdrugs-under-review-003/download,linked from https://dch.georgia.gov/providers/provider-types/pharmacy/drug-utilization-review-board/2025-durb-meeting-information,200,application/pdf,,raw/georgia/georgia__download__a27ac7b496.pdf,text/georgia/georgia__download__a27ac7b496.txt,798
Georgia,https://dch.georgia.gov/document/document/1apr-2025-durbagendafinal/download,linked from https://dch.georgia.gov/providers/provider-types/pharmacy/drug-utilization-review-board/2025-durb-meeting-information,200,application/pdf,,raw/georgia/georgia__download__a28edd8589.pdf,text/georgia/georgia__download__a28edd8589.txt,1381
Georgia,https://dch.georgia.gov/document/document/january-2026-manufacturers-forum-announcement/download,linked from https://dch.georgia.gov/providers/provider-types/pharmacy/drug-utilization-review-board/2026-durb-meeting-information,200,application/pdf,,raw/georgia/georgia__download__a796f00324.pdf,text/georgia/georgia__download__a796f00324.txt,3954
Georgia,https://dch.georgia.gov/document/document/october-2026-manufacturers-forum-announcement/download,linked from https://dch.georgia.gov/providers/provider-types/pharmacy/drug-utilization-review-board/2026-durb-meeting-information,200,application/pdf,,raw/georgia/georgia__download__abe0e2f278.pdf,text/georgia/georgia__download__abe0e2f278.txt,3946
Georgia,https://dch.georgia.gov/document/document/1apr-2026-durbagendafinalrev0/download,linked from https://dch.georgia.gov/providers/provider-types/pharmacy/drug-utilization-review-board/2026-durb-meeting-information,200,application/pdf,,raw/georgia/georgia__download__b9233d0bda.pdf,text/georgia/georgia__download__b9233d0bda.txt,1429
Georgia,https://dch.georgia.gov/document/document/1jan-2025-durbagendafinalrvvirtual/download,linked from https://dch.georgia.gov/providers/provider-types/pharmacy/drug-utilization-review-board/2025-durb-meeting-information,200,application/pdf,,raw/georgia/georgia__download__bae82b5674.pdf,text/georgia/georgia__download__bae82b5674.txt,1555
Georgia,https://dch.georgia.gov/document/publication/cough-and-cold-pdl-posted-010816/download,linked from https://dch.georgia.gov/providers/provider-types/pharmacy/preferred-drug-lists,200,application/pdf,,raw/georgia/georgia__download__c6cff9f677.pdf,text/georgia/georgia__download__c6cff9f677.txt,1393
Georgia,https://dch.georgia.gov/document/document/apr-2025-durbdrugs-under-review-002/download,linked from https://dch.georgia.gov/providers/provider-types/pharmacy/drug-utilization-review-board/2025-durb-meeting-information,200,application/pdf,,raw/georgia/georgia__download__cb6389d11b.pdf,text/georgia/georgia__download__cb6389d11b.txt,802
Georgia,https://dch.georgia.gov/document/document/oct-2025-durbdrugs-under-review/download,linked from https://dch.georgia.gov/providers/provider-types/pharmacy/drug-utilization-review-board/2025-durb-meeting-information,200,application/pdf,,raw/georgia/georgia__download__da167c6fae.pdf,text/georgia/georgia__download__da167c6fae.txt,794
Georgia,https://dch.georgia.gov/document/document/july-2025-durbrecommendations/download,seed,200,application/pdf,,raw/georgia/georgia__download__e1493f590b.pdf,text/georgia/georgia__download__e1493f590b.txt,917
Georgia,https://dch.georgia.gov/document/document/file-january-2025-manufacturers-forum-announcement/download,linked from https://dch.georgia.gov/providers/provider-types/pharmacy/drug-utilization-review-board/2025-durb-meeting-information,200,application/pdf,,raw/georgia/georgia__download__e4c6c9eb0c.pdf,text/georgia/georgia__download__e4c6c9eb0c.txt,3897
Georgia,https://dch.georgia.gov/document/document/oct-2025-manufacturers-forum-announcement/download,linked from https://dch.georgia.gov/providers/provider-types/pharmacy/drug-utilization-review-board/2025-durb-meeting-information,200,application/pdf,,raw/georgia/georgia__download__e50fec3d42.pdf,text/georgia/georgia__download__e50fec3d42.txt,3875
Georgia,https://dch.georgia.gov/document/document/pdl-drug-name-5-1-26/download,linked from https://dch.georgia.gov/providers/provider-types/pharmacy/preferred-drug-lists,200,application/pdf,,raw/georgia/georgia__download__e63a960908.pdf,text/georgia/georgia__download__e63a960908.txt,122048
Georgia,https://dch.georgia.gov/document/document/1july-2025-durbagendafinal/download,linked from https://dch.georgia.gov/providers/provider-types/pharmacy/drug-utilization-review-board/2025-durb-meeting-information,200,application/pdf,,raw/georgia/georgia__download__ee5bfa0d2b.pdf,text/georgia/georgia__download__ee5bfa0d2b.txt,1378
Georgia,https://dch.georgia.gov/document/document/apr-2026-durbdrugs-under-reviewrev/download,linked from https://dch.georgia.gov/providers/provider-types/pharmacy/drug-utilization-review-board/2026-durb-meeting-information,200,application/pdf,,raw/georgia/georgia__download__f1f564fcfd.pdf,text/georgia/georgia__download__f1f564fcfd.txt,802
Georgia,https://dch.georgia.gov/document/document/pdl-drug-class-5-1-26/download,linked from https://dch.georgia.gov/providers/provider-types/pharmacy/preferred-drug-lists,200,application/pdf,,raw/georgia/georgia__download__f8dd4962e1.pdf,text/georgia/georgia__download__f8dd4962e1.txt,134559
Georgia,https://dch.georgia.gov/document/document/dch-decision-document-april-2026-durb/download,linked from https://dch.georgia.gov/providers/provider-types/pharmacy/drug-utilization-review-board/2026-durb-meeting-information,200,application/pdf,,raw/georgia/georgia__download__fd1b28f734.pdf,text/georgia/georgia__download__fd1b28f734.txt,1641
Georgia,https://dch.georgia.gov/document/document/apr-2026-durbhandout-002/download,linked from https://dch.georgia.gov/providers/provider-types/pharmacy/drug-utilization-review-board/2026-durb-meeting-information,200,application/pdf,,raw/georgia/georgia__download__fe1ba97cd4.pdf,text/georgia/georgia__download__fe1ba97cd4.txt,15968
Georgia,https://dch.georgia.gov/providers/provider-types/pharmacy/drug-utilization-review-board,linked from https://dch.georgia.gov/providers/provider-types/pharmacy/preferred-drug-lists,200,text/html; charset=UTF-8,,raw/georgia/georgia__drug-utilization-review-board__490a8e66b8.html,text/georgia/georgia__drug-utilization-review-board__490a8e66b8.txt,19741
Georgia,https://dch.georgia.gov/providers/provider-types/pharmacy/drug-utilization-review-board/durb-members,linked from https://dch.georgia.gov/providers/provider-types/pharmacy/preferred-drug-lists,200,text/html; charset=UTF-8,,raw/georgia/georgia__durb-members__80769a0e35.html,text/georgia/georgia__durb-members__80769a0e35.txt,20554
Georgia,https://dch.georgia.gov/sites/dch.georgia.gov/files/GA%20Medicaid%20FFS%20Frequently%20Asked%20Questions%20-%20revised%2011.13.15.pdf,seed,403,text/html; charset=UTF-8,,raw/georgia/georgia__ga-medicaid-ffs-frequently-asked-questions-revised-11-13-15-pdf__019e841676.pdf,text/georgia/georgia__ga-medicaid-ffs-frequently-asked-questions-revised-11-13-15-pdf__019e841676.txt,289
Georgia,https://gbd.georgia.gov/,linked from https://dch.georgia.gov/providers/provider-types/pharmacy/preferred-drug-lists,200,text/html; charset=UTF-8,,raw/georgia/georgia__gbd-georgia-gov__258d8be3b5.html,text/georgia/georgia__gbd-georgia-gov__258d8be3b5.txt,13113
Georgia,https://gbp.georgia.gov/,linked from https://dch.georgia.gov/providers/provider-types/pharmacy/preferred-drug-lists,200,text/html; charset=UTF-8,,raw/georgia/georgia__gbp-georgia-gov__2b2f8bec47.html,text/georgia/georgia__gbp-georgia-gov__2b2f8bec47.txt,13529
Georgia,https://gbi.georgia.gov/human-trafficking-notice,linked from https://dch.georgia.gov/providers/provider-types/pharmacy/preferred-drug-lists,200,text/html; charset=UTF-8,,raw/georgia/georgia__human-trafficking-notice__939f058bd5.html,text/georgia/georgia__human-trafficking-notice__939f058bd5.txt,17800
Georgia,https://dch.georgia.gov/sites/dch.georgia.gov/files/styles/flexheight/public/related_files/document/iStock_000000622142Smal_Drug-Bottles.jpg?itok=U8Lq_mVT,linked from https://dch.georgia.gov/providers/provider-types/pharmacy/preferred-drug-lists,200,image/jpeg,,raw/georgia/georgia__istock-000000622142smal-drug-bottles-jpg__02b5a22652.bin,text/georgia/georgia__istock-000000622142smal-drug-bottles-jpg__02b5a22652.txt,26852
Georgia,https://dch.georgia.gov/document/document/jan-2025-durbhandout,linked from https://dch.georgia.gov/providers/provider-types/pharmacy/drug-utilization-review-board/2025-durb-meeting-information,200,application/pdf,,raw/georgia/georgia__jan-2025-durbhandout__7b2da93ca9.pdf,text/georgia/georgia__jan-2025-durbhandout__7b2da93ca9.txt,19482
Georgia,https://dch.georgia.gov/about-us/legal-notices,linked from https://dch.georgia.gov/providers/provider-types/pharmacy/preferred-drug-lists,200,text/html; charset=UTF-8,,raw/georgia/georgia__legal-notices__aff2f432d4.html,text/georgia/georgia__legal-notices__aff2f432d4.txt,16907
Georgia,https://dch.georgia.gov/providers/medicaid-advisory-committee/mac-meeting-schedule,linked from https://dch.georgia.gov/providers/provider-types/pharmacy/preferred-drug-lists,200,text/html; charset=UTF-8,,raw/georgia/georgia__mac-meeting-schedule__1906d63bcf.html,text/georgia/georgia__mac-meeting-schedule__1906d63bcf.txt,18606
Georgia,https://dch.georgia.gov/providers/medicaid-advisory-committee/mac-meetings-notices-archives,linked from https://dch.georgia.gov/providers/provider-types/pharmacy/preferred-drug-lists,200,text/html; charset=UTF-8,,raw/georgia/georgia__mac-meetings-notices-archives__6cb790a267.html,text/georgia/georgia__mac-meetings-notices-archives__6cb790a267.txt,22821
Georgia,https://dch.georgia.gov/providers/medicaid-advisory-committee/mac-meetings-notices,linked from https://dch.georgia.gov/providers/provider-types/pharmacy/preferred-drug-lists,200,text/html; charset=UTF-8,,raw/georgia/georgia__mac-meetings-notices__f53414dd30.html,text/georgia/georgia__mac-meetings-notices__f53414dd30.txt,20037
Georgia,https://dch.georgia.gov/providers/medicaid-advisory-committee/mac-members,linked from https://dch.georgia.gov/providers/provider-types/pharmacy/preferred-drug-lists,200,text/html; charset=UTF-8,,raw/georgia/georgia__mac-members__7eb1575417.html,text/georgia/georgia__mac-members__7eb1575417.txt,18836
Georgia,https://dch.georgia.gov/providers/medicaid-advisory-committee,linked from https://dch.georgia.gov/providers/provider-types/pharmacy/preferred-drug-lists,200,text/html; charset=UTF-8,,raw/georgia/georgia__medicaid-advisory-committee__92730000d7.html,text/georgia/georgia__medicaid-advisory-committee__92730000d7.txt,19225
Georgia,https://medicalboard.georgia.gov/,linked from https://dch.georgia.gov/providers/provider-types/pharmacy/preferred-drug-lists,200,text/html; charset=UTF-8,,raw/georgia/georgia__medicalboard-georgia-gov__71b9920847.html,text/georgia/georgia__medicalboard-georgia-gov__71b9920847.txt,18228
Georgia,https://dch.georgia.gov/meetings-notices,linked from https://dch.georgia.gov/providers/provider-types/pharmacy/preferred-drug-lists,200,text/html; charset=UTF-8,,raw/georgia/georgia__meetings-notices__40fa42d4f1.html,text/georgia/georgia__meetings-notices__40fa42d4f1.txt,16267
Georgia,https://dch.georgia.gov/office-health-planning-meetings-notices,linked from https://dch.georgia.gov/providers/provider-types/pharmacy/preferred-drug-lists,200,text/html; charset=UTF-8,,raw/georgia/georgia__office-health-planning-meetings-notices__3d4197c85d.html,text/georgia/georgia__office-health-planning-meetings-notices__3d4197c85d.txt,15673
Georgia,https://dch.georgia.gov/providers/provider-types/pharmacy/optumrx,linked from https://dch.georgia.gov/providers/provider-types/pharmacy/preferred-drug-lists,200,text/html; charset=UTF-8,,raw/georgia/georgia__optumrx__c47d113d7f.html,text/georgia/georgia__optumrx__c47d113d7f.txt,18908
Georgia,https://dch.georgia.gov/providers/provider-types/hospital-providers/outpatient-settlement-repayment-policy,linked from https://dch.georgia.gov/providers/provider-types/pharmacy/preferred-drug-lists,200,text/html; charset=UTF-8,,raw/georgia/georgia__outpatient-settlement-repayment-policy__599396ebfa.html,text/georgia/georgia__outpatient-settlement-repayment-policy__599396ebfa.txt,19817
Georgia,https://dch.georgia.gov/providers/provider-types/pharmacy/drug-utilization-review-board/pharmaceutical-manufacturers,linked from https://dch.georgia.gov/providers/provider-types/pharmacy/preferred-drug-lists,200,text/html; charset=UTF-8,,raw/georgia/georgia__pharmaceutical-manufacturers__d79ca6a7dc.html,text/georgia/georgia__pharmaceutical-manufacturers__d79ca6a7dc.txt,18288
Georgia,https://dch.georgia.gov/providers/provider-types/pharmacy/pharmacy-links,linked from https://dch.georgia.gov/providers/provider-types/pharmacy/preferred-drug-lists,200,text/html; charset=UTF-8,,raw/georgia/georgia__pharmacy-links__06af2219ca.html,text/georgia/georgia__pharmacy-links__06af2219ca.txt,20047
Georgia,https://dch.georgia.gov/providers/provider-types/pharmacy,linked from https://dch.georgia.gov/providers/provider-types/pharmacy/preferred-drug-lists,200,text/html; charset=UTF-8,,raw/georgia/georgia__pharmacy__5018d2841d.html,text/georgia/georgia__pharmacy__5018d2841d.txt,19354
Georgia,https://dch.georgia.gov/providers/provider-types/pharmacy/preferred-drug-lists,seed,200,text/html; charset=UTF-8,,raw/georgia/georgia__preferred-drug-lists__3e72bca264.html,text/georgia/georgia__preferred-drug-lists__3e72bca264.txt,18926
Georgia,https://dch.georgia.gov/providers/provider-types/pharmacy/prior-authorization-process-and-criteria,linked from https://dch.georgia.gov/providers/provider-types/pharmacy/preferred-drug-lists,200,text/html; charset=UTF-8,,raw/georgia/georgia__prior-authorization-process-and-criteria__249f5aa94d.html,text/georgia/georgia__prior-authorization-process-and-criteria__249f5aa94d.txt,27934
Georgia,https://dch.georgia.gov/providers/provider-types/pharmacy/prior-authorization-process-and-criteria/prior-authorization,linked from https://dch.georgia.gov/providers/provider-types/pharmacy/preferred-drug-lists,200,text/html; charset=UTF-8,,raw/georgia/georgia__prior-authorization__ae5b4d06e5.html,text/georgia/georgia__prior-authorization__ae5b4d06e5.txt,24082
Georgia,https://dch.georgia.gov/programs/program-all-inclusive-care-elderly-pace-updates,linked from https://dch.georgia.gov/providers/provider-types/pharmacy/preferred-drug-lists,200,text/html; charset=UTF-8,,raw/georgia/georgia__program-all-inclusive-care-elderly-pace-updates__9d6ef87c56.html,text/georgia/georgia__program-all-inclusive-care-elderly-pace-updates__9d6ef87c56.txt,17413
Georgia,https://dch.georgia.gov/meetings-notices/public-notices,linked from https://dch.georgia.gov/providers/provider-types/pharmacy/preferred-drug-lists,200,text/html; charset=UTF-8,,raw/georgia/georgia__public-notices__3e083ce15b.html,text/georgia/georgia__public-notices__3e083ce15b.txt,33338
Georgia,https://dch.georgia.gov/meetings-notices/resolutions,linked from https://dch.georgia.gov/providers/provider-types/pharmacy/preferred-drug-lists,200,text/html; charset=UTF-8,,raw/georgia/georgia__resolutions__3d1efb93fa.html,text/georgia/georgia__resolutions__3d1efb93fa.txt,16517
