state,url,source_role,crawl_depth,status,content_type,error,raw_path,text_path
Alabama,https://www.medicaid.alabama.gov/content/4.0_Programs/4.3_Pharmacy-DME/4.3.6_PandT_Committee.aspx,seed,0,,,URLError: <urlopen error [SSL: CERTIFICATE_VERIFY_FAILED] certificate verify failed: unable to get local issuer certificate (_ssl.c:1006)>,raw/alabama/alabama__4-3-6-pandt-committee-aspx__f96e127e2d.error.txt,text/alabama/alabama__4-3-6-pandt-committee-aspx__f96e127e2d.error.txt
Alabama,https://medicaid.alabama.gov/content/4.0_Programs/4.3_Pharmacy-DME/4.3.6_PandT_Committee/4.3.6.1_PnT_Meetings.aspx,seed,0,,,URLError: <urlopen error [SSL: CERTIFICATE_VERIFY_FAILED] certificate verify failed: unable to get local issuer certificate (_ssl.c:1006)>,raw/alabama/alabama__4-3-6-1-pnt-meetings-aspx__79beff784d.error.txt,text/alabama/alabama__4-3-6-1-pnt-meetings-aspx__79beff784d.error.txt
Alabama,https://medicaid.alabama.gov/content/4.0_programs/4.3_Pharmacy-DME/4.3.7_Preferred_Drug_List.aspx,seed,0,,,URLError: <urlopen error [SSL: CERTIFICATE_VERIFY_FAILED] certificate verify failed: unable to get local issuer certificate (_ssl.c:1006)>,raw/alabama/alabama__4-3-7-preferred-drug-list-aspx__50caac8b80.error.txt,text/alabama/alabama__4-3-7-preferred-drug-list-aspx__50caac8b80.error.txt
Alabama,https://medicaid.alabama.gov/documents/4.0_Programs/4.3_Pharmacy-DME/4.3.6_PandT_Committee/4.3.6_2025_P%26T_Meeting_Dates_3-28-24.pdf,seed,0,,,URLError: <urlopen error [SSL: CERTIFICATE_VERIFY_FAILED] certificate verify failed: unable to get local issuer certificate (_ssl.c:1006)>,raw/alabama/alabama__4-3-6-2025-p-t-meeting-dates-3-28-24-pdf__f62b25e7b0.error.txt,text/alabama/alabama__4-3-6-2025-p-t-meeting-dates-3-28-24-pdf__f62b25e7b0.error.txt
Alabama,https://medicaid.alabama.gov/documents/4.0_Programs/4.3_Pharmacy-DME/4.3.6_PandT_Committee/4.3.6_2026_P%26T_Meeting_Dates_Updated_8-29-25.pdf,seed,0,,,URLError: <urlopen error [SSL: CERTIFICATE_VERIFY_FAILED] certificate verify failed: unable to get local issuer certificate (_ssl.c:1006)>,raw/alabama/alabama__4-3-6-2026-p-t-meeting-dates-updated-8-29-25-pdf__761fe2e42a.error.txt,text/alabama/alabama__4-3-6-2026-p-t-meeting-dates-updated-8-29-25-pdf__761fe2e42a.error.txt
Alaska,https://health.alaska.gov/en/division-of-health-care-services/medicaid-pharmacy-and-therapeutics/,seed,0,200,text/html; charset=utf-8,,raw/alaska/alaska__medicaid-pharmacy-and-therapeutics__3042c29163.html,text/alaska/alaska__medicaid-pharmacy-and-therapeutics__3042c29163.txt
Alaska,https://health.alaska.gov/en/education/pdl-preferred-drug-list/,seed,0,200,text/html; charset=utf-8,,raw/alaska/alaska__pdl-preferred-drug-list__08bf095aac.html,text/alaska/alaska__pdl-preferred-drug-list__08bf095aac.txt
Alaska,https://health.alaska.gov/media/dohlrzsl/pntcommittee_schedule_sfy2026_meetingtopicschedules.pdf,seed,0,200,application/pdf,,raw/alaska/alaska__pntcommittee-schedule-sfy2026-meetingtopicschedules-pdf__c2730d334c.pdf,text/alaska/alaska__pntcommittee-schedule-sfy2026-meetingtopicschedules-pdf__c2730d334c.txt
Alaska,https://health.alaska.gov/en/division-of-behavioral-health/alcoholism-and-drug-abuse-board/,linked from https://health.alaska.gov/en/division-of-health-care-services/medicaid-pharmacy-and-therapeutics/,1,200,text/html; charset=utf-8,,raw/alaska/alaska__alcoholism-and-drug-abuse-board__e6b424abb9.html,text/alaska/alaska__alcoholism-and-drug-abuse-board__e6b424abb9.txt
Alaska,https://health.alaska.gov/en/office-of-the-commissioner/alaska-mental-health-board/,linked from https://health.alaska.gov/en/division-of-health-care-services/medicaid-pharmacy-and-therapeutics/,1,200,text/html; charset=utf-8,,raw/alaska/alaska__alaska-mental-health-board__64842c5677.html,text/alaska/alaska__alaska-mental-health-board__64842c5677.txt
Alaska,https://health.alaska.gov/media/y0wdqqim/pnt-committee-schedule-sfy2025.pdf,linked from https://health.alaska.gov/en/division-of-health-care-services/medicaid-pharmacy-and-therapeutics/,1,200,application/pdf,,raw/alaska/alaska__pnt-committee-schedule-sfy2025-pdf__a686f49b1f.pdf,text/alaska/alaska__pnt-committee-schedule-sfy2025-pdf__a686f49b1f.txt
Alaska,https://health.alaska.gov/media/cgmjycg1/pnt-committee-schedule-sfy2024.pdf,linked from https://health.alaska.gov/en/division-of-health-care-services/medicaid-pharmacy-and-therapeutics/,1,200,application/pdf,,raw/alaska/alaska__pnt-committee-schedule-sfy2024-pdf__c9bbae951e.pdf,text/alaska/alaska__pnt-committee-schedule-sfy2024-pdf__c9bbae951e.txt
Alaska,https://health.alaska.gov/media/5qqi5amp/pnt-committee-schedule-sfy2023.pdf,linked from https://health.alaska.gov/en/division-of-health-care-services/medicaid-pharmacy-and-therapeutics/,1,200,application/pdf,,raw/alaska/alaska__pnt-committee-schedule-sfy2023-pdf__674d7a4a33.pdf,text/alaska/alaska__pnt-committee-schedule-sfy2023-pdf__674d7a4a33.txt
Alaska,https://health.alaska.gov/media/1wkfmvbb/ak_submission_request_form_for_pharmaceutical_manufacturers.pdf,linked from https://health.alaska.gov/en/division-of-health-care-services/medicaid-pharmacy-and-therapeutics/,1,200,application/pdf,,raw/alaska/alaska__ak-submission-request-form-for-pharmaceutical-manufacturers-pdf__0507d82efb.pdf,text/alaska/alaska__ak-submission-request-form-for-pharmaceutical-manufacturers-pdf__0507d82efb.txt
Alaska,https://health.alaska.gov/en/education/prior-authorization-medication/,linked from https://health.alaska.gov/en/division-of-health-care-services/medicaid-pharmacy-and-therapeutics/,1,200,text/html; charset=utf-8,,raw/alaska/alaska__prior-authorization-medication__8afa7335e0.html,text/alaska/alaska__prior-authorization-medication__8afa7335e0.txt
Alaska,https://health.alaska.gov/en/resources/health-care-services-pharmacy-and-therapeutics-committee/,linked from https://health.alaska.gov/en/division-of-health-care-services/medicaid-pharmacy-and-therapeutics/,1,200,text/html; charset=utf-8,,raw/alaska/alaska__health-care-services-pharmacy-and-therapeutics-committee__08777c6891.html,text/alaska/alaska__health-care-services-pharmacy-and-therapeutics-committee__08777c6891.txt
Alaska,https://health.alaska.gov/en/services/division-of-public-assistance-dpa-services/apply-for-medicaid/medicaid-prescription-drug-coverage/,linked from https://health.alaska.gov/en/division-of-health-care-services/medicaid-pharmacy-and-therapeutics/,1,200,text/html; charset=utf-8,,raw/alaska/alaska__medicaid-prescription-drug-coverage__d103651d8b.html,text/alaska/alaska__medicaid-prescription-drug-coverage__d103651d8b.txt
Alaska,https://health.alaska.gov/en/division-of-health-care-services/medicaid-drug-utilization-review/,linked from https://health.alaska.gov/en/division-of-health-care-services/medicaid-pharmacy-and-therapeutics/,1,200,text/html; charset=utf-8,,raw/alaska/alaska__medicaid-drug-utilization-review__cea0600074.html,text/alaska/alaska__medicaid-drug-utilization-review__cea0600074.txt
Alaska,https://health.alaska.gov/media/dq0ohdan/pdl_effective-date_20260601.pdf,linked from https://health.alaska.gov/en/education/pdl-preferred-drug-list/,1,200,application/pdf,,raw/alaska/alaska__pdl-effective-date-20260601-pdf__24c7193388.pdf,text/alaska/alaska__pdl-effective-date-20260601-pdf__24c7193388.txt
Alaska,https://health.alaska.gov/media/5sskymcd/pdl-legend.pdf,linked from https://health.alaska.gov/en/education/pdl-preferred-drug-list/,1,200,application/pdf,,raw/alaska/alaska__pdl-legend-pdf__3b663da2a1.pdf,text/alaska/alaska__pdl-legend-pdf__3b663da2a1.txt
Alaska,https://health.alaska.gov/media/ncvo2cpp/copy-of-pdl_effective-date_20260301v12.pdf,linked from https://health.alaska.gov/en/education/pdl-preferred-drug-list/,1,200,application/pdf,,raw/alaska/alaska__copy-of-pdl-effective-date-20260301v12-pdf__2d9edf554d.pdf,text/alaska/alaska__copy-of-pdl-effective-date-20260301v12-pdf__2d9edf554d.txt
Alaska,https://health.alaska.gov/media/kf1hkdix/pdl_rev_20220601.pdf,linked from https://health.alaska.gov/en/education/pdl-preferred-drug-list/,1,200,application/pdf,,raw/alaska/alaska__pdl-rev-20220601-pdf__d070feded0.pdf,text/alaska/alaska__pdl-rev-20220601-pdf__d070feded0.txt
Alaska,https://health.alaska.gov/media/xgjftjkw/pdl_rev_20221101.pdf,linked from https://health.alaska.gov/en/education/pdl-preferred-drug-list/,1,200,application/pdf,,raw/alaska/alaska__pdl-rev-20221101-pdf__cba82c1ee6.pdf,text/alaska/alaska__pdl-rev-20221101-pdf__cba82c1ee6.txt
Alaska,https://health.alaska.gov/media/dpgbhi1s/pdl_effective-date_20230102.pdf,linked from https://health.alaska.gov/en/education/pdl-preferred-drug-list/,1,200,application/pdf,,raw/alaska/alaska__pdl-effective-date-20230102-pdf__825a7000da.pdf,text/alaska/alaska__pdl-effective-date-20230102-pdf__825a7000da.txt
Alaska,https://health.alaska.gov/media/bd2lchg0/pdl_effective-date_20230301.pdf,linked from https://health.alaska.gov/en/education/pdl-preferred-drug-list/,1,200,application/pdf,,raw/alaska/alaska__pdl-effective-date-20230301-pdf__af39003d0d.pdf,text/alaska/alaska__pdl-effective-date-20230301-pdf__af39003d0d.txt
Alaska,https://health.alaska.gov/media/m2sndojf/pdl_effective-date_20230601.pdf,linked from https://health.alaska.gov/en/education/pdl-preferred-drug-list/,1,200,application/pdf,,raw/alaska/alaska__pdl-effective-date-20230601-pdf__6a2c59d8bb.pdf,text/alaska/alaska__pdl-effective-date-20230601-pdf__6a2c59d8bb.txt
Alaska,https://health.alaska.gov/media/yarnswn1/pdl_effective-date_20231101.pdf,linked from https://health.alaska.gov/en/education/pdl-preferred-drug-list/,1,200,application/pdf,,raw/alaska/alaska__pdl-effective-date-20231101-pdf__b0b26a9e37.pdf,text/alaska/alaska__pdl-effective-date-20231101-pdf__b0b26a9e37.txt
Alaska,https://health.alaska.gov/media/skzfskfk/pdl_effective-date_20240101.pdf,linked from https://health.alaska.gov/en/education/pdl-preferred-drug-list/,1,200,application/pdf,,raw/alaska/alaska__pdl-effective-date-20240101-pdf__cb915370ad.pdf,text/alaska/alaska__pdl-effective-date-20240101-pdf__cb915370ad.txt
Alaska,https://health.alaska.gov/media/w3ida4ar/pdl_effective-date_20240301.pdf,linked from https://health.alaska.gov/en/education/pdl-preferred-drug-list/,1,200,application/pdf,,raw/alaska/alaska__pdl-effective-date-20240301-pdf__b5d8dcb1dc.pdf,text/alaska/alaska__pdl-effective-date-20240301-pdf__b5d8dcb1dc.txt
Alaska,https://health.alaska.gov/media/uj1mue5f/pdl_effective-date_20250101v11.pdf,linked from https://health.alaska.gov/en/education/pdl-preferred-drug-list/,1,200,application/pdf,,raw/alaska/alaska__pdl-effective-date-20250101v11-pdf__899efa2c19.pdf,text/alaska/alaska__pdl-effective-date-20250101v11-pdf__899efa2c19.txt
Alaska,https://health.alaska.gov/media/f2zmph44/pdl_effective-date_20250301.pdf,linked from https://health.alaska.gov/en/education/pdl-preferred-drug-list/,1,200,application/pdf,,raw/alaska/alaska__pdl-effective-date-20250301-pdf__1ebc2d79a5.pdf,text/alaska/alaska__pdl-effective-date-20250301-pdf__1ebc2d79a5.txt
Alaska,https://health.alaska.gov/media/1qwjgbuh/copy-of-pdl_effective-date_20250601_pre_approval.pdf,linked from https://health.alaska.gov/en/education/pdl-preferred-drug-list/,1,200,application/pdf,,raw/alaska/alaska__copy-of-pdl-effective-date-20250601-pre-approval-pdf__f988db035e.pdf,text/alaska/alaska__copy-of-pdl-effective-date-20250601-pre-approval-pdf__f988db035e.txt
Alaska,https://health.alaska.gov/media/aoobedp5/pdl_effective-date_20251101.pdf,linked from https://health.alaska.gov/en/education/pdl-preferred-drug-list/,1,200,application/pdf,,raw/alaska/alaska__pdl-effective-date-20251101-pdf__fb2fb6dae7.pdf,text/alaska/alaska__pdl-effective-date-20251101-pdf__fb2fb6dae7.txt
Alaska,https://health.alaska.gov/media/hsgpdzjp/pdl_effective-date_20260101.pdf,linked from https://health.alaska.gov/en/education/pdl-preferred-drug-list/,1,200,application/pdf,,raw/alaska/alaska__pdl-effective-date-20260101-pdf__da25feac61.pdf,text/alaska/alaska__pdl-effective-date-20260101-pdf__da25feac61.txt
Alaska,https://health.alaska.gov/media/yaon3cxf/pdl-effective-date_20260301v11.pdf,linked from https://health.alaska.gov/en/education/pdl-preferred-drug-list/,1,200,application/pdf,,raw/alaska/alaska__pdl-effective-date-20260301v11-pdf__4044c736a1.pdf,text/alaska/alaska__pdl-effective-date-20260301v11-pdf__4044c736a1.txt
Alaska,https://health.alaska.gov/media/4g0mnkr4/ak-pt-april-notice.pdf,linked from https://health.alaska.gov/en/education/pdl-preferred-drug-list/,1,200,application/pdf,,raw/alaska/alaska__ak-pt-april-notice-pdf__22334751aa.pdf,text/alaska/alaska__ak-pt-april-notice-pdf__22334751aa.txt
Alaska,https://health.alaska.gov/media/zesieq4b/ak-pt-agenda-april-2026.pdf,linked from https://health.alaska.gov/en/education/pdl-preferred-drug-list/,1,200,application/pdf,,raw/alaska/alaska__ak-pt-agenda-april-2026-pdf__698a29573f.pdf,text/alaska/alaska__ak-pt-agenda-april-2026-pdf__698a29573f.txt
Alaska,https://health.alaska.gov/media/cd2phz1a/ak-medicaid-pt-january-2026-notice.pdf,linked from https://health.alaska.gov/en/education/pdl-preferred-drug-list/,1,200,application/pdf,,raw/alaska/alaska__ak-medicaid-pt-january-2026-notice-pdf__714c4d2351.pdf,text/alaska/alaska__ak-medicaid-pt-january-2026-notice-pdf__714c4d2351.txt
Alaska,https://health.alaska.gov/media/gxfpbmbf/pt-agenda-january-2026.pdf,linked from https://health.alaska.gov/en/education/pdl-preferred-drug-list/,1,200,application/pdf,,raw/alaska/alaska__pt-agenda-january-2026-pdf__a56b38ff24.pdf,text/alaska/alaska__pt-agenda-january-2026-pdf__a56b38ff24.txt
Alaska,https://health.alaska.gov/media/kmfbjuow/medicaid-p-and-t-11-21-25-notice.pdf,linked from https://health.alaska.gov/en/education/pdl-preferred-drug-list/,1,200,application/pdf,,raw/alaska/alaska__medicaid-p-and-t-11-21-25-notice-pdf__37c0f9c916.pdf,text/alaska/alaska__medicaid-p-and-t-11-21-25-notice-pdf__37c0f9c916.txt
Alaska,https://health.alaska.gov/media/dhljwgh0/pnt-agenda-nov-2025.pdf,linked from https://health.alaska.gov/en/education/pdl-preferred-drug-list/,1,200,application/pdf,,raw/alaska/alaska__pnt-agenda-nov-2025-pdf__9ebc5130aa.pdf,text/alaska/alaska__pnt-agenda-nov-2025-pdf__9ebc5130aa.txt
Alaska,https://health.alaska.gov/media/vlll1nkh/ak-medicaid-p-and-t_09-19-25_notice.pdf,linked from https://health.alaska.gov/en/education/pdl-preferred-drug-list/,1,200,application/pdf,,raw/alaska/alaska__ak-medicaid-p-and-t-09-19-25-notice-pdf__b5df32f3c0.pdf,text/alaska/alaska__ak-medicaid-p-and-t-09-19-25-notice-pdf__b5df32f3c0.txt
Alaska,https://health.alaska.gov/media/0cverxgh/pnt_agenda_sept2025.pdf,linked from https://health.alaska.gov/en/education/pdl-preferred-drug-list/,1,200,application/pdf,,raw/alaska/alaska__pnt-agenda-sept2025-pdf__7dd3edfa70.pdf,text/alaska/alaska__pnt-agenda-sept2025-pdf__7dd3edfa70.txt
Alaska,https://health.alaska.gov/media/jecffflj/pnt_notice_20250418.pdf,linked from https://health.alaska.gov/en/education/pdl-preferred-drug-list/,1,200,application/pdf,,raw/alaska/alaska__pnt-notice-20250418-pdf__b1636784b5.pdf,text/alaska/alaska__pnt-notice-20250418-pdf__b1636784b5.txt
Alaska,https://health.alaska.gov/media/g0whwjfn/pnt_agenda_20250418.pdf,linked from https://health.alaska.gov/en/education/pdl-preferred-drug-list/,1,200,application/pdf,,raw/alaska/alaska__pnt-agenda-20250418-pdf__eeaaede36d.pdf,text/alaska/alaska__pnt-agenda-20250418-pdf__eeaaede36d.txt
Alaska,https://health.alaska.gov/media/eqqna3xy/pnt-notice-20250117.pdf,linked from https://health.alaska.gov/en/education/pdl-preferred-drug-list/,1,200,application/pdf,,raw/alaska/alaska__pnt-notice-20250117-pdf__dcf891f486.pdf,text/alaska/alaska__pnt-notice-20250117-pdf__dcf891f486.txt
Alaska,https://health.alaska.gov/media/coxkudsq/pnt-agenda-20250117.pdf,linked from https://health.alaska.gov/en/education/pdl-preferred-drug-list/,1,200,application/pdf,,raw/alaska/alaska__pnt-agenda-20250117-pdf__4a6f5b88ee.pdf,text/alaska/alaska__pnt-agenda-20250117-pdf__4a6f5b88ee.txt
Alaska,https://health.alaska.gov/media/5ixbrnpv/pnt-notice-20241115.pdf,linked from https://health.alaska.gov/en/education/pdl-preferred-drug-list/,1,200,application/pdf,,raw/alaska/alaska__pnt-notice-20241115-pdf__e769946061.pdf,text/alaska/alaska__pnt-notice-20241115-pdf__e769946061.txt
Alaska,https://health.alaska.gov/media/hrijqbar/pnt-agenda-20241115.pdf,linked from https://health.alaska.gov/en/education/pdl-preferred-drug-list/,1,200,application/pdf,,raw/alaska/alaska__pnt-agenda-20241115-pdf__4ef6a7b85b.pdf,text/alaska/alaska__pnt-agenda-20241115-pdf__4ef6a7b85b.txt
Alaska,https://health.alaska.gov/media/i5ppuyy0/pnt-notice-20240920.pdf,linked from https://health.alaska.gov/en/education/pdl-preferred-drug-list/,1,200,application/pdf,,raw/alaska/alaska__pnt-notice-20240920-pdf__497a32f1aa.pdf,text/alaska/alaska__pnt-notice-20240920-pdf__497a32f1aa.txt
Alaska,https://health.alaska.gov/media/jpzbcamm/pnt-agenda-20240920.pdf,linked from https://health.alaska.gov/en/education/pdl-preferred-drug-list/,1,200,application/pdf,,raw/alaska/alaska__pnt-agenda-20240920-pdf__609c0ed4e2.pdf,text/alaska/alaska__pnt-agenda-20240920-pdf__609c0ed4e2.txt
Alaska,https://health.alaska.gov/media/gqxaotjl/pnt_notice_20240119.pdf,linked from https://health.alaska.gov/en/education/pdl-preferred-drug-list/,1,200,application/pdf,,raw/alaska/alaska__pnt-notice-20240119-pdf__6872abc634.pdf,text/alaska/alaska__pnt-notice-20240119-pdf__6872abc634.txt
Alaska,https://health.alaska.gov/media/g4udwzaa/pnt_agenda_20240419.pdf,linked from https://health.alaska.gov/en/education/pdl-preferred-drug-list/,1,200,application/pdf,,raw/alaska/alaska__pnt-agenda-20240419-pdf__6f5c762789.pdf,text/alaska/alaska__pnt-agenda-20240419-pdf__6f5c762789.txt
Alaska,https://health.alaska.gov/media/lgsflagy/pnt_minutes_20240419.pdf,linked from https://health.alaska.gov/en/education/pdl-preferred-drug-list/,1,200,application/pdf,,raw/alaska/alaska__pnt-minutes-20240419-pdf__b3c29f122e.pdf,text/alaska/alaska__pnt-minutes-20240419-pdf__b3c29f122e.txt
Alaska,https://health.alaska.gov/media/y3md0n1w/pnt_notice_20240119-1.pdf,linked from https://health.alaska.gov/en/education/pdl-preferred-drug-list/,1,200,application/pdf,,raw/alaska/alaska__pnt-notice-20240119-1-pdf__ac83791bf5.pdf,text/alaska/alaska__pnt-notice-20240119-1-pdf__ac83791bf5.txt
Alaska,https://health.alaska.gov/media/uj3h0mrv/pnt_agenda_20240119.pdf,linked from https://health.alaska.gov/en/education/pdl-preferred-drug-list/,1,200,application/pdf,,raw/alaska/alaska__pnt-agenda-20240119-pdf__094bab573b.pdf,text/alaska/alaska__pnt-agenda-20240119-pdf__094bab573b.txt
Alaska,https://health.alaska.gov/media/zbbf3ot1/pnt_minutes_20240119.pdf,linked from https://health.alaska.gov/en/education/pdl-preferred-drug-list/,1,200,application/pdf,,raw/alaska/alaska__pnt-minutes-20240119-pdf__bc93bb2727.pdf,text/alaska/alaska__pnt-minutes-20240119-pdf__bc93bb2727.txt
Alaska,https://health.alaska.gov/media/1btgofse/pnt_notice_20231117.pdf,linked from https://health.alaska.gov/en/education/pdl-preferred-drug-list/,1,200,application/pdf,,raw/alaska/alaska__pnt-notice-20231117-pdf__e05dd30990.pdf,text/alaska/alaska__pnt-notice-20231117-pdf__e05dd30990.txt
Alaska,https://health.alaska.gov/media/tjpic1qv/pnt_agenda_20231117.pdf,linked from https://health.alaska.gov/en/education/pdl-preferred-drug-list/,1,200,application/pdf,,raw/alaska/alaska__pnt-agenda-20231117-pdf__17eb8a9891.pdf,text/alaska/alaska__pnt-agenda-20231117-pdf__17eb8a9891.txt
Alaska,https://health.alaska.gov/media/lcqls2cb/pnt_minutes_20231117.pdf,linked from https://health.alaska.gov/en/education/pdl-preferred-drug-list/,1,200,application/pdf,,raw/alaska/alaska__pnt-minutes-20231117-pdf__c2e266b8b4.pdf,text/alaska/alaska__pnt-minutes-20231117-pdf__c2e266b8b4.txt
Arizona,https://azahcccs.gov/Members/Pharmacy/,seed,0,200,text/html,,raw/arizona/arizona__pharmacy__39b8962844.html,text/arizona/arizona__pharmacy__39b8962844.txt
Arizona,https://www.azahcccs.gov/Resources/Downloads/PharmacyUpdates/2025/PT2025-2027Schedule.pdf,seed,0,200,application/pdf,,raw/arizona/arizona__pt2025-2027schedule-pdf__5b0d94890d.pdf,text/arizona/arizona__pt2025-2027schedule-pdf__5b0d94890d.txt
Arizona,https://azahcccs.gov/AHCCCS/PublicNotices/CommunityPresentations.html,linked from https://azahcccs.gov/Members/Pharmacy/,1,200,text/html,,raw/arizona/arizona__communitypresentations-html__e780864bcb.html,text/arizona/arizona__communitypresentations-html__e780864bcb.txt
Arizona,https://azahcccs.gov/AHCCCS/PublicNotices/,linked from https://azahcccs.gov/Members/Pharmacy/,1,200,text/html,,raw/arizona/arizona__publicnotices__6d472933c7.html,text/arizona/arizona__publicnotices__6d472933c7.txt
Arizona,https://azahcccs.gov/AHCCCS/CommitteesAndWorkgroups/,linked from https://azahcccs.gov/Members/Pharmacy/,1,200,text/html,,raw/arizona/arizona__committeesandworkgroups__37732001c0.html,text/arizona/arizona__committeesandworkgroups__37732001c0.txt
Arizona,https://azahcccs.gov/PlansProviders/FeeForServiceHealthPlans/PriorAuthorization/index.html,linked from https://azahcccs.gov/Members/Pharmacy/,1,200,text/html,,raw/arizona/arizona__index-html__ccab3e60e3.html,text/arizona/arizona__index-html__ccab3e60e3.txt
Arizona,https://azahcccs.gov/PlansProviders/CurrentProviders/PASRR.html,linked from https://azahcccs.gov/Members/Pharmacy/,1,200,text/html,,raw/arizona/arizona__pasrr-html__5280daea03.html,text/arizona/arizona__pasrr-html__5280daea03.txt
Arizona,https://azahcccs.gov/PlansProviders/Pharmacy/,linked from https://azahcccs.gov/Members/Pharmacy/,1,200,text/html,,raw/arizona/arizona__pharmacy__9913eeda8f.html,text/arizona/arizona__pharmacy__9913eeda8f.txt
Arizona,https://azahcccs.gov/AmericanIndians/TribalCourtProceduresForInvoluntaryCommitment/,linked from https://azahcccs.gov/Members/Pharmacy/,1,200,text/html,,raw/arizona/arizona__tribalcourtproceduresforinvoluntarycommitment__6bdfed9c7b.html,text/arizona/arizona__tribalcourtproceduresforinvoluntarycommitment__6bdfed9c7b.txt
Arizona,https://azahcccs.gov/AmericanIndians/Providers/IHS638meeting.html,linked from https://azahcccs.gov/Members/Pharmacy/,1,200,text/html,,raw/arizona/arizona__ihs638meeting-html__71d8e2140a.html,text/arizona/arizona__ihs638meeting-html__71d8e2140a.txt
Arizona,https://azahcccs.gov/AmericanIndians/Pharmacy/,linked from https://azahcccs.gov/Members/Pharmacy/,1,200,text/html,,raw/arizona/arizona__pharmacy__aec654dc79.html,text/arizona/arizona__pharmacy__aec654dc79.txt
Arizona,https://azahcccs.gov/Resources/OversightOfHealthPlans/OpReviews.html,linked from https://azahcccs.gov/Members/Pharmacy/,1,200,text/html,,raw/arizona/arizona__opreviews-html__9bc3cec304.html,text/arizona/arizona__opreviews-html__9bc3cec304.txt
Arizona,https://azahcccs.gov/Resources/Reports/dashboards.html,linked from https://azahcccs.gov/Members/Pharmacy/,1,200,text/html,,raw/arizona/arizona__dashboards-html__3cef13f779.html,text/arizona/arizona__dashboards-html__3cef13f779.txt
Arizona,https://azahcccs.gov/Resources/EDI/EDIchanges.html,linked from https://azahcccs.gov/Members/Pharmacy/,1,200,text/html,,raw/arizona/arizona__edichanges-html__a459120bcc.html,text/arizona/arizona__edichanges-html__a459120bcc.txt
Arizona,https://azahcccs.gov/Resources/GuidesManualsPolicies/pharmacyupdates.html,linked from https://azahcccs.gov/Members/Pharmacy/,1,200,text/html,,raw/arizona/arizona__pharmacyupdates-html__c965742859.html,text/arizona/arizona__pharmacyupdates-html__c965742859.txt
Arizona,https://azahcccs.gov/Members/AlreadyCovered/RightsAndResponsibilities/nondiscrimination.html,linked from https://azahcccs.gov/Members/Pharmacy/,1,200,text/html,,raw/arizona/arizona__nondiscrimination-html__2ed944f88d.html,text/arizona/arizona__nondiscrimination-html__2ed944f88d.txt
Arizona,https://azahcccs.gov/shared/Downloads/MfgsLeavingMDRPMemo.pdf,linked from https://azahcccs.gov/Members/Pharmacy/,1,200,application/pdf,,raw/arizona/arizona__mfgsleavingmdrpmemo-pdf__92aaeafb85.pdf,text/arizona/arizona__mfgsleavingmdrpmemo-pdf__92aaeafb85.txt
Arizona,https://azahcccs.gov/shared/Downloads/ExcludedDrugsEffective.xlsx,linked from https://azahcccs.gov/Members/Pharmacy/,1,200,application/vnd.openxmlformats-officedocument.spreadsheetml.sheet,,raw/arizona/arizona__excludeddrugseffective-xlsx__6e445f448b.bin,text/arizona/arizona__excludeddrugseffective-xlsx__6e445f448b.txt
Arizona,https://azahcccs.gov/shared/Downloads/Manufacturer_ContactInfo.xlsx,linked from https://azahcccs.gov/Members/Pharmacy/,1,200,application/vnd.openxmlformats-officedocument.spreadsheetml.sheet,,raw/arizona/arizona__manufacturer-contactinfo-xlsx__7bfbd36e3c.bin,text/arizona/arizona__manufacturer-contactinfo-xlsx__7bfbd36e3c.txt
Arizona,https://azahcccs.gov/shared/Downloads/Biosimilar_Memo_7_11_2025_Updated.pdf,linked from https://azahcccs.gov/Members/Pharmacy/,1,200,application/pdf,,raw/arizona/arizona__biosimilar-memo-7-11-2025-updated-pdf__5daee1871d.pdf,text/arizona/arizona__biosimilar-memo-7-11-2025-updated-pdf__5daee1871d.txt
Arizona,https://azahcccs.gov/Shared/Downloads/ACOM/PolicyFiles/100/111.pdf,linked from https://azahcccs.gov/Members/Pharmacy/,1,200,application/pdf,,raw/arizona/arizona__111-pdf__8ec702020f.pdf,text/arizona/arizona__111-pdf__8ec702020f.txt
Arizona,https://azahcccs.gov/PlansProviders/Downloads/PharmacyUpdates/FillableConflictOfInterestForm.pdf,linked from https://azahcccs.gov/Members/Pharmacy/,1,200,application/pdf,,raw/arizona/arizona__fillableconflictofinterestform-pdf__180bf6f382.pdf,text/arizona/arizona__fillableconflictofinterestform-pdf__180bf6f382.txt
Arizona,https://azahcccs.gov/Resources/Downloads/PharmacyUpdates/2026/PT2026-2027Schedule.pdf,linked from https://azahcccs.gov/Members/Pharmacy/,1,200,application/pdf,,raw/arizona/arizona__pt2026-2027schedule-pdf__d541797c96.pdf,text/arizona/arizona__pt2026-2027schedule-pdf__d541797c96.txt
Arizona,https://azahcccs.gov/Resources/Downloads/PharmacyUpdates/2026/AgendaPharmacyandTherapeuticsCommittee_20260519.pdf,linked from https://azahcccs.gov/Members/Pharmacy/,1,200,application/pdf,,raw/arizona/arizona__agendapharmacyandtherapeuticscommittee-20260519-pdf__7e1f6a622d.pdf,text/arizona/arizona__agendapharmacyandtherapeuticscommittee-20260519-pdf__7e1f6a622d.txt
Arizona,https://azahcccs.gov/Resources/Downloads/PharmacyUpdates/2026/AZ_May2026PTManufacturerLetter.pdf,linked from https://azahcccs.gov/Members/Pharmacy/,1,200,application/pdf,,raw/arizona/arizona__az-may2026ptmanufacturerletter-pdf__5b765f4c59.pdf,text/arizona/arizona__az-may2026ptmanufacturerletter-pdf__5b765f4c59.txt
Arizona,https://azahcccs.gov/Resources/Downloads/PharmacyUpdates/2026/AgendaPharmacyandTherapeuticsCommittee2026-01-13.pdf,linked from https://azahcccs.gov/Members/Pharmacy/,1,200,application/pdf,,raw/arizona/arizona__agendapharmacyandtherapeuticscommittee2026-01-13-pdf__6a83fa99fa.pdf,text/arizona/arizona__agendapharmacyandtherapeuticscommittee2026-01-13-pdf__6a83fa99fa.txt
Arizona,https://azahcccs.gov/Resources/Downloads/PharmacyUpdates/2026/AZ_Jan_2026P_T_Meeting_Manufacturer_Letter.pdf,linked from https://azahcccs.gov/Members/Pharmacy/,1,200,application/pdf,,raw/arizona/arizona__az-jan-2026p-t-meeting-manufacturer-letter-pdf__ce4cd20b46.pdf,text/arizona/arizona__az-jan-2026p-t-meeting-manufacturer-letter-pdf__ce4cd20b46.txt
Arizona,https://azahcccs.gov/Resources/Downloads/PharmacyUpdates/2026/AZ_January2026PTMeetingClinicalPresentation.pdf,linked from https://azahcccs.gov/Members/Pharmacy/,1,200,application/pdf,,raw/arizona/arizona__az-january2026ptmeetingclinicalpresentation-pdf__69fc07cc7f.pdf,text/arizona/arizona__az-january2026ptmeetingclinicalpresentation-pdf__69fc07cc7f.txt
Arizona,https://azahcccs.gov/Resources/Downloads/PharmacyUpdates/2026/AZ_January2026PTRecommendationSlides.pdf,linked from https://azahcccs.gov/Members/Pharmacy/,1,200,application/pdf,,raw/arizona/arizona__az-january2026ptrecommendationslides-pdf__86cf05e600.pdf,text/arizona/arizona__az-january2026ptrecommendationslides-pdf__86cf05e600.txt
Arizona,https://azahcccs.gov/Resources/Downloads/PharmacyUpdates/2026/WrittenTestimony-PharmacyandTherapeuticsCommittee2026-01-13.pdf,linked from https://azahcccs.gov/Members/Pharmacy/,1,200,application/pdf,,raw/arizona/arizona__writtentestimony-pharmacyandtherapeuticscommittee2026-01-13-pdf__81bed4e03b.pdf,text/arizona/arizona__writtentestimony-pharmacyandtherapeuticscommittee2026-01-13-pdf__81bed4e03b.txt
Arizona,https://azahcccs.gov/Resources/Downloads/PharmacyUpdates/2026/Contractor_Memo_PT_Meeting_January_2026.pdf,linked from https://azahcccs.gov/Members/Pharmacy/,1,200,application/pdf,,raw/arizona/arizona__contractor-memo-pt-meeting-january-2026-pdf__bd65b1f16b.pdf,text/arizona/arizona__contractor-memo-pt-meeting-january-2026-pdf__bd65b1f16b.txt
Arizona,https://azahcccs.gov/Resources/Downloads/PharmacyUpdates/2026/PDL_NDC_PT_RecommendationsFile_Effective_4.1.2026_Final.xlsx,linked from https://azahcccs.gov/Members/Pharmacy/,1,200,application/vnd.openxmlformats-officedocument.spreadsheetml.sheet,,raw/arizona/arizona__pdl-ndc-pt-recommendationsfile-effective-4-1-2026-final-xlsx__8e63b714ad.bin,text/arizona/arizona__pdl-ndc-pt-recommendationsfile-effective-4-1-2026-final-xlsx__8e63b714ad.txt
Arizona,https://azahcccs.gov/Resources/Downloads/PharmacyUpdates/2025/AgendaPharmacyandTherapeuticsCommittee20251022.pdf,linked from https://azahcccs.gov/Members/Pharmacy/,1,200,application/pdf,,raw/arizona/arizona__agendapharmacyandtherapeuticscommittee20251022-pdf__451684d13f.pdf,text/arizona/arizona__agendapharmacyandtherapeuticscommittee20251022-pdf__451684d13f.txt
Arizona,https://azahcccs.gov/Resources/Downloads/PharmacyUpdates/2025/AZ_Oct2025_P&T_MeetingClinicalPresentation.pdf,linked from https://azahcccs.gov/Members/Pharmacy/,1,200,application/pdf,,raw/arizona/arizona__az-oct2025-p-t-meetingclinicalpresentation-pdf__9889f180f9.pdf,text/arizona/arizona__az-oct2025-p-t-meetingclinicalpresentation-pdf__9889f180f9.txt
Arizona,https://azahcccs.gov/Resources/Downloads/PharmacyUpdates/2025/AZ_Oct2025_P&T_RecommendationSlides.pdf,linked from https://azahcccs.gov/Members/Pharmacy/,1,200,application/pdf,,raw/arizona/arizona__az-oct2025-p-t-recommendationslides-pdf__b468190235.pdf,text/arizona/arizona__az-oct2025-p-t-recommendationslides-pdf__b468190235.txt
Arizona,https://azahcccs.gov/Resources/Downloads/PharmacyUpdates/2025/AHCCCS_P&T_ContractorNotice_Effective_01012026.pdf,linked from https://azahcccs.gov/Members/Pharmacy/,1,200,application/pdf,,raw/arizona/arizona__ahcccs-p-t-contractornotice-effective-01012026-pdf__b94a09e601.pdf,text/arizona/arizona__ahcccs-p-t-contractornotice-effective-01012026-pdf__b94a09e601.txt
Arizona,https://azahcccs.gov/Resources/Downloads/PharmacyUpdates/2025/AZ_October2025_PT_MeetingNDC_Listing_10282025.xlsx,linked from https://azahcccs.gov/Members/Pharmacy/,1,200,application/vnd.openxmlformats-officedocument.spreadsheetml.sheet,,raw/arizona/arizona__az-october2025-pt-meetingndc-listing-10282025-xlsx__2468637ce4.bin,text/arizona/arizona__az-october2025-pt-meetingndc-listing-10282025-xlsx__2468637ce4.txt
Arizona,https://azahcccs.gov/Resources/Downloads/PharmacyUpdates/2025/AZManufacturerRequestLetter_Oct2025Meeting.pdf,linked from https://azahcccs.gov/Members/Pharmacy/,1,200,application/pdf,,raw/arizona/arizona__azmanufacturerrequestletter-oct2025meeting-pdf__f21425fa98.pdf,text/arizona/arizona__azmanufacturerrequestletter-oct2025meeting-pdf__f21425fa98.txt
Arizona,https://azahcccs.gov/Resources/Downloads/PharmacyUpdates/2025/AgendaPharmacyandTherapeuticsCommittee2026-01-13-rev01132026.pdf,linked from https://azahcccs.gov/Members/Pharmacy/,1,200,application/pdf,,raw/arizona/arizona__agendapharmacyandtherapeuticscommittee2026-01-13-rev01132026-pdf__9b87b0b1cd.pdf,text/arizona/arizona__agendapharmacyandtherapeuticscommittee2026-01-13-rev01132026-pdf__9b87b0b1cd.txt
Arizona,https://azahcccs.gov/Resources/Downloads/PharmacyUpdates/2025/PharmacyandTherapeuticsCommittee2025-05-21Agenda.pdf,linked from https://azahcccs.gov/Members/Pharmacy/,1,200,application/pdf,,raw/arizona/arizona__pharmacyandtherapeuticscommittee2025-05-21agenda-pdf__c44fcc89e4.pdf,text/arizona/arizona__pharmacyandtherapeuticscommittee2025-05-21agenda-pdf__c44fcc89e4.txt
Arizona,https://azahcccs.gov/Resources/Downloads/PharmacyUpdates/2025/AZ_ManufacturerRequestLetterMay2025Meeting.pdf,linked from https://azahcccs.gov/Members/Pharmacy/,1,200,application/pdf,,raw/arizona/arizona__az-manufacturerrequestlettermay2025meeting-pdf__77ddf20029.pdf,text/arizona/arizona__az-manufacturerrequestlettermay2025meeting-pdf__77ddf20029.txt
Arizona,https://azahcccs.gov/Resources/Downloads/PharmacyUpdates/2025/AHCCCS_PharmacyAndTherapeuticsCommittesPresentation.pdf,linked from https://azahcccs.gov/Members/Pharmacy/,1,200,application/pdf,,raw/arizona/arizona__ahcccs-pharmacyandtherapeuticscommittespresentation-pdf__b0291f5c6a.pdf,text/arizona/arizona__ahcccs-pharmacyandtherapeuticscommittespresentation-pdf__b0291f5c6a.txt
Arizona,https://azahcccs.gov/Resources/Downloads/PharmacyUpdates/2025/AHCCCSPandT_Contractor Notice_Effective_October_1_2025.pdf,linked from https://azahcccs.gov/Members/Pharmacy/,1,,,InvalidURL: URL can't contain control characters. '/Resources/Downloads/PharmacyUpdates/2025/AHCCCSPandT_Contractor Notice_Effective_October_1_2025.pdf' (found at least ' '),raw/arizona/arizona__ahcccspandt-contractor-notice-effective-october-1-2025-pdf__ef1a18686e.error.txt,text/arizona/arizona__ahcccspandt-contractor-notice-effective-october-1-2025-pdf__ef1a18686e.error.txt
Arizona,https://azahcccs.gov/Resources/Downloads/PharmacyUpdates/2025/AHCCCS_May2025PTMeetingNDCListing20250530.pdf,linked from https://azahcccs.gov/Members/Pharmacy/,1,200,application/pdf,,raw/arizona/arizona__ahcccs-may2025ptmeetingndclisting20250530-pdf__15ebbaab1b.pdf,text/arizona/arizona__ahcccs-may2025ptmeetingndclisting20250530-pdf__15ebbaab1b.txt
Arizona,https://azahcccs.gov/Resources/Downloads/PharmacyUpdates/2025/May2025PT_RecommendationSlides.pdf,linked from https://azahcccs.gov/Members/Pharmacy/,1,200,application/pdf,,raw/arizona/arizona__may2025pt-recommendationslides-pdf__dbd17359d5.pdf,text/arizona/arizona__may2025pt-recommendationslides-pdf__dbd17359d5.txt
Arizona,https://azahcccs.gov/Resources/Downloads/PharmacyUpdates/2025/P&T_WrittenTestimony.pdf,linked from https://azahcccs.gov/Members/Pharmacy/,1,200,application/pdf,,raw/arizona/arizona__p-t-writtentestimony-pdf__39ab9c74c0.pdf,text/arizona/arizona__p-t-writtentestimony-pdf__39ab9c74c0.txt
Arizona,https://azahcccs.gov/Resources/Downloads/PharmacyUpdates/2025/May2025MeetingMinutes.pdf,linked from https://azahcccs.gov/Members/Pharmacy/,1,200,application/pdf,,raw/arizona/arizona__may2025meetingminutes-pdf__57bbde9a31.pdf,text/arizona/arizona__may2025meetingminutes-pdf__57bbde9a31.txt
Arizona,https://azahcccs.gov/Resources/Downloads/PharmacyUpdates/2025/PTAgenda_January2025Meeting.pdf,linked from https://azahcccs.gov/Members/Pharmacy/,1,200,application/pdf,,raw/arizona/arizona__ptagenda-january2025meeting-pdf__03d9203c73.pdf,text/arizona/arizona__ptagenda-january2025meeting-pdf__03d9203c73.txt
Arizona,https://azahcccs.gov/Resources/Downloads/PharmacyUpdates/2025/AZ_ManufacturerRequestLetterJanuary2025Meeting.pdf,linked from https://azahcccs.gov/Members/Pharmacy/,1,200,application/pdf,,raw/arizona/arizona__az-manufacturerrequestletterjanuary2025meeting-pdf__a634352f30.pdf,text/arizona/arizona__az-manufacturerrequestletterjanuary2025meeting-pdf__a634352f30.txt
Arizona,https://azahcccs.gov/Resources/Downloads/PharmacyUpdates/2025/AZJanuary2025PTMeetingClinicalPresentationrev01152025.pdf,linked from https://azahcccs.gov/Members/Pharmacy/,1,200,application/pdf,,raw/arizona/arizona__azjanuary2025ptmeetingclinicalpresentationrev01152025-pdf__56f644d8bf.pdf,text/arizona/arizona__azjanuary2025ptmeetingclinicalpresentationrev01152025-pdf__56f644d8bf.txt
Arizona,https://azahcccs.gov/Resources/Downloads/PharmacyUpdates/2025/AZJanuary2025PTRecommendationSlidesrev01152025.pdf,linked from https://azahcccs.gov/Members/Pharmacy/,1,200,application/pdf,,raw/arizona/arizona__azjanuary2025ptrecommendationslidesrev01152025-pdf__a99e8ae2b5.pdf,text/arizona/arizona__azjanuary2025ptrecommendationslidesrev01152025-pdf__a99e8ae2b5.txt
Arizona,https://azahcccs.gov/Resources/Downloads/PharmacyUpdates/2025/AHCCCSPandT_Contractor Notice_Effective_April_1_2025.pdf,linked from https://azahcccs.gov/Members/Pharmacy/,1,,,InvalidURL: URL can't contain control characters. '/Resources/Downloads/PharmacyUpdates/2025/AHCCCSPandT_Contractor Notice_Effective_April_1_2025.pdf' (found at least ' '),raw/arizona/arizona__ahcccspandt-contractor-notice-effective-april-1-2025-pdf__31d2865aca.error.txt,text/arizona/arizona__ahcccspandt-contractor-notice-effective-april-1-2025-pdf__31d2865aca.error.txt
Arizona,https://azahcccs.gov/Resources/Downloads/PharmacyUpdates/2025/AZJanuary2025MeetingNDCListing20250128.pdf,linked from https://azahcccs.gov/Members/Pharmacy/,1,200,application/pdf,,raw/arizona/arizona__azjanuary2025meetingndclisting20250128-pdf__6e768834da.pdf,text/arizona/arizona__azjanuary2025meetingndclisting20250128-pdf__6e768834da.txt
Arizona,https://azahcccs.gov/Resources/Downloads/PharmacyUpdates/2025/AHCCCS_P&TCommitteeMeetingMinutesApproved01152025.pdf,linked from https://azahcccs.gov/Members/Pharmacy/,1,200,application/pdf,,raw/arizona/arizona__ahcccs-p-tcommitteemeetingminutesapproved01152025-pdf__910c0c70e4.pdf,text/arizona/arizona__ahcccs-p-tcommitteemeetingminutesapproved01152025-pdf__910c0c70e4.txt
Arizona,https://azahcccs.gov/Resources/Downloads/PharmacyUpdates/2024/AHCCCS_PandT_Agenda2024-10-15.pdf,linked from https://azahcccs.gov/Members/Pharmacy/,1,200,application/pdf,,raw/arizona/arizona__ahcccs-pandt-agenda2024-10-15-pdf__e1c6e27947.pdf,text/arizona/arizona__ahcccs-pandt-agenda2024-10-15-pdf__e1c6e27947.txt
Arizona,https://azahcccs.gov/Resources/Downloads/PharmacyUpdates/2024/AZ_ManufacturerRequestLetterOct2024Meeting.pdf,linked from https://azahcccs.gov/Members/Pharmacy/,1,200,application/pdf,,raw/arizona/arizona__az-manufacturerrequestletteroct2024meeting-pdf__34b199b9e6.pdf,text/arizona/arizona__az-manufacturerrequestletteroct2024meeting-pdf__34b199b9e6.txt
Arizona,https://azahcccs.gov/Resources/Downloads/PharmacyUpdates/2024/PTWrittenTestimonyOctober2024.pdf,linked from https://azahcccs.gov/Members/Pharmacy/,1,200,application/pdf,,raw/arizona/arizona__ptwrittentestimonyoctober2024-pdf__07fdc7e785.pdf,text/arizona/arizona__ptwrittentestimonyoctober2024-pdf__07fdc7e785.txt
Arkansas,https://ar.primetherapeutics.com/provider-documents,seed,0,200,text/html;charset=UTF-8,,raw/arkansas/arkansas__provider-documents__846bd9847e.html,text/arkansas/arkansas__provider-documents__846bd9847e.txt
Arkansas,https://ar.primetherapeutics.com/documents/268611/269354/Preferred%2BDrug%2BList%2BOverview.pdf/0502ab6b-5657-6ef6-b9a9-a2e6df168b85?t=1682360546951,seed,0,200,application/pdf,,raw/arkansas/arkansas__0502ab6b-5657-6ef6-b9a9-a2e6df168b85__526855d631.pdf,text/arkansas/arkansas__0502ab6b-5657-6ef6-b9a9-a2e6df168b85__526855d631.txt
Arkansas,https://ar.primetherapeutics.com/documents/d/arkansas/dur-board-minutes-for-october-15-2025-meeting,seed,0,200,application/pdf,,raw/arkansas/arkansas__dur-board-minutes-for-october-15-2025-meeting__44a6ac9357.pdf,text/arkansas/arkansas__dur-board-minutes-for-october-15-2025-meeting__44a6ac9357.txt
Arkansas,https://ar.primetherapeutics.com/documents/d/arkansas/dur-board-agenda-for-april-15-2026,seed,0,200,application/pdf,,raw/arkansas/arkansas__dur-board-agenda-for-april-15-2026__c1977e7105.pdf,text/arkansas/arkansas__dur-board-agenda-for-april-15-2026__c1977e7105.txt
Arkansas,https://ar.primetherapeutics.com/,linked from https://ar.primetherapeutics.com/provider-documents,1,200,text/html;charset=UTF-8,,raw/arkansas/arkansas__ar-primetherapeutics-com__1d014feeba.html,text/arkansas/arkansas__ar-primetherapeutics-com__1d014feeba.txt
Arkansas,https://ar.primetherapeutics.com/home,linked from https://ar.primetherapeutics.com/provider-documents,1,200,text/html;charset=UTF-8,,raw/arkansas/arkansas__home__6ea1e180d1.html,text/arkansas/arkansas__home__6ea1e180d1.txt
Arkansas,https://ar.primetherapeutics.com/find-a-pharmacy,linked from https://ar.primetherapeutics.com/provider-documents,1,200,text/html;charset=UTF-8,,raw/arkansas/arkansas__find-a-pharmacy__bff9f81c0e.html,text/arkansas/arkansas__find-a-pharmacy__bff9f81c0e.txt
Arkansas,https://ar.primetherapeutics.com/drug-lookup,linked from https://ar.primetherapeutics.com/provider-documents,1,200,text/html;charset=UTF-8,,raw/arkansas/arkansas__drug-lookup__e1111e0ec4.html,text/arkansas/arkansas__drug-lookup__e1111e0ec4.txt
Arkansas,https://ar.primetherapeutics.com/links,linked from https://ar.primetherapeutics.com/provider-documents,1,200,text/html;charset=UTF-8,,raw/arkansas/arkansas__links__04fda6c14c.html,text/arkansas/arkansas__links__04fda6c14c.txt
Arkansas,https://ar.primetherapeutics.com/announcements,linked from https://ar.primetherapeutics.com/provider-documents,1,200,text/html;charset=UTF-8,,raw/arkansas/arkansas__announcements__276fc063f3.html,text/arkansas/arkansas__announcements__276fc063f3.txt
Arkansas,https://ar.primetherapeutics.com/forms-documents,linked from https://ar.primetherapeutics.com/provider-documents,1,200,text/html;charset=UTF-8,,raw/arkansas/arkansas__forms-documents__2f35962d7d.html,text/arkansas/arkansas__forms-documents__2f35962d7d.txt
Arkansas,https://ar.primetherapeutics.com/contact-us,linked from https://ar.primetherapeutics.com/provider-documents,1,200,text/html;charset=UTF-8,,raw/arkansas/arkansas__contact-us__c5c0fb3c52.html,text/arkansas/arkansas__contact-us__c5c0fb3c52.txt
Arkansas,https://ar.primetherapeutics.com/helper-utilities2,linked from https://ar.primetherapeutics.com/provider-documents,1,200,text/html;charset=UTF-8,,raw/arkansas/arkansas__helper-utilities2__bfc66ca574.html,text/arkansas/arkansas__helper-utilities2__bfc66ca574.txt
Arkansas,https://ar.primetherapeutics.com/web/arkansas/login,linked from https://ar.primetherapeutics.com/provider-documents,1,200,text/html;charset=UTF-8,,raw/arkansas/arkansas__login__af869bc097.html,text/arkansas/arkansas__login__af869bc097.txt
Arkansas,https://ar.primetherapeutics.com/documents/d/arkansas/bin-pcn-2026,linked from https://ar.primetherapeutics.com/provider-documents,1,200,application/pdf,,raw/arkansas/arkansas__bin-pcn-2026__4e7d9876a7.pdf,text/arkansas/arkansas__bin-pcn-2026__4e7d9876a7.txt
Arkansas,https://ar.primetherapeutics.com/documents/d/arkansas/bin-pcn-2025,linked from https://ar.primetherapeutics.com/provider-documents,1,200,application/pdf,,raw/arkansas/arkansas__bin-pcn-2025__693b735ff4.pdf,text/arkansas/arkansas__bin-pcn-2025__693b735ff4.txt
Arkansas,https://ar.primetherapeutics.com/documents/d/arkansas/arkansas-medicaid-ffs-and-mco-manual-billing-policies,linked from https://ar.primetherapeutics.com/provider-documents,1,200,application/pdf,,raw/arkansas/arkansas__arkansas-medicaid-ffs-and-mco-manual-billing-policies__be223f0795.pdf,text/arkansas/arkansas__arkansas-medicaid-ffs-and-mco-manual-billing-policies__be223f0795.txt
Arkansas,https://ar.primetherapeutics.com/documents/d/arkansas/on-012-25-revised-new-edit-for-340b-medical-billing,linked from https://ar.primetherapeutics.com/provider-documents,1,200,application/pdf,,raw/arkansas/arkansas__on-012-25-revised-new-edit-for-340b-medical-billing__e745d4f832.pdf,text/arkansas/arkansas__on-012-25-revised-new-edit-for-340b-medical-billing__e745d4f832.txt
Arkansas,https://ar.primetherapeutics.com/documents/d/arkansas/on-012-25-new-edit-for-340b-medical-billing,linked from https://ar.primetherapeutics.com/provider-documents,1,200,application/pdf,,raw/arkansas/arkansas__on-012-25-new-edit-for-340b-medical-billing__a0bb5ad717.pdf,text/arkansas/arkansas__on-012-25-new-edit-for-340b-medical-billing__a0bb5ad717.txt
Arkansas,https://ar.primetherapeutics.com/documents/d/arkansas/on-001-25-modifier-jg-end-dated,linked from https://ar.primetherapeutics.com/provider-documents,1,200,application/pdf,,raw/arkansas/arkansas__on-001-25-modifier-jg-end-dated__1e68d42a89.pdf,text/arkansas/arkansas__on-001-25-modifier-jg-end-dated__1e68d42a89.txt
Arkansas,https://ar.primetherapeutics.com/documents/d/arkansas/on-034-22-340b-modifier-and-actual-invoice-price,linked from https://ar.primetherapeutics.com/provider-documents,1,200,application/pdf,,raw/arkansas/arkansas__on-034-22-340b-modifier-and-actual-invoice-price__8342425a8e.pdf,text/arkansas/arkansas__on-034-22-340b-modifier-and-actual-invoice-price__8342425a8e.txt
Arkansas,https://ar.primetherapeutics.com/documents/d/arkansas/on-027-23-340b-modifier-exceptions,linked from https://ar.primetherapeutics.com/provider-documents,1,200,application/pdf,,raw/arkansas/arkansas__on-027-23-340b-modifier-exceptions__2f23ffc2b9.pdf,text/arkansas/arkansas__on-027-23-340b-modifier-exceptions__2f23ffc2b9.txt
Arkansas,https://ar.primetherapeutics.com/documents/d/arkansas/on-012-23-340b-fqhc,linked from https://ar.primetherapeutics.com/provider-documents,1,200,application/pdf,,raw/arkansas/arkansas__on-012-23-340b-fqhc__f895ef5df6.pdf,text/arkansas/arkansas__on-012-23-340b-fqhc__f895ef5df6.txt
Arkansas,https://ar.primetherapeutics.com/documents/d/arkansas/on-045-22-340b-modifier-start-date,linked from https://ar.primetherapeutics.com/provider-documents,1,200,application/pdf,,raw/arkansas/arkansas__on-045-22-340b-modifier-start-date__0848ee6824.pdf,text/arkansas/arkansas__on-045-22-340b-modifier-start-date__0848ee6824.txt
Arkansas,https://ar.primetherapeutics.com/documents/d/arkansas/on-037-22_340b-billing-changes-and-best-practices,linked from https://ar.primetherapeutics.com/provider-documents,1,200,application/pdf,,raw/arkansas/arkansas__on-037-22-340b-billing-changes-and-best-practices__301e4bd2d1.pdf,text/arkansas/arkansas__on-037-22-340b-billing-changes-and-best-practices__301e4bd2d1.txt
Arkansas,https://ar.primetherapeutics.com/documents/268611/269354/Provider+Memorandum+-+05_26_2021.pdf/2e4ebac5-9cde-f3fc-9903-aef662363975?t=1682360734245,linked from https://ar.primetherapeutics.com/provider-documents,1,200,application/pdf,,raw/arkansas/arkansas__2e4ebac5-9cde-f3fc-9903-aef662363975__00c74d6f2b.pdf,text/arkansas/arkansas__2e4ebac5-9cde-f3fc-9903-aef662363975__00c74d6f2b.txt
Arkansas,https://ar.primetherapeutics.com/documents/268611/269354/Provider+Memorandum+-+01_08_2016.pdf/c6f92652-eaa2-e192-ea2a-92c31678346c?t=1682360759314,linked from https://ar.primetherapeutics.com/provider-documents,1,200,application/pdf,,raw/arkansas/arkansas__c6f92652-eaa2-e192-ea2a-92c31678346c__b2b90850cf.pdf,text/arkansas/arkansas__c6f92652-eaa2-e192-ea2a-92c31678346c__b2b90850cf.txt
Arkansas,https://ar.primetherapeutics.com/documents/268611/269354/Medicaid+CAP+List+05-11-2023_v1.0.pdf/475232b2-f82f-4e88-d04e-7dea6ba65197?t=1687897190585,linked from https://ar.primetherapeutics.com/provider-documents,1,200,application/pdf,,raw/arkansas/arkansas__475232b2-f82f-4e88-d04e-7dea6ba65197__fc7f093ec5.pdf,text/arkansas/arkansas__475232b2-f82f-4e88-d04e-7dea6ba65197__fc7f093ec5.txt
Arkansas,https://ar.primetherapeutics.com/documents/268611/269354/SMAC+Price+Research+Request+Form.pdf/6616e9d6-b2b7-3925-5f2b-23592417ac30?t=1682360693860,linked from https://ar.primetherapeutics.com/provider-documents,1,200,application/pdf,,raw/arkansas/arkansas__6616e9d6-b2b7-3925-5f2b-23592417ac30__458ca44819.pdf,text/arkansas/arkansas__6616e9d6-b2b7-3925-5f2b-23592417ac30__458ca44819.txt
Arkansas,https://ar.primetherapeutics.com/documents/268611/269354/Cough+and+Cold+List.pdf/60bf7b24-bb1d-be3f-9ce4-bbe8cca8cb17?t=1682360659483,linked from https://ar.primetherapeutics.com/provider-documents,1,200,application/pdf,,raw/arkansas/arkansas__60bf7b24-bb1d-be3f-9ce4-bbe8cca8cb17__7cdf5643ce.pdf,text/arkansas/arkansas__60bf7b24-bb1d-be3f-9ce4-bbe8cca8cb17__7cdf5643ce.txt
Arkansas,https://ar.primetherapeutics.com/documents/268611/269354/Covered+Labelers.pdf/f28e903f-a621-e9b5-07a7-540b736beddd?t=1685117141617,linked from https://ar.primetherapeutics.com/provider-documents,1,200,application/pdf,,raw/arkansas/arkansas__f28e903f-a621-e9b5-07a7-540b736beddd__d4049a1707.pdf,text/arkansas/arkansas__f28e903f-a621-e9b5-07a7-540b736beddd__d4049a1707.txt
Arkansas,https://ar.primetherapeutics.com/documents/268611/269354/Preferred+Drug+List+Overview.pdf/0502ab6b-5657-6ef6-b9a9-a2e6df168b85?t=1682360546951,linked from https://ar.primetherapeutics.com/provider-documents,1,200,application/pdf,,raw/arkansas/arkansas__0502ab6b-5657-6ef6-b9a9-a2e6df168b85__f00e61afef.pdf,text/arkansas/arkansas__0502ab6b-5657-6ef6-b9a9-a2e6df168b85__f00e61afef.txt
Arkansas,https://ar.primetherapeutics.com/documents/268611/269354/Preferred+Drug+List.pdf/533764a9-1715-6daf-8eb5-bbe71e53ca1d?t=1688593048729,linked from https://ar.primetherapeutics.com/provider-documents,1,200,application/pdf,,raw/arkansas/arkansas__533764a9-1715-6daf-8eb5-bbe71e53ca1d__d22802168c.pdf,text/arkansas/arkansas__533764a9-1715-6daf-8eb5-bbe71e53ca1d__d22802168c.txt
Arkansas,https://ar.primetherapeutics.com/documents/d/arkansas/pacriteria,linked from https://ar.primetherapeutics.com/provider-documents,1,200,application/pdf,,raw/arkansas/arkansas__pacriteria__14c29ee3ff.pdf,text/arkansas/arkansas__pacriteria__14c29ee3ff.txt
Arkansas,https://ar.primetherapeutics.com/documents/d/arkansas/arm-general-medication-coverage-policy-2025,linked from https://ar.primetherapeutics.com/provider-documents,1,200,application/pdf,,raw/arkansas/arkansas__arm-general-medication-coverage-policy-2025__cb23ac1336.pdf,text/arkansas/arkansas__arm-general-medication-coverage-policy-2025__cb23ac1336.txt
Arkansas,https://ar.primetherapeutics.com/documents/268611/269354/Coverage+Exclusions.pdf/8dd71ac2-5d3c-5d2e-1c5f-d886adc4e809?t=1682362639433,linked from https://ar.primetherapeutics.com/provider-documents,1,200,application/pdf,,raw/arkansas/arkansas__8dd71ac2-5d3c-5d2e-1c5f-d886adc4e809__d15c40dfe1.pdf,text/arkansas/arkansas__8dd71ac2-5d3c-5d2e-1c5f-d886adc4e809__d15c40dfe1.txt
Arkansas,https://ar.primetherapeutics.com/documents/268611/269354/Extension+of+Benefits.pdf/b7177d76-f2d2-ec80-5a49-a9c24c547c28?t=1682360509253,linked from https://ar.primetherapeutics.com/provider-documents,1,200,application/pdf,,raw/arkansas/arkansas__b7177d76-f2d2-ec80-5a49-a9c24c547c28__0f314b6ee1.pdf,text/arkansas/arkansas__b7177d76-f2d2-ec80-5a49-a9c24c547c28__0f314b6ee1.txt
Arkansas,https://ar.primetherapeutics.com/documents/268611/269354/Extension+of+Benefit+-+Act+758.pdf/9c5e33b3-53e0-5590-8a08-e508d2e1ee26?t=1682360490744,linked from https://ar.primetherapeutics.com/provider-documents,1,200,application/pdf,,raw/arkansas/arkansas__9c5e33b3-53e0-5590-8a08-e508d2e1ee26__f1fded8a5b.pdf,text/arkansas/arkansas__9c5e33b3-53e0-5590-8a08-e508d2e1ee26__f1fded8a5b.txt
Arkansas,https://ar.primetherapeutics.com/documents/268611/269354/Generic+Upper+Limits.pdf/b0aeae5d-b4b3-2c3b-2838-e7628b3cba96?t=1682360469122,linked from https://ar.primetherapeutics.com/provider-documents,1,200,application/pdf,,raw/arkansas/arkansas__b0aeae5d-b4b3-2c3b-2838-e7628b3cba96__9fee21eade.pdf,text/arkansas/arkansas__b0aeae5d-b4b3-2c3b-2838-e7628b3cba96__9fee21eade.txt
Arkansas,https://ar.primetherapeutics.com/documents/268611/269354/Medicare+Part+D+Excluded%E2%80%94Allowed+by+Arkansas+Medicaid.pdf/1a3cbfbb-250e-eb2a-3585-2c5cbd8cb0fb?t=1682360445355,linked from https://ar.primetherapeutics.com/provider-documents,1,200,application/pdf,,raw/arkansas/arkansas__1a3cbfbb-250e-eb2a-3585-2c5cbd8cb0fb__2f867cdaaf.pdf,text/arkansas/arkansas__1a3cbfbb-250e-eb2a-3585-2c5cbd8cb0fb__2f867cdaaf.txt
Arkansas,https://ar.primetherapeutics.com/documents/268611/269354/MedWatch+Description.pdf/0bacae88-feba-c4a4-b1a8-28536ffe17f8?t=1682360425947,linked from https://ar.primetherapeutics.com/provider-documents,1,200,application/pdf,,raw/arkansas/arkansas__0bacae88-feba-c4a4-b1a8-28536ffe17f8__5eb7cf258e.pdf,text/arkansas/arkansas__0bacae88-feba-c4a4-b1a8-28536ffe17f8__5eb7cf258e.txt
Arkansas,https://ar.primetherapeutics.com/documents/268611/269354/MedWatch+Patient+Information+Request+Form.pdf/53e34e25-e617-e9fa-2228-0ec4ed8d2969?t=1682360403519,linked from https://ar.primetherapeutics.com/provider-documents,1,200,application/pdf,,raw/arkansas/arkansas__53e34e25-e617-e9fa-2228-0ec4ed8d2969__f7e0c53dd2.pdf,text/arkansas/arkansas__53e34e25-e617-e9fa-2228-0ec4ed8d2969__f7e0c53dd2.txt
Arkansas,https://ar.primetherapeutics.com/documents/268611/269354/Arkansas+Medicaid+Payer+Sheet.pdf/b968e902-37a0-942c-0610-464bdf37938d?t=1682360375720,linked from https://ar.primetherapeutics.com/provider-documents,1,200,application/pdf,,raw/arkansas/arkansas__b968e902-37a0-942c-0610-464bdf37938d__dc9349da79.pdf,text/arkansas/arkansas__b968e902-37a0-942c-0610-464bdf37938d__dc9349da79.txt
Arkansas,https://ar.primetherapeutics.com/documents/d/arkansas/oncology_policy_04172024,linked from https://ar.primetherapeutics.com/provider-documents,1,200,application/pdf,,raw/arkansas/arkansas__oncology-policy-04172024__1e6e6aa3ca.pdf,text/arkansas/arkansas__oncology-policy-04172024__1e6e6aa3ca.txt
Arkansas,https://ar.primetherapeutics.com/documents/d/arkansas/prior-authorization-criteria-for-select-oncology-medications-05172024,linked from https://ar.primetherapeutics.com/provider-documents,1,200,application/pdf,,raw/arkansas/arkansas__prior-authorization-criteria-for-select-oncology-medications-05172024__4980735d25.pdf,text/arkansas/arkansas__prior-authorization-criteria-for-select-oncology-medications-05172024__4980735d25.txt
Arkansas,https://ar.primetherapeutics.com/documents/d/arkansas/ar_oncology_medication_pa_form-1,linked from https://ar.primetherapeutics.com/provider-documents,1,200,application/pdf,,raw/arkansas/arkansas__ar-oncology-medication-pa-form-1__e48df8453e.pdf,text/arkansas/arkansas__ar-oncology-medication-pa-form-1__e48df8453e.txt
Arkansas,https://ar.primetherapeutics.com/documents/268611/269354/Opioid+Prior+Authorization+Information.pdf/e651918c-0f23-1048-39a1-3bc233032c79?t=1682360353351,linked from https://ar.primetherapeutics.com/provider-documents,1,200,application/pdf,,raw/arkansas/arkansas__e651918c-0f23-1048-39a1-3bc233032c79__2ca481500d.pdf,text/arkansas/arkansas__e651918c-0f23-1048-39a1-3bc233032c79__2ca481500d.txt
Arkansas,https://ar.primetherapeutics.com/documents/268611/269354/Over-the-Counter+Medication+List.pdf/f94f1c8f-ea90-3408-26b3-174d04dbb268?t=1682360323906,linked from https://ar.primetherapeutics.com/provider-documents,1,200,application/pdf,,raw/arkansas/arkansas__f94f1c8f-ea90-3408-26b3-174d04dbb268__e3ba467b25.pdf,text/arkansas/arkansas__f94f1c8f-ea90-3408-26b3-174d04dbb268__e3ba467b25.txt
Arkansas,https://ar.primetherapeutics.com/documents/268611/269354/Pharmacy+Administered+Vaccine+Information+-+2020.pdf/534749a0-6a46-17cb-072d-fa760da381f7?t=1682360266025,linked from https://ar.primetherapeutics.com/provider-documents,1,200,application/pdf,,raw/arkansas/arkansas__534749a0-6a46-17cb-072d-fa760da381f7__b96cbe0005.pdf,text/arkansas/arkansas__534749a0-6a46-17cb-072d-fa760da381f7__b96cbe0005.txt
Arkansas,https://ar.primetherapeutics.com/documents/268611/269354/COVID-19+Antigen+Detection+Testing.pdf/3a95fcf6-5269-74f2-ea63-d37554c0bda6?t=1682360297050,linked from https://ar.primetherapeutics.com/provider-documents,1,200,application/pdf,,raw/arkansas/arkansas__3a95fcf6-5269-74f2-ea63-d37554c0bda6__bed0871263.pdf,text/arkansas/arkansas__3a95fcf6-5269-74f2-ea63-d37554c0bda6__bed0871263.txt
Arkansas,https://ar.primetherapeutics.com/documents/268611/269354/Pharmacy+Administered+Vaccine+Place+of+Service+Code.pdf/c1f3968f-b79a-d42c-79ce-946af5c5c1cc?t=1682360198146,linked from https://ar.primetherapeutics.com/provider-documents,1,200,application/pdf,,raw/arkansas/arkansas__c1f3968f-b79a-d42c-79ce-946af5c5c1cc__4563c76cb9.pdf,text/arkansas/arkansas__c1f3968f-b79a-d42c-79ce-946af5c5c1cc__4563c76cb9.txt
Arkansas,https://ar.primetherapeutics.com/documents/268611/269354/Provider+Memorandum+-+07_27_2021.pdf/f955070e-dc31-644a-ace8-868d26d1ec38?t=1682359800623,linked from https://ar.primetherapeutics.com/provider-documents,1,200,application/pdf,,raw/arkansas/arkansas__f955070e-dc31-644a-ace8-868d26d1ec38__5a98077dfc.pdf,text/arkansas/arkansas__f955070e-dc31-644a-ace8-868d26d1ec38__5a98077dfc.txt
Arkansas,https://ar.primetherapeutics.com/documents/268611/269354/Provider+Memorandum+-+12_08_2020.pdf/a75574c4-c9eb-9281-2a5b-c89fd92a63f6?t=1682359828896,linked from https://ar.primetherapeutics.com/provider-documents,1,200,application/pdf,,raw/arkansas/arkansas__a75574c4-c9eb-9281-2a5b-c89fd92a63f6__103b518978.pdf,text/arkansas/arkansas__a75574c4-c9eb-9281-2a5b-c89fd92a63f6__103b518978.txt
Arkansas,https://ar.primetherapeutics.com/documents/268611/269354/Provider+Memorandum+-+07_01_2020.pdf/9548e031-f892-c342-9906-2550425b13ab?t=1682359952833,linked from https://ar.primetherapeutics.com/provider-documents,1,200,application/pdf,,raw/arkansas/arkansas__9548e031-f892-c342-9906-2550425b13ab__1abf34cd08.pdf,text/arkansas/arkansas__9548e031-f892-c342-9906-2550425b13ab__1abf34cd08.txt
Arkansas,https://ar.primetherapeutics.com/documents/268611/269354/Claim+Edits+Information.pdf/26421831-7992-8a01-eaf1-34a85b0ea95c?t=1682359606122,linked from https://ar.primetherapeutics.com/provider-documents,1,200,application/pdf,,raw/arkansas/arkansas__26421831-7992-8a01-eaf1-34a85b0ea95c__808a8ffac8.pdf,text/arkansas/arkansas__26421831-7992-8a01-eaf1-34a85b0ea95c__808a8ffac8.txt
California,https://www.dhcs.ca.gov/provgovpart/pharmacy/Pages/Partners.aspx,seed,0,200,text/html,,raw/california/california__partners-aspx__695aa721bf.html,text/california/california__partners-aspx__695aa721bf.txt
California,https://www.dhcs.ca.gov/provgovpart/pharmacy/Documents/MCDAC-FAQs.pdf,seed,0,200,text/html,,raw/california/california__mcdac-faqs-pdf__357dbb221e.pdf,text/california/california__mcdac-faqs-pdf__357dbb221e.txt
California,https://www.dhcs.ca.gov/provgovpart/pharmacy/Documents/DrugPolProc-1-10-23.pdf,seed,0,200,text/html,,raw/california/california__drugpolproc-1-10-23-pdf__fc199274ec.pdf,text/california/california__drugpolproc-1-10-23-pdf__fc199274ec.txt
California,https://medi-calrx.dhcs.ca.gov/home/cdl/,seed,0,200,text/html; charset=UTF-8,,raw/california/california__cdl__3e1cfd2870.html,text/california/california__cdl__3e1cfd2870.txt
California,https://www.medi-calrx.dhcs.ca.gov/delivery/api/provider/dur.json?crafterSite=medicalrx,seed,0,200,application/json;charset=UTF-8,,raw/california/california__dur-json__1106aa5794.json,text/california/california__dur-json__1106aa5794.txt
California,https://medi-calrx.dhcs.ca.gov/cms/medicalrx/static-assets/documents/provider/dur/agendas-packets/DUR_Agenda_Packet_Feb_24_2026.pdf\,linked from https://www.medi-calrx.dhcs.ca.gov/delivery/api/provider/dur.json?crafterSite=medicalrx,1,404,application/xml,HTTP 404,raw/california/california__dur-agenda-packet-feb-24-2026-pdf__4336e4de5d.bin,text/california/california__dur-agenda-packet-feb-24-2026-pdf__4336e4de5d.txt
California,https://medi-calrx.dhcs.ca.gov/cms/medicalrx/static-assets/documents/provider/dur/agendas-packets/DUR_Agenda_Packet_Nov_18_2025.pdf\,linked from https://www.medi-calrx.dhcs.ca.gov/delivery/api/provider/dur.json?crafterSite=medicalrx,1,404,application/xml,HTTP 404,raw/california/california__dur-agenda-packet-nov-18-2025-pdf__ea92cebcea.bin,text/california/california__dur-agenda-packet-nov-18-2025-pdf__ea92cebcea.txt
California,https://medi-calrx.dhcs.ca.gov/cms/medicalrx/static-assets/documents/provider/dur/agendas-packets/DUR_Agenda_Packet_Sept_16_2025.pdf\,linked from https://www.medi-calrx.dhcs.ca.gov/delivery/api/provider/dur.json?crafterSite=medicalrx,1,404,application/xml,HTTP 404,raw/california/california__dur-agenda-packet-sept-16-2025-pdf__ebfe03ab2d.bin,text/california/california__dur-agenda-packet-sept-16-2025-pdf__ebfe03ab2d.txt
California,https://medi-calrx.dhcs.ca.gov/cms/medicalrx/static-assets/documents/provider/dur/agendas-packets/DUR_Agenda_Packet_May_20_2025.pdf\,linked from https://www.medi-calrx.dhcs.ca.gov/delivery/api/provider/dur.json?crafterSite=medicalrx,1,404,application/xml,HTTP 404,raw/california/california__dur-agenda-packet-may-20-2025-pdf__3406fd6b87.bin,text/california/california__dur-agenda-packet-may-20-2025-pdf__3406fd6b87.txt
California,https://medi-calrx.dhcs.ca.gov/cms/medicalrx/static-assets/documents/provider/dur/agendas-packets/DUR_Agenda_Packet_Feb_25_2025.pdf\,linked from https://www.medi-calrx.dhcs.ca.gov/delivery/api/provider/dur.json?crafterSite=medicalrx,1,404,application/xml,HTTP 404,raw/california/california__dur-agenda-packet-feb-25-2025-pdf__fff8958db3.bin,text/california/california__dur-agenda-packet-feb-25-2025-pdf__fff8958db3.txt
California,https://medi-calrx.dhcs.ca.gov/cms/medicalrx/static-assets/documents/provider/dur/agendas-packets/DUR_Agenda_Packet_Nov_19_2024.pdf\,linked from https://www.medi-calrx.dhcs.ca.gov/delivery/api/provider/dur.json?crafterSite=medicalrx,1,404,application/xml,HTTP 404,raw/california/california__dur-agenda-packet-nov-19-2024-pdf__2c1f20efbe.bin,text/california/california__dur-agenda-packet-nov-19-2024-pdf__2c1f20efbe.txt
California,https://medi-calrx.dhcs.ca.gov/cms/medicalrx/static-assets/documents/provider/dur/agendas-packets/DUR_Agenda_Packet_Sept_17_2024.pdf\,linked from https://www.medi-calrx.dhcs.ca.gov/delivery/api/provider/dur.json?crafterSite=medicalrx,1,404,application/xml,HTTP 404,raw/california/california__dur-agenda-packet-sept-17-2024-pdf__302094c67f.bin,text/california/california__dur-agenda-packet-sept-17-2024-pdf__302094c67f.txt
California,https://medi-calrx.dhcs.ca.gov/cms/medicalrx/static-assets/documents/provider/dur/agendas-packets/DUR_Agenda_Packet_Nov_28_2023.pdf\,linked from https://www.medi-calrx.dhcs.ca.gov/delivery/api/provider/dur.json?crafterSite=medicalrx,1,404,application/xml,HTTP 404,raw/california/california__dur-agenda-packet-nov-28-2023-pdf__f63c55ad6e.bin,text/california/california__dur-agenda-packet-nov-28-2023-pdf__f63c55ad6e.txt
California,https://medi-calrx.dhcs.ca.gov/cms/medicalrx/static-assets/documents/provider/dur/agendas-packets/DUR_Agenda_Packet_Sept_19_2023.pdf\,linked from https://www.medi-calrx.dhcs.ca.gov/delivery/api/provider/dur.json?crafterSite=medicalrx,1,404,application/xml,HTTP 404,raw/california/california__dur-agenda-packet-sept-19-2023-pdf__5ab892188c.bin,text/california/california__dur-agenda-packet-sept-19-2023-pdf__5ab892188c.txt
California,https://medi-calrx.dhcs.ca.gov/cms/medicalrx/static-assets/documents/provider/dur/agendas-packets/DUR_Agenda_Packet_May_16_2023.pdf\,linked from https://www.medi-calrx.dhcs.ca.gov/delivery/api/provider/dur.json?crafterSite=medicalrx,1,404,application/xml,HTTP 404,raw/california/california__dur-agenda-packet-may-16-2023-pdf__3cf7a942e7.bin,text/california/california__dur-agenda-packet-may-16-2023-pdf__3cf7a942e7.txt
California,https://medi-calrx.dhcs.ca.gov/cms/medicalrx/static-assets/documents/provider/dur/agendas-packets/DUR_Agenda_Packet_Feb_28_2023.pdf\,linked from https://www.medi-calrx.dhcs.ca.gov/delivery/api/provider/dur.json?crafterSite=medicalrx,1,404,application/xml,HTTP 404,raw/california/california__dur-agenda-packet-feb-28-2023-pdf__52a07d6347.bin,text/california/california__dur-agenda-packet-feb-28-2023-pdf__52a07d6347.txt
California,https://medi-calrx.dhcs.ca.gov/cms/medicalrx/static-assets/documents/provider/dur/agendas-packets/DUR_Agenda_Packet_Nov_15_2022.pdf\,linked from https://www.medi-calrx.dhcs.ca.gov/delivery/api/provider/dur.json?crafterSite=medicalrx,1,404,application/xml,HTTP 404,raw/california/california__dur-agenda-packet-nov-15-2022-pdf__520c8dc881.bin,text/california/california__dur-agenda-packet-nov-15-2022-pdf__520c8dc881.txt
California,https://medi-calrx.dhcs.ca.gov/cms/medicalrx/static-assets/documents/provider/dur/agendas-packets/DUR_Agenda_Packet_Sept_13_2022.pdf\,linked from https://www.medi-calrx.dhcs.ca.gov/delivery/api/provider/dur.json?crafterSite=medicalrx,1,404,application/xml,HTTP 404,raw/california/california__dur-agenda-packet-sept-13-2022-pdf__88b3c765d6.bin,text/california/california__dur-agenda-packet-sept-13-2022-pdf__88b3c765d6.txt
California,https://medi-calrx.dhcs.ca.gov/cms/medicalrx/static-assets/documents/provider/dur/agendas-packets/DUR_Agenda_Packet_May_17_2022.pdf\,linked from https://www.medi-calrx.dhcs.ca.gov/delivery/api/provider/dur.json?crafterSite=medicalrx,1,404,application/xml,HTTP 404,raw/california/california__dur-agenda-packet-may-17-2022-pdf__82a46e0d49.bin,text/california/california__dur-agenda-packet-may-17-2022-pdf__82a46e0d49.txt
California,https://medi-calrx.dhcs.ca.gov/cms/medicalrx/static-assets/documents/provider/dur/minutes/DUR_Board_Meeting_Minutes_Nov_18_2025.pdf\,linked from https://www.medi-calrx.dhcs.ca.gov/delivery/api/provider/dur.json?crafterSite=medicalrx,1,404,application/xml,HTTP 404,raw/california/california__dur-board-meeting-minutes-nov-18-2025-pdf__6b06b06edc.bin,text/california/california__dur-board-meeting-minutes-nov-18-2025-pdf__6b06b06edc.txt
California,https://medi-calrx.dhcs.ca.gov/cms/medicalrx/static-assets/documents/provider/dur/minutes/DUR_Board_Meeting_Minutes_Sept_16_2025.pdf\,linked from https://www.medi-calrx.dhcs.ca.gov/delivery/api/provider/dur.json?crafterSite=medicalrx,1,404,application/xml,HTTP 404,raw/california/california__dur-board-meeting-minutes-sept-16-2025-pdf__1431a2099f.bin,text/california/california__dur-board-meeting-minutes-sept-16-2025-pdf__1431a2099f.txt
California,https://medi-calrx.dhcs.ca.gov/cms/medicalrx/static-assets/documents/provider/dur/minutes/DUR_Board_Meeting_Minutes_Feb_25_2025.pdf\,linked from https://www.medi-calrx.dhcs.ca.gov/delivery/api/provider/dur.json?crafterSite=medicalrx,1,404,application/xml,HTTP 404,raw/california/california__dur-board-meeting-minutes-feb-25-2025-pdf__eb7bff1f66.bin,text/california/california__dur-board-meeting-minutes-feb-25-2025-pdf__eb7bff1f66.txt
California,https://medi-calrx.dhcs.ca.gov/cms/medicalrx/static-assets/documents/provider/dur/minutes/DUR_Board_Meeting_Minutes_Nov_19_2024.pdf\,linked from https://www.medi-calrx.dhcs.ca.gov/delivery/api/provider/dur.json?crafterSite=medicalrx,1,404,application/xml,HTTP 404,raw/california/california__dur-board-meeting-minutes-nov-19-2024-pdf__fbe6e45acc.bin,text/california/california__dur-board-meeting-minutes-nov-19-2024-pdf__fbe6e45acc.txt
California,https://medi-calrx.dhcs.ca.gov/cms/medicalrx/static-assets/documents/provider/dur/minutes/DUR_Board_Meeting_Minutes_Sept_17_2024.pdf\,linked from https://www.medi-calrx.dhcs.ca.gov/delivery/api/provider/dur.json?crafterSite=medicalrx,1,404,application/xml,HTTP 404,raw/california/california__dur-board-meeting-minutes-sept-17-2024-pdf__c015d8ee67.bin,text/california/california__dur-board-meeting-minutes-sept-17-2024-pdf__c015d8ee67.txt
California,https://medi-calrx.dhcs.ca.gov/cms/medicalrx/static-assets/documents/provider/dur/minutes/DUR_Board_Meeting_Minutes_May_21_2024.pdf\,linked from https://www.medi-calrx.dhcs.ca.gov/delivery/api/provider/dur.json?crafterSite=medicalrx,1,404,application/xml,HTTP 404,raw/california/california__dur-board-meeting-minutes-may-21-2024-pdf__559b0f67e5.bin,text/california/california__dur-board-meeting-minutes-may-21-2024-pdf__559b0f67e5.txt
California,https://medi-calrx.dhcs.ca.gov/cms/medicalrx/static-assets/documents/provider/dur/minutes/DUR_Board_Meeting_Minutes_Feb_27_2024.pdf\,linked from https://www.medi-calrx.dhcs.ca.gov/delivery/api/provider/dur.json?crafterSite=medicalrx,1,404,application/xml,HTTP 404,raw/california/california__dur-board-meeting-minutes-feb-27-2024-pdf__ca22972c1a.bin,text/california/california__dur-board-meeting-minutes-feb-27-2024-pdf__ca22972c1a.txt
California,https://medi-calrx.dhcs.ca.gov/cms/medicalrx/static-assets/documents/provider/dur/minutes/DUR_Board_Meeting_Minutes_Nov_28_2023.pdf\,linked from https://www.medi-calrx.dhcs.ca.gov/delivery/api/provider/dur.json?crafterSite=medicalrx,1,404,application/xml,HTTP 404,raw/california/california__dur-board-meeting-minutes-nov-28-2023-pdf__acee321f31.bin,text/california/california__dur-board-meeting-minutes-nov-28-2023-pdf__acee321f31.txt
California,https://medi-calrx.dhcs.ca.gov/cms/medicalrx/static-assets/documents/provider/dur/minutes/DUR_Board_Meeting_Minutes_Sept_19_2023.pdf\,linked from https://www.medi-calrx.dhcs.ca.gov/delivery/api/provider/dur.json?crafterSite=medicalrx,1,404,application/xml,HTTP 404,raw/california/california__dur-board-meeting-minutes-sept-19-2023-pdf__8581879e02.bin,text/california/california__dur-board-meeting-minutes-sept-19-2023-pdf__8581879e02.txt
California,https://medi-calrx.dhcs.ca.gov/cms/medicalrx/static-assets/documents/provider/dur/minutes/DUR_Board_Meeting_Minutes_May_16_2023.pdf\,linked from https://www.medi-calrx.dhcs.ca.gov/delivery/api/provider/dur.json?crafterSite=medicalrx,1,404,application/xml,HTTP 404,raw/california/california__dur-board-meeting-minutes-may-16-2023-pdf__16d4a9d079.bin,text/california/california__dur-board-meeting-minutes-may-16-2023-pdf__16d4a9d079.txt
California,https://medi-calrx.dhcs.ca.gov/cms/medicalrx/static-assets/documents/provider/dur/minutes/DUR_Board_Meeting_Minutes_Feb_28_2023.pdf\,linked from https://www.medi-calrx.dhcs.ca.gov/delivery/api/provider/dur.json?crafterSite=medicalrx,1,404,application/xml,HTTP 404,raw/california/california__dur-board-meeting-minutes-feb-28-2023-pdf__c386120541.bin,text/california/california__dur-board-meeting-minutes-feb-28-2023-pdf__c386120541.txt
California,https://medi-calrx.dhcs.ca.gov/cms/medicalrx/static-assets/documents/provider/dur/minutes/DUR_Board_Meeting_Minutes_Nov_15_2022.pdf\,linked from https://www.medi-calrx.dhcs.ca.gov/delivery/api/provider/dur.json?crafterSite=medicalrx,1,404,application/xml,HTTP 404,raw/california/california__dur-board-meeting-minutes-nov-15-2022-pdf__40529a4f34.bin,text/california/california__dur-board-meeting-minutes-nov-15-2022-pdf__40529a4f34.txt
California,https://medi-calrx.dhcs.ca.gov/cms/medicalrx/static-assets/documents/provider/dur/minutes/DUR_Board_Meeting_Minutes_Sept_13_2022.pdf\,linked from https://www.medi-calrx.dhcs.ca.gov/delivery/api/provider/dur.json?crafterSite=medicalrx,1,404,application/xml,HTTP 404,raw/california/california__dur-board-meeting-minutes-sept-13-2022-pdf__b686731858.bin,text/california/california__dur-board-meeting-minutes-sept-13-2022-pdf__b686731858.txt
California,https://medi-calrx.dhcs.ca.gov/cms/medicalrx/static-assets/documents/provider/dur/minutes/DUR_Board_Meeting_Minutes_May_17_2022.pdf\,linked from https://www.medi-calrx.dhcs.ca.gov/delivery/api/provider/dur.json?crafterSite=medicalrx,1,404,application/xml,HTTP 404,raw/california/california__dur-board-meeting-minutes-may-17-2022-pdf__2520352415.bin,text/california/california__dur-board-meeting-minutes-may-17-2022-pdf__2520352415.txt
California,https://medi-calrx.dhcs.ca.gov/cms/medicalrx/static-assets/documents/provider/dur/minutes/DUR_Board_Meeting_Minutes_Feb_15_2022.pdf\,linked from https://www.medi-calrx.dhcs.ca.gov/delivery/api/provider/dur.json?crafterSite=medicalrx,1,404,application/xml,HTTP 404,raw/california/california__dur-board-meeting-minutes-feb-15-2022-pdf__355511d675.bin,text/california/california__dur-board-meeting-minutes-feb-15-2022-pdf__355511d675.txt
California,https://medi-calrx.dhcs.ca.gov/cms/medicalrx/static-assets/documents/provider/dur/minutes/DUR_meeting_minutes_archive.pdf\,linked from https://www.medi-calrx.dhcs.ca.gov/delivery/api/provider/dur.json?crafterSite=medicalrx,1,404,application/xml,HTTP 404,raw/california/california__dur-meeting-minutes-archive-pdf__d88a0b0702.bin,text/california/california__dur-meeting-minutes-archive-pdf__d88a0b0702.txt
California,https://medi-calrx.dhcs.ca.gov/cms/medicalrx/static-assets/documents/provider/dur/educational-articles/dured_Mail-Back_Envelopes_for_Opioids_Now_Available.pdf\,linked from https://www.medi-calrx.dhcs.ca.gov/delivery/api/provider/dur.json?crafterSite=medicalrx,1,404,application/xml,HTTP 404,raw/california/california__dured-mail-back-envelopes-for-opioids-now-available-pdf__167c906186.bin,text/california/california__dured-mail-back-envelopes-for-opioids-now-available-pdf__167c906186.txt
California,https://medi-calrx.dhcs.ca.gov/cms/medicalrx/static-assets/documents/provider/dur/educational-articles/dured_250807_Xylazine_in_Illicit_Drugs_Increases_Dangers_Associated_with_Overdose.pdf\,linked from https://www.medi-calrx.dhcs.ca.gov/delivery/api/provider/dur.json?crafterSite=medicalrx,1,404,application/xml,HTTP 404,raw/california/california__dured-250807-xylazine-in-illicit-drugs-increases-dangers-associated-with-overdose-pdf__9f61e316b4.bin,text/california/california__dured-250807-xylazine-in-illicit-drugs-increases-dangers-associated-with-overdose-pdf__9f61e316b4.txt
California,https://medi-calrx.dhcs.ca.gov/cms/medicalrx/static-assets/documents/provider/dur/educational-articles/dured_Measles_Vaccination_Prevents_Outbreaks_Protects_Californians.pdf\,linked from https://www.medi-calrx.dhcs.ca.gov/delivery/api/provider/dur.json?crafterSite=medicalrx,1,404,application/xml,HTTP 404,raw/california/california__dured-measles-vaccination-prevents-outbreaks-protects-californians-pdf__6abaf38997.bin,text/california/california__dured-measles-vaccination-prevents-outbreaks-protects-californians-pdf__6abaf38997.txt
California,https://medi-calrx.dhcs.ca.gov/cms/medicalrx/static-assets/documents/provider/dur/educational-articles/dured_2024_Immunization_Update_COVID-19_Influenza_RSV_Pneumococcal_Polio_Meningococcal_HiB_HepB_Mpox.pdf\,linked from https://www.medi-calrx.dhcs.ca.gov/delivery/api/provider/dur.json?crafterSite=medicalrx,1,404,application/xml,HTTP 404,raw/california/california__dured-2024-immunization-update-covid-19-influenza-rsv-pneumococcal-polio-meningococcal-hib-h__3e7b91a2e8.bin,text/california/california__dured-2024-immunization-update-covid-19-influenza-rsv-pneumococcal-polio-meningococcal-hib-h__3e7b91a2e8.txt
California,https://medi-calrx.dhcs.ca.gov/cms/medicalrx/static-assets/documents/provider/dur/educational-articles/dured_Drug-Drug_Interaction_Amlodipine_with_Simvastatin_or_Lovastatin.pdf\,linked from https://www.medi-calrx.dhcs.ca.gov/delivery/api/provider/dur.json?crafterSite=medicalrx,1,404,application/xml,HTTP 404,raw/california/california__dured-drug-drug-interaction-amlodipine-with-simvastatin-or-lovastatin-pdf__a23f90238a.bin,text/california/california__dured-drug-drug-interaction-amlodipine-with-simvastatin-or-lovastatin-pdf__a23f90238a.txt
California,https://medi-calrx.dhcs.ca.gov/cms/medicalrx/static-assets/documents/provider/dur/educational-articles/dured_Screening_Diagnosis_Treatment_of_Chronic_Hepatitis_C_Infection.pdf\,linked from https://www.medi-calrx.dhcs.ca.gov/delivery/api/provider/dur.json?crafterSite=medicalrx,1,404,application/xml,HTTP 404,raw/california/california__dured-screening-diagnosis-treatment-of-chronic-hepatitis-c-infection-pdf__4fc24c72cc.bin,text/california/california__dured-screening-diagnosis-treatment-of-chronic-hepatitis-c-infection-pdf__4fc24c72cc.txt
California,https://medi-calrx.dhcs.ca.gov/cms/medicalrx/static-assets/documents/provider/dur/educational-articles/dured_Risk_of_Concomitant_Statin_Therapy_with_Gemfibrozil.pdf\,linked from https://www.medi-calrx.dhcs.ca.gov/delivery/api/provider/dur.json?crafterSite=medicalrx,1,404,application/xml,HTTP 404,raw/california/california__dured-risk-of-concomitant-statin-therapy-with-gemfibrozil-pdf__b3c7f40cd6.bin,text/california/california__dured-risk-of-concomitant-statin-therapy-with-gemfibrozil-pdf__b3c7f40cd6.txt
California,https://medi-calrx.dhcs.ca.gov/cms/medicalrx/static-assets/documents/provider/dur/educational-articles/dured_Aspirin_for_Primary_Prevention_of_Cardiovascular_Disease.pdf\,linked from https://www.medi-calrx.dhcs.ca.gov/delivery/api/provider/dur.json?crafterSite=medicalrx,1,404,application/xml,HTTP 404,raw/california/california__dured-aspirin-for-primary-prevention-of-cardiovascular-disease-pdf__c026d63989.bin,text/california/california__dured-aspirin-for-primary-prevention-of-cardiovascular-disease-pdf__c026d63989.txt
California,https://medi-calrx.dhcs.ca.gov/cms/medicalrx/static-assets/documents/provider/dur/educational-articles/dured_Alternatives_to_Diphenhydramine_for_Older_Adults.pdf\,linked from https://www.medi-calrx.dhcs.ca.gov/delivery/api/provider/dur.json?crafterSite=medicalrx,1,404,application/xml,HTTP 404,raw/california/california__dured-alternatives-to-diphenhydramine-for-older-adults-pdf__99b6059bd0.bin,text/california/california__dured-alternatives-to-diphenhydramine-for-older-adults-pdf__99b6059bd0.txt
California,https://medi-calrx.dhcs.ca.gov/cms/medicalrx/static-assets/documents/provider/dur/educational-articles/dured_2023_Immunization_Update_COVID-19_Influenza_RSV_HepB_Pneumococcal_HPV_Polio_Mpox_MMR.pdf\,linked from https://www.medi-calrx.dhcs.ca.gov/delivery/api/provider/dur.json?crafterSite=medicalrx,1,404,application/xml,HTTP 404,raw/california/california__dured-2023-immunization-update-covid-19-influenza-rsv-hepb-pneumococcal-hpv-polio-mpox-mmr-p__1c76efa4b6.bin,text/california/california__dured-2023-immunization-update-covid-19-influenza-rsv-hepb-pneumococcal-hpv-polio-mpox-mmr-p__1c76efa4b6.txt
California,https://medi-calrx.dhcs.ca.gov/cms/medicalrx/static-assets/documents/provider/dur/educational-articles/dured_No_Added_Benefit_Concomitant_Use_GLP-1_Agonists_DPP-4_Inhibitors.pdf\,linked from https://www.medi-calrx.dhcs.ca.gov/delivery/api/provider/dur.json?crafterSite=medicalrx,1,404,application/xml,HTTP 404,raw/california/california__dured-no-added-benefit-concomitant-use-glp-1-agonists-dpp-4-inhibitors-pdf__d327e035b8.bin,text/california/california__dured-no-added-benefit-concomitant-use-glp-1-agonists-dpp-4-inhibitors-pdf__d327e035b8.txt
California,https://medi-calrx.dhcs.ca.gov/cms/medicalrx/static-assets/documents/provider/dur/educational-articles/dured_New_Resources_Available_for_Perinatal_Mental_Health_Conditions.pdf\,linked from https://www.medi-calrx.dhcs.ca.gov/delivery/api/provider/dur.json?crafterSite=medicalrx,1,404,application/xml,HTTP 404,raw/california/california__dured-new-resources-available-for-perinatal-mental-health-conditions-pdf__85684f5258.bin,text/california/california__dured-new-resources-available-for-perinatal-mental-health-conditions-pdf__85684f5258.txt
California,https://medi-calrx.dhcs.ca.gov/cms/medicalrx/static-assets/documents/provider/dur/educational-articles/dured_Updated_Guidance_by_CDC_FDA_Prescribing_Opioids.pdf\,linked from https://www.medi-calrx.dhcs.ca.gov/delivery/api/provider/dur.json?crafterSite=medicalrx,1,404,application/xml,HTTP 404,raw/california/california__dured-updated-guidance-by-cdc-fda-prescribing-opioids-pdf__40c343dfab.bin,text/california/california__dured-updated-guidance-by-cdc-fda-prescribing-opioids-pdf__40c343dfab.txt
California,https://medi-calrx.dhcs.ca.gov/cms/medicalrx/static-assets/documents/provider/dur/educational-articles/dured_FDA_Approves_First_Over-the-Counter_Naloxone_Nasal_Spray.pdf\,linked from https://www.medi-calrx.dhcs.ca.gov/delivery/api/provider/dur.json?crafterSite=medicalrx,1,404,application/xml,HTTP 404,raw/california/california__dured-fda-approves-first-over-the-counter-naloxone-nasal-spray-pdf__b6909761aa.bin,text/california/california__dured-fda-approves-first-over-the-counter-naloxone-nasal-spray-pdf__b6909761aa.txt
California,https://medi-calrx.dhcs.ca.gov/cms/medicalrx/static-assets/documents/provider/dur/educational-articles/dured_Clinical_Review_Management_of_Acute_Postpartum_Pain.pdf\,linked from https://www.medi-calrx.dhcs.ca.gov/delivery/api/provider/dur.json?crafterSite=medicalrx,1,404,application/xml,HTTP 404,raw/california/california__dured-clinical-review-management-of-acute-postpartum-pain-pdf__c9af8f3fb0.bin,text/california/california__dured-clinical-review-management-of-acute-postpartum-pain-pdf__c9af8f3fb0.txt
California,https://medi-calrx.dhcs.ca.gov/cms/medicalrx/static-assets/documents/provider/dur/educational-articles/dured_Risks_to_Patients_Exposed_to_Xylazine_in_Illicit_Drugs.pdf\,linked from https://www.medi-calrx.dhcs.ca.gov/delivery/api/provider/dur.json?crafterSite=medicalrx,1,404,application/xml,HTTP 404,raw/california/california__dured-risks-to-patients-exposed-to-xylazine-in-illicit-drugs-pdf__494ec966c0.bin,text/california/california__dured-risks-to-patients-exposed-to-xylazine-in-illicit-drugs-pdf__494ec966c0.txt
California,https://medi-calrx.dhcs.ca.gov/cms/medicalrx/static-assets/documents/provider/dur/educational-articles/dured_230126_Improving_the_Quality_of_Care_Treatment_of_Latent_Tuberculosis_Infection.pdf\,linked from https://www.medi-calrx.dhcs.ca.gov/delivery/api/provider/dur.json?crafterSite=medicalrx,1,404,application/xml,HTTP 404,raw/california/california__dured-230126-improving-the-quality-of-care-treatment-of-latent-tuberculosis-infection-pdf__0c66c737cf.bin,text/california/california__dured-230126-improving-the-quality-of-care-treatment-of-latent-tuberculosis-infection-pdf__0c66c737cf.txt
California,https://medi-calrx.dhcs.ca.gov/cms/medicalrx/static-assets/documents/provider/dur/educational-articles/dured_30116_2022_Immunization_Update_Mpox_HepB_Influenza_COVID-19_Pneumococcal_Zoster.pdf\,linked from https://www.medi-calrx.dhcs.ca.gov/delivery/api/provider/dur.json?crafterSite=medicalrx,1,404,application/xml,HTTP 404,raw/california/california__dured-30116-2022-immunization-update-mpox-hepb-influenza-covid-19-pneumococcal-zoster-pdf__3e943b55ef.bin,text/california/california__dured-30116-2022-immunization-update-mpox-hepb-influenza-covid-19-pneumococcal-zoster-pdf__3e943b55ef.txt
California,https://medi-calrx.dhcs.ca.gov/cms/medicalrx/static-assets/documents/provider/dur/educational-articles/dured_Removal_of_Data_Waiver_X-Waiver_Requirement.pdf\,linked from https://www.medi-calrx.dhcs.ca.gov/delivery/api/provider/dur.json?crafterSite=medicalrx,1,404,application/xml,HTTP 404,raw/california/california__dured-removal-of-data-waiver-x-waiver-requirement-pdf__66811d4950.bin,text/california/california__dured-removal-of-data-waiver-x-waiver-requirement-pdf__66811d4950.txt
California,https://medi-calrx.dhcs.ca.gov/cms/medicalrx/static-assets/documents/provider/dur/educational-articles/dured_Submitting_Quality_Data_to_California_Immunization_Registry.pdf\,linked from https://www.medi-calrx.dhcs.ca.gov/delivery/api/provider/dur.json?crafterSite=medicalrx,1,404,application/xml,HTTP 404,raw/california/california__dured-submitting-quality-data-to-california-immunization-registry-pdf__6e0701615d.bin,text/california/california__dured-submitting-quality-data-to-california-immunization-registry-pdf__6e0701615d.txt
Colorado,https://hcpf.colorado.gov/pharmacy-and-therapeutics-committee,seed,0,403,text/html,HTTP 403,raw/colorado/colorado__pharmacy-and-therapeutics-committee__24583d8287.html,text/colorado/colorado__pharmacy-and-therapeutics-committee__24583d8287.txt
Colorado,https://hcpf.colorado.gov/pharmacy-resources,seed,0,403,text/html,HTTP 403,raw/colorado/colorado__pharmacy-resources__08411accc2.html,text/colorado/colorado__pharmacy-resources__08411accc2.txt
Connecticut,https://www.ctdssmap.com/CTPortal/?tabname=Pharmacy+Information,seed,0,200,text/html; charset=utf-8,,raw/connecticut/connecticut__ctportal__6958390884.html,text/connecticut/connecticut__ctportal__6958390884.txt
Connecticut,https://www.ctdssmap.com/CTPortal/Portals/0/StaticContent/Publications/CT_PT_COMMITTEE_BYLAWS_v2.pdf,seed,0,200,application/pdf,,raw/connecticut/connecticut__ct-pt-committee-bylaws-v2-pdf__3718b5a30f.pdf,text/connecticut/connecticut__ct-pt-committee-bylaws-v2-pdf__3718b5a30f.txt
Connecticut,https://www.cga.ct.gov/2021/pub/chap_319v.htm,seed,0,200,text/html,,raw/connecticut/connecticut__chap-319v-htm__52388963e4.html,text/connecticut/connecticut__chap-319v-htm__52388963e4.txt
Connecticut,https://www.ctdssmap.com/ctportal/Portals/0/StaticContent/Publications/CT_PT_AgendaMinutes.pdf,seed,0,200,application/pdf,,raw/connecticut/connecticut__ct-pt-agendaminutes-pdf__55f16c6a78.pdf,text/connecticut/connecticut__ct-pt-agendaminutes-pdf__55f16c6a78.txt
Connecticut,https://www.ctdssmap.com/ctportal/Portals/0/StaticContent/Publications/CT_PT_Schedule.pdf,seed,0,200,application/pdf,,raw/connecticut/connecticut__ct-pt-schedule-pdf__2980fd8546.pdf,text/connecticut/connecticut__ct-pt-schedule-pdf__2980fd8546.txt
Connecticut,https://www.ctdssmap.com/CTPortal/Pharmacy-Information,linked from https://www.ctdssmap.com/CTPortal/?tabname=Pharmacy+Information,1,200,text/html; charset=utf-8,,raw/connecticut/connecticut__pharmacy-information__8b65e19a43.html,text/connecticut/connecticut__pharmacy-information__8b65e19a43.txt
Connecticut,https://www.ctdssmap.com/CTPortal/DesktopModules/iC_BasePage/Help/iCHelp.aspx?Key=iC_Page_PharmacyInformation,linked from https://www.ctdssmap.com/CTPortal/?tabname=Pharmacy+Information,1,200,text/html; charset=utf-8,,raw/connecticut/connecticut__ichelp-aspx__a0b43bc476.html,text/connecticut/connecticut__ichelp-aspx__a0b43bc476.txt
Connecticut,https://www.ctdssmap.com/CTPortal/Provider/Drug%20Search/tabId/41/Default.aspx,linked from https://www.ctdssmap.com/CTPortal/?tabname=Pharmacy+Information,1,200,text/html; charset=utf-8,,raw/connecticut/connecticut__default-aspx__05695133ae.html,text/connecticut/connecticut__default-aspx__05695133ae.txt
Connecticut,https://www.ctdssmap.com/CTPortal/Provider/Provider%20Fee%20Schedule%20Download/tabId/42/Default.aspx,linked from https://www.ctdssmap.com/CTPortal/?tabname=Pharmacy+Information,1,200,text/html; charset=utf-8,,raw/connecticut/connecticut__default-aspx__8a5557e85f.html,text/connecticut/connecticut__default-aspx__8a5557e85f.txt
Connecticut,https://www.ctdssmap.com/CTPortal/Pharmacy%20Information/tabId/54/Default.aspx,linked from https://www.ctdssmap.com/CTPortal/?tabname=Pharmacy+Information,1,200,text/html; charset=utf-8,,raw/connecticut/connecticut__default-aspx__1c14a73134.html,text/connecticut/connecticut__default-aspx__1c14a73134.txt
Connecticut,https://www.ctdssmap.com/CTPortal/Information/Get%20Download%20File/tabid/30/Default.aspx?Filename=Prior_Auth_Search.xlsx&URI=Forms/Prior_Auth_Search.xlsx,linked from https://www.ctdssmap.com/CTPortal/?tabname=Pharmacy+Information,1,200,application/octet-stream,,raw/connecticut/connecticut__default-aspx__c35c31de8d.bin,text/connecticut/connecticut__default-aspx__c35c31de8d.txt
Connecticut,https://www.ctdssmap.com/CTPortal/Information/Get%20Download%20File/tabid/30/Default.aspx?Filename=Cystic_Fibrosis_PA_form.pdf&URI=Forms/Cystic_Fibrosis_PA_form.pdf,linked from https://www.ctdssmap.com/CTPortal/?tabname=Pharmacy+Information,1,200,application/pdf,,raw/connecticut/connecticut__default-aspx__be49620b00.pdf,text/connecticut/connecticut__default-aspx__be49620b00.txt
Connecticut,https://www.ctdssmap.com/CTPortal/Information/Get%20Download%20File/tabid/30/Default.aspx?Filename=Evrysdi_PA_Form.pdf&URI=Forms/Evrysdi_PA_Form.pdf,linked from https://www.ctdssmap.com/CTPortal/?tabname=Pharmacy+Information,1,200,application/pdf,,raw/connecticut/connecticut__default-aspx__40626d8e70.pdf,text/connecticut/connecticut__default-aspx__40626d8e70.txt
Connecticut,https://www.ctdssmap.com/CTPortal/Information/Get-Download-File?Filename=Insulin_Pump_PA_pharmacy.pdf&URI=Forms/Insulin_Pump_PA_pharmacy.pdf,linked from https://www.ctdssmap.com/CTPortal/?tabname=Pharmacy+Information,1,200,application/pdf,,raw/connecticut/connecticut__get-download-file__91e12a2696.pdf,text/connecticut/connecticut__get-download-file__91e12a2696.txt
Connecticut,https://www.ctdssmap.com/CTPortal/Information/Get%20Download%20File/tabid/30/Default.aspx?Filename=Opioid_PA_Form.pdf&URI=Forms/Opioid_PA_Form.pdf,linked from https://www.ctdssmap.com/CTPortal/?tabname=Pharmacy+Information,1,200,application/pdf,,raw/connecticut/connecticut__default-aspx__13a8a9eaa5.pdf,text/connecticut/connecticut__default-aspx__13a8a9eaa5.txt
Connecticut,https://www.ctdssmap.com/CTPortal/Information/Get-Download-File?Filename=PCSK9%20PA%20FormFinal.pdf&URI=Forms/PCSK9%20PA%20FormFinal.pdf,linked from https://www.ctdssmap.com/CTPortal/?tabname=Pharmacy+Information,1,200,application/pdf,,raw/connecticut/connecticut__get-download-file__b00f68f5b1.pdf,text/connecticut/connecticut__get-download-file__b00f68f5b1.txt
Connecticut,https://www.ctdssmap.com/CTPortal/Information/Get%20Download%20File/tabid/30/Default.aspx?Filename=pharm_PA_form.pdf&URI=Forms/pharm_PA_form.pdf,linked from https://www.ctdssmap.com/CTPortal/?tabname=Pharmacy+Information,1,200,application/pdf,,raw/connecticut/connecticut__default-aspx__7afa6039bb.pdf,text/connecticut/connecticut__default-aspx__7afa6039bb.txt
Connecticut,https://www.ctdssmap.com/CTPortal/Information/Get-Download-File?Filename=Pharm_CGM_PA_Form.pdf&URI=Forms/Pharm_CGM_PA_Form.pdf,linked from https://www.ctdssmap.com/CTPortal/?tabname=Pharmacy+Information,1,200,application/pdf,,raw/connecticut/connecticut__get-download-file__b9f8c96100.pdf,text/connecticut/connecticut__get-download-file__b9f8c96100.txt
Connecticut,https://www.ctdssmap.com/CTPortal/Information/Get%20Download%20File/tabid/30/Default.aspx?Filename=Spravato_PA_pharmacy.pdf&URI=Forms/Spravato_PA_pharmacy.pdf,linked from https://www.ctdssmap.com/CTPortal/?tabname=Pharmacy+Information,1,200,application/pdf,,raw/connecticut/connecticut__default-aspx__1526bc5389.pdf,text/connecticut/connecticut__default-aspx__1526bc5389.txt
Connecticut,https://www.ctdssmap.com/CTPortal/Information/Get%20Download%20File/tabid/30/Default.aspx?Filename=Spravato_Prof_Authorization_Form.pdf&URI=Forms/Spravato_Prof_Authorization_Form.pdf,linked from https://www.ctdssmap.com/CTPortal/?tabname=Pharmacy+Information,1,200,application/pdf,,raw/connecticut/connecticut__default-aspx__504b4c0e11.pdf,text/connecticut/connecticut__default-aspx__504b4c0e11.txt
Connecticut,https://www.ctdssmap.com/CTPortal/Information/Get%20Download%20File/tabid/30/Default.aspx?Filename=Pharm_PA_Form_PPI.pdf&URI=Forms/Pharm Step Ther PA Form.pdf,linked from https://www.ctdssmap.com/CTPortal/?tabname=Pharmacy+Information,1,,,InvalidURL: URL can't contain control characters. '/CTPortal/Information/Get%20Download%20File/tabid/30/Default.aspx?Filename=Pharm_PA_Form_PPI.pdf&URI=Forms/Pharm Step Ther PA Form.pdf' (found at least ' '),raw/connecticut/connecticut__default-aspx__cd5a50bb77.error.txt,text/connecticut/connecticut__default-aspx__cd5a50bb77.error.txt
Connecticut,https://www.ctdssmap.com/CTPortal/Information/Get-Download-File?Filename=Wegovy_MACE_PA_Form.pdf&URI=Forms/Wegovy_MACE_PA_Form.pdf,linked from https://www.ctdssmap.com/CTPortal/?tabname=Pharmacy+Information,1,200,application/pdf,,raw/connecticut/connecticut__get-download-file__621d4114c9.pdf,text/connecticut/connecticut__get-download-file__621d4114c9.txt
Connecticut,https://www.ctdssmap.com/CTPortal/Information/Get-Download-File?Filename=Wegovy_MASH_PA_Form.pdf&URI=Forms/Wegovy_MASH_PA_Form.pdf,linked from https://www.ctdssmap.com/CTPortal/?tabname=Pharmacy+Information,1,200,application/pdf,,raw/connecticut/connecticut__get-download-file__db6d4b142c.pdf,text/connecticut/connecticut__get-download-file__db6d4b142c.txt
Connecticut,https://www.ctdssmap.com/CTPortal/Information/Get-Download-File?Filename=Zepbound_for_OSA_PA_Form.pdf&URI=Forms/Zepbound_for_OSA_PA_Form.pdf,linked from https://www.ctdssmap.com/CTPortal/?tabname=Pharmacy+Information,1,200,application/pdf,,raw/connecticut/connecticut__get-download-file__eac03b596e.pdf,text/connecticut/connecticut__get-download-file__eac03b596e.txt
Connecticut,https://www.ctdssmap.com/CTPortal/Information/Get-Download-File?Filename=Anticonvulsants_form.pdf&URI=Forms/Anticonvulsants_form.pdf,linked from https://www.ctdssmap.com/CTPortal/?tabname=Pharmacy+Information,1,200,application/pdf,,raw/connecticut/connecticut__get-download-file__e2950e721d.pdf,text/connecticut/connecticut__get-download-file__e2950e721d.txt
Connecticut,https://www.ctdssmap.com/CTPortal/Information/Get-Download-File?Filename=Anti-Migraine_Other_form.pdf&URI=Forms/Anti-Migraine_Other_form.pdf,linked from https://www.ctdssmap.com/CTPortal/?tabname=Pharmacy+Information,1,200,application/pdf,,raw/connecticut/connecticut__get-download-file__55a819751c.pdf,text/connecticut/connecticut__get-download-file__55a819751c.txt
Connecticut,https://www.ctdssmap.com/CTPortal/Information/Get-Download-File?Filename=Topical_Antipsoriatics_form.pdf&URI=Forms/Topical_Antipsoriatics_form.pdf,linked from https://www.ctdssmap.com/CTPortal/?tabname=Pharmacy+Information,1,200,application/pdf,,raw/connecticut/connecticut__get-download-file__fd33af48f7.pdf,text/connecticut/connecticut__get-download-file__fd33af48f7.txt
Connecticut,https://www.ctdssmap.com/CTPortal/Information/Get-Download-File?Filename=Bladder_Relaxant_form.pdf&URI=Forms/Bladder_Relaxant_form.pdf,linked from https://www.ctdssmap.com/CTPortal/?tabname=Pharmacy+Information,1,200,application/pdf,,raw/connecticut/connecticut__get-download-file__25b27313fc.pdf,text/connecticut/connecticut__get-download-file__25b27313fc.txt
Connecticut,https://www.ctdssmap.com/CTPortal/Information/Get-Download-File?Filename=Colony_Stimulating_Factors_form.pdf&URI=Forms/Colony_Stimulating_Factors_form.pdf,linked from https://www.ctdssmap.com/CTPortal/?tabname=Pharmacy+Information,1,200,application/pdf,,raw/connecticut/connecticut__get-download-file__7e466d7342.pdf,text/connecticut/connecticut__get-download-file__7e466d7342.txt
Connecticut,https://www.ctdssmap.com/CTPortal/Information/Get-Download-File?Filename=CAPS_form.pdf&URI=Forms/CAPS_form.pdf,linked from https://www.ctdssmap.com/CTPortal/?tabname=Pharmacy+Information,1,200,application/pdf,,raw/connecticut/connecticut__get-download-file__80debc598a.pdf,text/connecticut/connecticut__get-download-file__80debc598a.txt
Connecticut,https://www.ctdssmap.com/CTPortal/Information/Get-Download-File?Filename=IL-17_form.pdf&URI=Forms/IL-17_form.pdf,linked from https://www.ctdssmap.com/CTPortal/?tabname=Pharmacy+Information,1,200,application/pdf,,raw/connecticut/connecticut__get-download-file__bd593aee52.pdf,text/connecticut/connecticut__get-download-file__bd593aee52.txt
Connecticut,https://www.ctdssmap.com/CTPortal/Information/Get-Download-File?Filename=IL23_1223_form.pdf&URI=Forms/IL23_1223_form.pdf,linked from https://www.ctdssmap.com/CTPortal/?tabname=Pharmacy+Information,1,200,application/pdf,,raw/connecticut/connecticut__get-download-file__4f7cf84c81.pdf,text/connecticut/connecticut__get-download-file__4f7cf84c81.txt
Connecticut,https://www.ctdssmap.com/CTPortal/Information/Get-Download-File?Filename=IL6_form.pdf&URI=Forms/IL6_form.pdf,linked from https://www.ctdssmap.com/CTPortal/?tabname=Pharmacy+Information,1,200,application/pdf,,raw/connecticut/connecticut__get-download-file__ebde175f99.pdf,text/connecticut/connecticut__get-download-file__ebde175f99.txt
Connecticut,https://www.ctdssmap.com/CTPortal/Information/Get-Download-File?Filename=JAK_form.pdf&URI=Forms/JAK_form.pdf,linked from https://www.ctdssmap.com/CTPortal/?tabname=Pharmacy+Information,1,200,application/pdf,,raw/connecticut/connecticut__get-download-file__a97c2449af.pdf,text/connecticut/connecticut__get-download-file__a97c2449af.txt
Connecticut,https://www.ctdssmap.com/CTPortal/Information/Get-Download-File?Filename=Cytokine_CAM_misc_form.pdf&URI=Forms/Cytokine_CAM_misc_form.pdf,linked from https://www.ctdssmap.com/CTPortal/?tabname=Pharmacy+Information,1,200,application/pdf,,raw/connecticut/connecticut__get-download-file__77932290fd.pdf,text/connecticut/connecticut__get-download-file__77932290fd.txt
Connecticut,https://www.ctdssmap.com/CTPortal/Information/Get-Download-File?Filename=TNF_form.pdf&URI=Forms/TNF_form.pdf,linked from https://www.ctdssmap.com/CTPortal/?tabname=Pharmacy+Information,1,200,application/pdf,,raw/connecticut/connecticut__get-download-file__80871c9908.pdf,text/connecticut/connecticut__get-download-file__80871c9908.txt
Connecticut,https://www.ctdssmap.com/CTPortal/Information/Get-Download-File?Filename=Growth_Hormone_form.pdf&URI=Forms/Growth_Hormone_form.pdf,linked from https://www.ctdssmap.com/CTPortal/?tabname=Pharmacy+Information,1,200,application/pdf,,raw/connecticut/connecticut__get-download-file__45f4c72826.pdf,text/connecticut/connecticut__get-download-file__45f4c72826.txt
Connecticut,https://www.ctdssmap.com/CTPortal/Information/Get-Download-File?Filename=GLP-1_form.pdf&URI=Forms/GLP-1_form.pdf,linked from https://www.ctdssmap.com/CTPortal/?tabname=Pharmacy+Information,1,200,application/pdf,,raw/connecticut/connecticut__get-download-file__65a17bc2a9.pdf,text/connecticut/connecticut__get-download-file__65a17bc2a9.txt
Connecticut,https://www.ctdssmap.com/CTPortal/Information/Get-Download-File?Filename=IMD_Asthma_and_Allergy_form.pdf&URI=Forms/IMD_Asthma_and_Allergy_form.pdf,linked from https://www.ctdssmap.com/CTPortal/?tabname=Pharmacy+Information,1,200,application/pdf,,raw/connecticut/connecticut__get-download-file__1de287e625.pdf,text/connecticut/connecticut__get-download-file__1de287e625.txt
Connecticut,https://www.ctdssmap.com/CTPortal/Information/Get-Download-File?Filename=Multiple_Sclerosis_form.pdf&URI=Forms/Multiple_Sclerosis_form.pdf,linked from https://www.ctdssmap.com/CTPortal/?tabname=Pharmacy+Information,1,200,application/pdf,,raw/connecticut/connecticut__get-download-file__7c6def21f1.pdf,text/connecticut/connecticut__get-download-file__7c6def21f1.txt
Connecticut,https://www.ctdssmap.com/CTPortal/Information/Get-Download-File?Filename=PAH_form.pdf&URI=Forms/PAH_form.pdf,linked from https://www.ctdssmap.com/CTPortal/?tabname=Pharmacy+Information,1,200,application/pdf,,raw/connecticut/connecticut__get-download-file__bae3679397.pdf,text/connecticut/connecticut__get-download-file__bae3679397.txt
Connecticut,https://www.ctdssmap.com/CTPortal/Portals/0/StaticContent/Publications/Therapuetic_List.pdf,linked from https://www.ctdssmap.com/CTPortal/?tabname=Pharmacy+Information,1,200,application/pdf,,raw/connecticut/connecticut__therapuetic-list-pdf__c75387310e.pdf,text/connecticut/connecticut__therapuetic-list-pdf__c75387310e.txt
Connecticut,https://www.ctdssmap.com/CTPortal/Portals/0/StaticContent/Publications/Enteral_list.pdf,linked from https://www.ctdssmap.com/CTPortal/?tabname=Pharmacy+Information,1,200,application/pdf,,raw/connecticut/connecticut__enteral-list-pdf__b01506c810.pdf,text/connecticut/connecticut__enteral-list-pdf__b01506c810.txt
Connecticut,https://www.ctdssmap.com/CTPortal/Portals/0/StaticContent/Publications/CT%20TB%20Formulary%20List.pdf,linked from https://www.ctdssmap.com/CTPortal/?tabname=Pharmacy+Information,1,200,application/pdf,,raw/connecticut/connecticut__ct-tb-formulary-list-pdf__bc33acd88e.pdf,text/connecticut/connecticut__ct-tb-formulary-list-pdf__bc33acd88e.txt
Connecticut,https://www.ctdssmap.com/CTPortal/Portals/0/StaticContent/Publications/CT%20FAMPL%20Formulary%20List.pdf,linked from https://www.ctdssmap.com/CTPortal/?tabname=Pharmacy+Information,1,200,application/pdf,,raw/connecticut/connecticut__ct-fampl-formulary-list-pdf__80994490cd.pdf,text/connecticut/connecticut__ct-fampl-formulary-list-pdf__80994490cd.txt
Connecticut,https://www.ctdssmap.com/CTPortal/Portals/0/StaticContent/Publications/EMDS_Formulary.pdf,linked from https://www.ctdssmap.com/CTPortal/?tabname=Pharmacy+Information,1,200,application/pdf,,raw/connecticut/connecticut__emds-formulary-pdf__f70d1d93ef.pdf,text/connecticut/connecticut__emds-formulary-pdf__f70d1d93ef.txt
Connecticut,https://www.ctdssmap.com/CTPortal/Portals/0/StaticContent/Publications/Updated Prior Authorization Required Notice.pdf,linked from https://www.ctdssmap.com/CTPortal/?tabname=Pharmacy+Information,1,,,InvalidURL: URL can't contain control characters. '/CTPortal/Portals/0/StaticContent/Publications/Updated Prior Authorization Required Notice.pdf' (found at least ' '),raw/connecticut/connecticut__updated-prior-authorization-required-notice-pdf__0663a6a352.error.txt,text/connecticut/connecticut__updated-prior-authorization-required-notice-pdf__0663a6a352.error.txt
Connecticut,https://www.ctdssmap.com/CTPortal/Portals/0/StaticContent/Publications/Temporary_Supply_Flyer.pdf,linked from https://www.ctdssmap.com/CTPortal/?tabname=Pharmacy+Information,1,200,application/pdf,,raw/connecticut/connecticut__temporary-supply-flyer-pdf__156cb0d06e.pdf,text/connecticut/connecticut__temporary-supply-flyer-pdf__156cb0d06e.txt
Connecticut,https://www.ctdssmap.com/CTPortal/Portals/0/StaticContent/Publications/GLP1_Flyer.pdf,linked from https://www.ctdssmap.com/CTPortal/?tabname=Pharmacy+Information,1,200,application/pdf,,raw/connecticut/connecticut__glp1-flyer-pdf__0a90467e7c.pdf,text/connecticut/connecticut__glp1-flyer-pdf__0a90467e7c.txt
Connecticut,https://www.ctdssmap.com/CTPortal/Portals/0/StaticContent/Publications/Inability_to_Fill_Prescription_Flyer.pdf,linked from https://www.ctdssmap.com/CTPortal/?tabname=Pharmacy+Information,1,200,application/pdf,,raw/connecticut/connecticut__inability-to-fill-prescription-flyer-pdf__1ac8f40515.pdf,text/connecticut/connecticut__inability-to-fill-prescription-flyer-pdf__1ac8f40515.txt
Connecticut,https://www.ctdssmap.com/CTPortal/Portals/0/StaticContent/Publications/HUSKY_Renewals_Poster.pdf,linked from https://www.ctdssmap.com/CTPortal/?tabname=Pharmacy+Information,1,200,application/pdf,,raw/connecticut/connecticut__husky-renewals-poster-pdf__4d1e33e562.pdf,text/connecticut/connecticut__husky-renewals-poster-pdf__4d1e33e562.txt
Connecticut,https://www.ctdssmap.com/CTPortal/Portals/0/StaticContent/Publications/RBT2015-Federal.pdf,linked from https://www.ctdssmap.com/CTPortal/?tabname=Pharmacy+Information,1,200,application/pdf,,raw/connecticut/connecticut__rbt2015-federal-pdf__6fd6d00ce4.pdf,text/connecticut/connecticut__rbt2015-federal-pdf__6fd6d00ce4.txt
Connecticut,https://www.ctdssmap.com/CTPortal/Portals/0/StaticContent/Publications/rbt2015-huskyb.pdf,linked from https://www.ctdssmap.com/CTPortal/?tabname=Pharmacy+Information,1,200,application/pdf,,raw/connecticut/connecticut__rbt2015-huskyb-pdf__b838cca5de.pdf,text/connecticut/connecticut__rbt2015-huskyb-pdf__b838cca5de.txt
Connecticut,https://www.ctdssmap.com/CTPortal/Portals/0/StaticContent/Publications/Pricing_Claims.pdf,linked from https://www.ctdssmap.com/CTPortal/?tabname=Pharmacy+Information,1,200,application/pdf,,raw/connecticut/connecticut__pricing-claims-pdf__6e47fef163.pdf,text/connecticut/connecticut__pricing-claims-pdf__6e47fef163.txt
Connecticut,https://www.ctdssmap.com/CTPortal/Portals/0/StaticContent/Publications/pharmacy_reject_codes.pdf,linked from https://www.ctdssmap.com/CTPortal/?tabname=Pharmacy+Information,1,200,application/pdf,,raw/connecticut/connecticut__pharmacy-reject-codes-pdf__2740bcb651.pdf,text/connecticut/connecticut__pharmacy-reject-codes-pdf__2740bcb651.txt
Connecticut,https://www.ctdssmap.com/CTPortal/Portals/0/StaticContent/Publications/NH_Drug_Ret_Prog.pdf,linked from https://www.ctdssmap.com/CTPortal/?tabname=Pharmacy+Information,1,200,application/pdf,,raw/connecticut/connecticut__nh-drug-ret-prog-pdf__aa315ee1e5.pdf,text/connecticut/connecticut__nh-drug-ret-prog-pdf__aa315ee1e5.txt
Connecticut,https://www.ctdssmap.com/CTPortal/Information/Get-Download-File?Filename=LTC%20PA%20Form.pdf&URI=Forms/LTC%20PA%20Form.pdf,linked from https://www.ctdssmap.com/CTPortal/?tabname=Pharmacy+Information,1,200,application/pdf,,raw/connecticut/connecticut__get-download-file__4115bd232d.pdf,text/connecticut/connecticut__get-download-file__4115bd232d.txt
Delaware,https://medicaid.dhss.delaware.gov/provider/Home/PharmacyCornerLanding/tabid/2096/Default.aspx?AspxAutoDetectCookieSupport=1,seed,0,302,text/html; charset=utf-8,HTTP 302,raw/delaware/delaware__default-aspx__24ebb74794.html,text/delaware/delaware__default-aspx__24ebb74794.txt
Delaware,https://medicaidpublications.dhss.delaware.gov/docs/DesktopModules/Bring2mind/DMX/API/Entries/Download?Command=Core_Download&EntryId=392&PortalId=0&TabId=94&language=en-US,seed,0,200,application/pdf,,raw/delaware/delaware__download__a1fe6e4f64.pdf,text/delaware/delaware__download__a1fe6e4f64.txt
Delaware,https://medicaidpublications.dhss.delaware.gov/docs/search?Command=Core_Download&EntryId=1954,seed,0,200,application/pdf,,raw/delaware/delaware__search__18d71ed21a.pdf,text/delaware/delaware__search__18d71ed21a.txt
Delaware,https://medicaidpublications.dhss.delaware.gov/docs/search?Command=Core_Download&EntryId=1955,seed,0,200,application/pdf,,raw/delaware/delaware__search__0f84477bb6.pdf,text/delaware/delaware__search__0f84477bb6.txt
Delaware,https://medicaidpublications.dhss.delaware.gov/docs/search?Command=Core_Download&EntryId=393,seed,0,200,application/pdf,,raw/delaware/delaware__search__fb76667228.pdf,text/delaware/delaware__search__fb76667228.txt
Florida,https://ahca.myflorida.com/medicaid/prescribed-drugs/medicaid-pharmaceutical-therapeutics-committee,seed,0,200,text/html; charset=UTF-8,,raw/florida/florida__medicaid-pharmaceutical-therapeutics-committee__869816b4cb.html,text/florida/florida__medicaid-pharmaceutical-therapeutics-committee__869816b4cb.txt
Florida,https://ahca.myflorida.com/medicaid/prescribed-drugs/pharmacy-meeting-notices,seed,0,200,text/html; charset=UTF-8,,raw/florida/florida__pharmacy-meeting-notices__5bc1baed9c.html,text/florida/florida__pharmacy-meeting-notices__5bc1baed9c.txt
Florida,https://ahca.myflorida.com/site/medicaid/prescribed-drugs/medicaid-pharmaceutical-therapeutics-committee/florida-medicaid-preferred-drug-list-pdl,seed,0,200,text/html; charset=UTF-8,,raw/florida/florida__florida-medicaid-preferred-drug-list-pdl__92af1c3bd9.html,text/florida/florida__florida-medicaid-preferred-drug-list-pdl__92af1c3bd9.txt
Florida,https://ahca.myflorida.com/content/download/26515/file/FloridaMedicaid_PT%20Agenda%20June%202025%20finalized.pdf,seed,0,200,application/pdf,,raw/florida/florida__floridamedicaid-pt-agenda-june-2025-finalized-pdf__70860b28fc.pdf,text/florida/florida__floridamedicaid-pt-agenda-june-2025-finalized-pdf__70860b28fc.txt
Florida,https://ahca.myflorida.com/content/download/27012/file/FloridaMedicaid_PT%20Agenda%20September%208.20.25%20Finalized%20.pdf,seed,0,200,application/pdf,,raw/florida/florida__floridamedicaid-pt-agenda-september-8-20-25-finalized-pdf__2a8481572c.pdf,text/florida/florida__floridamedicaid-pt-agenda-september-8-20-25-finalized-pdf__2a8481572c.txt
Florida,https://ahca.myflorida.com/public-meetings/notice-of-meeting-workshop-hearing-pharmaceutical-therapeutics-committee4,seed,0,200,text/html; charset=UTF-8,,raw/florida/florida__notice-of-meeting-workshop-hearing-pharmaceutical-therapeutics-committee4__59d7bab8a9.html,text/florida/florida__notice-of-meeting-workshop-hearing-pharmaceutical-therapeutics-committee4__59d7bab8a9.txt
Florida,https://ahca.myflorida.com/site/public-meetings/notice-of-meeting-workshop-hearing-pharmaceutical-therapeutics-committee5,seed,0,200,text/html; charset=UTF-8,,raw/florida/florida__notice-of-meeting-workshop-hearing-pharmaceutical-therapeutics-committee5__eb0b7d5ef6.html,text/florida/florida__notice-of-meeting-workshop-hearing-pharmaceutical-therapeutics-committee5__eb0b7d5ef6.txt
Florida,https://ahca.myflorida.com/public-meetings,linked from https://ahca.myflorida.com/medicaid/prescribed-drugs/medicaid-pharmaceutical-therapeutics-committee,1,200,text/html; charset=UTF-8,,raw/florida/florida__public-meetings__0cb54a52d2.html,text/florida/florida__public-meetings__0cb54a52d2.txt
Florida,https://ahca.myflorida.com/medicaid/medicaid-policy-quality-and-operations,linked from https://ahca.myflorida.com/medicaid/prescribed-drugs/medicaid-pharmaceutical-therapeutics-committee,1,200,text/html; charset=UTF-8,,raw/florida/florida__medicaid-policy-quality-and-operations__e41b6e6a1a.html,text/florida/florida__medicaid-policy-quality-and-operations__e41b6e6a1a.txt
Florida,https://ahca.myflorida.com/medicaid/agency-dashboards,linked from https://ahca.myflorida.com/medicaid/prescribed-drugs/medicaid-pharmaceutical-therapeutics-committee,1,200,text/html; charset=UTF-8,,raw/florida/florida__agency-dashboards__83ad540406.html,text/florida/florida__agency-dashboards__83ad540406.txt
Florida,https://ahca.myflorida.com/medicaid/prescribed-drugs,linked from https://ahca.myflorida.com/medicaid/prescribed-drugs/medicaid-pharmaceutical-therapeutics-committee,1,200,text/html; charset=UTF-8,,raw/florida/florida__prescribed-drugs__84c160df52.html,text/florida/florida__prescribed-drugs__84c160df52.txt
Florida,https://ahca.myflorida.com/content/download/8912/file/P%26T%20Committee%20Members%20%28updated%2007-24-25%29%20%28website%20update%29.pdf,linked from https://ahca.myflorida.com/medicaid/prescribed-drugs/medicaid-pharmaceutical-therapeutics-committee,1,200,application/pdf,,raw/florida/florida__p-t-committee-members-updated-07-24-25-website-update-pdf__d5b3654487.pdf,text/florida/florida__p-t-committee-members-updated-07-24-25-website-update-pdf__d5b3654487.txt
Florida,https://ahca.myflorida.com/medicaid/prescribed-drugs/medicaid-pharmaceutical-therapeutics-committee/florida-medicaid-preferred-drug-list-pdl,linked from https://ahca.myflorida.com/medicaid/prescribed-drugs/medicaid-pharmaceutical-therapeutics-committee,1,200,text/html; charset=UTF-8,,raw/florida/florida__florida-medicaid-preferred-drug-list-pdl__3a37d64491.html,text/florida/florida__florida-medicaid-preferred-drug-list-pdl__3a37d64491.txt
Florida,https://ahca.myflorida.com/medicaid/prescribed-drugs/medicaid-pharmaceutical-therapeutics-committee/pharmacy-prior-authorization-forms,linked from https://ahca.myflorida.com/medicaid/prescribed-drugs/medicaid-pharmaceutical-therapeutics-committee,1,200,text/html; charset=UTF-8,,raw/florida/florida__pharmacy-prior-authorization-forms__9a1807a6c5.html,text/florida/florida__pharmacy-prior-authorization-forms__9a1807a6c5.txt
Florida,https://ahca.myflorida.com/medicaid/prescribed-drugs/drug-utilization-review-board,linked from https://ahca.myflorida.com/medicaid/prescribed-drugs/pharmacy-meeting-notices,1,200,text/html; charset=UTF-8,,raw/florida/florida__drug-utilization-review-board__5cc7502f13.html,text/florida/florida__drug-utilization-review-board__5cc7502f13.txt
Florida,https://ahca.myflorida.com/content/download/28896/file/Florida%20Medicaid%20Final%20%201%20DUR%20Agenda%20for%20June%202026%20Finalized%205.4.26.pdf,linked from https://ahca.myflorida.com/medicaid/prescribed-drugs/pharmacy-meeting-notices,1,200,application/pdf,,raw/florida/florida__florida-medicaid-final-1-dur-agenda-for-june-2026-finalized-5-4-26-pdf__a64a6fcd92.pdf,text/florida/florida__florida-medicaid-final-1-dur-agenda-for-june-2026-finalized-5-4-26-pdf__a64a6fcd92.txt
Florida,https://ahca.myflorida.com/content/download/28897/file/FloridaMedicaid_PT%20Agenda%20June%202026%20-Finalvs2.pdf,linked from https://ahca.myflorida.com/medicaid/prescribed-drugs/pharmacy-meeting-notices,1,200,application/pdf,,raw/florida/florida__floridamedicaid-pt-agenda-june-2026-finalvs2-pdf__94d4cf13d8.pdf,text/florida/florida__floridamedicaid-pt-agenda-june-2026-finalvs2-pdf__94d4cf13d8.txt
Florida,https://ahca.myflorida.com/medicaid/prescribed-drugs/additional-information,linked from https://ahca.myflorida.com/medicaid/prescribed-drugs/pharmacy-meeting-notices,1,200,text/html; charset=UTF-8,,raw/florida/florida__additional-information__a7c302526e.html,text/florida/florida__additional-information__a7c302526e.txt
Florida,https://ahca.myflorida.com/medicaid/prescribed-drugs/behavioral-health-medication-management-resources,linked from https://ahca.myflorida.com/medicaid/prescribed-drugs/pharmacy-meeting-notices,1,200,text/html; charset=UTF-8,,raw/florida/florida__behavioral-health-medication-management-resources__939ffcaff0.html,text/florida/florida__behavioral-health-medication-management-resources__939ffcaff0.txt
Florida,https://ahca.myflorida.com/medicaid/prescribed-drugs/counterfeit-proof-prescription-blank-program,linked from https://ahca.myflorida.com/medicaid/prescribed-drugs/pharmacy-meeting-notices,1,200,text/html; charset=UTF-8,,raw/florida/florida__counterfeit-proof-prescription-blank-program__0340c91a5a.html,text/florida/florida__counterfeit-proof-prescription-blank-program__0340c91a5a.txt
Florida,https://ahca.myflorida.com/medicaid/prescribed-drugs/drug-criteria,linked from https://ahca.myflorida.com/medicaid/prescribed-drugs/pharmacy-meeting-notices,1,200,text/html; charset=UTF-8,,raw/florida/florida__drug-criteria__89206659de.html,text/florida/florida__drug-criteria__89206659de.txt
Florida,https://ahca.myflorida.com/medicaid/prescribed-drugs/early-and-periodic-screening-diagnostic-and-treatment-epsdt-benefit,linked from https://ahca.myflorida.com/medicaid/prescribed-drugs/pharmacy-meeting-notices,1,200,text/html; charset=UTF-8,,raw/florida/florida__early-and-periodic-screening-diagnostic-and-treatment-epsdt-benefit__8af9b7ed5d.html,text/florida/florida__early-and-periodic-screening-diagnostic-and-treatment-epsdt-benefit__8af9b7ed5d.txt
Florida,https://ahca.myflorida.com/medicaid/prescribed-drugs/florida-medicaid-preferred-drug-program,linked from https://ahca.myflorida.com/medicaid/prescribed-drugs/pharmacy-meeting-notices,1,200,text/html; charset=UTF-8,,raw/florida/florida__florida-medicaid-preferred-drug-program__72266703b6.html,text/florida/florida__florida-medicaid-preferred-drug-program__72266703b6.txt
Florida,https://ahca.myflorida.com/medicaid/prescribed-drugs/ombudsman-program,linked from https://ahca.myflorida.com/medicaid/prescribed-drugs/pharmacy-meeting-notices,1,200,text/html; charset=UTF-8,,raw/florida/florida__ombudsman-program__7f7a3cf5e3.html,text/florida/florida__ombudsman-program__7f7a3cf5e3.txt
Florida,https://ahca.myflorida.com/medicaid/prescribed-drugs/pharmacy-reports-and-presentations,linked from https://ahca.myflorida.com/medicaid/prescribed-drugs/pharmacy-meeting-notices,1,200,text/html; charset=UTF-8,,raw/florida/florida__pharmacy-reports-and-presentations__65a76e29fe.html,text/florida/florida__pharmacy-reports-and-presentations__65a76e29fe.txt
Florida,https://ahca.myflorida.com/medicaid/prescribed-drugs/remittance-advice-provider-alerts,linked from https://ahca.myflorida.com/medicaid/prescribed-drugs/pharmacy-meeting-notices,1,200,text/html; charset=UTF-8,,raw/florida/florida__remittance-advice-provider-alerts__c0fb944e8e.html,text/florida/florida__remittance-advice-provider-alerts__c0fb944e8e.txt
Florida,https://ahca.myflorida.com/medicaid/prescribed-drugs/state-maximum-allowed-cost-smac,linked from https://ahca.myflorida.com/medicaid/prescribed-drugs/pharmacy-meeting-notices,1,200,text/html; charset=UTF-8,,raw/florida/florida__state-maximum-allowed-cost-smac__37e843c7e5.html,text/florida/florida__state-maximum-allowed-cost-smac__37e843c7e5.txt
Florida,https://ahca.myflorida.com/site/public-meetings,linked from https://ahca.myflorida.com/site/medicaid/prescribed-drugs/medicaid-pharmaceutical-therapeutics-committee/florida-medicaid-preferred-drug-list-pdl,1,200,text/html; charset=UTF-8,,raw/florida/florida__public-meetings__0f5499ad8b.html,text/florida/florida__public-meetings__0f5499ad8b.txt
Florida,https://ahca.myflorida.com/site/medicaid/medicaid-policy-quality-and-operations,linked from https://ahca.myflorida.com/site/medicaid/prescribed-drugs/medicaid-pharmaceutical-therapeutics-committee/florida-medicaid-preferred-drug-list-pdl,1,200,text/html; charset=UTF-8,,raw/florida/florida__medicaid-policy-quality-and-operations__2d5e2623be.html,text/florida/florida__medicaid-policy-quality-and-operations__2d5e2623be.txt
Florida,https://ahca.myflorida.com/site/medicaid/agency-dashboards,linked from https://ahca.myflorida.com/site/medicaid/prescribed-drugs/medicaid-pharmaceutical-therapeutics-committee/florida-medicaid-preferred-drug-list-pdl,1,200,text/html; charset=UTF-8,,raw/florida/florida__agency-dashboards__86327d8a42.html,text/florida/florida__agency-dashboards__86327d8a42.txt
Florida,https://ahca.myflorida.com/site/medicaid/prescribed-drugs,linked from https://ahca.myflorida.com/site/medicaid/prescribed-drugs/medicaid-pharmaceutical-therapeutics-committee/florida-medicaid-preferred-drug-list-pdl,1,200,text/html; charset=UTF-8,,raw/florida/florida__prescribed-drugs__fe7926083a.html,text/florida/florida__prescribed-drugs__fe7926083a.txt
Florida,https://ahca.myflorida.com/site/medicaid/prescribed-drugs/medicaid-pharmaceutical-therapeutics-committee,linked from https://ahca.myflorida.com/site/medicaid/prescribed-drugs/medicaid-pharmaceutical-therapeutics-committee/florida-medicaid-preferred-drug-list-pdl,1,200,text/html; charset=UTF-8,,raw/florida/florida__medicaid-pharmaceutical-therapeutics-committee__df2ea8d121.html,text/florida/florida__medicaid-pharmaceutical-therapeutics-committee__df2ea8d121.txt
Florida,https://ahca.myflorida.com/content/download/28644/file/December%20P%26T%20PDL%2004.01.2026.pdf,linked from https://ahca.myflorida.com/site/medicaid/prescribed-drugs/medicaid-pharmaceutical-therapeutics-committee/florida-medicaid-preferred-drug-list-pdl,1,200,application/pdf,,raw/florida/florida__december-p-t-pdl-04-01-2026-pdf__ba72beac63.pdf,text/florida/florida__december-p-t-pdl-04-01-2026-pdf__ba72beac63.txt
Florida,https://ahca.myflorida.com/content/download/28645/file/Summary%20of%20Changes%20December%202025%20P%26T.pdf,linked from https://ahca.myflorida.com/site/medicaid/prescribed-drugs/medicaid-pharmaceutical-therapeutics-committee/florida-medicaid-preferred-drug-list-pdl,1,200,application/pdf,,raw/florida/florida__summary-of-changes-december-2025-p-t-pdf__82a52dcb0e.pdf,text/florida/florida__summary-of-changes-december-2025-p-t-pdf__82a52dcb0e.txt
Florida,https://ahca.myflorida.com/content/download/28859/file/Summary%20of%20Drug%20Limitations%2004-30-2026%20v175.pdf,linked from https://ahca.myflorida.com/site/medicaid/prescribed-drugs/medicaid-pharmaceutical-therapeutics-committee/florida-medicaid-preferred-drug-list-pdl,1,200,application/pdf,,raw/florida/florida__summary-of-drug-limitations-04-30-2026-v175-pdf__1554dfcd8d.pdf,text/florida/florida__summary-of-drug-limitations-04-30-2026-v175-pdf__1554dfcd8d.txt
Florida,https://ahca.myflorida.com/content/download/28646/file/Quick%20Reference%20Guide%20Effective%20APRIL%201%202026.pdf,linked from https://ahca.myflorida.com/site/medicaid/prescribed-drugs/medicaid-pharmaceutical-therapeutics-committee/florida-medicaid-preferred-drug-list-pdl,1,200,application/pdf,,raw/florida/florida__quick-reference-guide-effective-april-1-2026-pdf__53da8a2435.pdf,text/florida/florida__quick-reference-guide-effective-april-1-2026-pdf__53da8a2435.txt
Florida,https://ahca.myflorida.com/site/medicaid/prescribed-drugs/medicaid-pharmaceutical-therapeutics-committee/pharmacy-prior-authorization-forms,linked from https://ahca.myflorida.com/site/medicaid/prescribed-drugs/medicaid-pharmaceutical-therapeutics-committee/florida-medicaid-preferred-drug-list-pdl,1,200,text/html; charset=UTF-8,,raw/florida/florida__pharmacy-prior-authorization-forms__e35d846ce3.html,text/florida/florida__pharmacy-prior-authorization-forms__e35d846ce3.txt
Georgia,https://dch.georgia.gov/providers/provider-types/pharmacy/preferred-drug-lists,seed,0,200,text/html; charset=UTF-8,,raw/georgia/georgia__preferred-drug-lists__3e72bca264.html,text/georgia/georgia__preferred-drug-lists__3e72bca264.txt
Georgia,https://dch.georgia.gov/sites/dch.georgia.gov/files/GA%20Medicaid%20FFS%20Frequently%20Asked%20Questions%20-%20revised%2011.13.15.pdf,seed,0,403,text/html; charset=UTF-8,HTTP 403,raw/georgia/georgia__ga-medicaid-ffs-frequently-asked-questions-revised-11-13-15-pdf__019e841676.pdf,text/georgia/georgia__ga-medicaid-ffs-frequently-asked-questions-revised-11-13-15-pdf__019e841676.txt
Georgia,https://dch.georgia.gov/document/document/july-2025-durbrecommendations/download,seed,0,200,application/pdf,,raw/georgia/georgia__download__e1493f590b.pdf,text/georgia/georgia__download__e1493f590b.txt
Georgia,https://dch.georgia.gov/providers/provider-types/pharmacy/drug-utilization-review-board/2025-durb-meeting-information,seed,0,200,text/html; charset=UTF-8,,raw/georgia/georgia__2025-durb-meeting-information__b4a514bb5d.html,text/georgia/georgia__2025-durb-meeting-information__b4a514bb5d.txt
Georgia,https://dch.georgia.gov/providers/provider-types/pharmacy/drug-utilization-review-board/2026-durb-meeting-information,seed,0,200,text/html; charset=UTF-8,,raw/georgia/georgia__2026-durb-meeting-information__f8568e6eb1.html,text/georgia/georgia__2026-durb-meeting-information__f8568e6eb1.txt
Georgia,https://dch.georgia.gov/about-us/board-community-health,linked from https://dch.georgia.gov/providers/provider-types/pharmacy/preferred-drug-lists,1,200,text/html; charset=UTF-8,,raw/georgia/georgia__board-community-health__4018ad8216.html,text/georgia/georgia__board-community-health__4018ad8216.txt
Georgia,https://dch.georgia.gov/about-us/legal-notices,linked from https://dch.georgia.gov/providers/provider-types/pharmacy/preferred-drug-lists,1,200,text/html; charset=UTF-8,,raw/georgia/georgia__legal-notices__aff2f432d4.html,text/georgia/georgia__legal-notices__aff2f432d4.txt
Georgia,https://gbd.georgia.gov/,linked from https://dch.georgia.gov/providers/provider-types/pharmacy/preferred-drug-lists,1,200,text/html; charset=UTF-8,,raw/georgia/georgia__gbd-georgia-gov__258d8be3b5.html,text/georgia/georgia__gbd-georgia-gov__258d8be3b5.txt
Georgia,https://gbp.georgia.gov/,linked from https://dch.georgia.gov/providers/provider-types/pharmacy/preferred-drug-lists,1,200,text/html; charset=UTF-8,,raw/georgia/georgia__gbp-georgia-gov__2b2f8bec47.html,text/georgia/georgia__gbp-georgia-gov__2b2f8bec47.txt
Georgia,https://dch.georgia.gov/programs/program-all-inclusive-care-elderly-pace-updates,linked from https://dch.georgia.gov/providers/provider-types/pharmacy/preferred-drug-lists,1,200,text/html; charset=UTF-8,,raw/georgia/georgia__program-all-inclusive-care-elderly-pace-updates__9d6ef87c56.html,text/georgia/georgia__program-all-inclusive-care-elderly-pace-updates__9d6ef87c56.txt
Georgia,https://dch.georgia.gov/providers/medicaid-advisory-committee,linked from https://dch.georgia.gov/providers/provider-types/pharmacy/preferred-drug-lists,1,200,text/html; charset=UTF-8,,raw/georgia/georgia__medicaid-advisory-committee__92730000d7.html,text/georgia/georgia__medicaid-advisory-committee__92730000d7.txt
Georgia,https://dch.georgia.gov/meetings-notices,linked from https://dch.georgia.gov/providers/provider-types/pharmacy/preferred-drug-lists,1,200,text/html; charset=UTF-8,,raw/georgia/georgia__meetings-notices__40fa42d4f1.html,text/georgia/georgia__meetings-notices__40fa42d4f1.txt
Georgia,https://dch.georgia.gov/meetings-notices/2026-board-meeting-schedule,linked from https://dch.georgia.gov/providers/provider-types/pharmacy/preferred-drug-lists,1,200,text/html; charset=UTF-8,,raw/georgia/georgia__2026-board-meeting-schedule__c8d2efb030.html,text/georgia/georgia__2026-board-meeting-schedule__c8d2efb030.txt
Georgia,https://dch.georgia.gov/meetings-notices/public-notices,linked from https://dch.georgia.gov/providers/provider-types/pharmacy/preferred-drug-lists,1,200,text/html; charset=UTF-8,,raw/georgia/georgia__public-notices__3e083ce15b.html,text/georgia/georgia__public-notices__3e083ce15b.txt
Georgia,https://dch.georgia.gov/meetings-notices/resolutions,linked from https://dch.georgia.gov/providers/provider-types/pharmacy/preferred-drug-lists,1,200,text/html; charset=UTF-8,,raw/georgia/georgia__resolutions__3d1efb93fa.html,text/georgia/georgia__resolutions__3d1efb93fa.txt
Georgia,https://dch.georgia.gov/providers/provider-types/pharmacy/drug-utilization-review-board,linked from https://dch.georgia.gov/providers/provider-types/pharmacy/preferred-drug-lists,1,200,text/html; charset=UTF-8,,raw/georgia/georgia__drug-utilization-review-board__490a8e66b8.html,text/georgia/georgia__drug-utilization-review-board__490a8e66b8.txt
Georgia,https://dch.georgia.gov/providers/medicaid-advisory-committee/mac-meeting-schedule,linked from https://dch.georgia.gov/providers/provider-types/pharmacy/preferred-drug-lists,1,200,text/html; charset=UTF-8,,raw/georgia/georgia__mac-meeting-schedule__1906d63bcf.html,text/georgia/georgia__mac-meeting-schedule__1906d63bcf.txt
Georgia,https://dch.georgia.gov/providers/beneficiary-advisory-council/bac-meeting-schedule,linked from https://dch.georgia.gov/providers/provider-types/pharmacy/preferred-drug-lists,1,200,text/html; charset=UTF-8,,raw/georgia/georgia__bac-meeting-schedule__42904e000b.html,text/georgia/georgia__bac-meeting-schedule__42904e000b.txt
Georgia,https://dch.georgia.gov/office-health-planning-meetings-notices,linked from https://dch.georgia.gov/providers/provider-types/pharmacy/preferred-drug-lists,1,200,text/html; charset=UTF-8,,raw/georgia/georgia__office-health-planning-meetings-notices__3d4197c85d.html,text/georgia/georgia__office-health-planning-meetings-notices__3d4197c85d.txt
Georgia,https://dch.georgia.gov/providers/provider-types/pharmacy,linked from https://dch.georgia.gov/providers/provider-types/pharmacy/preferred-drug-lists,1,200,text/html; charset=UTF-8,,raw/georgia/georgia__pharmacy__5018d2841d.html,text/georgia/georgia__pharmacy__5018d2841d.txt
Georgia,https://dch.georgia.gov/providers/provider-types/hospital-providers/outpatient-settlement-repayment-policy,linked from https://dch.georgia.gov/providers/provider-types/pharmacy/preferred-drug-lists,1,200,text/html; charset=UTF-8,,raw/georgia/georgia__outpatient-settlement-repayment-policy__599396ebfa.html,text/georgia/georgia__outpatient-settlement-repayment-policy__599396ebfa.txt
Georgia,https://dch.georgia.gov/providers/provider-types/pharmacy/preferred-drug-lists/2026-preferred-drug-list,linked from https://dch.georgia.gov/providers/provider-types/pharmacy/preferred-drug-lists,1,200,text/html; charset=UTF-8,,raw/georgia/georgia__2026-preferred-drug-list__bdef0c0350.html,text/georgia/georgia__2026-preferred-drug-list__bdef0c0350.txt
Georgia,https://dch.georgia.gov/providers/provider-types/pharmacy/preferred-drug-lists/2025-preferred-drug-list,linked from https://dch.georgia.gov/providers/provider-types/pharmacy/preferred-drug-lists,1,200,text/html; charset=UTF-8,,raw/georgia/georgia__2025-preferred-drug-list__54e5ec099c.html,text/georgia/georgia__2025-preferred-drug-list__54e5ec099c.txt
Georgia,https://dch.georgia.gov/providers/provider-types/pharmacy/preferred-drug-lists/2024-preferred-drug-list,linked from https://dch.georgia.gov/providers/provider-types/pharmacy/preferred-drug-lists,1,200,text/html; charset=UTF-8,,raw/georgia/georgia__2024-preferred-drug-list__1208a0c921.html,text/georgia/georgia__2024-preferred-drug-list__1208a0c921.txt
Georgia,https://dch.georgia.gov/providers/provider-types/pharmacy/preferred-drug-lists/2023-preferred-drug-list,linked from https://dch.georgia.gov/providers/provider-types/pharmacy/preferred-drug-lists,1,200,text/html; charset=UTF-8,,raw/georgia/georgia__2023-preferred-drug-list__4d317a0e8b.html,text/georgia/georgia__2023-preferred-drug-list__4d317a0e8b.txt
Georgia,https://dch.georgia.gov/providers/provider-types/pharmacy/preferred-drug-lists/2022-preferred-drug-list,linked from https://dch.georgia.gov/providers/provider-types/pharmacy/preferred-drug-lists,1,200,text/html; charset=UTF-8,,raw/georgia/georgia__2022-preferred-drug-list__d46e92561c.html,text/georgia/georgia__2022-preferred-drug-list__d46e92561c.txt
Georgia,https://dch.georgia.gov/providers/provider-types/pharmacy/prior-authorization-process-and-criteria,linked from https://dch.georgia.gov/providers/provider-types/pharmacy/preferred-drug-lists,1,200,text/html; charset=UTF-8,,raw/georgia/georgia__prior-authorization-process-and-criteria__249f5aa94d.html,text/georgia/georgia__prior-authorization-process-and-criteria__249f5aa94d.txt
Georgia,https://dch.georgia.gov/providers/provider-types/pharmacy/prior-authorization-process-and-criteria/prior-authorization,linked from https://dch.georgia.gov/providers/provider-types/pharmacy/preferred-drug-lists,1,200,text/html; charset=UTF-8,,raw/georgia/georgia__prior-authorization__ae5b4d06e5.html,text/georgia/georgia__prior-authorization__ae5b4d06e5.txt
Georgia,https://dch.georgia.gov/providers/provider-types/pharmacy/drug-utilization-review-board/durb-members,linked from https://dch.georgia.gov/providers/provider-types/pharmacy/preferred-drug-lists,1,200,text/html; charset=UTF-8,,raw/georgia/georgia__durb-members__80769a0e35.html,text/georgia/georgia__durb-members__80769a0e35.txt
Georgia,https://dch.georgia.gov/providers/provider-types/pharmacy/drug-utilization-review-board/2024-durb-meeting-information,linked from https://dch.georgia.gov/providers/provider-types/pharmacy/preferred-drug-lists,1,200,text/html; charset=UTF-8,,raw/georgia/georgia__2024-durb-meeting-information__d7f57d9123.html,text/georgia/georgia__2024-durb-meeting-information__d7f57d9123.txt
Georgia,https://dch.georgia.gov/providers/provider-types/pharmacy/drug-utilization-review-board/consumer-comment-opportunities,linked from https://dch.georgia.gov/providers/provider-types/pharmacy/preferred-drug-lists,1,200,text/html; charset=UTF-8,,raw/georgia/georgia__consumer-comment-opportunities__9b09920753.html,text/georgia/georgia__consumer-comment-opportunities__9b09920753.txt
Georgia,https://dch.georgia.gov/providers/provider-types/pharmacy/drug-utilization-review-board/pharmaceutical-manufacturers,linked from https://dch.georgia.gov/providers/provider-types/pharmacy/preferred-drug-lists,1,200,text/html; charset=UTF-8,,raw/georgia/georgia__pharmaceutical-manufacturers__d79ca6a7dc.html,text/georgia/georgia__pharmaceutical-manufacturers__d79ca6a7dc.txt
Georgia,https://dch.georgia.gov/providers/provider-types/pharmacy/optumrx,linked from https://dch.georgia.gov/providers/provider-types/pharmacy/preferred-drug-lists,1,200,text/html; charset=UTF-8,,raw/georgia/georgia__optumrx__c47d113d7f.html,text/georgia/georgia__optumrx__c47d113d7f.txt
Georgia,https://dch.georgia.gov/providers/provider-types/pharmacy/pharmacy-links,linked from https://dch.georgia.gov/providers/provider-types/pharmacy/preferred-drug-lists,1,200,text/html; charset=UTF-8,,raw/georgia/georgia__pharmacy-links__06af2219ca.html,text/georgia/georgia__pharmacy-links__06af2219ca.txt
Georgia,https://dch.georgia.gov/providers/medicaid-advisory-committee/mac-members,linked from https://dch.georgia.gov/providers/provider-types/pharmacy/preferred-drug-lists,1,200,text/html; charset=UTF-8,,raw/georgia/georgia__mac-members__7eb1575417.html,text/georgia/georgia__mac-members__7eb1575417.txt
Georgia,https://dch.georgia.gov/providers/medicaid-advisory-committee/mac-meetings-notices,linked from https://dch.georgia.gov/providers/provider-types/pharmacy/preferred-drug-lists,1,200,text/html; charset=UTF-8,,raw/georgia/georgia__mac-meetings-notices__f53414dd30.html,text/georgia/georgia__mac-meetings-notices__f53414dd30.txt
Georgia,https://dch.georgia.gov/providers/medicaid-advisory-committee/mac-meetings-notices-archives,linked from https://dch.georgia.gov/providers/provider-types/pharmacy/preferred-drug-lists,1,200,text/html; charset=UTF-8,,raw/georgia/georgia__mac-meetings-notices-archives__6cb790a267.html,text/georgia/georgia__mac-meetings-notices-archives__6cb790a267.txt
Georgia,https://dch.georgia.gov/document/document/pdl-drug-name-5-1-26/download,linked from https://dch.georgia.gov/providers/provider-types/pharmacy/preferred-drug-lists,1,200,application/pdf,,raw/georgia/georgia__download__e63a960908.pdf,text/georgia/georgia__download__e63a960908.txt
Georgia,https://dch.georgia.gov/document/document/pdl-drug-class-5-1-26/download,linked from https://dch.georgia.gov/providers/provider-types/pharmacy/preferred-drug-lists,1,200,application/pdf,,raw/georgia/georgia__download__f8dd4962e1.pdf,text/georgia/georgia__download__f8dd4962e1.txt
Georgia,https://dch.georgia.gov/document/publication/cough-and-cold-pdl-posted-010816/download,linked from https://dch.georgia.gov/providers/provider-types/pharmacy/preferred-drug-lists,1,200,application/pdf,,raw/georgia/georgia__download__c6cff9f677.pdf,text/georgia/georgia__download__c6cff9f677.txt
Georgia,https://dch.georgia.gov/document/document/gamedicaidclasslist082223/download,linked from https://dch.georgia.gov/providers/provider-types/pharmacy/preferred-drug-lists,1,200,application/pdf,,raw/georgia/georgia__download__0cbdbb4019.pdf,text/georgia/georgia__download__0cbdbb4019.txt
Georgia,https://dch.georgia.gov/document/document/dch-decision-documentmay-2025/download,linked from https://dch.georgia.gov/providers/provider-types/pharmacy/preferred-drug-lists,1,200,application/pdf,,raw/georgia/georgia__download__3583dee675.pdf,text/georgia/georgia__download__3583dee675.txt
Georgia,https://dch.georgia.gov/document/document/dch-decision-documentnovember-2025v2final/download,linked from https://dch.georgia.gov/providers/provider-types/pharmacy/preferred-drug-lists,1,200,application/pdf,,raw/georgia/georgia__download__6cabd59581.pdf,text/georgia/georgia__download__6cabd59581.txt
Georgia,https://medicalboard.georgia.gov/,linked from https://dch.georgia.gov/providers/provider-types/pharmacy/preferred-drug-lists,1,200,text/html; charset=UTF-8,,raw/georgia/georgia__medicalboard-georgia-gov__71b9920847.html,text/georgia/georgia__medicalboard-georgia-gov__71b9920847.txt
Georgia,https://gbi.georgia.gov/human-trafficking-notice,linked from https://dch.georgia.gov/providers/provider-types/pharmacy/preferred-drug-lists,1,200,text/html; charset=UTF-8,,raw/georgia/georgia__human-trafficking-notice__939f058bd5.html,text/georgia/georgia__human-trafficking-notice__939f058bd5.txt
Georgia,https://dch.georgia.gov/sites/dch.georgia.gov/files/styles/flexheight/public/related_files/document/iStock_000000622142Smal_Drug-Bottles.jpg?itok=U8Lq_mVT,linked from https://dch.georgia.gov/providers/provider-types/pharmacy/preferred-drug-lists,1,200,image/jpeg,,raw/georgia/georgia__istock-000000622142smal-drug-bottles-jpg__02b5a22652.bin,text/georgia/georgia__istock-000000622142smal-drug-bottles-jpg__02b5a22652.txt
Georgia,https://dch.georgia.gov/document/document/1jan-2025-durbagendafinalrvvirtual/download,linked from https://dch.georgia.gov/providers/provider-types/pharmacy/drug-utilization-review-board/2025-durb-meeting-information,1,200,application/pdf,,raw/georgia/georgia__download__bae82b5674.pdf,text/georgia/georgia__download__bae82b5674.txt
Georgia,https://dch.georgia.gov/document/document/jan-2025-durbhandout,linked from https://dch.georgia.gov/providers/provider-types/pharmacy/drug-utilization-review-board/2025-durb-meeting-information,1,200,application/pdf,,raw/georgia/georgia__jan-2025-durbhandout__7b2da93ca9.pdf,text/georgia/georgia__jan-2025-durbhandout__7b2da93ca9.txt
Georgia,https://dch.georgia.gov/document/document/dch-decision-documentjan-2025-durb/download,linked from https://dch.georgia.gov/providers/provider-types/pharmacy/drug-utilization-review-board/2025-durb-meeting-information,1,200,application/pdf,,raw/georgia/georgia__download__411d15b3e1.pdf,text/georgia/georgia__download__411d15b3e1.txt
Georgia,https://dch.georgia.gov/document/document/jan-2025-durbdrugs-under-review/download,linked from https://dch.georgia.gov/providers/provider-types/pharmacy/drug-utilization-review-board/2025-durb-meeting-information,1,200,application/pdf,,raw/georgia/georgia__download__0dee616f27.pdf,text/georgia/georgia__download__0dee616f27.txt
Georgia,https://dch.georgia.gov/document/document/file-january-2025-manufacturers-forum-announcement/download,linked from https://dch.georgia.gov/providers/provider-types/pharmacy/drug-utilization-review-board/2025-durb-meeting-information,1,200,application/pdf,,raw/georgia/georgia__download__e4c6c9eb0c.pdf,text/georgia/georgia__download__e4c6c9eb0c.txt
Georgia,https://dch.georgia.gov/document/document/january-2025-durbrecommendations/download,linked from https://dch.georgia.gov/providers/provider-types/pharmacy/drug-utilization-review-board/2025-durb-meeting-information,1,200,application/pdf,,raw/georgia/georgia__download__1716d066b7.pdf,text/georgia/georgia__download__1716d066b7.txt
Georgia,https://dch.georgia.gov/document/document/1apr-2025-durbagendafinal/download,linked from https://dch.georgia.gov/providers/provider-types/pharmacy/drug-utilization-review-board/2025-durb-meeting-information,1,200,application/pdf,,raw/georgia/georgia__download__a28edd8589.pdf,text/georgia/georgia__download__a28edd8589.txt
Georgia,https://dch.georgia.gov/document/document/april-2025-durbhandout/download,linked from https://dch.georgia.gov/providers/provider-types/pharmacy/drug-utilization-review-board/2025-durb-meeting-information,1,200,application/pdf,,raw/georgia/georgia__download__27d6c5c464.pdf,text/georgia/georgia__download__27d6c5c464.txt
Georgia,https://dch.georgia.gov/document/document/dch-decision-documentapril-2025-durb/download,linked from https://dch.georgia.gov/providers/provider-types/pharmacy/drug-utilization-review-board/2025-durb-meeting-information,1,200,application/pdf,,raw/georgia/georgia__download__5969800ef0.pdf,text/georgia/georgia__download__5969800ef0.txt
