source_index,url,final_url,brand_name,generic_name,company,promotional_message_verbatim,message_word_count,message_source,message_theme,claim_type,call_to_action,why_selected,access_status,http_status,blocked_or_error,notes,retrieved_at
0,https://hcp.qvar.com,https://hcp.qvar.com/,QVAR RediHaler,beclomethasone dipropionate HFA,Teva,Discover healthcare professional information regarding QVAR RediHaler®.,7,meta:og:description,positioning,brand positioning,Watch our videos,Highest-scoring short promotional candidate from captured page text,quote_extracted,200,no,,2026-05-15T00:17:20+00:00
1,https://www.firazyr.com/hcp,https://www.firazyr.com/hcp,Firazyr,,Takeda,"FIRAZYR ® (icatibant injection) can be a key part of a treatment plan for adults with HAE, even for those taking preventive therapy.",22,h1,efficacy; patient fit,efficacy/outcome,Sign Up; Request Sample; Learn More About FIRAZYR,Highest-scoring short promotional candidate from captured page text,quote_extracted,200,no,,2026-05-15T00:17:22+00:00
2,https://www.bendekahcp.com,https://www.bendekahcp.com/,BENDEKA,,,"Offer your patients a short, fixed course of therapy with BENDEKA 1",12,h1,patient fit,patient fit,,Highest-scoring short promotional candidate from captured page text,quote_extracted,200,no,,2026-05-15T00:17:23+00:00
3,https://hcp.myairduo.com,https://hcp.myairduo.com/,AIRDUO DIGIHALER / AIRDUO RESPICLICK,fluticasone propionate and salmeterol inhalation powder,Teva,AirDuo RespiClick is only for patients uncontrolled on an inhaled corticosteroid (ICS) or whose disease severity clearly warrants an ICS/Long-acting beta 2 -agonist (LABA).,25,body:p,efficacy; differentiation; patient fit,efficacy/outcome,,Highest-scoring short promotional candidate from captured page text,quote_extracted,200,no,,2026-05-15T00:17:20+00:00
4,https://www.annovera.com/hcp,https://www.annovera.com/hcp/,ANNOVERA,segesterone acetate and ethinyl estradiol vaginal system,TherapeuticsMD,"Discover ANNOVERA—a reusable, procedure-free birth control ring offering year-long efficacy, good tolerability, and high patient satisfaction.",17,meta:description,efficacy,efficacy/outcome,,Highest-scoring short promotional candidate from captured page text,quote_extracted,200,no,,2026-05-15T00:17:24+00:00
5,https://www.imvexxy.com/hcp,https://www.imvexxy.com/hcp/,IMVEXXY,estradiol vaginal inserts,TherapeuticsMD,Treat your patients' dyspareunia with IMVEXXY and help them take back their sex lives post menopause.,16,meta:description,patient fit,patient fit,,Highest-scoring short promotional candidate from captured page text,quote_extracted,200,no,,2026-05-15T00:17:24+00:00
6,https://www.bijuva.com/hcp,https://www.bijuva.com/hcp/,HCPs,estradiol and progesterone,TherapeuticsMD,Give your patients BIJUVA—the combination treatment for hot flashes that helps them live a better menopause.,17,meta:description,patient fit,patient fit,,Highest-scoring short promotional candidate from captured page text,quote_extracted,200,no,,2026-05-15T00:17:24+00:00
7,https://www.quillichewerhcp.com,https://www.quillichewerhcp.com/,Quillichewer,,"Tris Pharma, Inc","Discover QuilliChew ER® (methylphenidate), a once-daily extended-release chewable methylphenidate tablet for the treatment of ADHD in ages 6 and older.",20,meta:description,convenience,convenience/dosing,View Patient/Caregiver Site; Request More Info; Sign Up,Highest-scoring short promotional candidate from captured page text,quote_extracted,200,no,,2026-05-15T00:17:23+00:00
8,https://www.onydahcp.com,https://www.onydahcp.com/,ONYDA XR,clonidine,,"Discover once-nightly ONYDA XR (clonidine) , the first liquid non-stimulant medication for pediatric ADHD patients 6 and older.",17,meta:description,differentiation; convenience; patient fit,differentiation,View Patient/Caregiver Site; Request More Info; Sign Up,Highest-scoring short promotional candidate from captured page text,quote_extracted,200,no,,2026-05-15T00:17:22+00:00
9,https://jatenzohcp.com,https://jatenzohcp.com/,JATENZO,testosterone undecanoate,Tolmar,"Discover JATENZO®, an oral TRT capsule for male hypogonadism.",9,meta:description,convenience,convenience/dosing,GET STARTED WITH OUR PHARMACY PROVIDER; www.fda.gov/medwatch,Highest-scoring short promotional candidate from captured page text,quote_extracted,200,no,,2026-05-15T00:17:23+00:00
10,https://www.hcp.cinqairpp.tevapharm.com,https://www.hcp.cinqairpp.tevapharm.com/,CINQAIR,reslizumab,Teva,CINQAIR is the anti–IL-5 that provides patients the option of HCP-controlled home infusion,14,h2,efficacy; patient fit,efficacy/outcome,Learn More; VIEW OPTIONS,Highest-scoring short promotional candidate from captured page text,quote_extracted,200,no,,2026-05-15T00:17:20+00:00
11,https://www.dyanavelxrhcp.com,https://www.dyanavelxrhcp.com/,DYANAVEL XR,amphetamine,Tris Pharma,Discover DYANAVEL® XR a once-daily amphetamine ADHD treatment for patients 6 and older.,13,meta:description,convenience; patient fit,convenience/dosing,View Patient/Caregiver Site; Request More Info; Learn more,Highest-scoring short promotional candidate from captured page text,quote_extracted,200,no,,2026-05-15T00:17:22+00:00
12,https://www.quillivantxrhcp.com,https://www.quillivantxrhcp.com/,Quillivantxr,,"Tris Pharma, Inc","Discover Quillivant XR® (methylphenidate), a once-daily extended-release oral suspension for the treatment of ADHD in ages 6 and older.",19,meta:description,convenience,convenience/dosing,View Patient/Caregiver Site; Request More Info; Sign Up,Highest-scoring short promotional candidate from captured page text,quote_extracted,200,no,,2026-05-15T00:17:22+00:00
13,https://www.leqselvihcp.com,https://www.leqselvihcp.com/,Leqselvi,,Sun Pharma,LEQSELVI™ (deuruxolitinib) Treatment for Severe Alopecia Areata,7,title,positioning,brand positioning,,Highest-scoring short promotional candidate from captured page text,quote_extracted,200,no,,2026-05-15T00:17:22+00:00
14,https://www.absoricald-hcp.com,https://www.absoricald-hcp.com/,ABSORICA LD,isotretinoin,,Severe Nodular Acne Treatment | ABSORICA LD® (isotretinoin),7,title,positioning,brand positioning,,Highest-scoring short promotional candidate from captured page text,quote_extracted,200,no,,2026-05-15T00:17:22+00:00
15,https://organonpro.com/en-us/product/renflexis/coverage,https://organonpro.com/en-us/product/renflexis/coverage/,RENFLEXIS,infliximab-abda,Organon,The malignancies occurred after a median of 30 months after the first dose of therapy.,15,body:p,differentiation,differentiation,View All Biosimilars,Highest-scoring short promotional candidate from captured page text,quote_extracted,200,no,,2026-05-15T00:17:23+00:00
16,https://www.natestohcp.com,https://www.natestohcp.com/,NATESTO,testosterone nasal gel,Acerus Pharmaceuticals,Shut down his symptoms not his system 1-5,8,h1,positioning,brand positioning,www.fda.gov/medwatch,Highest-scoring short promotional candidate from captured page text,quote_extracted,200,no,,2026-05-15T00:17:20+00:00
17,https://zimhi.com/hcp,https://zimhi.com/hcp/,ZIMHI,naloxone HCl,ZMI Pharma,Learn how ZIMHI™ (naloxone HCl injection) helps prepare your patients in the event of an opioid overdose emergency rescue,19,meta:description,patient fit,patient fit,www.fda.gov/medwatch; Watch IFU Video,Highest-scoring short promotional candidate from captured page text,quote_extracted,200,no,,2026-05-15T00:17:23+00:00
18,https://www.juxtapid.com/hcp,https://www.juxtapid.com/hcp/,HCP. Juxtapid® (lomitapide) HoFH,lomitapide,Chiesi,Help your patients reach and maintain their LDL-C goals,9,h2,patient fit,patient fit,Request a rep; Explore the clinical data; www.fda.gov/medwatch,Highest-scoring short promotional candidate from captured page text,quote_extracted,200,no,,2026-05-15T00:17:23+00:00
19,https://www.tyennehcp.com/get-to-know-tyenne,https://www.tyennehcp.com/get-to-know-tyenne,Tyenne,,,,,,,,,,no_quote_extracted,error,yes,"SSLError: HTTPSConnectionPool(host='www.tyennehcp.com', port=443): Max retries exceeded with url: /get-to-know-tyenne (Caused by SSLError(SSLCertVerificationError(1, ""[SSL: CERTIFICATE_VERIFY_FAILED] certificate verify failed: Hos",2026-05-15T00:17:22+00:00
20,https://www.novomedlink.com/diabetes/products/treatments/rybelsus.html,https://www.novomedlink.com/diabetes/products/treatments/rybelsus.html,VICTOZA,liraglutide,Novo Nordisk,Wake up to the only FDA-approved semaglutide in a pill for adult patients with type 2 diabetes 1,18,h1,differentiation; patient fit,differentiation,Sample Requests; Make a Request; View patients ready for RYBELSUS ®,Highest-scoring short promotional candidate from captured page text,quote_extracted,200,no,,2026-05-15T00:17:20+00:00
21,https://www.jubliarx.com/hcp,https://www.jubliarx.com/hcp,JUBLIA,efinaconazole topical solution 10%,Bausch Health,"Discover JUBLIA® (efinaconazole), an antifungal topical treatment for onychomycosis (tinea unguium) of the toenail.",14,meta:description,positioning,brand positioning,EXPLORE BEFORE AND AFTER IMAGES; www.fda.gov/medwatch,Highest-scoring short promotional candidate from captured page text,quote_extracted,200,no,,2026-05-15T00:17:23+00:00
22,https://www.brixadihcp.com,https://www.brixadihcp.com/,BRIXADI,buprenorphine extended-release injection,Braeburn,IT MAY BE POSSIBLE TO OFFER PATIENTS A MONTH OF MORNINGS Without DAILY MEDICATION REMINDING THEM OF THEIR ADDICTION 1-4,20,h1,convenience; patient fit,convenience/dosing,Sign Up; Explore Efficacy; www.fda.gov/medwatch,Highest-scoring short promotional candidate from captured page text,quote_extracted,200,no,,2026-05-15T00:17:22+00:00
23,https://dawnzerahcp.com,https://dawnzerahcp.com/,DAWNZERA,donidalorsen,Ionis Pharmaceuticals,DAWNZERA™ is the first and only RNA-targeted therapy for HAE.,10,meta:description,differentiation,differentiation,Request Ionis Specialist; Review the dosing schedule,Highest-scoring short promotional candidate from captured page text,quote_extracted,200,no,,2026-05-15T00:17:22+00:00
24,https://www.spinraza-hcp.com,https://www.spinrazahcp.com/,SPINRAZA® (nusinersen),nusinersen,Biogen,Access the Start Form to prescribe SPINRAZA and enroll patients in support services,13,body:p,patient fit,patient fit,Request Information; Explore the MOA; Explore Access & Reimbursement,Highest-scoring short promotional candidate from captured page text,quote_extracted,200,no,,2026-05-15T00:17:23+00:00
25,https://www.twyneo.com/hcp,https://www.twyneo.com/hcp,TWYNEO,tretinoin and benzoyl peroxide,Mayne Pharma Commercial LLC,Acne's first‑ever 0.1% tretinoin & 3% BPO 2‑in‑1 1,12,h2,differentiation,differentiation,Explore; Explore the technology; See the data,Highest-scoring short promotional candidate from captured page text,quote_extracted,200,no,,2026-05-15T00:17:22+00:00
26,https://www.aklief.com/hcp,https://www.aklief.com/hcp,TRUNCAL ACNE,trifarotene,,"Treat patients with AKLIEF® (trifarotene) Cream, 0.005%, a topical prescription cream proven effective on facial & truncal acne vulgaris.",19,meta:description,efficacy; patient fit,efficacy/outcome,REQUEST A REP; View clinical data; www.fda.gov/medwatch,Highest-scoring short promotional candidate from captured page text,quote_extracted,200,no,,2026-05-15T00:17:23+00:00
27,https://www.remicadehcp.com,https://www.remicadehcp.com/,REMICADE,infliximab,Janssen Biotech,"ACCESS, AFFORDABILITY, AND TREATMENT SUPPORT FOR YOUR PATIENTS",8,h2,patient fit,patient fit,,Highest-scoring short promotional candidate from captured page text,quote_extracted,200,no,,2026-05-15T00:17:23+00:00
28,https://www.stelarahcp.com,https://www.stelarahcp.com/,THE,,Janssen,STELARA® (ustekinumab) Official Healthcare Professional Website.,6,meta:og:description,positioning,brand positioning,,Highest-scoring short promotional candidate from captured page text,quote_extracted,200,no,,2026-05-15T00:17:23+00:00
29,https://www.nextstellis.com/hcp,https://www.nextstellis.com/hcp/,Nextstellis,drospirenone and estetrol,Mayne Pharma,"Discover how NEXTSTELLIS combines natural estrogen and progestin to offer trusted, modern contraception with high satisfaction and safety for your patients.",21,meta:description,patient fit,patient fit,,Highest-scoring short promotional candidate from captured page text,quote_extracted,200,no,,2026-05-15T00:17:24+00:00
30,https://www.lexette.com/hcp,https://www.lexette.com/hcp,Lexette,,,,,,,,,,no_quote_extracted,error,yes,"ConnectionError: HTTPSConnectionPool(host='www.lexette.com', port=443): Max retries exceeded with url: /hcp (Caused by NameResolutionError(""<urllib3.connection.HTTPSConnection object at 0x1110b2630>: Failed to resolve 'www.lexette.com' (",2026-05-15T00:17:22+00:00
31,https://hcp.rasuvo.com/hcp,https://hcp.rasuvo.com/hcp,LLC,,,Rasuvo is for once weekly subcutaneous use only.,8,body:p,differentiation; convenience,differentiation,Learn More Close; Prior authorization request letter; Formulary/Tier exception request letter,Highest-scoring short promotional candidate from captured page text,quote_extracted,200,no,,2026-05-15T00:17:23+00:00
32,https://contravehcp.com,https://contravehcp.com/,,naltrexone HCl/bupropion HCl,,Help patients lose weight and keep it off with CONTRAVE,10,h1,patient fit,patient fit,Downloadable resources,Highest-scoring short promotional candidate from captured page text,quote_extracted,200,no,,2026-05-15T00:17:23+00:00
33,https://galafoldhcp.com,https://galafoldhcp.com/,GALAFOLD,migalastat,Amicus Therapeutics,"Galafold® (migalastat) is an FDA-approved, oral medication.",7,meta:description,convenience,convenience/dosing,www.fda.gov/medwatch; Download the form,Highest-scoring short promotional candidate from captured page text,quote_extracted,200,no,,2026-05-15T00:17:23+00:00
34,https://www.yospralahcp.com,https://www.yospralahcp.com/,YOSPRALA,aspirin and omeprazole,Aralez Pharmaceuticals,HELP PROTECT PATIENTS FROM ASPIRIN-ASSOCIATED GASTRIC ULCERS,7,h2,efficacy; patient fit,efficacy/outcome,REQUEST MORE INFORMATION; LEARN MORE ABOUT DELIVERY; VIEW DATA,Highest-scoring short promotional candidate from captured page text,quote_extracted,200,no,,2026-05-15T00:17:23+00:00
35,https://www.ibsrela-hcp.com,https://www.ibsrela-hcp.com/,IBSRELA,tenapanor,Ardelyx,"IBSRELA Is the First and Only NHE3 Inhibitor for IBS-C 1,2",12,h2,differentiation,differentiation,Request a Rep; Watch video,Highest-scoring short promotional candidate from captured page text,quote_extracted,200,no,,2026-05-15T00:17:23+00:00
36,https://xphozah-hcp.com,https://www.xphozah-hcp.com/,XPHOZAH (tenapanor) Tablets,tenapanor,Ardelyx,XPHOZAH Is the First FDA-Approved Phosphate Absorption Inhibitor.,8,meta:description,differentiation,differentiation,Request a Rep; Get Started; Explore efficacy,Highest-scoring short promotional candidate from captured page text,quote_extracted,200,no,,2026-05-15T00:17:26+00:00
37,https://www.lumryzhcp.com,https://www.lumryzhcp.com/,LUMRYZ,,,What patients are saying about LUMRYZ,6,h1,patient fit,patient fit,REQUEST A REPRESENTATIVE; Explore efficacy; Send a request regarding your information,Highest-scoring short promotional candidate from captured page text,quote_extracted,200,no,,2026-05-15T00:17:23+00:00
38,https://epsolay.com/hcp,https://www.epsolay.com/hcp,E-BPO,benzoyl peroxide,,What patients will want to know about EPSOLAY cream,9,h2,patient fit,patient fit,Explore; Explore EPSOLAY cream; Explore the data,Highest-scoring short promotional candidate from captured page text,quote_extracted,200,no,,2026-05-15T00:17:23+00:00
39,https://vevye.com/hcp,https://vevye.com/hcp,VEVYE,cyclosporine ophthalmic solution 0.1%,Harrow,Eligible commercial patients may receive their first prescription for as little as $0 †,13,body:p,differentiation; patient fit,differentiation,Preclinical Results See the Data; Phase 2 Head-to-head See The Data; Phase 3 Results See The Data,Highest-scoring short promotional candidate from captured page text,quote_extracted,200,no,,2026-05-15T00:17:23+00:00
40,https://abecmahcp.com,https://www.abecmahcp.com/,ABECMA,idecabtagene vicleucel,Bristol Myers Squibb,ABECMA® is a CAR T cell therapy for adult patients with Relapsed/Refractory Multiple Myeloma (RRMM).,16,meta:description,patient fit,patient fit,GET STARTED; EXPLORE THE DATA,Highest-scoring short promotional candidate from captured page text,quote_extracted,200,no,,2026-05-15T00:17:25+00:00
41,https://abilifyasimtufiihcp.com,https://www.abilifyasimtufiihcp.com/,Asimtufii,aripiprazole,Otsuka,"Aim for up to 2 months of long-lasting stability 1,2 * †",11,h1,positioning,brand positioning,Request a Representative; Explore the Pharmacokinetic Data; www.fda.gov/ medwatch,Highest-scoring short promotional candidate from captured page text,quote_extracted,200,no,,2026-05-15T00:17:24+00:00
42,https://abraxanepro.com,https://www.abraxanepro.com/,ABRAXANE® Injectable Suspension,,Bristol Myers Squibb,"ABRAXANE ® is indicated for the first-line treatment of patients with metastatic adenocarcinoma of the pancreas, in combination with gemcitabine.",19,body:p,differentiation; patient fit,differentiation,Overview,Highest-scoring short promotional candidate from captured page text,quote_extracted,200,no,,2026-05-15T00:17:25+00:00
43,https://abrysvoadult.pfizerpro.com,https://abrysvoadult.pfizerpro.com/,Official,Respiratory Syncytial Virus Vaccine,Pfizer,ABRYSVO (Respiratory Syncytial Virus Vaccine) helps protect against respiratory syncytial virus (RSV) in adults 60 years & older.,17,meta:description,efficacy; patient fit,efficacy/outcome,,Highest-scoring short promotional candidate from captured page text,quote_extracted,200,no,,2026-05-15T00:17:23+00:00
44,https://actharhcp.com,https://actharhcp.com,,repository corticotropin injection,,,,,,,,,no_quote_extracted,error,yes,"SSLError: HTTPSConnectionPool(host='actharhcp.com', port=443): Max retries exceeded with url: / (Caused by SSLError(SSLCertVerificationError(1, '[SSL: CERTIFICATE_VERIFY_FAILED] certificate verify failed: unable to get local issue",2026-05-15T00:17:23+00:00
45,https://actimmunehcp.com,https://www.actimmunehcp.com/,ACTIMMUNE,interferon gamma-1b,Amgen,"Provide protection with ACTIMMUNE, the only FDA-approved therapy indicated for reducing the frequency and severity of serious infections* associated with chronic granulomatous disease (CGD).",24,body:p,efficacy; differentiation,efficacy/outcome,Clinical Overview; Request a Representative; Sign Up for Updates,Highest-scoring short promotional candidate from captured page text,quote_extracted,200,no,,2026-05-15T00:17:25+00:00
46,https://activase.com,https://www.activase.com/,ACTIVASE,alteplase,Genentech,Consider whether your patients' symptoms could result in long-term disability,10,h1,patient fit,patient fit,Clinical Overview; Downloadable Resources,Highest-scoring short promotional candidate from captured page text,quote_extracted,200,no,,2026-05-15T00:17:26+00:00
47,https://adbryhcp.com,https://www.adbryhcp.com/,ADBRY,tralokinumab-Idrm,LEO Pharma Inc,"Get information on Adbry®, a prescription medicine for adolescents (12+) and adults with uncontrolled, moderate-to-severe eczema (atopic dermatitis).",18,meta:description,efficacy; patient fit,efficacy/outcome,Sign Up; VIEW DOSING,Highest-scoring short promotional candidate from captured page text,quote_extracted,200,no,,2026-05-15T00:17:27+00:00
48,https://advatepro.com,https://www.advatepro.com/,ADVATE,Recombinant,Takeda,ADVATE dosing can be personalized for your patients based on their factor VIII replacement therapy needs.,16,h2,convenience; patient fit,convenience/dosing,Request a Rep; Learn More About ADVATE; SEE THE DATA,Highest-scoring short promotional candidate from captured page text,quote_extracted,200,no,,2026-05-15T00:17:25+00:00
49,https://adynovatepro.com,https://www.adynovatepro.com/,Adynovate,Recombinant,Takeda,ADYNOVATE—a treatment that's approved in children and adults with hemophilia A 1,13,h2,patient fit,patient fit,Watch the MOA video; Explore safety data; See the data,Highest-scoring short promotional candidate from captured page text,quote_extracted,200,no,,2026-05-15T00:17:25+00:00
50,https://alphanate.com,https://www.alphanate.com/en/patients,VIII,antihemophilic factor/von Willebrand factor complex [human],Grifols,ALPHANATE is a trusted treatment for patients with hemophilia A or von Willebrand disease (VWD) 1,16,h2,patient fit,patient fit,Learn More; Sign Up to Receive a Brochure; Learn more about hemophilia A,Highest-scoring short promotional candidate from captured page text,quote_extracted,200,no,,2026-05-15T00:17:31+00:00
51,https://alymsys.us,https://alymsys.us/wp-content/uploads/2022/10/ALYMSYS-Bevacizumab-Injection-PI-Rev-04-2022-012.pdf,ALYMSYS,bevacizumab-maly,Amneal,,,,,,,,no_quote_extracted,200,yes,No HTML body captured,2026-05-15T00:17:26+00:00
52,https://amvuttrahcp.com,https://www.amvuttrahcp.com/,AMVUTTRA,vutrisiran,Alnylam,AMVUTTRA® (vutrisiran) is the first and only silencer approved for ATTR-CM and hATTR-PN in adults.,15,meta:description,differentiation; patient fit,differentiation,ATTR Overview; Sign up; Explore the data,Highest-scoring short promotional candidate from captured page text,quote_extracted,200,no,,2026-05-15T00:17:26+00:00
53,https://anorohcp.com,https://www.anorohcp.com/,ANORO ELLIPTA,umeclidinium/vilanterol,GSK,ANORO vs SPIRIVA: Efficacy,4,h2,efficacy,efficacy/outcome,Request Samples; EXPLORE THE HEAD-TO-HEAD DATA; www.fda.gov/medwatch,Highest-scoring short promotional candidate from captured page text,quote_extracted,200,no,,2026-05-15T00:17:26+00:00
54,https://apligraf.com,https://www.apligraf.com/,ApligrafÂ® Living Cellular Skin,,Novartis,"For more than 20 years, Apligraf has been the gold standard in healing",13,h2,positioning,brand positioning,Sign up for email updates; Apligraf overview; View Medicare coverage details,Highest-scoring short promotional candidate from captured page text,quote_extracted,200,no,"Page may be gated, blocked, or JavaScript dependent",2026-05-15T00:17:26+00:00
55,https://aponvie.com,https://aponvie.com/,Aponvie,,Heron,APONVIE® (aprepitant) is the first and only IV NK1 antagonist for the prevention of postoperative nausea and vomiting (PONV) in adults.,21,meta:description,efficacy; differentiation; patient fit,efficacy/outcome,www.fda.gov/medwatch,Highest-scoring short promotional candidate from captured page text,quote_extracted,200,no,,2026-05-15T00:17:26+00:00
56,https://apretudehcp.com,https://apretudehcp.com/,APRETUDE,cabotegravir 200 mg/mL,,"Discover APRETUDE (cabotegravir 200 mg/mL), an HIV prevention treatment.",10,meta:description,efficacy,efficacy/outcome,View head-to-head data; View adherence data; Learn more,Highest-scoring short promotional candidate from captured page text,quote_extracted,200,no,,2026-05-15T00:17:26+00:00
57,https://aristadahcp.com,https://www.aristadahcp.com/,ARISTADA,aripiprazole lauroxil,Alkermes,"Help patients start their LAI treatment course in a single day 1,2",13,h1,convenience; patient fit,convenience/dosing,Request a Rep; View Patient Site; Explore Dosing & Administration,Highest-scoring short promotional candidate from captured page text,quote_extracted,200,no,,2026-05-15T00:17:26+00:00
58,https://asparlas.com/hcp,https://asparlas.com/hcp,ASPARLAS,calaspargase pegol-mknl,Servier,,,,,,,,no_quote_extracted,error,yes,"SSLError: HTTPSConnectionPool(host='www.asparlas.com', port=443): Max retries exceeded with url: /hcp (Caused by SSLError(SSLCertVerificationError(1, '[SSL: CERTIFICATE_VERIFY_FAILED] certificate verify failed: unable to get local",2026-05-15T00:17:26+00:00
59,https://attrubyhcp.com,https://attrubyhcp.com/,ATTRUBY,acoramidis,BridgeBio Cardio,"Explore Attruby®, a treatment option for adult patients with ATTR-CM.",10,meta:description,patient fit,patient fit,Request a Rep,Highest-scoring short promotional candidate from captured page text,quote_extracted,200,no,,2026-05-15T00:17:26+00:00
60,https://augtyrohcp.com,https://www.augtyrohcp.com/,AUGTYRO® (repotrectinib),repotrectinib,Bristol Myers Squibb,AUGTYRO®(repotrectinib) for adult patients with ROS1+ NSCLC.,8,meta:description,patient fit,patient fit,REQUEST A REP; LEARN MORE →,Highest-scoring short promotional candidate from captured page text,quote_extracted,200,no,,2026-05-15T00:17:26+00:00
61,https://austedohcp.com,https://www.austedohcp.com/,Official,suicidality,Teva,"with one pill, once-daily austedo xr 1",7,h2,convenience,convenience/dosing,Request a Rep,Highest-scoring short promotional candidate from captured page text,quote_extracted,200,no,,2026-05-15T00:17:27+00:00
62,https://auvi-q.com/hcp,https://www.auvi-q.com/hcp,,,,"AUVI-Q® (epinephrine injection, USP) for Healthcare Professionals",7,title,positioning,brand positioning,,Highest-scoring short promotional candidate from captured page text,quote_extracted,200,no,,2026-05-15T00:17:26+00:00
63,https://avycaz.com,https://www.avycaz.com/,AVYCAZ,ceftazidime and avibactam,AbbVie,,,,,,,,no_quote_extracted,403,yes,No short promotional candidate found in captured page text,2026-05-15T00:17:26+00:00
64,https://bavencio.com,https://bavencio.com,BAVENCIO,avelumab,EMD Serono/Pfizer,,,,,,,,no_quote_extracted,error,yes,"ConnectTimeout: HTTPSConnectionPool(host='bavencio.com', port=443): Max retries exceeded with url: / (Caused by ConnectTimeoutError(<urllib3.connection.HTTPSConnection object at 0x11013a420>, 'Connection to bavencio.com timed out. (conn",2026-05-15T00:18:44+00:00
65,https://benlystahcp.com,https://www.benlystahcp.com/,BENLYSTA,belimumab,GSK,Learn how BENLYSTA works and reduced disease activity in patients with lupus and lupus nephritis.,15,meta:description,efficacy; patient fit,efficacy/outcome,Request a Rep; www.fda.gov/medwatch; Request a Rep now,Highest-scoring short promotional candidate from captured page text,quote_extracted,200,no,,2026-05-15T00:17:26+00:00
66,https://berinert.com,https://www.berinert.com/,Berinert,Human,CSL Behring,"Fast, Sustained Relief Address the Root Cause Individualized Dosing Proven Safety Profile",12,body:li,efficacy; convenience,efficacy/outcome,Learn more; www.fda.gov/medwatch,Highest-scoring short promotional candidate from captured page text,quote_extracted,200,no,,2026-05-15T00:17:27+00:00
67,https://besivancepro.com,https://www.besivancepro.com/,Besivance,,Bausch,Discover Bausch + Lomb's BESIVANCE® (besifloxacin ophthalmic suspension) 0.6%.,9,meta:description,positioning,brand positioning,,Highest-scoring short promotional candidate from captured page text,quote_extracted,200,no,,2026-05-15T00:17:26+00:00
68,https://betaseron.com,https://www.betaseron.com/,,,,to start registration process of a harmless bot.,8,body:p,positioning,brand positioning,,Highest-scoring short promotional candidate from captured page text,quote_extracted,403,no,"Page may be gated, blocked, or JavaScript dependent",2026-05-15T00:17:29+00:00
69,https://biktarvyhcp.com,https://www.biktarvyhcp.com/,BIKTARVY,"bictegravir, emtricitabine, and tenofovir alafenamide",Gilead Sciences,"Find HCP info about BIKTARVY® (bictegravir, emtricitabine, tenofovir alafenamide).",9,meta:description,positioning,brand positioning,Explore the BIKTARVY resistance overview; Explore BIKTARVY safety data; Explore now,Highest-scoring short promotional candidate from captured page text,quote_extracted,200,no,,2026-05-15T00:17:27+00:00
70,https://bkemv.com,https://www.bkemv.com/,BKEMV,eculizumab-aeeb,,"BKEMV<sup>®</sup> is indicated to treat patients with PNH, aHUS, & gMG.",12,meta:description,patient fit,patient fit,REVIEW MORE COVERAGE INFORMATION; See the data,Highest-scoring short promotional candidate from captured page text,quote_extracted,200,no,,2026-05-15T00:17:26+00:00
71,https://blincytohcp.com,https://www.blincytohcp.com/,BLINCYTO,blinatumomab,Amgen,"At 3 years, 84.8% of patients in the BLINCYTO ® arm (n=112) vs 69.0% in the chemotherapy only arm (n=112) were alive",25,body:li,differentiation; patient fit,differentiation,,Highest-scoring short promotional candidate from captured page text,quote_extracted,200,no,,2026-05-15T00:17:28+00:00
72,https://blujepahcp.com,https://blujepahcp.com/,Uncomplicated UTI,gepotidacin,GSK,"Discover BLUJEPA, a first-in-class antibiotic treatment for patients with uncomplicated urinary tract infections.",13,meta:description,differentiation; patient fit,differentiation,SIGN UP TO STAY INFORMED; SIGN UP NOW; www.fda.gov/medwatch,Highest-scoring short promotional candidate from captured page text,quote_extracted,200,no,,2026-05-15T00:17:26+00:00
73,https://botoxcosmetichcp.com,https://www.botoxcosmetichcp.com/,Cosmetic,onabotulinumtoxinA,AbbVie,The only & only BOTOX ® Cosmetic,5,h1,differentiation,differentiation,Watch video; Learn More,Highest-scoring short promotional candidate from captured page text,quote_extracted,200,no,,2026-05-15T00:17:29+00:00
74,https://botoxone.com,https://www.botoxone.com/,BOTOX,onabotulinumtoxinA,AbbVie,Invite all your BOTOX ® patients to enroll in BOTOX ® Complete,10,h2,differentiation; patient fit,differentiation,Sign up; Request a Rep; LEARN MORE,Highest-scoring short promotional candidate from captured page text,quote_extracted,200,no,,2026-05-15T00:17:30+00:00
75,https://breyanzihcp.com,https://www.breyanzihcp.com/,BREYANZI,lisocabtagene maraleucel,Bristol Myers Squibb,Breyanzi is the one CAR T to bring hope for remission to more patients,14,h1,efficacy; patient fit,efficacy/outcome,,Highest-scoring short promotional candidate from captured page text,quote_extracted,200,no,,2026-05-15T00:17:31+00:00
76,https://breztrihcp.com,https://www.breztrihcp.com/,BREZTRI,"budesonide, glycopyrrolate, and formoterol fumarate",AstraZeneca,BREZTRI ACTS FAST* WITH PROTECTION THAT LASTS 1-3,8,h1,efficacy,efficacy/outcome,Request a Rep; Explore Asthma Clinical Data; Learn More Now,Highest-scoring short promotional candidate from captured page text,quote_extracted,200,no,,2026-05-15T00:17:29+00:00
77,https://brilintahcp.com,https://www.brilintahcp.com/,BRILINTA,ticagrelor,AstraZeneca,"Following ACS, BRILINTA is superior to clopidogrel for at least the first 12 months 1",15,h2,differentiation,differentiation,REQUEST A REP,Highest-scoring short promotional candidate from captured page text,quote_extracted,200,no,,2026-05-15T00:17:29+00:00
78,https://brukinsa.com,https://brukinsa.com/,BRUKINSA® (zanubrutinib) BTK Inhibitor,zanubrutinib,,CLEARLY BRUKINSA to help you take control,7,h1,efficacy,efficacy/outcome,LEARN MORE ABOUT TAKING BRUKINSA,Highest-scoring short promotional candidate from captured page text,quote_extracted,200,no,,2026-05-15T00:17:27+00:00
79,https://cabenuvahcp.com,https://cabenuvahcp.com/,Cabenuva,cabotegravir; rilpivirine,ViiV Healthcare or licensor. PMUS-CBRWCNT260004 April 2026 Pr,"Explore key efficacy and safety data, dosing information, and how to identify the right patients for CABENUVA (cabotegravir; rilpivirine).",19,meta:description,efficacy; convenience; patient fit,efficacy/outcome,,Highest-scoring short promotional candidate from captured page text,quote_extracted,200,no,,2026-05-15T00:17:27+00:00
80,https://cabometyxhcp.com,https://www.cabometyxhcp.com:443/,CABOMETYX,cabozantinib,,"CABOMETYX, in combination with nivolumab, is indicated for the first-line treatment of patients with advanced renal cell carcinoma (RCC).",19,body:p,differentiation; patient fit,differentiation,View All Indications; Sign Up; Downloadable Resources,Highest-scoring short promotional candidate from captured page text,quote_extracted,200,no,,2026-05-15T00:17:29+00:00
81,https://camcevihcp.com,https://www.camcevihcp.com/,CAMCEVI,leuprolide mesylate,Accord BioPharma,PATIENTS HAVE BEEN TREATED WITH CAMCEVI 3,7,h2,patient fit,patient fit,Request a Rep; Explore the details; Explore events,Highest-scoring short promotional candidate from captured page text,quote_extracted,200,no,,2026-05-15T00:17:30+00:00
82,https://camzyoshcp.com,https://www.camzyoshcp.com/,CAMZYOS,mavacamten,Bristol Myers Squibb,CAMZYOS® is a treatment option for adult patients with symptomatic Class II-III obstructive hypertrophic cardiomyopathy (HCM).,16,meta:description,patient fit,patient fit,oHCM Overview; Request a Rep; See the data >,Highest-scoring short promotional candidate from captured page text,quote_extracted,200,no,,2026-05-15T00:17:30+00:00
83,https://carbaglu.com,https://www.carbaglu.com/,CARBAGLU,carglumic acid,Recordati Rare Diseases,Carbaglu ® (carglumic acid) tablets for oral suspension 200 mg is a prescription medicine used in adults and children to,19,body:p,convenience; patient fit,convenience/dosing,,Highest-scoring short promotional candidate from captured page text,quote_extracted,200,no,,2026-05-15T00:17:31+00:00
84,https://cinvanti.com,https://cinvanti.com/,CINVANTI® (aprepitant) injectable emulsion,aprepitant,Merck,"CINVANTI ® is the only IV NK 1 RA that provides operational efficiency advantages due to 2-minute IV Push 1,2",20,h1,differentiation,differentiation,CINVANTI Overview; Download Library; www.fda.gov/medwatch,Highest-scoring short promotional candidate from captured page text,quote_extracted,200,no,,2026-05-15T00:17:29+00:00
85,https://clozaril.com,https://clozaril.com/,Clozaril,,Novartis,The recommended starting oral dosage of CLOZARIL is 12.5 mg once or twice daily.,15,body:li,convenience,convenience/dosing,https://www.fda.gov/medwatch,Highest-scoring short promotional candidate from captured page text,quote_extracted,200,no,,2026-05-15T00:17:29+00:00
86,https://cobenfyhcp.com,https://www.cobenfyhcp.com/,COVERED,xanomeline and trospium chloride,Bristol Myers Squibb,"For healthcare providers: Review COBENFY™ (xanomeline and trospium chloride) clinical data, safety, and dosing for adult patients with schizophrenia.",19,meta:description,convenience; patient fit,convenience/dosing,View Patient Site; Request a Sample; Downloadable Resources,Highest-scoring short promotional candidate from captured page text,quote_extracted,200,no,,2026-05-15T00:17:32+00:00
87,https://comirnatyhcp.pfizerpro.com,https://comirnatyhcp.pfizerpro.com/,COMIRNATY,"COVID-19 Vaccine, mRNA",Pfizer and BioNTech,Info on COMIRNATY for people 65 & older and 5,9,meta:description,positioning,brand positioning,,Highest-scoring short promotional candidate from captured page text,quote_extracted,200,no,,2026-05-15T00:17:30+00:00
88,https://cosela.com,https://www.cosela.com/,COSELA,trilaciclib,G1 Therapeutics,The First and Only Proactive Multilineage Myeloprotection Therapy,8,h2,efficacy; differentiation,efficacy/outcome,Request Information; Watch Videos >; Explore the MOA >,Highest-scoring short promotional candidate from captured page text,quote_extracted,200,no,,2026-05-15T00:17:32+00:00
89,https://cosentyxhcp.com,https://www.cosentyxhcp.com/,COSENTYX,secukinumab,Novartis,Eligible patients may pay as little as $0 for COSENTYX,10,body:p,patient fit,patient fit,Explore local insurance coverage a,Highest-scoring short promotional candidate from captured page text,quote_extracted,200,no,,2026-05-15T00:17:32+00:00
90,https://crenessity.com,https://www.crenessity.com/,Crenessity,crinecerfont,Endo,Start the conversation about CRENESSITY.,5,h2,positioning,brand positioning,Sign up for updates; Learn more; www.fda.gov/medwatch,Highest-scoring short promotional candidate from captured page text,quote_extracted,200,no,,2026-05-15T00:17:32+00:00
91,https://crexonthcp.com,https://crexonthcp.com/,Crexont,,"Amneal Pharmaceuticals LLC. Distributed by Amneal Specialty,","CREXONT® (carbidopa and levodopa) extended-release capsules, a treatment option for your patients with Parkinson's disease 1,2",17,h2,patient fit,patient fit,Request a Rep; Learn more >; Explore the mechanism of action,Highest-scoring short promotional candidate from captured page text,quote_extracted,200,no,,2026-05-15T00:17:29+00:00
92,https://cuprimine.com,https://www.cuprimine.com/,,penicillamine,Bausch,Find information on the WD Rx Access Program for CUPRIMINE ® by clicking below.,13,h1,positioning,brand positioning,Learn More >; www.fda.gov/medwatch,Highest-scoring short promotional candidate from captured page text,quote_extracted,200,no,,2026-05-15T00:17:32+00:00
93,https://daliresphcp.com,https://www.daliresphcp.com/,DALIRESP,roflumilast,AstraZeneca,DALIRESP 250 mcg is a starting dose for the first 4 weeks of treatment only and is not the effective (therapeutic) dose,22,body:p,efficacy; differentiation,efficacy/outcome,LEARN MORE »; VIEW DALIRESP EFFICACY DATA; VIEW DALIRESP SAFETY PROFILE,Highest-scoring short promotional candidate from captured page text,quote_extracted,200,no,,2026-05-15T00:17:33+00:00
94,https://darzalexhcp.com,https://www.darzalexhcp.com/,DARZALEX,daratumumab,Janssen,DARZALEX® & DARZALEX FASPRO® are treatments for newly diagnosed and previously treated patients with multiple myeloma.,15,meta:description,patient fit,patient fit,Explore a DRd Regimen; CHOOSE REGIMEN Explore a DRd Regimen; Explore a DVRd Regimen,Highest-scoring short promotional candidate from captured page text,quote_extracted,200,no,,2026-05-15T00:17:32+00:00
95,https://definityimaging.com,https://definityimaging.com/,DEFINITY,Perflutren Lipid Microsphere,Lantheus,"Explore DEFINITY® for high-resolution ultrasound imaging in suboptimal echocardiograms, designed to enhance clinical insights and improve patient management.",18,meta:description,efficacy; differentiation,efficacy/outcome,Sign Up for Mailing List; Review DEFINITY® efficacy; Sign up,Highest-scoring short promotional candidate from captured page text,quote_extracted,200,no,,2026-05-15T00:17:31+00:00
96,https://descovy.com,https://www.descovy.com/,DESCOVY PrEP® (pre,pre-exposure prophylaxis,Gilead,"If you have HIV-1 and take only DESCOVY, your HIV-1 may become harder to treat now and in the future.",20,body:li,differentiation,differentiation,Watch their videos now; Watch to learn more; Sign up now,Highest-scoring short promotional candidate from captured page text,quote_extracted,200,no,,2026-05-15T00:17:33+00:00
97,https://descovyhcp.com,https://www.descovyhcp.com/,Descovy,emtricitabine/tenofovir alafenamide,Gilead,A proven HIV prevention option they can love.,8,h1,efficacy,efficacy/outcome,EXPLORE EFFICACY DATA; REVIEW SAFETY PROFILE; VIEW CO-PAY SUPPORT,Highest-scoring short promotional candidate from captured page text,quote_extracted,200,no,,2026-05-15T00:17:34+00:00
98,https://dojolvihcp.com,https://www.dojolvihcp.com/,DOJOLVI,triheptanoin,,DOJOLVI (triheptanoin) is the first and only FDA-approved treatment for LC-FAOD.,11,h1,differentiation,differentiation,Downloadable Materials; Download Start Form; www.fda.gov/medwatch,Highest-scoring short promotional candidate from captured page text,quote_extracted,200,no,,2026-05-15T00:17:34+00:00
99,https://dovatohcp.com,https://www.dovatohcp.com/,DOVATO,dolutegravir and lamivudine,ViiV Healthcare,Discover DOVATO (dolutegravir/lamivudine) a treatment for HIV-1 infection in treatment-naïve & virologically suppressed patients.,14,meta:description,patient fit,patient fit,www.fda.gov/medwatch,Highest-scoring short promotional candidate from captured page text,quote_extracted,200,no,,2026-05-15T00:17:34+00:00
100,https://dupixenthcp.com,https://dupixenthcp.com,DUPIXENT,dupilumab,,,,,,,,,no_quote_extracted,error,yes,"ConnectTimeout: HTTPSConnectionPool(host='dupixenthcp.com', port=443): Max retries exceeded with url: / (Caused by ConnectTimeoutError(<urllib3.connection.HTTPSConnection object at 0x11284fe30>, 'Connection to dupixenthcp.com timed out.",2026-05-15T00:17:49+00:00
101,https://dysport.com,https://www.dysport.com/en-us,DYSPORT,abobotulinumtoxinA,Ipsen,Dysport is an injection approved for the treatment of spasticity in patients 2 years of age and older and cervical dystonia in adults.,23,body:p,patient fit,patient fit,Learn More; Adult Spasticity Learn More; Adult Cervical Dystonia Learn More,Highest-scoring short promotional candidate from captured page text,quote_extracted,200,no,,2026-05-15T00:17:34+00:00
102,https://dysportusa.com,https://www.dysportusa.com/,Dysport,abobotulinumtoxinA,Galderma,Discover the beauty of self-expression with Dysport®.,7,meta:description,positioning,brand positioning,View gallery; Explore Sculptra®; Explore Restylane®,Highest-scoring short promotional candidate from captured page text,quote_extracted,200,no,,2026-05-15T00:17:34+00:00
103,https://empavelihcp.com,https://empavelihcp.com/,Empaveli,pegcetacoplan,Apellis,"Explore EMPAVELI as a treatment option for adult patients with PNH and patients (≥12 years old) with C3G or primary IC-MPGN, to reduce proteinuria.",24,meta:description,efficacy; patient fit,efficacy/outcome,Download PDF for PNH; Request a Rep; Request a Rep for PNH,Highest-scoring short promotional candidate from captured page text,quote_extracted,200,no,,2026-05-15T00:17:32+00:00
104,https://emplicitihcp.com,https://www.emplicitihcp.com/,EMPLICITI,elotuzumab,Bristol Myers Squibb,EMPLICITI ® (elotuzumab) is part of triplet combinations for appropriate patients with RRMM 1-3,13,h1,patient fit,patient fit,,Highest-scoring short promotional candidate from captured page text,quote_extracted,200,no,,2026-05-15T00:17:36+00:00
105,https://enjaymohcp.com,https://enjaymohcp.com/,ENJAYMO,sutimlimab-jome,Sanofi,ENJAYMO—THE FIRST AND ONLY APPROVED TREATMENT FOR CAD 1,10,h2,differentiation,differentiation,Get Started Today; Sign Up for Updates; GET STARTED TODAY WITH ENJAYMO,Highest-scoring short promotional candidate from captured page text,quote_extracted,200,no,,2026-05-15T00:17:33+00:00
106,https://enspryng-hcp.com,https://www.enspryng-hcp.com/,ENSPRYNG,satralizumab-mwge,,"When it comes to treating AQP4-IgG(+) NMOSD, dull moments aren’t such a bad thing",15,h1,positioning,brand positioning,Downloadable Resources; Explore the MOA; View safety data,Highest-scoring short promotional candidate from captured page text,quote_extracted,200,no,,2026-05-15T00:17:35+00:00
107,https://entrestohcp.com,https://www.entrestohcp.com/,ENTRESTO,sacubitril/valsartan,Novartis,Discover support and resources to help your patients start on ENTRESTO,11,body:p,patient fit,patient fit,,Highest-scoring short promotional candidate from captured page text,quote_extracted,200,no,,2026-05-15T00:17:35+00:00
108,https://entyviohcp.com,https://www.entyviohcp.com/,ENTYVIO® (vedolizumab),vedolizumab,Takeda,The only gut-focused biologic * for Crohn’s and UC,9,h1,differentiation,differentiation,Request a Rep; Review the MOA; Explore Support,Highest-scoring short promotional candidate from captured page text,quote_extracted,200,no,,2026-05-15T00:17:35+00:00
109,https://envarsusxr.com,https://www.envarsusxr.com/,Envarsusxr,lymphoma,,Keep Your Future in Focus,5,h1,positioning,brand positioning,Explore Resources; www.fda.gov/medwatch,Highest-scoring short promotional candidate from captured page text,quote_extracted,200,no,,2026-05-15T00:17:36+00:00
110,https://epidiolexhcp.com,https://www.epidiolexhcp.com/,LGS,cannabidiol,Jazz,"For your patients living with LGS, Dravet syndrome, and TSC 1 year and older.",14,h2,patient fit,patient fit,Downloads,Highest-scoring short promotional candidate from captured page text,quote_extracted,200,no,,2026-05-15T00:17:35+00:00
111,https://equetro.com/professionals,https://equetro.com/professionals,EQUETRO,carbamazepine,Validus Pharmaceuticals,,,,,,,,no_quote_extracted,200,yes,No short promotional candidate found in captured page text,2026-05-15T00:17:34+00:00
112,https://erleadahcp.com,https://www.erleadahcp.com/,THE,,Janssen,THOUGHT LEADER SERIES: REAL-WORLD EVIDENCE IN THE TREATMENT OF mCSPC,10,h2,positioning,brand positioning,Request a Rep; See the data,Highest-scoring short promotional candidate from captured page text,quote_extracted,200,no,,2026-05-15T00:17:37+00:00
113,https://esbriethcp.com,https://esbriethcp.com/,ESBRIET,pirfenidone,Genentech,See how Esbriet may help slow IPF >,7,h2,positioning,brand positioning,Explore IPF clinical results data >; www.fda.gov/medwatch,Highest-scoring short promotional candidate from captured page text,quote_extracted,200,no,,2026-05-15T00:17:34+00:00
114,https://evkeezahcp.com,https://www.evkeezahcp.com/s/,HoFH,evinacumab-dgnb,,Find out if EVKEEZA could be right for your appropriate patients.,11,meta:og:description,patient fit,patient fit,,Highest-scoring short promotional candidate from captured page text,quote_extracted,200,no,,2026-05-15T00:17:37+00:00
115,https://fabhalta-hcp.com,https://www.fabhalta-hcp.com/,PNH,paroxysmal nocturnal hemoglobinuria,Novartis,Adults with PNH (paroxysmal nocturnal hemoglobinuria) 1,7,h1,patient fit,patient fit,,Highest-scoring short promotional candidate from captured page text,quote_extracted,200,no,,2026-05-15T00:17:37+00:00
116,https://fasenrahcp.com,https://www.fasenrahcp.com/,FASENRA,SEA,,MOVE FORWARD AND AIM FOR SUSTAINED CONTROL,7,h1,efficacy,efficacy/outcome,View Patient Website; Request a Rep; View HCP Website,Highest-scoring short promotional candidate from captured page text,quote_extracted,200,no,,2026-05-15T00:17:38+00:00
117,https://fetroja.com,https://www.fetroja.com/,FETROJA,cefiderocol,Shionogi,For HABP/VABP and cUTI proven or strongly suspected to be caused by susceptible bacteria 1 OUTSMART RESISTANCE,18,h1,positioning,brand positioning,Request a Rep; DOWNLOADABLE RESOURCES; Send my request,Highest-scoring short promotional candidate from captured page text,quote_extracted,200,no,,2026-05-15T00:18:18+00:00
118,https://firdapsehcp.com,https://firdapsehcp.com/,FIRDAPSE,amifampridine,Catalyst Pharmaceuticals,FIRDAPSE® (amifampridine) is the recommended first-line treatment for patients diagnosed with Lambert-Eaton myasthenic syndrome (LEMS).,15,meta:description,differentiation; patient fit,differentiation,Request a Rep; Learn More; www.fda.gov/medwatch,Highest-scoring short promotional candidate from captured page text,quote_extracted,200,no,,2026-05-15T00:17:34+00:00
119,https://gamifant.com,https://www.gamifant.com/,GAMIFANT,emapalumab-lzsg,Sobi,"In one-third of these patients, the infusion-related reaction occurred during the first infusion.",13,body:p,differentiation; patient fit,differentiation,Learn more,Highest-scoring short promotional candidate from captured page text,quote_extracted,200,no,,2026-05-15T00:17:38+00:00
120,https://giapreza.com,https://giapreza.com/,Giapreza,angiotensin II,Innoviva Specialty Therapeuticsâ¢,Connect with a GIAPREZA sales representative for information and support.,10,h2,positioning,brand positioning,Request a Rep & Updates; Learn more; Request A Rep,Highest-scoring short promotional candidate from captured page text,quote_extracted,200,no,,2026-05-15T00:17:36+00:00
121,https://gimotirxhcp.com,https://gimotirxhcp.com/,DGP,,EVOKE PHARMA,FOR DIABETIC GASTROPARESIS REROUTE TO RELIEF with GIMOTI,8,h1,efficacy,efficacy/outcome,View our only pharmacy; Explore clinical data; www.FDA.gov/medwatch,Highest-scoring short promotional candidate from captured page text,quote_extracted,200,no,,2026-05-15T00:17:36+00:00
122,https://gocovrihcp.com,https://www.gocovrihcp.com/,ADS-5102,amantadine,,GOCOVRI ® is the only medication proven to reduce both in patients with Parkinson's disease for more GOOD ON time .,19,body:p,efficacy; differentiation; patient fit,efficacy/outcome,Request a Representative; Request A Rep; Watch More Peer Perspectives,Highest-scoring short promotional candidate from captured page text,quote_extracted,200,no,,2026-05-15T00:17:39+00:00
123,https://halaven.com,https://www.halaven.com/en/metastatic-breast-cancer,HALAVEN,eribulin mesylate,Eisai,"Please review, then scroll to bottom and tap “Continue” to go to site",13,h1,positioning,brand positioning,Learn more about the results; download an enrollment form; www.fda.gov/medwatch,Highest-scoring short promotional candidate from captured page text,quote_extracted,200,no,,2026-05-15T00:17:40+00:00
124,https://hcp.avonex.com,https://hcp.avonex.com/,AVONEX,interferon beta-1a,Biogen,Patients with RMS who start on AVONEX tend to stay on AVONEX 3,13,h1,patient fit,patient fit,Download Start Form; Sign up; Get Started,Highest-scoring short promotional candidate from captured page text,quote_extracted,200,no,,2026-05-15T00:17:37+00:00
125,https://hcp.cerdelga.com,https://pro.campus.sanofi/us/products/cerdelga,CERDELGA,eliglustat,Sanofi,Cerdelga is the ONLY first-line oral therapy indicated for the long-term treatment of most naive and switch adult patients with Gaucher disease type 1.,24,body:p,differentiation; convenience; patient fit,differentiation,Request a Rep,Highest-scoring short promotional candidate from captured page text,quote_extracted,200,no,,2026-05-15T00:17:40+00:00
126,https://hcp.elfabrio.com,https://hcp.elfabrio.com/,Elfabrio® (pegunigalsidase alfa,pegunigalsidase alfa-iwxj,Chiesi,Which patients would you consider for Elfabrio?,7,h2,patient fit,patient fit,View the BALANCE clinical data; Review the BALANCE data; Review the NAÏVE data,Highest-scoring short promotional candidate from captured page text,quote_extracted,200,no,,2026-05-15T00:17:37+00:00
127,https://hcp.emflaza.com,https://hcp.emflaza.com/,Emflaza,,"PTC Therapeutics, Inc",EMFLAZA® (deflazacort) is the first & only FDA-approved corticosteroid for boys with Duchenne muscular dystrophy as young as age 2.,19,meta:description,differentiation,differentiation,Sign up for Updates; See the Data; Download the form,Highest-scoring short promotional candidate from captured page text,quote_extracted,200,no,,2026-05-15T00:17:37+00:00
128,https://hcp.epclusa.com,https://hcp.epclusa.com/,EPCLUSA,sofosbuvir/velpatasvir,AbbVie,See what outcomes ONLY EPCLUSA HAS for chronic HCV patients.,10,h2,differentiation; patient fit,differentiation,Learn More; View All,Highest-scoring short promotional candidate from captured page text,quote_extracted,200,no,,2026-05-15T00:17:37+00:00
129,https://hcp.euflexxa.com,https://hcp.euflexxa.com/,EUFLEXXA,1% sodium hyaluronate,Ferring Pharmaceuticals,You have selected to go to the healthcare professional website.,10,h2,positioning,brand positioning,Explore the Results,Highest-scoring short promotional candidate from captured page text,quote_extracted,200,no,,2026-05-15T00:17:38+00:00
130,https://hcp.hyalgan.com,https://hcp.hyalgan.com/,HYALGAN,sodium hyaluronate,Fidia Pharma,2/3 of patients receiving HYALGAN ® reported pain relief each month for 6 months,14,body:li,efficacy; patient fit,efficacy/outcome,,Highest-scoring short promotional candidate from captured page text,quote_extracted,200,no,,2026-05-15T00:17:39+00:00
131,https://hcp.iwilfin.com,https://hcp.iwilfin.com/,IWILFIN,eflornithine,US WorldMeds,IWILFIN is the first and only FDA-approved oral maintenance therapy shown to cut the risk of high-risk neuroblastoma relapse in half.,21,meta:description,differentiation; convenience,differentiation,Learn More about IWILFIN,Highest-scoring short promotional candidate from captured page text,quote_extracted,200,no,,2026-05-15T00:17:38+00:00
132,https://hcp.jakafi.com,https://hcp.jakafi.com/,Jakafi® (ruxolitinib),ruxolitinib,", Incyte",JAKAFI/JAKAFI XR is for treatment of steroid-refractory acute graft-versus-host disease (aGVHD) in adult and pediatric patients 12 years and older.,21,body:p,patient fit,patient fit,,Highest-scoring short promotional candidate from captured page text,quote_extracted,200,no,,2026-05-15T00:17:39+00:00
133,https://hcp.tyblume.com,https://hcp.tyblume.com,Tyblume,,,,,,,,,,no_quote_extracted,error,yes,"ConnectionError: HTTPSConnectionPool(host='hcp.tyblume.com', port=443): Max retries exceeded with url: / (Caused by NameResolutionError(""<urllib3.connection.HTTPSConnection object at 0x112191ee0>: Failed to resolve 'hcp.tyblume.com' ([Er",2026-05-15T00:17:37+00:00
134,https://hcp.yutiq.com,https://hcp.yutiq.com/,,fluocinolone acetonide intravitreal implant,,Delivers sustained corticosteroid therapy for up to 36 months via intravitreal implant.,12,meta:description,efficacy,efficacy/outcome,,Highest-scoring short promotional candidate from captured page text,quote_extracted,200,no,,2026-05-15T00:17:39+00:00
135,https://hemlibra-hcp.com,https://www.hemlibra-hcp.com/,HEMLIBRA,emicizumab-kxwh,Genentech,Discover FDA approved HEMLIBRA® (emicizumab-kxwh) for prophylactic treatment in hemophilia A patients with or without factor VIII inhibitors.,18,meta:description,patient fit,patient fit,See the Data; www.fda.gov/medwatch,Highest-scoring short promotional candidate from captured page text,quote_extracted,200,no,,2026-05-15T00:17:42+00:00
136,https://heplisavbhcp.com,https://www.heplisavbhcp.com/,HEPLISAV,hepatitis B vaccine,Dynavax,Protect your adult patients from hepatitis B virus infection with the HEPLISAV-B® vaccine.,13,meta:description,efficacy; patient fit,efficacy/outcome,Learn More ‍,Highest-scoring short promotional candidate from captured page text,quote_extracted,200,no,,2026-05-15T00:17:42+00:00
137,https://humirapro.com,https://www.humirapro.com/,HUMIRA,adalimumab,AbbVie,A foundation of therapeutic disease management many patients need,9,h1,patient fit,patient fit,,Highest-scoring short promotional candidate from captured page text,quote_extracted,200,no,,2026-05-15T00:17:42+00:00
138,https://ibrance.pfizerpro.com,https://ibrance.pfizerpro.com/,IBRANCEÂ® (palbociclib) HCPs,palbociclib,Pfizer,"Access IBRANCE® (palbociclib) clinical data, dosing guidelines, safety information, & resources for treating HR+/HER2- metastatic breast cancer.",17,meta:description,convenience,convenience/dosing,,Highest-scoring short promotional candidate from captured page text,quote_extracted,200,no,,2026-05-15T00:17:40+00:00
139,https://ilumyapro.com,https://ilumyapro.com/,ILUMYA,,Sun Pharma,Plaque Psoriasis Treatment | ILUMYA® (tildrakizumab-asmn),5,title,positioning,brand positioning,,Highest-scoring short promotional candidate from captured page text,quote_extracted,200,no,,2026-05-15T00:17:39+00:00
140,https://imfinzihcp.com,https://www.imfinzihcp.com/hcp.html/,,durvalumab,,REACH FOR MORE POSSIBILITIES WITH IMFINZI ALONE OR IN COMBINATION WITH IMJUDO,12,h1,positioning,brand positioning,VIEW ALL EARLY-STAGE NSCLC; VIEW ALL; VIEW ALL VIEW ALL,Highest-scoring short promotional candidate from captured page text,quote_extracted,200,no,,2026-05-15T00:17:43+00:00
141,https://invegasustennahcp.com,https://www.invegasustennahcp.com/,INVEGA SUSTENNA,paliperidone palmitate,Janssen,"Rapid disease progression occurs within the first 3-5 years post diagnosis 9,10",13,h2,differentiation,differentiation,Request INVEGA SUSTENNA<sup>®</sup> Samples; Request INVEGA SUSTENNA ® Samples,Highest-scoring short promotional candidate from captured page text,quote_extracted,200,no,,2026-05-15T00:17:42+00:00
142,https://invokanahcp.com,https://www.invokanahcp.com/,INVOKANA,canagliflozin,Janssen,"In adults with DKD* and T2D, INVOKANA®: the first SGLT2i indicated to reduce the risk of 6,7",18,body:p,efficacy; differentiation; patient fit,efficacy/outcome,Request INVOKANA ® samples; Request samples for your patients today,Highest-scoring short promotional candidate from captured page text,quote_extracted,200,no,,2026-05-15T00:17:42+00:00
143,https://jynarquehcp.com,https://www.jynarquehcp.com/,JYNARQUE,tolvaptan,Otsuka,"For your patients at risk for rapidly progressing ADPKD,",9,h1,patient fit,patient fit,www.fda.gov/medwatch,Highest-scoring short promotional candidate from captured page text,quote_extracted,200,no,,2026-05-15T00:17:43+00:00
144,https://kimyrsa.com,https://kimyrsa.com/,Kimyrsa,oritavancin,"Melinta Therapeutics, LLC","KIMYRSA™ is a single-dose 1-hour infusion treatment for ABSSSI including cellulitis, abscesses, and wound infections.",15,meta:description,convenience,convenience/dosing,,Highest-scoring short promotional candidate from captured page text,quote_extracted,200,no,,2026-05-15T00:17:46+00:00
145,https://kyprolis-hcp.com,https://www.kyprolis-hcp.com/,More,,Amgen,proven carfilzomib (KYPROLIS ® ) combinations at first relapse with,8,h2,differentiation,differentiation,LEARN MORE; EXPLORE THE COMBINATIONS; WATCH MORE,Highest-scoring short promotional candidate from captured page text,quote_extracted,200,no,,2026-05-15T00:17:42+00:00
146,https://lenvimahcp.com,https://www.lenvimahcp.com/,DTC,lenvatinib,Eisai,Explore the use of LENVIMA ® in appropriate patients with the following indications,12,h1,patient fit,patient fit,Download the Access and Reimbursement Brochure; www.FDA.gov/medwatch,Highest-scoring short promotional candidate from captured page text,quote_extracted,200,no,,2026-05-15T00:17:44+00:00
147,https://leqviohcp.com,https://www.leqviohcp.com/,LEQVIO,inclisiran,Novartis,"Linda S., LEQVIO patient compensated for her time.",8,h1,positioning,brand positioning,Download Start Form; See the data; Learn more,Highest-scoring short promotional candidate from captured page text,quote_extracted,200,no,,2026-05-15T00:17:43+00:00
148,https://letairis.com,https://www.letairis.com/patients/,LETAIRIS,ambrisentan,Gilead/Kite,To help manage PAH Stay on Track with Letairis,9,h1,positioning,brand positioning,Sign Up For Tips & Tools; www.fda.gov/medwatch,Highest-scoring short promotional candidate from captured page text,quote_extracted,200,no,,2026-05-15T00:17:43+00:00
149,https://lynparzahcp.com,https://www.lynparzahcp.com/,LYNPARZA,olaparib,AstraZeneca / Merck,First-Line Maintenance BRCA m Advanced Ovarian Cancer,7,h2,differentiation,differentiation,,Highest-scoring short promotional candidate from captured page text,quote_extracted,200,no,,2026-05-15T00:17:44+00:00
150,https://lutathera-hcp.com,https://www.lutathera-hcp.com/,GEP,lutetium Lu 177 dotatate,Novartis,"Access HCP information about LUTATHERA, a treatment for SSTR+ gastroenteropancreatic neuroendocrine tumors (GEP-NETs).",13,meta:description,positioning,brand positioning,View full 1L safety results; View full 2L safety results,Highest-scoring short promotional candidate from captured page text,quote_extracted,200,no,,2026-05-15T00:17:44+00:00
151,https://miebo-ecp.com,https://www.miebo-ecp.com/,Official,,Bausch,Review important product information including efficacy and safety.,8,meta:description,efficacy,efficacy/outcome,REQUEST A REP; Sign Up for Updates; Review the data >,Highest-scoring short promotional candidate from captured page text,quote_extracted,200,no,,2026-05-15T00:17:44+00:00
152,https://myoblochcp.com,https://www.myoblochcp.com/,MYOBLOC,"human albumin, sucrose",Supernus,Become a MYOBLOC Premier Partner,5,h2,positioning,brand positioning,Request a Specialist; Download Reference Guide; Explore Injection Support,Highest-scoring short promotional candidate from captured page text,quote_extracted,200,no,"Page may be gated, blocked, or JavaScript dependent",2026-05-15T00:17:44+00:00
153,https://ninlarohcp.com,https://www.ninlarohcp.com/,NINLARO,ixazomib,Takeda Oncology,The NINLARO ® (ixazomib) Regimen* Provides Durable Strength for Your Patients With Relapsed Multiple Myeloma Who May Benefit From Long-term † Proteasome Inhibition 1-3,22,h1,efficacy; patient fit,efficacy/outcome,Request a Rep; Explore NINLARO Efficacy; Download package insert,Highest-scoring short promotional candidate from captured page text,quote_extracted,200,no,,2026-05-15T00:17:44+00:00
154,https://nplatehcp.com,https://www.nplatehcp.com/,NPLATE,romiplostim,Amgen,"Rapid Efficacy That Lasts, No Known Drug Interactions OR Food Restrictions, Opportunity for Treatment-Free Remission 1-3",16,h1,efficacy,efficacy/outcome,,Highest-scoring short promotional candidate from captured page text,quote_extracted,200,no,,2026-05-15T00:17:45+00:00
155,https://nucalahcp.com,https://nucalahcp.com/,NUCALA,mepolizumab,GSK,FLEXIBLE ADMINISTRATION OPTIONS FOR ONCE-MONTHLY* NUCALA DOSING,7,body:p,convenience,convenience/dosing, Request a Rep; Request a Rep now; www.fda.gov/medwatch,Highest-scoring short promotional candidate from captured page text,quote_extracted,200,no,,2026-05-15T00:17:43+00:00
156,https://nuplazidhcp.com,https://www.nuplazidhcp.com/,NUPLAZID® (pimavanserin),pimavanserin,Acadia,"NUPLAZID has a demonstrated safety profile in patients with PD psychosis 2,8",13,body:p,patient fit,patient fit,,Highest-scoring short promotional candidate from captured page text,quote_extracted,200,no,,2026-05-15T00:17:45+00:00
157,https://ocrevus-hcp.com,https://www.ocrevus-hcp.com/,ZUNOVO,,,49% of patients experienced an injection reaction with the first injection.,11,body:p,differentiation; patient fit,differentiation,Sign Up Sign Up; Downloadable Resources; Sign Up,Highest-scoring short promotional candidate from captured page text,quote_extracted,200,no,,2026-05-15T00:17:45+00:00
158,https://omidria.com,https://www.omidria.com/,,phenylephrine and ketorolac,,Delivers the only FDA-approved intracameral NSAID,6,h2,differentiation,differentiation,View the real-world; https://eyewiki.org/A_Review_of_Postoperative_Drops_Used_in_Cataract_Surgery; www.fda.gov/medwatch,Highest-scoring short promotional candidate from captured page text,quote_extracted,200,no,,2026-05-15T00:17:47+00:00
159,https://ongentyshcp.com,https://ongentyshcp.com/,ONGENTYS,opicapone,Neurocrine Biosciences,Optimize Levodopa with ONGENTYS,4,h1,positioning,brand positioning,REQUEST A REP >; Clinical Overview; VIEW EFFICACY,Highest-scoring short promotional candidate from captured page text,quote_extracted,200,no,,2026-05-15T00:17:45+00:00
160,https://opdivohcp.com,https://www.opdivohcp.com/,OPDIVO,nivolumab,Bristol Myers Squibb,"OPDIVO® (nivolumab), in combination with cabozantinib, is indicated for the first-line treatment of adult patients with advanced renal cell carcinoma (RCC).",21,body:p,differentiation; patient fit,differentiation,Request A Rep; View All; View All Advanced RCC Indications,Highest-scoring short promotional candidate from captured page text,quote_extracted,200,no,,2026-05-15T00:17:49+00:00
161,https://orilissa.com,https://www.orilissa.com/,ORILISSA,elagolix,AbbVie,It is unknown how well ORILISSA works while on progestin-only birth control.,12,body:li,efficacy; differentiation,efficacy/outcome,www.fda.gov/medwatch,Highest-scoring short promotional candidate from captured page text,quote_extracted,200,no,,2026-05-15T00:17:48+00:00
162,https://orserduhcp.com,https://www.orserduhcp.com/,ESR1,elacestrant,Endo,A major efficacy endpoint was PFS by BIRC in patients with ESR1 m (n=228).,15,body:p,efficacy; patient fit,efficacy/outcome,www.fda.gov/medwatch,Highest-scoring short promotional candidate from captured page text,quote_extracted,200,no,,2026-05-15T00:17:49+00:00
163,https://otezlapro.com,https://www.otezlapro.com/,Otezla,,Amgen,"Otezla is the only oral therapy for all severities of plaque psoriasis, and active psoriatic arthritis that your patients can start today without delay",24,h2,differentiation; convenience; patient fit,differentiation,Overview; Downloadable Resources; View patient site,Highest-scoring short promotional candidate from captured page text,quote_extracted,200,no,,2026-05-15T00:17:48+00:00
164,https://parsabivhcp.com,https://www.parsabivhcp.com/,,etelcalcetide,Amgen,Parsabiv ® is the first and only IV calcimimetic 1,9,h2,differentiation,differentiation,Downloadable Resources,Highest-scoring short promotional candidate from captured page text,quote_extracted,200,no,,2026-05-15T00:17:48+00:00
165,https://pavblu.com,https://www.pavblu.com/,PAVBLU,aflibercept-ayyh,Amgen,PAVBLU ® THE FIRST AVAILABLE AFLIBERCEPT BIOSIMILAR,6,h2,differentiation,differentiation,LEARN MORE ABOUT BIOSIMILARS; www.fda.gov/medwatch,Highest-scoring short promotional candidate from captured page text,quote_extracted,200,no,,2026-05-15T00:17:49+00:00
166,https://paxlovid.pfizerpro.com,https://paxlovid.pfizerpro.com/,PAXLOVID,within PAXLOVID,Pfizer,"You can help eligible commercially insured patients access PAXLOVID for as little as $0 † and eligible Medicare, Medicaid, and uninsured patients access PAXLOVID for free.",25,body:p,patient fit,patient fit,,Highest-scoring short promotional candidate from captured page text,quote_extracted,200,no,,2026-05-15T00:17:45+00:00
167,https://proliahcp.com,https://www.proliahcp.com/,PROLIA,denosumab,Amgen,"Prolia ® has treated over 26 million women worldwide 1, *",9,h1,positioning,brand positioning,Learn More; View the Prescribing Information,Highest-scoring short promotional candidate from captured page text,quote_extracted,200,no,,2026-05-15T00:17:49+00:00
168,https://radicavahcp.com,https://www.radicavahcp.com/,RADICAVA ORSÂ® (edaravone),edaravone,Endo,Proven Efficacy in an Oral Formulation,6,h2,efficacy; convenience,efficacy/outcome,GET UPDATES & REQUEST A REP; REVIEW NOW; WATCH NOW,Highest-scoring short promotional candidate from captured page text,quote_extracted,200,no,,2026-05-15T00:17:50+00:00
169,https://relizorbhcp.com,http://www.relizorbhcp.com/,Relizorb,including neonates and infants,"Alcresta Therapeutics, Inc",RELiZORB is indicated for use in pediatric (including neonates and infants) and adult patients to hydrolyze fats during enteral feeding.,20,h1,patient fit,patient fit,Watch the videos; Review RELiZORB data; Review case studies,Highest-scoring short promotional candidate from captured page text,quote_extracted,200,no,,2026-05-15T00:17:47+00:00
170,https://www.elevidyshcp.com/,https://www.elevidyshcp.com/,ELEVIDYS,delandistrogene moxeparvovec-rokl,Sarepta,"Without dystrophin, patients experience relentless neuromuscular decline³",7,h2,patient fit,patient fit,Study design overview; EXPLORE MOA; LEARN MORE,Highest-scoring short promotional candidate from captured page text,quote_extracted,200,no,,2026-05-15T00:17:47+00:00
171,https://skyrizihcp.com,https://www.skyrizihcp.com/,SKYRIZI,risankizumab-rzaa,AbbVie,See if SKYRIZI may be right for your patients,9,h2,patient fit,patient fit,,Highest-scoring short promotional candidate from captured page text,quote_extracted,200,no,,2026-05-15T00:17:50+00:00
172,https://stivargahcp.com,https://www.stivargahcp.com/,STIVARGA,regorafenib,Bayer,to start registration process of a harmless bot.,8,body:p,positioning,brand positioning,,Highest-scoring short promotional candidate from captured page text,quote_extracted,403,no,"Page may be gated, blocked, or JavaScript dependent",2026-05-15T00:17:50+00:00
173,https://symtuzahcp.com,https://www.symtuzahcp.com/,SYMTUZA,darunavir/cobicistat/emtricitabine/tenofovir alafenamide,Johnson & Johnson,"Choose SYMTUZA ® for sustained tolerability,* proven efficacy, and a protective resistance barrier 1,2",14,body:p,efficacy,efficacy/outcome,Request Samples; LEARN MORE; EXPLORE THE TOLERABILITY PROFILE OF SYMTUZA ®,Highest-scoring short promotional candidate from captured page text,quote_extracted,200,no,,2026-05-15T00:17:50+00:00
174,https://tepezzahcp.com,https://www.tepezzahcp.com/,TEPEZZA® (teprotumumab,teprotumumab-trbw,Amgen,"Give your patients with Thyroid Eye Disease the keys to doing more of what they love 1,2",18,h2,patient fit,patient fit,Downloads; Request a Representative; Sign Up for Updates,Highest-scoring short promotional candidate from captured page text,quote_extracted,200,no,,2026-05-15T00:17:50+00:00
175,https://tysabrihcp.com,https://www.tysabrihcp.com/,Find,,,"WHEN SELECTING A HIGH-EFFICACY TREATMENT FOR PATIENTS WITH RELAPSING MS, START WITH TYSABRI",13,h1,efficacy; patient fit,efficacy/outcome,Sign Up,Highest-scoring short promotional candidate from captured page text,quote_extracted,200,no,,2026-05-15T00:17:50+00:00
176,https://ubrelvyhcp.com,https://www.ubrelvyhcp.com/,,ubrogepant,AbbVie,See if UBRELVY® is right for your patients.,8,meta:description,patient fit,patient fit,REQUEST A REP; REQUEST SAMPLES; LEARN MORE,Highest-scoring short promotional candidate from captured page text,quote_extracted,200,no,,2026-05-15T00:17:51+00:00
177,https://ultomirishcp.com,https://ultomirishcp.com/,ULTOMIRIS,ravulizumab-cwvz,Alexion,ULTOMIRIS is the first and only long-acting C5 complement inhibitor,10,body:p,differentiation,differentiation,www.fda.gov/medwatch.,Highest-scoring short promotional candidate from captured page text,quote_extracted,200,no,,2026-05-15T00:17:48+00:00
178,https://uptravihcp.com,https://www.uptravihcp.com/,UPTRAVI,selexipag,,"In GRIPHON, UPTRAVI® was proven effective regardless of the patients' personal maintenance dose",13,body:p,efficacy; patient fit,efficacy/outcome,Learn more; View GRIPHON Trial; View 10-Year OLE,Highest-scoring short promotional candidate from captured page text,quote_extracted,200,no,,2026-05-15T00:17:51+00:00
179,https://valtocohcp.com,https://www.valtocohcp.com/,VALTOCO,diazepam nasal,Neurelis,VALTOCO may be used in patients with open-angle glaucoma only if they are receiving appropriate therapy.,16,body:p,differentiation; patient fit,differentiation,www.fda.gov/medwatch; Sign Up,Highest-scoring short promotional candidate from captured page text,quote_extracted,200,no,,2026-05-15T00:17:52+00:00
180,https://velphorohcp.com,https://velphorohcp.com/,Velphoro,sucroferric oxyhydroxide,", 2025 Fresenius Medical Care",EXPERIENCE THE ATTRACTION of Velphoro monotherapy,6,h1,positioning,brand positioning,SIGN UP; www.fda.gov/medwatch,Highest-scoring short promotional candidate from captured page text,quote_extracted,200,no,,2026-05-15T00:17:50+00:00
181,https://vraylarhcp.com,https://www.vraylarhcp.com/,MDD,Indication Discover VRAYLAR,,VRAYLAR can help your patients go from getting through to breaking through,12,h1,patient fit,patient fit,Request Samples; Request a Rep; Adjunctive MDD Overview,Highest-scoring short promotional candidate from captured page text,quote_extracted,200,no,,2026-05-15T00:17:53+00:00
182,https://vyxeospro.com,https://vyxeospro.com/,CPX-351,daunorubicin and cytarabine,Jazz,The only preferred option for patients aged ≥60 years fit for IC 4,13,h3,differentiation; patient fit,differentiation,View Efficacy; Explore MOA; Medical Information Request,Highest-scoring short promotional candidate from captured page text,quote_extracted,200,no,,2026-05-15T00:17:50+00:00
183,https://vyzultahcp.com,https://www.vyzultahcp.com/,VYZULTA,latanoprostene bunod ophthalmic solution,Bausch + Lomb,VYZULTA® is a dual-action prostaglandin analog that can provide well-tolerated and sustained IOP reduction for patients with open-angle glaucoma or ocular hypertension,22,meta:description,efficacy; patient fit,efficacy/outcome,SIGN UP; www.fda.gov/medwatch,Highest-scoring short promotional candidate from captured page text,quote_extracted,200,no,,2026-05-15T00:17:53+00:00
184,https://xareltohcp.com,https://www.xareltohcp.com/,XARELTO,,Janssen,"XARELTO® is recommended as an option for eligible patients with atrial fibrillation, with no age limitations for older adults",19,body:p,patient fit,patient fit,Download PDF,Highest-scoring short promotional candidate from captured page text,quote_extracted,200,no,,2026-05-15T00:17:54+00:00
185,https://xcoprihcp.com,https://www.xcoprihcp.com/,XCOPRI,cenobamate,"SK Life Science, Inc., a subsidiary of SK Biopharmaceuticals Co., Ltd","Discover XCOPRI®, a once-daily anti-seizure medication indicated for the treatment of partial-onset seizures in adult patients.",16,meta:description,convenience; patient fit,convenience/dosing,Downloadable PDFs; Explore XCOPRI efficacy; Review safety profile,Highest-scoring short promotional candidate from captured page text,quote_extracted,200,no,,2026-05-15T00:17:54+00:00
186,https://xerava.com,https://www.xerava.com/,XERAVA,eravacycline,Innoviva Specialty Therapeutics â¢,Broad-spectrum coverage for a broad range of c IAI patients 1,11,h1,patient fit,patient fit,Explore XERAVA; Explore trial data; Learn more about safety,Highest-scoring short promotional candidate from captured page text,quote_extracted,200,no,,2026-05-15T00:17:55+00:00
187,https://yescartahcp.com,https://www.yescartahcp.com/large-b-cell-lymphoma,Survival,,,Discover YESCARTA® for patients who may be appropriate for treatment.,10,meta:description,patient fit,patient fit,Explore Efficacy data; View safety data,Highest-scoring short promotional candidate from captured page text,quote_extracted,200,no,,2026-05-15T00:17:55+00:00
188,https://www.feiba.com/us/hcp,https://www.feiba.com/us/hcp,FEIBA,above 200 units per kg per day,Takeda,The only FDA-approved prophylactic treatment for patients with hemophilia A and B with inhibitors 1,15,h1,differentiation; patient fit,differentiation,Learn More,Highest-scoring short promotional candidate from captured page text,quote_extracted,200,no,,2026-05-15T00:17:52+00:00
189,https://pro.campus.sanofi/us/products/cerezyme,https://pro.campus.sanofi/us/products/cerezyme,CEREZYME,imiglucerase,Sanofi,Cerezyme is the ONLY ERT that demonstrates,7,h2,differentiation,differentiation,Request a Rep; Explore Gaucher symptoms →; Explore Cerezyme →,Highest-scoring short promotional candidate from captured page text,quote_extracted,200,no,,2026-05-15T00:17:52+00:00
190,https://www.eprontia.com/for-healthcare-providers,https://www.eprontia.com/for-healthcare-providers,ENTIA,,,,,,,,,,no_quote_extracted,404,yes,No short promotional candidate found in captured page text,2026-05-15T00:17:52+00:00
191,https://inbrija-hcp.com,https://inbrija-hcp.com/,INBRIJA,levodopa inhalation powder,Acorda Therapeutics,"For patients with Parkinson's disease, OFF episodes are the pits",10,h2,patient fit,patient fit,DOWNLOAD iPEF FORM; Request a Rep; INBRIJA OVERVIEW,Highest-scoring short promotional candidate from captured page text,quote_extracted,200,no,,2026-05-15T00:17:53+00:00
192,https://inflectra.pfizerpro.com,https://inflectra.pfizerpro.com/,Inflectra,infliximab,Pfizer,The malignancies occurred after a median of 30 months after the first dose of therapy.,15,body:p,differentiation,differentiation,,Highest-scoring short promotional candidate from captured page text,quote_extracted,200,no,,2026-05-15T00:17:52+00:00
193,https://injectaferhcp.com,https://injectaferhcp.com/,Injectafer,,,Replenish your patients’ iron deficits with Injectafer,7,h2,patient fit,patient fit,Download Patient Brochure; Access & Reimbursement Download; See the data,Highest-scoring short promotional candidate from captured page text,quote_extracted,200,no,,2026-05-15T00:17:53+00:00
194,https://inlyta.pfizerpro.com,https://inlyta.pfizerpro.com/,INLYTA,axitinib,Pfizer,INLYTA® (axitinib) in combination with pembrolizumab is indicated for the first-line treatment of patients with advanced renal cell carcinoma (RCC).,20,body:p,differentiation; patient fit,differentiation,,Highest-scoring short promotional candidate from captured page text,quote_extracted,200,no,,2026-05-15T00:17:53+00:00
195,https://inqovi.com,https://www.inqovi.com/,INQOVI,decitabine and cedazuridine,Taiho Oncology,"INQOVI is a prescription oral medication indicated for adult patients with myelodysplastic syndromes (MDS), including chronic myelomonocytic leukemia (CMML).",19,meta:description,convenience; patient fit,convenience/dosing,Download Files; Download in English; Download in Spanish,Highest-scoring short promotional candidate from captured page text,quote_extracted,200,no,,2026-05-15T00:18:13+00:00
196,https://isturisa.com,https://isturisa.com/patient/,ISTURISA,osilodrostat,Recordati Rare Diseases,It is not known if ISTURISA is safe and effective in children.,12,meta:og:description,efficacy; patient fit,efficacy/outcome,www.fda.gov/medwatch,Highest-scoring short promotional candidate from captured page text,quote_extracted,200,no,,2026-05-15T00:17:55+00:00
197,https://jemperlihcp.com,https://www.jemperlihcp.com/,JEMPERLI,dostarlimab-gxly,GSK,JEMPERLI + CP is STILL the FIRST AND ONLY* FDA-approved IO combination with a proven survival benefit in primary advanced or recurrent endometrial cancer 1-6,24,h1,differentiation,differentiation,VIEW NOW; EXPLORE INDICATIONS; www.fda.gov/medwatch,Highest-scoring short promotional candidate from captured page text,quote_extracted,200,no,,2026-05-15T00:17:56+00:00
198,https://joenja-hcp.com,https://joenja-hcp.com/,Joenja® (leniolisib),leniolisib,"Pharming Healthcare, Inc",Joenja® (leniolisib) - First and only FDA-approved APDS treatment,8,title,differentiation,differentiation,Request a Rep; view the data; view resources,Highest-scoring short promotional candidate from captured page text,quote_extracted,200,no,,2026-05-15T00:17:55+00:00
199,https://kadcyla-hcp.com,https://www.kadcyla-hcp.com/,Kadcyla,,Genentech,KADCYLA has not been studied in an adequately controlled study in patients with LVEF <50%.,15,body:p,efficacy; patient fit,efficacy/outcome,Explore early breast cancer; Explore metastatic breast cancer; www.fda.gov/medwatch,Highest-scoring short promotional candidate from captured page text,quote_extracted,200,no,,2026-05-15T00:17:56+00:00
200,https://kedrab.com,https://kedrab.com/,HRIG,Human,,KEDRAB® (Rabies Immune Globulin [Human]) provides post-exposure prophylaxis (PEP) of the rabies infection in pediatric and adult patients.,18,meta:description,patient fit,patient fit,Watch videos; www.fda.gov/medwatch,Highest-scoring short promotional candidate from captured page text,quote_extracted,200,no,,2026-05-15T00:17:55+00:00
201,https://kesimptahcp.com,https://www.kesimptahcp.com/,KESIMPTA,ofatumumab,Novartis,"KESIMPTA® (ofatumumab) is the only self-administered, subcutaneously delivered, B-cell RMS treatment 1,3,4",14,h2,differentiation,differentiation,Explore first-line efficacy; DOWNLOAD START FORM,Highest-scoring short promotional candidate from captured page text,quote_extracted,200,no,,2026-05-15T00:17:57+00:00
202,https://keytrudahcp.com,https://www.keytrudahcp.com/,KEYTRUDA,pembrolizumab,Merck,A Key to More Possibilities for Treating Your Patients,9,h1,patient fit,patient fit,KEYTRUDA: View Prescribing Information; KEYTRUDA QLEX: View Prescribing Information; KEYTRUDA: View Medication Guide,Highest-scoring short promotional candidate from captured page text,quote_extracted,200,no,,2026-05-15T00:17:58+00:00
203,https://keytrudalenvimahcp.com,https://www.keytrudalenvimahcp.com/,KEYTRUDA + LENVIMA,pembrolizumab + lenvatinib,Merck / Eisai,"KEYTRUDA, in combination with LENVIMA, is indicated for the first-line treatment of adult patients with advanced renal cell carcinoma (RCC).",20,body:p,differentiation; patient fit,differentiation,Learn More,Highest-scoring short promotional candidate from captured page text,quote_extracted,200,no,,2026-05-15T00:17:58+00:00
204,https://kisqali-hcp.com,https://www.kisqali-hcp.com/,HR+/HER2,ribociclib,Novartis,KISQALI + AI or fulvestrant is proven in patients with HR+/HER2- metastatic breast cancer (mBC),15,h1,patient fit,patient fit,View NCCN Guidelines; VIEW SUPPORT,Highest-scoring short promotional candidate from captured page text,quote_extracted,200,no,,2026-05-15T00:17:58+00:00
205,https://krazatihcp.com,https://www.krazatihcp.com/,Krazati,,Bristol Myers Squibb,KRAZATI ® (adagrasib) is approved across multiple KRAS G12C-mutated advanced or metastatic tumor types 1,14,h1,differentiation,differentiation,,Highest-scoring short promotional candidate from captured page text,quote_extracted,200,no,,2026-05-15T00:17:57+00:00
206,https://leqembihcp.com,https://www.leqembihcp.com/,IMAGING ABNORMALITIES,lecanemab-irmb,,"The first and only anti-amyloid treatment to offer an at-home subcutaneous injection for continuous AD therapy after 18 months 1,9",21,h2,differentiation,differentiation,Downloadable Resources | LEQEMBI® (lecanemab-irmb); Learn more; Learn more about LEQEMBI Companion,Highest-scoring short promotional candidate from captured page text,quote_extracted,200,no,,2026-05-15T00:17:58+00:00
207,https://lioresal.com/hcp,https://lioresal.com/hcp/,LIORESAL,baclofen,Saol Therapeutics,Lioresal® Intrathecal (baclofen injection) offers targeted relief of severe spasticity,10,meta:description,efficacy; differentiation,efficacy/outcome,,Highest-scoring short promotional candidate from captured page text,quote_extracted,200,no,,2026-05-15T00:17:56+00:00
208,https://livdelzihcp.com,https://www.livdelzihcp.com/,LIVDELZI,seladelpar,Gilead/Kite,LIVDELZI is the first and only PBC treatment that achieved statistically significant reductions across key biomarkers and pruritus vs placebo 2,21,h2,differentiation,differentiation,PBC Overview; Sign Up for Information; Explore the program,Highest-scoring short promotional candidate from captured page text,quote_extracted,200,no,,2026-05-15T00:17:59+00:00
209,https://livtencity.com,https://www.livtencity.com/,Livtencity,maribavir,Takeda,Information for healthcare professionals about LIVTENCITY.,6,meta:description,positioning,brand positioning,EXPLORE EFFICACY RESULTS,Highest-scoring short promotional candidate from captured page text,quote_extracted,200,no,,2026-05-15T00:17:58+00:00
210,https://lokelma-hcp.com,https://www.lokelma-hcp.com/,Hyperkalemia,sodium zirconium cyclosilicate,AstraZeneca,Take control of hyperkalemia with LOKELMA 1,7,h1,efficacy,efficacy/outcome,Explore Our Medical Resources; Request A Rep; EXPLORE CLINICAL DATA,Highest-scoring short promotional candidate from captured page text,quote_extracted,200,no,,2026-05-15T00:17:59+00:00
211,https://lumakrashcp.com,https://www.lumakrashcp.com/,KRAS G12C,,Amgen,It’s time to move forward with LUMAKRAS ® (sotorasib),9,h1,positioning,brand positioning,Request a rep,Highest-scoring short promotional candidate from captured page text,quote_extracted,200,no,,2026-05-15T00:17:58+00:00
212,https://lupkynispro.com,https://www.lupkynispro.com/,LUPUS NEPHRITIS,voclosporin,,Explore an FDA-approved oral treatment for adults with active lupus nephritis (LN).,12,meta:description,convenience; patient fit,convenience/dosing,,Highest-scoring short promotional candidate from captured page text,quote_extracted,200,no,,2026-05-15T00:17:59+00:00
213,https://lupronprostatecancer.com/hcp,https://www.lupronprostatecancer.com/hcp,LUPRON DEPOT,leuprolide acetate,AbbVie,"† FDA approved in 1985, the first GnRHa for the treatment of advanced prostate cancer patients.",15,body:p,differentiation; patient fit,differentiation,Review Key Features,Highest-scoring short promotional candidate from captured page text,quote_extracted,200,no,,2026-05-15T00:18:00+00:00
214,https://luxturnahcp.com,https://luxturnahcp.com/,LUXTURNA,voretigene neparvovec-rzyl,Spark,LUXTURNA® is the first gene therapy to help improve functional vision in patients with an inherited retinal disease (IRD) due to biallelic RPE65 gene mutations.,25,meta:description,efficacy; differentiation; patient fit,efficacy/outcome,Watch Monroe’s story; Sign up,Highest-scoring short promotional candidate from captured page text,quote_extracted,200,no,,2026-05-15T00:17:57+00:00
215,https://lybalvihcp.com,https://www.lybalvihcp.com/,LYBALVI,olanzapine and samidorphan,Alkermes,Treat with the proven efficacy of LYBALVI,7,h3,efficacy,efficacy/outcome,View Patient Site; Overview; Sign Up for Updates,Highest-scoring short promotional candidate from captured page text,quote_extracted,200,no,,2026-05-15T00:18:01+00:00
216,https://mavyret.com/hcp,https://www.mavyret.com/hcp,MAVYRET (glecaprevir/pibrentasvir),glecaprevir/pibrentasvir,AbbVie,The First and Only FDA-Approved DAA for Both Acute and Chronic HCV 1,13,h2,differentiation,differentiation,Request a Rep; Explore the Data; Explore 8-Week Data,Highest-scoring short promotional candidate from captured page text,quote_extracted,200,no,,2026-05-15T00:18:00+00:00
217,https://menveohcp.com,https://www.menveohcp.com/,ACWY,"Groups A, C, Y and W-135",GSK or licensor. MNVWCNT230005 April 2023 Produced in USA. IN,ADOLESCENTS ARE CONSTANTLY CHANGING —BUT THEIR NEED FOR VACCINATION DOES NOT,11,h1,positioning,brand positioning,EXPLORE BOOSTER DATA,Highest-scoring short promotional candidate from captured page text,quote_extracted,200,no,,2026-05-15T00:18:00+00:00
218,https://monjuvihcp.com,https://www.monjuvihcp.com/,MONJUVI,tafasitamab-cxix,,MONJUVI + R2 is the first and only CD19- and CD20-targeted immunotherapy combination for 2L+ FL 1,16,body:p,differentiation,differentiation,,Highest-scoring short promotional candidate from captured page text,quote_extracted,200,no,,2026-05-15T00:18:00+00:00
219,https://mvasi.com,https://www.mvasi.com/hcp,MVASI,bevacizumab-awwb,Amgen,MVASI ® IS THE ONLY BEVACIZUMAB BIOSIMILAR THAT PROVIDES AMGEN SUPPORT AND RESOURCES FOR YOUR PATIENTS AND PRACTICE,17,body:p,differentiation; patient fit,differentiation,www.fda.gov/medwatch,Highest-scoring short promotional candidate from captured page text,quote_extracted,200,no,,2026-05-15T00:18:01+00:00
220,https://myrbetriqhcp.com,https://www.myrbetriqhcp.com/,MYRBETRIQ,mirabegron,Astellas,PILLAR is the first prospective study of Myrbetriq in adults ≥65 years of age 3,15,body:p,differentiation; patient fit,differentiation,Watch Video; View Dosing,Highest-scoring short promotional candidate from captured page text,quote_extracted,200,no,,2026-05-15T00:18:01+00:00
221,https://northerahcp.com,https://northerahcp.com,NORTHERA,droxidopa,Lundbeck,,,,,,,,no_quote_extracted,error,yes,"SSLError: HTTPSConnectionPool(host='northerahcp.com', port=443): Max retries exceeded with url: / (Caused by SSLError(SSLError(1, '[SSL: TLSV1_ALERT_INTERNAL_ERROR] tlsv1 alert internal error (_ssl.c:1000)')))",2026-05-15T00:17:58+00:00
222,https://www.nulojixhcp.bmscustomerconnect.com/,https://www.nulojixhcp.bmscustomerconnect.com/,Page has moved,,Bristol Myers Squibb,,,,,,,,no_quote_extracted,200,yes,No short promotional candidate found in captured page text,2026-05-15T00:17:59+00:00
223,https://ogsiveo.com/hcp,https://www.ogsiveo.com/hcp/,Ogsiveo,range: 2 to 434 days,Merck,OGSIVEO can help FREE PATIENTS FROM THE GRIP OF DESMOID TUMORS,11,h1,patient fit,patient fit,Overview & Data; View patient profiles; Download the Enrollment Form,Highest-scoring short promotional candidate from captured page text,quote_extracted,200,no,,2026-05-15T00:18:02+00:00
224,https://ojjaarahcp.com,https://ojjaarahcp.com/,OJJAARA,momelotinib,GSK,"Discover OJJAARA (momelotinib), a treatment option for patients who have myelofibrosis (MF) with anemia.",14,meta:description,patient fit,patient fit,SEE THE DATA FOR OJJAARA ; www.fda.gov/medwatch,Highest-scoring short promotional candidate from captured page text,quote_extracted,200,no,,2026-05-15T00:17:59+00:00
225,https://onivyde.com,https://www.onivyde.com/,ONIVYDE,irinotecan liposome injection,Ipsen,The goal was to compare 2 groups of previously untreated metastatic pancreatic cancer patients,14,h1,patient fit,patient fit,SIGN UP FOR PATIENT SUPPORT; www.fda.gov/medwatch,Highest-scoring short promotional candidate from captured page text,quote_extracted,200,no,,2026-05-15T00:18:03+00:00
226,https://onuregpro.com,https://www.onuregpro.com/,ONUREG,azacitidine,Bristol Myers Squibb,"Oral azacitidine (ONUREG) is the ONLY NCCN Category 1 preferred National Comprehensive Cancer Network ® (NCCN ® ) maintenance treatment option across all risk categories 2,b",24,body:p,differentiation; convenience; patient fit,differentiation,Request a Rep; Explore ONUREG Survival Data; Review the Guidelines,Highest-scoring short promotional candidate from captured page text,quote_extracted,200,no,,2026-05-15T00:18:03+00:00
227,https://opsumithcp.com,https://www.opsumithcp.com/,OPSUMIT,macitentan,Johnson & Johnson,Start with OPSUMIT ® (macitentan) to reduce the risks of disease progression and hospitalization for PAH 1,16,h1,efficacy,efficacy/outcome,Downloadable Resources; Learn more about Lindsay; Learn more about Byron,Highest-scoring short promotional candidate from captured page text,quote_extracted,200,no,,2026-05-15T00:18:04+00:00
228,https://opsynvihcp.com,https://www.opsynvihcp.com/,Opsynvi,macitentan/tadalafil,,Is OPSYNVI® right for your patients with PAH?,8,h2,patient fit,patient fit,Download Enrollment Form,Highest-scoring short promotional candidate from captured page text,quote_extracted,200,no,,2026-05-15T00:18:04+00:00
229,https://opzelurahcp.com,https://www.opzelurahcp.com/,Opzelura,,Incyte,Access to OPZELURA for eligible patients upon PA denial,9,body:li,patient fit,patient fit,View skin clearance results; View itch data; VIEW REPIGMENTATION DATA,Highest-scoring short promotional candidate from captured page text,quote_extracted,200,no,,2026-05-15T00:18:04+00:00
230,https://orenciahcp.com,https://orenciahcp.com,,,,,,,,,,,no_quote_extracted,error,yes,"SSLError: HTTPSConnectionPool(host='orenciahcp.com', port=443): Max retries exceeded with url: / (Caused by SSLError(SSLCertVerificationError(1, '[SSL: CERTIFICATE_VERIFY_FAILED] certificate verify failed: unable to get local issu",2026-05-15T00:18:01+00:00
231,https://orenitramhcp.com,https://www.orenitramhcp.com/,ORENITRAM,treprostinil,United Therapeutics,Orenitram provides clinical intervention for when intermediate risk patients with PAH need more.,13,h2,patient fit,patient fit,Download Form; Get Started,Highest-scoring short promotional candidate from captured page text,quote_extracted,200,no,,2026-05-15T00:18:04+00:00
232,https://orladeyohcp.com,https://orladeyohcp.com/,ORLADEYO,berotralstat,BioCryst,Effective And Convenient oral HAE attack prevention,7,h1,efficacy; convenience,efficacy/outcome,Downloads and events; Request a rep; View the data,Highest-scoring short promotional candidate from captured page text,quote_extracted,200,no,,2026-05-15T00:18:02+00:00
233,https://orthoelmiron.com/hcp,https://www.orthoelmiron.com/hcp,ELMIRON,pentosan polysulfate sodium,Johnson & Johnson,Consider ELMIRON ® for relief of bladder pain or discomfort associated with interstitial cystitis (IC),14,h1,efficacy,efficacy/outcome,,Highest-scoring short promotional candidate from captured page text,quote_extracted,200,no,,2026-05-15T00:18:05+00:00
234,https://padcevhcp.com,https://padcevhcp.com/,PADCEV,enfortumab vedotin-ejfv,Pfizer,Enfortumab vedotin-ejfv (PADCEV) + pembrolizumab is the only NCCN Category 1 Preferred 1L treatment option for la/mUC 5,18,body:p,differentiation; patient fit,differentiation,Request a Rep; Overview; HCP & Patient Downloadable Resources,Highest-scoring short promotional candidate from captured page text,quote_extracted,200,no,,2026-05-15T00:18:02+00:00
235,https://perserishcp.com,https://www.perserishcp.com/,Perseris,"e.g., stroke, transient ischemic attack",Indivior UK Limited,"it's time for PERSERIS , the first once‑monthly risperidone‑containing LAI 1",12,body:p,differentiation; convenience,differentiation,Downloadable Resources,Highest-scoring short promotional candidate from captured page text,quote_extracted,200,no,,2026-05-15T00:18:05+00:00
236,https://pluvicto-hcp.com,https://www.pluvicto-hcp.com/,PLUVICTO,lutetium Lu 177 vipivotide tetraxetan,Novartis,"Choose PLUVICTO: Proven in 2 large phase 3 trials and ~25K patients treated from launch to date 1,2,6,7,§",21,body:p,patient fit,patient fit,View the data,Highest-scoring short promotional candidate from captured page text,quote_extracted,200,no,,2026-05-15T00:18:05+00:00
237,https://poteligeohcp.com,https://www.poteligeohcp.com/,POTELIGEO,mogamulizumab-kpkc,Kyowa Kirin,ONLY POTELIGEO targets CCR4 on malignant T cells for destruction through antibody-dependent cellular cytotoxicity.,14,body:p,differentiation,differentiation,Downloads; View safety profile; www.fda.gov/medwatch,Highest-scoring short promotional candidate from captured page text,quote_extracted,200,no,,2026-05-15T00:18:06+00:00
238,https://prialt.com/hcp,https://www.prialt.com/hcp,PRIALT,ziconotide intrathecal infusion,TerSera,"PRIALT is the only FDA-approved non-narcotic, non-opioid intrathecal treatment for those who are looking for a different option.",18,meta:description,differentiation,differentiation,Request a Rep; View patient resources; View available resources,Highest-scoring short promotional candidate from captured page text,quote_extracted,200,no,,2026-05-15T00:18:07+00:00
239,https://provenge.com/hcp,https://provenge.com/hcp/,PROVENGE,sipuleucel-T,Dendreon Pharmaceuticals LLC,Help your patients understand how the PROVENGE treatment works,9,body:p,patient fit,patient fit,Download a Brochure,Highest-scoring short promotional candidate from captured page text,quote_extracted,200,no,,2026-05-15T00:18:04+00:00
240,https://repathahcp.com,https://www.repathahcp.com/,High LDL,evolocumab,Amgen,SEE the Data on CV Risk Reduction in Patients at High CV Risk Without Prior MI or Stroke,18,h2,patient fit,patient fit,VIEW THE OUTCOMES; REVIEW SAFETY DATA,Highest-scoring short promotional candidate from captured page text,quote_extracted,200,no,,2026-05-15T00:18:06+00:00
241,https://rezlidhiahcp.com,https://www.rezlidhiahcp.com/,Explore,,Rigel,"Explore HCP details for REZLIDHIA®, a treatment option for adult patients with relapsed/refractory mIDH1 AML.",16,meta:description,patient fit,patient fit,Request Contact; View Duration of Response; Explore All Efficacy Data for REZLIDHIA,Highest-scoring short promotional candidate from captured page text,quote_extracted,200,no,,2026-05-15T00:18:06+00:00
242,https://riabni.com,https://www.riabni.com/,NHL,rituximab-arrx,Amgen,Discover RIABNI™ as a rituximab biosimilar treatment option.,8,meta:description,patient fit,patient fit,www.fda.gov/medwatch,Highest-scoring short promotional candidate from captured page text,quote_extracted,200,no,,2026-05-15T00:18:06+00:00
243,https://rinvoqhcp.com,https://www.rinvoqhcp.com/,RINVOQ,upadacitinib,AbbVie,You are about to enter a site that is for US Healthcare Professionals Only.,14,h2,differentiation,differentiation,Download Resources & Forms,Highest-scoring short promotional candidate from captured page text,quote_extracted,200,no,,2026-05-15T00:18:07+00:00
244,https://rystiggohcp.com,https://www.rystiggohcp.com/,RYSTIGGO,rozanolixizumab-noli,UCB,"RYSTIGGO® (rozanolixizumab-noli), the first FDA-approved targeted treatment for both anti-AChR Ab+ and anti-MuSK Ab+ adults with gMG.",17,meta:description,differentiation; patient fit,differentiation,Learn More; Request Here; EXPLORE THE DATA,Highest-scoring short promotional candidate from captured page text,quote_extracted,200,no,,2026-05-15T00:18:09+00:00
245,https://santyl.com/hcp,https://santyl.com/hcp,SANTYL,collagenase,Smith+Nephew,This website is intended for patients and healthcare professionals in the United States only.,14,body:p,differentiation; patient fit,differentiation,Overview,Highest-scoring short promotional candidate from captured page text,quote_extracted,200,no,,2026-05-15T00:18:05+00:00
246,https://sareptadmd.com,https://www.sareptadmd.com/,DMD Options,DMD,Sarepta,Treatment options for patients with Duchenne muscular dystrophy (DMD),9,meta:description,patient fit,patient fit,Learn More,Highest-scoring short promotional candidate from captured page text,quote_extracted,200,no,,2026-05-15T00:18:09+00:00
247,https://secuado.com,https://www.secuado.com/,Secuado,psychosis,,Your healthcare provider may do blood tests during the first few months of treatment with SECUADO.,16,body:li,differentiation,differentiation,View step-by-step instructions for use; Download the SECUADO ® brochure; www.fda.gov/medwatch,Highest-scoring short promotional candidate from captured page text,quote_extracted,200,no,,2026-05-15T00:18:08+00:00
248,https://www.serostim.com/en/hcp.html,https://www.serostim.com/en/hcp.html,,somatropin,,"For your patients with HIV‑associated wasting, recognize the symptoms and take action",13,body:p,patient fit,patient fit,Watch Video; View; Explore,Highest-scoring short promotional candidate from captured page text,quote_extracted,200,no,,2026-05-15T00:18:05+00:00
249,https://shingrixhcp.com,https://shingrixhcp.com/,SHINGRIX,"zoster vaccine recombinant, adjuvanted",GSK,SHINGRIX is a shingles vaccine for those aged 50 years and older.,12,meta:description,positioning,brand positioning,SEE THE DATA; LEARN MORE; EXPLORE THE CLINICAL DATA,Highest-scoring short promotional candidate from captured page text,quote_extracted,200,no,,2026-05-15T00:18:06+00:00
250,https://sohonos.com,https://www.sohonos.com/hcp,SOHONOS,palovarotene,Ipsen,SOHONOS is the FIRST and ONLY FDA-approved treatment for fibrodysplasia ossificans progressiva (FOP) that's proven to prevent heterotopic ossification (HO).,20,meta:description,efficacy; differentiation,efficacy/outcome,FOP Overview; Flare-up overview; SEE THE DATA,Highest-scoring short promotional candidate from captured page text,quote_extracted,200,no,,2026-05-15T00:18:09+00:00
251,https://somavert.pfizerpro.com,https://somavert.pfizerpro.com/,SOMAVERT,pegvisomant,Pfizer,"SOMAVERT significantly reduced IGF-I levels from baseline across all 3 doses at 12 weeks 1,2",16,body:p,efficacy,efficacy/outcome,,Highest-scoring short promotional candidate from captured page text,quote_extracted,200,no,,2026-05-15T00:18:07+00:00
252,https://spritamhcp.com,https://spritam.com/,Spritam,levetiracetam,,Levetiracetam Tablets for Oral Suspension are Now Available,8,h1,convenience,convenience/dosing,www.fda.gov/medwatch,Highest-scoring short promotional candidate from captured page text,quote_extracted,200,no,,2026-05-15T00:18:12+00:00
253,https://strensiq-hcp.com,https://strensiq-hcp.com/,Strensiq,,Alexion,Only STRENSIQ addresses the underlying cause of HPP by replacing the deficient ALP enzyme.,14,body:p,differentiation,differentiation,Overview; www.fda.gov/medwatch,Highest-scoring short promotional candidate from captured page text,quote_extracted,200,no,,2026-05-15T00:18:07+00:00
254,https://sustol.com/hcp,https://www.sustol.com/hcp/,,granisetron,Genentech,"Choose full 5-day protection to smooth the journey 1,2",10,h1,efficacy,efficacy/outcome,SUSTOL Overview; Download Library; www.fda.gov/medwatch,Highest-scoring short promotional candidate from captured page text,quote_extracted,200,no,,2026-05-15T00:18:10+00:00
255,https://syfovreecp.com,https://syfovreecp.com/,SYFOVRE,pegcetacoplan,Apellis Pharmaceuticals,"You are now leaving SyfovreECP.com and entering the patient website, SYFOVRE.com",13,h2,positioning,brand positioning,GET STARTED; Learn more,Highest-scoring short promotional candidate from captured page text,quote_extracted,200,no,,2026-05-15T00:18:07+00:00
256,https://sylvant.com,https://sylvant.com/,SYLVANT,siltuximab,Recordati Rare Diseases Inc,SYLVANT continues to be the cornerstone for iMCD treatment,9,h2,positioning,brand positioning,Downloadable Resources; Learn more; www.fda.gov/medwatch,Highest-scoring short promotional candidate from captured page text,quote_extracted,200,no,,2026-05-15T00:18:08+00:00
257,https://tagrissohcp.com,https://www.tagrissohcp.com/,TAGRISSO,osimertinib,AstraZeneca,Treat the driver of disease with TAGRISSO,7,h1,positioning,brand positioning,,Highest-scoring short promotional candidate from captured page text,quote_extracted,200,no,,2026-05-15T00:18:10+00:00
258,https://takhzyro.com/hcp,https://www.takhzyro.com/hcp/,TAKHZYRO® (lanadelumab,lanadelumab-flyo,Takeda,Imagine what the #1 PRESCRIBED HAE preventive treatment* can mean for your patients,13,h2,efficacy; patient fit,efficacy/outcome,,Highest-scoring short promotional candidate from captured page text,quote_extracted,200,no,,2026-05-15T00:18:10+00:00
259,https://tavalissehcp.com,https://www.tavalissehcp.com/,Tavalisse,,Rigel,"Access HCP safety, dosing, efficacy, MOA, and support information for TAVALISSE, a chronic immune thrombocytopenia (ITP) treatment option.",18,meta:description,efficacy; convenience; patient fit,efficacy/outcome,Request Contact; Explore Tavalisse EfficacY DATA; www.fda.gov/medwatch,Highest-scoring short promotional candidate from captured page text,quote_extracted,200,no,,2026-05-15T00:18:11+00:00
260,https://tecartushcp.com,https://www.tecartushcp.com/-/media/files/pdfs/medicines/oncology/tecartus/tecartus-pi.pdf,,D:20260401132242-07'00',,,,,,,,,no_quote_extracted,200,yes,No HTML body captured,2026-05-15T00:18:13+00:00
261,https://tecelra-hcp.com,https://www.tecelra-hcp.com/,TECELRA,afamitresgene autoleucel,Adaptimmune,TECELRA is engineered to bring about A dramatic change in how you treat advanced SyS,15,h1,differentiation,differentiation,See the data; Explore the treatment process,Highest-scoring short promotional candidate from captured page text,quote_extracted,200,no,,2026-05-15T00:18:11+00:00
262,https://tecfiderahcp.com,https://www.tecfiderahcp.com/,INDICATION TECFIDERA,dimethyl fumarate,Biogen,"In the MS placebo-controlled trials, mean lymphocyte counts decreased by approximately 30% during the first year of treatment with TECFIDERA and then remained stable.",24,body:li,efficacy; differentiation,efficacy/outcome,Download Start Form,Highest-scoring short promotional candidate from captured page text,quote_extracted,200,no,,2026-05-15T00:18:12+00:00
263,https://tezspirehcp.com,https://www.tezspirehcp.com/,TEZSPIRE,tezepelumab-ekko,Amgen,"It’s time to START HIGHER WITH TEZSPIRE 1,2",10,h1,positioning,brand positioning,Request a rep; LEARN MORE,Highest-scoring short promotional candidate from captured page text,quote_extracted,200,no,,2026-05-15T00:18:12+00:00
264,https://tibsovopro.com,https://www.tibsovopro.com/,TIBSOVO® (ivosidenib tablets),ivosidenib tablets,Servier Pharmaceuticals LLC,"TIBSOVO® is designed to treat some patients with myelodysplastic syndromes, acute myeloid leukemia, & cholangiocarcinoma.",14,meta:description,differentiation; patient fit,differentiation,,Highest-scoring short promotional candidate from captured page text,quote_extracted,200,no,,2026-05-15T00:18:12+00:00
265,https://tnkase.com,https://www.tnkase.com/acute-ischemic-stroke.html,Acute Ischemic Stroke Treatment,,Genentech,TNKase ® is administered as a single 5-second IV bolus 1,10,h1,convenience,convenience/dosing,Downloadable Resources; Review safety; View dosing,Highest-scoring short promotional candidate from captured page text,quote_extracted,200,no,,2026-05-15T00:18:12+00:00
266,https://trelegyhcp.com,https://www.trelegyhcp.com/,TRELEGY ELLIPTA,"fluticasone furoate, umeclidinium & vilanterol",GSK,THE FIRST AND ONLY ONCE-DAILY TRIPLE THERAPY IN A SINGLE INHALER FOR ADULT PATIENTS WITH COPD OR ASTHMA .,18,body:p,differentiation; convenience; patient fit,differentiation,Request Samples; Review adverse reactions; View resources & video library,Highest-scoring short promotional candidate from captured page text,quote_extracted,200,no,,2026-05-15T00:18:12+00:00
267,https://tremfyahcp.com,https://www.tremfyahcp.com/,TREMFYA,guselkumab,Janssen,TREMFYA® (guselkumab) Official Healthcare Professional (HCP) Website.,7,meta:og:description,positioning,brand positioning,,Highest-scoring short promotional candidate from captured page text,quote_extracted,200,no,,2026-05-15T00:18:12+00:00
268,https://tryngolzahcp.com,https://tryngolzahcp.com/,TRYNGOLZA,olezarsen,Ionis,TRYNGOLZA® is the first FDA-approved adjunctive therapy to diet for familial chylomicronemia syndrome (FCS) in adults.,16,meta:description,differentiation; patient fit,differentiation,Disease overview; sHTG overview; Request Ionis Specialist,Highest-scoring short promotional candidate from captured page text,quote_extracted,200,no,,2026-05-15T00:18:10+00:00
269,https://turaliohcp.com,https://www.turaliohcp.com/en,TURALIO,pexidartinib,Daiichi Sankyo,TURALIO is the first systemic therapy for TGCT approved by the FDA in 2019.,14,body:p,differentiation,differentiation,VIEW DATA OVER TIME; fda.gov/medwatch,Highest-scoring short promotional candidate from captured page text,quote_extracted,200,no,"Page may be gated, blocked, or JavaScript dependent",2026-05-15T00:18:13+00:00
270,https://tymlos.com/hcp,https://www.tymloshcp.com,TYMLOS® (abaloparatide) Injection,abaloparatide,Radius,Patients can self-inject daily at home or on the go without the hassle of monthly office visits for osteoporosis treatment 1,21,body:li,convenience; patient fit,convenience/dosing,Request Support; View recommendations in detail; Explore the data,Highest-scoring short promotional candidate from captured page text,quote_extracted,200,no,,2026-05-15T00:18:13+00:00
271,https://tyvasohcp.com,https://www.tyvasohcp.com/,TYVASO,treprostinil,United Therapeutics,TYVASO IS AN INHALED PROSTACYCLIN APPROVED FOR 2 INDICATIONS 1,10,h1,positioning,brand positioning,,Highest-scoring short promotional candidate from captured page text,quote_extracted,200,no,,2026-05-15T00:18:13+00:00
272,https://uzedyhcp.com,https://www.uzedyhcp.com/,USAGE UZEDY,risperidone,Teva,"In such patients, consider discontinuation of UZEDY at the first sign of a clinically significant decline in WBC in the absence of other causative factors.",25,body:p,differentiation; patient fit,differentiation,Request A Rep; See the Data; VIEW DOSING GUIDE,Highest-scoring short promotional candidate from captured page text,quote_extracted,200,no,,2026-05-15T00:18:13+00:00
273,https://valchlorhcp.com,https://valchlorhcp.com/,VALCHLOR,mechlorethamine gel,Helsinn Therapeutics,The first and only FDA-approved topical mechlorethamine.,7,meta:description,differentiation,differentiation,MF‑CTCL Overview; Request a Rep Close ×; Exploreefficacy,Highest-scoring short promotional candidate from captured page text,quote_extracted,200,no,,2026-05-15T00:18:12+00:00
274,https://vanflytahcp.com,https://www.vanflytahcp.com/en,VANFLYTA,quizartinib,Daiichi Sankyo,Discover VANFLYTA® (quizartinib) for treatment-eligible patients with newly diagnosed FLT3-ITD+ AML.,11,meta:description,patient fit,patient fit,EXPLORE THE DATA NOW; fda.gov/medwatch,Highest-scoring short promotional candidate from captured page text,quote_extracted,200,no,,2026-05-15T00:18:17+00:00
275,https://vectibixhcp.com,https://www.vectibixhcp.com/,VECTIBIX,panitumumab,Amgen,EXPAND YOUR KNOWLEDGE WITH VECTIBIX ® VIDEOS AND PODCASTS,8,h2,positioning,brand positioning,EXPLORE THE PRECISION DECISION; REVIEW PRIME; REVIEW PARADIGM,Highest-scoring short promotional candidate from captured page text,quote_extracted,200,no,,2026-05-15T00:18:13+00:00
276,https://veletri.com/hcp,https://www.veletri.com/hcp,VELETRIÂ® (epoprostenol) Injection,epoprostenol,Janssen,VELETRI ® is an intravenous (IV) PAH medication that can be administered at home.,13,h1,convenience,convenience/dosing,Download forms,Highest-scoring short promotional candidate from captured page text,quote_extracted,200,no,,2026-05-15T00:18:13+00:00
277,https://vemlidyhcp.com,https://www.vemlidyhcp.com/,Vemlidy,,Gilead,"VEMLIDY offers convenient, patient-friendly dosing with a once-daily pill 1",10,h1,convenience,convenience/dosing,Explore pivotal and 8-year data; View now; Explore treatment guidelines/algorithms,Highest-scoring short promotional candidate from captured page text,quote_extracted,200,no,,2026-05-15T00:18:15+00:00
278,https://venclextahcp.com,https://www.venclextahcp.com/,VENCLEXTA,venetoclax tablets,,"VENCLEXTA is an oral therapy for select AML, CLL and SLL patients.",12,meta:description,convenience; patient fit,convenience/dosing,View by Patient Type; View Prescribing Information,Highest-scoring short promotional candidate from captured page text,quote_extracted,200,no,,2026-05-15T00:18:15+00:00
279,https://venoferhcp.com,https://venoferhcp.com/,VENOFER,iron sucrose,American Regent,Reactions have occurred following the first dose or subsequent doses of Venofer.,12,body:p,differentiation,differentiation,www.fda.gov/medwatch,Highest-scoring short promotional candidate from captured page text,quote_extracted,200,no,,2026-05-15T00:18:13+00:00
280,https://verzenio.lilly.com/hcp,https://verzenio.lilly.com/hcp,VERZENIO,,Eli Lilly and Company,,,,,,,,no_quote_extracted,403,yes,No short promotional candidate found in captured page text,2026-05-15T00:18:13+00:00
281,https://viltepso.com/hcp,https://www.viltepso.com/hcp,VILTEPSO,viltolarsen,NS Pharma,VILTEPSO improved dystrophin levels in 100% of amenable patients,9,h1,efficacy; patient fit,efficacy/outcome,Request a Representative,Highest-scoring short promotional candidate from captured page text,quote_extracted,200,no,,2026-05-15T00:18:16+00:00
282,https://vivitrolhcp.com,https://www.vivitrolhcp.com/,VIVITROL® website,naltrexone for extended-release injectable suspension,Alkermes,Discover the efficacy and safety of VIVITROL—a clinically proven treatment option to help patients with alcohol dependence or opioid dependence.,21,body:p,efficacy; patient fit,efficacy/outcome,Request a Rep; Request a Representative; View HCP Site,Highest-scoring short promotional candidate from captured page text,quote_extracted,200,no,,2026-05-15T00:18:16+00:00
283,https://vonjohcp.com,https://www.vonjohcp.com/,BID,post-polycythemia vera [PPV] or post-essential thrombocythemia [PET],Sobi,VONJO dosing was reduced due to worsening thrombocytopenia in 2% of patients with preexisting moderate to severe thrombocytopenia (platelet count <100 x 10 9 /L).,25,body:p,efficacy; convenience; patient fit,efficacy/outcome,View video transcript; Sign Up,Highest-scoring short promotional candidate from captured page text,quote_extracted,200,no,,2026-05-15T00:18:16+00:00
284,https://vonvendipro.com,https://www.vonvendipro.com/,YOU AN,Recombinant,Takeda,VONVENDI® is the first and only recombinant von Willebrand factor (VWF) for adult and pediatric patients with von Willebrand disease (VWD).,21,meta:description,differentiation; patient fit,differentiation,View latest data in pediatrics; View latest prophylaxis data in adults; View prophylaxis data,Highest-scoring short promotional candidate from captured page text,quote_extracted,200,no,,2026-05-15T00:18:13+00:00
285,https://vowsthcp.com,https://www.vowsthcp.com/,VOWST,"fecal microbiota spores, live-brpk",Nestle Health Science,There seems to be a problem with our website...,9,h1,positioning,brand positioning,,Highest-scoring short promotional candidate from captured page text,quote_extracted,403,no,,2026-05-15T00:18:19+00:00
286,https://voydeyahcp.com,https://voydeyahcp.com/,VOYDEYA,danicopan,,Manage EVH effectively while maintaining the long-acting disease control of ULTOMIRIS or SOLIRIS.,13,meta:description,efficacy,efficacy/outcome,Learn More; Sign Up; www.fda.gov/medwatch,Highest-scoring short promotional candidate from captured page text,quote_extracted,200,no,,2026-05-15T00:18:13+00:00
287,https://vumerityhcp.com,https://www.vumerityhcp.com/,VUMERITY,diroximel fumarate,Biogen,Dive into different considerations for your patients,7,h2,differentiation; patient fit,differentiation,Download Start Form; Request a Representative,Highest-scoring short promotional candidate from captured page text,quote_extracted,200,no,,2026-05-15T00:18:18+00:00
288,https://vyloyhcp.com,https://www.vyloyhcp.com/,VYLOY® (zolbetuximab,zolbetuximab-clzb,Astellas,The infusion rate was reduced for VYLOY for 2 (0.4%) patients due to an IRR.,16,body:p,efficacy; patient fit,efficacy/outcome,Overview; Downloadable Resources; Request a Rep,Highest-scoring short promotional candidate from captured page text,quote_extracted,200,no,,2026-05-15T00:18:18+00:00
289,https://vyndamax.pfizerpro.com,https://vyndamax.pfizerpro.com/,Official,,Pfizer,Eligible new patients can try VYNDAMAX with a free 30-day trial,11,body:p,patient fit,patient fit,Watch videos; Download materials,Highest-scoring short promotional candidate from captured page text,quote_extracted,200,no,,2026-05-15T00:18:15+00:00
290,https://xdemvyhcp.com,https://xdemvyhcp.com/,XDEMVY,lotilaner ophthalmic solution,,"XDEMVY gives you Might Over Mites™ to eradicate Demodex blepharitis (DB) 1,2",13,h1,positioning,brand positioning,Sign Up for Updates; Explore the Gallery; www.fda.gov/medwatch,Highest-scoring short promotional candidate from captured page text,quote_extracted,200,no,,2026-05-15T00:18:16+00:00
291,https://xywavhcp.com,https://www.xywavhcp.com/,XYWAV,"calcium, magnesium, potassium, and sodium oxybates",Jazz Pharmaceuticals,Increased apnea and reduced oxygenation may occur with XYWAV administration in adult and pediatric patients.,15,body:p,efficacy; patient fit,efficacy/outcome,Sign Up; Sign Up For Info,Highest-scoring short promotional candidate from captured page text,quote_extracted,200,no,,2026-05-15T00:18:18+00:00
292,https://yorvipathhcp.com,https://yorvipathhcp.com/,YORVIPATH,palopegteriparatide,April 2026 Ascendis,The first and only FDA-approved treatment for hypoparathyroidism in adults 1,11,h2,differentiation; patient fit,differentiation,Request a rep; View dosing & titration; Explore efficacy data,Highest-scoring short promotional candidate from captured page text,quote_extracted,200,no,,2026-05-15T00:18:16+00:00
293,https://zeposiahcp.com,https://www.zeposiahcp.com/,ZEPOSIA,ozanimod,Bristol Myers Squibb,Continuation of ZEPOSIA therapy in patients with macular edema has not been evaluated.,13,body:p,patient fit,patient fit,,Highest-scoring short promotional candidate from captured page text,quote_extracted,200,no,,2026-05-15T00:18:19+00:00
294,https://zepzelcapro.com,https://www.zepzelcapro.com/,ES,lurbinectedin,Jazz Pharmaceuticals,"ZEPZELCA + atezolizumab is the first and only regimen to demonstrate superior OS and PFS in maintenance, as established in the IMforte trial 1,2",24,h2,differentiation,differentiation,Sign Up To Connect; VIEW GUIDELINES,Highest-scoring short promotional candidate from captured page text,quote_extracted,200,no,,2026-05-15T00:18:19+00:00
295,https://zevtera.com,https://www.zevtera.com/,Zevtera,ceftobiprole medocaril sodium,,"ZEVTERA—the only FDA-approved cephalosporin for the treatment of SAB in adults, including MRSA bacteremia and cases with right-sided infective endocarditis 1,2",23,h2,differentiation; patient fit,differentiation,Explore ZEVTERA; Learn more; Explore trial data,Highest-scoring short promotional candidate from captured page text,quote_extracted,200,no,,2026-05-15T00:18:19+00:00
296,https://zipsor.com/hcp,https://www.zipsor.com/hcp/,,diclofenac potassium,,The only approved dosing regimen for ZIPSOR is 25 mg four times a day.,14,body:p,differentiation; convenience,differentiation,DOWNLOAD COPAY CARD,Highest-scoring short promotional candidate from captured page text,quote_extracted,200,no,,2026-05-15T00:18:19+00:00
297,https://zonisade.com,https://zonisade.com/,ZONISADE,zonisamide oral suspension,Azurity Pharmaceuticals,ZONISADE® is the only FDA-approved oral liquid alternative to solid zonisamide doses for treatment of focal seizures in ages 16+,20,meta:description,differentiation; convenience,differentiation,Request Information; www.fda.gov/MedWatch; Start Watching,Highest-scoring short promotional candidate from captured page text,quote_extracted,200,no,,2026-05-15T00:18:17+00:00
298,https://zymfentra.com/hcp,https://www.zymfentra.com/hcp/,ZYMFENTRA,infliximab-dyyb,Celltrion USA,ZYMFENTRA® (infliximab-dyyb) is the ONLY FDA-approved self-administered infliximab providing steady control and lasting remission for up to 2 years.,19,meta:description,efficacy; differentiation,efficacy/outcome,Request Information; See the Data; Explore the Data,Highest-scoring short promotional candidate from captured page text,quote_extracted,200,no,,2026-05-15T00:18:20+00:00
299,https://zynrelef.com,https://zynrelef.com/,ZYNRELEF,bupivacaine/meloxicam,Heron,The first and only extended-release DALA serves as a new foundation for postoperative pain management by reducing patients' need for opioids after surgery,23,meta:og:description,differentiation; patient fit,differentiation,www.fda.gov/medwatch,Highest-scoring short promotional candidate from captured page text,quote_extracted,200,no,,2026-05-15T00:18:16+00:00
300,https://firmagon.com/hcp,https://firmagon.com/hcp/,All Stages of APC,degarelix for injection,Ferring,FIRMAGON is approved for all stages of APC,8,h2,positioning,brand positioning,Sign Up For Firmagon Connect; View Study Data; Learn More,Highest-scoring short promotional candidate from captured page text,quote_extracted,200,no,,2026-05-15T00:18:17+00:00
301,https://www.lyfgeniahcp.com,https://www.lyfgeniahcp.com/,Lyfgenia,lovotibeglogene autotemcel,,HCP Perspectives on LYFGENIA,4,h1,positioning,brand positioning,Explore HCP Videos; Request a Representative,Highest-scoring short promotional candidate from captured page text,quote_extracted,200,no,,2026-05-15T00:18:16+00:00
302,https://www.sutab.com/hcp,https://www.sutab.com/hcp,SUTAB,"sodium sulfate, magnesium sulfate, and potassium chloride",Azurity,"More SUTAB ® patients reported experiencing nausea and vomiting than competitor, with ≤1% of these reports considered severe 3 ‡",18,body:li,patient fit,patient fit,REVIEW ARTICLE,Highest-scoring short promotional candidate from captured page text,quote_extracted,200,no,,2026-05-15T00:18:18+00:00
303,https://suflave.com/hcp/Index,https://suflave.com/hcp/Index,SUFLAVE,"polyethylene glycol 3350, sodium sulfate, potassium chloride, magnesium sulfate, and sodium chloride",Braintree Laboratories,Observe these patients during administration of SUFLAVE.,7,body:li,patient fit,patient fit,View Now; Download; VIEW REPRINT,Highest-scoring short promotional candidate from captured page text,quote_extracted,200,no,,2026-05-15T00:18:18+00:00
304,https://hcp.proair.com,https://hcp.proair.com/,PROAIR,in ProAir RespiClick,Teva,"Beta-adrenergic-receptor blocking agents not only block the pulmonary effect of beta-agonists, such as ProAir RespiClick, but may produce severe bronchospasm in asthmatic patients.",23,body:li,differentiation; patient fit,differentiation,Learn More,Highest-scoring short promotional candidate from captured page text,quote_extracted,200,no,,2026-05-15T00:18:18+00:00
305,https://brekiyahcp.com,https://brekiyahcp.com/,BREKIYA,dihydroergotamine mesylate,Amneal,"Provides patients the same powerful medication used in hospitals, now in a disposable, ready-to-use, single-dose autoinjector.",16,body:p,convenience; patient fit,convenience/dosing,Request a Rep; Watch Video Now; www.fda.gov/medwatch,Highest-scoring short promotional candidate from captured page text,quote_extracted,200,no,,2026-05-15T00:18:19+00:00
306,https://www.tavneospro.com,https://www.tavneospro.com,Severe Active ANCA,GPA/MPA,Amgen,,,,,,,,no_quote_extracted,error,yes,"SSLError: HTTPSConnectionPool(host='www.tavneospro.com', port=443): Max retries exceeded with url: / (Caused by SSLError(SSLCertVerificationError(1, '[SSL: CERTIFICATE_VERIFY_FAILED] certificate verify failed: unable to get local ",2026-05-15T00:18:19+00:00
307,https://www.xgevahcp.com,https://www.xgevahcp.com/,Bone Metastases Treatment,SREs,Amgen,"Discover XGEVA® (denosumab), a bone metastases treatment that may help prevent bone complications in patients with multiple myeloma and solid tumors.",21,meta:description,efficacy; patient fit,efficacy/outcome,Explore,Highest-scoring short promotional candidate from captured page text,quote_extracted,200,no,,2026-05-15T00:18:19+00:00
308,https://www.novarelhcp.com,https://www.novarelhcp.com/,,CloudFront,,Taking the next step with fertility patients,7,h1,patient fit,patient fit,Download >,Highest-scoring short promotional candidate from captured page text,quote_extracted,200,no,,2026-05-15T00:18:19+00:00
309,https://www.xerese.com/hcp,https://www.xerese.com/hcp,XERESE,acyclovir and hydrocortisone cream,Bausch Health,"XERESE (acyclovir and hydrocortisone) cream 5%/1% is intended for cutaneous use only, on the lips and around the mouth.",20,body:li,differentiation,differentiation,www.fda.gov/medwatch,Highest-scoring short promotional candidate from captured page text,quote_extracted,200,no,"Page may be gated, blocked, or JavaScript dependent",2026-05-15T00:18:20+00:00
310,https://cordrantape-hcp.com,https://cordrantape-hcp.com/,CORDRANTAPE,,"Almirall,",THE ONLY CLASS 1 CORTICOSTEROID IN A TAPE.,8,h1,differentiation,differentiation,OVERVIEW; Scroll down to learn more; Scroll down to view Patient Profiles,Highest-scoring short promotional candidate from captured page text,quote_extracted,200,no,,2026-05-15T00:18:20+00:00
311,https://www.abilifymaintenahcp.com,https://www.abilifyasimtufiihcp.com/,ABILIFY MAINTENA,aripiprazole,Otsuka,"Aim for up to 2 months of long-lasting stability 1,2 * †",11,h1,positioning,brand positioning,Request a Representative; Explore the Pharmacokinetic Data; www.fda.gov/ medwatch,Highest-scoring short promotional candidate from captured page text,quote_extracted,200,no,,2026-05-15T00:18:22+00:00
312,https://www.modeysohcp.com,https://www.modeysohcp.com/,MODEYSO™ (dordaviprone),dordaviprone,Jazz Pharmaceuticals,Discover MODEYSO™ (dordaviprone) for patients with H3 K27M–mutant diffuse midline glioma.,12,meta:description,patient fit,patient fit,Request more info; Explore the data; Learn more,Highest-scoring short promotional candidate from captured page text,quote_extracted,200,no,,2026-05-15T00:18:21+00:00
313,https://global.piasky-hcp.com,https://global.piasky-hcp.com/,Piasky,,Roche,"Discover PiaSky®, a C5 inhibitor for paroxysmal nocturnal hemoglobinuria (PNH), offering proven efficacy and convenient dosing every 4 weeks.",19,meta:description,efficacy; convenience,efficacy/outcome,,Highest-scoring short promotional candidate from captured page text,quote_extracted,200,no,,2026-05-15T00:18:21+00:00
314,https://www.carvyktihcp.com,https://www.carvyktihcp.com/,CRS,ciltacabtagene autoleucel,,POWERFUL RESULTS AS EARLY AS 2L 2,7,h1,positioning,brand positioning,EXPLORE THE CARTITUDE-4 LONG-TERM FOLLOW-UP ANALYSIS,Highest-scoring short promotional candidate from captured page text,quote_extracted,200,no,,2026-05-15T00:18:21+00:00
315,https://www.imaavyhcp.com,https://www.imaavyhcp.com/generalized-myasthenia-gravis/,IMAAVY,nipocalimab-aahu,Johnson & Johnson,"The first and only fully human FcRn-blocking mAb designed for long-lasting, targeted binding.",13,body:p,differentiation,differentiation,Sign Up for Updates; Review efficacy data; Review OLE data,Highest-scoring short promotional candidate from captured page text,quote_extracted,200,no,,2026-05-15T00:18:21+00:00
316,https://www.inlexzohcp.com,https://www.inlexzohcp.com/,INLEXZO,,National Comprehensive Cancer Network,Consider choosing INLEXZO™ first after BCG for your appropriate patients with NMIBC,12,h3,differentiation; patient fit,differentiation,WATCH THE VIDEO,Highest-scoring short promotional candidate from captured page text,quote_extracted,200,no,,2026-05-15T00:18:22+00:00
317,https://www.simponihcp.com,https://www.simponihcp.com/,SIMPONI,golimumab,Johnson & Johnson,SIMPONI® (golimumab) for appropriate rheumatology and gastroenterology patients.,8,meta:description,patient fit,patient fit,Learn More,Highest-scoring short promotional candidate from captured page text,quote_extracted,200,no,,2026-05-15T00:18:22+00:00
318,https://www.simponiariahcp.com,https://www.simponiariahcp.com/,Simponiaria,,Johnson & Johnson,ACTIVE PSORIATIC ARTHRITIS IN PATIENTS 2 YEARS AND OLDER 1,10,body:p,patient fit,patient fit,,Highest-scoring short promotional candidate from captured page text,quote_extracted,200,no,,2026-05-15T00:18:22+00:00
319,https://www.sunosihcp.com,https://www.sunosihcp.com/,SUNOSI,,"Axsome Therapeutics, Inc","Discover SUNOSI, a treatment option for adult patients with EDS due to obstructive sleep apnea (OSA) or narcolepsy.",18,meta:description,patient fit,patient fit,Patient & Practice Downloads; Request Samples,Highest-scoring short promotional candidate from captured page text,quote_extracted,200,no,,2026-05-15T00:18:22+00:00
320,https://www.auvelityhcp.com,https://www.auvelityhcp.com/,AUVELITY,dextromethorphan-bupropion,,AUVELITY is an oral antidepressant with multimodal activity for the treatment of major depressive disorder in adults.,17,meta:description,convenience; patient fit,convenience/dosing,Request Samples ›; Request Medical Information,Highest-scoring short promotional candidate from captured page text,quote_extracted,200,no,,2026-05-15T00:18:22+00:00
321,https://www.avastin.com/hcp.html,https://www.avastin.com/hcp.html,AVASTIN,bevacizumab,Genentech,"Across indications, Avastin has been used to treat more than 2.2 million patients worldwide [3]‡‡‡",16,h1,patient fit,patient fit,www.fda.gov/medwatch,Highest-scoring short promotional candidate from captured page text,quote_extracted,200,no,,2026-05-15T00:18:22+00:00
322,https://chantix.pfizerpro.com,https://chantix.pfizerpro.com,CHANTIX,,Pfizer,,,,,,,,no_quote_extracted,error,yes,"ConnectTimeout: HTTPSConnectionPool(host='chantix.pfizerpro.com', port=443): Max retries exceeded with url: / (Caused by ConnectTimeoutError(<urllib3.connection.HTTPSConnection object at 0x112484530>, 'Connection to chantix.pfizerpro.co",2026-05-15T00:18:39+00:00
323,https://www.unloxcyt.com,https://unloxcyt.com/,UNLOXCYT,cosibelimab-ipdl,Checkpoint Therapeutics,UNLOXCYT™ (cosibelimab-ipdl) Injection 300 mg | Patients With aCSCC,8,h1,patient fit,patient fit,Sign up for updates; Download,Highest-scoring short promotional candidate from captured page text,quote_extracted,200,no,,2026-05-15T00:18:24+00:00
324,https://www.odomzo.com/hcp,https://www.odomzo.com/hcp,ODOMZO® (sonidegib) laBCC,sonidegib,,ODOMZO® (sonidegib) for laBCC | Healthcare Professionals,6,title,positioning,brand positioning,,Highest-scoring short promotional candidate from captured page text,quote_extracted,200,no,,2026-05-15T00:18:22+00:00
325,https://www.winlevi-hcp.com,https://www.winlevi-hcp.com/,Winlevi,clascoterone,"Sun Pharmaceutical Industries, Inc",Prescription Acne Medication | WINLEVI® (clascoterone) cream 1% for HCPs,9,title,positioning,brand positioning,,Highest-scoring short promotional candidate from captured page text,quote_extracted,200,no,,2026-05-15T00:18:22+00:00
326,https://www.edarbi.com/hcp,https://www.edarbi.com/hcp,ADVERSE REACTIONS,"function(w,d,s,l,i",Azurity,,,,,,,,no_quote_extracted,200,yes,No short promotional candidate found in captured page text,2026-05-15T00:18:22+00:00
327,https://www.katerzia.com/hcp,https://www.katerzia.com/hcp,KATERZIA,amlodipine oral suspension,Azurity Pharmaceuticals,,,,,,,,no_quote_extracted,200,yes,No short promotional candidate found in captured page text,2026-05-15T00:18:22+00:00
328,https://www.qbrelis.com/hcp,https://www.qbrelis.com/hcp,QBRELIS,,,,,,,,,,no_quote_extracted,200,yes,No short promotional candidate found in captured page text,2026-05-15T00:18:22+00:00
329,https://xatmep.com/hcp/,https://xatmep.com/hcp/,XATMEP,methotrexate,Pfizer,"Xatmep ® (methotrexate) is the first oral liquid methotrexate approved for pediatrics by the FDA 1,2",16,h2,differentiation; convenience,differentiation,Learn more about Xatmep; Explore Azurity Solutions; www.fda.gov/MedWatch,Highest-scoring short promotional candidate from captured page text,quote_extracted,200,no,,2026-05-15T00:18:23+00:00
330,https://www.konvomep.com/hcp,https://www.konvomep.com/hcp,Konvomep,,,,,,,,,,no_quote_extracted,200,yes,No short promotional candidate found in captured page text,2026-05-15T00:18:22+00:00
331,https://www.triptodur.com/hcp,https://www.triptodur.com/hcp,Puberty,GnRH,"Azurity Pharmaceuticals, Inc",Triptodur® (triptorelin) for Central Precocious Puberty (CPP),7,title,positioning,brand positioning,,Highest-scoring short promotional candidate from captured page text,quote_extracted,200,no,,2026-05-15T00:18:22+00:00
332,https://pulmozyme.com/hcp.html,https://www.pulmozyme.com/hcp.html,HCP,dornase alfa,Genentech,"HCP info about Pulmozyme® (dornase alfa), FDA‐approved for once or twice daily administration for cystic fibrosis treatment.",18,meta:description,convenience,convenience/dosing,View results; Explore options; www.fda.gov/medwatch,Highest-scoring short promotional candidate from captured page text,quote_extracted,200,no,,2026-05-15T00:18:26+00:00
333,https://qinlockhcp.com,https://www.qinlockhcp.com/,QINLOCK,ripretinib,Deciphera Pharmaceuticals,"Qinlock is the first and only switch-control kinase inhibitor for advanced GIST 2,6",14,body:p,efficacy; differentiation,efficacy/outcome,Request a Rep; See the data; www.fda.gov/medwatch,Highest-scoring short promotional candidate from captured page text,quote_extracted,200,no,,2026-05-15T00:18:25+00:00
334,https://reblozylpro.com,https://www.reblozylpro.com/,REBLOZYL,luspatercept-aamt,Bristol Myers Squibb,When Hgb is <10 g/dL Treat with Reblozyl,9,h1,positioning,brand positioning,REQUEST A REP; VIEW 1L EFFICACY; VIEW SAFETY PROFILE,Highest-scoring short promotional candidate from captured page text,quote_extracted,200,no,,2026-05-15T00:18:25+00:00
335,https://remodulinpro.com,https://www.remodulinpro.com/,REMODULIN,treprostinil,United Therapeutics,"When you need to respond to intermediate-high to high risk PAH, REMEMBER REMODULIN",13,h1,positioning,brand positioning,Download English; Request A Rep; Pump Systems Overview,Highest-scoring short promotional candidate from captured page text,quote_extracted,200,no,,2026-05-15T00:18:26+00:00
336,https://www.crestor.com/hcp,https://www.crestor.com/hcp,Cholesterol Medication,rosuvastatin,Pfizer,Help Your Patients Take Control With Brand-Name CRESTOR,8,h1,efficacy; patient fit,efficacy/outcome,EXPLORE 2-YEAR STUDY RESULTS; EXPLORE ECLIPSE TRIAL DATA; EXPLORE STELLAR TRIAL DATA,Highest-scoring short promotional candidate from captured page text,quote_extracted,200,no,,2026-05-15T00:18:24+00:00
337,https://www.flumisthcp.com,https://www.flumisthcp.com/,Flumist,"e.g., anaphylaxis",AstraZeneca,"Information for HCPs about FluMist® (Influenza Vaccine Live, Intranasal) for flu protection in a nasal spray.",16,meta:description,efficacy,efficacy/outcome,,Highest-scoring short promotional candidate from captured page text,quote_extracted,200,no,,2026-05-15T00:18:24+00:00
338,https://medicalinformation.astrazeneca-us.com/home/prescribing-information/seroquel-xr.html,https://medicalinformation.astrazeneca-us.com/home/prescribing-information/seroquel-xr.html,SEROQUEL XR,quetiapine,AstraZeneca,Request a field medical follow-up,5,h2,positioning,brand positioning,Request an MSL,Highest-scoring short promotional candidate from captured page text,quote_extracted,200,no,,2026-05-15T00:18:26+00:00
339,https://www.symbicorttouchpoints.com,https://www.symbicorttouchpoints.com/,SYMBICORT,budesonide and formoterol fumarate dihydrate,AstraZeneca,Sustained improvement in lung function was demonstrated in asthma patients ≥12 years of age in two 12-week efficacy and safety studies.,21,body:p,efficacy; patient fit,efficacy/outcome,Sign Up for Info; Sign Up for Information; WATCH THE VIDEO,Highest-scoring short promotional candidate from captured page text,quote_extracted,200,no,,2026-05-15T00:18:25+00:00
340,https://www.pediarix.com,https://www.pediarix.com/,PEDIARIX,,GSK or licensor. PDRWCNT230003 December 2023 Produced in USA.,Discover more information about PEDIARIX.,5,meta:description,positioning,brand positioning,,Highest-scoring short promotional candidate from captured page text,quote_extracted,200,no,,2026-05-15T00:18:25+00:00
341,https://www.arazlo.com/hcp,https://www.arazlo.com/hcp,ARAZLO,tazarotene,Bausch,LEARN HOW ARAZLO LOTION HELPS MAKE EVEN DISTRIBUTION AND REDUCED SKIN IRRITATION POSSIBLE 4,14,h2,efficacy,efficacy/outcome,Explore unique formulation; www.fda.gov/medwatch,Highest-scoring short promotional candidate from captured page text,quote_extracted,200,no,,2026-05-15T00:18:26+00:00
342,https://www.bryhali.com/hcp,https://www.bryhali.com/hcp,Bryhali,halobetasol propionate,Bausch,100% of patients (N=15) in a satisfaction survey somewhat or strongly agreed that the BRYHALI Lotion vehicle: 3,19,h2,patient fit,patient fit,,Highest-scoring short promotional candidate from captured page text,quote_extracted,200,no,,2026-05-15T00:18:25+00:00
343,https://www.cabtreo.com/hcp,https://www.cabtreo.com/hcp,Cabtreo,"clindamycin phosphate, adapalene and benzoyl peroxide",Bausch,CABTREO: the first FDA-approved topical acne formulation with 3 mechanisms of action.,12,meta:description,differentiation,differentiation,EXPLORE BEFORE-AND-AFTER PHOTOS; VIEW TOLERABILITY PROFILE; www.fda.gov/medwatch,Highest-scoring short promotional candidate from captured page text,quote_extracted,200,no,,2026-05-15T00:18:26+00:00
344,https://www.duobrii.com/hcp,https://www.duobrii.com/hcp,,halobetasol propionate and tazarotene,Bausch,DUOBRII is the first and only psoriasis therapy with halobetasol and tazarotene working together in a once-daily lotion,18,body:p,differentiation; convenience,differentiation,See the data; www.fda.gov/medwatch,Highest-scoring short promotional candidate from captured page text,quote_extracted,200,no,,2026-05-15T00:18:25+00:00
345,https://www.luzurx.com/hcp,https://pi.bauschhealth.com/globalassets/BHC/PI/Luzurx-PI.pdf,,Macintosh,,,,,,,,,no_quote_extracted,200,yes,No HTML body captured,2026-05-15T00:18:28+00:00
346,https://pro.campus.sanofi/us/products/alprolix,https://pro.campus.sanofi/us/products/alprolix,ALPROLIX,coagulation factor IX recombinant Fc fusion protein,Sanofi,*ALPROLIX has been proven to help patients prevent bleeding episodes using a prophylaxis regimen.,14,body:p,efficacy; patient fit,efficacy/outcome,Learn more about copay assistance ‡,Highest-scoring short promotional candidate from captured page text,quote_extracted,200,no,,2026-05-15T00:18:25+00:00
347,https://pro.campus.sanofi/us/products/altuviiio,https://pro.campus.sanofi/us/products/altuviiio,ALTUVIIIO,efanesoctocog alfa,Sanofi,ALTUVIIIO is the first and only once-weekly Factor VIII replacement therapy of its kind 1,15,h1,differentiation; convenience,differentiation,Explore Efficacy; Explore Safety; Explore the Study,Highest-scoring short promotional candidate from captured page text,quote_extracted,200,no,,2026-05-15T00:18:25+00:00
348,https://www.caprelsa.com/hcp_resources_and_support.asp,https://www.caprelsa.com/hcp_resources_and_support.asp,Caprelsa,"corrected QT interval, Fridericia",Sanofi,The first medication approved by the FDA to treat advanced medullary thyroid cancer (aMTC),14,h1,differentiation,differentiation,View more.,Highest-scoring short promotional candidate from captured page text,quote_extracted,200,no,,2026-05-15T00:18:26+00:00
349,https://www.elitekpro.com,https://pro.campus.sanofi/us/products/elitek,ELITEK,,Sanofi,Limitation of use: ELITEK is indicated only for a single course of treatment.,13,body:p,differentiation; convenience,differentiation,EXPLORE CLINICAL DATA; EXPLORE RESOURCES; EXPLORE ELITEK MOA,Highest-scoring short promotional candidate from captured page text,quote_extracted,200,no,,2026-05-15T00:18:29+00:00
350,https://www.eloctatepro.com,https://pro.campus.sanofi/us/products/eloctate,CEREZYME,imiglucerase,Sanofi,*ELOCTATE has been proven to help patients prevent bleeding episodes using a prophylaxis regimen.,14,body:p,efficacy; patient fit,efficacy/outcome,Request a Representative; Explore bleed and joint bleed data,Highest-scoring short promotional candidate from captured page text,quote_extracted,200,no,,2026-05-15T00:18:29+00:00
351,https://www.hectorol.com/hcp,https://www.hectorol.com/hcp,HECTOROL,doxercalciferol,Sanofi,,,,,,,,no_quote_extracted,error,yes,"ConnectionError: HTTPSConnectionPool(host='www.hectorol.com', port=443): Max retries exceeded with url: /hcp (Caused by NameResolutionError(""<urllib3.connection.HTTPSConnection object at 0x111b348c0>: Failed to resolve 'www.hectorol.com'",2026-05-15T00:18:22+00:00
352,https://pro.campus.sanofi/us/products/jevtana,https://pro.campus.sanofi/us/products/jevtana,JEVTANA,cabazitaxel,Sanofi,For your mCRPC patients after docetaxel SEIZE THE WINDOW OF OPPORTUNITY with JEVTANA ® (cabazitaxel) injection,15,h1,patient fit,patient fit,,Highest-scoring short promotional candidate from captured page text,quote_extracted,200,no,,2026-05-15T00:18:26+00:00
353,https://www.kevzara.com/hcp/ra,https://www.kevzara.com/hcp/ra,KEVZARA,sarilumab,Sanofi / Regeneron,"KEVZARA demonstrated clinical improvement in patients with inadequately controlled RA 1,4,5",13,h1,efficacy; patient fit,efficacy/outcome,View coverage and affordability,Highest-scoring short promotional candidate from captured page text,quote_extracted,200,no,,2026-05-15T00:18:26+00:00
354,https://www.lantus.com/hcp,https://pro.campus.sanofi/us/products/lantus,LANT,insulin glargine,Sanofi,Consider these Sanofi insulins for other appropriate patients,8,h2,patient fit,patient fit,Learn more,Highest-scoring short promotional candidate from captured page text,quote_extracted,200,no,,2026-05-15T00:18:29+00:00
355,https://pro.campus.sanofi/us/products/lemtrada,https://pro.campus.sanofi/us/products/lemtrada,Lemtrada,,Sanofi,Premedicate patients with corticosteroids immediately prior to LEMTRADA infusion for the first 3 days of each treatment course.,18,body:li,differentiation; patient fit,differentiation,Download; Download Patient Guide,Highest-scoring short promotional candidate from captured page text,quote_extracted,200,no,,2026-05-15T00:18:26+00:00
356,https://www.lovenox.com,https://www.lovenox.com/,ICH,DVT,Sanofi,Lovenox is a proven choice in anticoagulant therapy.,8,h1,positioning,brand positioning,,Highest-scoring short promotional candidate from captured page text,quote_extracted,200,no,,2026-05-15T00:18:27+00:00
357,https://pro.campus.sanofi/us/products/lumizyme,https://pro.campus.sanofi/us/products/lumizyme,CEREZYME,imiglucerase,Sanofi,Evidence suggests that patients who develop high and sustained IgG ADA antibody titers may experience reduced clinical efficacy.,18,body:p,efficacy; patient fit,efficacy/outcome,Request a Rep,Highest-scoring short promotional candidate from captured page text,quote_extracted,200,no,,2026-05-15T00:18:26+00:00
358,https://pro.campus.sanofi/us/products/mozobil,https://pro.campus.sanofi/us/products/mozobil,MOZOBIL,plerixafor,Sanofi,Mozobil is a first in class CXCR4 receptor antagonist.,9,body:p,differentiation,differentiation,Learn more,Highest-scoring short promotional candidate from captured page text,quote_extracted,200,no,,2026-05-15T00:18:26+00:00
359,https://www.multaqhcp.com,https://pro.campus.sanofi/us/products/multaq,MULTAQ,dronedarone,Sanofi,Cash patients may be eligible for up to $150 off per monthly fill.,13,body:p,convenience; patient fit,convenience/dosing,Clinical Overview ; VIEW EFFICACY DATA,Highest-scoring short promotional candidate from captured page text,quote_extracted,200,no,,2026-05-15T00:18:32+00:00
360,https://hcp.nexviazyme.com,https://hcp.nexviazyme.com/,NEXVIAZYME® (avalglucosidase alfa,avalglucosidase alfa-ngpt,Sanofi,MAKE THE NEX MOVE FOR YOUR PATIENTS WITH LOPD,9,h1,patient fit,patient fit,Get Started,Highest-scoring short promotional candidate from captured page text,quote_extracted,200,no,,2026-05-15T00:18:29+00:00
361,https://pro.campus.sanofi/us/products/qfitlia,https://pro.campus.sanofi/us/products/qfitlia,Qfitlia,siRNA,Sanofi,"Find out about QFITLIA® (fitusiran) and its use in hemophilia A and B treatment, including MoA, efficacy, safety, and dosing information.",21,meta:description,efficacy; convenience,efficacy/outcome,Learn More About Qfitlia Dosing; Explore MOA; Explore Efficacy,Highest-scoring short promotional candidate from captured page text,quote_extracted,200,no,,2026-05-15T00:18:27+00:00
362,https://www.rezurockhcp.com,https://www.rezurockhcp.com/,REZUROCK,belumosudil,Sanofi,REZUROCK demonstrated efficacy in a broad range of patients with cGVHD 1,12,h2,efficacy; patient fit,efficacy/outcome,EXPLORE EFFICACY; EXPLORE SAFETY AND TOLERABILITY,Highest-scoring short promotional candidate from captured page text,quote_extracted,200,no,,2026-05-15T00:18:28+00:00
363,https://www.methylphenidateer72.com,https://methylphenidateer.com/,,ADHD,,Once-daily Methylphenidate ER is available in a range of dosing options for the treatment of Attention Deficit Hyperactivity Disorder (ADHD),20,meta:description,convenience,convenience/dosing,DOWNLOAD OFFER DETAILS; Learn more here,Highest-scoring short promotional candidate from captured page text,quote_extracted,200,no,,2026-05-15T00:18:32+00:00
364,https://www.relexxii.com/for-practitioners.html,https://www.relexxii.com/for-practitioners.html,RELEXXII,,Vertical,Patients can locate RELEXXII ® at a pharmacy near them with Medfinder,11,h2,patient fit,patient fit,Overview; Review Dosing Options; VIEW PUBLICATION,Highest-scoring short promotional candidate from captured page text,quote_extracted,200,no,,2026-05-15T00:18:28+00:00
365,https://www.nuzolvence.com,https://www.nuzolvence.com/,NUZOLVENCE,zoliflodacin,Innoviva Specialty Therapeutics,"An FDA-APPROVED, single-dose oral treatment for uncomplicated urogenital gonorrhea 1",10,h2,convenience,convenience/dosing,SIGN UP FOR UPDATES; www.fda.gov/medwatch; MedWatch,Highest-scoring short promotional candidate from captured page text,quote_extracted,200,no,,2026-05-15T00:18:29+00:00
366,https://differin.com/healthcare-professional.html,https://differin.com/healthcare-professional.html,Differin® Gel,adapalene 0.1%,Galderma,"Differin® Gel (adapalene 0.1%) has the power of a prescription, yet it is the first topical retinoid available over the counter to fight acne.",25,meta:description,differentiation,differentiation,View All Related Articles,Highest-scoring short promotional candidate from captured page text,quote_extracted,200,no,,2026-05-15T00:18:29+00:00
367,https://www.herceptin.com/hcp/adjuvant-breast-cancer.html,https://www.herceptin.com/hcp/adjuvant-breast-cancer.html,Herceptin,trastuzumab and hyaluronidase-oysk,Genentech,"The majority of eligible patients maintain coverage for Herceptin 16,20-22 *†",11,h2,patient fit,patient fit,Learn More; www.fda.gov/medwatch; http://www.fda.gov/medwatch,Highest-scoring short promotional candidate from captured page text,quote_extracted,200,no,,2026-05-15T00:18:29+00:00
368,https://www.herceptin.com/hcp/metastatic-breast-cancer.html,https://www.herceptin.com/hcp/metastatic-breast-cancer.html,HERCEPTIN,trastuzumab,Genentech,"The majority of eligible patients maintain coverage for Herceptin 16,20-22 *†",11,h2,patient fit,patient fit,Learn More; www.fda.gov/medwatch; http://www.fda.gov/medwatch,Highest-scoring short promotional candidate from captured page text,quote_extracted,200,no,,2026-05-15T00:18:29+00:00
369,https://www.herceptin.com/hcp/metastatic-gastric-cancer.html,https://www.herceptin.com/hcp/metastatic-gastric-cancer.html,HERCEPTIN,trastuzumab,Genentech,"The majority of eligible patients maintain coverage for Herceptin 16,20-22 *†",11,h2,patient fit,patient fit,Learn More; www.fda.gov/medwatch; http://www.fda.gov/medwatch,Highest-scoring short promotional candidate from captured page text,quote_extracted,200,no,,2026-05-15T00:18:30+00:00
370,https://www.lucentis.com/hcp.html,https://www.lucentis.com/hcp.html,LUCENTIS,ranibizumab,Genentech/Roche,"HCP's, find important information about LUCENTIS® (ranibizumab injection) a treatment option for patients with wet AMD, DR & DME, mCNV, and RVO.",21,meta:description,patient fit,patient fit,www.fda.gov/medwatch,Highest-scoring short promotional candidate from captured page text,quote_extracted,200,no,,2026-05-15T00:18:29+00:00
371,https://www.perjeta.com/hcp.html,https://www.perjeta-hcp.com,PERJETA,pertuzumab,Genentech,"In CLEOPATRA, on the first day, when only PERJETA was administered, infusion-related reactions occurred in 13% of patients and <1% were Grade 3 or 4.",25,body:li,differentiation; patient fit,differentiation,Downloads; Learn more about adjuvant treatment; Learn more,Highest-scoring short promotional candidate from captured page text,quote_extracted,200,no,,2026-05-15T00:18:32+00:00
372,https://www.polivy.com/hcp.html,https://www.polivy-hcp.com/newly-diagnosed/rchp.html,POLIVY® (polatuzumab vedotin,polatuzumab vedotin-piiq,Genentech,Your first thought for first line,6,h1,differentiation,differentiation,Learn more; www.fda.gov/medwatch,Highest-scoring short promotional candidate from captured page text,quote_extracted,200,no,,2026-05-15T00:18:33+00:00
373,https://www.rituxanhycela.com/hcp.html,https://www.rituxanhycela.com/hcp.html,Rituxanhycela,,Genentech,Order resources for you and your patients,7,h2,patient fit,patient fit,Learn more; www.fda.gov/medwatch,Highest-scoring short promotional candidate from captured page text,quote_extracted,200,no,,2026-05-15T00:18:29+00:00
374,https://www.priorix.com,https://www.priorix.com/,PRIORIX,"Measles, Mumps, and Rubella Vaccine, Live",GSK,You have a choice for the MMR vaccination your patients need,11,h1,patient fit,patient fit,See the data; Learn more,Highest-scoring short promotional candidate from captured page text,quote_extracted,200,no,,2026-05-15T00:18:29+00:00
375,https://www.dalvance.com,https://www.dalvance.com/,DALVANCE,dalbavancin,AbbVie,,,,,,,,no_quote_extracted,403,yes,No short promotional candidate found in captured page text,2026-05-15T00:18:29+00:00
376,https://www.alrexpro.com,https://www.alrexpro.com/,ALREX,loteprednol etabonate ophthalmic suspension,,The Power of Multisymptom Relief for Acute SAC Flare-ups,9,h2,efficacy,efficacy/outcome,Request Samples,Highest-scoring short promotional candidate from captured page text,quote_extracted,200,no,,2026-05-15T00:18:30+00:00
377,https://www.zyletpro.com,https://www.zyletpro.com/,ZYLET,loteprednol etabonate 0.5% and tobramycin 0.3% ophthalmic,Bausch + Lomb,Advise patients not to wear soft contact lenses when using ZYLET.,11,body:li,patient fit,patient fit,Request Samples; www.fda.gov/medwatch,Highest-scoring short promotional candidate from captured page text,quote_extracted,200,no,,2026-05-15T00:18:29+00:00
378,https://www.prolensarx.com,https://www.prolensarx.com/,Prolensa,bromfenac ophthalmic solution,Bausch + Lomb,"DESIGNED WITH COMFORT IN MIND 1,2",7,h1,differentiation,differentiation,www.fda.gov/medwatch,Highest-scoring short promotional candidate from captured page text,quote_extracted,200,no,,2026-05-15T00:18:31+00:00
379,https://www.xepicream.com/hcp,https://www.xepicream.com/hcp,Xepicream,,,,,,,,,,no_quote_extracted,error,yes,"ConnectionError: HTTPSConnectionPool(host='www.xepicream.com', port=443): Max retries exceeded with url: /hcp (Caused by NameResolutionError(""<urllib3.connection.HTTPSConnection object at 0x1128e60c0>: Failed to resolve 'www.xepicream.co",2026-05-15T00:18:28+00:00
380,https://www.heronconnect.com/SUSTOL/Overview,https://www.heronconnect.com/SUSTOL/Overview,SUSTOL,granisetron extended-release injection,Heron Therapeutics,Get an overview of the Heron Connect® programs for SUSTOL patients and practices.,13,meta:description,patient fit,patient fit,Downloadable Resources; Learn more about programs and enrollment; Find downloadable resources,Highest-scoring short promotional candidate from captured page text,quote_extracted,200,no,,2026-05-15T00:18:31+00:00
381,https://www.heronconnect.com/SUSTOL/Resources,https://www.heronconnect.com/SUSTOL/Resources,SUSTOL,granisetron extended-release injection,Heron Therapeutics,"In patients with moderate renal impairment, administer SUSTOL not more frequently than once every 14 days.",16,body:p,convenience; patient fit,convenience/dosing,Downloadable Resources; View form; View letter,Highest-scoring short promotional candidate from captured page text,quote_extracted,200,no,,2026-05-15T00:18:31+00:00
382,https://atgam.pfizerpro.com,https://atgam.pfizerpro.com/,ATGAM,,Pfizer,"ATGAM® (lymphocyte immune globulin, anti-thymocyte globulin [equine]) is a treatment for aplastic anemia and renal allograft rejection.",17,meta:description,positioning,brand positioning,,Highest-scoring short promotional candidate from captured page text,quote_extracted,200,no,,2026-05-15T00:18:32+00:00
383,https://bicillinla.pfizerpro.com,https://bicillinla.pfizerpro.com/,BICILLIN L-A,penicillin G benzathine,Pfizer,BICILLIN® L-A is the CDC-recommended first-line treatment for syphilis.,9,meta:description,differentiation,differentiation,,Highest-scoring short promotional candidate from captured page text,quote_extracted,200,no,,2026-05-15T00:18:32+00:00
384,https://cutaquig.pfizerpro.com,https://cutaquig.pfizerpro.com/,Cutaquig,Immune Globulin Subcutaneous (Human,Pfizer,"Discover CUTAQUIG®, an FDA approved treatment for adults & pediatric patients aged 2 and older with primary immunodeficiency (PI) disease.",19,meta:description,patient fit,patient fit,www.fda.gov/MedWatch,Highest-scoring short promotional candidate from captured page text,quote_extracted,200,no,,2026-05-15T00:18:32+00:00
385,https://gelflow.pfizerpro.com,https://gelflow.pfizerpro.com/,JMI,Topical Bovine USP,Pfizer,THROMBIN-JMI should be given to a pregnant woman only if clearly needed.,12,body:p,differentiation,differentiation,,Highest-scoring short promotional candidate from captured page text,quote_extracted,200,no,,2026-05-15T00:18:32+00:00
386,https://octagam-5.pfizerpro.com,https://octagam-5.pfizerpro.com/,,,Pfizer,Renal dysfunction and acute renal failure occur more commonly in patients receiving IgIV products containing sucrose.,16,body:li,differentiation; patient fit,differentiation,www.fda.gov/MedWatch,Highest-scoring short promotional candidate from captured page text,quote_extracted,200,no,,2026-05-15T00:18:32+00:00
387,https://octagam-10.pfizerpro.com,https://octagam-10.pfizerpro.com/,OCTAGAM 10%,immune globulin intravenous (human),Octapharma,Renal dysfunction and acute renal failure occur more commonly in patients receiving IgIV products containing sucrose.,16,body:li,differentiation; patient fit,differentiation,www.fda.gov/MedWatch,Highest-scoring short promotional candidate from captured page text,quote_extracted,200,no,,2026-05-15T00:18:32+00:00
388,https://panzyga.pfizerpro.com,https://panzyga.pfizerpro.com/,PANZYGA,,Pfizer,"CIDP in adults, PI in patients 2 years of age and older, and cITP in adults.",16,meta:description,patient fit,patient fit,www.fda.gov/MedWatch,Highest-scoring short promotional candidate from captured page text,quote_extracted,200,no,,2026-05-15T00:18:32+00:00
389,https://precedex.pfizerpro.com,https://precedex.pfizerpro.com/,PRECEDEX,dexmedetomidine HCl,Pfizer,For US healthcare professionals only.,5,meta:description,differentiation,differentiation,,Highest-scoring short promotional candidate from captured page text,quote_extracted,200,no,,2026-05-15T00:18:32+00:00
390,https://solucortef.pfizerpro.com,https://solucortef.pfizerpro.com/,Solu,"hydrocortisone Na succinate for inj, USP",Pfizer,Growth velocity may therefore be a more sensitive indicator of systemic corticosteroid exposure in pediatric patients than some commonly used tests of HPA axis function.,25,body:p,differentiation; patient fit,differentiation,,Highest-scoring short promotional candidate from captured page text,quote_extracted,200,no,,2026-05-15T00:18:32+00:00
391,https://thrombin-jmi.pfizerpro.com,https://thrombin-jmi.pfizerpro.com/,Official,"such as suture, ligature, or cautery",Pfizer,The information provided is for educational purposes only.,8,body:p,differentiation,differentiation,,Highest-scoring short promotional candidate from captured page text,quote_extracted,200,no,,2026-05-15T00:18:32+00:00
392,https://readytouse.pfizerpro.com,https://readytouse.pfizerpro.com/,,800,Pfizer,"Pfizer Hospital’s Ready-to-Use portfolio includes prefilled & emergency syringes, dual-compartment vials, & premix solutions to help support safety, security & efficiency.",19,meta:description,convenience,convenience/dosing,,Highest-scoring short promotional candidate from captured page text,quote_extracted,200,no,,2026-05-15T00:18:32+00:00
393,https://www.pfizermedical.com/eraxis,https://www.pfizermedical.com/eraxis,ERAXIS,anidulafungin,Pfizer,ERAXIS® (anidulafungin) medication page for healthcare professionals to search for scientific information on Pfizer medications.,15,meta:description,positioning,brand positioning,Download Prescribing Information; www.fda.gov/medwatch,Highest-scoring short promotional candidate from captured page text,quote_extracted,200,no,,2026-05-15T00:18:32+00:00
394,https://www.pfizermedical.com/fragmin,https://www.pfizermedical.com/fragmin,FRAGMIN,dalteparin sodium,Pfizer,Fragmin® (dalteparin sodium) medication page for healthcare professionals to search for scientific information on Pfizer medications.,16,meta:description,positioning,brand positioning,Download Prescribing Information; www.fda.gov/medwatch,Highest-scoring short promotional candidate from captured page text,quote_extracted,200,no,,2026-05-15T00:18:32+00:00
395,https://www.barhemsys.com,https://www.barhemsys.com,BARHEMSYS,amisulpride,Acacia Pharma,,,,,,,,no_quote_extracted,error,yes,"SSLError: HTTPSConnectionPool(host='www.barhemsys.com', port=443): Max retries exceeded with url: / (Caused by SSLError(SSLCertVerificationError(1, ""[SSL: CERTIFICATE_VERIFY_FAILED] certificate verify failed: Hostname mismatch, ce",2026-05-15T00:18:33+00:00
396,https://www.byfavo.com,https://www.byfavo.com,Short,remimazolam,Horizon,,,,,,,,no_quote_extracted,error,yes,"SSLError: HTTPSConnectionPool(host='www.byfavo.com', port=443): Max retries exceeded with url: / (Caused by SSLError(SSLCertVerificationError(1, ""[SSL: CERTIFICATE_VERIFY_FAILED] certificate verify failed: Hostname mismatch, certi",2026-05-15T00:18:32+00:00
397,https://www.pemfexy.com,https://www.pemfexy.com/,Pemfexy,2°C to 8°C [36°F to 46°F],,Understanding the PEMFEXY ® Difference,4,h2,positioning,brand positioning,www.fda.gov/medwatch,Highest-scoring short promotional candidate from captured page text,quote_extracted,200,no,,2026-05-15T00:18:33+00:00
398,https://www.belrapzo.com,https://www.belrapzo.com/,BELRAPZO TM,,,The site you’re about to enter is intended for US healthcare professionals only .,14,h1,differentiation,differentiation,,Highest-scoring short promotional candidate from captured page text,quote_extracted,200,no,,2026-05-15T00:18:33+00:00
399,https://www.ryanodex.com,https://www.ryanodex.com/,RYANODEX,dantrolene sodium,Eagle Pharmaceuticals,Designed for fast and efficient administration 1,7,h1,differentiation,differentiation,,Highest-scoring short promotional candidate from captured page text,quote_extracted,200,no,,2026-05-15T00:18:33+00:00
400,https://anthim.com,https://anthim.com/,ANTHIM,obiltoxaximab,Elusys,ANTHIM (obiltoxaximab) is an anthrax antitoxin for treatment and prevention of inhalational anthrax caused by Bacillus anthracis in children and adults,21,meta:description,efficacy; patient fit,efficacy/outcome,,Highest-scoring short promotional candidate from captured page text,quote_extracted,200,no,,2026-05-15T00:18:33+00:00
401,https://impoyz.com/prescribers.html,https://impoyz.com/prescribers.html,IMPOYZ,clobetasol propionate,Primus Pharmaceuticals,This is not the only possible side effect of Impoyz Cream.,11,body:li,differentiation,differentiation,www.fda.gov/medwatch,Highest-scoring short promotional candidate from captured page text,quote_extracted,200,no,,2026-05-15T00:18:33+00:00
402,https://pro.campus.sanofi/us/products/thyrogen,https://pro.campus.sanofi/us/products/thyrogen,Thyrogen® (thyrotropin alfa) Injection,thyrotropin alfa,Sanofi,Choose how to get Thyrogen ® (thyrotropin alfa) for injection for your patients,12,h2,patient fit,patient fit,LEARN MORE; Sign up or Log in; DOWNLOAD,Highest-scoring short promotional candidate from captured page text,quote_extracted,200,no,,2026-05-15T00:18:33+00:00
403,https://hcp.mytesi.com,https://hcp.mytesi.com/,Mytesi,,Napo Pharmaceuticals Inc. MYT-P-0099 Read Important Safety In,NapoCares™ helps patients access their prescription for Mytesi *,8,h1,patient fit,patient fit,LEARN MORE ABOUT NAPOCARES™; View preferences,Highest-scoring short promotional candidate from captured page text,quote_extracted,200,no,,2026-05-15T00:18:33+00:00
404,https://www.secuado.com/professional,https://www.secuado.com/professional/,INDICATION,asenapine,,The first and only FDA-approved transdermal system for adults with schizophrenia,11,h2,differentiation; patient fit,differentiation,Request More Info; Download Form; www.fda.gov/medwatch.,Highest-scoring short promotional candidate from captured page text,quote_extracted,200,no,,2026-05-15T00:18:33+00:00
405,https://exxuahcp.com/,https://exxuahcp.com/,EXXUA,gepirone extended-release,Fabre-Kramer,EXXUA is the first and only selective 5-HT1A agonist approved for the treatment of MDD in adults 1,18,h2,differentiation; patient fit,differentiation,Sign Up; www.fda.gov/medwatch,Highest-scoring short promotional candidate from captured page text,quote_extracted,200,no,,2026-05-15T00:18:33+00:00
406,https://www.ferapharma.com/phospholine-iodide,https://www.ferapharma.com/phospholine-iodide/,FERAPHARMA,,Fera,The only commercially available AChE Inhibitor in eyecare,8,h2,differentiation,differentiation,http://www.FDA.gov/medwatch; View Important Safety Information,Highest-scoring short promotional candidate from captured page text,quote_extracted,200,no,,2026-05-15T00:18:33+00:00
407,https://www.eclatpharma.com/products/bloxiverz.html,https://www.eclatpharma.com/products/bloxiverz.html,BLOXIVERZ,neostigmine methylsulfate,Eclat Pharmaceuticals,,,,,,,,no_quote_extracted,error,yes,"SSLError: HTTPSConnectionPool(host='www.eclatpharma.com', port=443): Max retries exceeded with url: /products/bloxiverz.html (Caused by SSLError(SSLCertVerificationError(1, '[SSL: CERTIFICATE_VERIFY_FAILED] certificate verify fail",2026-05-15T00:18:33+00:00
408,https://www.eclatpharma.com/products/vazculep.html,https://www.eclatpharma.com/products/vazculep.html,Vazculep,,ISPmanager control panel,,,,,,,,no_quote_extracted,error,yes,"SSLError: HTTPSConnectionPool(host='www.eclatpharma.com', port=443): Max retries exceeded with url: /products/vazculep.html (Caused by SSLError(SSLCertVerificationError(1, '[SSL: CERTIFICATE_VERIFY_FAILED] certificate verify faile",2026-05-15T00:18:33+00:00
409,https://zilrettapro.com,https://zilrettapro.com/,Treatment,incidence ≥1%,"Pacira Pharmaceuticals, Inc., a wholly owned subsidiary of Pa",*Defined as time from IA injection to the first daily pain assessment of >30% improvement from baseline.,17,body:p,efficacy; differentiation; convenience,efficacy/outcome,Request a Rep; FlexForward ® Overview; Learn More,Highest-scoring short promotional candidate from captured page text,quote_extracted,200,no,,2026-05-15T00:18:34+00:00
410,https://www.teflaro.com,https://www.teflaro.com/,,,,,,,,,,,no_quote_extracted,403,yes,No short promotional candidate found in captured page text,2026-05-15T00:18:33+00:00
411,https://www.nuzyra.com/hcp,https://www.nuzyrahcp.com/?utm_source=redirect&utm_medium=website&utm_campaign=new_site,NUZYRA,omadacycline,,Prescribe NUZYRA for appropriate adult patients with ABSSSI or CABP,10,h1,patient fit,patient fit,Request Samples; Explore appropriate patient types; Explore clinical data,Highest-scoring short promotional candidate from captured page text,quote_extracted,200,no,,2026-05-15T00:18:34+00:00
412,https://vaxchora.com/resources,https://vaxchora.com/resources/,VAXCHORA,,Bavarian Nordic Inc,Do not administer VAXCHORA to patients who have received oral or parenteral antibiotics within 14 days prior to vaccination.,19,body:p,convenience; patient fit,convenience/dosing,,Highest-scoring short promotional candidate from captured page text,quote_extracted,200,no,,2026-05-15T00:18:33+00:00
413,https://www.nixlice.com/health-care-professionals,https://www.nixlice.com/health-care-professionals,NIX,permethrin,Prestige Consumer Healthcare,Nix® For Health Care Professionals,5,h1,positioning,brand positioning,Learn more about Nix® Ultra,Highest-scoring short promotional candidate from captured page text,quote_extracted,200,no,,2026-05-15T00:18:33+00:00
414,https://www.phazyme.com/healthcare-professionals,https://www.phazyme.com/healthcare-professionals,Phazyme,,Prestige Consumer Healthcare Inc,"Phazyme® comes in 500mg, 250mg and 180mg strengths.",8,meta:description,positioning,brand positioning,Phazyme® Products View all products; About Phazyme® Learn More,Highest-scoring short promotional candidate from captured page text,quote_extracted,200,no,,2026-05-15T00:18:33+00:00
415,https://sernivorx.com,https://sernivorx.com/,Sernivo,atrophy,,SERNIVO Spray is for topical use only.,7,body:li,differentiation,differentiation,LEARN MORE; www.fda.gov/medwatch,Highest-scoring short promotional candidate from captured page text,quote_extracted,200,no,,2026-05-15T00:18:33+00:00
416,https://www.helikit.com/en/physician-information,https://www.helikit.com/en/physician-information/,,CAG,,Helikit - Urea Breath Test,4,h1,positioning,brand positioning,Download Brochure; Download Helikit User Guidelines,Highest-scoring short promotional candidate from captured page text,quote_extracted,200,no,,2026-05-15T00:18:34+00:00
417,https://penthrox.co.uk/healthcare,https://penthrox.co.uk/user-content-select/?referrer=199,PENTHROX,methoxyflurane,Medical Developments International,Ensure you are viewing relevant content,6,h1,positioning,brand positioning,,Highest-scoring short promotional candidate from captured page text,quote_extracted,200,no,,2026-05-15T00:18:36+00:00
418,https://voqueznapro.com,https://voqueznapro.com/,VOQUEZNA,vonoprazan,Phathom,THE POWER OF VOQUEZNA FOR ACID SUPPRESSION,7,h1,positioning,brand positioning,Request A Rep,Highest-scoring short promotional candidate from captured page text,quote_extracted,200,no,,2026-05-15T00:18:34+00:00
419,https://syndros.com,https://syndros.com/,SYNDROS,dronabinol,"Benuvia Operations, LLC",SYNDROS is the first FDA-approved cannabinoid used to treat anorexia in adults with AIDS who have lost weight and chemotherapy-induced nausea and vomiting.,23,meta:description,differentiation; patient fit,differentiation,Overview; Explore Your Options; Explore In Depth,Highest-scoring short promotional candidate from captured page text,quote_extracted,200,no,,2026-05-15T00:18:33+00:00
420,https://www.belbuca.com/hcp,https://www.belbuca.com/hcp/,Belbuca,buprenorphine buccal film,Collegium,Reframe your treatment of severe and persistent pain* with BELBUCA ® (buprenorphine buccal film),13,h1,positioning,brand positioning,Request a Rep; www.fda.gov/safety/medwatch,Highest-scoring short promotional candidate from captured page text,quote_extracted,200,no,,2026-05-15T00:18:34+00:00
421,https://www.thalomidrems.com/index.html,https://www.thalomidrems.com/index.html,Welcome To The Thalomid REMS Program,,Bristol Myers Squibb,Welcome to the THALOMID REMS program,6,h1,positioning,brand positioning,,Highest-scoring short promotional candidate from captured page text,quote_extracted,200,no,,2026-05-15T00:18:34+00:00
422,https://www.yuflyma.com,https://www.yuflyma.com,,,,,,,,,,,no_quote_extracted,error,yes,"ConnectTimeout: HTTPSConnectionPool(host='www.yuflyma.com', port=443): Max retries exceeded with url: / (Caused by ConnectTimeoutError(<urllib3.connection.HTTPSConnection object at 0x106c40230>, 'Connection to www.yuflyma.com timed out.",2026-05-15T00:18:53+00:00
423,https://www.privigen.com/hcp,https://www.privigen.com/hcp,PRIVIGEN,"immune globulin intravenous (human), 10% liquid",CSL Behring,Privigen is proven effective—and is the first and only IVIg designed with proline stabilization,15,h2,efficacy; differentiation,efficacy/outcome,Request Info; Request Information; www.fda.gov/medwatch,Highest-scoring short promotional candidate from captured page text,quote_extracted,200,no,,2026-05-15T00:18:34+00:00
424,https://www.kcentra.com/about,https://www.kcentra.com/about,KCENTRA,,,,,,,,,,no_quote_extracted,200,yes,No short promotional candidate found in captured page text,2026-05-15T00:18:34+00:00
425,https://kengreal.com,https://kengreal.com/,KENGREAL,cangrelor,Chiesi,"Choose KENGREAL ® (cangrelor), the Only IV P2Y 12 Platelet Inhibitor 1",11,h1,differentiation,differentiation,Request a Rep; View More,Highest-scoring short promotional candidate from captured page text,quote_extracted,200,no,,2026-05-15T00:18:34+00:00
426,https://curosurf.com,https://curosurf.com/,CUROSURF® (poractant alfa),poractant alfa,AbbVie,CUROSURF ® (poractant alfa) Delivers Fast RDS Success,7,h1,positioning,brand positioning,REQUEST A REP; Review Clinical Data; Request Information,Highest-scoring short promotional candidate from captured page text,quote_extracted,200,no,,2026-05-15T00:18:34+00:00
427,https://www.merckconnect.com/sivextro/dosing-administration,https://www.merckconnect.com/sivextro/dosing-administration/,Dosing Overview Sivextro,,Merck,SIVEXTRO offers flexible dosing suitable for the outpatient setting,9,h2,convenience,convenience/dosing,"Request samples, vouchers, and/or coupons; Medical information request; Dosing overview",Highest-scoring short promotional candidate from captured page text,quote_extracted,200,no,,2026-05-15T00:18:33+00:00
428,https://www.acetadote.com,https://www.acetadote.com/,,acetylcysteine,,This website is intended for healthcare professionals only.,8,meta:description,differentiation,differentiation,,Highest-scoring short promotional candidate from captured page text,quote_extracted,200,no,,2026-05-15T00:18:34+00:00
429,https://www.caldolor.com,https://caldolor.com/,,ibuprofen,,Approved for adults and pediatric patients as young as 3 months.,11,meta:description,patient fit,patient fit,Explore Caldolor; Learn More; VIEW ALL RESOURCES,Highest-scoring short promotional candidate from captured page text,quote_extracted,200,no,,2026-05-15T00:18:36+00:00
430,https://www.kristalose.com/physicians,https://www.kristalose.com/physicians,KRISTALOSE,,,,,,,,,,no_quote_extracted,error,yes,"SSLError: HTTPSConnectionPool(host='www.kristalose.com', port=443): Max retries exceeded with url: /physicians (Caused by SSLError(SSLCertVerificationError(1, '[SSL: CERTIFICATE_VERIFY_FAILED] certificate verify failed: unable to ",2026-05-15T00:18:34+00:00
431,https://www.sancuso.com/for-providers,https://sancuso.com/for-providers/,SANCUSO,granisetron transdermal system,Kyowa Kirin,Sancuso Transdermal System: Protection for Your Patients,7,h2,efficacy; patient fit,efficacy/outcome,Request a Sancuso Rep; Learn More; www.fda.gov/medwatch,Highest-scoring short promotional candidate from captured page text,quote_extracted,200,no,,2026-05-15T00:18:37+00:00
432,https://www.vibativ.com/,https://www.vibativ.com/,VIBATIV® (telavancin),telavancin,Cumberland Pharmaceuticals Inc,,,,,,,,no_quote_extracted,error,yes,"SSLError: HTTPSConnectionPool(host='www.vibativ.com', port=443): Max retries exceeded with url: / (Caused by SSLError(SSLCertVerificationError(1, '[SSL: CERTIFICATE_VERIFY_FAILED] certificate verify failed: unable to get local iss",2026-05-15T00:18:34+00:00
433,https://www.talicia.com/hcp,https://www.talicia.com/hcp,Official,"omeprazole magnesium, amoxicillin, and rifabutin",RedHill Biopharma Ltd,This may take a few seconds.,6,body:p,positioning,brand positioning,,Highest-scoring short promotional candidate from captured page text,quote_extracted,403,no,,2026-05-15T00:18:34+00:00
434,https://www.alunbrig.com/hcp,https://www.alunbrig.com/hcp,ALUNBRIG,brigatinib,Takeda,"For the Treatment of ALK+ mNSCLC Choose ALUNBRIG ® (brigatinib) for First-Line Efficacy and Long-Term Tolerability 1,2,a",18,h1,efficacy; differentiation,efficacy/outcome,Request a Rep; EXPLORE FIRST-LINE EFFICACY; WATCH NOW,Highest-scoring short promotional candidate from captured page text,quote_extracted,200,no,,2026-05-15T00:18:34+00:00
435,https://www.iclusig.com/hcp,https://www.iclusig.com/hcp,ICLUSIG,ponatinib,Takeda Oncology,"See efficacy, safety, dosing, and support for ICLUSIG in CML and Ph+ ALL.",13,meta:description,efficacy; convenience,efficacy/outcome,Dosing Overview; Request a Rep; Learn More,Highest-scoring short promotional candidate from captured page text,quote_extracted,200,no,,2026-05-15T00:18:34+00:00
436,https://www.plenvuhcp.com,https://www.plenvuhcp.com/,PLENVU,,,"PLENVU® (PEG 3350, Sodium Ascorbate, Sodium Sulfate, Ascorbic Acid, Sodium Chloride, and Potassium Chloride for oral solution).",17,meta:description,convenience,convenience/dosing,REQUEST A REP; www.fda.gov/medwatch,Highest-scoring short promotional candidate from captured page text,quote_extracted,200,no,,2026-05-15T00:18:36+00:00
437,https://www.ilumyasupport.com,https://www.ilumyasupport.com,ILUMYA,tildrakizumab-asmn,Sun Pharma,,,,,,,,no_quote_extracted,error,yes,"SSLError: HTTPSConnectionPool(host='www.ilumyasupport.com', port=443): Max retries exceeded with url: / (Caused by SSLError(SSLCertVerificationError(1, '[SSL: CERTIFICATE_VERIFY_FAILED] certificate verify failed: unable to get loc",2026-05-15T00:18:34+00:00
438,https://www.yonsarx.com,https://www.yonsarx.com/,YONSA® (abiraterone acetate),abiraterone acetate,,"YONSA® is the first and only 500 mg dose of abiraterone acetate approved by the FDA, when used with methylprednisolone.",20,meta:description,differentiation,differentiation,,Highest-scoring short promotional candidate from captured page text,quote_extracted,200,no,,2026-05-15T00:18:34+00:00
439,https://www.pyzchiva.com/pro,https://www.pyzchiva.com/pro/,Official,medications We are committed to increasing access,,"Discover PYZCHIVA®: a healthcare hub with clinical data, dosing guidance, and patient support.",13,meta:description,convenience,convenience/dosing,,Highest-scoring short promotional candidate from captured page text,quote_extracted,200,no,,2026-05-15T00:18:37+00:00
440,https://www.hyrimoz.com/pro,https://www.hyrimoz.com/pro/,HYRIMOZ,adalimumab-adaz,,HYRIMOZ (adalimumab-adaz) overview | HYRIMOZ PRO,5,title,positioning,brand positioning,,Highest-scoring short promotional candidate from captured page text,quote_extracted,200,no,,2026-05-15T00:18:34+00:00
441,https://www.qelbreehcp.com,https://www.qelbreehcp.com/,QELBREE,viloxazine extended-release capsules,Supernus Pharmaceuticals,Consider once-daily Qelbree for your ADHD patients 6 years and older 1,12,h2,convenience; patient fit,convenience/dosing,SIGN UP; REQUEST A REPRESENTATIVE; Request Samples,Highest-scoring short promotional candidate from captured page text,quote_extracted,200,no,,2026-05-15T00:18:37+00:00
442,https://www.trokendixrhcp.com,https://www.trokendixrhcp.com/,TROKENDIXR,,Supernus,"Effective migraine prevention may be possible with Trokendi XR 1,2",11,h1,efficacy,efficacy/outcome,Download or Activate a Co-Pay Card; Download or Activate Co-Pay Card,Highest-scoring short promotional candidate from captured page text,quote_extracted,200,no,,2026-05-15T00:18:37+00:00
443,https://arakoda.com,https://arakoda.com/,ARAKODA,tafenoquine,60 Degrees Pharmaceuticals,A New Standard of Care With ARAKODA,7,h2,positioning,brand positioning,DOWNLOAD MONOGRAPH; DOWNLOAD DOSING CARD; Click to Download,Highest-scoring short promotional candidate from captured page text,quote_extracted,200,no,,2026-05-15T00:18:36+00:00
444,https://npthyroid.com/for-practitioners,https://npthyroid.com/for-practitioners/,Npthyroid,no,Endo,Understand why DTE therapy may be right for your patients,10,h2,patient fit,patient fit,Overview; Request Free Samples; Request Samples,Highest-scoring short promotional candidate from captured page text,quote_extracted,200,no,,2026-05-15T00:18:37+00:00
445,https://rhopressa.myalcon.com/ecp,https://rhopressa.myalcon.com/ecp/,Rhopressa,approximately 20%,Alcon,The corneal verticillata seen in Rhopressa ® - treated patients were first noted at 4 weeks of daily dosing.,17,body:p,differentiation; convenience; patient fit,differentiation,explore; View Safety & Dosing; www.fda.gov/medwatch,Highest-scoring short promotional candidate from captured page text,quote_extracted,200,no,,2026-05-15T00:18:36+00:00
446,https://rocklatan.myalcon.com/ecp,https://rocklatan.myalcon.com/ecp/,,netarsudil and latanoprost ophthalmic solution,,"Eye pruritus, visual acuity reduced, increased lacrimation, instillation site discomfort, and blurred vision were reported in 5-8% of patients.",19,body:p,efficacy; patient fit,efficacy/outcome,Explore; View the Efficacy Data; View Safety & Dosing,Highest-scoring short promotional candidate from captured page text,quote_extracted,200,no,,2026-05-15T00:18:36+00:00
447,https://www.conexxencerems.com,https://www.conexxencerems.com,CONEXXENCE REMS,,,,,,,,,,no_quote_extracted,error,yes,"SSLError: HTTPSConnectionPool(host='www.conexxencerems.com', port=443): Max retries exceeded with url: / (Caused by SSLError(SSLCertVerificationError(1, '[SSL: CERTIFICATE_VERIFY_FAILED] certificate verify failed: unable to get lo",2026-05-15T00:18:37+00:00
448,https://biosimilars.fresenius-kabi.com/portfolio/products/bomyntra,https://biosimilars.fresenius-kabi.com/portfolio/products/bomyntra,BOMYNTRA,denosumab-bnht,Fresenius Kabi,Help protect movement with BOMYNTRA® (denosumab-bnht),6,h1,efficacy,efficacy/outcome,Overview; Learn More,Highest-scoring short promotional candidate from captured page text,quote_extracted,200,no,,2026-05-15T00:18:37+00:00
449,https://biosimilars.fresenius-kabi.com/portfolio/products/otulfi,https://biosimilars.fresenius-kabi.com/portfolio/products/otulfi,OTULFI,ustekinumab-aauz,Fresenius Kabi,OTULFI®: Committed to today & tomorrow,5,h1,positioning,brand positioning,Overview; Learn More; www.fda.gov/medwatch,Highest-scoring short promotional candidate from captured page text,quote_extracted,200,no,,2026-05-15T00:18:37+00:00
450,https://biosimilars.fresenius-kabi.com/portfolio/products/conexxence,https://biosimilars.fresenius-kabi.com/portfolio/products/conexxence,CONEXXENCE® (denosumab,denosumab-bnht,Fresenius Kabi,Monitor serum calcium weekly for the first month after Conexxence administration and monthly thereafter.,14,body:p,differentiation; convenience,differentiation,Overview; Learn More,Highest-scoring short promotional candidate from captured page text,quote_extracted,200,no,,2026-05-15T00:18:37+00:00
451,https://www.novologpro.com,https://www.novomedlink.com/diabetes/products/treatments/novolog.html,Official,,Novo Nordisk,NovoLog ® —an insulin analog indicated to improve glycemic control in adults and children with diabetes mellitus.,16,h1,efficacy; patient fit,efficacy/outcome,Sample Requests; Make a Request; View dosing and administration,Highest-scoring short promotional candidate from captured page text,quote_extracted,200,no,,2026-05-15T00:18:39+00:00
452,https://www.ozempicpro.com,https://www.novomedlink.com/diabetes/products/treatments/ozempic.html,VICTOZA,liraglutide,Novo Nordisk,"In placebo-controlled trials to improve glycemic control, cholelithiasis was reported in 1% of patients treated with semaglutide tablets 7 mg.",20,body:li,efficacy; patient fit,efficacy/outcome,Sample Requests; Make a Request; Explore,Highest-scoring short promotional candidate from captured page text,quote_extracted,200,no,,2026-05-15T00:18:40+00:00
453,https://www.novomedlink.com/diabetes/products/treatments/victoza.html,https://www.novomedlink.com/diabetes/products/treatments/victoza.html,VICTOZA,liraglutide,Novo Nordisk,Victoza ® is a once-daily GLP-1 RA therapy for patients with type 2 diabetes,13,h1,convenience; patient fit,convenience/dosing,Sample Requests; Make a Request; View dosing information,Highest-scoring short promotional candidate from captured page text,quote_extracted,200,no,,2026-05-15T00:18:37+00:00
454,https://www.soliqua100-33.com/hcp,https://pro.campus.sanofi/us/products/soliqua,SOLIQUA,,Sanofi,SOLIQUA 100/33 is not recommended in patients with end-stage renal disease.,12,body:li,patient fit,patient fit,,Highest-scoring short promotional candidate from captured page text,quote_extracted,200,no,,2026-05-15T00:18:40+00:00
455,https://www.synvisconehcp.com,https://pro.campus.sanofi/us/products/synviscone,SYNVISC,hylan G-F 20,Sanofi,SYNVISC ® (hylan G-F 20) and SYNVISC-ONE ® (hylan G-F 20),9,h1,positioning,brand positioning,VIEW THE DATA; View Demonstration; View Here,Highest-scoring short promotional candidate from captured page text,quote_extracted,200,no,,2026-05-15T00:18:39+00:00
456,https://www.thymoglobulin.com,https://pro.campus.sanofi/us/products/thymoglobulin,Thymoglobulin® Anti,Rabbit,Sanofi,Personalize your patient’s maintenance immunosuppression regimen while on Thymoglobulin 1,11,h2,positioning,brand positioning,View Risk Factors; View the Data,Highest-scoring short promotional candidate from captured page text,quote_extracted,200,no,,2026-05-15T00:18:40+00:00
457,https://pro.campus.sanofi/us/products/toujeo,https://pro.campus.sanofi/us/products/toujeo,U 300,insulin glargine,Sanofi,Toujeo is a long-acting human insulin analog indicated to improve glycemic control in adults and pediatric patients 6 years and older with diabetes mellitus.,24,body:p,efficacy; patient fit,efficacy/outcome,Clinical Overview ; Request Samples,Highest-scoring short promotional candidate from captured page text,quote_extracted,200,no,,2026-05-15T00:18:38+00:00
458,https://www.tzieldhcp.com,https://www.tzieldhcp.com/,T1D,teplizumab-mzwv,Sanofi,Discover the possibilities of the first and only treatment indicated to delay the onset of Stage 3 T1D in appropriate patients.,21,body:p,differentiation; patient fit,differentiation,,Highest-scoring short promotional candidate from captured page text,quote_extracted,200,no,,2026-05-15T00:18:38+00:00
459,https://pro.campus.sanofi/us/products/wayrilz,https://pro.campus.sanofi/us/products/wayrilz,CEREZYME,imiglucerase,Sanofi,Discover the use of WAYRILZ™ (rilzabrutinib) as an oral BTK inhibitor in immune thrombocytopenia (ITP).,15,meta:description,convenience,convenience/dosing,VIEW EFFICACY DATA; EXPLORE SAFETY,Highest-scoring short promotional candidate from captured page text,quote_extracted,200,no,,2026-05-15T00:18:38+00:00
460,https://www.xenpozyme.com/hcp,https://www.xenpozyme.com/hcp,XENPOZYME,olipudase alfa-rpcp,Genzyme,Help patients with ASMD reclaim their potential with XENPOZYME,9,h1,patient fit,patient fit,Request Information; Downloadable Resources; View efficacy data,Highest-scoring short promotional candidate from captured page text,quote_extracted,200,no,,2026-05-15T00:18:39+00:00
461,https://pro.campus.sanofi/us/products/zaltrap,https://pro.campus.sanofi/us/products/zaltrap,ZALTRAP,ziv-aflibercept,Sanofi,"Of patients treated with ZALTRAP/FOLFIRI who developed Grade 3-4 hypertension, 54% had onset during the first two cycles of treatment.",21,body:li,differentiation; patient fit,differentiation,,Highest-scoring short promotional candidate from captured page text,quote_extracted,200,no,,2026-05-15T00:18:38+00:00
462,https://pro.campus.sanofi/us/products/avapro,https://pro.campus.sanofi/us/products/avapro,AVA,irbesartan,Sanofi,AVAPRO is a once-a-day oral angiotensin II receptor blocker (ARB) with demonstrated efficacy in treating mild-to-moderate hypertension.,17,body:p,efficacy; convenience,efficacy/outcome,,Highest-scoring short promotional candidate from captured page text,quote_extracted,200,no,,2026-05-15T00:18:38+00:00
463,https://www.copiktrahcp.com,https://copiktrahcp.com/cll-sll/,SLL,chronic lymphocytic leukemia/small lymphocytic lymphoma,"National Comprehensive Cancer Network, Inc. 2025",For adult patients with relapsed or refractory CLL or SLL after at least 2 prior systemic therapies 1,18,h1,patient fit,patient fit,Request a Representative; www.fda.gov/medwatch,Highest-scoring short promotional candidate from captured page text,quote_extracted,200,no,,2026-05-15T00:18:41+00:00
464,https://www.oncaspar.com/hcp,https://www.oncaspar.com/hcp,ALL,pegaspargase,,,,,,,,,no_quote_extracted,error,yes,"SSLError: HTTPSConnectionPool(host='www.oncaspar.com', port=443): Max retries exceeded with url: /hcp (Caused by SSLError(SSLCertVerificationError(1, '[SSL: CERTIFICATE_VERIFY_FAILED] certificate verify failed: unable to get local",2026-05-15T00:18:39+00:00
465,https://www.sareptadmd.com/exondys51,https://www.sareptadmd.com/exondys51/,EXONDYS 51,eteplirsen,Sarepta Therapeutics,of patients biopsied demonstrated exon skipping with EXONDYS 51 1,10,body:p,patient fit,patient fit,Explore Amenable Gene Deletions; Learn More,Highest-scoring short promotional candidate from captured page text,quote_extracted,200,no,,2026-05-15T00:18:41+00:00
466,https://www.sareptadmd.com/vyondys53,https://www.sareptadmd.com/vyondys53/,SAREPTADMD,in VYONDYS 53,Sarepta Therapeutics,Patients Treated With VYONDYS 53 Had a Mean Change in Dystrophin Levels of 0.92% at 48 Weeks 1,19,h2,patient fit,patient fit,Explore Amenable Gene Deletions; www.fda.gov/medwatch; Learn More,Highest-scoring short promotional candidate from captured page text,quote_extracted,200,no,,2026-05-15T00:18:41+00:00
467,https://www.mulpleta.com,https://www.mulpleta.com/,MULPLETA,lusutrombopag,Shionogi,Mulpleta® (lusutrombopag) 3mg tablets,4,h1,positioning,brand positioning,,Highest-scoring short promotional candidate from captured page text,quote_extracted,200,no,,2026-05-15T00:18:40+00:00
468,https://cequapro.com,https://cequapro.com/,Cyclosporine Eye Drops,cyclosporine ophthalmic solution,,Common side effects include eye pain and redness.,8,meta:description,positioning,brand positioning,,Highest-scoring short promotional candidate from captured page text,quote_extracted,200,no,,2026-05-15T00:18:40+00:00
469,https://www.bromsite.com,https://www.bromsite.com/,Bromsite,,"Sun Pharmaceutical Industries, Inc",,,,,,,,no_quote_extracted,200,yes,No short promotional candidate found in captured page text,2026-05-15T00:18:40+00:00
470,https://payercoverage.zarxio.com,https://payercoverage.zarxio.com/,ZARXIO,filgrastim-sndz,,ZARXIO ® (filgrastim-sndz) Has Exceptional Coverage Under National and Regional Plans,10,h2,positioning,brand positioning,View More; View Less; www.fda.gov/medwatch,Highest-scoring short promotional candidate from captured page text,quote_extracted,200,no,,2026-05-15T00:18:40+00:00
471,https://payercoverage.ziextenzo.com,https://payercoverage.ziextenzo.com/,ZIEXTENZO,pegfilgrastim-bmez,Sandoz,This program is for insured patients only; cash-paying or uninsured patients are not eligible.,14,body:p,differentiation; patient fit,differentiation,View More; View Less; Learn more,Highest-scoring short promotional candidate from captured page text,quote_extracted,200,no,,2026-05-15T00:18:41+00:00
472,https://narcan.com/en/healthcare-professionals,https://narcan.com/en/healthcare-professionals,OTC NARCAN,naloxone HCl,"Emergent Devices Inc. Plymouth Meeting, PA",Educate your patients on the availability and usage today.,9,meta:description,patient fit,patient fit,Learn More,Highest-scoring short promotional candidate from captured page text,quote_extracted,200,no,,2026-05-15T00:18:41+00:00
473,https://www.inmazeb.com,https://www.inmazeb.com/,INMAZEB,atoltivimab/maftivimab/odesivimab-ebgn,Regeneron,,,,,,,,no_quote_extracted,200,yes,No short promotional candidate found in captured page text,2026-05-15T00:18:41+00:00
474,https://feraheme.com/home,https://feraheme.com/home/,Iron Deficiency Anemia,ferumoxytol injection,Covis Pharma GmbH,Allergic reactions have occurred following the first dose or subsequent doses in patients in whom a previous dose was tolerated.,20,body:p,differentiation; patient fit,differentiation,Downloadable Resources; Learn more about dosing; REVIEW DATA FOR HYPOPHOSPHATEMIA,Highest-scoring short promotional candidate from captured page text,quote_extracted,200,no,,2026-05-15T00:18:41+00:00
475,https://eucrisa.pfizerpro.com,https://eucrisa.pfizerpro.com/,Eucrisa,crisaborole,Pfizer,"EUCRISA is for topical use only and is not for ophthalmic, oral, or intravaginal use.",15,body:p,differentiation; convenience,differentiation,,Highest-scoring short promotional candidate from captured page text,quote_extracted,200,no,,2026-05-15T00:18:41+00:00
476,https://braftovi.pfizerpro.com,https://braftovi.pfizerpro.com/,BRAF,encorafenib,Pfizer,Hemorrhage occurred in 34% of patients receiving BRAFTOVI in combination with cetuximab and mFOLFOX6,14,body:p,patient fit,patient fit,,Highest-scoring short promotional candidate from captured page text,quote_extracted,200,no,,2026-05-15T00:18:41+00:00
477,https://tirosintsol.com/healthcare-professional-resources,https://tirosintsol.com/healthcare-professional-resources,TIROSINT-SOL,levothyroxine sodium,IBSA Pharma,"In euthyroid patients, doses within the range of daily hormonal requirements are ineffective for weight reduction.",16,body:p,efficacy; convenience; patient fit,efficacy/outcome,View all results »; www.fda.gov/medwatch,Highest-scoring short promotional candidate from captured page text,quote_extracted,404,no,,2026-05-15T00:18:41+00:00
478,https://www.xacduro.com,https://www.xacduro.com/,XACDURO,,Innoviva Specialty,"colistin for patients with serious infections due to ABC, including CRABC strains, XACDURO demonstrated",14,body:p,patient fit,patient fit,Explore XACDURO; Learn more; Learn more about safety,Highest-scoring short promotional candidate from captured page text,quote_extracted,200,no,,2026-05-15T00:18:41+00:00
479,https://www.roxybond.com,https://www.roxybond.com/,ROXYBOND,oxycodone hydrochloride,Protega Pharmaceuticals,RoxyBond is the first and only abuse-deterrent immediate release oxycodone HCL,11,h1,differentiation,differentiation,RoxyBond Overview,Highest-scoring short promotional candidate from captured page text,quote_extracted,200,no,,2026-05-15T00:18:41+00:00
480,https://www.zirganpro.com,https://www.zirganpro.com/,ZIRGAN® (ganciclovir ophthalmic gel),ganciclovir ophthalmic gel,Bausch + Lomb,selectively and effectively target virus-infected cells,6,h1,efficacy; differentiation,efficacy/outcome,Request Samples; Learn more; www.fda.gov/medwatch,Highest-scoring short promotional candidate from captured page text,quote_extracted,200,no,,2026-05-15T00:18:41+00:00
481,https://pro.campus.sanofi/us/products/fabrazyme,https://pro.campus.sanofi/us/products/fabrazyme,Fabrazyme,,Sanofi,"Think Fabrazyme ® (agalsidase beta) first, at every stage 1",9,h1,differentiation,differentiation,Request a Rep; View Clinical Data; Explore Long-term Experience,Highest-scoring short promotional candidate from captured page text,quote_extracted,200,no,,2026-05-15T00:18:41+00:00
482,https://pro.campus.sanofi/us/products/aldurazyme,https://pro.campus.sanofi/us/products/aldurazyme,CEREZYME,imiglucerase,Sanofi,Aldurazyme is an enzyme replacement therapy indicated to treat adult and pediatric patients with mucopolysaccharidosis type I (MPS I) disease.,20,meta:description,patient fit,patient fit,Request a Rep; View the Data →,Highest-scoring short promotional candidate from captured page text,quote_extracted,200,no,,2026-05-15T00:18:41+00:00
483,https://pro.campus.sanofi/us/products/cerdelga,https://pro.campus.sanofi/us/products/cerdelga,CEREZYME,imiglucerase,Sanofi,Cerdelga is the ONLY first-line oral therapy indicated for the long-term treatment of most naive and switch adult patients with Gaucher disease type 1.,24,body:p,differentiation; convenience; patient fit,differentiation,Request a Rep,Highest-scoring short promotional candidate from captured page text,quote_extracted,200,no,,2026-05-15T00:18:41+00:00
484,https://www.vasostrictrtu.com,https://www.trudelivery.com/products/vasostrict-injection/,USP PREVDUO,neostigmine methylsulfate and glycopyrrolate,Par Health,Vasostrict ® (vasopressin in 5% dextrose injection),6,h1,positioning,brand positioning,Request Information; View Product,Highest-scoring short promotional candidate from captured page text,quote_extracted,200,no,,2026-05-15T00:18:42+00:00
485,https://www.rhofadehcp.com,https://www.rhofadehcp.com/,RHOFADE,oxymetazoline HCl,Mayne Pharma,A physician's guide to RHOFADE™ (oxymetazoline HCl) cream 1%—for the topical treatment of persistent facial erythema associated with rosacea in adults.,22,meta:description,patient fit,patient fit,,Highest-scoring short promotional candidate from captured page text,quote_extracted,200,no,,2026-05-15T00:18:42+00:00
486,https://www.prezcobixhcp.com,https://www.prezcobixhcp.com/,PREZCOBIXÂ,,Janssen,There’s another treatment from the makers of PREZCOBIX ®,9,h1,positioning,brand positioning,Explore Savings Options; Learn More,Highest-scoring short promotional candidate from captured page text,quote_extracted,200,no,,2026-05-15T00:18:42+00:00
487,https://www.procrit.com/hcp,https://www.procrit.com/hcp,Procrit,benzyl alcohol and is contraindicated in,Janssen,Iron and PROCRIT ® in chronic kidney disease,7,h2,positioning,brand positioning,Learn more >,Highest-scoring short promotional candidate from captured page text,quote_extracted,200,no,,2026-05-15T00:18:42+00:00
488,https://www.defitelio.com,https://www.defitelio.com/,,defibrotide sodium,Jazz,EXTINGUISH VOD/SOS WITH RENAL OR PULMONARY DYSFUNCTION POST HSCT,10,h1,positioning,brand positioning,Submit a request; Learn more; Explore,Highest-scoring short promotional candidate from captured page text,quote_extracted,200,no,,2026-05-15T00:18:42+00:00
489,https://www.rylazepro.com,https://www.rylazepro.com/,RYLAZE,asparaginase erwinia chrysanthemi (recombinant)-rywn,Jazz Pharmaceuticals,RELY ON RYLAZE TO COMPLETE THEIR ASPARAGINASE JOURNEY,8,h1,differentiation,differentiation,Submit a Medical Information Request Form; Learn More,Highest-scoring short promotional candidate from captured page text,quote_extracted,200,no,,2026-05-15T00:18:42+00:00
490,https://www.terlivaz.com,https://www.terlivaz.com,TERLIVAZ,,Eli Lilly and Company,,,,,,,,no_quote_extracted,error,yes,"SSLError: HTTPSConnectionPool(host='www.terlivaz.com', port=443): Max retries exceeded with url: / (Caused by SSLError(SSLCertVerificationError(1, '[SSL: CERTIFICATE_VERIFY_FAILED] certificate verify failed: unable to get local is",2026-05-15T00:18:42+00:00
491,https://www.doryx.com,https://www.maynepharma.com/us-products/doryx-delayed-release-tablets-doxycycline-hyclate/,DORYX,doxycycline hyclate,Mayne Pharma,DORYX® Delayed-Release Tablets - Mayne Pharma Group Limited,7,title,positioning,brand positioning,www.fda.gov/medwatch,Highest-scoring short promotional candidate from captured page text,quote_extracted,200,no,,2026-05-15T00:18:51+00:00
492,https://tolsura.com,https://tolsura.com/,Tolsura,itraconazole,Mayne Pharma Commercial LLC,"COVERED, ELIGIBLE PATIENTS MAY PAY AS LITTLE AS $0*",9,h2,patient fit,patient fit,DOWNLOAD SAVINGS CARD; www.fda.gov/medwatch,Highest-scoring short promotional candidate from captured page text,quote_extracted,200,no,,2026-05-15T00:18:43+00:00
493,https://www.zypitamag.com,https://www.zypitamag.com/,LIVALO,,Medicure Pharma,"""ZYPITAMAG is a fundamentally different statin.""",6,h1,differentiation,differentiation,Learn More; Learn more about ZYPITAMAG's adherence rates; Sign Up,Highest-scoring short promotional candidate from captured page text,quote_extracted,200,no,,2026-05-15T00:18:44+00:00
494,https://www.merckvaccines.com/gardasil9,https://www.merckvaccines.com/gardasil9,,,Merck,Help prevent certain HPV-related cancers by vaccinating appropriate males and females ages 9-45 today,14,h1,efficacy; patient fit,efficacy/outcome,View more contact options,Highest-scoring short promotional candidate from captured page text,quote_extracted,200,no,,2026-05-15T00:18:42+00:00
495,https://www.baxdela.com,https://www.baxdela.com/,BAXDELA,delafloxacin,Melinta Therapeutics,BAXDELA (delafloxacin) is an FDA approved medication.,7,meta:description,positioning,brand positioning,ABSSSI Study Overview,Highest-scoring short promotional candidate from captured page text,quote_extracted,200,no,,2026-05-15T00:18:42+00:00
496,https://www.aphexda.com,https://www.aphexda.com/,APHEXDA,motixafortide,,APHEXDA + filgrastim indicated to mobilize hematopoietic stem cells to peripheral blood for autologous transplant in patients with multiple myeloma.,19,meta:description,patient fit,patient fit,,Highest-scoring short promotional candidate from captured page text,quote_extracted,200,no,,2026-05-15T00:18:42+00:00
497,https://www.posluma.com,https://www.posluma.com,POSLUMA,flotufolastat F 18,Blue Earth Diagnostics,,,,,,,,no_quote_extracted,error,yes,"SSLError: HTTPSConnectionPool(host='www.posluma.com', port=443): Max retries exceeded with url: / (Caused by SSLError(SSLCertVerificationError(1, '[SSL: CERTIFICATE_VERIFY_FAILED] certificate verify failed: unable to get local iss",2026-05-15T00:18:42+00:00
498,https://probuphinerems.com/healthcare-providers/,https://probuphinerems.com/healthcare-providers/,Providers,REMS,,Healthcare providers who prescribe Probuphine shall be specially certified.,9,body:p,positioning,brand positioning,VIEW REQUIREMENTS; www.fda.gov/medwatch,Highest-scoring short promotional candidate from captured page text,quote_extracted,200,no,,2026-05-15T00:18:42+00:00
499,https://www.xifaxan.com/hcp,https://www.xifaxan.com/hcp/,Xifaxan,June 2022 to June 2023,Salix Pharmaceuticals or its affiliates. XIFI.0146.USA.23 CAL,XIFAXAN® (rifaximin) for patients with Overt HE and IBS-D | HCP,10,title,patient fit,patient fit,www.fda.gov/medwatch,Highest-scoring short promotional candidate from captured page text,quote_extracted,200,no,"Page may be gated, blocked, or JavaScript dependent",2026-05-15T00:18:42+00:00
500,https://www.relistorhcp.com,https://www.relistorhcp.com/,,methylnaltrexone bromide,,RELISTOR tablets provide patients with chronic non-cancer pain (CNCP) and OIC the convenience of once-daily oral therapy.,17,body:p,convenience; patient fit,convenience/dosing,Request A Rep; Learn more; www.fda.gov/medwatch,Highest-scoring short promotional candidate from captured page text,quote_extracted,200,no,"Page may be gated, blocked, or JavaScript dependent",2026-05-15T00:18:42+00:00
501,https://www.sarclisahcp.com,https://pro.campus.sanofi/us/products/sarclisa,CEREZYME,imiglucerase,Sanofi,"SARCLISA: The first FDA-approved anti-CD38 + VRd therapy for patients with NDMM not eligible for transplant 1,2",17,h3,differentiation; patient fit,differentiation,Explore the IMROZ Trial; Explore Patient Profiles; Explore RRMM,Highest-scoring short promotional candidate from captured page text,quote_extracted,200,no,,2026-05-15T00:18:46+00:00
502,https://fibrygausa.com,https://fibrygausa.com/,FIBRYGAUSA,,Octapharma USA,"Discover the first and only FDA-approved fibrinogen concentrate for bleeding patients with acquired fibrinogen deficiency (AFD) , also known as acquired hypofibrinogenemia.",21,body:p,differentiation; convenience; patient fit,differentiation,Explore what sets fibryga apart; See the data; Review the data,Highest-scoring short promotional candidate from captured page text,quote_extracted,200,no,,2026-05-15T00:18:43+00:00
503,https://octaplasusa.com,https://octaplasusa.com/,OCTAPLAS,pooled human plasma,Octapharma,"Expect Consistency with octaplas Octaplas is an FDA approved solvent/detergent treated, pooled human plasma approved for multiple indications",19,h1,positioning,brand positioning,,Highest-scoring short promotional candidate from captured page text,quote_extracted,200,no,,2026-05-15T00:18:43+00:00
504,https://balfaxar.com,https://balfaxar.com/,BALFAXAR,first licensed in Germany as Octaplex in 2003,CSL Behring,"BALFAXAR demonstrated similar efficacy and safety to Kcentra in a head-to-head clinical trial 1,2",15,body:p,efficacy,efficacy/outcome,www.fda.gov/medwatch,Highest-scoring short promotional candidate from captured page text,quote_extracted,200,no,,2026-05-15T00:18:42+00:00
505,https://qlosiecp.com,https://qlosiecp.com/,Qlosi,"e.g., blurred vision","Orasis Pharmaceuticals, Inc",See how Qlosi can help your presbyopia patients experiencing blurry near vision.,12,meta:description,patient fit,patient fit,Request an Account Manager; Sign Up; Request samples,Highest-scoring short promotional candidate from captured page text,quote_extracted,200,no,,2026-05-15T00:18:43+00:00
506,https://obcomplete.com,https://obcomplete.com/,,1000 IU,,"OB Complete prescription multivitamins support women's nutritional status pre-conception, throughout pregnancy, and in the postnatal period.",16,meta:description,differentiation; convenience,differentiation,HCP Sample Request; Learn More; Request Samples,Highest-scoring short promotional candidate from captured page text,quote_extracted,200,no,,2026-05-15T00:18:43+00:00
507,https://hylenex.com,https://hylenex.com/,HYLENEX,hyaluronidase human injection,Halozyme,About HYLENEX® recombinant (hyaluronidase) injection,5,h2,positioning,brand positioning,www.fda.gov/medwatch,Highest-scoring short promotional candidate from captured page text,quote_extracted,200,no,,2026-05-15T00:18:44+00:00
508,https://www.mitigare.com/faqs-for-healthcare-professionals,https://www.mitigare.com/faqs-for-healthcare-professionals,MITIGARE,,,,,,,,,,no_quote_extracted,error,yes,"ConnectTimeout: HTTPSConnectionPool(host='www.mitigare.com', port=443): Max retries exceeded with url: /faqs-for-healthcare-professionals (Caused by ConnectTimeoutError(<urllib3.connection.HTTPSConnection object at 0x112155190>, 'Connec",2026-05-15T00:19:02+00:00
509,https://us.ryaltris.com,https://us.ryaltris.com/,RYALTRIS,665 mcg olopatadine hydrochloride and 25 mcg mometasone furoate,"Glenmark Pharmaceuticals Inc., USA",Give patients who suffer from seasonal allergic rhinitis the relief they deserve with RYALTRIS®,14,meta:description,efficacy; patient fit,efficacy/outcome,View Patient Site; View Healthcare Professionals Site; Sample Requests,Highest-scoring short promotional candidate from captured page text,quote_extracted,200,no,,2026-05-15T00:18:43+00:00
510,https://pylarify.com,https://pylarify.com/,Prostate Cancer Diagnostic Imaging,piflufolastat F 18,Lantheus,PYLARIFY (piflufolastat F 18) is a PSMA-targeted PET imaging agent for prostate cancer.,13,meta:description,differentiation,differentiation,Sign Up for Updates; Learn more about patient impact; Learn more about Lantheus Link,Highest-scoring short promotional candidate from captured page text,quote_extracted,200,no,,2026-05-15T00:18:44+00:00
511,https://www.lantheusspect.com/technelite,https://www.lantheusspect.com/technelite,Not Found,,,,,,,,,,no_quote_extracted,404,yes,No short promotional candidate found in captured page text,2026-05-15T00:18:44+00:00
512,https://abelcet.com,https://abelcet.com,,,,,,,,,,,no_quote_extracted,error,yes,"SSLError: HTTPSConnectionPool(host='abelcet.com', port=443): Max retries exceeded with url: / (Caused by SSLError(SSLError(1, '[SSL: SSLV3_ALERT_HANDSHAKE_FAILURE] sslv3 alert handshake failure (_ssl.c:1000)')))",2026-05-15T00:18:44+00:00
513,https://cystaran.com/hcp,https://www.cystaran.com/hcp/,CYSTARAN,cysteamine ophthalmic solution,Leadiant Biosciences,"CYSTARAN ® , A Crystal-Clear Solution in an Easy-to-Use Bottle",8,h1,positioning,brand positioning,Cystinosis Overview; Learn More; LEARN MORE >,Highest-scoring short promotional candidate from captured page text,quote_extracted,200,no,,2026-05-15T00:18:48+00:00
514,https://matulane.com,https://matulane.com,MATULANE,,,,,,,,,,no_quote_extracted,error,yes,"SSLError: HTTPSConnectionPool(host='matulane.com', port=443): Max retries exceeded with url: / (Caused by SSLError(SSLError(1, '[SSL: SSLV3_ALERT_HANDSHAKE_FAILURE] sslv3 alert handshake failure (_ssl.c:1000)')))",2026-05-15T00:18:45+00:00
515,https://www.dalvanceconnects.com,https://www.dalvance.com/?source=dalvanceconnects,DALVANCE,dalbavancin,AbbVie,,,,,,,,no_quote_extracted,403,yes,No short promotional candidate found in captured page text,2026-05-15T00:18:47+00:00
516,https://www.4ventavis.com,https://www.4ventavis.com,4Ventavis,,,,,,,,,,no_quote_extracted,error,yes,"ConnectionError: HTTPSConnectionPool(host='www.4ventavis.com', port=443): Max retries exceeded with url: / (Caused by NameResolutionError(""<urllib3.connection.HTTPSConnection object at 0x112419e50>: Failed to resolve 'www.4ventavis.com' ",2026-05-15T00:18:42+00:00
517,https://www.ziiherahcp.com,https://www.ziiherahcp.com/,Zanidatamab HRII,,Jazz Pharmaceuticals,IRRs occurred on the first day of dosing in 28% of patients; 97% of IRRs resolved within one day.,19,body:p,differentiation; convenience; patient fit,differentiation,Explore the MOA; See the Data,Highest-scoring short promotional candidate from captured page text,quote_extracted,200,no,,2026-05-15T00:18:45+00:00
518,https://www.gammaked.com,https://www.gammaked.com/,GAMMAKED,human,,"For patients with CIDP*, improved mobility and long-term relapse prevention are ACHIEV ABLE with GAMMAKED ®",15,h1,efficacy; patient fit,efficacy/outcome,Request More Information; See the Data; View Resources,Highest-scoring short promotional candidate from captured page text,quote_extracted,200,no,,2026-05-15T00:18:45+00:00
519,https://www.rhogam.com/healthcare-professionals,https://hcp.rhogam.com/,,Human,,Millions of life stories begin with RhoGAM,7,h1,positioning,brand positioning,Request a Rep; Request a Rep >; www.fda.gov/medwatch,Highest-scoring short promotional candidate from captured page text,quote_extracted,200,no,,2026-05-15T00:18:49+00:00
520,https://azstarys-pro.com,https://azstarys-pro.com/,AZSTARYS,serdexmethylphenidate and dexmethylphenidate,"Corium,","Consider AZSTARYS ® —the FIRST and ONLY d‑MPH with novel SDX prodrug and IR activity 1,2",17,h2,differentiation,differentiation,,Highest-scoring short promotional candidate from captured page text,quote_extracted,200,no,,2026-05-15T00:18:45+00:00
521,https://www.xiidra-ecp.com,https://www.xiidra-ecp.com/,XIIDRA,lifitegrast ophthalmic,Bausch + Lomb,"Sad to see you go, but come back soon",9,h1,positioning,brand positioning,REQUEST A REP; SIGN UP; Downloads,Highest-scoring short promotional candidate from captured page text,quote_extracted,200,no,,2026-05-15T00:18:45+00:00
522,https://bosulif.pfizerpro.com,https://bosulif.pfizerpro.com/,BOSULIFÂ® (bosutinib),bosutinib,Pfizer,Read about how BOSULIF® may be an Rx option for adult Ph + CML patients.,14,meta:description,patient fit,patient fit,,Highest-scoring short promotional candidate from captured page text,quote_extracted,200,no,,2026-05-15T00:18:45+00:00
523,https://cibinqo.pfizerpro.com,https://cibinqo.pfizerpro.com/,Cibinqo,,Pfizer,CIBINQO has a well-studied safety profile in AD population of ~3850 with some patients having exposure up to 4.5 years.,21,body:p,patient fit,patient fit,,Highest-scoring short promotional candidate from captured page text,quote_extracted,200,no,,2026-05-15T00:18:46+00:00
524,https://comirnatypediatric.pfizerpro.com,https://comirnatypediatric.pfizerpro.com/,COMIRNATY,"COVID-19 Vaccine, mRNA",Pfizer,Stock your office with COMIRNATY to help protect eligible individuals.,10,body:p,efficacy; patient fit,efficacy/outcome,,Highest-scoring short promotional candidate from captured page text,quote_extracted,200,no,,2026-05-15T00:18:46+00:00
525,https://daurismo.pfizerpro.com,https://daurismo.pfizerpro.com/,DAURISMO,glasdegib,Pfizer,The safety profile of DAURISMO + LDAC was established in older patients not eligible for intensive chemotherapy,16,body:p,patient fit,patient fit,,Highest-scoring short promotional candidate from captured page text,quote_extracted,200,no,,2026-05-15T00:18:47+00:00
526,https://elrexfio.pfizerpro.com,https://elrexfio.pfizerpro.com/,ELREXFIO,,Pfizer,Visit the HCP website for ELREXFIO® (elranatamab) to explore durable responses & longer-term follow-up data for your patients with relapsed or refractory multiple myeloma.,23,meta:description,efficacy; patient fit,efficacy/outcome,,Highest-scoring short promotional candidate from captured page text,quote_extracted,200,no,,2026-05-15T00:18:47+00:00
527,https://genotropin.pfizerpro.com,https://genotropin.pfizerpro.com/,GENOTROPIN,somatropin,Pfizer,"Intracranial Hypertension (IH): has been reported in patients treated with somatropin, usually within the first 8 weeks of treatment initiation.",20,body:p,differentiation; patient fit,differentiation,,Highest-scoring short promotional candidate from captured page text,quote_extracted,200,no,,2026-05-15T00:18:46+00:00
528,https://litfulo.pfizerpro.com,https://litfulo.pfizerpro.com/,Litfulo,ritlecitinib,Pfizer,"Discover LITFULO®, the only FDA-approved treatment for severe alopecia areata in both adults and adolescents as young as 12.",19,meta:twitter:description,differentiation; patient fit,differentiation,,Highest-scoring short promotional candidate from captured page text,quote_extracted,200,no,,2026-05-15T00:18:47+00:00
529,https://lorbrena.pfizerpro.com,https://lorbrena.pfizerpro.com/,Official,,Pfizer,Withhold and resume at reduced or same dose in patients who undergo pacemaker placement.,14,body:p,efficacy; patient fit,efficacy/outcome,,Highest-scoring short promotional candidate from captured page text,quote_extracted,200,no,,2026-05-15T00:18:47+00:00
530,https://ngenla.pfizerpro.com,https://ngenla.pfizerpro.com/,,somatrogon-ghla,Pfizer,"Help your patients with once-weekly NGENLA®, an injection for children 3 years and older with growth failure due to inadequate secretion of endogenous growth hormone.",25,meta:description,convenience; patient fit,convenience/dosing,,Highest-scoring short promotional candidate from captured page text,quote_extracted,200,no,,2026-05-15T00:18:47+00:00
531,https://penbraya.pfizerpro.com,https://penbraya.pfizerpro.com/,PENBRAYA,"meningococcal groups A, B, C, W, and Y vaccine",Pfizer,PENBRAYA can streamline vaccination for your patients and practice,9,body:p,patient fit,patient fit,,Highest-scoring short promotional candidate from captured page text,quote_extracted,200,no,,2026-05-15T00:18:47+00:00
532,https://ruxience.pfizerpro.com,https://ruxience.pfizerpro.com/,RUXIENCE,,Pfizer,"Find information about RUXIENCE® (rituximab-pvvr) infusion, an FDA-approved biosimilar of RITUXAN® (rituximab), on the HCP site.",16,meta:description,positioning,brand positioning,Explore the Biosimilars Portfolio; www.fda.gov/MedWatch,Highest-scoring short promotional candidate from captured page text,quote_extracted,200,no,,2026-05-15T00:18:47+00:00
533,https://talzenna.pfizerpro.com,https://talzenna.pfizerpro.com/,TALZENNA,talazoparib,Pfizer,"See risks and benefits of TALZENNA® (talazoparib), a once-daily oral PARP inhibitor for treating gBRCAm HER2- locally advanced or metastatic breast cancer.",22,meta:description,differentiation; convenience,differentiation,,Highest-scoring short promotional candidate from captured page text,quote_extracted,200,no,,2026-05-15T00:18:47+00:00
534,https://trumenba.pfizerpro.com,https://trumenba.pfizerpro.com/,Trumenba,Meningococcal Group B Vaccine,Pfizer,TRUMENBA offers proven protection with a 2-dose schedule.,8,body:p,efficacy,efficacy/outcome,,Highest-scoring short promotional candidate from captured page text,quote_extracted,200,no,,2026-05-15T00:18:48+00:00
535,https://tukysa.pfizerpro.com,https://tukysa.pfizerpro.com/,Official,mCRC,Pfizer,"TUKYSA® (tucatinib), a HER2-directed Rx treatment option for patients with certain HER2-positive cancers.",13,meta:description,patient fit,patient fit,,Highest-scoring short promotional candidate from captured page text,quote_extracted,200,no,,2026-05-15T00:18:48+00:00
536,https://velsipity.pfizerpro.com,https://velsipity.pfizerpro.com/,,etrasimod,Pfizer,The information provided is for educational purposes only.,8,body:p,differentiation,differentiation,,Highest-scoring short promotional candidate from captured page text,quote_extracted,200,no,,2026-05-15T00:18:48+00:00
537,https://www.amjevitapro.com,https://www.amjevitapro.com/,AMJEVITA,adalimumab-atto,Amgen,"Transition your appropriate patients to AMJEVITA®, a HUMIRA® (adalimumab) biosimilar with similar clinical benefit and familiar dosing.",17,meta:description,convenience; patient fit,convenience/dosing,,Highest-scoring short promotional candidate from captured page text,quote_extracted,200,no,,2026-05-15T00:18:48+00:00
538,https://www.aranesp.com/professional/oncology,https://www.aranesp.com/professional/oncology,ARANESP,darbepoetin alfa,Amgen Inc,"The only ESA approved for both once-weekly (QW) and once every 3 weeks (Q3W) dosing 1 , 2 ­",17,h2,differentiation; convenience,differentiation,Learn more; Review clinical data,Highest-scoring short promotional candidate from captured page text,quote_extracted,200,no,,2026-05-15T00:18:49+00:00
539,https://www.enbrelpro.com,https://www.enbrelpro.com/,ENBREL,etanercept,Amgen,"Personalized support designed for your patients, helping them start and stay on ENBREL",13,body:p,differentiation; patient fit,differentiation,View the Data; Learn more,Highest-scoring short promotional candidate from captured page text,quote_extracted,200,no,,2026-05-15T00:18:49+00:00
540,https://www.epogen.com/professional,https://www.amgenesas.com/,Amgenesas,,Amgen,"Amgen ESAs are well-studied and a proven option for patients with anemia due to CKD 1,2",17,body:p,patient fit,patient fit,LEARN MORE ABOUT ARANESP ®; LEARN MORE ABOUT EPOGEN ®,Highest-scoring short promotional candidate from captured page text,quote_extracted,200,no,,2026-05-15T00:18:52+00:00
541,https://www.oracea.com/hcp,https://www.oracea.com/hcp,SEARCH,,Galderma,"Treat inflammatory lesions of papulopustular rosacea with ORACEA® (doxycycline, USP) 40 mg Capsules, the only FDA approved oral prescription treament",20,meta:description,differentiation; convenience,differentiation,www.fda.gov/medwatch,Highest-scoring short promotional candidate from captured page text,quote_extracted,200,no,,2026-05-15T00:18:49+00:00
542,https://galdermahcp.com/our-products/tri-lumar,https://www.galdermahcp.com/our-products/tri-lumar,,,,"*Expert author(s), speaker(s) or contributor(s) where indicated are paid Galderma consultants.",14,body:p,positioning,brand positioning,,Highest-scoring short promotional candidate from captured page text,quote_extracted,200,no,,2026-05-15T00:18:53+00:00
543,https://www.lotemaxointment.com,https://www.lotemaxointment.com/,LOTEMAX,loteprednol etabonate ophthalmic ointment,Bausch + Lomb,CHOOSE LOTEMAX ® OINTMENT 1,4,h1,positioning,brand positioning,www.fda.gov/medwatch,Highest-scoring short promotional candidate from captured page text,quote_extracted,200,no,,2026-05-15T00:18:50+00:00
544,https://www.alecensa.com/hcp/metastatic.html,https://www.alecensa.com/hcp/metastatic.html,ALECENSA,alectinib,Genentech/Roche,SEE HOW ALECENSA DELIVERED FOR PATIENTS WITH ALK+ mNSCLC,9,h1,patient fit,patient fit,Downloadable Resources; Explore the results; View safety profile,Highest-scoring short promotional candidate from captured page text,quote_extracted,200,no,,2026-05-15T00:18:50+00:00
545,https://www.gene.com/medical-professionals/medicines/cellcept,https://www.gene.com/medical-professionals/medicines/cellcept,CELLCEPT,mycophenolate mofetil,Genentech,"CELLCEPT CAN CAUSE SERIOUS SIDE EFFECTS, INCLUDING",7,h2,positioning,brand positioning,www.fda.gov/medwatch; Request a Call Back; Compliance Overview,Highest-scoring short promotional candidate from captured page text,quote_extracted,200,no,,2026-05-15T00:18:51+00:00
546,https://www.gene.com/medical-professionals/medicines/cotellic,https://www.gene.com/medical-professionals/medicines/cotellic,Genentech,cobimetinib,Genentech,Genentech has multiple medicines for serious and life-threatening medical conditions.,10,meta:description,positioning,brand positioning,www.fda.gov/medwatch; Request a Call Back; Compliance Overview,Highest-scoring short promotional candidate from captured page text,quote_extracted,200,no,,2026-05-15T00:18:51+00:00
547,https://www.gene.com/medical-professionals/medicines/rozlytrek,https://www.gene.com/medical-professionals/medicines/rozlytrek,SHEETS,,Genentech,ROZLYTREK was interrupted in 41% of adults and 16% of pediatric patients who experienced fractures.,15,body:li,patient fit,patient fit,www.fda.gov/medwatch; Request a Call Back; Compliance Overview,Highest-scoring short promotional candidate from captured page text,quote_extracted,200,no,,2026-05-15T00:18:50+00:00
548,https://www.gene.com/medical-professionals/medicines/zelboraf,https://www.gene.com/medical-professionals/medicines/zelboraf,NUTROPIN AQ,somatropin,Genentech,Attention: This page may not render properly.,7,h2,positioning,brand positioning,www.fda.gov/medwatch; Request a Call Back; Compliance Overview,Highest-scoring short promotional candidate from captured page text,quote_extracted,200,no,,2026-05-15T00:18:51+00:00
549,https://www.gene.com/medical-professionals/medicines/nutropin-aq,https://www.gene.com/medical-professionals/medicines/nutropin-aq,NUTROPIN AQ,somatropin,Genentech,Nutropin AQ ® (somatropin) injection for subcutaneous use,7,h1,positioning,brand positioning,www.fda.gov/medwatch; Click here to download this form.; Request a Call Back,Highest-scoring short promotional candidate from captured page text,quote_extracted,200,no,,2026-05-15T00:18:51+00:00
550,https://www.gene.com/medical-professionals/medicines/tamiflu,https://www.gene.com/medical-professionals/medicines/tamiflu,GENE,,Genentech/Roche,Genentech has multiple medicines for serious and life-threatening medical conditions.,10,meta:description,positioning,brand positioning,www.fda.gov/medwatch; Request a Call Back; Compliance Overview,Highest-scoring short promotional candidate from captured page text,quote_extracted,200,no,,2026-05-15T00:18:51+00:00
551,https://www.xelstrymhcp.com,https://www.xelstrymhcp.com/,Xelstrymtm,dextroamphetamine,Takeda,XELSTRYM: For adult patients seeking ADHD treatment who want to spend,11,h1,patient fit,patient fit,Request a rep; Request more info; Learn more,Highest-scoring short promotional candidate from captured page text,quote_extracted,200,no,,2026-05-15T00:18:50+00:00
552,https://www.spravatotreatmentcenter.com,https://www.spravatohcp.com/spravato-rems/,SPRAVATO® (esketamine) REMS,esketamine,,SPRAVATO® (esketamine) Official Healthcare Professional Website.,6,meta:og:description,positioning,brand positioning,,Highest-scoring short promotional candidate from captured page text,quote_extracted,200,no,,2026-05-15T00:18:54+00:00
553,https://www.merckconnect.com/belsomra,https://www.merck.com/product/usa/pi_circulars/b/belsomra/belsomra_pi.pdf,URI,http://www.fda.gov/medwatch,Merck,,,,,,,,no_quote_extracted,200,yes,No HTML body captured,2026-05-15T00:18:55+00:00
554,https://www.rituxan-hcp.com,https://www.rituxan-hcp.com/,,rituximab,Genentech,Over 20 Years Since First Approval †,6,h2,differentiation,differentiation,www.fda.gov/medwatch,Highest-scoring short promotional candidate from captured page text,quote_extracted,200,no,,2026-05-15T00:18:51+00:00
555,https://www.us.adakveo.com/,https://www.us.adakveo.com/,ADAKVEO,crizanlizumab-tmca,Novartis,"Discover ADAKVEO, the first and only once-monthly medication to reduce the number of pain crises in sickle cell disease.",19,meta:description,efficacy; differentiation; convenience,efficacy/outcome,,Highest-scoring short promotional candidate from captured page text,quote_extracted,200,no,,2026-05-15T00:18:51+00:00
556,https://www.alecensa.com/hcp/metastatic/dosing-and-administration.html,https://www.alecensa.com/hcp/metastatic/dosing-and-administration.html,ALECENSA,alectinib,Genentech/Roche,ALECENSA® (alectinib) dosing and administration 1,6,h1,convenience,convenience/dosing,Downloadable Resources; Download resources; www.fda.gov/medwatch,Highest-scoring short promotional candidate from captured page text,quote_extracted,200,no,,2026-05-15T00:18:51+00:00
557,https://www.afinitor-hcp.com,https://www.afinitor-hcp.com/,AFINITOR,everolimus,Novartis,Helping Patients Since 2009,4,h1,patient fit,patient fit,,Highest-scoring short promotional candidate from captured page text,quote_extracted,200,no,,2026-05-15T00:18:51+00:00
558,https://www.xaciato.com,https://www.xaciato.com/,Xaciato,clindamycin phosphate,Organon,It is not known if XACIATO is safe and effective in children under 12 years of age.,17,body:p,efficacy; patient fit,efficacy/outcome,Learn More About BV; Learn More About XACIATO; www.fda.gov/medwatch,Highest-scoring short promotional candidate from captured page text,quote_extracted,200,no,,2026-05-15T00:18:51+00:00
559,https://alexiononesource.com/soliris/tools-and-resources,https://alexiononesource.com/soliris/tools-and-resources,Alexion Onesource,,Alexion,You must complete or update your meningococcal vaccine(s) at least 2 weeks before your first dose of SOLIRIS.,19,body:li,differentiation,differentiation,Program Overview; Get Started; Downloadable Resources,Highest-scoring short promotional candidate from captured page text,quote_extracted,200,no,,2026-05-15T00:18:52+00:00
560,https://metadatecdrx.com,https://metadatecdrx.com/,METADATE CD,ADHD,,Eligible patients pay as little as $0 per month*,9,h2,patient fit,patient fit,Download copay card; www.fda.gov/medwatch,Highest-scoring short promotional candidate from captured page text,quote_extracted,200,no,,2026-05-15T00:18:52+00:00
561,https://www.perjeta-hcp.com,https://www.perjeta-hcp.com/,PERJETA,pertuzumab,Genentech,"In CLEOPATRA, on the first day, when only PERJETA was administered, infusion-related reactions occurred in 13% of patients and <1% were Grade 3 or 4.",25,body:li,differentiation; patient fit,differentiation,Downloads; Learn more about adjuvant treatment; Learn more,Highest-scoring short promotional candidate from captured page text,quote_extracted,200,no,,2026-05-15T00:18:52+00:00
562,https://www.polivy-hcp.com,https://www.polivy-hcp.com/newly-diagnosed/rchp.html,POLIVY,polatuzumab vedotin-piiq,Genentech/Roche,Your first thought for first line,6,h1,differentiation,differentiation,Learn more; www.fda.gov/medwatch,Highest-scoring short promotional candidate from captured page text,quote_extracted,200,no,,2026-05-15T00:18:52+00:00
563,https://www.xipere.com/hcp,https://www.xipere.com/hcp,XIPERE,triamcinolone acetonide,Bausch + Lomb,Efficacy Real-World Data Proven Results Durable Efficacy,7,body:li,efficacy,efficacy/outcome,Request a Representative; Explore Efficacy; Watch Injection Videos,Highest-scoring short promotional candidate from captured page text,quote_extracted,200,no,,2026-05-15T00:18:53+00:00
564,https://nuvetest.com,https://nuvetest.com/,Introducing NUVETEST® BV,,,"Fast, accurate and convenient.",4,h2,positioning,brand positioning,Watch Video,Highest-scoring short promotional candidate from captured page text,quote_extracted,200,no,,2026-05-15T00:18:54+00:00
565,https://main-benchworks-ezallor-hcp.axervices.com,https://main-benchworks-ezallor-hcp.axervices.com,Main Benchworks Ezallor,,,,,,,,,,no_quote_extracted,error,yes,"SSLError: HTTPSConnectionPool(host='main-benchworks-ezallor-hcp.axervices.com', port=443): Max retries exceeded with url: / (Caused by SSLError(SSLError(1, '[SSL: WRONG_VERSION_NUMBER] wrong version number (_ssl.c:1000)')))",2026-05-15T00:18:53+00:00
566,https://www.tyruko.com/pro/,https://www.tyruko.com/pro/,MULTIFOCAL LEUKOENCEPHALOPATHY,natalizumab,,Visit the TYRUKO homepage for healthcare professionals.,7,meta:description,positioning,brand positioning,,Highest-scoring short promotional candidate from captured page text,quote_extracted,200,no,,2026-05-15T00:18:54+00:00
567,https://www.ziextenzo.com/hcp/patient-services,https://www.ziextenzo.com/hcp/patient-services/,ZIEXTENZO,pegfilgrastim-bmez,Sandoz,Biosimilars Home | Biosimilars in Bone,5,title,positioning,brand positioning,,Highest-scoring short promotional candidate from captured page text,quote_extracted,200,no,,2026-05-15T00:18:54+00:00
568,https://radiuspharm.com/binosto,https://radiuspharm.com/binosto/,TYMLOS,,Radius Health,"Explore BINOSTO, an effervescent tablet for oral solution is indicated treatment of osteoporosis in postmenopausal women and to increase bone mass in men with osteoporosis.",25,meta:description,convenience,convenience/dosing,Learn more,Highest-scoring short promotional candidate from captured page text,quote_extracted,200,no,,2026-05-15T00:18:55+00:00
569,https://braftovi.pfizerpro.com/mektovi-use-in-combination-with-braftovi,https://www.pfizerpro.com/404,BRAFTOVI + MEKTOVI,encorafenib + binimetinib,Pfizer,Pfizer provides prescription drug samples for select Pfizer products to eligible health care professionals for your patients,17,body:p,patient fit,patient fit,,Highest-scoring short promotional candidate from captured page text,quote_extracted,404,no,,2026-05-15T00:18:59+00:00
570,https://www.roxybond.com/efficacy-safety-and-dosing,https://www.roxybond.com/efficacy-safety-and-dosing,Roxybond,"e.g., non-opioid analgesics or opioid combination products",,"Access detailed information on RoxyBond's efficacy, safety, and dosing.",9,meta:description,efficacy; convenience,efficacy/outcome,RoxyBond Overview,Highest-scoring short promotional candidate from captured page text,quote_extracted,200,no,,2026-05-15T00:18:54+00:00
571,https://www.ferapharma.com/phospholine-iodide-for-uncontrolled-iop,https://www.ferapharma.com/phospholine-iodide-for-uncontrolled-iop/,IOP,echothiophate iodide,Fera Pharmaceuticals,A valuable therapy option for glaucoma patients with uncontrolled IOP,10,h2,efficacy; patient fit,efficacy/outcome,http://www.FDA.gov/medwatch; View Important Safety Information,Highest-scoring short promotional candidate from captured page text,quote_extracted,200,no,,2026-05-15T00:18:54+00:00
572,https://www.ferapharma.com/phospholine-iodide-in-accommodative-esotropia,https://www.ferapharma.com/phospholine-iodide-in-accommodative-esotropia/,,echothiophate iodide for ophthalmic solution,,The only FDA-approved topical medication for diagnosis and treatment,9,h2,differentiation,differentiation,http://www.FDA.gov/medwatch; View Important Safety Information,Highest-scoring short promotional candidate from captured page text,quote_extracted,200,no,,2026-05-15T00:18:54+00:00
573,https://vaxchora.com,https://vaxchora.com/,VAXCHORA,"cholera vaccine, live, oral",Bavarian Nordic,Vaxchora® is a single-dose oral cholera vaccine that provides active immunization against the cholera infection for people traveling to cholera-affected areas.,21,meta:description,convenience,convenience/dosing,View Now,Highest-scoring short promotional candidate from captured page text,quote_extracted,200,no,,2026-05-15T00:18:54+00:00
574,https://vivotif.com,https://vivotif.com/,VIVOTIF,Typhoid Vaccine Live Oral Ty21a,Bavarian Nordic Inc,"Where typhoid fever is endemic and could compromise the safety of food and water, VIVOTIF may provide at least 5 years of protection 1",24,h1,efficacy,efficacy/outcome,View Now,Highest-scoring short promotional candidate from captured page text,quote_extracted,200,no,,2026-05-15T00:18:54+00:00
575,https://www.yondelis.com/hcp,https://www.yondelis.com/hcp,YONDELIS,trabectedin,Johnson & Johnson,YONDELIS® is the first FDA-approved treatment for advanced soft tissue sarcoma.,11,meta:description,differentiation,differentiation,,Highest-scoring short promotional candidate from captured page text,quote_extracted,404,no,,2026-05-15T00:18:54+00:00
576,https://www.jnjmedicalconnect.com/products/zavesca,https://www.jnjmedicalconnect.com/products/zavesca,ZAVESCA® (miglustat),miglustat,Johnson & Johnson,Contact our medical experts for your inquiry about ZAVESCA® (miglustat),10,h2,positioning,brand positioning,,Highest-scoring short promotional candidate from captured page text,quote_extracted,200,no,,2026-05-15T00:18:55+00:00
577,https://www.cathflo.com/,https://www.cathflo.com/,Genentech: Privacy Policy,,Genentech,Account for the standard of care in catheter management,9,h1,positioning,brand positioning,Learn more; Explore; www.fda.gov/medwatch,Highest-scoring short promotional candidate from captured page text,quote_extracted,200,no,,2026-05-15T00:18:55+00:00
578,https://www.skysona.com/,https://www.skysona.com/,,elivaldogene autotemcel,,"SKYSONA™ TREATS EARLY, ACTIVE CEREBRAL ALD",6,h1,positioning,brand positioning,www.fda.gov/medwatch,Highest-scoring short promotional candidate from captured page text,quote_extracted,200,no,,2026-05-15T00:18:55+00:00
579,https://zomig.com,https://dailymed.nlm.nih.gov/dailymed/fda/fdaDrugXsl.cfm?setid=2438c223-605b-4885-afc3-a6794f190f89&type=display,LLC,zolmitriptan,,2.2 Dosing in Patients with Hepatic Impairment,8,h2,convenience; patient fit,convenience/dosing,,Highest-scoring short promotional candidate from captured page text,quote_extracted,200,no,,2026-05-15T00:18:58+00:00
580,https://www.firvanq.com,https://firvanq.com/,FIRVANQ,vancomycin hydrochloride for oral solution,Azurity,FIRVANQ is used to treat adults and pediatric patients less than 18 years of age for the treatment of,19,body:p,patient fit,patient fit,www.fda.gov/MedWatch,Highest-scoring short promotional candidate from captured page text,quote_extracted,200,no,,2026-05-15T00:18:59+00:00
581,https://www.bidil.com,https://bidil.com/,BiDil,isosorbide dinitrate/hydralazine hydrochloride,Azurity,Most patients in the clinical study of BiDil also received other heart failure medicines.,14,body:p,patient fit,patient fit,www.fda.gov/MedWatch,Highest-scoring short promotional candidate from captured page text,quote_extracted,200,no,,2026-05-15T00:18:59+00:00
582,https://www.epaned.com,https://epaned.com/,Epaned,enalapril maleate,Azurity,"The Information contained herein, including product information, is intended only for residents of the United States.",16,body:p,differentiation,differentiation,www.fda.gov/MedWatch,Highest-scoring short promotional candidate from captured page text,quote_extracted,200,no,,2026-05-15T00:18:59+00:00
583,https://www.sotylize.com,https://sotylize.com/,Sotylize,hypoglycemia,"Azurity Pharmaceuticals, Inc","The Information contained herein, including product information, is intended only for residents of the United States.",16,body:p,differentiation,differentiation,www.fda.gov/MedWatch,Highest-scoring short promotional candidate from captured page text,quote_extracted,200,no,,2026-05-15T00:18:59+00:00
584,https://www.widaplik.us,https://www.widaplik.us/,,telmisartan/amlodipine/indapamide,Azurity,,,,,,,,no_quote_extracted,200,yes,No short promotional candidate found in captured page text,2026-05-15T00:18:55+00:00
585,https://www.evekeo.com,https://evekeo.com/,CII,,Azurity,"The Information contained herein, including product information, is intended only for residents of the United States.",16,body:p,differentiation,differentiation,www.fda.gov/medwatch,Highest-scoring short promotional candidate from captured page text,quote_extracted,200,no,,2026-05-15T00:18:59+00:00
586,https://www.fleqsuvy.com,https://fleqsuvy.com/,FLEQSUVY,baclofen oral suspension,Azurity,Store FLEQSUVY at room temperature and discard unused portion 2 months after first opening.,14,body:p,differentiation,differentiation,www.fda.gov/MedWatch,Highest-scoring short promotional candidate from captured page text,quote_extracted,200,no,,2026-05-15T00:18:59+00:00
587,https://www.horizant.com/hcp,https://www.horizant.com/hcp,HORIZANT,gabapentin enacarbil,Pfizer,For RLS (Restless Legs Syndrome) and PHN (Postherpetic Neuralgia),9,title,positioning,brand positioning,,Highest-scoring short promotional candidate from captured page text,quote_extracted,200,no,,2026-05-15T00:18:55+00:00
588,https://www.nymalize.com,https://www.nymalize.com/,Nymalize,"function(w,d,s,l,i",,,,,,,,,no_quote_extracted,200,yes,No short promotional candidate found in captured page text,2026-05-15T00:18:55+00:00
589,https://www.xifyrm.com,https://www.xifyrm.com/,Xifyrm,NSAIDs,"Azurity Pharmaceuticals, Inc",,,,,,,,no_quote_extracted,200,yes,No short promotional candidate found in captured page text,2026-05-15T00:18:56+00:00
590,https://www.zenzedi.com,https://zenzedi.com/,,,Azurity,"The Information contained herein, including product information, is intended only for residents of the United States.",16,body:p,differentiation,differentiation,www.fda.gov/medwatch,Highest-scoring short promotional candidate from captured page text,quote_extracted,200,no,,2026-05-15T00:19:00+00:00
591,https://www.adthyza.com,https://adthyza.com/,,high thyroid hormone levels,Azurity,"IN EUTHYROID PATIENTS, DOSES WITHIN THE RANGE OF DAILY HORMONAL REQUIREMENTS ARE INEFFECTIVE FOR WEIGHT REDUCTION.",16,body:p,efficacy; convenience; patient fit,efficacy/outcome,www.fda.gov/medwatch,Highest-scoring short promotional candidate from captured page text,quote_extracted,200,no,,2026-05-15T00:19:00+00:00
592,https://www.brynovin.com,https://www.brynovin.com/,BRYNOVIN,,,,,,,,,,no_quote_extracted,200,yes,No short promotional candidate found in captured page text,2026-05-15T00:18:57+00:00
593,https://www.azmiro.com,https://www.azmiro.com/,Azmiro,testosterone cypionate,Pfizer,,,,,,,,no_quote_extracted,200,yes,No short promotional candidate found in captured page text,2026-05-15T00:18:58+00:00
594,https://www.myhibbin.com,https://myhibbin.com/,Myhibbin,mycophenolate mofetil oral suspension,Genentech,"Myhibbin is the ONLY READY-TO-USE mycophenolate oral suspension 8,b",10,body:p,differentiation; convenience,differentiation,Prescription Change Request Form; Learn More; Download Now,Highest-scoring short promotional candidate from captured page text,quote_extracted,200,no,,2026-05-15T00:19:03+00:00
595,https://www.danziten.com,https://www.danziten.com/,Danziten,NCCN Guidelines®,Novartis,,,,,,,,no_quote_extracted,200,yes,No short promotional candidate found in captured page text,2026-05-15T00:18:58+00:00
596,https://www.gliadel.com,https://gliadel.com/,,GBM,Eisai,"The Information contained herein, including product information, is intended only for residents of the United States.",16,body:p,differentiation,differentiation,www.fda.gov/medwatch,Highest-scoring short promotional candidate from captured page text,quote_extracted,200,no,,2026-05-15T00:19:02+00:00
597,https://vivimusta.azuritysolutions.com/hcp,https://vivimusta.azuritysolutions.com/hcp/,VIVIMUSTA,bendamustine hydrochloride,Eagle Pharmaceuticals,"Comprehensive patient support for Vivimusta® (bendamustine HCl injection), from office to pharmacy",12,h1,differentiation,differentiation,,Highest-scoring short promotional candidate from captured page text,quote_extracted,200,no,,2026-05-15T00:18:59+00:00
598,https://www.alvesco.com/hcp,https://www.alvesco.com/hcp,ALVESCO,,,,,,,,,,no_quote_extracted,200,yes,No short promotional candidate found in captured page text,2026-05-15T00:18:58+00:00
599,https://hcp.duaklir.us,https://hcp.duaklir.us/,DUAKLIR PRESSAIR,aclidinium bromide/formoterol fumarate,Covis Pharma,"Healthcare professional information on DUAKLIR<sup>®</sup> PRESSAIR<sup>®</sup>, a LAMA/LABA indicated for the maintenance treatment of patients with COPD.",22,meta:description,patient fit,patient fit,View Patient Site; Learn More About DUAKLIR Efficacy,Highest-scoring short promotional candidate from captured page text,quote_extracted,200,no,,2026-05-15T00:18:58+00:00
600,https://hcp.tudorza.us,https://hcp.tudorza.us/,COPD,aclidinium bromide inhalation powder,,Efficacy and safety of twice-daily aclidinium bromide in COPD patients: the ATTAIN study.,13,body:p,efficacy; convenience; patient fit,efficacy/outcome,Learn More,Highest-scoring short promotional candidate from captured page text,quote_extracted,200,no,,2026-05-15T00:18:58+00:00
601,https://www.menopurhcp.com,https://www.menopurhcp.com/,Menopur,,"Ferring. MENOPUR, Ferring and the Ferring Pharmaceuticals log","View MENOPUR clinical data and safety profile, and request samples for patients undergoing Assisted Reproductive Technology (ART) treatment.",18,meta:description,patient fit,patient fit,Request a rep; Request a sample; www.FDA.gov/medwatch,Highest-scoring short promotional candidate from captured page text,quote_extracted,200,no,,2026-05-15T00:18:59+00:00
602,https://www.cervidil.com/hcp,https://www.cervidil.com/hcp/,,CloudFront,,CERVIDIL®: Only FDA-approved Vaginal Insert for Induction,7,title,differentiation,differentiation,Sign Up,Highest-scoring short promotional candidate from captured page text,quote_extracted,200,no,,2026-05-15T00:18:59+00:00
603,https://www.rebyotahcp.com,https://www.rebyotahcp.com/,REBYOTA,"fecal microbiota, live-jslm",Ferring Pharmaceuticals,REBYOTA is the first and only single-dose FDA-approved Fecal Microbiota Transplant for the prevention of recurrent C.,17,h2,efficacy; differentiation; convenience,efficacy/outcome,Request a Rep; Sign Up for Information; Learn More,Highest-scoring short promotional candidate from captured page text,quote_extracted,200,no,,2026-05-15T00:18:59+00:00
604,https://clenpiqhcp.com,https://www.clenpiqhcp.com/,CLENPIQ,,"Ferring. CLENPIQ, Ferring and the Ferring",CLENPIQ ® oral solution is indicated for cleansing of the colon as a preparation for colonoscopy in adults and pediatric patients ages 9 years and older.,25,body:p,convenience; patient fit,convenience/dosing,Watch; Download; Request a Rep,Highest-scoring short promotional candidate from captured page text,quote_extracted,200,no,,2026-05-15T00:19:02+00:00
605,https://www.purplepill.com/hcp/nexium-packets.html,https://www.purplepill.com/hcp/nexium-packets.html,NEXIUM,esomeprazole magnesium,AstraZeneca,should be used only when oral therapy with NEXIUM is not possible or appropriate,14,body:li,differentiation; convenience; patient fit,differentiation,,Highest-scoring short promotional candidate from captured page text,quote_extracted,200,no,,2026-05-15T00:18:59+00:00
606,https://www.saphnelohcp.com,https://www.saphnelohcp.com/,SAPHNELO® (anifrolumab,anifrolumab-fnia,AstraZeneca,"Powerful Disease Control with Doris Remission Data* ,1",8,h1,efficacy,efficacy/outcome,LEARN MORE; Request a rep; EXPLORE ALL RESOURCES,Highest-scoring short promotional candidate from captured page text,quote_extracted,200,no,,2026-05-15T00:19:00+00:00
607,https://www.xelpros.com,https://www.xelpros.com/,Just A Moment...,,,,,,,,,,no_quote_extracted,422,yes,No HTML body captured,2026-05-15T00:19:01+00:00
608,https://www.zurnai.com,https://www.zurnai.com/,ZURNAI,nalmefene injection,,Choose ZURNAI (nalmefene injection)— the first and only nalmefene auto-injector 1,11,h1,differentiation,differentiation,Request information; Explore the data,Highest-scoring short promotional candidate from captured page text,quote_extracted,200,no,,2026-05-15T00:19:00+00:00
609,https://www.nalmefenehcl.com,https://www.nalmefenehcl.com,,19 to 32 years,,,,,,,,,no_quote_extracted,error,yes,"SSLError: HTTPSConnectionPool(host='www.nalmefenehcl.com', port=443): Max retries exceeded with url: / (Caused by SSLError(SSLCertVerificationError(1, '[SSL: CERTIFICATE_VERIFY_FAILED] certificate verify failed: unable to get loca",2026-05-15T00:19:00+00:00
610,https://www.oxycontin.com,https://www.oxycontin.com,OXYCONTIN,,,,,,,,,,no_quote_extracted,error,yes,"SSLError: HTTPSConnectionPool(host='www.oxycontin.com', port=443): Max retries exceeded with url: / (Caused by SSLError(SSLCertVerificationError(1, '[SSL: CERTIFICATE_VERIFY_FAILED] certificate verify failed: unable to get local i",2026-05-15T00:19:01+00:00
611,https://www.hysinglaer.com,https://www.hysinglaer.com,HYSINGLA ER,hydrocodone bitartrate,Purdue Pharma,,,,,,,,no_quote_extracted,error,yes,"SSLError: HTTPSConnectionPool(host='www.hysinglaer.com', port=443): Max retries exceeded with url: / (Caused by SSLError(SSLCertVerificationError(1, '[SSL: CERTIFICATE_VERIFY_FAILED] certificate verify failed: unable to get local ",2026-05-15T00:19:00+00:00
612,https://www.butrans.com,https://www.butrans.com,Butrans,buprenorphine,"Knoa Pharma LLC, Stamford, CT 06901-3431",,,,,,,,no_quote_extracted,error,yes,"SSLError: HTTPSConnectionPool(host='www.butrans.com', port=443): Max retries exceeded with url: / (Caused by SSLError(SSLCertVerificationError(1, '[SSL: CERTIFICATE_VERIFY_FAILED] certificate verify failed: unable to get local iss",2026-05-15T00:19:02+00:00
613,https://www.samsca.com,https://www.otsuka-us.com/media/static/Samsca-PI.pdf,Samsca,,Otsuka,,,,,,,,no_quote_extracted,200,yes,No HTML body captured,2026-05-15T00:19:14+00:00
614,https://www.galdermahcp.com,https://www.galdermahcp.com/,,"Canada, U.S.",,Does gut bacteria play a role in inflammatory rosacea response?,10,h2,efficacy,efficacy/outcome,Sign up; EXPLORE ALL,Highest-scoring short promotional candidate from captured page text,quote_extracted,200,no,,2026-05-15T00:19:02+00:00
615,https://kloxxado.com/healthcare,https://kloxxado.com/healthcare,KLOXXADO,naloxone hydrochloride,Hikma,Be ready with KLOXXADO® (naloxone HCl) Nasal Spray 8mg,9,h2,positioning,brand positioning,Download; www.fda.gov/medwatch,Highest-scoring short promotional candidate from captured page text,quote_extracted,200,no,,2026-05-15T00:19:03+00:00
616,https://xeljanz.pfizerpro.com,https://xeljanz.pfizerpro.com/,XELJANZ,tofacitinib,Pfizer,XELJANZ is indicated for patients who have had an inadequate response or intolerance to one or more TNF blockers in 1,21,body:p,efficacy; patient fit,efficacy/outcome,,Highest-scoring short promotional candidate from captured page text,quote_extracted,200,no,,2026-05-15T00:19:02+00:00
617,https://prevnar20adult.pfizerpro.com,https://prevnar20adult.pfizerpro.com/,PREVNAR 20,pneumococcal 20-valent conjugate vaccine,Pfizer,"Based on experience with pneumococcal vaccines, individuals with altered immunocompetence may have reduced immune responses to Prevnar 20 ®",18,body:li,efficacy,efficacy/outcome,,Highest-scoring short promotional candidate from captured page text,quote_extracted,200,no,,2026-05-15T00:19:02+00:00
618,https://vizimpro.pfizerpro.com,https://vizimpro.pfizerpro.com/,VIZIMPROÂ® (dacomitinib),dacomitinib,Pfizer,"Find info on VIZIMPRO®, a first-line Rx option for patients with EGFR positive mNSCLC with exon 19 deletion or exon 21 L858R mutations.",23,meta:description,differentiation; patient fit,differentiation,,Highest-scoring short promotional candidate from captured page text,quote_extracted,200,no,,2026-05-15T00:19:02+00:00
619,https://kimmtrakhcp.com,https://kimmtrakhcp.com/,Kimmtrak,,"National Comprehensive Cancer Network, Inc. 2022","In the phase 3 trial, 52% (n = 131) of KIMMTRAK patients had hepatic-only mUM vs 47% (n = 59) with IC.",20,body:p,differentiation; patient fit,differentiation,Request a representative,Highest-scoring short promotional candidate from captured page text,quote_extracted,200,no,,2026-05-15T00:19:02+00:00
620,https://www.fanaptpro.com,https://www.fanaptpro.com/,,iloperidone,,Atypical antipsychotic efficacy with placebo-like rates of akathisia.,8,meta:description,efficacy,efficacy/outcome,,Highest-scoring short promotional candidate from captured page text,quote_extracted,200,no,,2026-05-15T00:19:02+00:00
621,https://www.hetliozpro.com,https://www.hetliozpro.com/,HETLIOZ,tasimelteon,Vanda Pharmaceuticals,"HETLIOZ (tasimelteon) is the first prescription medication to treat Non-24-Hour Sleep-Wake Disorder, a chronic circadian rhythm disorder.",17,meta:description,differentiation,differentiation,Learn more; Patient prescription coverage Learn more,Highest-scoring short promotional candidate from captured page text,quote_extracted,200,no,,2026-05-15T00:19:03+00:00
622,https://www.ycanthpro.com,https://www.ycanthpro.com/,YCANTH,cantharidin,Galderma,YCANTH ® —a proven first‑line topical therapy for molluscum 1,10,h1,differentiation,differentiation,GET STARTED; LEARN MORE,Highest-scoring short promotional candidate from captured page text,quote_extracted,200,no,,2026-05-15T00:19:03+00:00
623,https://olumiant.lilly.com/hcp,https://olumiant.lilly.com/hcp,OLUMIANT,baricitinib,Eli Lilly,,,,,,,,no_quote_extracted,403,yes,No short promotional candidate found in captured page text,2026-05-15T00:19:02+00:00
624,https://www.nayzilam.com/healthcare-professionals,https://www.nayzilam.com/healthcare-professionals,Nayzilam,midazolam,UCB,NAYZILAM may be used in patients with open-angle glaucoma only if they are receiving appropriate therapy.,16,body:p,differentiation; patient fit,differentiation,Requesting NAYZILAM; REQUEST KIT; request additional training kits here,Highest-scoring short promotional candidate from captured page text,quote_extracted,200,no,,2026-05-15T00:19:04+00:00
625,https://revonto.com,https://revonto.com/,Revonto,"pain, erythema, swelling","USWM, LLC. USWMREV-00032 11",Watch a real-life training simulation,5,h2,positioning,brand positioning,https://www.FDA.gov/medwatch,Highest-scoring short promotional candidate from captured page text,quote_extracted,200,no,,2026-05-15T00:19:03+00:00
626,https://www.ponvorypro.com,https://www.ponvorypro.com/,,ponesimod,,First dose monitoring should also be completed in patients for whom it is recommended.,14,body:p,differentiation; patient fit,differentiation,Download Patient Brochure; Download Dosing Card; Download Prescribing Information,Highest-scoring short promotional candidate from captured page text,quote_extracted,200,no,,2026-05-15T00:19:03+00:00
627,https://www.trulance.com/hcp,https://www.trulance.com/hcp,TRULANCE,plecanatide,Salix Pharmaceuticals,Help your patients save on Trulance >,6,h2,patient fit,patient fit,Request a Rep; Watch the commercial; www.fda.gov/medwatch,Highest-scoring short promotional candidate from captured page text,quote_extracted,200,no,,2026-05-15T00:19:04+00:00
628,https://www.zurzuvae.com/hcp,https://www.zurzuvaehcp.com,ZURZUVAE,zuranolone,Supernus,Somnolence developed in 36% of patients who received ZURZUVAE (50 mg) and in 6% of patients who received placebo daily.,20,body:li,convenience; patient fit,convenience/dosing,Request info; Request information; View patient profiles,Highest-scoring short promotional candidate from captured page text,quote_extracted,200,no,,2026-05-15T00:19:08+00:00
629,https://www.admelogpro.com,https://pro.campus.sanofi/us/products/admelog,ADMELOG,insulin lispro,Sanofi,Admelog ® (Insulin Lispro) Injection 100 Units/mL,7,h1,positioning,brand positioning,Learn More,Highest-scoring short promotional candidate from captured page text,quote_extracted,200,no,,2026-05-15T00:19:07+00:00
630,https://pro.campus.sanofi/us/products/apidra,https://pro.campus.sanofi/us/products/apidra,APIDRA,insulin glulisine,Sanofi,Apidra is indicated to improve glycemic control in adult and pediatric patients with diabetes mellitus.,15,body:p,efficacy; patient fit,efficacy/outcome,LEARN MORE,Highest-scoring short promotional candidate from captured page text,quote_extracted,200,no,,2026-05-15T00:19:05+00:00
631,https://pro.campus.sanofi/us/products/cablivi,https://pro.campus.sanofi/us/products/cablivi,Cablivi,caplacizumab-yhdp,Sanofi,Stay informed about CABLIVI (caplacizumab-yhdp) for your patients.,8,meta:og:description,patient fit,patient fit,LEARN MORE ; EXPLORE THE FINDINGS,Highest-scoring short promotional candidate from captured page text,quote_extracted,200,no,,2026-05-15T00:19:05+00:00
632,https://pro.campus.sanofi/us/products/eloctate,https://pro.campus.sanofi/us/products/eloctate,CEREZYME,imiglucerase,Sanofi,*ELOCTATE has been proven to help patients prevent bleeding episodes using a prophylaxis regimen.,14,body:p,efficacy; patient fit,efficacy/outcome,Request a Representative; Explore bleed and joint bleed data,Highest-scoring short promotional candidate from captured page text,quote_extracted,200,no,,2026-05-15T00:19:05+00:00
633,https://www.xofluza-hcp.com/,https://www.xofluza-hcp.com/,XOFLUZA,baloxavir marboxil,Genentech,XOFLUZA is approved for the treatment and prevention* of the flu in patients as young as 5 years.,18,h2,efficacy; patient fit,efficacy/outcome,Download Coupon DOWNLOAD COUPON; DOWNLOAD COUPON; Learn More >,Highest-scoring short promotional candidate from captured page text,quote_extracted,200,no,,2026-05-15T00:19:05+00:00
634,https://www.siga.com/tpoxx,https://www.siga.com/tpoxx,TPOXX,tecovirimat,SIGA Technologies,Oral TPOXX® (tecovirimat) is the first drug approved by the U.S.,12,meta:description,differentiation; convenience,differentiation,,Highest-scoring short promotional candidate from captured page text,quote_extracted,200,no,,2026-05-15T00:19:05+00:00
635,https://leadiant.com/healthcare-professionals,https://leadiant.com/healthcare-professionals/,Leadiant products,,Leadiant Biosciences,The information is intended for Canadian audiences only.,8,h2,differentiation,differentiation,,Highest-scoring short promotional candidate from captured page text,quote_extracted,200,no,,2026-05-15T00:19:06+00:00
636,https://www.bfascher.com/prescriber-area,https://www.bfascher.com/prescriber-area/,Prescriber Area,,2026 B,Prescriber Area - B.F.,4,title,positioning,brand positioning,,Highest-scoring short promotional candidate from captured page text,quote_extracted,200,no,,2026-05-15T00:19:07+00:00
637,https://www.lotemaxsm.com,https://www.lotemaxsm.com/,Lotemaxsm,dendritic keratitis,Bausch,See how eligible commercially insured and Medicare patients can save on their first and eligible refills,16,body:p,differentiation; patient fit,differentiation,View All; View Surgical Case Studies; www.fda.gov/medwatch,Highest-scoring short promotional candidate from captured page text,quote_extracted,200,no,,2026-05-15T00:19:05+00:00
638,https://www.rixubis.com/hcp-efficacy-and-safety,https://www.rixubis.com/hcp-efficacy-and-safety,RIXUBIS,Recombinant,Takeda,"Find clinical studies, safety, and efficacy information for RIXUBIS [Coagulation Factor IX (Recombinant)] for your pediatric and adult patients.",19,meta:description,efficacy; patient fit,efficacy/outcome,,Highest-scoring short promotional candidate from captured page text,quote_extracted,200,no,,2026-05-15T00:19:06+00:00
639,https://www.gammagard.com/hcp,https://www.gammagard.com/hcp,GAMMAGARD LIQUID,immune globulin infusion (human),Takeda,Renal dysfunction and acute renal failure occur more commonly in patients receiving IGIV products containing sucrose.,16,body:li,differentiation; patient fit,differentiation,Sign up; Learn more,Highest-scoring short promotional candidate from captured page text,quote_extracted,200,no,,2026-05-15T00:19:06+00:00
640,https://www.adempashcp.com,https://www.adempashcp.com/,ADEMPAS,riociguat,Bayer,to start registration process of a harmless bot.,8,body:p,positioning,brand positioning,,Highest-scoring short promotional candidate from captured page text,quote_extracted,403,no,"Page may be gated, blocked, or JavaScript dependent",2026-05-15T00:19:06+00:00
641,https://www.kristalose.com/hcp,https://www.kristalose.com/hcp,Kristalose,lactulose,Cumberland Pharmaceuticals,,,,,,,,no_quote_extracted,error,yes,"SSLError: HTTPSConnectionPool(host='www.kristalose.com', port=443): Max retries exceeded with url: /hcp (Caused by SSLError(SSLCertVerificationError(1, '[SSL: CERTIFICATE_VERIFY_FAILED] certificate verify failed: unable to get loc",2026-05-15T00:19:06+00:00
642,https://www.rylaze.com,https://www.rylaze.com/,RYLAZE,asparaginase erwinia chrysanthemi (recombinant,Jazz Pharmaceuticals,Explore how RYLAZE can keep asparaginase therapy moving forward,9,h1,positioning,brand positioning,Downloads & Videos; EXPLORE THE SIGNS OF ALLERGIC REACTIONS; www.fda.gov/medwatch,Highest-scoring short promotional candidate from captured page text,quote_extracted,200,no,,2026-05-15T00:19:06+00:00
643,https://www.xyremhcp.com,https://www.xyremhcp.com/,Xyrem,,,XYREM is a sodium oxybate treatment for 2 key narcolepsy symptoms 1,12,h1,positioning,brand positioning,LEARN MORE about XYWAV,Highest-scoring short promotional candidate from captured page text,quote_extracted,200,no,,2026-05-15T00:19:06+00:00
644,https://www.actemrahcp.com,https://www.actemrahcp.com/ra.html,ACTEMRA IV,tocilizumab,Genentech,"In the 12-week controlled phase, 4% of ACTEMRA-IV and 0% of placebo-treated patients experienced events occurring during infusion.",18,body:p,efficacy; patient fit,efficacy/outcome,GET STARTED; LEARN MORE; www.fda.gov/medwatch,Highest-scoring short promotional candidate from captured page text,quote_extracted,200,no,,2026-05-15T00:19:06+00:00
645,https://www.columvi-hcp.com,https://www.columvi-hcp.com/,COLUMVI,glofitamab-gxbm,Genentech,1 to 16 days) after the first dose of COLUMVI.,10,body:p,differentiation,differentiation,Learn More; www.fda.gov/medwatch,Highest-scoring short promotional candidate from captured page text,quote_extracted,200,no,,2026-05-15T00:19:06+00:00
646,https://www.erivedge.com/hcp.html,https://www.erivedge.com/hcp.html,ERIVEDGE,vismodegib,Genentech/Roche,"FDA approves Erivedge (vismodegib) capsule, the first medicine for adults with advanced basal cell carcinoma [press release].",17,body:p,differentiation; patient fit,differentiation,Explore patient cases; Learn more; www.fda.gov/medwatch,Highest-scoring short promotional candidate from captured page text,quote_extracted,200,no,,2026-05-15T00:19:07+00:00
647,https://www.gazyva-hcp.com,https://www.gazyva-hcp.com/,GAZYVA,obinutuzumab,Genentech,Fatal bleeding events have occurred in patients treated with GAZYVA.,10,body:p,patient fit,patient fit,www.fda.gov/medwatch,Highest-scoring short promotional candidate from captured page text,quote_extracted,200,no,,2026-05-15T00:19:06+00:00
648,https://www.lucentis.com,https://www.lucentis.com/,Lucentis,ranibizumab,Genentech,For Patients and Caregivers,4,h2,patient fit,patient fit,www.fda.gov/medwatch,Highest-scoring short promotional candidate from captured page text,quote_extracted,200,no,,2026-05-15T00:19:07+00:00
649,https://www.perjeta.com,https://www.perjeta.com/,HER2+ Breast Cancer Treatment,neoadjuvant treatment,Genentech,Discover another treatment — an injection that's given in minutes.,9,body:p,positioning,brand positioning,Downloadable Materials; Learn More; www.fda.gov/medwatch,Highest-scoring short promotional candidate from captured page text,quote_extracted,200,no,,2026-05-15T00:19:07+00:00
650,https://www.piasky-hcp.com,https://www.piasky-hcp.com/,NOCTURNAL HEMOGLOBINURIA,crovalimab-akkz,,Financial Support For Your Patients,5,h2,patient fit,patient fit,DOWNLOAD; www.fda.gov/medwatch,Highest-scoring short promotional candidate from captured page text,quote_extracted,200,no,,2026-05-15T00:19:07+00:00
651,https://www.rituxan.com,https://www.rituxan.com/,RITUXAN,rituximab,Genentech and Biogen,"Find info for patients about RITUXAN® (rituximab) medication for RA, NHL, CLL, GPA, MPA, and PV.",16,meta:description,patient fit,patient fit,www.fda.gov/medwatch,Highest-scoring short promotional candidate from captured page text,quote_extracted,200,no,,2026-05-15T00:19:08+00:00
652,https://www.tecentriq-hcp.com,https://www.tecentriq-hcp.com/,TECENTRIQ,atezolizumab,Genentech/Roche,Redefine Treatment With TECENTRIQ 1-4,5,h1,positioning,brand positioning,www.fda.gov/medwatch,Highest-scoring short promotional candidate from captured page text,quote_extracted,200,no,,2026-05-15T00:19:08+00:00
653,https://www.asmanex.com,https://www.asmanex.com/,ASMANEX HFA,mometasone furoate,Organon,ASMANEX HFA is approved for the maintenance treatment of asthma in patients 5 years and older.,16,body:li,patient fit,patient fit,Learn More,Highest-scoring short promotional candidate from captured page text,quote_extracted,200,no,,2026-05-15T00:19:08+00:00
654,https://www.follistim.com,https://www.follistim.com/,Follistim,follitropin beta injection,Organon,The FOLLISTIM Pen® is designed to help facilitate accurate dosing,10,h2,differentiation; convenience,differentiation,Learn more; www.fda.gov/medwatch,Highest-scoring short promotional candidate from captured page text,quote_extracted,200,no,,2026-05-15T00:19:08+00:00
655,https://www.nexplanon.com,https://www.nexplanon.com/,Nexplanon,,Organon,NEXPLANON is just as effective as the pill without the daily hassle,12,h2,efficacy; convenience,efficacy/outcome,Learn More About Removal; View All FAQs; Download Questions,Highest-scoring short promotional candidate from captured page text,quote_extracted,200,no,,2026-05-15T00:19:08+00:00
656,https://www.xelstrym.com,https://www.xelstrym.com/,XELSTRYMTM,dextroamphetamine,Takeda,XELSTRYM: ADHD treatment that lets you control,7,h1,efficacy,efficacy/outcome,Learn more; Download; Download Mindful Patch,Highest-scoring short promotional candidate from captured page text,quote_extracted,200,no,,2026-05-15T00:19:08+00:00
657,https://www.daytrana.com,https://www.daytrana.com/,DAYTRANA,methylphenidate transdermal system,Noven Therapeutics,"Discover DAYTRANA®, the once-daily ADHD medicated patch.",7,meta:description,convenience,convenience/dosing,View Instructions for Use; http://www.fda.gov/medwatch,Highest-scoring short promotional candidate from captured page text,quote_extracted,200,no,,2026-05-15T00:19:08+00:00
658,https://rytaryhcp.com,https://rytaryhcp.com/,RYTARY,carbidopa and levodopa,Amneal Pharmaceuticals,"Watch videos featuring experts, discover dosing strategies, and receive patient resources.",11,meta:description,convenience,convenience/dosing,Learn More; REQUEST A REP; www.fda.gov/medwatch,Highest-scoring short promotional candidate from captured page text,quote_extracted,200,no,,2026-05-15T00:19:09+00:00
659,https://www.unithroidhcp.com,https://www.unithroidhcp.com/,Unithroid,levothyroxine sodium,Amneal,"Not For Obesity, Weight Loss, or Thyroid Nodules.",8,meta:description,positioning,brand positioning,,Highest-scoring short promotional candidate from captured page text,quote_extracted,200,no,,2026-05-15T00:19:09+00:00
660,https://www.emvermhcp.com,https://www.emvermhcp.com/,EMVERM,mebendazole,Amneal Pharmaceuticals LLC,ABOUT EMVERM Efficacy Dosing and Administration Safety,7,body:li,efficacy; convenience,efficacy/outcome,LEARN MORE >; SAVE ON EMVERM Learn More >; www.fda.gov/medwatch,Highest-scoring short promotional candidate from captured page text,quote_extracted,200,no,,2026-05-15T00:19:09+00:00
661,https://adzenysxrodt.com,https://adzenysxrodt.com/,Adzenysxrodt,,"Aytu BioPharma, Inc","ADZENYS XR-ODT is the only bioequivalent brand to Adderall XR® At work or at home, effective ADHD symptom management.",19,meta:og:description,efficacy; differentiation; convenience,efficacy/outcome,Download Savings Offer; Learn More; www.fda.gov/medwatch,Highest-scoring short promotional candidate from captured page text,quote_extracted,200,no,,2026-05-15T00:19:10+00:00
662,https://cotemplaxrodt.com,https://cotemplaxrodt.com/,COTEMPLA XR-ODT,koh-TEM-pluh,,Monitor all COTEMPLA XR-ODT-treated patients for hypertension and tachycardia.,9,body:li,patient fit,patient fit,Download Savings Offer; Learn More,Highest-scoring short promotional candidate from captured page text,quote_extracted,200,no,,2026-05-15T00:19:11+00:00
663,https://www.karbinaler.com,https://karbinaler.com/,,carbinoxamine maleate,,Save Money with the Aytu RxConnect Program,7,h1,positioning,brand positioning,> Learn more; Download Savings Offer; Learn More,Highest-scoring short promotional candidate from captured page text,quote_extracted,200,no,,2026-05-15T00:19:12+00:00
664,https://www.feraheme.com,https://feraheme.com/,FERAHEME,ferumoxytol,Covis Pharma,See efficacy and safety of FERAHEME® (ferumoxytol injection) vs Injectafer® (ferric carboxymaltose injection) for eligible IDA patients.,17,meta:description,efficacy; patient fit,efficacy/outcome,Downloadable Resources; Learn more about severe hypophosphatemia; LEARN MORE,Highest-scoring short promotional candidate from captured page text,quote_extracted,200,no,,2026-05-15T00:19:10+00:00
665,https://www.vivimusta.com,https://www.vivimusta.com/,Vivimusta,bendamustine hydrochloride,Azurity,,,,,,,,no_quote_extracted,200,yes,No short promotional candidate found in captured page text,2026-05-15T00:19:09+00:00
666,https://www.alvesco.com,https://www.alvesco.com/,Alvesco,,,,,,,,,,no_quote_extracted,200,yes,No short promotional candidate found in captured page text,2026-05-15T00:19:09+00:00
667,https://www.duaklir.us,https://www.duaklir.us/,Duaklir,,AstraZeneca,"Patient information on DUAKLIR<sup>®</sup> PRESSAIR<sup>®</sup>, a LAMA/LABA indicated for the maintenance treatment of patients with COPD.",21,meta:description,patient fit,patient fit,www.fda.gov/medwatch.,Highest-scoring short promotional candidate from captured page text,quote_extracted,200,no,,2026-05-15T00:19:09+00:00
668,https://www.tudorza.us,https://www.tudorza.us/,,aclidinium bromide inhalation powder,,Only you and your health care professional can decide if TUDORZA PRESSAIR is right for you.,16,body:p,differentiation,differentiation,www.fda.gov/medwatch,Highest-scoring short promotional candidate from captured page text,quote_extracted,200,no,,2026-05-15T00:19:09+00:00
669,https://www.endometrin.com,https://www.endometrin.com/,ENDOMETRIN,progesterone vaginal insert,Ferring Pharmaceuticals,A progesterone insert that can help your patients on the path to pregnancy,13,h1,patient fit,patient fit,Download,Highest-scoring short promotional candidate from captured page text,quote_extracted,200,no,,2026-05-15T00:19:10+00:00
670,https://www.adstiladrinhcp.com,https://www.adstiladrinhcp.com/,ADSTILADRIN,nadofaragene firadenovec-vncg,Sarepta Therapeutics,ADSTILADRIN® is the first and only FDA-approved intravesical gene therapy for patients with high-risk BCG-unresponsive NMIBC.,16,meta:description,differentiation; patient fit,differentiation,Request a Rep; Sign Up for Information; See the Data,Highest-scoring short promotional candidate from captured page text,quote_extracted,200,no,,2026-05-15T00:19:10+00:00
671,https://www.zomacton.com,https://www.zomacton.com/,ZOMACTON,somatropin,Ferring,ZOMACTON treats a wide range of growth-related conditions 2,9,h2,positioning,brand positioning,Learn More; www.fda.gov/medwatch,Highest-scoring short promotional candidate from captured page text,quote_extracted,200,no,,2026-05-15T00:19:10+00:00
672,https://www.divigel.com,https://www.divigel.com,Divigel,,Endo,,,,,,,,no_quote_extracted,error,yes,"SSLError: HTTPSConnectionPool(host='www.divigel.com', port=443): Max retries exceeded with url: / (Caused by SSLError(SSLCertVerificationError(1, '[SSL: CERTIFICATE_VERIFY_FAILED] certificate verify failed: unable to get local iss",2026-05-15T00:19:09+00:00
673,https://www.xembify.com/en/hcp,https://www.xembify.com/en/hcp,Xembify,,Grifols,"See the tolerability, efficacy, and dosing for XEMBIFY® (immune globulin subcutaneous human–klhw) 20%.",14,meta:description,efficacy; convenience,efficacy/outcome,Request info; Learn more; Explore process,Highest-scoring short promotional candidate from captured page text,quote_extracted,200,no,,2026-05-15T00:19:11+00:00
674,https://www.gamunex-c.com/en/hcp/pidd,https://www.gamunex-c.com/en/hcp/pidd,GAMUNEX-C,"immune globulin injection (human), 10%",Grifols,GAMUNEX-C is celebrating 20 years of helping patients!,8,h2,patient fit,patient fit,Request a rep; View notice; Learn more,Highest-scoring short promotional candidate from captured page text,quote_extracted,200,no,,2026-05-15T00:19:12+00:00
675,https://www.gamunex-c.com/en/hcp/cidp,https://www.gamunex-c.com/en/hcp/cidp,GAMUNEX-C,"immune globulin injection (human), 10%",Grifols,The first response in the treatment of CIDP,8,h1,efficacy; differentiation,efficacy/outcome,Request a rep; View notice; Review efficacy data,Highest-scoring short promotional candidate from captured page text,quote_extracted,200,no,,2026-05-15T00:19:11+00:00
676,https://hcp.prolastin.com/en/home,https://hcp.prolastin.com/en/home,PROLASTIN-C,alpha1-proteinase inhibitor human,Grifols,The PROLASTIN DIRECT ® program: Benefits for patients beyond treatment,9,h2,patient fit,patient fit,Request a Rep; www.fda.gov/medwatch,Highest-scoring short promotional candidate from captured page text,quote_extracted,200,no,,2026-05-15T00:19:10+00:00
677,https://www.ilumya.com,https://www.ilumya.com/,ILUMYA,tildrakizumab-asmn,Sun Pharma,Plaque Psoriasis Treatment | ILUMYA® (tildrakizumab-asmn),5,title,positioning,brand positioning,,Highest-scoring short promotional candidate from captured page text,quote_extracted,200,no,,2026-05-15T00:19:10+00:00
678,https://www.haloghcp.com,https://www.haloghcp.com,HALOG,,,,,,,,,,no_quote_extracted,error,yes,"ConnectTimeout: HTTPSConnectionPool(host='www.haloghcp.com', port=443): Max retries exceeded with url: / (Caused by ConnectTimeoutError(<urllib3.connection.HTTPSConnection object at 0x112b65c10>, 'Connection to www.haloghcp.com timed ou",2026-05-15T00:19:29+00:00
679,https://www.levulanhcp.com,https://www.levulanhcp.com/,Levulan,,Sun Pharma,LEVULAN® KERASTICK® (aminolevulinic acid HCl) + BLU-U® Treatment for minimally to moderately thick actinic keratosis.,14,meta:og:description,positioning,brand positioning,,Highest-scoring short promotional candidate from captured page text,quote_extracted,200,no,,2026-05-15T00:19:10+00:00
680,https://www.ezallorsprinklerx.com,https://www.ezallorsprinklerx.com,,,,,,,,,,,no_quote_extracted,error,yes,"SSLError: HTTPSConnectionPool(host='www.ezallorsprinklerx.com', port=443): Max retries exceeded with url: / (Caused by SSLError(SSLCertVerificationError(1, '[SSL: CERTIFICATE_VERIFY_FAILED] certificate verify failed: self-signed c",2026-05-15T00:19:10+00:00
